archive,draw,n_clusters,raw_weighted_beta_variance,de_weighted_beta_variance,variance_reduction_fraction,raw_n_bins,de_n_bins,raw_n_unit_bin_pairs,de_n_unit_bin_pairs
CAMELS-US,0,18,0.5718133473889769,0.4105413202782419,0.2820361361747463,24,23,14016,8885
CAMELS-US,1,18,0.4914495813326818,0.3780329216568556,0.23077984799228046,24,24,17256,11865
CAMELS-US,2,18,0.4160073582501359,0.3156112159987949,0.24133261169619757,24,24,13488,8529
CAMELS-US,3,18,0.4772594463592491,0.382971563636278,0.19756106126812523,24,24,15480,10277
CAMELS-US,4,18,0.6260939854826609,0.4528784154634002,0.2766606516523673,24,24,13584,8355
CAMELS-US,5,18,0.528812276160879,0.43613893075308574,0.17524809764363247,24,24,15960,9998
CAMELS-US,6,18,0.5620675595887118,0.43891323712465297,0.21910946533576137,24,24,17688,10888
CAMELS-US,7,18,0.5458091509587886,0.41288593556136005,0.2435342374966244,24,24,15360,9533
CAMELS-US,8,18,0.5849038716690093,0.45994279769460344,0.21364377981946392,24,23,11088,6813
CAMELS-US,9,18,0.5367645125835272,0.3428125044973079,0.3613353780649535,24,24,13008,8160
CAMELS-US,10,18,0.4652323926475712,0.3327279503678229,0.2848134488780638,24,24,14976,9234
CAMELS-US,11,18,0.5982646541100843,0.4554323351973721,0.23874437162792883,24,24,15072,9930
CAMELS-US,12,18,0.491561485307222,0.3613097572106055,0.26497545472914785,24,23,10248,6283
CAMELS-US,13,18,0.43341618327499837,0.3535888038560238,0.1841818153068937,24,24,17448,11842
CAMELS-US,14,18,0.5174319605068894,0.42616293686157813,0.17638845415714532,24,23,13512,8211
CAMELS-US,15,18,0.5613137445880944,0.4223848625621555,0.2475066455532604,24,24,13920,8665
CAMELS-US,16,18,0.5401996867791613,0.4205549158111872,0.22148248859849118,24,24,15480,10366
CAMELS-US,17,18,0.4083444315808624,0.3074216445223144,0.24715112844281006,24,24,23040,14760
CAMELS-US,18,18,0.503798429704123,0.3739439052897761,0.2577509510909145,24,24,16632,10495
CAMELS-US,19,18,0.5434098353835298,0.4317760168151842,0.20543209066055335,24,23,16080,9494
CAMELS-US,20,18,0.46406734554179857,0.3700070044109195,0.2026868342159771,24,23,17592,10832
CAMELS-US,21,18,0.4588540500837553,0.33530130452574836,0.2692637136698579,24,24,21456,14027
CAMELS-US,22,18,0.5098155650213626,0.40852924875923824,0.19867246747925438,24,24,17352,11618
CAMELS-US,23,18,0.5054959898488226,0.3619032103651,0.28406314267036337,24,24,14472,9086
CAMELS-US,24,18,0.5788976317766722,0.4173137544077198,0.2791234036889072,24,23,12576,7667
CAMELS-US,25,18,0.6444797128368398,0.5229453845826793,0.18857743049691444,24,24,18168,11750
CAMELS-US,26,18,0.5924287885125333,0.42017492918579435,0.29075875897123926,24,24,16320,10347
CAMELS-US,27,18,0.5790010932652335,0.46342156968808773,0.199618834785516,24,24,15072,9838
CAMELS-US,28,18,0.4896253322320182,0.35659018844933843,0.27170804904277,24,24,13512,8679
CAMELS-US,29,18,0.4910651792423745,0.35486009192430923,0.2773666166438543,24,24,13848,8724
CAMELS-US,30,18,0.4840428488263007,0.3701127694483394,0.23537188836529077,24,24,13632,8549
CAMELS-US,31,18,0.5058803722830062,0.39612821063715264,0.2169527968648971,24,24,16104,10423
CAMELS-US,32,18,0.39852198336158096,0.30239531620114,0.2412079412774194,24,24,15024,9839
CAMELS-US,33,18,0.47501083453034737,0.3907084873399717,0.1774745775509038,24,24,14112,8704
CAMELS-US,34,18,0.5890033787599016,0.45339921484149037,0.23022646186498064,24,24,16416,10044
CAMELS-US,35,18,0.5373409743176928,0.41060080280431227,0.23586545149346416,24,24,19488,12821
CAMELS-US,36,18,0.5103785462483325,0.3512695711622069,0.311746989084272,24,23,14760,8466
CAMELS-US,37,18,0.5718812300962737,0.44666260865874324,0.21895913844986736,24,24,16104,10067
CAMELS-US,38,18,0.539468883546539,0.43280876864960055,0.19771319190041303,24,24,22056,14803
CAMELS-US,39,18,0.5860060504462027,0.4097017546326422,0.30085746670928926,24,24,16392,9876
CAMELS-US,40,18,0.4247302725589324,0.2870151328617945,0.3242414035322373,24,24,20472,13116
CAMELS-US,41,18,0.694574687611359,0.4879802796194026,0.2974401625582328,24,23,12264,7542
CAMELS-US,42,18,0.4611395313783671,0.2943773056949268,0.36163073069224927,24,24,14832,9119
CAMELS-US,43,18,0.4969136892254153,0.3713696895745463,0.252647496684114,24,24,16656,10473
CAMELS-US,44,18,0.6200651903505842,0.48639988401666595,0.21556653786409785,24,24,17280,11686
CAMELS-US,45,18,0.526295914164678,0.45233435740789935,0.140532264770036,24,24,17352,11168
CAMELS-US,46,18,0.49394114991868365,0.3146156194283964,0.36305039683332563,24,24,14952,9631
CAMELS-US,47,18,0.43604345722016785,0.29797200821258324,0.31664607442525927,24,23,14808,8324
CAMELS-US,48,18,0.42581219582005936,0.34690744042745325,0.1853041227263248,24,24,14568,9449
CAMELS-US,49,18,0.34144392091666415,0.26525012787212515,0.2231517047952818,24,24,18864,12322
CAMELS-US,50,18,0.3807783458974189,0.2433772587921852,0.3608427017597512,24,24,20904,12948
CAMELS-US,51,18,0.44209729604391457,0.3896375236249669,0.11866114741795819,24,24,18048,12509
CAMELS-US,52,18,0.5415835049194828,0.41471149853691924,0.234261208530392,24,24,16224,10320
CAMELS-US,53,18,0.5386782643662852,0.4458238317283344,0.1723745671215955,24,24,21168,14493
CAMELS-US,54,18,0.48830895585847206,0.35443926128144393,0.27414957880851965,24,24,19728,12793
CAMELS-US,55,18,0.41776071992154284,0.31950440725782303,0.2351975855513001,24,24,16464,11096
CAMELS-US,56,18,0.5073358510128774,0.417456165684342,0.17716013001859388,24,24,13560,8911
CAMELS-US,57,18,0.4791954518686087,0.3565054240333753,0.25603337293124795,24,24,17736,11347
CAMELS-US,58,18,0.41915096787415834,0.35721383487417147,0.14776807820370408,24,24,15408,10470
CAMELS-US,59,18,0.5494979857329764,0.43915873580016823,0.2008000989951335,24,24,13296,8934
CAMELS-US,60,18,0.4276318606945752,0.27626905138777863,0.35395587471183176,24,24,14160,8874
CAMELS-US,61,18,0.506618342432422,0.3857645508001337,0.2385499724546768,24,24,18552,12067
CAMELS-US,62,18,0.422616190800969,0.33467041149136545,0.20809846197071424,24,24,18864,12674
CAMELS-US,63,18,0.43541463510790057,0.32607754685637963,0.251110273829969,24,24,19200,12371
CAMELS-US,64,18,0.5530994757650198,0.4303295573224667,0.22196715748599083,24,23,14568,8860
CAMELS-US,65,18,0.4490666078128161,0.3311335942168258,0.2626180872596703,24,24,16776,11072
CAMELS-US,66,18,0.5706763869532886,0.4330958499723459,0.24108328314660765,24,24,15984,10599
CAMELS-US,67,18,0.4337122687648224,0.29167061844946984,0.3275020342861772,24,24,15432,10192
CAMELS-US,68,18,0.5107998216080221,0.38457929073554703,0.2471037097764185,24,24,18840,12166
CAMELS-US,69,18,0.6041691487896783,0.46299184207138594,0.23367182353006677,24,24,17928,11965
CAMELS-US,70,18,0.5524096427244019,0.3704076943493748,0.3294691734152586,24,24,13512,8655
CAMELS-US,71,18,0.37576511524205275,0.34123606081738084,0.09188999463781966,24,24,17760,12219
CAMELS-US,72,18,0.5532858996310795,0.4391481806042652,0.20629067016332636,24,24,17304,11176
CAMELS-US,73,18,0.6213335603761259,0.5275925055283789,0.15087074129876488,24,24,20136,13773
CAMELS-US,74,18,0.4799898505324935,0.35431032466242524,0.26183788205238356,24,24,17952,11752
CAMELS-US,75,18,0.5532475983686533,0.39605690278027916,0.28412359321916303,24,23,17640,10439
CAMELS-US,76,18,0.5230544900361687,0.3477007788002811,0.3352494139258073,24,24,11952,7481
CAMELS-US,77,18,0.41608936116249157,0.34565917895851195,0.1692669622871592,24,23,14880,9241
CAMELS-US,78,18,0.5367758477552779,0.37299600112979897,0.3051177643524452,24,24,16536,10184
CAMELS-US,79,18,0.4284932422637952,0.34676225517437004,0.190740434219284,24,23,16056,9383
CAMELS-US,80,18,0.5206508924718207,0.3834703334086345,0.26347896651422886,24,24,12984,7921
CAMELS-US,81,18,0.4203884671089824,0.33993458607602867,0.19137984822998655,24,24,14544,9212
CAMELS-US,82,18,0.6190800563636798,0.4948019833041517,0.20074636839297677,24,24,15624,10255
CAMELS-US,83,18,0.5289916450582601,0.42004755032836044,0.20594672098819478,24,24,19824,13374
CAMELS-US,84,18,0.4832425876812818,0.36503753689094026,0.24460809912784964,24,24,20760,13357
CAMELS-US,85,18,0.3254477053166995,0.2851182968066483,0.12391978143095483,24,24,14496,9429
CAMELS-US,86,18,0.4785162823087522,0.4169861104120032,0.1285853254561734,24,24,14592,10113
CAMELS-US,87,18,0.6030890297250192,0.47746359996536886,0.20830329116901658,24,23,15624,9245
CAMELS-US,88,18,0.40109512913307505,0.3096029440508516,0.22810594903003234,24,24,14856,9276
CAMELS-US,89,18,0.5472138977214501,0.41317633448724617,0.24494546610077783,24,23,13392,8154
CAMELS-US,90,18,0.5798940936218587,0.42201043361079865,0.27226292136373087,24,23,14520,8389
CAMELS-US,91,18,0.5972093662296096,0.46883475059119994,0.2149574720317654,24,24,13920,9194
CAMELS-US,92,18,0.5270496251907353,0.40749995954331103,0.22682810106194484,24,24,16728,10946
CAMELS-US,93,18,0.5792322590727542,0.42369943169618657,0.2685154787917846,24,24,16776,10520
CAMELS-US,94,18,0.5472353018416114,0.4138754772770087,0.24369740788981775,24,24,16584,10898
CAMELS-US,95,18,0.49369997917424036,0.38007890833982133,0.23014193969475338,24,24,19104,12481
CAMELS-US,96,18,0.5871152725803095,0.4148859496716672,0.2933483950293315,24,24,13056,7914
CAMELS-US,97,18,0.4563539326241324,0.3035075161433695,0.3349295482168049,24,23,16392,9403
CAMELS-US,98,18,0.6349582799384205,0.5146574549082102,0.18946256601595501,24,24,17568,11840
CAMELS-US,99,18,0.4604937230174672,0.3514384973110082,0.23682239356457502,24,24,15552,10170
CAMELS-US,100,18,0.43489495945319345,0.3339317654375107,0.23215535572687906,24,24,18360,11673
CAMELS-US,101,18,0.5345093333090232,0.44520192499160305,0.16708297264808958,24,24,17616,12096
CAMELS-US,102,18,0.49175555665340703,0.36549471194992184,0.2567552984306688,24,24,15072,9634
CAMELS-US,103,18,0.40832599878028586,0.35120324550854676,0.1398949698093459,24,24,14304,9425
CAMELS-US,104,18,0.41415091235947554,0.3121530320945395,0.24628191613496608,24,24,19776,12394
CAMELS-US,105,18,0.48394524560683877,0.3758470041014524,0.22336874364751236,24,23,15768,9341
CAMELS-US,106,18,0.505344013433532,0.38186466033845323,0.24434711763201689,24,24,18576,11887
CAMELS-US,107,18,0.4923265316583058,0.39271964902872647,0.20231873812299528,24,24,16272,10649
CAMELS-US,108,18,0.618831000315775,0.48962034905180607,0.20879796131421302,24,24,20184,12743
CAMELS-US,109,18,0.5415920876162523,0.43500284922157423,0.1968072297064325,24,24,17184,10278
CAMELS-US,110,18,0.6701238210418202,0.5101781864941997,0.2386807176902892,24,24,14352,9289
CAMELS-US,111,18,0.4351683354658387,0.3668675492402855,0.15695256446551575,24,24,18144,12131
CAMELS-US,112,18,0.3103435909591832,0.23963723690330374,0.2278324931323581,24,24,15816,10126
CAMELS-US,113,18,0.5311595032231031,0.37229414376034864,0.29909162595934236,24,24,12720,7968
CAMELS-US,114,18,0.4699653053897239,0.34333243183984674,0.26945153631046337,24,24,14448,9272
CAMELS-US,115,18,0.46825693630305076,0.37977838859677066,0.18895298893985368,24,24,13368,8824
CAMELS-US,116,18,0.49527262992383486,0.3901922633657946,0.21216671426846256,24,24,16728,10777
CAMELS-US,117,18,0.5192528828938944,0.38330589184513447,0.261812684199463,24,24,15792,9213
CAMELS-US,118,18,0.4371360062316743,0.33319104392395676,0.2377863201061241,24,24,16512,10098
CAMELS-US,119,18,0.4366753254382874,0.3328610105849132,0.2377379916054947,24,24,17232,11404
CAMELS-US,120,18,0.2546543345651038,0.23161132654129693,0.09048739760569746,24,23,14736,9239
CAMELS-US,121,18,0.5551483665416401,0.45241443288394373,0.18505671609499474,24,24,19944,12802
CAMELS-US,122,18,0.5054844235645066,0.3606672432361634,0.2864918750752813,24,24,15528,9940
CAMELS-US,123,18,0.5813745102186412,0.42922208009261115,0.2617115601934613,24,24,16272,10467
CAMELS-US,124,18,0.37477923591001727,0.28358951551536943,0.24331582877911107,24,24,15696,10050
CAMELS-US,125,18,0.4528659963742618,0.33013512872647743,0.271009235911711,24,24,17808,11408
CAMELS-US,126,18,0.5616047928659502,0.4370576625579887,0.2217700630231083,24,24,16848,10895
CAMELS-US,127,18,0.38050745399943897,0.28396414998925695,0.253722503975768,24,24,16728,10963
CAMELS-US,128,18,0.5766180114163297,0.42950785349618403,0.2551258458937198,24,24,15936,10069
CAMELS-US,129,18,0.5470577453819715,0.4165999528580211,0.23847170362766912,24,24,13968,8897
CAMELS-US,130,18,0.6010136351477829,0.3846784673452562,0.35995051551423163,24,22,7320,4045
CAMELS-US,131,18,0.4514697033460944,0.3421602523425024,0.2421191282459011,24,24,17760,11512
CAMELS-US,132,18,0.5144794194115032,0.37880231815147414,0.26371725698031967,24,24,17256,11558
CAMELS-US,133,18,0.6084542926819551,0.45385602631483374,0.25408361519758615,24,24,17112,11589
CAMELS-US,134,18,0.5455596751515737,0.37815072463954025,0.3068572662844298,24,24,14640,8896
CAMELS-US,135,18,0.5779172676815871,0.4652144006140665,0.19501557293771,24,24,20664,13072
CAMELS-US,136,18,0.5344532497033275,0.45024290511240767,0.15756353738641238,24,24,12744,8607
CAMELS-US,137,18,0.4165395004237692,0.2948517221251284,0.29213982869533606,24,23,12192,7323
CAMELS-US,138,18,0.4961524581719877,0.4003845749589753,0.19302107978232608,24,24,18000,12157
CAMELS-US,139,18,0.5635219480685368,0.41936142041886637,0.2558206084852215,24,24,13824,8477
CAMELS-US,140,18,0.6694410668702022,0.506345530367531,0.24362941649991976,24,23,12816,7736
CAMELS-US,141,18,0.44534340876980866,0.3960134083562913,0.11076845293339754,24,24,19392,13325
CAMELS-US,142,18,0.38326478550451853,0.2931575449293073,0.23510440818766254,24,24,19632,12585
CAMELS-US,143,18,0.5594850857842276,0.43028309470636145,0.23093017912490799,24,23,12960,7852
CAMELS-US,144,18,0.5679542356908174,0.4132750349294484,0.27234447960975006,24,24,15528,9439
CAMELS-US,145,18,0.49085118242543013,0.32665557642002635,0.33451199036349133,24,24,15360,9746
CAMELS-US,146,18,0.5288848933407418,0.43493248534111706,0.17764244958135833,24,24,15552,10652
CAMELS-US,147,18,0.4137189805000789,0.2609363941097262,0.36929073499523324,24,24,16920,10545
CAMELS-US,148,18,0.5481875040989549,0.45756641666461656,0.16531038514511642,24,24,16080,10153
CAMELS-US,149,18,0.49447754622049034,0.36057579520702493,0.27079440115518993,24,24,18048,11706
CAMELS-US,150,18,0.524574543681142,0.4422764901379682,0.15688533600135568,24,24,18312,12433
CAMELS-US,151,18,0.5297018086249725,0.4191444476861348,0.2087162232385581,24,24,21408,14736
CAMELS-US,152,18,0.48298610875084674,0.3072725577902571,0.36380663496728693,24,24,17088,10496
CAMELS-US,153,18,0.5253161220802368,0.40176811087330006,0.23518792973208236,24,24,16944,10926
CAMELS-US,154,18,0.5895053168583396,0.4239459187366451,0.28084462240987573,24,24,15552,9976
CAMELS-US,155,18,0.5866787973018075,0.44323936987417367,0.24449396856904604,24,24,16536,11040
CAMELS-US,156,18,0.6293438187962105,0.46293854964410086,0.26441074684804966,24,23,12864,7265
CAMELS-US,157,18,0.40940915080927,0.33849876029080544,0.17320177230601108,24,23,12888,7864
CAMELS-US,158,18,0.5124814332399394,0.4222063619214698,0.1761528622563846,24,24,19800,13554
CAMELS-US,159,18,0.4435020161391592,0.3271786051771661,0.2622838380186616,24,24,17472,10878
CAMELS-US,160,18,0.3924804476980429,0.3170458659619727,0.19219959154272637,24,24,20112,13015
CAMELS-US,161,18,0.5301204816903964,0.4088409004417659,0.22877739200324043,24,24,14616,9356
CAMELS-US,162,18,0.6960802598734913,0.4948326357795031,0.2891155455702247,24,24,14568,9679
CAMELS-US,163,18,0.4917521366444086,0.41846145735251034,0.14903987970853605,24,24,16800,11626
CAMELS-US,164,18,0.5927852787953736,0.4694086671987483,0.20813035682556857,24,24,15600,9674
CAMELS-US,165,18,0.5088226908261365,0.34651007977706694,0.31899640872056034,24,24,14208,8975
CAMELS-US,166,18,0.4678552724942739,0.3514650461465419,0.24877399740997153,24,23,12480,7563
CAMELS-US,167,18,0.4053956522426305,0.31917962183750564,0.2126713247371591,24,24,15288,9613
CAMELS-US,168,18,0.42751497395190424,0.26732909794049686,0.37469067932443556,24,24,13152,8079
CAMELS-US,169,18,0.472930935087184,0.3751029637644938,0.20685466748893422,24,24,18672,12204
CAMELS-US,170,18,0.3686884054438471,0.2753007111287191,0.253297073995866,24,24,19200,12410
CAMELS-US,171,18,0.42988806744157093,0.29943913597979016,0.30344859823193626,24,24,15336,9322
CAMELS-US,172,18,0.48464988047481644,0.3482636540255384,0.2814118644074751,24,24,15864,9815
CAMELS-US,173,18,0.45604542235940115,0.3347148974143451,0.2660492113205286,24,23,14568,8798
CAMELS-US,174,18,0.5154860074398581,0.4052529891459044,0.21384289137433976,24,23,14136,8820
CAMELS-US,175,18,0.45776031815952556,0.35475704014199155,0.2250157428054702,24,23,14808,8847
CAMELS-US,176,18,0.6047709371018417,0.47073040765998403,0.22163851008482838,24,23,16704,9802
CAMELS-US,177,18,0.5858215772756844,0.4710615151316815,0.19589592906032116,24,24,17880,11346
CAMELS-US,178,18,0.31108317982925904,0.24937842936106003,0.19835450602654325,24,24,17184,11082
CAMELS-US,179,18,0.499101860187122,0.3450098738103743,0.3087385535268812,24,23,15120,8766
CAMELS-US,180,18,0.5968647110145145,0.4858981270393788,0.18591580625787285,24,24,14616,9344
CAMELS-US,181,18,0.5785046433423753,0.41279560620220584,0.28644374603938694,24,24,18456,11889
CAMELS-US,182,18,0.5596236656983673,0.44299692381230654,0.2084020906094447,24,24,18384,12349
CAMELS-US,183,18,0.4949144124639732,0.3963530592726376,0.19914827838744809,24,24,18336,12297
CAMELS-US,184,18,0.5964689156804361,0.4468861254785096,0.2507805289925066,24,24,17664,11297
CAMELS-US,185,18,0.5594900698301799,0.45590723782677106,0.18513792753256364,24,24,18648,11975
CAMELS-US,186,18,0.5201038663440563,0.38972160268762623,0.25068504983998763,24,24,18744,11179
CAMELS-US,187,18,0.4349789986601896,0.29066704514950276,0.3317676346563686,24,24,15696,9870
CAMELS-US,188,18,0.5763258069033973,0.46291661297611364,0.19677965582806722,24,24,14880,9652
CAMELS-US,189,18,0.4883173828103874,0.37719395231456054,0.22756394592443951,24,23,16680,9515
CAMELS-US,190,18,0.45753468905173195,0.3249986479455287,0.28967430072000033,24,24,16464,10569
CAMELS-US,191,18,0.6670256219304609,0.48106072704473685,0.2787972287294106,24,24,12648,7873
CAMELS-US,192,18,0.4819832130182947,0.3813258211032159,0.2088400367405704,24,24,21288,14547
CAMELS-US,193,18,0.5296872935884415,0.37148176085206075,0.2986772283408857,24,24,19632,12169
CAMELS-US,194,18,0.5285345132933271,0.43626045033920874,0.17458474448367378,24,24,21816,14039
CAMELS-US,195,18,0.5627710355987696,0.4112427058956589,0.2692539596354485,24,24,14256,9157
CAMELS-US,196,18,0.5104909951864153,0.35210788109423397,0.31025643074143705,24,24,16008,10509
CAMELS-US,197,18,0.5695573644429925,0.42467811262053445,0.2543716592342634,24,24,14976,9874
CAMELS-US,198,18,0.7066380942323423,0.5422925737682271,0.23257381933626464,24,24,16248,10583
CAMELS-US,199,18,0.625567061370739,0.4684249735195007,0.25119942777503257,24,24,14208,9067
CAMELS-US,200,18,0.5241749514746192,0.40141193071667525,0.23420237921057585,24,24,20448,12853
CAMELS-US,201,18,0.46622586216048784,0.36013703012493187,0.2275481491823318,24,24,17592,11435
CAMELS-US,202,18,0.5305993142365502,0.4113352395577095,0.2247723875226697,24,24,12432,7810
CAMELS-US,203,18,0.4042713026883749,0.31314102344049405,0.22541862022327852,24,24,14640,9414
CAMELS-US,204,18,0.6214261930962189,0.4941995687542863,0.2047332824965642,24,23,17280,10357
CAMELS-US,205,18,0.565711339247672,0.44750085871064865,0.20895900848342386,24,24,15048,9787
CAMELS-US,206,18,0.5808975079343296,0.43560023051415553,0.25012549621163105,24,24,17328,10548
CAMELS-US,207,18,0.43662673468330093,0.3198251582900131,0.2675089890636396,24,24,17544,11503
CAMELS-US,208,18,0.4393102889320138,0.293538500441388,0.33181965495277743,24,24,12840,7974
CAMELS-US,209,18,0.4020715232652649,0.2984553413151949,0.2577058457375746,24,24,14952,9813
CAMELS-US,210,18,0.4775248763148942,0.35126130607678674,0.2644125500068094,24,24,24312,15693
CAMELS-US,211,18,0.4499358891341123,0.3951341745165579,0.12179894056244012,24,24,17544,11919
CAMELS-US,212,18,0.585096422801695,0.4605876100949684,0.21280050236937786,24,24,18744,12789
CAMELS-US,213,18,0.4385640078807565,0.36417392643228697,0.1696219482486485,24,24,14736,9723
CAMELS-US,214,18,0.6379289067972582,0.47658431500681514,0.25291939285284715,24,24,18384,11864
CAMELS-US,215,18,0.6655541868538459,0.5277300366884303,0.2070817867090985,24,24,15408,9620
CAMELS-US,216,18,0.5029879430217021,0.3553984288469505,0.2934255506963189,24,23,15168,9043
CAMELS-US,217,18,0.4657210486242544,0.36363093597169677,0.21920871507554374,24,24,17784,12099
CAMELS-US,218,18,0.46496055384578894,0.33855481947470367,0.27186335125755545,24,23,12048,7029
CAMELS-US,219,18,0.6470332570718332,0.4939128127061906,0.23665003721538735,24,23,11976,7174
CAMELS-US,220,18,0.5282044074584566,0.4123804658338943,0.21927863529550706,24,24,20376,11776
CAMELS-US,221,18,0.4529598715338507,0.3617831137566384,0.2012910271023831,24,24,14208,9080
CAMELS-US,222,18,0.3922352511155976,0.3017762393420736,0.23062438043556766,24,24,16848,10671
CAMELS-US,223,18,0.5396159332279022,0.4411919213191978,0.18239641539112206,24,24,16896,10219
CAMELS-US,224,18,0.44602395243760196,0.37075699113987953,0.16875094013757508,24,24,15792,10378
CAMELS-US,225,18,0.575366784838557,0.45761504185619895,0.20465509321223363,24,24,13992,9098
CAMELS-US,226,18,0.531054902650707,0.4267264900762116,0.19645504081357812,24,24,17088,11181
CAMELS-US,227,18,0.42972408413976376,0.33519198218444424,0.21998325307867506,24,24,16032,10212
CAMELS-US,228,18,0.3773205921384901,0.3186582546569018,0.15547080838900296,24,24,18744,12615
CAMELS-US,229,18,0.33270679489267596,0.27530070742390017,0.17254257607601242,24,24,15600,9719
CAMELS-US,230,18,0.47647562590350345,0.33760807058397113,0.2914473433057748,24,24,19368,12248
CAMELS-US,231,18,0.546696067498242,0.38449211228512353,0.2966985951726093,24,24,13896,9089
CAMELS-US,232,18,0.5317227430783453,0.3861691611703862,0.27373962051217526,24,24,16416,9948
CAMELS-US,233,18,0.6062120294248332,0.4707577413454953,0.2234437482341869,24,24,20856,13606
CAMELS-US,234,18,0.5068539729340684,0.38108599142681143,0.24813454806167,24,24,15504,9808
CAMELS-US,235,18,0.44970423041092383,0.3734087972221907,0.16965691676730954,24,23,17712,10966
CAMELS-US,236,18,0.4682731062273186,0.3255706621567443,0.3047419169985406,24,24,13560,8807
CAMELS-US,237,18,0.3777530934750743,0.2675291848491475,0.2917882355692736,24,24,17880,11906
CAMELS-US,238,18,0.31195873503861077,0.24603323692995852,0.21132762350922063,24,24,15792,10249
CAMELS-US,239,18,0.44588499941445037,0.346799338254411,0.22222245935647456,24,24,15600,9891
CAMELS-US,240,18,0.4816400383310183,0.3930548892337003,0.18392397235969782,24,24,21432,13712
CAMELS-US,241,18,0.5458873782346872,0.4100031172805566,0.24892361752997239,24,24,16728,10628
CAMELS-US,242,18,0.4609609572992033,0.298816520621705,0.35175308040731224,24,24,16296,10204
CAMELS-US,243,18,0.5351444755061461,0.38677470443041717,0.277251803702914,24,24,17544,10490
CAMELS-US,244,18,0.39687624327832793,0.2806801678964609,0.2927765956008084,24,23,15024,8917
CAMELS-US,245,18,0.39263620945429745,0.32222093794295037,0.1793397292858273,24,24,17400,10997
CAMELS-US,246,18,0.5069182936857969,0.37296110139984084,0.2642579562713251,24,23,16800,9988
CAMELS-US,247,18,0.46138536377798123,0.35497504055539,0.2306322037423708,24,24,18336,11710
CAMELS-US,248,18,0.6004433790757892,0.45939553010624484,0.23490616082176996,24,24,17448,11274
CAMELS-US,249,18,0.5518825273787288,0.42966405067450864,0.2214574128387795,24,24,14688,9698
CAMELS-US,250,18,0.6333427708377094,0.464613085708121,0.2664113224287903,24,24,16704,10267
CAMELS-US,251,18,0.5396435057782527,0.404255859100504,0.2508834910975125,24,24,16632,10759
CAMELS-US,252,18,0.4404194784632827,0.33831191717601977,0.23184161073787646,24,24,20016,13095
CAMELS-US,253,18,0.4507361192156766,0.3287547220309111,0.27062707421145793,24,23,14616,8793
CAMELS-US,254,18,0.510803140268496,0.4206739202655771,0.17644609615270546,24,24,13728,8645
CAMELS-US,255,18,0.509112016283964,0.3437315551135416,0.32484100920961023,24,24,13152,8231
CAMELS-US,256,18,0.5985599012729717,0.43449638777406285,0.27409706722750893,24,23,13344,7904
CAMELS-US,257,18,0.5721036873554757,0.42251681718618245,0.26146811054610053,24,24,15120,9064
CAMELS-US,258,18,0.4930318110301518,0.3981197994863621,0.192506871606273,24,24,16440,10667
CAMELS-US,259,18,0.55864681753884,0.40321609941910425,0.2782271611328555,24,24,15528,9539
CAMELS-US,260,18,0.4975988688582447,0.3981410036141337,0.19987558547373718,24,24,17520,10925
CAMELS-US,261,18,0.6344228997699153,0.47052865566971996,0.2583359525005079,24,24,16176,10285
CAMELS-US,262,18,0.5258202159171872,0.3912936852073482,0.25584130590183685,24,24,15648,9594
CAMELS-US,263,18,0.4913217555540236,0.3449859165075837,0.2978411547875157,24,23,9168,5375
CAMELS-US,264,18,0.3771086048678207,0.2678329080837822,0.28977248297566816,24,24,16200,9933
CAMELS-US,265,18,0.5323528722442299,0.4398008540565525,0.17385464231179515,24,24,16944,11348
CAMELS-US,266,18,0.44754503953118796,0.32273170015688374,0.2788844213423717,24,24,16416,10829
CAMELS-US,267,18,0.6643060010159823,0.5161860833224519,0.2229694108844379,24,23,11256,6581
CAMELS-US,268,18,0.6678271888675003,0.5374123063118627,0.19528237952814542,24,24,14880,9719
CAMELS-US,269,18,0.4898885257995727,0.36571339571555345,0.2534762982687674,24,23,15528,9043
CAMELS-US,270,18,0.5052907460056023,0.3836464189007918,0.24074125256879686,24,24,20640,13547
CAMELS-US,271,18,0.4938191177874848,0.33451777518107845,0.3225904726413644,24,23,13080,7826
CAMELS-US,272,18,0.47147905392443523,0.34101757633300117,0.2767068367205626,24,23,14544,8275
CAMELS-US,273,18,0.530336654227919,0.42533632972749114,0.1979880584593774,24,24,15600,9959
CAMELS-US,274,18,0.5165853188563826,0.4233002120416505,0.18058025152795043,24,24,20616,13672
CAMELS-US,275,18,0.5338323433787534,0.42974237427392403,0.19498625438469852,24,24,13320,8656
CAMELS-US,276,18,0.5403876503836861,0.3875677057652074,0.28279688573558903,24,23,15648,8903
CAMELS-US,277,18,0.5011757219981678,0.40388665635459614,0.19412166506327166,24,24,16416,10339
CAMELS-US,278,18,0.6044631141289226,0.4065306152299108,0.3274517406810631,24,23,11568,6639
CAMELS-US,279,18,0.6556530993075846,0.494897822915634,0.24518343093584005,24,24,14784,9396
CAMELS-US,280,18,0.46793873200192687,0.34830600532045336,0.25565895383282977,24,24,15792,10025
CAMELS-US,281,18,0.4476318727170644,0.31913251270809995,0.28706481339005385,24,23,13392,7930
CAMELS-US,282,18,0.5564482420332741,0.40296169226099127,0.27583257197729594,24,24,14424,8793
CAMELS-US,283,18,0.3725609370296848,0.2951740988246365,0.2077159211108659,24,23,14424,8564
CAMELS-US,284,18,0.6269150198829528,0.5001137099777861,0.20226235755021615,24,24,19224,12386
CAMELS-US,285,18,0.45739009796060937,0.32448368004124173,0.29057563447911283,24,24,20400,13161
CAMELS-US,286,18,0.6358084729835765,0.4880370561291162,0.23241498522508264,24,23,14856,8922
CAMELS-US,287,18,0.37195058345326826,0.3198307899530006,0.14012558608290482,24,24,14328,9675
CAMELS-US,288,18,0.37368805126742244,0.3031397084789284,0.1887893994716131,24,24,23472,15758
CAMELS-US,289,18,0.4195242462613826,0.26570878660023045,0.3666425982094922,24,24,18576,11493
CAMELS-US,290,18,0.5070239890373709,0.35328278442832617,0.30322274277581174,24,24,16704,10488
CAMELS-US,291,18,0.5150399099832123,0.3738992562730561,0.2740382851394111,24,24,17400,10776
CAMELS-US,292,18,0.43738574078474934,0.33863610891146767,0.2257724078889881,24,24,14832,9381
CAMELS-US,293,18,0.5372748949115737,0.4122357274628813,0.23272847593087653,24,24,13128,8250
CAMELS-US,294,18,0.7155532472049856,0.4735532523056645,0.3381998416534263,24,23,8856,5114
CAMELS-US,295,18,0.5010371668728556,0.3705633586182929,0.2604074445592417,24,24,18144,11494
CAMELS-US,296,18,0.6215438083169689,0.4692705113657118,0.24499205834514926,24,24,15168,9702
CAMELS-US,297,18,0.5431532525808742,0.37558559737509184,0.30850897865300353,24,24,13752,8398
CAMELS-US,298,18,0.5024228646188634,0.37137664754194943,0.2608285297213241,24,23,15984,9029
CAMELS-US,299,18,0.47356443755885236,0.36571524806068423,0.22773920705303197,24,24,19920,13201
CAMELS-US,300,18,0.5215245110060511,0.3987016438088532,0.23550737233858,24,24,14592,9414
CAMELS-US,301,18,0.5107341754695247,0.41607434451580577,0.18534070265945468,24,24,18432,12130
CAMELS-US,302,18,0.45007751683969416,0.32050773594608994,0.287883255763148,24,24,13800,8619
CAMELS-US,303,18,0.6860892262744078,0.5226122698014758,0.2382736096304009,24,24,13704,9112
CAMELS-US,304,18,0.6977319015238188,0.5544013672483423,0.20542350717008684,24,24,14568,9648
CAMELS-US,305,18,0.4356571873399082,0.31983285721395477,0.26586117133328746,24,24,14352,8783
CAMELS-US,306,18,0.5388641458676262,0.44830029634022445,0.1680643446440192,24,24,22368,15371
CAMELS-US,307,18,0.5106764147893639,0.3944116519755032,0.22766816607697815,24,24,17424,11506
CAMELS-US,308,18,0.5499079824233588,0.40398081660616303,0.2653665167290671,24,23,12744,7594
CAMELS-US,309,18,0.5465306201346442,0.38389396060910064,0.29758014196071225,24,24,11928,7538
CAMELS-US,310,18,0.4767299825403275,0.3456668470990048,0.27492110889047305,24,24,17688,11218
CAMELS-US,311,18,0.394070606191903,0.30964297223540294,0.21424494146459072,24,24,16440,10489
CAMELS-US,312,18,0.44994538729357436,0.32208525889053446,0.28416810576083407,24,24,15984,10269
CAMELS-US,313,18,0.5586156120566453,0.47135066419819033,0.15621645005081974,24,24,15744,10571
CAMELS-US,314,18,0.5839964806020599,0.36271580209219784,0.37890755485672967,24,24,10680,6610
CAMELS-US,315,18,0.5117433866470846,0.3977968280484138,0.22266347073919723,24,24,20856,13528
CAMELS-US,316,18,0.5374325330318449,0.35346039953025005,0.3423167043195984,24,23,12600,7420
CAMELS-US,317,18,0.5532244327219316,0.4476979937009495,0.19074797275633537,24,24,16464,11065
CAMELS-US,318,18,0.5177706429864072,0.405365636078315,0.21709420653855627,24,24,24384,16041
CAMELS-US,319,18,0.5562852678125386,0.4087692578928052,0.26518050801489945,24,24,12528,8061
CAMELS-US,320,18,0.5238497173737139,0.3849747664859653,0.26510456392720616,24,23,12072,7742
CAMELS-US,321,18,0.5721719962110979,0.400129351230857,0.30068344155166804,24,24,15912,10166
CAMELS-US,322,18,0.4227760675818431,0.3546483938628914,0.16114363830626066,24,24,14544,9679
CAMELS-US,323,18,0.5164992900757741,0.4013559740312582,0.22293025035450398,24,24,21264,13948
CAMELS-US,324,18,0.606674217498799,0.44116194409677356,0.2728190330625895,24,24,13056,8444
CAMELS-US,325,18,0.5227390930440129,0.40334005595000844,0.2284103842295787,24,22,12384,7064
CAMELS-US,326,18,0.39323421237926476,0.2770833233979764,0.2953733050807483,24,24,18072,11116
CAMELS-US,327,18,0.45968677017430226,0.3559222519806239,0.22572874602054205,24,24,16224,10762
CAMELS-US,328,18,0.5255074533825589,0.4203844879197169,0.20004086485584938,24,24,15792,10188
CAMELS-US,329,18,0.5241968768106899,0.3835237065190969,0.2683594208868134,24,24,20568,12469
CAMELS-US,330,18,0.5833731096860373,0.4716094694386698,0.19158174827001706,24,22,12792,7442
CAMELS-US,331,18,0.6381576999752144,0.445623849664935,0.3017026203989348,24,24,12672,7647
CAMELS-US,332,18,0.4764644452693545,0.35775047844768043,0.24915598215216828,24,24,16296,10078
CAMELS-US,333,18,0.463195618709413,0.3699517313716504,0.2013056332388572,24,24,17112,10981
CAMELS-US,334,18,0.5166053876625293,0.40990196210221225,0.20654725658808015,24,24,19728,12756
CAMELS-US,335,18,0.6955869374332977,0.4691161239748531,0.3255823266234952,24,23,10728,6384
CAMELS-US,336,18,0.4856945591528935,0.36520309205535806,0.24808074298317495,24,24,16464,10305
CAMELS-US,337,18,0.4083996422273118,0.32087370807497584,0.21431442416303526,24,24,12024,7558
CAMELS-US,338,18,0.6064018038764346,0.47949887815699954,0.2092720122338123,24,23,9744,6304
CAMELS-US,339,18,0.5685516340105881,0.46777477946399854,0.17725189502263006,24,24,18192,12477
CAMELS-US,340,18,0.4524831463877702,0.34015433926492344,0.2482497039272772,24,24,18168,11396
CAMELS-US,341,18,0.43296619616201126,0.32359760158877876,0.25260307973860374,24,24,16248,10432
CAMELS-US,342,18,0.5590690802584287,0.40668364159457804,0.27256996325643834,24,24,14328,9025
CAMELS-US,343,18,0.46930436404225273,0.3808495756376003,0.1884806432285565,24,24,16368,10576
CAMELS-US,344,18,0.4343137000968336,0.29846163190444674,0.31279710532294425,24,23,11544,6949
CAMELS-US,345,18,0.5421923356449723,0.37369639950145567,0.3107678310190054,24,24,14400,9266
CAMELS-US,346,18,0.6614352283450288,0.42986089866938393,0.3501088538254379,24,23,10896,6468
CAMELS-US,347,18,0.4355281535897302,0.3421382330905452,0.2144291241092965,24,24,18576,12017
CAMELS-US,348,18,0.5183506809775859,0.4111692955893437,0.20677388748887715,24,24,19440,12804
CAMELS-US,349,18,0.4084285609630896,0.30616159461374753,0.25039131961827743,24,24,17616,10792
CAMELS-US,350,18,0.5155925623147958,0.41101171793502106,0.20283621608164848,24,24,16416,10785
CAMELS-US,351,18,0.5527518456209921,0.3641899268495682,0.34113304236837594,24,24,12888,7742
CAMELS-US,352,18,0.46963453291618185,0.3628190822262482,0.22744377426137352,24,24,17232,11330
CAMELS-US,353,18,0.49703614084101705,0.38251653903430477,0.2304049794305456,24,24,15984,9991
CAMELS-US,354,18,0.4692300030575744,0.32891464539577137,0.2990332177130335,24,24,18096,10934
CAMELS-US,355,18,0.5515349836812607,0.4293426654382306,0.2215495333178117,24,24,19752,12153
CAMELS-US,356,18,0.4465203097057786,0.29189938029612694,0.3462797235618119,24,24,15336,10051
CAMELS-US,357,18,0.4743358486087877,0.34971093166033534,0.2627356066676667,24,24,16512,10688
CAMELS-US,358,18,0.5432320260116809,0.40660417465075793,0.25150919831443275,24,23,15240,8799
CAMELS-US,359,18,0.49136410775703454,0.3848761286131953,0.21671908359349368,24,24,26088,17087
CAMELS-US,360,18,0.4978736966855817,0.4001036833866336,0.19637513278933472,24,24,20400,13401
CAMELS-US,361,18,0.4932893270336763,0.3351084127419903,0.32066559242804604,24,23,15312,9115
CAMELS-US,362,18,0.4471783672319833,0.3121347136098215,0.30199057807307805,24,24,16392,10290
CAMELS-US,363,18,0.5840702951971336,0.4349313182818888,0.25534422507295607,24,24,13344,8476
CAMELS-US,364,18,0.6003253232788573,0.4089903749293934,0.3187187695238818,24,24,15792,10002
CAMELS-US,365,18,0.5873061132667677,0.47773447415458326,0.1865664883049064,24,24,18408,11343
CAMELS-US,366,18,0.5052003960546799,0.40091978907097287,0.20641434131500624,24,24,20304,13737
CAMELS-US,367,18,0.46707262892940227,0.3394762253827216,0.27318321743483454,24,24,17544,10193
CAMELS-US,368,18,0.41000869482635316,0.3068666690507921,0.25156058170728257,24,24,14472,8838
CAMELS-US,369,18,0.48008409367810034,0.35856549205562366,0.2531194080842756,24,24,12864,8483
CAMELS-US,370,18,0.47985201587580495,0.31283702569189964,0.348055201725217,24,24,15120,9289
CAMELS-US,371,18,0.531319414692486,0.42991448814198746,0.19085492407460602,24,23,13104,8121
CAMELS-US,372,18,0.4634812945382806,0.322562346989775,0.30404451961516343,24,24,16680,10485
CAMELS-US,373,18,0.4885958156948173,0.3546206460500957,0.2742044965207072,24,23,11808,7107
CAMELS-US,374,18,0.457741619604969,0.36565275061349917,0.20118089561299346,24,24,19224,12567
CAMELS-US,375,18,0.3989985539787789,0.2827847536892965,0.2912637129398302,24,24,16560,10163
CAMELS-US,376,18,0.6486390989633523,0.42342413467270723,0.3472115150791574,24,23,11160,6300
CAMELS-US,377,18,0.37843837137489883,0.2816084977374663,0.2558669547319986,24,24,13248,8466
CAMELS-US,378,18,0.6528963195031987,0.509916159719299,0.218993667926779,24,24,17616,11990
CAMELS-US,379,18,0.4696714170970357,0.34445627267126355,0.26660158542264933,24,24,17664,10846
CAMELS-US,380,18,0.3862206358554764,0.3039005511211795,0.21314263685563672,24,23,13896,8072
CAMELS-US,381,18,0.5154336736191211,0.41386949466468487,0.1970460684908354,24,24,16272,10005
CAMELS-US,382,18,0.499648389869619,0.38594308413638934,0.2275706437539018,24,24,17736,10853
CAMELS-US,383,18,0.5251107100999479,0.3733241611524404,0.2890562809481013,24,24,11280,7124
CAMELS-US,384,18,0.46662007999941674,0.33209119752103156,0.2883049578118313,24,24,17520,10995
CAMELS-US,385,18,0.5073295890731292,0.3841938913888983,0.24271341616244946,24,23,13632,8133
CAMELS-US,386,18,0.47412451855062016,0.3509976713803426,0.25969306026752514,24,24,13920,8337
CAMELS-US,387,18,0.4860801413954719,0.4016181497023066,0.17376145310254,24,24,18024,11767
CAMELS-US,388,18,0.5146700625007601,0.36602451213283016,0.28881716889781284,24,24,13416,8081
CAMELS-US,389,18,0.45966077110000336,0.35387664116638956,0.23013521401981796,24,23,14520,8322
CAMELS-US,390,18,0.4927873650607538,0.39222574648590797,0.20406695809347308,24,24,18960,12623
CAMELS-US,391,18,0.5804734336772621,0.45260239696489696,0.22028749171570228,24,24,13920,9060
CAMELS-US,392,18,0.5215362771188709,0.4067269380904461,0.22013682281636737,24,24,15624,9760
CAMELS-US,393,18,0.4947108065033711,0.3449815417731339,0.3026601860358127,24,24,15576,9740
CAMELS-US,394,18,0.448061393786717,0.35684933986284306,0.2035704374193239,24,24,17880,11970
CAMELS-US,395,18,0.6094153060515672,0.4692442122386739,0.23000914552190854,24,24,15072,9864
CAMELS-US,396,18,0.619156258856089,0.4510900178142451,0.27144398306229134,24,23,12120,7228
CAMELS-US,397,18,0.48921315208042365,0.3626191640844797,0.2587706145216895,24,24,18144,10990
CAMELS-US,398,18,0.3813328901022107,0.2823580074980375,0.25954981899842,24,24,15456,9892
CAMELS-US,399,18,0.46480228654930245,0.38208114782377334,0.17797059334551002,24,24,12312,7892
CAMELS-US,400,18,0.5954895228012819,0.47376445660478883,0.2044117680255365,24,24,16344,10194
CAMELS-US,401,18,0.48867098867868825,0.37086044173131577,0.24108357090303034,24,24,16824,10893
CAMELS-US,402,18,0.39695062512002793,0.3206637602473655,0.19218225150696067,24,24,20424,13375
CAMELS-US,403,18,0.4546508519702976,0.332727445214876,0.2681693132808357,24,24,14928,9548
CAMELS-US,404,18,0.5049128474352075,0.3575301988996071,0.2918972042091148,24,24,13008,8372
CAMELS-US,405,18,0.4778377877478221,0.36752891684995465,0.23085003682480365,24,24,16752,10969
CAMELS-US,406,18,0.49650881027156635,0.38680423020672144,0.22095193034911464,24,24,15312,10122
CAMELS-US,407,18,0.5809902302296127,0.4711050294828986,0.18913433484636466,24,24,17112,11096
CAMELS-US,408,18,0.39483454354792685,0.3007954946531035,0.2381733068484887,24,24,20112,13218
CAMELS-US,409,18,0.41616618168063363,0.3621123967092159,0.12988509722997787,24,24,16104,10927
CAMELS-US,410,18,0.5135519814973901,0.36803929995278434,0.2833455751067826,24,24,17040,10974
CAMELS-US,411,18,0.5141814921867448,0.37695994546143624,0.26687375724420526,24,24,18336,11120
CAMELS-US,412,18,0.5933527953968815,0.43183788955995484,0.272207204701703,24,23,14088,7912
CAMELS-US,413,18,0.5152445863250668,0.3527057017447193,0.3154596649712337,24,24,16824,10495
CAMELS-US,414,18,0.5900320250724636,0.467530499694805,0.20761843454618212,24,24,17856,11408
CAMELS-US,415,18,0.5531878320452998,0.3652579392202576,0.33972166764805634,24,24,13056,8453
CAMELS-US,416,18,0.432263023728051,0.32914335629952696,0.2385576877225556,24,24,17352,10814
CAMELS-US,417,18,0.5555817866392145,0.4122680870710193,0.25795247975121394,24,23,10992,6610
CAMELS-US,418,18,0.4812763961157621,0.38911585213249683,0.19149192590175934,24,24,17832,11726
CAMELS-US,419,18,0.4727781276971215,0.31762355455853214,0.32817629253353897,24,24,15576,9470
CAMELS-US,420,18,0.5040090098375624,0.3774277051700256,0.2511488925730371,24,24,18696,11519
CAMELS-US,421,18,0.4645184913540488,0.3548360456888595,0.2361207308356451,24,24,12912,7754
CAMELS-US,422,18,0.5696279082764278,0.45857833866177256,0.19495106893668102,24,24,18072,12054
CAMELS-US,423,18,0.4084868884617817,0.3420211560865597,0.16271203373383325,24,24,16488,10498
CAMELS-US,424,18,0.41649449174233566,0.3146617126126066,0.24449970203382165,24,24,15744,10217
CAMELS-US,425,18,0.43843784405209846,0.38032933171572897,0.1325353482247864,24,24,13752,9271
CAMELS-US,426,18,0.49834325380717076,0.42134127802437615,0.15451593895277205,24,24,15480,9838
CAMELS-US,427,18,0.44183575977460593,0.36117276929212827,0.1825632912184979,24,24,14016,9130
CAMELS-US,428,18,0.45819185742766416,0.31558870029175723,0.3112302299226696,24,23,13776,7944
CAMELS-US,429,18,0.5633390680865352,0.43087860730963945,0.2351345189440125,24,24,16800,11131
CAMELS-US,430,18,0.4227171317862524,0.3134997879946361,0.2583698070861301,24,24,15888,10441
CAMELS-US,431,18,0.5463775160786658,0.38736774147907405,0.29102547216949903,24,24,15576,9809
CAMELS-US,432,18,0.525849689310566,0.39872990851729734,0.24174166758552917,24,24,14424,9206
CAMELS-US,433,18,0.5848419105607301,0.45284692522886655,0.2256934445845552,24,23,12408,7833
CAMELS-US,434,18,0.40680969709587766,0.28057690854534206,0.31029935975391665,24,24,17712,11458
CAMELS-US,435,18,0.4172248576700487,0.29285183661454023,0.2980959038492035,24,24,12336,7779
CAMELS-US,436,18,0.4861457547788217,0.372944370914113,0.23285482337742758,24,24,23160,14927
CAMELS-US,437,18,0.49268274558536346,0.3828116392321388,0.2230057929523901,24,24,17352,10924
CAMELS-US,438,18,0.5339134736797566,0.41946011580563247,0.21436686563705964,24,24,13824,8941
CAMELS-US,439,18,0.628048888526543,0.4707213782570746,0.25050201209426914,24,24,14520,8908
CAMELS-US,440,18,0.49788435570532996,0.38699907150437407,0.22271293108591406,24,24,20256,12906
CAMELS-US,441,18,0.47299786082823847,0.3572158986161216,0.24478326817245633,24,23,13152,8161
CAMELS-US,442,18,0.5009420009808974,0.3901167897122922,0.22123361796694563,24,24,12744,8135
CAMELS-US,443,18,0.5588287275163307,0.4242928152148817,0.24074623525419503,24,23,11304,6971
CAMELS-US,444,18,0.5880306818581456,0.4498105119187384,0.23505605099148708,24,24,19944,12468
CAMELS-US,445,18,0.507197591627968,0.4211829141447962,0.16958810314356532,24,24,16776,11197
CAMELS-US,446,18,0.5116494059577258,0.35009729535912437,0.315747675493147,24,23,10632,6330
CAMELS-US,447,18,0.5355432343916194,0.37321051437510266,0.3031178616249868,24,24,16344,10149
CAMELS-US,448,18,0.499613250827691,0.407554499251063,0.18426002797987762,24,24,14952,9473
CAMELS-US,449,18,0.5682911951684758,0.4160785581578806,0.26784268048613746,24,24,21816,13716
CAMELS-US,450,18,0.4555308134429369,0.35252294377172233,0.22612711726935253,24,24,14304,9640
CAMELS-US,451,18,0.4601328587570736,0.3883585665875512,0.1559860175241593,24,24,18816,12360
CAMELS-US,452,18,0.4514409473150481,0.35606928078280936,0.2112605582179976,24,24,20952,13425
CAMELS-US,453,18,0.5298116148128857,0.403849869521845,0.23774817646367918,24,24,15168,9976
CAMELS-US,454,18,0.4879078032060275,0.30561905115137905,0.37361311062629976,24,24,15048,8983
CAMELS-US,455,18,0.45601156111883323,0.3060135784235807,0.32893460491929105,24,24,16200,9797
CAMELS-US,456,18,0.5359496358093027,0.4267118171900142,0.20382105205526546,24,24,18456,11893
CAMELS-US,457,18,0.44755913833928507,0.35520452639116423,0.20635175116926951,24,24,18360,11813
CAMELS-US,458,18,0.5586256029453344,0.46209208330066986,0.1728053979905232,24,24,20712,13425
CAMELS-US,459,18,0.5585262199767045,0.43011568946211365,0.22990958333155187,24,24,16968,10697
CAMELS-US,460,18,0.5513542951173049,0.40178422801549896,0.2712775948720664,24,24,16392,9909
CAMELS-US,461,18,0.5484531971978136,0.42441672485969983,0.2261568953774863,24,24,17472,11382
CAMELS-US,462,18,0.5306116119592897,0.3682373248642551,0.30601344455215684,24,23,14304,8600
CAMELS-US,463,18,0.643760594561701,0.4281480441487879,0.3349266050676978,24,22,12528,7169
CAMELS-US,464,18,0.5012315930257437,0.42409061306042106,0.1539028685315944,24,24,19032,13025
CAMELS-US,465,18,0.5073371058542643,0.40997721242197477,0.19190375060060505,24,24,17712,10997
CAMELS-US,466,18,0.4536944570667535,0.3430561345319565,0.2438608645344733,24,24,18888,12742
CAMELS-US,467,18,0.4333452357202926,0.33490413402584546,0.22716553357468316,24,24,18864,12257
CAMELS-US,468,18,0.4360564097717898,0.323149502047773,0.25892729746389154,24,24,16368,10275
CAMELS-US,469,18,0.4114805049737042,0.2907677003239082,0.2933621476368855,24,24,15696,10035
CAMELS-US,470,18,0.4689683208339711,0.32824973663225315,0.30005989306799374,24,24,17016,10761
CAMELS-US,471,18,0.4764755426973781,0.3611010983006101,0.2421413778000464,24,24,14496,9203
CAMELS-US,472,18,0.4288237133653771,0.3430033556788538,0.20012969201962127,24,23,12360,7614
CAMELS-US,473,18,0.5328473208770957,0.4086219536835033,0.23313501321374897,24,24,15912,10248
CAMELS-US,474,18,0.527049092293492,0.3784001688817026,0.28203999510734934,24,24,17328,10792
CAMELS-US,475,18,0.749696716528022,0.5704722729126185,0.23906259646623973,24,24,17616,11905
CAMELS-US,476,18,0.471384717645943,0.322237153719216,0.31640305326731377,24,24,14160,9060
CAMELS-US,477,18,0.44703603637083733,0.33270802049887316,0.25574675545200054,24,24,19008,11424
CAMELS-US,478,18,0.567509921706562,0.41954012518435285,0.2607351710737469,24,24,19632,12854
CAMELS-US,479,18,0.48916520730862356,0.3615659117838565,0.2608511268142222,24,24,17664,11170
CAMELS-US,480,18,0.4822341900637522,0.2986478198493914,0.38069961441367384,24,24,14592,8743
CAMELS-US,481,18,0.4797002702375289,0.3438843470715984,0.2831266346768573,24,24,15144,9178
CAMELS-US,482,18,0.5057633843862052,0.3771376409476206,0.2543199990538755,24,24,17448,11255
CAMELS-US,483,18,0.40432656069324946,0.26678837018951806,0.34016610303293315,24,24,17688,10930
CAMELS-US,484,18,0.5844417379119213,0.45139806045828207,0.22764232740969925,24,24,16704,10365
CAMELS-US,485,18,0.5015256188298374,0.38747481815034357,0.22740772634027717,24,24,12984,8144
CAMELS-US,486,18,0.5241148504925257,0.3936385107665142,0.24894608424737286,24,24,13632,9001
CAMELS-US,487,18,0.3859206401112673,0.31603665833616423,0.18108381493913972,24,24,16416,10845
CAMELS-US,488,18,0.4823507322970873,0.37759563186645845,0.21717620274308724,24,24,16128,10091
CAMELS-US,489,18,0.38421674041300324,0.32073549851269895,0.165222477896374,24,24,21288,14344
CAMELS-US,490,18,0.6324384173050142,0.37314594612765367,0.40998848912795915,24,23,12144,7241
CAMELS-US,491,18,0.4839070839140249,0.36033181706844497,0.25536982398781205,24,24,18192,11737
CAMELS-US,492,18,0.5704890952514029,0.4199085839915181,0.26394985024828044,24,24,14568,9455
CAMELS-US,493,18,0.4725350864079159,0.3746505286774782,0.20714770298758056,24,24,15984,10590
CAMELS-US,494,18,0.45526271486689285,0.33939925571743507,0.25449801920048143,24,24,12816,8414
CAMELS-US,495,18,0.5527594742518869,0.4219184124811621,0.23670523593974957,24,24,18168,11857
CAMELS-US,496,18,0.6553281970872219,0.48063204945860405,0.2665781030102179,24,24,13296,8611
CAMELS-US,497,18,0.5366889901384612,0.4088280744350124,0.23824024351694217,24,24,17856,11775
CAMELS-US,498,18,0.4415213150335621,0.31589851655008755,0.2845226135320905,24,24,14304,8809
CAMELS-US,499,18,0.49748045154731774,0.349360672157333,0.2977398989835409,24,24,11616,7282
CAMELS-US,500,18,0.43663811561941906,0.2976804242248867,0.3182445288758303,24,24,17376,11161
CAMELS-US,501,18,0.591833845596415,0.4549614883785295,0.23126821528760944,24,24,19008,12471
CAMELS-US,502,18,0.43712274687193403,0.30999500672754754,0.29082847107389664,24,23,12744,7643
CAMELS-US,503,18,0.5141880774201456,0.39597498760054817,0.22990243261320298,24,24,20424,12975
CAMELS-US,504,18,0.5756048966813604,0.45053460406696816,0.2172849698386562,24,24,14808,9623
CAMELS-US,505,18,0.4229972139195859,0.33412549727939045,0.2101000047179754,24,24,15936,10491
CAMELS-US,506,18,0.44498459836061055,0.33302039193499716,0.2516136667158957,24,24,18408,12187
CAMELS-US,507,18,0.4119303284564899,0.31799195081978954,0.2280443345569847,24,24,21072,13764
CAMELS-US,508,18,0.5995372717231063,0.45384861222751527,0.24300183886295024,24,24,21336,13766
CAMELS-US,509,18,0.5972028756819628,0.4383265933907062,0.2660340208674169,24,24,13872,8471
CAMELS-US,510,18,0.38667319974582576,0.26773967979866337,0.3075814926541113,24,24,17016,10755
CAMELS-US,511,18,0.6830589627094652,0.4906355622627798,0.2817083311276767,24,24,11400,7255
CAMELS-US,512,18,0.4575819200167577,0.3252928518257526,0.2891046660806885,24,22,12744,7268
CAMELS-US,513,18,0.5586405835434236,0.44521649075491315,0.20303589844666903,24,24,19704,12793
CAMELS-US,514,18,0.5170447011244121,0.36161524049114796,0.30061126300154173,24,24,18000,11689
CAMELS-US,515,18,0.383502566471897,0.3299512048903499,0.13963755725079707,24,24,15192,10118
CAMELS-US,516,18,0.547792451111578,0.41270605799664417,0.24660141416848147,24,24,16368,10970
CAMELS-US,517,18,0.48342132628890494,0.4005924500031884,0.17133889586868556,24,24,19200,13044
CAMELS-US,518,18,0.4639088101346114,0.33531162308047224,0.27720358881915685,24,24,18384,12286
CAMELS-US,519,18,0.6299013452699567,0.4851126175660629,0.22985937209237384,24,24,16056,10537
CAMELS-US,520,18,0.5092021369554743,0.3701632694187959,0.2730524038410237,24,24,13632,8824
CAMELS-US,521,18,0.5393401695797289,0.4281605037136099,0.20614015446458156,24,24,17808,12096
CAMELS-US,522,18,0.5568317173596546,0.3918799555422594,0.29623269773415906,24,23,13560,7848
CAMELS-US,523,18,0.46135718409790444,0.34390911965268445,0.254570793505399,24,24,20160,12537
CAMELS-US,524,18,0.6693809952113895,0.5203609100557198,0.22262371686935833,24,24,16560,11289
CAMELS-US,525,18,0.6097673608671396,0.502755431693745,0.1754963221075243,24,24,18240,11843
CAMELS-US,526,18,0.474099950502872,0.34675035927403564,0.26861338224937215,24,23,15864,9495
CAMELS-US,527,18,0.6736733941086163,0.5342793999593529,0.20691628223451686,24,24,14808,9786
CAMELS-US,528,18,0.4659832260084908,0.3785422517001012,0.18764833030019046,24,24,20352,13525
CAMELS-US,529,18,0.4216652574151351,0.3110764132728583,0.26226691006084146,24,24,20448,13273
CAMELS-US,530,18,0.5452781044100653,0.39134954234676017,0.28229367880054523,24,24,13464,8084
CAMELS-US,531,18,0.4421029272079747,0.34170093895962494,0.22710093525600772,24,24,18120,10515
CAMELS-US,532,18,0.4022122727035164,0.31252877298799225,0.22297554252312124,24,24,17304,11123
CAMELS-US,533,18,0.6251498614654044,0.4827396767688837,0.22780167360622805,24,24,16440,10549
CAMELS-US,534,18,0.4649548593245521,0.3742819142435806,0.19501451218876098,24,24,14736,9870
CAMELS-US,535,18,0.5152230658138939,0.4178346009408123,0.18902194279527795,24,24,16416,11000
CAMELS-US,536,18,0.5045063986864232,0.3773136961178548,0.2521131603082506,24,24,18960,12251
CAMELS-US,537,18,0.5070400074658966,0.36725602647170813,0.27568629484053153,24,24,20184,12840
CAMELS-US,538,18,0.5249528861322901,0.4272303721740794,0.18615482748976497,24,23,19416,12049
CAMELS-US,539,18,0.5046037424219095,0.32870478037797196,0.3485883025751816,24,24,12744,7836
CAMELS-US,540,18,0.5335072020307292,0.37726486742433746,0.2928589042690982,24,24,18576,11700
CAMELS-US,541,18,0.5434818479449544,0.3945744457990007,0.2739878115690728,24,23,15264,8897
CAMELS-US,542,18,0.4802110227747409,0.3861976331653528,0.19577515956664793,24,23,12840,7505
CAMELS-US,543,18,0.5020623340982797,0.3189631059704253,0.36469421363127463,24,24,16416,9844
CAMELS-US,544,18,0.4916814051660737,0.40488665524309614,0.17652640309564116,24,24,12768,8034
CAMELS-US,545,18,0.5935391836206219,0.45095504214195237,0.24022700676457165,24,24,16872,10700
CAMELS-US,546,18,0.47817957274867035,0.3556100571423284,0.2563252857117845,24,24,16224,10596
CAMELS-US,547,18,0.4633989499445316,0.28462398384043314,0.3857906154631936,24,23,12072,7411
CAMELS-US,548,18,0.6324260065531974,0.4845554889812343,0.23381473253744944,24,24,19080,12842
CAMELS-US,549,18,0.5025051853438197,0.3818920223215093,0.24002371824240087,24,24,14352,8966
CAMELS-US,550,18,0.4196807476388932,0.30394805223761207,0.2757636514240611,24,24,16440,10563
CAMELS-US,551,18,0.48477719535985,0.3796997793578565,0.2167540408413695,24,23,16104,9725
CAMELS-US,552,18,0.49310647950310915,0.4033593930251435,0.18200346214959795,24,24,16704,10986
CAMELS-US,553,18,0.41360719348014474,0.32488754223999017,0.2145021958966813,24,24,12264,7747
CAMELS-US,554,18,0.4386029870014243,0.35281098661508575,0.19560286393138482,24,24,17112,11180
CAMELS-US,555,18,0.5262379258098874,0.4076662296311334,0.22531955673143567,24,24,18000,11738
CAMELS-US,556,18,0.593540538814981,0.43848638218878944,0.26123600072163766,24,24,15432,9726
CAMELS-US,557,18,0.4431306439350819,0.3661697052257678,0.17367550577384305,24,24,16968,10826
CAMELS-US,558,18,0.38606669935243154,0.30814941650262856,0.2018233714031732,24,24,17808,11309
CAMELS-US,559,18,0.4630921279275163,0.3316857042070218,0.2837587076001049,24,24,17400,10948
CAMELS-US,560,18,0.45776000003254047,0.32145687964091,0.29776109835272013,24,24,17088,10756
CAMELS-US,561,18,0.6239173743160009,0.45746712853248117,0.26678251421672416,24,24,15120,9640
CAMELS-US,562,18,0.5477909198849518,0.42506661182638406,0.2240349439971413,24,24,14808,9675
CAMELS-US,563,18,0.616791766866709,0.43660736435233494,0.29213165965185883,24,23,12120,6932
CAMELS-US,564,18,0.3859437378621892,0.2999944053415015,0.22269912448062068,24,24,13176,8602
CAMELS-US,565,18,0.5211222360248122,0.38918951857232237,0.2531703856256253,24,24,13008,8345
CAMELS-US,566,18,0.6149922984367135,0.4746988896452767,0.2281222206327742,24,24,18000,11860
CAMELS-US,567,18,0.440244377457929,0.31236237233381414,0.29047958741127955,24,24,19128,12272
CAMELS-US,568,18,0.5654480326370566,0.40864911231654855,0.2773003198706898,24,24,16248,10186
CAMELS-US,569,18,0.36280720790273163,0.26150836466840716,0.2792084639660264,24,24,17688,10795
CAMELS-US,570,18,0.5597693122383874,0.4379528495733419,0.21761904413432342,24,24,13632,8531
CAMELS-US,571,18,0.5390511260914337,0.40512628409557044,0.2484455286587175,24,24,20040,13137
CAMELS-US,572,18,0.5936272976163048,0.43068596454253166,0.27448423232566954,24,24,12168,7676
CAMELS-US,573,18,0.4510447663013764,0.36637168382501545,0.18772656020530032,24,22,15984,9369
CAMELS-US,574,18,0.4670986171779519,0.3025904863266941,0.3521914319617535,24,23,10800,6376
CAMELS-US,575,18,0.5674964554910674,0.4185551417549375,0.26245329339942336,24,23,14544,8550
CAMELS-US,576,18,0.49439983283979766,0.3745930614059886,0.24232769405613963,24,24,14280,9292
CAMELS-US,577,18,0.570401564592774,0.3724432530158754,0.34705078643714227,24,24,11760,7536
CAMELS-US,578,18,0.4481948777095541,0.3475852879742909,0.22447733059649488,24,24,19200,12452
CAMELS-US,579,18,0.48552123893986676,0.38726695581634024,0.20236866123110142,24,24,20352,13420
CAMELS-US,580,18,0.4328168929051846,0.30415573387563494,0.29726464271285946,24,24,17520,11200
CAMELS-US,581,18,0.5064676194395882,0.36507139802795113,0.27918116772814316,24,24,15888,10253
CAMELS-US,582,18,0.4536758846052605,0.3248855751859609,0.2838817618250944,24,23,11784,7182
CAMELS-US,583,18,0.5767109196340209,0.481617495799709,0.16488923756577722,24,24,18456,12529
CAMELS-US,584,18,0.48871999009711947,0.354463424716922,0.27471060750659637,24,24,16344,10177
CAMELS-US,585,18,0.5550102207778739,0.42919396769165996,0.22669177679264407,24,22,11760,6596
CAMELS-US,586,18,0.490098501014913,0.3960558258134044,0.19188525369239395,24,24,17088,10789
CAMELS-US,587,18,0.6169179446390276,0.4787558757725292,0.22395534133366812,24,24,14352,8958
CAMELS-US,588,18,0.4003731320943394,0.322408596099331,0.19472969024464337,24,24,12384,8033
CAMELS-US,589,18,0.457887177437744,0.3031633017689011,0.337908295520854,24,24,15480,9921
CAMELS-US,590,18,0.4830738604609089,0.3637954251826364,0.24691552377615078,24,24,14592,9351
CAMELS-US,591,18,0.419161673513165,0.3093192138219504,0.26205272722236306,24,24,19056,12110
CAMELS-US,592,18,0.4304629446038269,0.3221730947324057,0.251566020325129,24,24,17784,10672
CAMELS-US,593,18,0.5361963883809555,0.38327029957365044,0.2852053690049373,24,24,17352,10607
CAMELS-US,594,18,0.469278346820018,0.3561729014098679,0.2410199536726747,24,23,13224,7842
CAMELS-US,595,18,0.5621979360313494,0.43309502490095503,0.229639603520699,24,24,18912,12149
CAMELS-US,596,18,0.4147607213734486,0.3290871508193565,0.20656143684578077,24,24,17472,11689
CAMELS-US,597,18,0.5460826251621779,0.3890072633434603,0.2876402847866999,24,24,13032,8426
CAMELS-US,598,18,0.5105856654076392,0.36207928571871767,0.2908549725350351,24,23,14664,8608
CAMELS-US,599,18,0.46223314880860694,0.3535878667784569,0.23504433273593694,24,24,18456,12142
CAMELS-US,600,18,0.557995291595487,0.4320322378259551,0.2257421445427671,24,24,18672,12368
CAMELS-US,601,18,0.5593961129878561,0.4394644456452037,0.2143948886274366,24,24,16536,10628
CAMELS-US,602,18,0.47606605988512396,0.34965264208641317,0.26553755550062674,24,23,16344,9700
CAMELS-US,603,18,0.5088920349315088,0.38088904110146127,0.25153271233116337,24,24,16488,10484
CAMELS-US,604,18,0.6189402718697109,0.4890706591032972,0.209825759720078,24,24,18408,11739
CAMELS-US,605,18,0.47627970848616963,0.3462146251986116,0.273085502006716,24,24,17400,11261
CAMELS-US,606,18,0.4118871945240948,0.3047967720658332,0.25999939760690216,24,24,18024,11674
CAMELS-US,607,18,0.40013283823437185,0.29815656943387187,0.2548560354368339,24,24,17328,11117
CAMELS-US,608,18,0.48987778234983903,0.3960283025124726,0.19157733463067161,24,24,18648,12043
CAMELS-US,609,18,0.5070292816254913,0.4144605099272753,0.1825708594214691,24,24,18720,12475
CAMELS-US,610,18,0.5179447907828314,0.4069884401581479,0.21422428142772132,24,23,13200,7640
CAMELS-US,611,18,0.5023495079343913,0.35152283650131705,0.3002424986007406,24,24,20040,12598
CAMELS-US,612,18,0.4439825320330795,0.33092633583346737,0.25464109067964136,24,24,15864,10682
CAMELS-US,613,18,0.5668850198999436,0.4083811228762675,0.27960501946523886,24,24,17376,10780
CAMELS-US,614,18,0.48715201381933426,0.3317510212167484,0.31899897402501154,24,23,14232,8370
CAMELS-US,615,18,0.4251155767922256,0.31190127126523265,0.2663141783259714,24,24,14232,8967
CAMELS-US,616,18,0.5363449313096474,0.4119455685050291,0.2319391040032016,24,24,18576,11500
CAMELS-US,617,18,0.6067259471717117,0.43287966541117023,0.28653180661044086,24,23,12120,7390
CAMELS-US,618,18,0.4367577426511114,0.365424424246095,0.16332467965427344,24,24,19584,12983
CAMELS-US,619,18,0.5256752349050345,0.41820840656132163,0.20443578317538058,24,24,16176,9881
CAMELS-US,620,18,0.4326025906837592,0.3317784853912719,0.23306403489893024,24,24,17040,11295
CAMELS-US,621,18,0.5706653533357483,0.4337407614791388,0.23993850521366866,24,24,17040,11182
CAMELS-US,622,18,0.41685222212744827,0.32935706143036947,0.20989491251968917,24,24,16464,10668
CAMELS-US,623,18,0.4294932060449637,0.34986653929120404,0.18539680170266426,24,24,16704,11010
CAMELS-US,624,18,0.5284288373971086,0.4012261922008938,0.24071859102689996,24,24,16584,10588
CAMELS-US,625,18,0.4775497002569345,0.36508148126219886,0.23551102415984082,24,24,14928,8997
CAMELS-US,626,18,0.47332883577904894,0.34840537413805434,0.2639253140692007,24,24,17904,11419
CAMELS-US,627,18,0.5321445478610602,0.4021012790315298,0.2443758361374473,24,24,14616,9498
CAMELS-US,628,18,0.5608246711295483,0.4076772591719392,0.2730753831659317,24,24,18000,11212
CAMELS-US,629,18,0.45268885384026997,0.34617369716672347,0.23529440976943095,24,24,20400,12635
CAMELS-US,630,18,0.3916997090688496,0.30750390936544947,0.21494986530255733,24,24,12336,8209
CAMELS-US,631,18,0.47252780275855344,0.3205786461105861,0.3215665951525152,24,24,16104,10050
CAMELS-US,632,18,0.48836933479545636,0.3648165577944145,0.2529904484129607,24,24,19872,12895
CAMELS-US,633,18,0.5522735752818339,0.4437436185102775,0.19651484631719307,24,24,19320,13117
CAMELS-US,634,18,0.35719125300128907,0.2721364393417009,0.2381212108217029,24,24,14232,9079
CAMELS-US,635,18,0.5196643954186374,0.44426394742655917,0.1450945045625769,24,24,15912,10492
CAMELS-US,636,18,0.5395629982664847,0.4259383356942476,0.21058646152032656,24,24,17040,11510
CAMELS-US,637,18,0.49047714942836423,0.3512078130527736,0.283946635511776,24,24,16584,10667
CAMELS-US,638,18,0.4937517401595845,0.37098025937911416,0.24865022397853143,24,24,19728,12427
CAMELS-US,639,18,0.521327431248739,0.36808591892896075,0.2939448475840182,24,24,18432,11883
CAMELS-US,640,18,0.5367017073929067,0.3817970256820101,0.28862341888824006,24,23,12024,7126
CAMELS-US,641,18,0.43596695576793926,0.3655705513238227,0.16147188109730914,24,24,16056,10252
CAMELS-US,642,18,0.4675691083116407,0.365398588706576,0.2185142640710276,24,24,10944,7331
CAMELS-US,643,18,0.618531392494276,0.44677611136138795,0.2776823993367119,24,24,14760,9143
CAMELS-US,644,18,0.6205025656350014,0.4934971128252727,0.20468159173484735,24,24,18216,12292
CAMELS-US,645,18,0.5270503878555433,0.4071449522161276,0.22750279366510961,24,23,11952,7194
CAMELS-US,646,18,0.3681621655324458,0.3354339001076568,0.08889633017411369,24,24,16056,10701
CAMELS-US,647,18,0.5325028772368013,0.4214405534426652,0.20856661727434633,24,24,15792,10058
CAMELS-US,648,18,0.5792454327517409,0.44490252424569937,0.23192743681695915,24,24,17688,11405
CAMELS-US,649,18,0.6083925320974433,0.44863693187299997,0.26258639249512683,24,24,16728,11420
CAMELS-US,650,18,0.538197151013046,0.358576190774019,0.3337456541732473,24,24,15240,9256
CAMELS-US,651,18,0.5226794975027179,0.3911666443240144,0.25161280250526696,24,24,14808,9603
CAMELS-US,652,18,0.6306118284806267,0.48738058697918907,0.2271305976713659,24,24,18936,13027
CAMELS-US,653,18,0.5644004201553049,0.3957736759102702,0.2987714718543867,24,24,13632,8460
CAMELS-US,654,18,0.512242554616842,0.39472035462661775,0.22942685829397946,24,24,20112,12476
CAMELS-US,655,18,0.5946532671244638,0.46268396671495926,0.22192646993711496,24,24,19704,12998
CAMELS-US,656,18,0.4833433896002514,0.3312695465530481,0.3146289911463894,24,24,15576,9805
CAMELS-US,657,18,0.5251567751977876,0.3447379923516283,0.34355223309879024,24,24,13512,8253
CAMELS-US,658,18,0.47370959724559286,0.33439379026606914,0.29409538626530296,24,24,18288,11648
CAMELS-US,659,18,0.5467127832334643,0.41075251093943016,0.24868683605661113,24,24,15720,10305
CAMELS-US,660,18,0.5581825093824452,0.3872929250570734,0.30615359932083575,24,24,15264,9940
CAMELS-US,661,18,0.5820079025710084,0.43030378188273416,0.2606564619107822,24,24,12288,8018
CAMELS-US,662,18,0.5682310783027209,0.4423459005124755,0.22153870598957448,24,24,17592,11169
CAMELS-US,663,18,0.3975834244181676,0.2815102783449418,0.2919466430047727,24,24,19632,12551
CAMELS-US,664,18,0.6405105073908566,0.5050464991325802,0.21149381110092025,24,24,16536,10488
CAMELS-US,665,18,0.4901474126403769,0.380249931952565,0.22421312008117056,24,24,18408,11761
CAMELS-US,666,18,0.39917156778075674,0.3070190229983307,0.2308594905563024,24,24,16776,10392
CAMELS-US,667,18,0.6337139909288682,0.5019398446015524,0.20793946198689317,24,24,18888,11624
CAMELS-US,668,18,0.5295554120384083,0.41447017010261017,0.21732426733739252,24,24,20976,13682
CAMELS-US,669,18,0.3896717363152805,0.30859608657980325,0.20806140702460274,24,24,21264,14081
CAMELS-US,670,18,0.5488700123165682,0.3780210787769164,0.31127394411395237,24,24,14736,9634
CAMELS-US,671,18,0.5976085307808483,0.4731378744666704,0.2082812575508951,24,24,15216,9735
CAMELS-US,672,18,0.4239584262768162,0.2826053976629431,0.33341247597135637,24,24,12576,8159
CAMELS-US,673,18,0.6425806626805987,0.4913458328657109,0.23535540142772804,24,24,15384,9857
CAMELS-US,674,18,0.4859473165150922,0.3563496087091364,0.2666908601025907,24,24,13920,9067
CAMELS-US,675,18,0.46556887979116457,0.3581256085282003,0.23077846464127716,24,24,15024,9529
CAMELS-US,676,18,0.4232565132036959,0.3198061477587245,0.24441529478646196,24,24,20496,12996
CAMELS-US,677,18,0.4844675444214796,0.37800867721097187,0.21974406425436432,24,23,18432,10767
CAMELS-US,678,18,0.4371349504796798,0.30329592754084367,0.306173237330877,24,23,13296,7922
CAMELS-US,679,18,0.48134215398757024,0.3827505077268838,0.20482653647499238,24,24,17280,10809
CAMELS-US,680,18,0.4467691411190452,0.3321578066033241,0.2565336858956917,24,24,18456,11974
CAMELS-US,681,18,0.46333704424940425,0.30714501976530667,0.33710238890379507,24,23,15864,9275
CAMELS-US,682,18,0.5892292327906619,0.4402712672534171,0.2528013839906781,24,23,14256,8867
CAMELS-US,683,18,0.5329413474965656,0.4082253368346026,0.23401451444479393,24,24,17256,11284
CAMELS-US,684,18,0.5192833009676181,0.4277132893943815,0.17633921869354852,24,24,18456,12183
CAMELS-US,685,18,0.40969054161137314,0.29371472961576317,0.28308149741377975,24,23,14664,8634
CAMELS-US,686,18,0.5173050874015517,0.3935241624132991,0.23928031639899416,24,24,15288,9228
CAMELS-US,687,18,0.4753490445861902,0.35008975757500105,0.2635101267958416,24,24,17424,11572
CAMELS-US,688,18,0.4288883642071785,0.31277933388553614,0.2707208682060557,24,24,14016,9052
CAMELS-US,689,18,0.390401094683998,0.3200877583342967,0.1801053770267087,24,24,18576,11978
CAMELS-US,690,18,0.549035997127381,0.41101387523158595,0.25138993184043046,24,24,18384,12065
CAMELS-US,691,18,0.43894147727823074,0.2932507504072665,0.33191378443968655,24,24,16368,10397
CAMELS-US,692,18,0.46396738651333946,0.3599390433784296,0.224214774914829,24,24,14232,9088
CAMELS-US,693,18,0.5640836087300075,0.4123912612085865,0.2689181978943602,24,24,17520,10680
CAMELS-US,694,18,0.5054846280077472,0.38036188567704393,0.24753026184761762,24,24,19296,12915
CAMELS-US,695,18,0.5540382647984525,0.45485077962150205,0.1790264165472989,24,24,15552,9909
CAMELS-US,696,18,0.3887626169060226,0.3014563248064672,0.22457481327393247,24,24,14256,9015
CAMELS-US,697,18,0.49902461542940235,0.4052193437167243,0.18797724363147938,24,23,12816,7446
CAMELS-US,698,18,0.6109853827078267,0.4922007811578116,0.1944148009295632,24,24,16704,11114
CAMELS-US,699,18,0.42958240071565085,0.3562262668680788,0.17076149703844112,24,24,19848,13299
CAMELS-US,700,18,0.5093154262156694,0.41463209083046265,0.18590313686103255,24,24,19080,12983
CAMELS-US,701,18,0.43818887116436966,0.3580608829723478,0.18286175999655851,24,24,15984,9830
CAMELS-US,702,18,0.589484895716721,0.43753798303932223,0.2577621814934804,24,23,11400,6433
CAMELS-US,703,18,0.4561580748586594,0.374050103928879,0.17999894215447476,24,24,14664,9190
CAMELS-US,704,18,0.5120735793263508,0.3850460413147515,0.24806501085001897,24,24,18312,11540
CAMELS-US,705,18,0.43472571594574205,0.358928754635254,0.17435582605365874,24,24,15576,10060
CAMELS-US,706,18,0.6714616730315202,0.46607798146322493,0.3058755247206105,24,24,12576,8063
CAMELS-US,707,18,0.4315164512914483,0.27705642001372444,0.3579470280112236,24,24,13608,8275
CAMELS-US,708,18,0.5628198065524561,0.4540182303315405,0.19331511605353402,24,24,18480,12580
CAMELS-US,709,18,0.6647475119354587,0.4830656466847332,0.27330958294487795,24,24,12744,8527
CAMELS-US,710,18,0.40524056602713926,0.30873758658499756,0.23813751024046992,24,24,17328,10598
CAMELS-US,711,18,0.448011375522057,0.3044870617022723,0.32035863743981774,24,24,14352,9190
CAMELS-US,712,18,0.46702731456498314,0.3926464120631312,0.15926456586620563,24,24,17160,11169
CAMELS-US,713,18,0.5031311378017044,0.3532982507031348,0.2978008631173652,24,24,15480,9961
CAMELS-US,714,18,0.7204690817501206,0.5485210203536803,0.23866126354618056,24,24,12096,8013
CAMELS-US,715,18,0.4631537117404818,0.34711288102408294,0.2505449654723265,24,24,20640,13122
CAMELS-US,716,18,0.5121393638091356,0.38580296401134256,0.24668363481795585,24,23,13080,8302
CAMELS-US,717,18,0.4218444073816366,0.34546093524279775,0.18107024960446094,24,24,21504,14553
CAMELS-US,718,18,0.5398912129540556,0.42592542234794384,0.21109028610141534,24,24,12840,8070
CAMELS-US,719,18,0.554108514079014,0.40272118044287,0.27320882063645147,24,24,15432,10030
CAMELS-US,720,18,0.5031993743793014,0.41546159652864434,0.17435987069515335,24,24,18840,12117
CAMELS-US,721,18,0.434091126540516,0.3652914084398158,0.158491417802061,24,24,15552,10393
CAMELS-US,722,18,0.4391706039475835,0.3210085347084323,0.26905732801108473,24,23,16848,10253
CAMELS-US,723,18,0.5563526117095916,0.3759643454636152,0.32423370080293,24,24,13656,8532
CAMELS-US,724,18,0.606832702618798,0.47650658847258237,0.21476448712106444,24,24,16200,10433
CAMELS-US,725,18,0.5878473578002177,0.4493125749203955,0.2356645497195614,24,24,15984,9923
CAMELS-US,726,18,0.3941203961873005,0.3212987714713601,0.18476999774792902,24,24,16128,10996
CAMELS-US,727,18,0.3806081020122126,0.26089065513371434,0.31454256030171657,24,24,19608,12765
CAMELS-US,728,18,0.516774386687082,0.42873579109387855,0.1703617630076405,24,24,19152,12130
CAMELS-US,729,18,0.6561530434335329,0.49190773072907384,0.2503155541960034,24,23,14400,8809
CAMELS-US,730,18,0.5006895795132745,0.3851581402267427,0.23074464501306602,24,24,19416,12655
CAMELS-US,731,18,0.6225817881540792,0.43611655879064076,0.29950318642679474,24,23,14592,8443
CAMELS-US,732,18,0.5586468731793588,0.41953250451092833,0.2490202225185757,24,24,17712,11666
CAMELS-US,733,18,0.5812359690831721,0.4097431983218679,0.2950484482779221,24,23,12072,7223
CAMELS-US,734,18,0.4595358582106159,0.3223431126008985,0.29854633356346005,24,24,15384,9948
CAMELS-US,735,18,0.6467279691188738,0.48283227562874104,0.2534229248093759,24,24,14784,9567
CAMELS-US,736,18,0.4693561410806686,0.35286264666344336,0.24819850902345686,24,24,16248,10634
CAMELS-US,737,18,0.4811175985508336,0.38489838517453917,0.19999104931125933,24,24,18024,11961
CAMELS-US,738,18,0.4701199220451007,0.36490087621282935,0.22381320360675383,24,24,19464,12173
CAMELS-US,739,18,0.4205689336725476,0.346084448578326,0.17710410620156458,24,24,18480,11518
CAMELS-US,740,18,0.47832745831996404,0.38341083245002194,0.19843440768238363,24,24,21120,14062
CAMELS-US,741,18,0.46948909429758356,0.33218837199987206,0.2924470961420971,24,24,14544,9158
CAMELS-US,742,18,0.5846708747700808,0.4341148385276356,0.25750562023745527,24,24,13752,8792
CAMELS-US,743,18,0.5948720676743786,0.4181135189022329,0.2971370793440916,24,24,12792,8519
CAMELS-US,744,18,0.550659069878886,0.4267403897269747,0.22503702731922026,24,23,13176,8004
CAMELS-US,745,18,0.4037681730626268,0.29238460524505044,0.2758601971342107,24,24,14880,9817
CAMELS-US,746,18,0.43953324016609124,0.3288020329245022,0.2519290854993034,24,24,19392,12385
CAMELS-US,747,18,0.7758195692996156,0.5615425329006584,0.27619442055631505,24,24,15144,9460
CAMELS-US,748,18,0.5540915646349442,0.38910230720560546,0.29776532970329506,24,24,13248,8772
CAMELS-US,749,18,0.5400191905964774,0.4091707923369678,0.24230323762194672,24,24,16872,10498
CAMELS-US,750,18,0.6512263180214437,0.5060521663307157,0.22292427021652972,24,24,14256,8726
CAMELS-US,751,18,0.5295109106869705,0.403729144332044,0.2375432947958358,24,24,12816,8103
CAMELS-US,752,18,0.5231395543995286,0.43189673408612383,0.17441391985382437,24,24,18072,11189
CAMELS-US,753,18,0.6341747848268088,0.5096086887258794,0.19642234141325565,24,24,18480,11927
CAMELS-US,754,18,0.5507361801911062,0.4317936718119842,0.21597002822267597,24,24,19056,11981
CAMELS-US,755,18,0.4725550548131739,0.32070851841535336,0.3213308901284604,24,24,18120,11374
CAMELS-US,756,18,0.5817045678766462,0.4836721788108932,0.16852607746161152,24,23,12336,7596
CAMELS-US,757,18,0.56676312095842,0.4274022536459852,0.245889088684475,24,23,13104,7972
CAMELS-US,758,18,0.5130829741093095,0.33766500001358896,0.34189007031511576,24,24,14976,9013
CAMELS-US,759,18,0.4941365109753724,0.37727781534641486,0.23649071265406207,24,24,16800,10670
CAMELS-US,760,18,0.43581374616995666,0.34252057970112304,0.2140665990660413,24,24,16464,10838
CAMELS-US,761,18,0.6501432361712524,0.46391403935480385,0.28644333503055075,24,24,15528,9758
CAMELS-US,762,18,0.5139451637622732,0.3734583651634166,0.2733497822422144,24,24,13920,8812
CAMELS-US,763,18,0.5779872945907518,0.46364705215412993,0.19782483716632793,24,24,18888,12658
CAMELS-US,764,18,0.5793309604058248,0.432672069665051,0.2531521716671906,24,24,15456,9624
CAMELS-US,765,18,0.4781886192664433,0.3125848753720845,0.34631469094433953,24,24,15888,9903
CAMELS-US,766,18,0.5994918391118051,0.3824277791809086,0.36208009145294495,24,24,14184,8387
CAMELS-US,767,18,0.5744467225607353,0.4474444200419538,0.22108630362209747,24,24,16920,11297
CAMELS-US,768,18,0.5180493466165591,0.40893001121429384,0.21063502176952142,24,24,17280,11404
CAMELS-US,769,18,0.38012557743826914,0.2715485704338507,0.28563457301699435,24,24,16800,10395
CAMELS-US,770,18,0.6942099419268024,0.48924650998673225,0.2952470420852623,24,24,12576,8029
CAMELS-US,771,18,0.487593327057326,0.35939548098059615,0.26291960730967456,24,24,14304,9378
CAMELS-US,772,18,0.43101775099401934,0.33453748082834356,0.22384291585015137,24,24,13032,8354
CAMELS-US,773,18,0.5124563979409079,0.3838047031008428,0.2510490557967434,24,24,15168,9242
CAMELS-US,774,18,0.5481176909265457,0.3919746578946106,0.28487136178361394,24,24,14136,8869
CAMELS-US,775,18,0.5137003716178824,0.4349712020814683,0.15325893047042027,24,24,17928,12216
CAMELS-US,776,18,0.44046762386861066,0.3591680885043062,0.1845755078438085,24,24,20664,13356
CAMELS-US,777,18,0.5033057535786679,0.3738626854090643,0.25718575090632523,24,24,20928,13721
CAMELS-US,778,18,0.5222806466764278,0.3851344242669448,0.26259104809305756,24,24,19104,11883
CAMELS-US,779,18,0.452703247221039,0.30534395603657966,0.3255096845207939,24,24,14400,8710
CAMELS-US,780,18,0.5160449147860346,0.4233590987360789,0.17960804068457037,24,24,20232,13343
CAMELS-US,781,18,0.44540552707740866,0.33371343152790833,0.25076495184598135,24,24,13848,9025
CAMELS-US,782,18,0.5091739596931192,0.3854158228315428,0.2430566891837238,24,24,14472,9591
CAMELS-US,783,18,0.5093251275962021,0.387172445090219,0.23983242900756108,24,23,14784,9074
CAMELS-US,784,18,0.6072538374774396,0.42633326758047324,0.29793236161095116,24,24,14808,9199
CAMELS-US,785,18,0.3625394297410934,0.29362672484255614,0.19008333782549136,24,24,16920,11143
CAMELS-US,786,18,0.5229836895990934,0.3967168416744313,0.24143553696952802,24,24,16320,10280
CAMELS-US,787,18,0.46689267572431625,0.3513033453242471,0.24757152212925393,24,24,16080,10027
CAMELS-US,788,18,0.5262971081393183,0.40681096070288714,0.22703173851527503,24,24,19248,12994
CAMELS-US,789,18,0.36977662522700755,0.2850020395123616,0.22925890911196045,24,24,13584,8655
CAMELS-US,790,18,0.5723043294518865,0.44800095442126625,0.21719803369244017,24,24,16680,10784
CAMELS-US,791,18,0.5581817487454903,0.4473040506913425,0.19864085184322977,24,24,17928,11581
CAMELS-US,792,18,0.5064158110157646,0.40397914057257095,0.20227778875570068,24,24,16152,10350
CAMELS-US,793,18,0.7240440586399228,0.5711184530791038,0.21121035900506024,24,24,16728,10933
CAMELS-US,794,18,0.40702409117310384,0.3031167584815518,0.2552854608484616,24,24,13752,8435
CAMELS-US,795,18,0.4946634906488159,0.3746302286415781,0.24265640031326852,24,24,17400,11472
CAMELS-US,796,18,0.4263347585216435,0.27357650608870054,0.358305883767598,24,23,10296,6334
CAMELS-US,797,18,0.4130074051879275,0.35841650913210343,0.1321789763817528,24,24,16440,11113
CAMELS-US,798,18,0.5913492765714319,0.39518853400530196,0.3317172275976138,24,23,11496,6952
CAMELS-US,799,18,0.45900260891853734,0.36326808811553857,0.2085707552481243,24,24,18648,12177
CAMELS-US,800,18,0.4218756658965666,0.33003764198566926,0.21768978714551823,24,23,17664,10433
CAMELS-US,801,18,0.5752722944005872,0.4424141393137745,0.2309482941903992,24,24,17928,11275
CAMELS-US,802,18,0.6688938329186549,0.5373855837956846,0.19660556376958438,24,24,16320,11176
CAMELS-US,803,18,0.41042180721617316,0.3350313977254637,0.1836900675479961,24,24,16848,10858
CAMELS-US,804,18,0.6220212923772906,0.4838256831236419,0.2221718306868271,24,24,16680,11078
CAMELS-US,805,18,0.4995806555647671,0.3803519683740794,0.23865753379882526,24,22,13632,8051
CAMELS-US,806,18,0.4631125807000455,0.3351459316631958,0.27631866282581674,24,22,13320,7650
CAMELS-US,807,18,0.4957776420043962,0.3726187560182953,0.24841557091638433,24,24,16752,11076
CAMELS-US,808,18,0.5448823548079137,0.39099907135469897,0.28241561154510664,24,23,10656,6387
CAMELS-US,809,18,0.5086473584952053,0.37861922148638466,0.25563513667602444,24,23,10896,6583
CAMELS-US,810,18,0.4776734414844567,0.35371904371871066,0.2594961054994711,24,24,15600,9756
CAMELS-US,811,18,0.6200416423559596,0.47955739063605707,0.22657228502606275,24,24,16272,10083
CAMELS-US,812,18,0.512682176000067,0.3629887580726994,0.2919809287993427,24,24,15888,10192
CAMELS-US,813,18,0.5039095575606286,0.36710663137424654,0.2714830948010396,24,23,13296,7648
CAMELS-US,814,18,0.6096131147938092,0.4740386869115021,0.2223942113321541,24,24,18936,12141
CAMELS-US,815,18,0.5456910707957143,0.4232377189282282,0.22440050501271247,24,24,15672,10022
CAMELS-US,816,18,0.5552100671955648,0.40681785482757993,0.26727219323945695,24,24,15120,9814
CAMELS-US,817,18,0.3689577435633368,0.310337369931371,0.15888099560079516,24,23,15192,9422
CAMELS-US,818,18,0.48447083270059027,0.42307059575857003,0.1267367048698398,24,24,16032,11029
CAMELS-US,819,18,0.6210483515442177,0.44559917656993975,0.28250485576208184,24,24,14232,9216
CAMELS-US,820,18,0.4456355780298259,0.32055731011766264,0.2806738826041216,24,24,15768,9811
CAMELS-US,821,18,0.5555211451952604,0.39776415629920586,0.28398016936079806,24,24,14256,9064
CAMELS-US,822,18,0.3834900954086192,0.2670075598701814,0.303743269860262,24,24,20544,13294
CAMELS-US,823,18,0.4756273909480366,0.3234715777837482,0.3199054891708535,24,24,15984,9897
CAMELS-US,824,18,0.40821401946498204,0.29658887575319376,0.27344759951676245,24,24,21096,12995
CAMELS-US,825,18,0.5219579233513733,0.4033870239626581,0.22716562788701122,24,24,17736,11826
CAMELS-US,826,18,0.5208399890446437,0.3135192987702135,0.3980506386514414,24,23,14472,8486
CAMELS-US,827,18,0.46376633011064966,0.34043355008393006,0.26593733097720507,24,23,16944,9909
CAMELS-US,828,18,0.5801779875433721,0.47261877257630835,0.1853900307774483,24,24,16968,11759
CAMELS-US,829,18,0.5323970908581883,0.36722689563758376,0.3102387260500641,24,22,12408,6882
CAMELS-US,830,18,0.4558971248221082,0.30041193527784976,0.3410532356503213,24,23,10560,5933
CAMELS-US,831,18,0.5779708297614331,0.4281723963319238,0.2591799200166228,24,24,14112,9100
CAMELS-US,832,18,0.44380323228885976,0.36805422938394405,0.1706815034091791,24,24,20016,13293
CAMELS-US,833,18,0.5091524345108215,0.3954593035885305,0.22329880644000843,24,24,16272,10534
CAMELS-US,834,18,0.440663901795166,0.3657784941074032,0.169937694879695,24,24,14616,9748
CAMELS-US,835,18,0.4924152740524129,0.3902740693351595,0.20742899357419498,24,24,17568,11766
CAMELS-US,836,18,0.5632935578507585,0.4278695783908792,0.2404145717138827,24,24,15696,9386
CAMELS-US,837,18,0.5891623292543539,0.43698553796273637,0.25829348506414695,24,24,17256,11697
CAMELS-US,838,18,0.5128418909241307,0.4055128781951814,0.20928285038405225,24,24,18096,12038
CAMELS-US,839,18,0.4713695983098154,0.38208681226320257,0.18941142230375718,24,24,13920,8848
CAMELS-US,840,18,0.5729322572696781,0.4598040081256723,0.19745484341049513,24,24,17040,10669
CAMELS-US,841,18,0.6008489747744852,0.45837823850829534,0.23711571833781186,24,24,17640,10940
CAMELS-US,842,18,0.6276261978850992,0.49800999512732924,0.20651815235650672,24,24,20088,12518
CAMELS-US,843,18,0.5812249250615007,0.42053380245365535,0.2764697721640934,24,24,14568,9319
CAMELS-US,844,18,0.4873594655327679,0.39489042224961524,0.1897347847385462,24,24,13752,8928
CAMELS-US,845,18,0.4439361991394578,0.3265624548920432,0.264393271994796,24,24,15648,9629
CAMELS-US,846,18,0.4198107497170907,0.3097200297880291,0.2622389255235875,24,24,12216,7839
CAMELS-US,847,18,0.4432766299776521,0.3570575895240096,0.1945039161166453,24,24,19008,12610
CAMELS-US,848,18,0.5343958497443414,0.37309347576776,0.30184061881047464,24,24,16680,10577
CAMELS-US,849,18,0.4741231497682463,0.3432459100763576,0.2760406020162951,24,24,12792,8388
CAMELS-US,850,18,0.49383979012022594,0.40029250638760855,0.18942840492833346,24,24,18672,12404
CAMELS-US,851,18,0.5046497613228186,0.3671865946154351,0.27239320662127464,24,24,16704,10714
CAMELS-US,852,18,0.5060849581357814,0.3687074618331259,0.2714514511727444,24,24,16992,10972
CAMELS-US,853,18,0.5079489796944565,0.407123082178957,0.198496111905075,24,24,20808,13926
CAMELS-US,854,18,0.5854730083896758,0.4534323603518894,0.225528156115958,24,23,13320,7891
CAMELS-US,855,18,0.5259988916070362,0.40784490826718184,0.22462781809077448,24,24,18816,12832
CAMELS-US,856,18,0.4263591266896979,0.3309056320663328,0.22388050037647178,24,24,13848,8831
CAMELS-US,857,18,0.5029296464265781,0.40717689544530705,0.19038995148051951,24,24,15360,9469
CAMELS-US,858,18,0.6544372617014278,0.4547769472833787,0.30508702071603555,24,24,13032,8136
CAMELS-US,859,18,0.42607496104198345,0.3309041774113105,0.22336629075299086,24,24,17952,11503
CAMELS-US,860,18,0.5303128008461913,0.4237473003160521,0.20094838434995044,24,24,16224,10308
CAMELS-US,861,18,0.5439262666765267,0.39701188300820706,0.2700998143847495,24,23,12936,7584
CAMELS-US,862,18,0.39618755782059206,0.2712456990510975,0.3153603799594148,24,24,17064,10379
CAMELS-US,863,18,0.643439529126527,0.4644934143039095,0.2781086748983823,24,24,13896,8739
CAMELS-US,864,18,0.4740088085614459,0.3763047515271446,0.20612287212725056,24,23,14784,8807
CAMELS-US,865,18,0.5108347908127152,0.3648644201537464,0.2857486868244359,24,22,11160,6299
CAMELS-US,866,18,0.5243090092737939,0.4091118346837791,0.2197123691419517,24,24,14520,9478
CAMELS-US,867,18,0.3812732086899436,0.2869862758177672,0.2472949337199608,24,22,12744,7455
CAMELS-US,868,18,0.4412911228228485,0.3314931805218988,0.2488106753623206,24,24,19680,12657
CAMELS-US,869,18,0.5502943628330497,0.40764963986093344,0.2592153083992109,24,24,14280,9251
CAMELS-US,870,18,0.5340609741087239,0.3622804812245717,0.32164958911448416,24,24,15792,10369
CAMELS-US,871,18,0.5519524305509459,0.42952797181858404,0.22180255390878634,24,24,15408,10410
CAMELS-US,872,18,0.42448526045226037,0.3327528177282853,0.21610277498502617,24,24,14016,9445
CAMELS-US,873,18,0.6104490690847347,0.4940379665657899,0.1906974855305842,24,24,18168,12049
CAMELS-US,874,18,0.4175456682556364,0.3341643281441613,0.19969394116771444,24,24,18936,11906
CAMELS-US,875,18,0.5483427357925378,0.39229387771044516,0.2845827032914917,24,24,16320,10482
CAMELS-US,876,18,0.5494084344641728,0.43989499917603164,0.19932973070380222,24,24,18432,11401
CAMELS-US,877,18,0.5319707334504877,0.43955814328444914,0.173717432849414,24,24,15360,10364
CAMELS-US,878,18,0.6246396101201006,0.43248295074843185,0.3076280406468659,24,24,13440,9008
CAMELS-US,879,18,0.5199302751450194,0.4226590166355066,0.18708519807272594,24,24,19920,12860
CAMELS-US,880,18,0.4668650218250248,0.3483980823468271,0.2537498718903761,24,24,17184,10856
CAMELS-US,881,18,0.4643255766390532,0.38286073000524706,0.1754476831181183,24,23,15912,9499
CAMELS-US,882,18,0.45629818181845305,0.3263343726419166,0.2848221061469077,24,24,14952,9745
CAMELS-US,883,18,0.5383341502708726,0.415403414198247,0.22835396195981772,24,24,15552,9923
CAMELS-US,884,18,0.44914917748331923,0.33042335818249535,0.2643349364816173,24,23,16584,9723
CAMELS-US,885,18,0.6147463847999921,0.4739789637717155,0.2289845446981772,24,24,14616,9219
CAMELS-US,886,18,0.5617814463305825,0.45305546527633295,0.19353786381593896,24,24,24672,16829
CAMELS-US,887,18,0.5364790257621077,0.3601747279107236,0.3286322286336003,24,24,15936,10106
CAMELS-US,888,18,0.6139548666778887,0.38122808537085123,0.37906170948089823,24,23,8424,4992
CAMELS-US,889,18,0.40615388474138775,0.2983194117606004,0.2655015180993512,24,24,20352,13362
CAMELS-US,890,18,0.45217039082148675,0.316926142656439,0.2991001863685522,24,24,14880,9514
CAMELS-US,891,18,0.5560155391661081,0.41117881437199116,0.2604904262412123,24,24,17232,11246
CAMELS-US,892,18,0.4079575192469623,0.3110257775069181,0.23760253743813287,24,23,13704,8175
CAMELS-US,893,18,0.4599276024327407,0.3634832360551561,0.2096946690467193,24,24,14424,9490
CAMELS-US,894,18,0.42464684046254947,0.3170736726306277,0.25332383896874633,24,24,15600,10015
CAMELS-US,895,18,0.49379579080869,0.3946178988612136,0.2008479897834946,24,24,21888,13815
CAMELS-US,896,18,0.4888227789906126,0.3853790870484785,0.2116179858797469,24,24,12864,8316
CAMELS-US,897,18,0.45868041605739673,0.3162900178168227,0.310434876344832,24,24,12408,8105
CAMELS-US,898,18,0.39768466489696896,0.300353974058314,0.24474338446988175,24,24,17256,11641
CAMELS-US,899,18,0.4644996629063502,0.3746912212503822,0.19334447111121944,24,24,16896,11048
CAMELS-US,900,18,0.4734706727872963,0.36459050911088536,0.22996179052746668,24,24,18432,12411
CAMELS-US,901,18,0.558293927843946,0.4156968849353923,0.25541571526533313,24,24,17352,10290
CAMELS-US,902,18,0.5466161748096412,0.46374859934130935,0.1516010306449319,24,24,18840,12768
CAMELS-US,903,18,0.5000049804908961,0.3561419094164204,0.2877232761426367,24,24,15720,10076
CAMELS-US,904,18,0.43984761083466584,0.3143059468453853,0.28542081597544544,24,24,15624,9862
CAMELS-US,905,18,0.39728767294013095,0.32430924278588513,0.1836916550019494,24,23,16008,9674
CAMELS-US,906,18,0.42863866463461536,0.38106087928904314,0.11099741873759561,24,24,20376,13654
CAMELS-US,907,18,0.46325595533748515,0.37625859923776167,0.18779544029033646,24,24,16536,10331
CAMELS-US,908,18,0.52134065581199,0.4133789116105313,0.20708483598561456,24,24,12144,7845
CAMELS-US,909,18,0.43150968565867404,0.33479074153317406,0.22414084165425907,24,24,16824,11333
CAMELS-US,910,18,0.5842671210915749,0.4671533384843332,0.20044561533505467,24,24,18696,12618
CAMELS-US,911,18,0.6443713300106824,0.5253661070711774,0.1846842300347722,24,24,15168,10095
CAMELS-US,912,18,0.5326186707721928,0.3910144028908827,0.26586425833704186,24,24,16656,10411
CAMELS-US,913,18,0.37257234946540263,0.3401255760014156,0.08708851719818811,24,24,16392,11300
CAMELS-US,914,18,0.5084531799742984,0.3967957398408348,0.2196022063213523,24,24,14472,9705
CAMELS-US,915,18,0.5053097184218699,0.39459809987996114,0.2190965550547328,24,24,19440,12362
CAMELS-US,916,18,0.5855850547835929,0.4012452158899916,0.31479601022557746,24,23,11064,6720
CAMELS-US,917,18,0.4986608738830434,0.38821393351581324,0.22148707899857123,24,24,17136,11070
CAMELS-US,918,18,0.4831827412574689,0.3907833884347245,0.1912306565053996,24,24,18480,12673
CAMELS-US,919,18,0.5672953158861149,0.4408256306116502,0.22293447827419333,24,24,17304,10992
CAMELS-US,920,18,0.5163330582431411,0.3810446306152543,0.2620177528206601,24,24,13872,8999
CAMELS-US,921,18,0.5017527777041955,0.36265230000270804,0.27722911338518397,24,24,12240,8022
CAMELS-US,922,18,0.7194485572239452,0.4735954146733339,0.34172442224258126,24,23,9672,5794
CAMELS-US,923,18,0.5966409452748502,0.4546863218236479,0.2379230332336798,24,24,12912,8389
CAMELS-US,924,18,0.5283854702600967,0.3970328081693753,0.24859249446443588,24,24,13968,8615
CAMELS-US,925,18,0.5092411393530255,0.4144449618615368,0.18615184470744883,24,24,13992,9122
CAMELS-US,926,18,0.612539598508903,0.47667312324773714,0.22180847669588033,24,24,15696,10051
CAMELS-US,927,18,0.5808358376521187,0.41486959887953445,0.2857369122460841,24,24,11760,7481
CAMELS-US,928,18,0.5944335011750387,0.46060714227366106,0.22513259874626534,24,24,23640,15942
CAMELS-US,929,18,0.5076925028756331,0.41006293029389546,0.19230059933670807,24,24,16728,10556
CAMELS-US,930,18,0.4907763982527523,0.3448262091395669,0.2973863242665967,24,24,13248,8564
CAMELS-US,931,18,0.5013726201482538,0.41258243204518663,0.17709421004444215,24,24,19680,12606
CAMELS-US,932,18,0.42063815765446394,0.3283687419404938,0.21935579080242518,24,24,15408,9862
CAMELS-US,933,18,0.5722607313252358,0.4047200396082163,0.2927698556723094,24,24,13200,8331
CAMELS-US,934,18,0.4862399753526885,0.33319461673038764,0.3147527278301032,24,23,13944,8117
CAMELS-US,935,18,0.4532774622951036,0.35884154174074573,0.2083402075104186,24,24,20256,13517
CAMELS-US,936,18,0.5274061324609249,0.39815747112438526,0.24506476770274488,24,23,13080,7800
CAMELS-US,937,18,0.5121535846055112,0.3263401521242295,0.3628080288150387,24,24,15720,9198
CAMELS-US,938,18,0.40677728684053593,0.33686585395299384,0.17186660895092853,24,24,13056,8155
CAMELS-US,939,18,0.5424028971839,0.36723126100479764,0.32295483134138014,24,24,15624,9913
CAMELS-US,940,18,0.48644840246009474,0.3986700697536003,0.18044736556349417,24,24,16464,11191
CAMELS-US,941,18,0.4567556213665732,0.34158629273004354,0.25214649420614255,24,24,18624,11905
CAMELS-US,942,18,0.4832044500176044,0.34352320945236436,0.289072752869207,24,24,20544,13194
CAMELS-US,943,18,0.59798048089543,0.45026702354349984,0.24702053339724495,24,24,15792,9533
CAMELS-US,944,18,0.4885665952359659,0.3784378501293373,0.2254119421599815,24,24,13104,8056
CAMELS-US,945,18,0.49529558805294366,0.3952633607384733,0.20196470497083774,24,24,17808,11045
CAMELS-US,946,18,0.6421626369491373,0.4917715435948656,0.23419471127869984,24,24,16512,10202
CAMELS-US,947,18,0.5385580388562351,0.41912597600750057,0.22176265923423755,24,24,15216,9365
CAMELS-US,948,18,0.552251172991116,0.39752616066618013,0.28017145076743,24,24,17328,10861
CAMELS-US,949,18,0.4811771724005834,0.376100231712182,0.21837474160333625,24,24,16104,10485
CAMELS-US,950,18,0.3961394449194666,0.27443576078852544,0.30722435165648043,24,24,12744,8337
CAMELS-US,951,18,0.5711909323162011,0.4260669375741682,0.25407265159751324,24,24,16992,10682
CAMELS-US,952,18,0.4221452662837063,0.3222029892180808,0.23674854380211963,24,23,10584,7003
CAMELS-US,953,18,0.6417429998850637,0.507340986356427,0.20943276911895903,24,24,18600,11960
CAMELS-US,954,18,0.4534367691659068,0.3131596936210914,0.30936413869314994,24,23,13440,7946
CAMELS-US,955,18,0.4613540000920932,0.3421076204274883,0.2584704579147499,24,23,15144,8893
CAMELS-US,956,18,0.40388119623232777,0.2889745650371919,0.28450601876755177,24,24,19272,11605
CAMELS-US,957,18,0.39985914046640403,0.3181361081763736,0.20437955274626707,24,24,15096,9977
CAMELS-US,958,18,0.4023437201232759,0.2986120268831751,0.2578185965182157,24,24,14544,9777
CAMELS-US,959,18,0.469082098387947,0.31155370335330934,0.33582265359518426,24,24,16104,10325
CAMELS-US,960,18,0.6423804693976016,0.47992147151706943,0.252901521169969,24,23,15408,9202
CAMELS-US,961,18,0.5378521764510438,0.4159457957591011,0.22665406226730922,24,24,16776,10510
CAMELS-US,962,18,0.35506442687992107,0.2898439656035834,0.18368627307853214,24,24,15864,10550
CAMELS-US,963,18,0.5014339532856451,0.40124430980030884,0.1998062612809599,24,24,19272,11635
CAMELS-US,964,18,0.5373129884480532,0.39944698357711667,0.2565841657190189,24,24,16008,9981
CAMELS-US,965,18,0.4890085161454053,0.3904416446086478,0.20156473411487363,24,24,16056,10233
CAMELS-US,966,18,0.6135467840303813,0.49234151663613823,0.1975485334599053,24,24,19056,12669
CAMELS-US,967,18,0.6358457590903142,0.5018134846442874,0.2107936909696193,24,24,18000,11652
CAMELS-US,968,18,0.47154361544771134,0.3939854271039241,0.16447723138006842,24,24,16224,10354
CAMELS-US,969,18,0.4954698056909533,0.3725329105351557,0.24812187088647508,24,23,13152,7382
CAMELS-US,970,18,0.5270873225475438,0.3681586792136933,0.3015224167519509,24,24,14856,9403
CAMELS-US,971,18,0.6622319184881592,0.5075941941020251,0.23350992313865504,24,24,19968,13286
CAMELS-US,972,18,0.6208703680734,0.43812243561455444,0.29434152740438224,24,24,14304,9440
CAMELS-US,973,18,0.5272320938072649,0.41003242395626166,0.22229236654521034,24,24,12168,8111
CAMELS-US,974,18,0.3413744382656151,0.2859629971931832,0.1623186591062733,24,24,19560,13222
CAMELS-US,975,18,0.5456574027496617,0.4109508218417085,0.24687025270644825,24,24,16416,10554
CAMELS-US,976,18,0.5953153070694062,0.4384619024709991,0.2634795422455347,24,23,14112,7922
CAMELS-US,977,18,0.5864697417346599,0.4514453709219247,0.23023245907514378,24,22,9768,5600
CAMELS-US,978,18,0.5350200029434372,0.39766731208685335,0.2567244030147129,24,23,14640,8390
CAMELS-US,979,18,0.4079444162045186,0.3384744579132598,0.1702927054072748,24,23,15480,9310
CAMELS-US,980,18,0.5298948778768325,0.3882546830960417,0.26729866751743414,24,24,19776,12929
CAMELS-US,981,18,0.5535693399026757,0.42838927349009576,0.22613258609045817,24,24,17712,11649
CAMELS-US,982,18,0.4500816201287806,0.3030929356335099,0.32658228623780106,24,24,12528,7729
CAMELS-US,983,18,0.5569538986426007,0.406249668296667,0.27058654354198386,24,24,12936,8427
CAMELS-US,984,18,0.3874896680621097,0.29314525632201877,0.24347594146682827,24,24,13800,9208
CAMELS-US,985,18,0.4665393566529952,0.37237331706386423,0.20183943379329994,24,24,17904,11707
CAMELS-US,986,18,0.4537017310283792,0.3634343915680165,0.19895744998759202,24,23,14976,9048
CAMELS-US,987,18,0.46872771737987473,0.34317851154345885,0.2678510384199576,24,24,16008,10008
CAMELS-US,988,18,0.5628735949910117,0.4281824695619785,0.2392919593806565,24,24,15408,9638
CAMELS-US,989,18,0.48951232522187943,0.3926008247338658,0.19797560856937957,24,24,18192,12014
CAMELS-US,990,18,0.4942158271202266,0.3604116493216924,0.2707403738528673,24,23,12264,7592
CAMELS-US,991,18,0.5565463066803559,0.4090058598271106,0.26510003764697154,24,24,19152,12360
CAMELS-US,992,18,0.6114337275181574,0.42858457511577697,0.29904983021557385,24,24,13176,8273
CAMELS-US,993,18,0.6131390282016155,0.4823973196575176,0.21323338187682084,24,23,16584,10508
CAMELS-US,994,18,0.4669829677271048,0.35092383567251784,0.24852968967898104,24,24,17016,10832
CAMELS-US,995,18,0.4900046957242702,0.35818853750405244,0.26900998984383573,24,24,16320,10594
CAMELS-US,996,18,0.5891869517946174,0.41024740834895623,0.30370588299796075,24,24,12384,7558
CAMELS-US,997,18,0.45665006412128717,0.34933542482770363,0.23500410429172858,24,24,18144,11963
CAMELS-US,998,18,0.4429647715182862,0.317255534088669,0.28379059806210283,24,24,17616,11750
CAMELS-US,999,18,0.5175997075064378,0.3912091301756641,0.24418595199689452,24,24,17592,11409
CAMELS-GB v2,0,12,0.21276127343039664,0.20161464081164723,0.052390326674727095,24,24,20184,11229
CAMELS-GB v2,1,12,0.35173123209264184,0.30830493072646603,0.12346444501902476,24,24,11160,6823
CAMELS-GB v2,2,12,0.30793219220895574,0.2653369997293515,0.1383265327799833,24,24,16416,9669
CAMELS-GB v2,3,12,0.2686971637030996,0.21254311014940983,0.20898640231177845,24,24,19488,11985
CAMELS-GB v2,4,12,0.28642372215062933,0.25287638149354985,0.11712486802834388,24,24,20592,12112
CAMELS-GB v2,5,12,0.29506814141463494,0.254671297818391,0.13690682905504736,24,24,15144,9058
CAMELS-GB v2,6,12,0.25886305381405283,0.21447101662453905,0.17148850148929162,24,24,16680,9728
CAMELS-GB v2,7,12,0.2543973008570247,0.21055197377145252,0.1723498124306514,24,23,14088,8463
CAMELS-GB v2,8,12,0.24404522885083496,0.1965884376557832,0.19445900015549267,24,24,16416,10224
CAMELS-GB v2,9,12,0.2553488781956976,0.24009420008734675,0.05974053309394134,24,24,17016,9744
CAMELS-GB v2,10,12,0.20748847299196785,0.1691612282933765,0.1847198745352715,24,23,19344,12612
CAMELS-GB v2,11,12,0.2592567246548197,0.23794508157246833,0.08220285553142803,24,24,17640,10176
CAMELS-GB v2,12,12,0.29326576232822504,0.243003026408431,0.171389716688236,24,24,14808,9067
CAMELS-GB v2,13,12,0.3059282927081616,0.23711987421931802,0.22491681916612705,24,24,15912,9460
CAMELS-GB v2,14,12,0.3363669699657213,0.3121265592181558,0.07206537178735417,24,24,14856,9365
CAMELS-GB v2,15,12,0.3007166059853845,0.2775992829446897,0.07687411529850252,24,24,15504,9614
CAMELS-GB v2,16,12,0.26894196020449435,0.23782231858865738,0.11571136609614452,24,24,17424,10068
CAMELS-GB v2,17,12,0.2658564502204932,0.20994587206425394,0.21030363607829994,24,24,11400,7306
CAMELS-GB v2,18,12,0.2874742647767913,0.24689866032090477,0.14114517168133756,24,24,19272,11200
CAMELS-GB v2,19,12,0.3264294726830294,0.29422506918064095,0.09865654359482323,24,24,12480,7659
CAMELS-GB v2,20,12,0.2518550466518738,0.1832700456688381,0.2723193435859048,24,24,15696,9779
CAMELS-GB v2,21,12,0.3194970095056582,0.2758037669849355,0.13675634269105397,24,24,14928,8606
CAMELS-GB v2,22,12,0.3306952082334508,0.2846283744825641,0.13930299745488384,24,24,15744,9673
CAMELS-GB v2,23,12,0.21938914008616642,0.1919215956350106,0.12520010990684305,24,22,12744,8091
CAMELS-GB v2,24,12,0.23763186880921852,0.19961436745654326,0.15998486037744963,24,24,19608,11230
CAMELS-GB v2,25,12,0.2712363915643465,0.23931021435226366,0.11770609772512353,24,24,19152,10897
CAMELS-GB v2,26,12,0.28398775757970535,0.22700740363451277,0.20064369827350814,24,24,15384,9289
CAMELS-GB v2,27,12,0.291217217475591,0.22209678441071265,0.23735009098722615,24,24,15144,8714
CAMELS-GB v2,28,12,0.30338132168073456,0.27580425736628394,0.0908990183102687,24,24,17184,9955
CAMELS-GB v2,29,12,0.2787238822039437,0.23797391102310092,0.14620193597556808,24,24,15120,9045
CAMELS-GB v2,30,12,0.2723237220980056,0.2051923714109291,0.24651304766948223,24,23,13896,8393
CAMELS-GB v2,31,12,0.2618021145713134,0.19977903576763467,0.23690824233882957,24,24,22488,13688
CAMELS-GB v2,32,12,0.20719451877251474,0.17940891279536822,0.13410396250710277,24,23,16608,9630
CAMELS-GB v2,33,12,0.28206064238900236,0.229083639918691,0.18782132105211768,24,24,13488,8356
CAMELS-GB v2,34,12,0.2536395946843007,0.23663564789520347,0.06703979640979019,24,24,15888,9921
CAMELS-GB v2,35,12,0.2858464017525853,0.25982726141263024,0.09102490071739977,24,24,12120,7536
CAMELS-GB v2,36,12,0.32079942020155827,0.24848580409737225,0.22541691646060757,24,24,13368,7839
CAMELS-GB v2,37,12,0.28293949692847814,0.21975144309573136,0.22332708765902543,24,24,14592,8650
CAMELS-GB v2,38,12,0.2470990184248738,0.2200541054802874,0.10944969800763882,24,24,19608,11148
CAMELS-GB v2,39,12,0.29592207229916806,0.25680123469090216,0.13219979606224153,24,24,16152,9466
CAMELS-GB v2,40,12,0.23946565122448682,0.21599562254397056,0.09801000085191469,24,24,16248,10189
CAMELS-GB v2,41,12,0.28509898293639113,0.25333159254209897,0.11142582855646255,24,24,13992,8527
CAMELS-GB v2,42,12,0.24161767257204902,0.22226084717844447,0.08011345026027628,24,24,14856,9110
CAMELS-GB v2,43,12,0.26873154564729246,0.22861271522299842,0.14928962034457094,24,24,16728,9776
CAMELS-GB v2,44,12,0.22995456947491758,0.179026374410939,0.22147068084043275,24,23,15984,10471
CAMELS-GB v2,45,12,0.2652755432282769,0.23322728870063944,0.1208111917805369,24,24,14040,8327
CAMELS-GB v2,46,12,0.23878403097205253,0.21899234255929198,0.08288530992709886,24,24,15144,8630
CAMELS-GB v2,47,12,0.38676848201878206,0.29413425802007076,0.23950820272426654,24,24,11424,6626
CAMELS-GB v2,48,12,0.2834055656269243,0.2455852428859254,0.13344947075169888,24,24,18552,10708
CAMELS-GB v2,49,12,0.2610435385578585,0.20490609418045663,0.21505012032680282,24,24,16008,9679
CAMELS-GB v2,50,12,0.2944452224800232,0.25458781663837593,0.13536441687163536,24,24,12288,7102
CAMELS-GB v2,51,12,0.23366756942809808,0.19876030273820572,0.149388581288058,24,24,12216,7253
CAMELS-GB v2,52,12,0.2165439476573078,0.1908939833060709,0.11845154126325119,24,23,17544,10370
CAMELS-GB v2,53,12,0.24841557711753712,0.22989385845133128,0.07455940920098714,24,24,14424,8472
CAMELS-GB v2,54,12,0.25096397453329927,0.20850409451822632,0.16918715163812936,24,24,15792,9878
CAMELS-GB v2,55,12,0.24710509487220408,0.18282949756561506,0.26011441544671743,24,24,17304,10913
CAMELS-GB v2,56,12,0.3560382422230098,0.30165174420290636,0.15275465264778398,24,24,13848,8312
CAMELS-GB v2,57,12,0.30342190267513586,0.25017343751528565,0.1754931489466719,24,24,16368,9209
CAMELS-GB v2,58,12,0.2954745186849662,0.1983078286748563,0.32884964308448084,24,24,15888,9238
CAMELS-GB v2,59,12,0.3028015616207573,0.25180903919376957,0.16840244202852928,24,24,14976,9113
CAMELS-GB v2,60,12,0.2413839901765941,0.19095999098515723,0.2088953751843574,24,22,12288,7598
CAMELS-GB v2,61,12,0.260472780236401,0.22648530033866826,0.13048380666450543,24,24,14760,8839
CAMELS-GB v2,62,12,0.20172540649557266,0.17957408029859998,0.10980930256526145,24,23,18024,10586
CAMELS-GB v2,63,12,0.24735285561586018,0.17865868636733312,0.2777173082457125,24,24,19584,12350
CAMELS-GB v2,64,12,0.2989039056904563,0.23369260650082097,0.21816810669970932,24,24,12480,7452
CAMELS-GB v2,65,12,0.3506420276169212,0.2971619383180524,0.15252047697287496,24,24,16896,9966
CAMELS-GB v2,66,12,0.2927402480631176,0.23681395719594414,0.19104407828169645,24,24,16632,9823
CAMELS-GB v2,67,12,0.2327366450420942,0.17704540522797838,0.23928865952348488,24,24,16896,10657
CAMELS-GB v2,68,12,0.22363628634431404,0.17923580940534312,0.19853878663774283,24,22,17640,10747
CAMELS-GB v2,69,12,0.21419604773364423,0.19086413921596468,0.10892781993201439,24,23,16104,9630
CAMELS-GB v2,70,12,0.19968199874949386,0.1473469239627872,0.2620921020144752,24,24,14928,11424
CAMELS-GB v2,71,12,0.29783858009902253,0.26085166257543235,0.12418444081788571,24,24,15600,8745
CAMELS-GB v2,72,12,0.2667669581948284,0.216429981224355,0.18869269759304552,24,24,15984,9722
CAMELS-GB v2,73,12,0.22802229239397656,0.18990634691910338,0.16715885571844225,24,24,17112,10921
CAMELS-GB v2,74,12,0.21429145408907177,0.17039314480888984,0.2048532894920545,24,23,16008,10065
CAMELS-GB v2,75,12,0.23040073935741967,0.20445915817789684,0.11259330700011239,24,24,17568,10583
CAMELS-GB v2,76,12,0.279932369978788,0.2467927944113902,0.11838422105278135,24,24,18144,10478
CAMELS-GB v2,77,12,0.255773172189154,0.20526996341589565,0.19745311183734826,24,24,15984,9709
CAMELS-GB v2,78,12,0.2641309610816506,0.22835905653751662,0.1354324551640722,24,24,14784,8672
CAMELS-GB v2,79,12,0.27189557328690855,0.24005851285064891,0.11709297084680614,24,24,16296,9573
CAMELS-GB v2,80,12,0.29685980917252275,0.2626195772275071,0.11534142004759096,24,24,17952,10223
CAMELS-GB v2,81,12,0.27714323708855365,0.2403781909750651,0.1326572010189131,24,23,11712,7020
CAMELS-GB v2,82,12,0.2850782673070031,0.2227614327459433,0.21859552869370535,24,24,13632,8169
CAMELS-GB v2,83,12,0.36302199774907123,0.3123871744796374,0.1394814187112533,24,24,13944,8595
CAMELS-GB v2,84,12,0.20673907577434816,0.16469551413841754,0.20336533612939423,24,24,12840,9149
CAMELS-GB v2,85,12,0.3482964685124132,0.2845904167419739,0.18290754437600287,24,24,14544,8485
CAMELS-GB v2,86,12,0.3135261300207975,0.2624967762492548,0.16275949238475806,24,24,17520,10123
CAMELS-GB v2,87,12,0.2750138026409309,0.2343087707121173,0.14801086904703364,24,24,20952,11737
CAMELS-GB v2,88,12,0.32422586637140904,0.28280851935371376,0.12774226646757003,24,24,14952,8866
CAMELS-GB v2,89,12,0.21554721542285527,0.1878585454405519,0.12845756289629828,24,23,15936,10442
CAMELS-GB v2,90,12,0.21979687639597095,0.16198266241547096,0.263034738839263,24,24,16272,11856
CAMELS-GB v2,91,12,0.36221371925737494,0.3338905613905507,0.07819460269172995,24,24,16968,10370
CAMELS-GB v2,92,12,0.2750887172741693,0.22233378988458247,0.19177423164545204,24,24,16440,9331
CAMELS-GB v2,93,12,0.3663196786449332,0.3178942376800004,0.132194484184047,24,24,14424,8803
CAMELS-GB v2,94,12,0.22388861008526414,0.16381110705598065,0.2683365759714351,24,23,12024,8192
CAMELS-GB v2,95,12,0.2471175783262124,0.2191686199471701,0.11309983922773681,24,24,16176,9818
CAMELS-GB v2,96,12,0.23403819153189054,0.19660224136064255,0.15995658625719167,24,24,18600,10615
CAMELS-GB v2,97,12,0.24161724156972175,0.18985278774287154,0.21424155615116947,24,24,16896,10262
CAMELS-GB v2,98,12,0.1997120576606942,0.16844863109922947,0.15654250888837418,24,22,15240,9438
CAMELS-GB v2,99,12,0.26711839523311753,0.22627790550454085,0.15289283874640935,24,24,15312,9252
CAMELS-GB v2,100,12,0.2112410834581074,0.19956010728615306,0.055296895758778275,24,23,13416,7465
CAMELS-GB v2,101,12,0.28024276013991956,0.24636819377074012,0.12087579480114508,24,24,13536,8059
CAMELS-GB v2,102,12,0.29761619731617195,0.2614226096220666,0.12161161932882025,24,24,16752,10232
CAMELS-GB v2,103,12,0.23684696112091702,0.18811790462090677,0.2057406870216616,24,24,10224,6399
CAMELS-GB v2,104,12,0.23245817171203137,0.20702095332285153,0.10942707757631087,24,24,20760,12110
CAMELS-GB v2,105,12,0.3425989580902769,0.27254022146773793,0.2044919722262497,24,24,16032,9429
CAMELS-GB v2,106,12,0.23760460314310264,0.20832420311428412,0.12323161942777572,24,24,16128,9865
CAMELS-GB v2,107,12,0.2331542833511872,0.2009975827790765,0.13792026511335786,24,23,14928,8424
CAMELS-GB v2,108,12,0.33326932072472226,0.2767401167070444,0.16962018554468306,24,24,16272,9581
CAMELS-GB v2,109,12,0.28619181972945296,0.1979684023317197,0.308266733413743,24,24,18432,10762
CAMELS-GB v2,110,12,0.2603702125163448,0.20635625285473833,0.20745061095733341,24,24,15864,9647
CAMELS-GB v2,111,12,0.2790233477608101,0.22691811085630748,0.18674149429663256,24,24,20544,12339
CAMELS-GB v2,112,12,0.22087403857455315,0.1965188139738412,0.11026748439016376,24,23,16056,9411
CAMELS-GB v2,113,12,0.28065249118737445,0.23792767676510587,0.1522338684453146,24,24,16728,10079
CAMELS-GB v2,114,12,0.2327734630747568,0.178921499661709,0.23134923844713717,24,24,16320,10479
CAMELS-GB v2,115,12,0.24426648022255681,0.2341252099251918,0.04151724087613273,24,24,17880,10299
CAMELS-GB v2,116,12,0.2575154529071683,0.20583779739718927,0.20067788137206788,24,24,13464,8199
CAMELS-GB v2,117,12,0.27902350043172536,0.2440096170454415,0.12548722000873702,24,24,14688,8715
CAMELS-GB v2,118,12,0.2605432331422059,0.22378996768698003,0.1410639801002459,24,24,16848,10191
CAMELS-GB v2,119,12,0.2794119751896654,0.18291852735781905,0.3453447110359046,24,24,19368,11273
CAMELS-GB v2,120,12,0.24498746170370422,0.19577443239019504,0.2008797877706452,24,23,16944,10112
CAMELS-GB v2,121,12,0.2796071564556874,0.23363759657971997,0.16440766559296838,24,24,20664,12307
CAMELS-GB v2,122,12,0.24281050587804892,0.22439756588048831,0.0758325507002916,24,24,15312,8883
CAMELS-GB v2,123,12,0.32870791620329576,0.27586248151106935,0.16076714945782788,24,24,15024,9092
CAMELS-GB v2,124,12,0.2593819033229584,0.20289539457509065,0.21777351474492024,24,24,18072,10705
CAMELS-GB v2,125,12,0.301171033306611,0.25464096695667293,0.15449715013783394,24,24,16440,9579
CAMELS-GB v2,126,12,0.2631309433298887,0.20591414955486484,0.2174460861613331,24,24,15576,9356
CAMELS-GB v2,127,12,0.3329250419656138,0.29239483419244555,0.12173973917334346,24,24,16416,9874
CAMELS-GB v2,128,12,0.2059016118375277,0.17477092198742272,0.15119206485216585,24,23,19656,11502
CAMELS-GB v2,129,12,0.26235668394999306,0.22589589271056218,0.13897412747593862,24,24,16080,9856
CAMELS-GB v2,130,12,0.23518896648735765,0.202472173787383,0.13910853552619062,24,24,18192,11196
CAMELS-GB v2,131,12,0.23575994597117989,0.2172654022656413,0.07844650468234926,24,24,20064,11736
CAMELS-GB v2,132,12,0.295373261309413,0.22421780565131444,0.24090012529455374,24,24,13320,7861
CAMELS-GB v2,133,12,0.2994822229650819,0.25704785171546246,0.1416924544952609,24,24,18168,10497
CAMELS-GB v2,134,12,0.2969016853547368,0.26603583062254255,0.10395985019524523,24,24,14616,8684
CAMELS-GB v2,135,12,0.2334938863238518,0.1981683471118455,0.15129106705179596,24,23,13368,7785
CAMELS-GB v2,136,12,0.3033682712947928,0.234462220247021,0.2271366440322744,24,24,14952,8885
CAMELS-GB v2,137,12,0.367627997153978,0.35498539873986296,0.034389650712102204,24,24,14232,8906
CAMELS-GB v2,138,12,0.23910344560525298,0.20754868748125546,0.13197115601626563,24,24,15792,9211
CAMELS-GB v2,139,12,0.30546115320732514,0.24620481721590173,0.1939897606266302,24,24,15456,8937
CAMELS-GB v2,140,12,0.2035372542746237,0.14624108290355048,0.28150213372617316,24,23,10560,7257
CAMELS-GB v2,141,12,0.2788787811834476,0.189924173252961,0.31897230600693105,24,24,19752,11579
CAMELS-GB v2,142,12,0.30515263507170787,0.261028854316541,0.14459577170224414,24,24,16200,9858
CAMELS-GB v2,143,12,0.21870116695521846,0.18995491658184357,0.131440772692635,24,24,13632,8106
CAMELS-GB v2,144,12,0.19598792657926314,0.1623282227420071,0.17174376210181042,24,23,18696,11996
CAMELS-GB v2,145,12,0.21683675436655303,0.1886538201370076,0.12997304959611877,24,23,13488,7887
CAMELS-GB v2,146,12,0.3375184768936587,0.3010959101292106,0.10791280850655083,24,24,18336,11036
CAMELS-GB v2,147,12,0.25605816810407717,0.2119937058810096,0.17208770393591644,24,23,11736,6854
CAMELS-GB v2,148,12,0.3001422576912497,0.27252611944075855,0.09201016365679271,24,24,17472,10179
CAMELS-GB v2,149,12,0.2752133085913963,0.22546809290596995,0.18075149032593507,24,24,18312,10822
CAMELS-GB v2,150,12,0.33511596264996707,0.2971555461162649,0.11327546510624542,24,24,17976,10509
CAMELS-GB v2,151,12,0.2966895190905044,0.25408758264645603,0.14359097205268223,24,24,18528,10598
CAMELS-GB v2,152,12,0.24510565030096496,0.1837482793887683,0.25033029975790444,24,23,15312,9250
CAMELS-GB v2,153,12,0.2931763017090218,0.2724244306071943,0.07078290769362328,24,24,18768,10861
CAMELS-GB v2,154,12,0.3101792304161964,0.2818657895211069,0.09128090509831588,24,24,14016,8487
CAMELS-GB v2,155,12,0.23468060104430727,0.18282911306736066,0.220944925768096,24,24,17784,10990
CAMELS-GB v2,156,12,0.2898877883583058,0.2402021656586398,0.1713960528694427,24,24,13608,8026
CAMELS-GB v2,157,12,0.2274278564565871,0.19252668778037224,0.15346039495771724,24,24,16512,11060
CAMELS-GB v2,158,12,0.21711758715460844,0.17646281417895593,0.1872477191205263,24,22,16704,10527
CAMELS-GB v2,159,12,0.2682024164982822,0.22636176304192496,0.15600401369472827,24,24,18384,10754
CAMELS-GB v2,160,12,0.32924269612304957,0.276207834430772,0.16108136130818396,24,24,18240,10281
CAMELS-GB v2,161,12,0.26869561899882943,0.2415284606191351,0.10110755985125564,24,24,12456,7359
CAMELS-GB v2,162,12,0.22424877479489896,0.1940449571329801,0.134688885990765,24,24,17976,11071
CAMELS-GB v2,163,12,0.28957479331458796,0.24009650798693194,0.17086530481920725,24,24,16704,10420
CAMELS-GB v2,164,12,0.29226154216060624,0.21513610506505415,0.26389184333109905,24,24,14088,8091
CAMELS-GB v2,165,12,0.2774097790756276,0.23826368253390248,0.14111289325187437,24,24,17664,9923
CAMELS-GB v2,166,12,0.2725985009332365,0.22051728099743867,0.1910546820965583,24,24,15000,8883
CAMELS-GB v2,167,12,0.3074215804331732,0.26343006069517083,0.1430983461734079,24,24,16080,9297
CAMELS-GB v2,168,12,0.23283110283487093,0.21278171111716207,0.08611131190633214,24,24,13752,8220
CAMELS-GB v2,169,12,0.2693910816735902,0.22794289546361046,0.15385879128768176,24,24,16104,9358
CAMELS-GB v2,170,12,0.23770985441890985,0.19796719543083283,0.1671897830455088,24,24,13944,8998
CAMELS-GB v2,171,12,0.26579878132411994,0.21332450622781668,0.19742105225198592,24,24,16200,9979
CAMELS-GB v2,172,12,0.2558272033872891,0.22559099664731846,0.11818995923665299,24,24,18672,11259
CAMELS-GB v2,173,12,0.18751203465053193,0.16003881054925956,0.14651445787186135,24,23,16896,10741
CAMELS-GB v2,174,12,0.2768008961729256,0.24072200683815975,0.13034238629135908,24,24,11784,7130
CAMELS-GB v2,175,12,0.27107542442315097,0.2345103683000104,0.13488886423751278,24,24,18312,10683
CAMELS-GB v2,176,12,0.23374775394235714,0.2072272084021915,0.11345796951146614,24,22,15576,9087
CAMELS-GB v2,177,12,0.21621006060500556,0.19198901728127574,0.11202551470525357,24,22,15624,8926
CAMELS-GB v2,178,12,0.2743625470499888,0.22320191797450925,0.18647089271320294,24,24,14640,8861
CAMELS-GB v2,179,12,0.20908513222658134,0.18353089177112134,0.12221930934700509,24,23,18336,10708
CAMELS-GB v2,180,12,0.2727109456688988,0.25048107235967526,0.08151441539942095,24,24,15024,9397
CAMELS-GB v2,181,12,0.29873389102944203,0.27224619970614994,0.08866650928696129,24,24,15768,9814
CAMELS-GB v2,182,12,0.30430821082396015,0.23989021463875942,0.2116866844005928,24,24,14904,8876
CAMELS-GB v2,183,12,0.3016082004580896,0.2510173335112453,0.1677370405380415,24,24,14544,8930
CAMELS-GB v2,184,12,0.35505655664571084,0.3099336386580404,0.12708656450103473,24,24,15720,9531
CAMELS-GB v2,185,12,0.23396084186394253,0.1975685699716007,0.15554855933329814,24,24,18744,11359
CAMELS-GB v2,186,12,0.2886504350757665,0.25187574406734387,0.12740216725732567,24,24,13704,7964
CAMELS-GB v2,187,12,0.2120479688382476,0.1765775744957247,0.16727533178862986,24,23,15696,9882
CAMELS-GB v2,188,12,0.2696501225272448,0.22451769626443824,0.1673740246798756,24,24,14256,8673
CAMELS-GB v2,189,12,0.2955902732125074,0.25209061884405687,0.14716199520265516,24,24,14784,8659
CAMELS-GB v2,190,12,0.2496321315739371,0.22359079293335088,0.10431885701730348,24,24,13872,8262
CAMELS-GB v2,191,12,0.2690846567068332,0.21070488891099734,0.21695688082074627,24,24,16344,9994
CAMELS-GB v2,192,12,0.267635735317157,0.22197575979624964,0.17060492862359655,24,24,16128,9866
CAMELS-GB v2,193,12,0.33315712734475716,0.28351404144530257,0.1490080260179546,24,24,12504,7534
CAMELS-GB v2,194,12,0.3291236115058275,0.3048838539306038,0.07364940322670976,24,24,15504,9274
CAMELS-GB v2,195,12,0.2897088830168639,0.2606050197116381,0.10045899525811819,24,24,19416,11336
CAMELS-GB v2,196,12,0.2819797930920763,0.24653616402547998,0.12569563470465683,24,24,14448,8472
CAMELS-GB v2,197,12,0.24647159744471742,0.22490264413082534,0.08751090810262596,24,24,19104,11582
CAMELS-GB v2,198,12,0.25190067960888124,0.21353128232927518,0.15231954649420198,24,24,14400,8314
CAMELS-GB v2,199,12,0.30795309755900613,0.2610033225395272,0.15245755081415613,24,24,15552,9124
CAMELS-GB v2,200,12,0.23003626392587528,0.18090735298161004,0.21357028716174975,24,23,12768,7764
CAMELS-GB v2,201,12,0.3861314418373323,0.3158451586936183,0.18202683213071236,24,24,18312,10962
CAMELS-GB v2,202,12,0.28113225923027524,0.23661266638677994,0.15835817975990196,24,24,10752,6573
CAMELS-GB v2,203,12,0.3143891694062745,0.2815601218196462,0.10442168745388436,24,24,18120,10449
CAMELS-GB v2,204,12,0.3147976895107189,0.27986389439547726,0.11097220938799846,24,24,16320,9745
CAMELS-GB v2,205,12,0.28335450099387427,0.261475614674135,0.07721383017738714,24,24,17688,10267
CAMELS-GB v2,206,12,0.23397545774837425,0.22375938328487457,0.04366301731733935,24,24,15648,8761
CAMELS-GB v2,207,12,0.19349756540397575,0.16208469129511272,0.16234247724657735,24,22,13656,8446
CAMELS-GB v2,208,12,0.24208387140590362,0.19886181946811188,0.17854164214567214,24,24,20856,12626
CAMELS-GB v2,209,12,0.3002636924405468,0.2734028675455909,0.08945745213692269,24,24,18672,10709
CAMELS-GB v2,210,12,0.3496186538064978,0.3234334664383141,0.0748964252424481,24,24,19224,11869
CAMELS-GB v2,211,12,0.21141020496198318,0.19501801458921808,0.07753736569014169,24,24,14664,8307
CAMELS-GB v2,212,12,0.25424641122717523,0.18027296288668263,0.29095178957863665,24,23,12384,7508
CAMELS-GB v2,213,12,0.228443878995827,0.17826183069187224,0.21966904311264757,24,24,17640,11519
CAMELS-GB v2,214,12,0.2651064661601301,0.23030409701751142,0.13127695316792953,24,24,17208,10248
CAMELS-GB v2,215,12,0.27634981080642024,0.20428708625050443,0.26076632491851026,24,24,14112,8423
CAMELS-GB v2,216,12,0.24485196191372827,0.20464278554576326,0.16421831401184528,24,23,13800,8179
CAMELS-GB v2,217,12,0.2294684561204774,0.20228318435346826,0.11847062653673013,24,24,18168,10942
CAMELS-GB v2,218,12,0.2525136593434125,0.17914637220696025,0.29054779581913437,24,23,12216,7268
CAMELS-GB v2,219,12,0.195656180021328,0.1642140308503603,0.16070102752461124,24,22,13416,8388
CAMELS-GB v2,220,12,0.3271119891881401,0.24538507870306042,0.24984382470333133,24,24,14856,8922
CAMELS-GB v2,221,12,0.2914744915621399,0.2598176120320342,0.10860943391801658,24,24,20712,11730
CAMELS-GB v2,222,12,0.2901126447579216,0.25027678806465625,0.13731168707418984,24,24,16512,10193
CAMELS-GB v2,223,12,0.23754920466390503,0.2119954315235514,0.10757254766021307,24,24,18816,10662
CAMELS-GB v2,224,12,0.2936450720995359,0.2293761035653189,0.21886615727858005,24,24,13320,8189
CAMELS-GB v2,225,12,0.31278785488754374,0.28479095938730065,0.08950761694474607,24,24,20640,12097
CAMELS-GB v2,226,12,0.2336542106788294,0.19640942775476752,0.1594012914034616,24,24,21216,13439
CAMELS-GB v2,227,12,0.2370829047321042,0.2099569502950551,0.1144154803894466,24,24,21936,12644
CAMELS-GB v2,228,12,0.2158671927472115,0.1694860581824482,0.21485958090480817,24,22,14352,8982
CAMELS-GB v2,229,12,0.26446003604229334,0.23401647866150746,0.11511590876406463,24,24,19416,11207
CAMELS-GB v2,230,12,0.3216995495696389,0.2574105661745331,0.19984169539904517,24,24,14016,8318
CAMELS-GB v2,231,12,0.2997208151555514,0.22915667541116747,0.2354328968035203,24,24,10608,6346
CAMELS-GB v2,232,12,0.3052627829187561,0.24792677247893583,0.1878250925042504,24,24,15552,9371
CAMELS-GB v2,233,12,0.2927921362214431,0.25205555272188185,0.13913141256209005,24,24,17832,10166
CAMELS-GB v2,234,12,0.24493666464025682,0.21382472514213638,0.1270203443972553,24,24,16488,9697
CAMELS-GB v2,235,12,0.3076856832383453,0.2585193697241188,0.1597939592013461,24,24,17928,10900
CAMELS-GB v2,236,12,0.20462813357550805,0.1554057668947631,0.24054545101239377,24,24,17376,13030
CAMELS-GB v2,237,12,0.21604885795806558,0.17856730593331693,0.17348646217803054,24,24,15240,10016
CAMELS-GB v2,238,12,0.20632932484717081,0.186010168723684,0.09847924495724159,24,22,11904,6756
CAMELS-GB v2,239,12,0.32206762716750686,0.2934997664359657,0.08870143510786033,24,24,10752,6661
CAMELS-GB v2,240,12,0.3156896669804716,0.27270918723478554,0.13614788268741396,24,24,15840,9171
CAMELS-GB v2,241,12,0.29656318441028684,0.2571406158709736,0.13293143118119888,24,24,17592,10218
CAMELS-GB v2,242,12,0.2395486206470393,0.21622184270827757,0.09737805158616364,24,24,18144,10472
CAMELS-GB v2,243,12,0.28872637894676095,0.25957660545005273,0.10095985549724651,24,24,16248,9953
CAMELS-GB v2,244,12,0.2436574445817472,0.2045213970789443,0.16061913302087827,24,24,17928,10701
CAMELS-GB v2,245,12,0.24280223121542763,0.21806580066288897,0.10187892602432935,24,24,16776,10098
CAMELS-GB v2,246,12,0.24993657042301498,0.19314412692034238,0.22722742576867394,24,24,14520,8973
CAMELS-GB v2,247,12,0.20707073518290683,0.17435704749871103,0.15798315322201184,24,21,13584,8080
CAMELS-GB v2,248,12,0.2840687385828129,0.2332001083506306,0.17907155319504775,24,24,20448,12199
CAMELS-GB v2,249,12,0.28601911943144587,0.2615344108464148,0.08560514637518712,24,24,15648,9379
CAMELS-GB v2,250,12,0.34596319168691214,0.28523991495781215,0.1755194719791261,24,24,13992,8645
CAMELS-GB v2,251,12,0.289963079593833,0.25284722908486745,0.12800198756667824,24,24,17448,10152
CAMELS-GB v2,252,12,0.28199043878797253,0.24540758603813503,0.1297308267155256,24,24,14304,8426
CAMELS-GB v2,253,12,0.32479345444487445,0.2891996825291803,0.10958894469265013,24,24,16656,9777
CAMELS-GB v2,254,12,0.2369536340908304,0.22173984496551657,0.06420576406725198,24,24,16776,9302
CAMELS-GB v2,255,12,0.28457311652858874,0.21592229040353722,0.241241431947261,24,24,17760,10660
CAMELS-GB v2,256,12,0.2728543874024836,0.21878705511343113,0.1981545277822434,24,24,17232,10128
CAMELS-GB v2,257,12,0.2371425008638346,0.2046175695484333,0.13715353088089788,24,24,19656,11817
CAMELS-GB v2,258,12,0.2769407349977083,0.23361333038987747,0.15645009611240246,24,24,18600,11059
CAMELS-GB v2,259,12,0.21005560002191284,0.1904304116999954,0.0934285413950886,24,24,21720,12756
CAMELS-GB v2,260,12,0.23004193585371138,0.2071469369169023,0.09952532720542095,24,23,16896,10059
CAMELS-GB v2,261,12,0.26764362491155,0.23348320182377272,0.12763398754245137,24,24,16536,9823
CAMELS-GB v2,262,12,0.2526602346161222,0.2386412524791406,0.05548551064349827,24,24,20160,11493
CAMELS-GB v2,263,12,0.227183038055287,0.20645505916893273,0.09123911302440602,24,24,14352,8590
CAMELS-GB v2,264,12,0.3146628439833791,0.28890944986112976,0.08184440779925606,24,24,22392,12744
CAMELS-GB v2,265,12,0.22080603463325454,0.19189697076990378,0.13092515298038376,24,22,13776,7918
CAMELS-GB v2,266,12,0.2575302610818252,0.1863885262320104,0.276246117838598,24,24,16392,10207
CAMELS-GB v2,267,12,0.23969279049712378,0.17890984796393722,0.25358686177887324,24,24,20400,13064
CAMELS-GB v2,268,12,0.25001953568673463,0.21791662967680256,0.12840159038674415,24,23,10560,6367
CAMELS-GB v2,269,12,0.28919131746783494,0.26561281281308263,0.08153254690080658,24,24,17832,10681
CAMELS-GB v2,270,12,0.22204204512167844,0.17769628309865945,0.1997178597356083,24,23,15168,9560
CAMELS-GB v2,271,12,0.27126460205545727,0.2255952083509917,0.1683573653120024,24,24,16248,10087
CAMELS-GB v2,272,12,0.23295453357957063,0.21277834297766565,0.08660999334023856,24,23,15072,8762
CAMELS-GB v2,273,12,0.22580593391076156,0.17042652203600922,0.24525224344475494,24,23,13608,8561
CAMELS-GB v2,274,12,0.33959288639557156,0.26686933395082285,0.214149222077748,24,24,18384,10339
CAMELS-GB v2,275,12,0.3272382102757574,0.28674108920799324,0.12375425545090835,24,24,13248,8103
CAMELS-GB v2,276,12,0.22991274144496246,0.2084666715880893,0.09327917070662661,24,24,18456,10635
CAMELS-GB v2,277,12,0.302117239970711,0.23086997784778923,0.23582653585021796,24,24,14928,9059
CAMELS-GB v2,278,12,0.2506605026209465,0.2223823152069434,0.11281469205687311,24,24,19512,11823
CAMELS-GB v2,279,12,0.2931000258771356,0.2402240051537262,0.18040264774856918,24,24,16032,9104
CAMELS-GB v2,280,12,0.3168526200297357,0.2912573613662864,0.08077969707508581,24,24,18120,10611
CAMELS-GB v2,281,12,0.31253051262646714,0.2565534619994892,0.1791090737238865,24,24,19584,11118
CAMELS-GB v2,282,12,0.2953066337397886,0.25994132666693315,0.11975791611920861,24,24,17280,10211
CAMELS-GB v2,283,12,0.2134610176358868,0.17653373231593836,0.1729931100719172,24,23,16944,10863
CAMELS-GB v2,284,12,0.2551011846491952,0.23149464554337768,0.09253794386835268,24,24,19512,11747
CAMELS-GB v2,285,12,0.24752261833358746,0.2345551990909317,0.05238882543323575,24,24,17280,9882
CAMELS-GB v2,286,12,0.2939009307487868,0.21700989130022033,0.2616223067163045,24,24,16032,9427
CAMELS-GB v2,287,12,0.2862200952626352,0.2339766577040656,0.18252889445316933,24,24,16728,9954
CAMELS-GB v2,288,12,0.25274608814249844,0.21748373846518163,0.13951689593484773,24,24,9864,6317
CAMELS-GB v2,289,12,0.25453198572864766,0.21309926046979163,0.16278003387372608,24,24,16824,9937
CAMELS-GB v2,290,12,0.30914219582101016,0.2784948734746485,0.09913665219647372,24,24,18744,11462
CAMELS-GB v2,291,12,0.3128424103391712,0.2744423928321118,0.12274556210402432,24,24,16872,10191
CAMELS-GB v2,292,12,0.25062276713237785,0.219745342293651,0.12320279275512724,24,24,17616,9930
CAMELS-GB v2,293,12,0.1921480226090986,0.14111717796983045,0.2655808992793234,24,24,16296,12020
CAMELS-GB v2,294,12,0.25685237140759487,0.21018626596306492,0.1816845419366453,24,24,16512,9965
CAMELS-GB v2,295,12,0.2274085262477318,0.1815422570840476,0.20169107078122006,24,23,17712,11164
CAMELS-GB v2,296,12,0.26542627378983213,0.2262327292280542,0.1476626409366386,24,24,14904,8496
CAMELS-GB v2,297,12,0.3329713134037365,0.27410523446124296,0.17679024159993284,24,24,10992,6568
CAMELS-GB v2,298,12,0.2816078832713351,0.2533121753188952,0.10047910457526643,24,24,14376,8481
CAMELS-GB v2,299,12,0.2791760640443021,0.25366525261592915,0.09137893506631245,24,24,19104,11474
CAMELS-GB v2,300,12,0.3573435883006992,0.32149640009752445,0.10031574478121008,24,24,16608,10078
CAMELS-GB v2,301,12,0.3497912289494253,0.3104497770378067,0.11247123614213561,24,24,15528,9487
CAMELS-GB v2,302,12,0.20989630026763334,0.18907638495446227,0.09919143542132058,24,24,21144,11795
CAMELS-GB v2,303,12,0.21998970951882213,0.17676837734188727,0.1964697906618985,24,23,12120,7881
CAMELS-GB v2,304,12,0.25268262316448503,0.23625465991259967,0.06501421841418631,24,24,18480,10271
CAMELS-GB v2,305,12,0.29934712013846865,0.24648143315607784,0.1766032923848968,24,24,17832,10098
CAMELS-GB v2,306,12,0.25348817952766295,0.2349380824045041,0.07317933782050179,24,24,16176,9979
CAMELS-GB v2,307,12,0.23228647131282731,0.20748661927759876,0.10676408270815663,24,23,11424,6668
CAMELS-GB v2,308,12,0.2906778980561011,0.2444747620687998,0.15894960124688962,24,24,16368,9902
CAMELS-GB v2,309,12,0.23257214639318316,0.21697301467536279,0.06707222666057655,24,23,16584,9706
CAMELS-GB v2,310,12,0.18935784553470894,0.16501896716826697,0.12853377317276615,24,23,17784,10329
CAMELS-GB v2,311,12,0.273593679513063,0.20999080983494658,0.23247199932145968,24,24,14160,8597
CAMELS-GB v2,312,12,0.22780135122341438,0.19829256925463795,0.12953734387569948,24,23,15768,9179
CAMELS-GB v2,313,12,0.30829447209434363,0.23168874799819314,0.24848231489764683,24,24,14424,8369
CAMELS-GB v2,314,12,0.29301254515089603,0.24673030680031768,0.15795309489818554,24,24,16488,9755
CAMELS-GB v2,315,12,0.32308641442851604,0.29408375409950316,0.08976750192456584,24,24,16344,9726
CAMELS-GB v2,316,12,0.2709645548494658,0.22600937807477486,0.16590796091269489,24,24,14064,8201
CAMELS-GB v2,317,12,0.3626630066911864,0.3101656871522327,0.14475509928051755,24,24,14664,8900
CAMELS-GB v2,318,12,0.27752936234986764,0.24489183908120343,0.11760025314914135,24,24,16440,9454
CAMELS-GB v2,319,12,0.25562718337145923,0.23908942810718029,0.0646948225386792,24,24,16632,9633
CAMELS-GB v2,320,12,0.24780333486668207,0.18802584990791904,0.24122954193059287,24,23,17160,10663
CAMELS-GB v2,321,12,0.3383053873821212,0.2745123422365555,0.18856644772703668,24,24,12720,7433
CAMELS-GB v2,322,12,0.36370897595739554,0.28055263752805537,0.22863427610068388,24,24,12000,7368
CAMELS-GB v2,323,12,0.3030378158208145,0.2591842241314499,0.14471326481344193,24,24,14496,8833
CAMELS-GB v2,324,12,0.17928418567910412,0.13735370075825648,0.2338772087567047,24,21,11568,7001
CAMELS-GB v2,325,12,0.3476840529391645,0.2817695486257436,0.18958161513652794,24,24,16224,9628
CAMELS-GB v2,326,12,0.2443464531665426,0.19385818510554942,0.20662574556210644,24,24,16128,9928
CAMELS-GB v2,327,12,0.30356581399258936,0.2684505445828844,0.11567596808039182,24,24,14040,8452
CAMELS-GB v2,328,12,0.3228296429823896,0.2539181789423411,0.21346076959793814,24,24,16416,9491
CAMELS-GB v2,329,12,0.2397144433382924,0.21635778972349035,0.09743532049856674,24,24,17544,10270
CAMELS-GB v2,330,12,0.24695994025763987,0.21996515966523178,0.1093083378796007,24,24,18624,10849
CAMELS-GB v2,331,12,0.305506600968104,0.2955406472667024,0.032621074863263155,24,24,17160,10346
CAMELS-GB v2,332,12,0.3190411502011485,0.23744402161252792,0.2557573796896587,24,24,13632,8147
CAMELS-GB v2,333,12,0.3291585551529452,0.3046981282224835,0.07431198900206626,24,24,15240,8998
CAMELS-GB v2,334,12,0.22598232124886547,0.18196519815869672,0.19478126805191287,24,22,11160,7592
CAMELS-GB v2,335,12,0.2790624995187765,0.22991956594789406,0.17610009820605033,24,24,18864,10963
CAMELS-GB v2,336,12,0.3003250800392626,0.2813160537939615,0.06329483452669349,24,24,22152,13119
CAMELS-GB v2,337,12,0.3255375997325761,0.2901562567861234,0.10868588751504571,24,24,15432,9226
CAMELS-GB v2,338,12,0.309036645109303,0.2510515246483003,0.18763185977667474,24,24,16488,10080
CAMELS-GB v2,339,12,0.3226771714241756,0.25543749721163317,0.2083806360263164,24,24,12720,7467
CAMELS-GB v2,340,12,0.27729255894498045,0.2562336549914562,0.07594471353161236,24,24,15024,8793
CAMELS-GB v2,341,12,0.2762159847973475,0.23154230032660011,0.16173460961545472,24,24,13032,7420
CAMELS-GB v2,342,12,0.3205526419320099,0.27439579297946476,0.14399147882342245,24,24,18864,10859
CAMELS-GB v2,343,12,0.2871506884302063,0.2576247579811197,0.10282381912611371,24,24,14256,8682
CAMELS-GB v2,344,12,0.2684907452131724,0.22463703489086556,0.16333415994465095,24,24,19464,11574
CAMELS-GB v2,345,12,0.24377261539138623,0.1764028016630528,0.2763633381057533,24,22,9744,6313
CAMELS-GB v2,346,12,0.276748257771754,0.24679919761393856,0.1082177008048798,24,24,17376,10077
CAMELS-GB v2,347,12,0.248198233981811,0.2208624264181445,0.11013699463175797,24,24,17040,10037
CAMELS-GB v2,348,12,0.2105462891996236,0.1864771487943013,0.11431757119453101,24,24,16560,9786
CAMELS-GB v2,349,12,0.26608904016344564,0.21652481578152002,0.186269319290568,24,24,12336,7408
CAMELS-GB v2,350,12,0.29835136741550605,0.2533772892940393,0.15074198758014257,24,24,17544,9973
CAMELS-GB v2,351,12,0.23709743420024834,0.20206988198134762,0.14773484300685036,24,24,14688,8876
CAMELS-GB v2,352,12,0.23641986512078733,0.22546537493248517,0.04633489737719587,24,24,21072,11937
CAMELS-GB v2,353,12,0.21100147662238594,0.163688717743283,0.22422951552976644,24,23,16344,10286
CAMELS-GB v2,354,12,0.2890427804715376,0.24520784080991798,0.15165554244291557,24,24,14064,8196
CAMELS-GB v2,355,12,0.2660748774252812,0.20622335968610175,0.22494238583643378,24,24,18240,11075
CAMELS-GB v2,356,12,0.26450680264698856,0.24789380983592688,0.06280743120710364,24,24,15504,9525
CAMELS-GB v2,357,12,0.22667287261664268,0.18008518739880983,0.20552827817479347,24,24,15216,9622
CAMELS-GB v2,358,12,0.2015432120378058,0.17942250605012208,0.10975664108962546,24,23,18216,10751
CAMELS-GB v2,359,12,0.21928340315634853,0.19523998175129162,0.10964542258546583,24,24,17568,10624
CAMELS-GB v2,360,12,0.29488202881420705,0.2473915489133323,0.161049081532183,24,24,19032,10710
CAMELS-GB v2,361,12,0.2978886228612135,0.2637705234567889,0.11453307305502636,24,24,18240,11315
CAMELS-GB v2,362,12,0.28349033587622463,0.23056951672146184,0.18667591962594687,24,24,15600,9641
CAMELS-GB v2,363,12,0.2632656430399705,0.23187559899318091,0.11923334805227048,24,24,15600,9338
CAMELS-GB v2,364,12,0.27437752982836366,0.25796541224421865,0.059815822361297566,24,24,17232,9664
CAMELS-GB v2,365,12,0.2800234351107681,0.23247863032410743,0.1697886634661614,24,24,19368,11309
CAMELS-GB v2,366,12,0.26435670120363436,0.2254003531695282,0.14736281643981486,24,24,15936,9605
CAMELS-GB v2,367,12,0.2060529971013848,0.1491701737504383,0.27605918938882645,24,23,12816,8978
CAMELS-GB v2,368,12,0.3132581521058247,0.28018107199311737,0.10559048468604015,24,24,14688,8747
CAMELS-GB v2,369,12,0.34201938162327505,0.28656243495469896,0.16214562579865832,24,24,14496,8250
CAMELS-GB v2,370,12,0.2615151636413807,0.22270060808703804,0.14842181621089323,24,24,15600,9112
CAMELS-GB v2,371,12,0.2781544989107339,0.23774820886599896,0.14526563547585203,24,24,14376,9091
CAMELS-GB v2,372,12,0.25586191491445437,0.23464411636940752,0.08292675583289089,24,24,19848,11688
CAMELS-GB v2,373,12,0.20131735487173816,0.1615753616677022,0.19740967304759238,24,22,14808,9260
CAMELS-GB v2,374,12,0.26974328322591473,0.2066845315115156,0.23377320450862282,24,23,13488,8029
CAMELS-GB v2,375,12,0.2717252940515279,0.2402325599198614,0.11589916294540636,24,24,14016,8574
CAMELS-GB v2,376,12,0.23571283986270794,0.2006391849921853,0.14879823640897738,24,23,13440,8797
CAMELS-GB v2,377,12,0.24740823249987468,0.23450430124411575,0.05215643442974538,24,24,16896,9684
CAMELS-GB v2,378,12,0.28947568194127254,0.21634706729593006,0.25262437989585074,24,24,17808,10109
CAMELS-GB v2,379,12,0.3520471530447259,0.28751731337228215,0.1832988539016691,24,24,12144,7422
CAMELS-GB v2,380,12,0.30826920377952105,0.23925759100621705,0.22386800863398015,24,24,16368,9594
CAMELS-GB v2,381,12,0.2506012596886476,0.21370415044179117,0.14723433271124897,24,23,13848,7966
CAMELS-GB v2,382,12,0.30096803216110696,0.2768134591503205,0.08025627451973572,24,24,15552,9185
CAMELS-GB v2,383,12,0.24590581312594387,0.1862329920213435,0.24266535364106323,24,22,12816,7586
CAMELS-GB v2,384,12,0.25198197428728164,0.20845596993594043,0.17273459529973256,24,24,15024,9096
CAMELS-GB v2,385,12,0.2884754805482794,0.25476472382822585,0.1168583085674475,24,24,17112,9779
CAMELS-GB v2,386,12,0.3597530480688559,0.2798378694325305,0.22213898969114454,24,24,17208,9849
CAMELS-GB v2,387,12,0.3048749921268344,0.2833804088500645,0.07050293999787194,24,24,15384,9190
CAMELS-GB v2,388,12,0.2911909465600001,0.2139619061112327,0.26521786257820457,24,24,15264,8955
CAMELS-GB v2,389,12,0.2791375306540098,0.23003769798336657,0.17589835575174717,24,24,14928,8879
CAMELS-GB v2,390,12,0.2600563083461832,0.21623286576052017,0.16851520681946275,24,23,12600,7503
CAMELS-GB v2,391,12,0.21943478063719854,0.1841289309300804,0.16089450179500442,24,23,11832,7593
CAMELS-GB v2,392,12,0.2572920619741237,0.21367894924838132,0.1695081938832944,24,24,18984,11663
CAMELS-GB v2,393,12,0.2225352363326246,0.170377989429711,0.2343774755066379,24,21,10152,6799
CAMELS-GB v2,394,12,0.173305773951603,0.13368030564806735,0.22864482469350023,24,24,13872,10545
CAMELS-GB v2,395,12,0.28177367651258567,0.26024204405219953,0.07641463435078688,24,24,12600,7562
CAMELS-GB v2,396,12,0.2313690922014546,0.2116093815458724,0.08540341524259132,24,24,16920,9591
CAMELS-GB v2,397,12,0.2315214804015981,0.19759384485179995,0.1465420637901378,24,24,16584,9836
CAMELS-GB v2,398,12,0.260624684251867,0.2263432383483074,0.13153568320654585,24,24,14784,8496
CAMELS-GB v2,399,12,0.2758394140005786,0.2636292921609581,0.04426532692530627,24,24,13944,7992
CAMELS-GB v2,400,12,0.26139898641097803,0.18299421429972446,0.29994290791925116,24,24,14592,8759
CAMELS-GB v2,401,12,0.2691212737690475,0.24600830332057086,0.08588310438925595,24,24,17904,10731
CAMELS-GB v2,402,12,0.25355788598716844,0.23333547428236937,0.07975461550354801,24,24,17760,10219
CAMELS-GB v2,403,12,0.2758092239885409,0.20275965283361055,0.26485543194873484,24,24,12456,7298
CAMELS-GB v2,404,12,0.26750712612309735,0.2133970337760483,0.20227533049773594,24,24,16272,9696
CAMELS-GB v2,405,12,0.29382684500721035,0.24502896778467695,0.16607698735401777,24,24,19272,10841
CAMELS-GB v2,406,12,0.2791220736035621,0.24004209710796867,0.14001034024667947,24,24,14136,8091
CAMELS-GB v2,407,12,0.2583184592202377,0.21220961430868,0.17849612857997943,24,24,14160,8336
CAMELS-GB v2,408,12,0.23007773022773256,0.20933262950128034,0.09016561796710432,24,24,14976,9387
CAMELS-GB v2,409,12,0.3467231148016559,0.25909467313239115,0.2527331981295591,24,24,12816,7321
CAMELS-GB v2,410,12,0.2548262212528039,0.1972666455689797,0.2258777585793318,24,24,15816,9326
CAMELS-GB v2,411,12,0.3396007564896879,0.2697670797591105,0.20563463242078472,24,24,15408,9297
CAMELS-GB v2,412,12,0.2872507628903276,0.23708862670320005,0.17462838281922843,24,24,16128,9768
CAMELS-GB v2,413,12,0.272096770029311,0.2206340446923287,0.1891339075117966,24,24,13704,8546
CAMELS-GB v2,414,12,0.18714789492233833,0.14762198095363782,0.21120148845437325,24,24,16320,12225
CAMELS-GB v2,415,12,0.24755069993458656,0.2249496292879173,0.09129875477080618,24,24,17472,10071
CAMELS-GB v2,416,12,0.28132967675849524,0.2580475514143497,0.08275744533034757,24,24,18312,10558
CAMELS-GB v2,417,12,0.3262405952649564,0.2824641153737598,0.13418464938627128,24,24,18120,10530
CAMELS-GB v2,418,12,0.2348260226592366,0.1993021147244501,0.1512775608618826,24,24,17376,10609
CAMELS-GB v2,419,12,0.22862258276853506,0.1803216001081554,0.2112695171031339,24,22,17856,11103
CAMELS-GB v2,420,12,0.2592376870665352,0.19749724007930933,0.2381615408078369,24,24,13464,8591
CAMELS-GB v2,421,12,0.2657577578864071,0.23319498563535904,0.12252802142079466,24,24,17376,10108
CAMELS-GB v2,422,12,0.20764554800268525,0.16902032093667851,0.18601519482376405,24,23,14112,8910
CAMELS-GB v2,423,12,0.2920483227904135,0.25820126759580636,0.11589539317059261,24,24,14568,8665
CAMELS-GB v2,424,12,0.2756899084623409,0.2351804673260779,0.1469384257196944,24,24,15936,9401
CAMELS-GB v2,425,12,0.3129946098640266,0.24604418806249026,0.21390279478174223,24,24,12984,7477
CAMELS-GB v2,426,12,0.17560933660043385,0.13178960944835458,0.2495295979153025,24,24,12024,8626
CAMELS-GB v2,427,12,0.3085699112542082,0.25691360293758747,0.16740552604970238,24,24,12600,7636
CAMELS-GB v2,428,12,0.293479706392326,0.2471929035609435,0.15771721799907334,24,24,17904,10894
CAMELS-GB v2,429,12,0.22507610113949242,0.20637533063032715,0.08308643349733225,24,24,17352,10307
CAMELS-GB v2,430,12,0.3107761320858894,0.29466438184708715,0.05184358956610424,24,24,15360,9489
CAMELS-GB v2,431,12,0.270921016047015,0.21299181682231166,0.2138232023116673,24,24,17880,11024
CAMELS-GB v2,432,12,0.29166340435526317,0.2572131102718358,0.11811661514265559,24,24,16296,9645
CAMELS-GB v2,433,12,0.29471372387792566,0.2686119958762041,0.08856638115886739,24,24,13128,7806
CAMELS-GB v2,434,12,0.25166746055308525,0.1903942064626574,0.2434691157759079,24,23,10176,6319
CAMELS-GB v2,435,12,0.30138459420401464,0.2292982604979195,0.23918387035170796,24,24,16200,9086
CAMELS-GB v2,436,12,0.3518491781408652,0.29243411527471,0.16886514608360959,24,24,13104,8170
CAMELS-GB v2,437,12,0.27106944191592514,0.22334399794465615,0.17606353425138754,24,24,16560,9333
CAMELS-GB v2,438,12,0.24198709976300298,0.204694577026585,0.15410954870297422,24,24,16272,9706
CAMELS-GB v2,439,12,0.34338586205327826,0.28658298546926514,0.16541996296632566,24,24,14160,8329
CAMELS-GB v2,440,12,0.2577683063201173,0.21009690176806897,0.18493896799262122,24,23,12432,7986
CAMELS-GB v2,441,12,0.27717789603766596,0.2401695644439621,0.13351833650066658,24,24,16632,9650
CAMELS-GB v2,442,12,0.35696013083016975,0.29915710825304664,0.16193131272865857,24,24,14232,8661
CAMELS-GB v2,443,12,0.2165771141003331,0.171711416475376,0.20715807305555045,24,24,15408,9934
CAMELS-GB v2,444,12,0.23197192661199167,0.2046738300137152,0.11767844927173754,24,24,15696,9513
CAMELS-GB v2,445,12,0.30239173594050583,0.25128867667097543,0.16899621648253205,24,24,16056,9287
CAMELS-GB v2,446,12,0.3494633044305415,0.27089444770716736,0.2248272013892958,24,24,14664,8601
CAMELS-GB v2,447,12,0.22247121329618452,0.19634511262706345,0.11743587083484097,24,24,14352,8598
CAMELS-GB v2,448,12,0.2381490439048285,0.2245924606411747,0.05692478559381253,24,24,17112,9853
CAMELS-GB v2,449,12,0.30891084121663664,0.25837237617438547,0.1636021087612427,24,24,17616,9738
CAMELS-GB v2,450,12,0.2985936226914352,0.21381248480340093,0.2839348580985822,24,24,18360,10801
CAMELS-GB v2,451,12,0.35672670890451585,0.27382206524034425,0.23240380267226501,24,24,15432,9081
CAMELS-GB v2,452,12,0.313807389943373,0.2593337726968681,0.17358933853130343,24,24,17544,10328
CAMELS-GB v2,453,12,0.26129743115859716,0.21064416128131702,0.1938529194591876,24,24,12096,7579
CAMELS-GB v2,454,12,0.26795827688940144,0.22546035256125393,0.15859903572110345,24,24,20424,11803
CAMELS-GB v2,455,12,0.3526425715963958,0.27864460716647865,0.2098384324244572,24,24,16032,9282
CAMELS-GB v2,456,12,0.2930280652331491,0.24067610787428453,0.17865850944076123,24,24,16632,9322
CAMELS-GB v2,457,12,0.2799454063929747,0.26484072380615387,0.05395581510495506,24,24,17496,10071
CAMELS-GB v2,458,12,0.309578542955341,0.26302848367379567,0.15036590985009102,24,24,16488,9606
CAMELS-GB v2,459,12,0.33066589412346814,0.28109095795014194,0.14992455240882896,24,24,13944,8054
CAMELS-GB v2,460,12,0.23078097662719776,0.19796006323761223,0.1422167193728634,24,24,18192,10924
CAMELS-GB v2,461,12,0.26733535984313794,0.21976237844398527,0.1779524467959145,24,24,16632,9999
CAMELS-GB v2,462,12,0.22530178205972723,0.19443158255889034,0.1370171119758531,24,23,16608,9546
CAMELS-GB v2,463,12,0.2974056585578926,0.25870620843159264,0.13012344927783803,24,24,15552,9389
CAMELS-GB v2,464,12,0.3515505531092939,0.3104911385655642,0.1167951925564591,24,24,13152,8150
CAMELS-GB v2,465,12,0.3219805701473929,0.288334694559639,0.1044966023022813,24,24,12552,7386
CAMELS-GB v2,466,12,0.21230205934813084,0.1729521315227826,0.1853487806296905,24,23,12336,7686
CAMELS-GB v2,467,12,0.2274820133062774,0.19332513568962859,0.15015199276727276,24,23,18840,10946
CAMELS-GB v2,468,12,0.21025937026334185,0.1592492037524596,0.2426059131014896,24,24,13032,9289
CAMELS-GB v2,469,12,0.30094811547804706,0.2581249894746124,0.1422940493759578,24,24,13800,8535
CAMELS-GB v2,470,12,0.2937600967153013,0.26840219111028785,0.08632181800235839,24,24,16344,9726
CAMELS-GB v2,471,12,0.2559600487841219,0.23507062586278735,0.0816120446162002,24,24,15600,9386
CAMELS-GB v2,472,12,0.26040604309783766,0.21154338878096354,0.18764024726767126,24,24,16488,9733
CAMELS-GB v2,473,12,0.23965374555476748,0.19031219544667713,0.20588683057663482,24,24,17448,10339
CAMELS-GB v2,474,12,0.299246124783558,0.22048725136591923,0.26319095518648516,24,24,16344,9472
CAMELS-GB v2,475,12,0.29496224681458777,0.23600439706833667,0.19988269815191562,24,24,19968,11425
CAMELS-GB v2,476,12,0.30717533814237535,0.25235705416949333,0.17845926142506208,24,24,13608,8309
CAMELS-GB v2,477,12,0.32978741845702797,0.23399643275467877,0.29046282647932786,24,24,16272,9391
CAMELS-GB v2,478,12,0.3119190204776402,0.2889021247027629,0.07379125434425782,24,24,16104,9881
CAMELS-GB v2,479,12,0.21089426700052358,0.1729615531039995,0.1798660268770128,24,24,15648,10266
CAMELS-GB v2,480,12,0.211878274654101,0.18774404673405026,0.11390609990312006,24,22,15960,8886
CAMELS-GB v2,481,12,0.2699251367890621,0.22293044771541753,0.17410267762638731,24,24,11904,7354
CAMELS-GB v2,482,12,0.1904954292926856,0.1472333159448062,0.22710315679758153,24,24,16560,12098
CAMELS-GB v2,483,12,0.30609015813721696,0.2540126997463726,0.17013764411039511,24,24,13656,7948
CAMELS-GB v2,484,12,0.23374580376517862,0.21373171897511448,0.08562329020533055,24,24,19080,10556
CAMELS-GB v2,485,12,0.2520289813934271,0.22910981101903694,0.09093863034193062,24,23,15168,8621
CAMELS-GB v2,486,12,0.27172461578690377,0.24561237840087155,0.09609816655886039,24,24,13272,7967
CAMELS-GB v2,487,12,0.33050015318490145,0.2779086881065025,0.15912690076417657,24,24,21048,12286
CAMELS-GB v2,488,12,0.2177153688189921,0.17485132710691692,0.1968811018927754,24,23,13704,8753
CAMELS-GB v2,489,12,0.20243829242740025,0.17799501869280185,0.12074431888109516,24,22,13056,8142
CAMELS-GB v2,490,12,0.3012081789561747,0.25515918040064167,0.15288096994946831,24,24,13176,8101
CAMELS-GB v2,491,12,0.3370561274084095,0.29626473314280566,0.12102255662653205,24,24,13392,7994
CAMELS-GB v2,492,12,0.2595485557815553,0.24601938632340992,0.05212577437545818,24,24,17448,9862
CAMELS-GB v2,493,12,0.2813185460139024,0.2579707380786371,0.08299420093729437,24,24,17088,9972
CAMELS-GB v2,494,12,0.25263894784313695,0.20257516312918267,0.1981633676888126,24,24,13680,8584
CAMELS-GB v2,495,12,0.27990742244880057,0.2251316336174819,0.195692519877132,24,24,16872,10006
CAMELS-GB v2,496,12,0.2673805755935641,0.21515878928470752,0.1953088259793303,24,24,16320,9868
CAMELS-GB v2,497,12,0.17922731286258572,0.1425867065157545,0.20443651004757135,24,24,12504,9406
CAMELS-GB v2,498,12,0.2626410689919862,0.19621830097686033,0.2529032046284908,24,24,16296,10228
CAMELS-GB v2,499,12,0.31179122741282506,0.2761196689041473,0.11440847391593567,24,24,14736,8739
CAMELS-GB v2,500,12,0.31553772319029344,0.2667986689212373,0.1544634783323917,24,24,12120,7418
CAMELS-GB v2,501,12,0.2869578465750736,0.23113227068139294,0.19454277539358256,24,24,16344,9664
CAMELS-GB v2,502,12,0.28720429423217575,0.20218639926914983,0.29601888505990626,24,24,13776,8132
CAMELS-GB v2,503,12,0.28386384485833893,0.2486776098271715,0.12395462003527424,24,24,17952,10302
CAMELS-GB v2,504,12,0.26363617133449757,0.24168984247634195,0.08324475638932882,24,24,15696,8922
CAMELS-GB v2,505,12,0.2710990931372697,0.23320710609705175,0.13977172185165343,24,24,17976,10806
CAMELS-GB v2,506,12,0.255272250992545,0.23703284191841037,0.07145080988323838,24,24,19488,10873
CAMELS-GB v2,507,12,0.2532229324170829,0.20847625471419184,0.17670863091178834,24,22,14568,9011
CAMELS-GB v2,508,12,0.3044599724856819,0.24366852177944323,0.19966976351578558,24,24,16416,9401
CAMELS-GB v2,509,12,0.2351800397968413,0.19126054724476554,0.18674838472693223,24,23,13800,8634
CAMELS-GB v2,510,12,0.25603440691904905,0.2227006559792988,0.13019246647693505,24,24,16512,9656
CAMELS-GB v2,511,12,0.28702647739412185,0.24663656154432193,0.1407184320293201,24,24,15672,9373
CAMELS-GB v2,512,12,0.2663171907822967,0.2278643555497257,0.14438735674410375,24,24,16992,10109
CAMELS-GB v2,513,12,0.235496385674135,0.21259658704147172,0.09724055240639906,24,24,13896,8312
CAMELS-GB v2,514,12,0.30033355520803057,0.21798699584500522,0.2741836798954641,24,24,15456,9014
CAMELS-GB v2,515,12,0.24567119820486127,0.21854930991648155,0.11039913708469484,24,24,17592,10478
CAMELS-GB v2,516,12,0.2797578929337606,0.2086770340585578,0.2540799050557364,24,24,12624,7647
CAMELS-GB v2,517,12,0.20184802107898558,0.1555797595068898,0.22922326077197686,24,23,15936,10234
CAMELS-GB v2,518,12,0.27531238702964134,0.23785335187384488,0.13606011541995555,24,24,16320,9696
CAMELS-GB v2,519,12,0.31793533880243213,0.289822414832514,0.08842340104692725,24,24,12552,7668
CAMELS-GB v2,520,12,0.31039845129218624,0.2861732642641779,0.07804545070105573,24,24,16536,10073
CAMELS-GB v2,521,12,0.29355889484213127,0.23910699733955754,0.18548883532163662,24,24,15912,9740
CAMELS-GB v2,522,12,0.3474767326568477,0.29686125821123494,0.14566579482488207,24,24,15168,9002
CAMELS-GB v2,523,12,0.28428172263547796,0.24688985319457296,0.13153103581284742,24,24,18216,10581
CAMELS-GB v2,524,12,0.3123892775779777,0.251052698869814,0.19634661978067736,24,24,13512,8141
CAMELS-GB v2,525,12,0.31206690690099126,0.2633470512918662,0.1561199041992053,24,24,16560,9723
CAMELS-GB v2,526,12,0.2672423676265751,0.2420129689123605,0.0944064331501071,24,24,15312,8644
CAMELS-GB v2,527,12,0.22028344566239222,0.2070995847907823,0.059849530825914043,24,23,14472,8236
CAMELS-GB v2,528,12,0.23034310105973407,0.19343795127936503,0.16021816850854398,24,23,11568,7424
CAMELS-GB v2,529,12,0.2695822221609261,0.2178508761243555,0.19189450113550055,24,24,18120,10918
CAMELS-GB v2,530,12,0.27492556809673,0.2502348342454935,0.08980879451179069,24,24,14424,8764
CAMELS-GB v2,531,12,0.2799446204364356,0.2391866708714479,0.14559290155833593,24,24,13920,7956
CAMELS-GB v2,532,12,0.24329795073772947,0.21790799026588395,0.10435747771347004,24,24,18912,10939
CAMELS-GB v2,533,12,0.22079160883799231,0.1865553551476813,0.15506138965377148,24,24,17112,10688
CAMELS-GB v2,534,12,0.32735277448636857,0.2761300177506529,0.15647570672369138,24,24,14880,8647
CAMELS-GB v2,535,12,0.32957052823378374,0.2884350023873949,0.12481554727250677,24,24,17976,10793
CAMELS-GB v2,536,12,0.28640254433837264,0.24814068108861798,0.13359470439812116,24,24,18648,11082
CAMELS-GB v2,537,12,0.2835007652868676,0.2647793465516441,0.06603657212804959,24,24,13608,8148
CAMELS-GB v2,538,12,0.2744060569606481,0.23096957011144623,0.1582927408028425,24,24,18672,11198
CAMELS-GB v2,539,12,0.28168314967090424,0.22835050969787038,0.1893355709610014,24,24,14016,8616
CAMELS-GB v2,540,12,0.33192787311733535,0.2928874820633033,0.11761709159095357,24,24,17760,10630
CAMELS-GB v2,541,12,0.2690285800994886,0.24722508639311477,0.08104526923611888,24,24,18096,10750
CAMELS-GB v2,542,12,0.2472225130904804,0.20426166714967336,0.17377400384682562,24,24,15384,9270
CAMELS-GB v2,543,12,0.3155352977428308,0.2771165565063131,0.12175734857984066,24,24,18240,11388
CAMELS-GB v2,544,12,0.3208834414648374,0.27713322204669705,0.13634302604839932,24,24,16656,9865
CAMELS-GB v2,545,12,0.28167050333030236,0.2533291950829169,0.1006186587246265,24,24,14472,8398
CAMELS-GB v2,546,12,0.2580133425229893,0.23135235681886493,0.10333181006617453,24,24,16368,9717
CAMELS-GB v2,547,12,0.2138989563431549,0.180092850970225,0.15804707956917408,24,21,10608,6342
CAMELS-GB v2,548,12,0.2704413160436966,0.20277329445684428,0.25021332752248127,24,24,15336,9133
CAMELS-GB v2,549,12,0.26344279095885237,0.21057243296947944,0.20069009213325117,24,23,9240,5658
CAMELS-GB v2,550,12,0.25141258022553775,0.21256183673740678,0.15452983081943894,24,24,17136,10386
CAMELS-GB v2,551,12,0.3476859050396264,0.3071819302730552,0.11649587797341077,24,24,17040,10486
CAMELS-GB v2,552,12,0.19605727268109638,0.1424657081027181,0.2733464759838288,24,24,17520,12567
CAMELS-GB v2,553,12,0.3259442862396087,0.25790755207777677,0.20873731197060053,24,24,16224,9665
CAMELS-GB v2,554,12,0.2524964744678311,0.208199478080174,0.175436098587193,24,22,10080,6090
CAMELS-GB v2,555,12,0.2866510442102012,0.23959132340295883,0.1641707635738926,24,24,20592,12221
CAMELS-GB v2,556,12,0.2135244769941144,0.1765148508543384,0.17332732369037074,24,24,16680,10721
CAMELS-GB v2,557,12,0.20218577898350096,0.14622040580287202,0.2768017288950668,24,24,19128,14232
CAMELS-GB v2,558,12,0.26198057215345644,0.20838618124635025,0.20457391350268905,24,24,16824,10031
CAMELS-GB v2,559,12,0.3592683901457339,0.2852373670833481,0.20606049709064522,24,24,15024,8848
CAMELS-GB v2,560,12,0.22968564491793625,0.20586604344962334,0.10370522492523793,24,24,16416,9839
CAMELS-GB v2,561,12,0.28139663179105234,0.24819342427546898,0.11799433171694107,24,24,16800,9567
CAMELS-GB v2,562,12,0.26906188110842066,0.23568517734589997,0.12404842939855643,24,24,20184,11584
CAMELS-GB v2,563,12,0.29189807331097933,0.25877020181373367,0.11349123041984677,24,24,16320,9609
CAMELS-GB v2,564,12,0.284611872011905,0.26821559820686697,0.05760924057430816,24,24,18912,11308
CAMELS-GB v2,565,12,0.3119424541080923,0.269998961407193,0.13445907137207214,24,24,15816,9435
CAMELS-GB v2,566,12,0.30042254894358333,0.27689631326990277,0.07831048553581965,24,24,15816,9609
CAMELS-GB v2,567,12,0.313255541561398,0.23737606051667753,0.242228695034428,24,24,15456,8994
CAMELS-GB v2,568,12,0.24355185004905605,0.20557535565095267,0.15592775990186147,24,24,15504,9224
CAMELS-GB v2,569,12,0.336551166005077,0.29463158895356545,0.12455632690002083,24,24,15408,9163
CAMELS-GB v2,570,12,0.34987631265253766,0.31066020891012325,0.11208562090157825,24,24,16488,10179
CAMELS-GB v2,571,12,0.2429707909748034,0.19098965556265685,0.21393985344327704,24,24,16992,10271
CAMELS-GB v2,572,12,0.2925109668591113,0.2837480969344289,0.029957406447954193,24,24,19680,11809
CAMELS-GB v2,573,12,0.3620648150666178,0.27625399678431545,0.23700402444936186,24,24,14496,8387
CAMELS-GB v2,574,12,0.2545931979912997,0.20711057997341217,0.18650387517230593,24,23,16944,10005
CAMELS-GB v2,575,12,0.3310717563946058,0.2853644777480376,0.13805852587464307,24,24,9912,6050
CAMELS-GB v2,576,12,0.3023120370349524,0.2758235396083107,0.08761972459462208,24,24,13152,7746
CAMELS-GB v2,577,12,0.2184778067065285,0.18184945273053016,0.1676525159610357,24,24,15672,9310
CAMELS-GB v2,578,12,0.2628656676115286,0.2439412181258798,0.07199285345097228,24,23,12168,7226
CAMELS-GB v2,579,12,0.20007800896813874,0.17354924477385072,0.13259210410531708,24,23,18192,10518
CAMELS-GB v2,580,12,0.30435000152399105,0.26962915047242925,0.11408198086972854,24,24,16536,9676
CAMELS-GB v2,581,12,0.3351013424459125,0.2471101368082925,0.26258088074303176,24,24,14040,7992
CAMELS-GB v2,582,12,0.21913961509794858,0.17975415972414574,0.17972768345056533,24,22,14280,8661
CAMELS-GB v2,583,12,0.33015416134407544,0.2885832846689242,0.12591353235080838,24,24,12936,7782
CAMELS-GB v2,584,12,0.3041408438232316,0.2931726887177121,0.03606274963810585,24,24,18072,10672
CAMELS-GB v2,585,12,0.2332983490246864,0.2112539615209278,0.0944901136073878,24,24,19320,11271
CAMELS-GB v2,586,12,0.26396207757333395,0.24972167874815435,0.05394865412522498,24,24,15960,9182
CAMELS-GB v2,587,12,0.25814654204544174,0.2109670601392924,0.1827624012792095,24,24,16632,10118
CAMELS-GB v2,588,12,0.3200281465992813,0.2654832570315686,0.1704377885111784,24,24,14832,8936
CAMELS-GB v2,589,12,0.3015640567372421,0.27186194593756724,0.09849353772805503,24,24,14616,8539
CAMELS-GB v2,590,12,0.3445826540982711,0.3022571288739997,0.12283127058450438,24,24,17376,10220
CAMELS-GB v2,591,12,0.33872012645972377,0.2801764097593586,0.1728380220929282,24,24,13608,8009
CAMELS-GB v2,592,12,0.2622694326062352,0.24611974736500628,0.06157669645579955,24,24,18456,10657
CAMELS-GB v2,593,12,0.2559648345052526,0.20983156496381958,0.18023284186909017,24,24,19368,11359
CAMELS-GB v2,594,12,0.30896332815435534,0.2792507549396236,0.09616860807470207,24,24,14592,8611
CAMELS-GB v2,595,12,0.22387661174590992,0.19059051040813682,0.1486805659518885,24,24,16584,10292
CAMELS-GB v2,596,12,0.2548001649845685,0.23068931856441757,0.09462649453783178,24,24,14832,9113
CAMELS-GB v2,597,12,0.30388459149251085,0.2437277444245047,0.19795951736989825,24,24,13728,8126
CAMELS-GB v2,598,12,0.22266176407155056,0.19031732481407393,0.14526265608442324,24,24,17736,10671
CAMELS-GB v2,599,12,0.28029742683402,0.2169376557143985,0.22604478334059197,24,24,13176,8114
CAMELS-GB v2,600,12,0.33904319071630695,0.2741159350809953,0.191501429355174,24,24,13296,7932
CAMELS-GB v2,601,12,0.31784372617127005,0.2760604163714512,0.13145865832602255,24,24,11424,6917
CAMELS-GB v2,602,12,0.2612328332300885,0.23117646220382748,0.11505587048389121,24,24,15648,9307
CAMELS-GB v2,603,12,0.29108828863106895,0.24732518940794457,0.1503430434420211,24,24,14592,8767
CAMELS-GB v2,604,12,0.23092097792625077,0.20989303446215035,0.09106120913283211,24,23,16296,9476
CAMELS-GB v2,605,12,0.30555460300637477,0.29443556395228976,0.036389695801287036,24,24,14400,8828
CAMELS-GB v2,606,12,0.2810399844402532,0.2442614297202966,0.13086591501635747,24,24,15768,9517
CAMELS-GB v2,607,12,0.2880399621730973,0.25199456123834707,0.1251402779767371,24,24,14952,8773
CAMELS-GB v2,608,12,0.2911022089645201,0.2564253796267389,0.1191225221585579,24,24,17832,10628
CAMELS-GB v2,609,12,0.2139406650747287,0.19003730666574084,0.11172891512064109,24,22,14592,8231
CAMELS-GB v2,610,12,0.21274870834751983,0.16073852635294275,0.24446767455631135,24,22,12072,7305
CAMELS-GB v2,611,12,0.2919886975916716,0.2613370030285624,0.10497562000147609,24,24,16032,9648
CAMELS-GB v2,612,12,0.31891032749200554,0.27313749316890873,0.14352885553461492,24,24,15552,8820
CAMELS-GB v2,613,12,0.3285457649701903,0.2686032834751799,0.18244788971925752,24,24,12120,7238
CAMELS-GB v2,614,12,0.292188876820068,0.26274065466919977,0.10078488432330934,24,24,19848,11363
CAMELS-GB v2,615,12,0.25114764718876786,0.21658279351963527,0.13762762285864827,24,23,14784,8971
CAMELS-GB v2,616,12,0.2733539461135629,0.23192073444714667,0.15157349017819954,24,24,13800,8404
CAMELS-GB v2,617,12,0.27046106451742435,0.246439857546685,0.088815767303141,24,24,14808,8479
CAMELS-GB v2,618,12,0.23997621576877382,0.20529873108711502,0.1445038399766745,24,23,16968,9392
CAMELS-GB v2,619,12,0.2850253035276293,0.2533587147727386,0.11110097371344807,24,24,13536,8135
CAMELS-GB v2,620,12,0.24910467601111413,0.23186835105637266,0.06919310079098018,24,24,17424,10170
CAMELS-GB v2,621,12,0.26303271566657366,0.21379598567162522,0.18718861594905956,24,24,16680,9895
CAMELS-GB v2,622,12,0.24655084716222592,0.21011379097679547,0.14778718712515937,24,24,17952,10908
CAMELS-GB v2,623,12,0.3139329627935219,0.2591067054823339,0.17464320032951752,24,24,14976,9036
CAMELS-GB v2,624,12,0.268985238468097,0.23364251257251822,0.13139280838182732,24,24,17568,9887
CAMELS-GB v2,625,12,0.24801669228608494,0.2021780053237764,0.1848209753133634,24,24,16608,9702
CAMELS-GB v2,626,12,0.218164020763747,0.1888899537827974,0.1341837525659233,24,23,13920,8497
CAMELS-GB v2,627,12,0.35716551673602115,0.32092957452800647,0.101454201231852,24,24,14304,8606
CAMELS-GB v2,628,12,0.2714374374467725,0.23532405779036852,0.13304494765386088,24,24,12744,8064
CAMELS-GB v2,629,12,0.27285764588503575,0.25020812554029165,0.0830085602742725,24,23,14016,8064
CAMELS-GB v2,630,12,0.28327593397394907,0.23931971000713512,0.15517104947876126,24,23,12336,7270
CAMELS-GB v2,631,12,0.2946408524522672,0.2509366352236576,0.1483304737440977,24,24,18168,10656
CAMELS-GB v2,632,12,0.2522765771656281,0.20546019244336663,0.18557562992272936,24,24,15288,9031
CAMELS-GB v2,633,12,0.29611954684277486,0.24108455248900462,0.1858539733042046,24,24,15816,9668
CAMELS-GB v2,634,12,0.2249304982596517,0.17053254027460227,0.24184340676760685,24,24,19584,12420
CAMELS-GB v2,635,12,0.3121617718620151,0.26959489984323337,0.13636157869323462,24,24,20184,11443
CAMELS-GB v2,636,12,0.2840556195435395,0.24981560842768255,0.12053981248770429,24,24,17784,10545
CAMELS-GB v2,637,12,0.20275179477729977,0.14672349729780382,0.27633934161242213,24,23,13344,9509
CAMELS-GB v2,638,12,0.3285186408902314,0.28056782948008385,0.14596070189566335,24,24,17616,10837
CAMELS-GB v2,639,12,0.2664464927584114,0.19304021084487374,0.2755010251911838,24,23,12576,7521
CAMELS-GB v2,640,12,0.2251897685246452,0.1795800400461405,0.20253907971628415,24,23,19464,12341
CAMELS-GB v2,641,12,0.29823181339276444,0.2680808391784622,0.10109912108737407,24,24,16488,9749
CAMELS-GB v2,642,12,0.28080006609870645,0.2654131058659886,0.054796854026768815,24,24,14664,8800
CAMELS-GB v2,643,12,0.2860718311726392,0.24664453662405786,0.13782305789061655,24,24,17208,10204
CAMELS-GB v2,644,12,0.23843650403310998,0.2172006784281679,0.08906281230324198,24,23,12528,7576
CAMELS-GB v2,645,12,0.26717902711741504,0.21288177400528438,0.20322423394508837,24,24,15600,9408
CAMELS-GB v2,646,12,0.2641959913328377,0.2105884193904855,0.2029083472156724,24,24,15672,9638
CAMELS-GB v2,647,12,0.3285349671556246,0.3022498257441878,0.08000713482344701,24,24,15960,9659
CAMELS-GB v2,648,12,0.27630071512340354,0.23599094955370292,0.14589092015812255,24,24,15048,9002
CAMELS-GB v2,649,12,0.23801466268129737,0.21386100382618692,0.10147970962382391,24,24,13128,7681
CAMELS-GB v2,650,12,0.2954321307455463,0.24259523037791195,0.17884615405337356,24,24,16200,9799
CAMELS-GB v2,651,12,0.22985564177059997,0.16646424364595813,0.275787871188768,24,23,14256,8621
CAMELS-GB v2,652,12,0.25169629243368585,0.22319272550138586,0.1132458752439105,24,24,14160,8259
CAMELS-GB v2,653,12,0.31975676416981896,0.27352089303444743,0.14459700721394664,24,24,15864,9233
CAMELS-GB v2,654,12,0.2550859638650263,0.22734015202523622,0.10877043730430902,24,23,12120,7272
CAMELS-GB v2,655,12,0.23793278880879754,0.2019899195570059,0.15106311926043647,24,24,20688,12049
CAMELS-GB v2,656,12,0.2874285744823358,0.2641720747948949,0.08091227439486925,24,24,15936,9006
CAMELS-GB v2,657,12,0.32953024250602175,0.2613790920331195,0.20681303771885795,24,24,17640,10310
CAMELS-GB v2,658,12,0.32914981047304737,0.28979511007474146,0.11956470624043847,24,24,15552,9475
CAMELS-GB v2,659,12,0.2371287196492312,0.211706740140967,0.10720750968448389,24,24,18360,11006
CAMELS-GB v2,660,12,0.3848466493087346,0.34103878457682113,0.11383200246280323,24,24,15576,9848
CAMELS-GB v2,661,12,0.2713950617243726,0.24450804592416192,0.09906965745573149,24,24,17256,10400
CAMELS-GB v2,662,12,0.3301718609356903,0.2799977329757214,0.15196367073129113,24,24,17400,10133
CAMELS-GB v2,663,12,0.3042158042066705,0.27686363084761884,0.08991042865238463,24,24,16464,9968
CAMELS-GB v2,664,12,0.35194831752795874,0.27012402734928875,0.23248950514494182,24,24,16728,9938
CAMELS-GB v2,665,12,0.3276769534287942,0.2558311829964313,0.2192579297401681,24,23,9672,5421
CAMELS-GB v2,666,12,0.21372230357356944,0.1858956334762532,0.13020012245814805,24,23,17424,10142
CAMELS-GB v2,667,12,0.26358307024754785,0.22384159069661555,0.1507740216911826,24,23,12816,7572
CAMELS-GB v2,668,12,0.24824911195623622,0.1895406174767407,0.23649024972079347,24,24,17208,10464
CAMELS-GB v2,669,12,0.23187760749288064,0.18759249717981577,0.19098485098188944,24,22,13272,8215
CAMELS-GB v2,670,12,0.277167608560018,0.24010694957151288,0.13371208555374892,24,24,16464,9594
CAMELS-GB v2,671,12,0.25783476622539203,0.22814127250715993,0.11516481719255378,24,24,20160,11495
CAMELS-GB v2,672,12,0.3497759522281229,0.2966060048028524,0.15201144357286533,24,24,19608,11508
CAMELS-GB v2,673,12,0.25721610639173703,0.21367140151043854,0.16929229468616724,24,24,15840,9583
CAMELS-GB v2,674,12,0.33824567440937814,0.2831259158328292,0.1629577633854309,24,24,17544,10162
CAMELS-GB v2,675,12,0.24746428109314933,0.20246463112474242,0.1818430109170719,24,24,18312,10785
CAMELS-GB v2,676,12,0.22172957592696121,0.19503050050377105,0.12041278350699125,24,23,19032,11144
CAMELS-GB v2,677,12,0.1840096052901306,0.12852224959934425,0.3015459742076977,24,23,16008,11399
CAMELS-GB v2,678,12,0.283093258028496,0.25483853081925334,0.09980713566268873,24,24,16848,10209
CAMELS-GB v2,679,12,0.23566301158551067,0.20533924102953394,0.12867428940995995,24,24,15408,9521
CAMELS-GB v2,680,12,0.2672171410784972,0.2024281605416752,0.24245817568188754,24,24,18600,11250
CAMELS-GB v2,681,12,0.2510541939884158,0.21772207557043607,0.1327686181554797,24,24,18552,10501
CAMELS-GB v2,682,12,0.2510222519882317,0.1860770752279816,0.2587227875052879,24,24,18768,12038
CAMELS-GB v2,683,12,0.3043383653400344,0.26014690950621244,0.14520501148268716,24,24,12816,7840
CAMELS-GB v2,684,12,0.2088451693084892,0.1687870178003667,0.19180789117967023,24,21,14016,8430
CAMELS-GB v2,685,12,0.3103567457551786,0.24491640507828022,0.21085522248812416,24,24,15408,8981
CAMELS-GB v2,686,12,0.24625180161535154,0.1858468402776304,0.24529754073464383,24,23,12864,7465
CAMELS-GB v2,687,12,0.3267807442053525,0.2766305533168801,0.15346739909790252,24,24,16704,9834
CAMELS-GB v2,688,12,0.34112698518132434,0.26995224645177535,0.20864587623203257,24,24,14784,8883
CAMELS-GB v2,689,12,0.27886185746500053,0.2460216896883661,0.11776500406032098,24,24,12192,7776
CAMELS-GB v2,690,12,0.2323176592322074,0.20575335640416487,0.11434474209078893,24,22,11664,6410
CAMELS-GB v2,691,12,0.2632867713168852,0.21072338981047875,0.19964307831912498,24,24,18720,11295
CAMELS-GB v2,692,12,0.302244770759324,0.2647077222348429,0.12419420336099596,24,24,16608,9718
CAMELS-GB v2,693,12,0.2829367999955191,0.254397004452186,0.1008698604910534,24,24,16680,10051
CAMELS-GB v2,694,12,0.23163364737238604,0.21351223082114887,0.07823309245786847,24,24,16488,9715
CAMELS-GB v2,695,12,0.25727471078129577,0.22577420867789144,0.12243917020737527,24,24,17976,10426
CAMELS-GB v2,696,12,0.2475825968841463,0.17115023435782498,0.3087146006554211,24,23,13848,8323
CAMELS-GB v2,697,12,0.3022519205057049,0.2584884106487961,0.14479150300744836,24,24,17400,10242
CAMELS-GB v2,698,12,0.26464805814194553,0.20531264827165532,0.2242049697506766,24,24,17376,10497
CAMELS-GB v2,699,12,0.2704280027551752,0.23681253005158673,0.12430470351112766,24,24,17112,10304
CAMELS-GB v2,700,12,0.244398749001758,0.2184765648886757,0.10606512602442109,24,24,20832,11827
CAMELS-GB v2,701,12,0.36692493618099475,0.31051944502906137,0.15372487827894588,24,24,15288,9306
CAMELS-GB v2,702,12,0.3034128774723535,0.2657361724044524,0.12417635461545018,24,24,15408,9196
CAMELS-GB v2,703,12,0.33124895333488896,0.29363291627696864,0.11355820653685489,24,24,16824,10496
CAMELS-GB v2,704,12,0.2515973452939866,0.20625479342240047,0.1802187213804034,24,24,13992,8314
CAMELS-GB v2,705,12,0.26405382970032887,0.21536740811583496,0.18438066828929345,24,24,13968,8629
CAMELS-GB v2,706,12,0.262910515919219,0.21042686805470293,0.19962551775845294,24,24,15600,8943
CAMELS-GB v2,707,12,0.3015013301153185,0.26993243911869347,0.10470564419915007,24,24,17640,10414
CAMELS-GB v2,708,12,0.21358680451661186,0.17595087252328406,0.17620906908788292,24,23,15000,9902
CAMELS-GB v2,709,12,0.3110211918718998,0.26594022416856317,0.14494500336782234,24,24,20928,12339
CAMELS-GB v2,710,12,0.3124215097985615,0.26033870186800856,0.1667068569130663,24,24,15744,9117
CAMELS-GB v2,711,12,0.2967726358519734,0.24524356238034675,0.17363148500432746,24,24,13824,8420
CAMELS-GB v2,712,12,0.289397870155544,0.23986502790412795,0.17115828193480975,24,24,14040,8348
CAMELS-GB v2,713,12,0.3706692499652241,0.34559880336903454,0.06763562555712854,24,24,16752,10745
CAMELS-GB v2,714,12,0.2350215077107288,0.2093726483482278,0.109134094204137,24,24,12888,8129
CAMELS-GB v2,715,12,0.27710590673645813,0.21742967409668326,0.21535532512675748,24,24,16416,10023
CAMELS-GB v2,716,12,0.24337242399782996,0.2214310159984084,0.0901556866591312,24,24,16248,9558
CAMELS-GB v2,717,12,0.25878947360250243,0.2409636566753397,0.06888153787330231,24,24,18096,10543
CAMELS-GB v2,718,12,0.2556135343293525,0.20618050914219854,0.19338970182799708,24,23,15528,8991
CAMELS-GB v2,719,12,0.30119978206984027,0.27317602368437865,0.09304043380404459,24,24,14040,8535
CAMELS-GB v2,720,12,0.22601825174040074,0.19123658289569023,0.15388876153532915,24,24,17976,10739
CAMELS-GB v2,721,12,0.2562674190436273,0.23077987037385286,0.09945684381140707,24,24,16560,9686
CAMELS-GB v2,722,12,0.28722024962645915,0.2594609982426292,0.09664796065016978,24,24,17592,10333
CAMELS-GB v2,723,12,0.32112717958811327,0.2573123307473584,0.19872141910443586,24,24,16272,9880
CAMELS-GB v2,724,12,0.25945656512409887,0.22098740870479766,0.1482681943349604,24,24,14976,8915
CAMELS-GB v2,725,12,0.23839584206904235,0.1918108364638561,0.19541031085472815,24,24,14592,8384
CAMELS-GB v2,726,12,0.20934564433284472,0.1699288418039876,0.1882857541864459,24,22,14472,8940
CAMELS-GB v2,727,12,0.2325239327727855,0.20130720811402864,0.13425166298585178,24,24,14880,8879
CAMELS-GB v2,728,12,0.2994484008437872,0.2607725273390563,0.12915705475717965,24,24,16824,9804
CAMELS-GB v2,729,12,0.22679619105694118,0.17823957894423934,0.21409800529018075,24,23,13032,8101
CAMELS-GB v2,730,12,0.32248992369518453,0.26956583267851436,0.16411083611621213,24,24,16824,9741
CAMELS-GB v2,731,12,0.2766551979391632,0.21070962116246308,0.23836738752040953,24,24,17760,10946
CAMELS-GB v2,732,12,0.2790813511554687,0.24429864836641105,0.12463284502905092,24,24,13872,8439
CAMELS-GB v2,733,12,0.2972321576837705,0.24155276140704532,0.187326286329904,24,24,15888,9441
CAMELS-GB v2,734,12,0.22108471317733266,0.20272628977584217,0.08303795924038015,24,24,23664,13344
CAMELS-GB v2,735,12,0.25586056080653585,0.2343162787655632,0.0842032158964231,24,23,13656,8070
CAMELS-GB v2,736,12,0.22195527181906552,0.17719322971848908,0.20167145269280096,24,24,18024,11659
CAMELS-GB v2,737,12,0.2915921948261315,0.2606710246740662,0.1060425165718265,24,24,16656,9672
CAMELS-GB v2,738,12,0.27259733287915217,0.20836212076779576,0.23564138149448866,24,24,16824,9729
CAMELS-GB v2,739,12,0.2815159814492049,0.26782674820658653,0.04862684232755854,24,24,16320,9824
CAMELS-GB v2,740,12,0.2934085233951226,0.23010460434181138,0.2157535109096409,24,24,10416,6208
CAMELS-GB v2,741,12,0.2235370174748623,0.18743147635713275,0.16151929342883786,24,24,21000,12680
CAMELS-GB v2,742,12,0.3145279160139727,0.2725566479047893,0.13344210790917155,24,24,17784,11051
CAMELS-GB v2,743,12,0.284233256678581,0.21690428463074016,0.23687929004021635,24,24,15744,9377
CAMELS-GB v2,744,12,0.32772551583183857,0.26762671390289927,0.18338151601164,24,24,15144,9141
CAMELS-GB v2,745,12,0.33525268594210117,0.2734819710138039,0.18425121563072344,24,24,14208,8267
CAMELS-GB v2,746,12,0.2736048064746406,0.23884691005890824,0.12703686336356057,24,24,21288,12530
CAMELS-GB v2,747,12,0.24008326859664428,0.2035954271246687,0.15197994298085626,24,24,19128,11816
CAMELS-GB v2,748,12,0.3482251081579804,0.2739509490171697,0.21329352019933756,24,24,17304,10184
CAMELS-GB v2,749,12,0.2344286913737953,0.2076692556561889,0.11414744313416236,24,24,15960,9677
CAMELS-GB v2,750,12,0.28653267255473297,0.24443167600541857,0.14693262089080728,24,24,18288,10684
CAMELS-GB v2,751,12,0.3285186408902314,0.28056782948008385,0.14596070189566335,24,24,17616,10837
CAMELS-GB v2,752,12,0.30438497283820565,0.2824846697999193,0.07194935687553583,24,24,15768,9346
CAMELS-GB v2,753,12,0.3089013625817536,0.2783821290613387,0.0987992842289186,24,24,15696,9425
CAMELS-GB v2,754,12,0.202476099412125,0.1579044721344868,0.22013278311390205,24,21,12000,7186
CAMELS-GB v2,755,12,0.3123075855593186,0.2578421591230179,0.1743967452431786,24,24,13488,8061
CAMELS-GB v2,756,12,0.2506043048069912,0.21604573575399472,0.1379009394096904,24,24,15144,9365
CAMELS-GB v2,757,12,0.2855976657647355,0.2502431021670439,0.12379150054684052,24,24,16656,9508
CAMELS-GB v2,758,12,0.2697833036225281,0.25205371455896364,0.06571788848864846,24,24,22416,13196
CAMELS-GB v2,759,12,0.25821657748428717,0.19057325389897398,0.2619635200975018,24,23,13872,8650
CAMELS-GB v2,760,12,0.2502903343207853,0.2067494099358663,0.17396166936720237,24,24,18720,11487
CAMELS-GB v2,761,12,0.23297446639732566,0.16351636948307016,0.2981360918573728,24,24,17328,10947
CAMELS-GB v2,762,12,0.2643413384953015,0.22827118667588703,0.13645293628584543,24,24,21528,12852
CAMELS-GB v2,763,12,0.29360028731961296,0.2452859473231391,0.1645582176964252,24,24,16656,10016
CAMELS-GB v2,764,12,0.2770224128833487,0.2217497877235383,0.199524018957575,24,24,14808,8491
CAMELS-GB v2,765,12,0.2933268958469753,0.27025381476268523,0.07865995723872177,24,24,17688,10364
CAMELS-GB v2,766,12,0.2290465791937926,0.20084372041537882,0.12313154327684495,24,23,18048,10586
CAMELS-GB v2,767,12,0.23632227694307836,0.19921893764142373,0.15700313902523677,24,24,10464,6337
CAMELS-GB v2,768,12,0.3117072675194434,0.25619752968512743,0.1780829118167847,24,24,19176,11316
CAMELS-GB v2,769,12,0.19585400610085704,0.16480934042108772,0.15850921968776355,24,22,13608,8568
CAMELS-GB v2,770,12,0.2927622137297305,0.2612781984928499,0.1075412527996038,24,24,14424,8541
CAMELS-GB v2,771,12,0.25766715377401334,0.21287194200789655,0.1738491348625847,24,24,17328,10658
CAMELS-GB v2,772,12,0.30333838424136683,0.2662250080578407,0.12234975232806322,24,24,15768,9156
CAMELS-GB v2,773,12,0.25644915157949366,0.22282705989210397,0.13110626991864927,24,24,12000,7632
CAMELS-GB v2,774,12,0.2545442851567606,0.21819797128008436,0.1427897462097506,24,23,13992,8268
CAMELS-GB v2,775,12,0.2772515129991519,0.2420665462067007,0.1269063112112172,24,24,15288,8749
CAMELS-GB v2,776,12,0.3392600864621511,0.3016924328046361,0.11073408030185772,24,24,15384,9217
CAMELS-GB v2,777,12,0.26322042002574103,0.22244572805606377,0.1549070241803041,24,24,23568,13179
CAMELS-GB v2,778,12,0.2913612475698934,0.25285484206266223,0.13216035361049183,24,24,12984,7881
CAMELS-GB v2,779,12,0.2559093480402395,0.21593385493829703,0.15620958518348727,24,23,14280,8827
CAMELS-GB v2,780,12,0.32155450012142556,0.26913643960628586,0.16301454495379653,24,24,16248,9788
CAMELS-GB v2,781,12,0.2735531015675705,0.24345012677282196,0.11004435563788628,24,24,18552,10300
CAMELS-GB v2,782,12,0.2716361412044513,0.21633988805549445,0.20356736369383643,24,24,13080,7945
CAMELS-GB v2,783,12,0.21868726311880324,0.17560657719791706,0.19699677661374515,24,23,17832,11197
CAMELS-GB v2,784,12,0.2794515956416848,0.25127801916875,0.10081737557533665,24,24,12792,7634
CAMELS-GB v2,785,12,0.23759896076276119,0.21362900880543625,0.10088407744029881,24,23,15792,9303
CAMELS-GB v2,786,12,0.267008069021226,0.20674796310457697,0.22568646010416482,24,24,15624,9166
CAMELS-GB v2,787,12,0.22620827466430296,0.19483536050248915,0.13869039144731454,24,24,18984,11482
CAMELS-GB v2,788,12,0.2318168514806179,0.18449551261490602,0.20413243715230256,24,24,16680,10831
CAMELS-GB v2,789,12,0.2790714341030356,0.2187975797219175,0.21598002165590502,24,24,15192,8835
CAMELS-GB v2,790,12,0.3505994270110029,0.31610486491927525,0.09838738866691044,24,24,11616,7123
CAMELS-GB v2,791,12,0.2675470456982016,0.2214018276286821,0.172475154599809,24,24,13368,8325
CAMELS-GB v2,792,12,0.23321993950057743,0.1957484691600231,0.16067009716577674,24,24,17328,10325
CAMELS-GB v2,793,12,0.1912638890968309,0.14530088952138706,0.24031195743475764,24,24,14712,10616
CAMELS-GB v2,794,12,0.2430552682186712,0.21602880989780282,0.11119470283011235,24,23,13080,8081
CAMELS-GB v2,795,12,0.34130207940480795,0.2967444673230307,0.13055183302568985,24,24,14856,8594
CAMELS-GB v2,796,12,0.29042054179793536,0.2710676925186217,0.06663732930013866,24,24,15840,9412
CAMELS-GB v2,797,12,0.22125160376020062,0.18191118701020365,0.17780850435161288,24,23,17712,11393
CAMELS-GB v2,798,12,0.20399255629597698,0.1834306073659371,0.10079754528006468,24,23,17832,10182
CAMELS-GB v2,799,12,0.23537477652386335,0.18898194490529893,0.19710196777971623,24,23,15768,9958
CAMELS-GB v2,800,12,0.27926338621758773,0.2369935025244028,0.15136206813824993,24,24,16104,9241
CAMELS-GB v2,801,12,0.27405252516271533,0.24862637620607425,0.09277837867592942,24,24,15768,9302
CAMELS-GB v2,802,12,0.2125267086316774,0.1913972276815956,0.09942035561610563,24,23,17760,10214
CAMELS-GB v2,803,12,0.25958385849923155,0.2324207944486134,0.10464080550947874,24,24,12432,7239
CAMELS-GB v2,804,12,0.2867121282804428,0.2706396739199129,0.05605781121616482,24,24,19032,11272
CAMELS-GB v2,805,12,0.25376636497722294,0.2217998175611118,0.1259684175205028,24,24,15672,9911
CAMELS-GB v2,806,12,0.24902749610923808,0.22723448624090362,0.08751246432150916,24,24,17544,10174
CAMELS-GB v2,807,12,0.28942950173523796,0.269372754907157,0.06929752049405213,24,24,20040,11948
CAMELS-GB v2,808,12,0.18867139906483094,0.1563912708699594,0.1710917942776239,24,23,19320,12574
CAMELS-GB v2,809,12,0.28225321919873436,0.2297245167018089,0.18610488357243504,24,24,19536,11502
CAMELS-GB v2,810,12,0.2876701096897645,0.2414599314304319,0.16063600875727957,24,24,15336,9163
CAMELS-GB v2,811,12,0.2617848111623421,0.19578865355548697,0.2521007896288091,24,24,14472,8847
CAMELS-GB v2,812,12,0.25325610978592733,0.23737354649352216,0.06271344571244664,24,24,19584,11506
CAMELS-GB v2,813,12,0.2764468108743589,0.24625641257397718,0.10920870530173277,24,24,17928,10842
CAMELS-GB v2,814,12,0.21172507206044977,0.18033881120882858,0.14824064314244312,24,24,14376,9155
CAMELS-GB v2,815,12,0.25778124398252533,0.23836383866731084,0.07532512845089212,24,23,14520,8724
CAMELS-GB v2,816,12,0.3111260630388147,0.2908294934477048,0.06523583846647318,24,24,16104,9675
CAMELS-GB v2,817,12,0.30440996181344976,0.24854446182907497,0.18352060376595236,24,24,15456,8977
CAMELS-GB v2,818,12,0.3103043276270079,0.2713303216562129,0.12559929882010068,24,24,18744,11021
CAMELS-GB v2,819,12,0.2838324170685684,0.2369518623907109,0.16516983916792016,24,24,14328,8414
CAMELS-GB v2,820,12,0.23520015673085554,0.18451392070306857,0.2155025605947546,24,24,19248,12312
CAMELS-GB v2,821,12,0.3009255523884445,0.2583524133817332,0.1414739913869344,24,24,12672,7558
CAMELS-GB v2,822,12,0.21650954997846392,0.16022280450610646,0.2599734999123885,24,22,11784,7969
CAMELS-GB v2,823,12,0.27297351975184714,0.23223507618571132,0.14923954383256677,24,24,14760,8979
CAMELS-GB v2,824,12,0.33400165379638025,0.31112595202867105,0.06848978592679389,24,24,13632,8390
CAMELS-GB v2,825,12,0.2423385718845211,0.20992665152183684,0.1337464362797729,24,23,14448,8507
CAMELS-GB v2,826,12,0.2759432372240273,0.21482534033372128,0.22148720695295332,24,24,17736,10735
CAMELS-GB v2,827,12,0.32542166996644545,0.27107175045742155,0.16701383013192694,24,24,15288,9312
CAMELS-GB v2,828,12,0.3285993054476333,0.28760085693061227,0.1247673012003816,24,24,13536,7725
CAMELS-GB v2,829,12,0.31197950057239693,0.24712248460657593,0.20788871014546195,24,24,16416,9788
CAMELS-GB v2,830,12,0.314868012731186,0.27586628965477966,0.12386689501452619,24,24,16848,9734
CAMELS-GB v2,831,12,0.26046866794167495,0.20779109147061076,0.2022415090741737,24,23,13344,7672
CAMELS-GB v2,832,12,0.30245764554000615,0.2524604830641901,0.16530302081321635,24,24,17568,10642
CAMELS-GB v2,833,12,0.26386093088497026,0.2449335280288102,0.07173249481338118,24,24,17136,10338
CAMELS-GB v2,834,12,0.32533585799109666,0.27032985372657664,0.16907452072505746,24,24,12888,7994
CAMELS-GB v2,835,12,0.22412131184723055,0.18688572172855755,0.1661403362838344,24,23,20760,13667
CAMELS-GB v2,836,12,0.2781702272352657,0.22812662568915998,0.1799027956495889,24,23,13008,7607
CAMELS-GB v2,837,12,0.2045897660600941,0.17229365622461928,0.15785789513043624,24,23,15456,9984
CAMELS-GB v2,838,12,0.28410748480601516,0.24700043224510537,0.1306092044222137,24,24,13872,8093
CAMELS-GB v2,839,12,0.2668955752796533,0.2179287821445514,0.1834679840000888,24,24,13800,8565
CAMELS-GB v2,840,12,0.22772294433096169,0.17655100173130173,0.22471140424606972,24,24,15528,9268
CAMELS-GB v2,841,12,0.2649931667633441,0.22423350377232973,0.1538140152399302,24,24,17328,10089
CAMELS-GB v2,842,12,0.19074418866906365,0.15176766967768357,0.20433922135894456,24,21,10728,6300
CAMELS-GB v2,843,12,0.23123756740600776,0.19076236971943655,0.17503729234231524,24,23,14136,9100
CAMELS-GB v2,844,12,0.3279644236568245,0.2589155836505471,0.21053759196311095,24,24,17880,10394
CAMELS-GB v2,845,12,0.27768910374731653,0.2197960789192582,0.20848144218412745,24,23,12624,7078
CAMELS-GB v2,846,12,0.32557959989002194,0.28897086454047577,0.11244173579030226,24,24,18768,11368
CAMELS-GB v2,847,12,0.3097230495787271,0.26035196519595233,0.15940397219363345,24,24,13584,8250
CAMELS-GB v2,848,12,0.2822209100180241,0.2503018813480177,0.11309944634494973,24,24,13536,8257
CAMELS-GB v2,849,12,0.2905972662545452,0.2712851929893039,0.06645648637425616,24,24,19104,11180
CAMELS-GB v2,850,12,0.2957846547654059,0.264287694252802,0.10648612091653264,24,24,15144,9105
CAMELS-GB v2,851,12,0.34730031076608225,0.28087527887483643,0.19126107818540128,24,24,15864,9562
CAMELS-GB v2,852,12,0.23465583886310945,0.2170594416739312,0.07498810715485071,24,23,15288,8772
CAMELS-GB v2,853,12,0.30741172823787044,0.27933567611461324,0.0913304521079703,24,24,17280,10247
CAMELS-GB v2,854,12,0.23826382141883212,0.2130304213215106,0.10590529416954575,24,24,15864,9276
CAMELS-GB v2,855,12,0.26672498096166647,0.21159621429859657,0.2066876768134177,24,24,16704,9926
CAMELS-GB v2,856,12,0.3081158707324559,0.2580688912198372,0.16242908680311252,24,24,16728,9855
CAMELS-GB v2,857,12,0.23746444016847407,0.18594758608479448,0.21694555213037325,24,23,16200,10266
CAMELS-GB v2,858,12,0.24518497398181954,0.16334040874464803,0.33380742672770924,24,24,14856,8642
CAMELS-GB v2,859,12,0.23007324408382573,0.1766400604481795,0.23224423095533087,24,24,16944,10797
CAMELS-GB v2,860,12,0.3213783478550769,0.26391208614054124,0.17881186488782885,24,24,16488,9692
CAMELS-GB v2,861,12,0.2833356818485749,0.2464064249582624,0.13033747337918722,24,24,20736,12362
CAMELS-GB v2,862,12,0.25339086174850234,0.21510024715481205,0.15111284728055752,24,24,18744,11022
CAMELS-GB v2,863,12,0.3112057342171477,0.28008849235639066,0.0999892946671882,24,24,18912,11093
CAMELS-GB v2,864,12,0.3242207585773589,0.2505307215835158,0.22728352532757612,24,24,14760,8403
CAMELS-GB v2,865,12,0.28278586109463355,0.2592510322248145,0.08322491364567619,24,24,15120,8995
CAMELS-GB v2,866,12,0.31797090472735084,0.27738927255111023,0.12762687268836115,24,24,16896,9770
CAMELS-GB v2,867,12,0.2947512007732866,0.24513987837283718,0.16831592974105947,24,24,21072,12519
CAMELS-GB v2,868,12,0.21362846826078752,0.17645323369022717,0.1740181674905733,24,23,18840,11960
CAMELS-GB v2,869,12,0.35142536347181447,0.2953612542002124,0.15953347452708433,24,24,18024,10623
CAMELS-GB v2,870,12,0.22471837516384988,0.19631742653464504,0.12638462968814512,24,24,14544,8845
CAMELS-GB v2,871,12,0.29450495092902196,0.26134424775779513,0.11259811784698592,24,24,14064,8725
CAMELS-GB v2,872,12,0.24680067978260103,0.2171560912104317,0.120115506157772,24,24,16776,9817
CAMELS-GB v2,873,12,0.2464814283092612,0.21142355963844633,0.1422333070336952,24,24,16152,9090
CAMELS-GB v2,874,12,0.3314027883286833,0.2734639029788102,0.17482920298307714,24,24,17952,10527
CAMELS-GB v2,875,12,0.33588949377370003,0.2526175242749407,0.24791477864699873,24,24,14304,8712
CAMELS-GB v2,876,12,0.23311964864466894,0.20938030891350595,0.10183328547885517,24,23,16392,9521
CAMELS-GB v2,877,12,0.28467608340162,0.23365799706430712,0.17921451541588318,24,24,13848,7929
CAMELS-GB v2,878,12,0.25384001799449024,0.20588017428505603,0.1889372845477627,24,24,15384,8990
CAMELS-GB v2,879,12,0.31741927084213345,0.29760054049195295,0.06243707351982808,24,24,19440,11410
CAMELS-GB v2,880,12,0.2327366450420942,0.17704540522797838,0.23928865952348488,24,24,16896,10657
CAMELS-GB v2,881,12,0.2490940859538819,0.23075976206202958,0.07360401119778814,24,23,15192,8666
CAMELS-GB v2,882,12,0.36342004555296087,0.29836507239132914,0.17900766332976348,24,24,11232,6922
CAMELS-GB v2,883,12,0.23989448976631284,0.20202301629749544,0.15786720864538795,24,23,15456,9821
CAMELS-GB v2,884,12,0.28866657714345256,0.22222236313551694,0.23017633238127266,24,24,19320,11247
CAMELS-GB v2,885,12,0.23876242841431827,0.18952825838628276,0.20620568468419465,24,24,16920,10057
CAMELS-GB v2,886,12,0.28809027314636027,0.2553707063918751,0.11357400719274702,24,24,16632,9618
CAMELS-GB v2,887,12,0.24593573776958552,0.21400562179794502,0.12983113499980825,24,24,17496,10009
CAMELS-GB v2,888,12,0.2033657620158916,0.15476130339794336,0.2390002040468845,24,24,13056,9327
CAMELS-GB v2,889,12,0.2314238464663457,0.19392245359781635,0.1620463640249058,24,24,18816,11131
CAMELS-GB v2,890,12,0.21952624412067512,0.18892539470838413,0.13939494812961628,24,23,14736,9698
CAMELS-GB v2,891,12,0.2787567037613538,0.24547421657359245,0.11939618577300581,24,24,13416,7605
CAMELS-GB v2,892,12,0.31630737934888814,0.2597150016418003,0.17891576802154296,24,24,16176,9472
CAMELS-GB v2,893,12,0.266337550070231,0.23814639695241638,0.10584745977569021,24,24,18576,10638
CAMELS-GB v2,894,12,0.2940043936171227,0.25486471939961514,0.13312615412298412,24,24,14040,8557
CAMELS-GB v2,895,12,0.2492174530067908,0.20129143479820188,0.19230602684669518,24,24,16056,9813
CAMELS-GB v2,896,12,0.2045751884650453,0.17682277227716908,0.13565875899275115,24,22,16680,9899
CAMELS-GB v2,897,12,0.2634780866700705,0.24768873208680706,0.05992663292350009,24,24,15360,9231
CAMELS-GB v2,898,12,0.27527134465636915,0.22936491161897632,0.1667679325456104,24,24,18504,11225
CAMELS-GB v2,899,12,0.2809943741643189,0.23058462590641648,0.179397713594166,24,24,16488,9663
CAMELS-GB v2,900,12,0.2233627752143685,0.187946170244725,0.15856091032023145,24,24,12768,8258
CAMELS-GB v2,901,12,0.34787425881131645,0.27945501066535716,0.19667809966666494,24,24,13512,8091
CAMELS-GB v2,902,12,0.24577140646925555,0.23811535811891538,0.031151094670965662,24,24,18480,10350
CAMELS-GB v2,903,12,0.28871564756028467,0.2585207955720317,0.10458335820523257,24,24,17496,10404
CAMELS-GB v2,904,12,0.27465244279879875,0.2427611029352271,0.11611526021246488,24,24,19584,11239
CAMELS-GB v2,905,12,0.2700747642391381,0.23956435621261724,0.11297022923439604,24,24,19680,11753
CAMELS-GB v2,906,12,0.2961987988377874,0.2581691160556075,0.12839242742171542,24,24,18840,11071
CAMELS-GB v2,907,12,0.26946037784748084,0.24315958330210952,0.09760542442443254,24,24,15384,9123
CAMELS-GB v2,908,12,0.2721177213766299,0.23449223628250204,0.13826914654357092,24,24,17184,9731
CAMELS-GB v2,909,12,0.30736961803217877,0.22866755940996283,0.25605022098825836,24,24,15096,9025
CAMELS-GB v2,910,12,0.3139464450979943,0.26808097330338965,0.14609329874809807,24,24,16968,9713
CAMELS-GB v2,911,12,0.2623731407954007,0.2496588989622964,0.04845862573646176,24,24,17712,10721
CAMELS-GB v2,912,12,0.279201367207987,0.2101039228153247,0.24748247146364855,24,24,15768,9228
CAMELS-GB v2,913,12,0.3127460416937573,0.27134164272084726,0.13238984176641777,24,24,15912,9388
CAMELS-GB v2,914,12,0.24771850861725608,0.2116673226374921,0.14553287189156217,24,24,17136,10449
CAMELS-GB v2,915,12,0.23945551316678348,0.22089643252735064,0.07750533864929743,24,24,14568,8762
CAMELS-GB v2,916,12,0.3186765538839766,0.28491305389760135,0.10594911854942368,24,24,17328,10030
CAMELS-GB v2,917,12,0.21442540428700443,0.1618117158960429,0.24537059200568923,24,23,12864,9082
CAMELS-GB v2,918,12,0.3026845843869587,0.23344387259090293,0.2287553293680028,24,24,16344,9611
CAMELS-GB v2,919,12,0.3183677652204399,0.2745206229725496,0.13772481713885287,24,24,14568,8590
CAMELS-GB v2,920,12,0.3159726326000872,0.2739312518608131,0.13305386733440316,24,24,13392,7869
CAMELS-GB v2,921,12,0.2930340777841823,0.25481801605040144,0.13041507671311436,24,24,18864,10948
CAMELS-GB v2,922,12,0.3634581384224592,0.30755813152951045,0.1538003995056354,24,24,14760,8985
CAMELS-GB v2,923,12,0.24768901779803718,0.22152153906834166,0.105646503677576,24,24,14904,8914
CAMELS-GB v2,924,12,0.3080411001766189,0.2701319163463228,0.12306534358097165,24,23,11832,7129
CAMELS-GB v2,925,12,0.32847884614032474,0.28750432363292716,0.1247402168780557,24,24,15360,8925
CAMELS-GB v2,926,12,0.24762632069807633,0.23181342286171477,0.06385790408622094,24,24,18048,10419
CAMELS-GB v2,927,12,0.25377703113790534,0.23013072846188473,0.09317747382414188,24,22,11040,6416
CAMELS-GB v2,928,12,0.24998385968106743,0.21739589895079875,0.1303602591457097,24,24,16944,10173
CAMELS-GB v2,929,12,0.2753946628433894,0.2150090263310531,0.21926945093586014,24,24,18504,10649
CAMELS-GB v2,930,12,0.2689080139250359,0.25411786179301415,0.0550007860165328,24,24,19248,10830
CAMELS-GB v2,931,12,0.33760035319782483,0.26296416817882323,0.22107851580139426,24,24,16776,9876
CAMELS-GB v2,932,12,0.2884961872783318,0.25521534938873425,0.11535971481484186,24,24,15384,9081
CAMELS-GB v2,933,12,0.28707063564878077,0.2380357692341625,0.17081115351209386,24,24,16656,10200
CAMELS-GB v2,934,12,0.30596950690542357,0.28409567273043906,0.07149024226700407,24,24,14664,9039
CAMELS-GB v2,935,12,0.2983082395968466,0.2534946233005954,0.1502258749433648,24,24,11880,7052
CAMELS-GB v2,936,12,0.29012908735689524,0.2560794133654392,0.1173604284274008,24,24,16416,9761
CAMELS-GB v2,937,12,0.33194975339528077,0.27044015714359637,0.18529791217660496,24,24,16992,9862
CAMELS-GB v2,938,12,0.27428052812100007,0.22584952478090953,0.17657470499956518,24,23,12576,7354
CAMELS-GB v2,939,12,0.279080153132366,0.22230432931124827,0.203439130958873,24,24,20496,12189
CAMELS-GB v2,940,12,0.3806584113909508,0.3276060688018973,0.13936994691696625,24,24,13752,8290
CAMELS-GB v2,941,12,0.3280881650949677,0.2662053240319746,0.18861649899831223,24,24,10656,6384
CAMELS-GB v2,942,12,0.24337442914498136,0.2171805894590764,0.10762773960242533,24,23,16488,9472
CAMELS-GB v2,943,12,0.274215162177806,0.2121840192097146,0.2262133956249629,24,24,19440,11070
CAMELS-GB v2,944,12,0.23644690695795406,0.18722697859720772,0.20816482225964927,24,24,10032,6374
CAMELS-GB v2,945,12,0.32679506214272247,0.2512366712757624,0.23121031992203478,24,24,16032,9261
CAMELS-GB v2,946,12,0.26455359600710865,0.23410488358575088,0.11509468357610075,24,24,18408,10982
CAMELS-GB v2,947,12,0.2909254537005925,0.2352362254898094,0.1914209551017696,24,24,14352,8431
CAMELS-GB v2,948,12,0.3031385977647449,0.24532288966615912,0.190723677304381,24,24,13536,8215
CAMELS-GB v2,949,12,0.23906032265544347,0.20644642537274652,0.13642538803774318,24,24,15720,9246
CAMELS-GB v2,950,12,0.29047886479448154,0.2597053497401164,0.10594063384314689,24,24,15288,9290
CAMELS-GB v2,951,12,0.22951481262595633,0.17938556740114822,0.21841398666718947,24,23,12960,8088
CAMELS-GB v2,952,12,0.288836683125482,0.26069075918577655,0.09744580790480051,24,24,18888,10987
CAMELS-GB v2,953,12,0.2441071975945603,0.2051912631762447,0.15942149515374548,24,24,17208,10081
CAMELS-GB v2,954,12,0.3039443278548864,0.23406349754337175,0.229913256828001,24,24,17208,10170
CAMELS-GB v2,955,12,0.27571609744609027,0.23785965195900716,0.1373022679406125,24,24,17616,10222
CAMELS-GB v2,956,12,0.3002025644803158,0.26745943147833995,0.10907013089197914,24,24,14928,8980
CAMELS-GB v2,957,12,0.25542835734192015,0.23504677980493321,0.07979371495430265,24,23,15240,8696
CAMELS-GB v2,958,12,0.339961230595687,0.3053145869432825,0.1019135140548113,24,24,13680,8282
CAMELS-GB v2,959,12,0.27442048423095516,0.22739231815612876,0.17137265174143124,24,24,13200,8256
CAMELS-GB v2,960,12,0.30448778002555854,0.24422439231981788,0.19791726190352266,24,24,13776,8346
CAMELS-GB v2,961,12,0.2501145055263132,0.21092794978381424,0.15667446260279516,24,24,15696,9317
CAMELS-GB v2,962,12,0.31817397146162424,0.26832237171100143,0.15668032027137557,24,24,16008,9492
CAMELS-GB v2,963,12,0.2453668879158092,0.2121771475843882,0.13526576716744743,24,24,16104,9396
CAMELS-GB v2,964,12,0.3212629970179271,0.2775654620615036,0.13601795215147383,24,24,16080,9763
CAMELS-GB v2,965,12,0.2875265561455187,0.2091041817160149,0.2727482827353652,24,24,13032,7768
CAMELS-GB v2,966,12,0.32789439046740965,0.27869626685954413,0.15004259004777165,24,24,18864,11443
CAMELS-GB v2,967,12,0.2291170293198824,0.18904125657674814,0.1749139854950823,24,22,15864,9801
CAMELS-GB v2,968,12,0.24796032451228878,0.18686117518299836,0.24640695824812242,24,24,17880,10394
CAMELS-GB v2,969,12,0.30181031353556836,0.27117990271118253,0.10148894670153819,24,24,15288,9378
CAMELS-GB v2,970,12,0.33622136441755485,0.25150521430774114,0.2519653986193582,24,24,12768,7741
CAMELS-GB v2,971,12,0.27675444114154746,0.23542022582917635,0.14935339480688048,24,24,17568,10264
CAMELS-GB v2,972,12,0.19675058691230102,0.1568170869241928,0.20296508699060734,24,24,13272,9762
CAMELS-GB v2,973,12,0.2023911003777423,0.17892216955654047,0.11595831426085168,24,23,16056,9236
CAMELS-GB v2,974,12,0.23235206158909177,0.20280781784133778,0.1271529227918028,24,24,18888,11945
CAMELS-GB v2,975,12,0.19931361028686606,0.17204379394356953,0.13681863623887958,24,22,15744,10270
CAMELS-GB v2,976,12,0.32385359763455634,0.28052731035458717,0.13378356021494486,24,24,16728,10115
CAMELS-GB v2,977,12,0.2335580041621071,0.19390916733015182,0.16976012864211643,24,24,20640,12507
CAMELS-GB v2,978,12,0.22880986203276904,0.16858908480430984,0.26319135326358734,24,24,15912,10131
CAMELS-GB v2,979,12,0.2425318279158095,0.2185240918570901,0.09898798135085696,24,24,13632,8028
CAMELS-GB v2,980,12,0.22443198628417593,0.20104892484910875,0.10418774000181752,24,23,16152,9424
CAMELS-GB v2,981,12,0.1531436839086074,0.12149691145620727,0.20664758509587755,24,24,11400,8404
CAMELS-GB v2,982,12,0.3273750653093805,0.2917304100192127,0.10888017771445846,24,24,16896,10115
CAMELS-GB v2,983,12,0.3107175226901608,0.27436146938191497,0.11700676869936011,24,24,16416,9419
CAMELS-GB v2,984,12,0.24559365436880526,0.23383277620701726,0.0478875490167463,24,24,13992,8067
CAMELS-GB v2,985,12,0.28669247280964855,0.24244932051355905,0.154322685428386,24,24,14688,8501
CAMELS-GB v2,986,12,0.28058253271267136,0.2586096953445277,0.07831149414651828,24,24,15264,8856
CAMELS-GB v2,987,12,0.3140568987070618,0.28413052652521037,0.09528965071315132,24,24,12576,7982
CAMELS-GB v2,988,12,0.2958574835972274,0.2527620903505476,0.1456626775929344,24,24,15216,9148
CAMELS-GB v2,989,12,0.2616063990023326,0.22809075483543773,0.12811477201899812,24,24,17808,9899
CAMELS-GB v2,990,12,0.2885064387185387,0.2394101734344956,0.17017389803192728,24,24,17592,10642
CAMELS-GB v2,991,12,0.29236858046950787,0.1938578946800215,0.33694005570396923,24,24,14688,8512
CAMELS-GB v2,992,12,0.19137436161968052,0.1459481381053282,0.23736838691395945,24,24,12480,9132
CAMELS-GB v2,993,12,0.2596972819881209,0.24522966275875818,0.05570955197761562,24,24,14472,8802
CAMELS-GB v2,994,12,0.2373914007719676,0.20835816329188928,0.1223011338475859,24,24,15144,9207
CAMELS-GB v2,995,12,0.3200760316738023,0.2797963330907879,0.125844157628349,24,24,13296,8044
CAMELS-GB v2,996,12,0.2732272340077749,0.25440112409590926,0.06890275773655097,24,24,17976,10752
CAMELS-GB v2,997,12,0.27296472118170584,0.21055382544442122,0.22864088614491407,24,24,12912,7849
CAMELS-GB v2,998,12,0.36261428483907976,0.2978550223732095,0.1785899374995914,24,24,15216,9052
CAMELS-GB v2,999,12,0.28360423618456926,0.20897053880620733,0.26316143363172617,24,24,14448,8610
CAMELS-BR v1.2,0,12,0.5479020581608957,0.47348425752129353,0.1358231814083618,24,24,26400,16935
CAMELS-BR v1.2,1,12,0.5765572853757811,0.4871965911269825,0.15499013977519382,24,24,26160,16700
CAMELS-BR v1.2,2,12,0.5909138902325977,0.5298969405325308,0.10325861467911879,24,24,19608,13164
CAMELS-BR v1.2,3,12,0.5289339365706818,0.48033240344348777,0.09188582877154705,24,24,22992,15688
CAMELS-BR v1.2,4,12,0.49801835313454196,0.4477999821828732,0.10083638612029633,24,24,20040,13419
CAMELS-BR v1.2,5,12,0.41123140450557,0.3735127451262906,0.09172125223419914,24,24,31368,21173
CAMELS-BR v1.2,6,12,0.5044360603415562,0.4513672422044139,0.10520425145896417,24,24,27768,18836
CAMELS-BR v1.2,7,12,0.5297724188598752,0.4571385376727095,0.13710393104926322,24,24,22632,14726
CAMELS-BR v1.2,8,12,0.4823558809972766,0.4291103423901082,0.1103864194566937,24,24,19152,13823
CAMELS-BR v1.2,9,12,0.4908704844112113,0.3829168320524411,0.2199228835041046,24,24,24408,15648
CAMELS-BR v1.2,10,12,0.5427563220793737,0.497347941744928,0.08366255442309722,24,24,22128,15306
CAMELS-BR v1.2,11,12,0.5975942149943007,0.551212426741923,0.07761418549344568,24,24,22344,15693
CAMELS-BR v1.2,12,12,0.5921003526749056,0.4786050028386405,0.19168262495290223,24,24,23784,14314
CAMELS-BR v1.2,13,12,0.5482786297768409,0.4796333180300767,0.12520150890196846,24,24,24792,16077
CAMELS-BR v1.2,14,12,0.5909711761472431,0.5301844365181941,0.10285905993815125,24,24,19488,13403
CAMELS-BR v1.2,15,12,0.47469005840889317,0.4060071522933372,0.14469000329556758,24,24,29592,19060
CAMELS-BR v1.2,16,12,0.4928815696254655,0.4469881870241727,0.09311239338116573,24,24,21336,15258
CAMELS-BR v1.2,17,12,0.44722833704977655,0.4038760759640914,0.09693540747365481,24,24,18696,13107
CAMELS-BR v1.2,18,12,0.5031362325290469,0.46676918105960674,0.07228072461933188,24,24,21840,15237
CAMELS-BR v1.2,19,12,0.6345247914538955,0.5653879126185031,0.10895851472875973,24,24,16584,11067
CAMELS-BR v1.2,20,12,0.3764122582587182,0.33836631819277924,0.10107518878885446,24,24,21840,15163
CAMELS-BR v1.2,21,12,0.483332788949725,0.4410756399197296,0.08742868267186998,24,24,29688,20256
CAMELS-BR v1.2,22,12,0.5341661391316871,0.47338540535178175,0.11378619745292606,24,24,21120,14405
CAMELS-BR v1.2,23,12,0.5254849922541482,0.4605076826418389,0.12365207488339347,24,24,20808,14378
CAMELS-BR v1.2,24,12,0.6640867696929976,0.6015648606986489,0.09414719860064691,24,24,20088,13444
CAMELS-BR v1.2,25,12,0.4841227872633157,0.4390061316957034,0.09319258823293775,24,24,22920,15010
CAMELS-BR v1.2,26,12,0.45825080581665123,0.3950795844093157,0.13785294123980374,24,24,17928,12300
CAMELS-BR v1.2,27,12,0.446778291533558,0.3537438119279079,0.2082341093304042,24,24,24480,15894
CAMELS-BR v1.2,28,12,0.4506833258382519,0.3524380180236463,0.21799188517097556,24,24,18648,13016
CAMELS-BR v1.2,29,12,0.5244127418274969,0.43781574008118385,0.16513138381141523,24,24,19176,12415
CAMELS-BR v1.2,30,12,0.4817791786164682,0.4318074942468458,0.10372321301457399,24,24,24312,17601
CAMELS-BR v1.2,31,12,0.5110986853151869,0.4616915009559065,0.09666858041086857,24,24,25176,17054
CAMELS-BR v1.2,32,12,0.4659303616577183,0.43434520277614896,0.06778944125725894,24,24,25488,16871
CAMELS-BR v1.2,33,12,0.6792638004925041,0.650069810443635,0.04297886922238736,24,24,20112,15170
CAMELS-BR v1.2,34,12,0.575077989303792,0.5050086285617472,0.12184323177952427,24,24,16824,11354
CAMELS-BR v1.2,35,12,0.5501234389668356,0.48217162474080905,0.12352103075928567,24,24,24384,16393
CAMELS-BR v1.2,36,12,0.6271984218107435,0.5451456779394969,0.13082421928670918,24,24,18480,12131
CAMELS-BR v1.2,37,12,0.5639201148331942,0.44956201245533334,0.20279131630494784,24,24,19872,13093
CAMELS-BR v1.2,38,12,0.6291900271407149,0.5551454788553434,0.11768232980719495,24,24,24816,16747
CAMELS-BR v1.2,39,12,0.47009063844853566,0.4200988886177938,0.10634491679249813,24,24,22392,14943
CAMELS-BR v1.2,40,12,0.5148146269445977,0.4436411075905805,0.13825077149891585,24,24,21168,14469
CAMELS-BR v1.2,41,12,0.5301641190543539,0.4915073696385454,0.07291468439010917,24,24,20520,14365
CAMELS-BR v1.2,42,12,0.591846099842465,0.49428330460484604,0.16484487312425944,24,24,19536,11984
CAMELS-BR v1.2,43,12,0.5820939878967468,0.5316426541954237,0.08667214358907338,24,24,17616,11928
CAMELS-BR v1.2,44,12,0.5814046303459821,0.47173881813827456,0.18862218579588474,24,24,23544,14669
CAMELS-BR v1.2,45,12,0.5337099705677063,0.4479039853726423,0.16077268540400758,24,24,19872,12404
CAMELS-BR v1.2,46,12,0.48401194021686195,0.4164264600650368,0.13963597699995456,24,24,22608,15010
CAMELS-BR v1.2,47,12,0.5132219735377866,0.421388032997335,0.17893610421123218,24,24,18312,12140
CAMELS-BR v1.2,48,12,0.6991160250185202,0.5874604428614277,0.15970965928600278,24,24,20208,12599
CAMELS-BR v1.2,49,12,0.603098837326902,0.5040422486106526,0.1642460283214855,24,24,21144,13205
CAMELS-BR v1.2,50,12,0.468165540641379,0.3837755593435915,0.18025671257686893,24,24,25056,17184
CAMELS-BR v1.2,51,12,0.4737576721946945,0.4115809420737958,0.13124163210458084,24,24,21888,14763
CAMELS-BR v1.2,52,12,0.5104576669870476,0.4338772023919156,0.15002314500856584,24,24,20064,13763
CAMELS-BR v1.2,53,12,0.4679259847831797,0.42160990036636553,0.09898164650607166,24,24,22632,16313
CAMELS-BR v1.2,54,12,0.4472943684568677,0.3799643196672277,0.15052737869677113,24,24,19704,13136
CAMELS-BR v1.2,55,12,0.579267446823825,0.4973817770047071,0.14136073115812797,24,24,15432,10281
CAMELS-BR v1.2,56,12,0.485971166598895,0.4005586488528601,0.17575634855829148,24,24,23088,14990
CAMELS-BR v1.2,57,12,0.4350889557519021,0.39020832055611127,0.10315277968439818,24,24,25416,17064
CAMELS-BR v1.2,58,12,0.6155263056953468,0.5513406667588893,0.10427765368037101,24,24,19056,12293
CAMELS-BR v1.2,59,12,0.6416418072727494,0.579412955286553,0.09698378640677341,24,24,23832,16187
CAMELS-BR v1.2,60,12,0.4506333854506614,0.3871743820092413,0.1408217976969397,24,24,26952,18433
CAMELS-BR v1.2,61,12,0.5656058805753263,0.49634349841109227,0.12245696967255959,24,24,18432,11824
CAMELS-BR v1.2,62,12,0.5027452605457864,0.41462257360282706,0.17528297899276513,24,24,15240,10415
CAMELS-BR v1.2,63,12,0.44555040126357154,0.4111638664902515,0.07717765414597444,24,24,22992,16121
CAMELS-BR v1.2,64,12,0.5462363847278302,0.4597927427573345,0.1582531746096837,24,24,23616,15127
CAMELS-BR v1.2,65,12,0.5341514928481534,0.4894655634624635,0.08365778245310096,24,24,26952,18977
CAMELS-BR v1.2,66,12,0.49627472025408303,0.41429919963562456,0.16518173759986932,24,24,17880,11746
CAMELS-BR v1.2,67,12,0.4928292175643656,0.46010301774188156,0.066404747641022,24,24,15720,10776
CAMELS-BR v1.2,68,12,0.6394424106845873,0.5747823642406394,0.1011194211762132,24,24,19992,13294
CAMELS-BR v1.2,69,12,0.587240324439708,0.5044081140117793,0.14105334218483667,24,24,17400,11312
CAMELS-BR v1.2,70,12,0.7071972250809353,0.6032852892114069,0.14693487500270686,24,24,15288,10139
CAMELS-BR v1.2,71,12,0.6086653960475022,0.539081561568506,0.11432198204605304,24,24,21600,14144
CAMELS-BR v1.2,72,12,0.5462485729200361,0.5114492011820954,0.06370611011744465,24,24,22416,16009
CAMELS-BR v1.2,73,12,0.4387054926629716,0.39338318802787714,0.10330917983265964,24,24,26928,18975
CAMELS-BR v1.2,74,12,0.5796496846302425,0.5043937543269871,0.12983002026691526,24,24,19944,13089
CAMELS-BR v1.2,75,12,0.5656166891654132,0.4893118971107127,0.1349054819568546,24,24,20448,13975
CAMELS-BR v1.2,76,12,0.5146257031994275,0.46468674529704274,0.09703937753577851,24,24,16392,11813
CAMELS-BR v1.2,77,12,0.6377254758880382,0.5587576318832648,0.1238273316505194,24,24,16248,11603
CAMELS-BR v1.2,78,12,0.628719132660707,0.5666646359800465,0.09869987003266323,24,24,19440,12834
CAMELS-BR v1.2,79,12,0.5648626940652995,0.527318702952596,0.0664656942424372,24,24,17928,12304
CAMELS-BR v1.2,80,12,0.5286953872169249,0.47017544965811436,0.11068743736702902,24,24,23736,16209
CAMELS-BR v1.2,81,12,0.46160813318691335,0.39661819474454546,0.1407902802614882,24,24,21864,16390
CAMELS-BR v1.2,82,12,0.5900398160612746,0.4971887913726007,0.1573639984306271,24,24,18408,12613
CAMELS-BR v1.2,83,12,0.5227128149492716,0.4395820686644585,0.15903713072900427,24,24,25440,16526
CAMELS-BR v1.2,84,12,0.5973358974203122,0.5226492433753542,0.12503292430189428,24,24,21912,13910
CAMELS-BR v1.2,85,12,0.5049977846704419,0.46731718466185784,0.07461537684402741,24,24,14832,10336
CAMELS-BR v1.2,86,12,0.4447415830333354,0.40366203405638756,0.09236723199294072,24,24,19368,13487
CAMELS-BR v1.2,87,12,0.4757405129913962,0.40829361179286316,0.14177245653189263,24,24,17688,11910
CAMELS-BR v1.2,88,12,0.4469981886073978,0.37731993356845284,0.15588039686698585,24,24,26400,17954
CAMELS-BR v1.2,89,12,0.4932391885941377,0.44491052725491675,0.09798220104321076,24,24,16488,12052
CAMELS-BR v1.2,90,12,0.45192413707509443,0.38173855080951374,0.15530391166940094,24,24,21168,14423
CAMELS-BR v1.2,91,12,0.42088119040799166,0.3627366027958982,0.13814964635442495,24,24,18792,13675
CAMELS-BR v1.2,92,12,0.6610260900804757,0.5602560443859328,0.1524448841077889,24,24,20328,12624
CAMELS-BR v1.2,93,12,0.5275988301807961,0.46676154006131115,0.11530975172677582,24,24,23640,15923
CAMELS-BR v1.2,94,12,0.49259188087739564,0.41668417867719104,0.15409856545950207,24,24,21072,14748
CAMELS-BR v1.2,95,12,0.696395774195078,0.5895961351541315,0.15336055013313354,24,24,20544,13608
CAMELS-BR v1.2,96,12,0.4929883735436776,0.44778676428209185,0.0916889965105454,24,24,18648,13090
CAMELS-BR v1.2,97,12,0.5643257476193525,0.5312278831956782,0.05865028232948788,24,24,20136,14704
CAMELS-BR v1.2,98,12,0.40595841581135084,0.37119160645518867,0.08564130709466145,24,24,19944,13737
CAMELS-BR v1.2,99,12,0.5263430564810612,0.4891226514064723,0.07071510608201237,24,24,18744,12900
CAMELS-BR v1.2,100,12,0.4881808320410261,0.42158677678839834,0.1364126792406123,24,24,16104,10382
CAMELS-BR v1.2,101,12,0.5865758649846377,0.4963338269588769,0.15384546724936288,24,24,19824,12523
CAMELS-BR v1.2,102,12,0.6934080941098344,0.6285673702576879,0.09351019176576825,24,24,16512,11167
CAMELS-BR v1.2,103,12,0.5597550411921874,0.4668381121111239,0.16599569855264817,24,24,23376,14633
CAMELS-BR v1.2,104,12,0.4564215946117034,0.3745993409915376,0.17926902360913788,24,24,18696,12662
CAMELS-BR v1.2,105,12,0.6050106708458686,0.5522135596655676,0.08726641317992789,24,24,23208,16247
CAMELS-BR v1.2,106,12,0.48263944746620535,0.43096543929428605,0.10706544697745113,24,24,19368,13558
CAMELS-BR v1.2,107,12,0.6077817958645144,0.5220103856046232,0.14112204551616947,24,24,18936,12480
CAMELS-BR v1.2,108,12,0.4676485147805933,0.4031056392523464,0.1380157821275847,24,24,23208,15370
CAMELS-BR v1.2,109,12,0.599073545980089,0.517297242929993,0.13650461383052614,24,24,21480,14174
CAMELS-BR v1.2,110,12,0.5394422245154301,0.4876008888792085,0.0961017385741163,24,24,25320,17416
CAMELS-BR v1.2,111,12,0.49654227545437984,0.4449050990268946,0.10399351471177887,24,24,22776,16383
CAMELS-BR v1.2,112,12,0.47590461063387235,0.43312004445131524,0.08990155847738268,24,24,28632,18934
CAMELS-BR v1.2,113,12,0.5886869896829747,0.4762383011106707,0.19101609266557928,24,24,16824,11484
CAMELS-BR v1.2,114,12,0.6690326734094829,0.6377309666100182,0.046786514386430444,24,24,18360,13873
CAMELS-BR v1.2,115,12,0.43442827687735486,0.3907403447448417,0.10056420002523658,24,24,24744,17390
CAMELS-BR v1.2,116,12,0.45533517626083103,0.3785820888392069,0.16856393141402592,24,24,21000,14200
CAMELS-BR v1.2,117,12,0.6113417185875192,0.47878262859483195,0.21683305091456828,24,24,20616,12367
CAMELS-BR v1.2,118,12,0.5505314805733101,0.48641913915683704,0.11645535937328788,24,24,25728,16735
CAMELS-BR v1.2,119,12,0.482675168246424,0.4484562448786275,0.07089431074756769,24,24,20712,14946
CAMELS-BR v1.2,120,12,0.49237473033441903,0.45867425728879224,0.06844476568230373,24,24,22560,15498
CAMELS-BR v1.2,121,12,0.5864327361398473,0.5231082618097486,0.10798250238710694,24,24,21600,13748
CAMELS-BR v1.2,122,12,0.4359190073218976,0.3943737565053187,0.09530497665567594,24,24,24288,16903
CAMELS-BR v1.2,123,12,0.4557121748280658,0.41802628254784197,0.08269669840276317,24,24,25824,17682
CAMELS-BR v1.2,124,12,0.6055503536156936,0.5565680964611388,0.08088882594500302,24,24,13824,9937
CAMELS-BR v1.2,125,12,0.5297693029664605,0.4716485789190751,0.10970949755287174,24,24,19128,12851
CAMELS-BR v1.2,126,12,0.489514615055739,0.44846025870609035,0.08386747828759711,24,24,26016,18083
CAMELS-BR v1.2,127,12,0.5099560535109096,0.4418539962553285,0.13354495311256098,24,24,26304,17781
CAMELS-BR v1.2,128,12,0.5071388310498225,0.45764400347636525,0.09759620944623493,24,24,21864,15643
CAMELS-BR v1.2,129,12,0.581678385255077,0.5232127633915051,0.10051193811840464,24,24,19776,13409
CAMELS-BR v1.2,130,12,0.47277466355440123,0.4251414859629978,0.10075239064904418,24,24,19368,13740
CAMELS-BR v1.2,131,12,0.5486928758045951,0.46428118941457247,0.15384141131091345,24,24,20880,14104
CAMELS-BR v1.2,132,12,0.46344138184050904,0.40003507475697114,0.13681623948152055,24,24,27936,17935
CAMELS-BR v1.2,133,12,0.5464972283407935,0.5053388194303745,0.07531311555847964,24,24,15600,11119
CAMELS-BR v1.2,134,12,0.5566303039306428,0.47579207004419066,0.1452278708428436,24,24,18888,12323
CAMELS-BR v1.2,135,12,0.4435717139143538,0.3603767013183906,0.18755707360552465,24,24,20808,14535
CAMELS-BR v1.2,136,12,0.5278223936420854,0.46855770347663567,0.11228150013967941,24,24,17688,12948
CAMELS-BR v1.2,137,12,0.5557823221935178,0.4747344747905288,0.14582660183057938,24,24,24072,15577
CAMELS-BR v1.2,138,12,0.6289683549657225,0.5732601029955329,0.0885708343358953,24,24,18984,13262
CAMELS-BR v1.2,139,12,0.4986856803785994,0.4370875908887273,0.12352087078800256,24,24,22680,15238
CAMELS-BR v1.2,140,12,0.6458158619037501,0.5848323862352569,0.094428581374147,24,24,17712,11707
CAMELS-BR v1.2,141,12,0.604092516806572,0.5360753694116713,0.11259392477573027,24,24,17928,11837
CAMELS-BR v1.2,142,12,0.6734795995014172,0.6160972303047599,0.08520283203698809,24,24,16632,11398
CAMELS-BR v1.2,143,12,0.6830004802994072,0.649955531598936,0.04838202849577089,24,24,20784,15039
CAMELS-BR v1.2,144,12,0.5566221246011595,0.5061763666647018,0.09062837373308497,24,24,24912,16912
CAMELS-BR v1.2,145,12,0.5003696530732938,0.4357238871765214,0.12919601638451716,24,24,24048,15455
CAMELS-BR v1.2,146,12,0.6668383062669515,0.5798234478139788,0.13048869213901848,24,24,20760,13616
CAMELS-BR v1.2,147,12,0.6014992628540022,0.512299122460799,0.14829634199377928,24,24,21552,13995
CAMELS-BR v1.2,148,12,0.6023844640906418,0.5596895507891881,0.07087651798242478,24,24,19464,13413
CAMELS-BR v1.2,149,12,0.5331326162461166,0.47176655563009495,0.11510468267372431,24,24,21696,14105
CAMELS-BR v1.2,150,12,0.4955463891031606,0.44233172445616975,0.10738583877747288,24,24,19320,14682
CAMELS-BR v1.2,151,12,0.5291988821711285,0.4606474785833699,0.1295380732977266,24,24,21312,14179
CAMELS-BR v1.2,152,12,0.6773809133950526,0.5687551885519103,0.1603613604917018,24,24,19656,12634
CAMELS-BR v1.2,153,12,0.6032929198865846,0.48946735867353847,0.18867378923400036,24,24,24360,14914
CAMELS-BR v1.2,154,12,0.4985575702315074,0.4692902460401956,0.058704001180287735,24,24,23784,15941
CAMELS-BR v1.2,155,12,0.5472787866513107,0.47805980455727387,0.1264784672498891,24,24,23592,15822
CAMELS-BR v1.2,156,12,0.47605098994605016,0.43251973084374346,0.09144242953310533,24,24,23232,16512
CAMELS-BR v1.2,157,12,0.45284588659112546,0.37321626545697817,0.1758426508708577,24,24,18024,12409
CAMELS-BR v1.2,158,12,0.5957631397841933,0.4982459158027456,0.16368455426223905,24,24,21144,14054
CAMELS-BR v1.2,159,12,0.4541001519774505,0.41124758443120973,0.09436809778554911,24,24,26376,18113
CAMELS-BR v1.2,160,12,0.5186925493918983,0.46133568731757935,0.11057969145992685,24,24,19608,13058
CAMELS-BR v1.2,161,12,0.5751462065847847,0.48612076130426163,0.1547875031796796,24,24,24264,15087
CAMELS-BR v1.2,162,12,0.516842636328189,0.472256375332139,0.08626660778763284,24,24,25464,18587
CAMELS-BR v1.2,163,12,0.4396111597530258,0.37002209489501414,0.15829685692489448,24,24,20928,13540
CAMELS-BR v1.2,164,12,0.5523754056118549,0.46061816343363265,0.16611391681457044,24,24,21720,13724
CAMELS-BR v1.2,165,12,0.5193853924852766,0.48564615706437925,0.0649599236117403,24,24,20112,14514
CAMELS-BR v1.2,166,12,0.6657267858861033,0.5767691444142593,0.13362484934932972,24,24,21792,14334
CAMELS-BR v1.2,167,12,0.5566130543890071,0.47759907470825025,0.1419549524714082,24,24,19320,12880
CAMELS-BR v1.2,168,12,0.48045574555172693,0.4453293777617495,0.07311051666088486,24,24,22128,15532
CAMELS-BR v1.2,169,12,0.5956237873048694,0.5421124327652384,0.08984086210150188,24,24,23064,16107
CAMELS-BR v1.2,170,12,0.5633845986674799,0.5202072895626895,0.07663913640329123,24,24,21024,15191
CAMELS-BR v1.2,171,12,0.5507301898156384,0.47475121835960915,0.13796042574216572,24,24,21192,13599
CAMELS-BR v1.2,172,12,0.5965184235181679,0.5453747059746292,0.0857370292805063,24,24,21336,14415
CAMELS-BR v1.2,173,12,0.5413166611062024,0.47809310781686803,0.11679587537567093,24,24,18576,12142
CAMELS-BR v1.2,174,12,0.500835247464856,0.4628898590523364,0.07576421309121661,24,24,17736,12215
CAMELS-BR v1.2,175,12,0.4506502635082998,0.4164715401660061,0.07584312294907636,24,24,26160,17648
CAMELS-BR v1.2,176,12,0.552877869212755,0.45403010651335085,0.1787877001482332,24,24,24768,15387
CAMELS-BR v1.2,177,12,0.4930434911551534,0.431220863078658,0.12538980675244482,24,24,21072,13711
CAMELS-BR v1.2,178,12,0.5672561651799188,0.5020502257261502,0.11494972369861689,24,24,18648,12033
CAMELS-BR v1.2,179,12,0.47714570556570285,0.40166689632715213,0.1581881768150113,24,24,17520,11973
CAMELS-BR v1.2,180,12,0.5689998589013887,0.5253763647540439,0.07666696830395003,24,24,18984,13291
CAMELS-BR v1.2,181,12,0.5615608140142311,0.5246245916433688,0.06577421616517243,24,24,17784,12654
CAMELS-BR v1.2,182,12,0.5352559175790923,0.4846750351707382,0.09449850201960641,24,24,21696,15601
CAMELS-BR v1.2,183,12,0.4907603554038395,0.4111009553812515,0.1623183273576314,24,24,24456,15210
CAMELS-BR v1.2,184,12,0.546934745339049,0.4822461872931852,0.11827472764737745,24,24,22008,14455
CAMELS-BR v1.2,185,12,0.5449222979283508,0.439278195964286,0.19387002948070842,24,24,25488,16375
CAMELS-BR v1.2,186,12,0.5776224404269286,0.5319301927918839,0.07910400364859937,24,24,22368,15513
CAMELS-BR v1.2,187,12,0.6033667549561933,0.5165367190587355,0.1439092147258958,24,24,18216,11714
CAMELS-BR v1.2,188,12,0.5867808941028122,0.494751580488709,0.15683761100438687,24,24,19920,12860
CAMELS-BR v1.2,189,12,0.6854179270034914,0.6447553007864778,0.05932530302319683,24,24,17448,12002
CAMELS-BR v1.2,190,12,0.5774949210527245,0.5070599370800053,0.121966412872207,24,24,19008,12273
CAMELS-BR v1.2,191,12,0.4569893201166875,0.3583130778818525,0.2159268015489707,24,24,16464,11285
CAMELS-BR v1.2,192,12,0.54652453324901,0.495683139362958,0.09302673675746476,24,24,24648,17708
CAMELS-BR v1.2,193,12,0.48284726515657667,0.39855012795857386,0.17458344135110115,24,24,24120,14967
CAMELS-BR v1.2,194,12,0.4597258113942588,0.39243106367764563,0.14638018150975973,24,24,22032,14707
CAMELS-BR v1.2,195,12,0.5201178448053418,0.43462294042209904,0.164376026004722,24,24,24864,15195
CAMELS-BR v1.2,196,12,0.5619778534564732,0.5188984959962264,0.07665668174517026,24,24,21336,15192
CAMELS-BR v1.2,197,12,0.6113549852147783,0.5396573957241767,0.11727652709892133,24,24,21144,14220
CAMELS-BR v1.2,198,12,0.4143794240011114,0.3716520080156139,0.10311181856699259,24,24,21960,15175
CAMELS-BR v1.2,199,12,0.6448056390841718,0.5814055421014851,0.09832435254867633,24,24,17880,12087
CAMELS-BR v1.2,200,12,0.5499108458475755,0.5084597033990256,0.0753779321894652,24,24,20376,13890
CAMELS-BR v1.2,201,12,0.4976884975272101,0.4548615605425398,0.08605169136409241,24,24,22680,15560
CAMELS-BR v1.2,202,12,0.4517404798100035,0.3622761988217135,0.1980435338137453,24,24,17712,11907
CAMELS-BR v1.2,203,12,0.6660286654972482,0.5880645477965603,0.11705820145515944,24,24,21240,14475
CAMELS-BR v1.2,204,12,0.5297986009610617,0.481245766936435,0.09164394533422926,24,24,21888,14522
CAMELS-BR v1.2,205,12,0.39926791604525275,0.328376788107716,0.1775527786948502,24,24,21912,14307
CAMELS-BR v1.2,206,12,0.418340138645849,0.3755904247515736,0.1021888887656216,24,24,19560,13550
CAMELS-BR v1.2,207,12,0.5612584410387446,0.4946350617689903,0.1187035675516106,24,24,19752,12807
CAMELS-BR v1.2,208,12,0.44449293128394396,0.40047782832398193,0.09902317868772814,24,24,17640,12460
CAMELS-BR v1.2,209,12,0.4720959196663172,0.43712547877140284,0.07407486368370197,24,24,22560,15687
CAMELS-BR v1.2,210,12,0.5887358283409121,0.5507999203370251,0.06443621430479674,24,24,21168,14707
CAMELS-BR v1.2,211,12,0.5373607178555637,0.45765934672056136,0.14832005482846844,24,24,14736,9514
CAMELS-BR v1.2,212,12,0.42499063205596443,0.379799853910446,0.106333586523779,24,24,22248,15735
CAMELS-BR v1.2,213,12,0.5210275008990467,0.46845923145847274,0.1008934640683381,24,24,25008,17156
CAMELS-BR v1.2,214,12,0.5312764629525896,0.44594739536915623,0.16061142085838653,24,24,15168,10517
CAMELS-BR v1.2,215,12,0.510366613961965,0.4722953628799695,0.07459588860338895,24,24,18984,13070
CAMELS-BR v1.2,216,12,0.5356486157782974,0.48594079160600856,0.092799314154977,24,24,22752,15979
CAMELS-BR v1.2,217,12,0.5444571896994994,0.48063024086789446,0.11723042699983954,24,24,26760,17729
CAMELS-BR v1.2,218,12,0.5446302639241443,0.4526323398277709,0.16891812701246944,24,24,24960,15797
CAMELS-BR v1.2,219,12,0.43854238254643335,0.34587458112788555,0.2113086559170505,24,24,19968,13885
CAMELS-BR v1.2,220,12,0.5000477687001549,0.4317797728141933,0.13652294872431947,24,24,18216,12329
CAMELS-BR v1.2,221,12,0.5031426256663803,0.4616666514671047,0.0824338310520667,24,24,18720,13298
CAMELS-BR v1.2,222,12,0.5426895525864243,0.49850097858445636,0.08142514222241415,24,24,22968,15364
CAMELS-BR v1.2,223,12,0.5911336467272171,0.5351024642429881,0.09478598079206446,24,24,15888,10737
CAMELS-BR v1.2,224,12,0.6478922421093276,0.571002030061599,0.11867746987894001,24,24,16320,10866
CAMELS-BR v1.2,225,12,0.532554538088787,0.4525865838411888,0.15015918282207186,24,24,23976,15640
CAMELS-BR v1.2,226,12,0.6580547671918833,0.5388348432414254,0.18117021545061518,24,24,16560,10950
CAMELS-BR v1.2,227,12,0.562190585022419,0.45819656474266335,0.1849800104276179,24,24,17784,10981
CAMELS-BR v1.2,228,12,0.5494880175464331,0.4990303193073142,0.09182674895154574,24,24,23136,16086
CAMELS-BR v1.2,229,12,0.5708532555033042,0.4690393024111307,0.17835398521535495,24,24,18288,11429
CAMELS-BR v1.2,230,12,0.7086809508352548,0.6026753288118692,0.14958158801707155,24,24,21072,13292
CAMELS-BR v1.2,231,12,0.5287315105470233,0.4712771742058067,0.10866448319256505,24,24,21816,14716
CAMELS-BR v1.2,232,12,0.5847673202996398,0.5201642162141809,0.11047659785836839,24,24,22752,16011
CAMELS-BR v1.2,233,12,0.5075064289835616,0.46592010978741405,0.08194244805812012,24,24,22176,15436
CAMELS-BR v1.2,234,12,0.5220722593495875,0.4800080409354264,0.08057164053605492,24,24,19584,13689
CAMELS-BR v1.2,235,12,0.524297366318087,0.4561546880765583,0.12996952229622127,24,24,18048,12281
CAMELS-BR v1.2,236,12,0.44621204432161526,0.405240453970308,0.09182089742466981,24,24,23424,16187
CAMELS-BR v1.2,237,12,0.5514062748984987,0.48781000003020913,0.11533469560170706,24,24,21888,14583
CAMELS-BR v1.2,238,12,0.620084208551991,0.5517904433491178,0.1101362754622498,24,24,19968,12874
CAMELS-BR v1.2,239,12,0.4844868979428587,0.4140572959715346,0.14536946668809747,24,24,23256,15577
CAMELS-BR v1.2,240,12,0.46118786145628643,0.4101828644428657,0.11059483840785167,24,24,22992,16312
CAMELS-BR v1.2,241,12,0.5229638670841227,0.4435065425805002,0.15193654763693487,24,24,23208,15043
CAMELS-BR v1.2,242,12,0.47698225959323076,0.40624770119609455,0.14829599418950812,24,24,26328,16467
CAMELS-BR v1.2,243,12,0.5542977922480598,0.5130767181487643,0.07436629673756334,24,24,22560,15717
CAMELS-BR v1.2,244,12,0.4948752587805244,0.41066636049665933,0.170161867641905,24,24,23904,15112
CAMELS-BR v1.2,245,12,0.4661402144360482,0.3987607413967178,0.144547651012793,24,24,22464,14509
CAMELS-BR v1.2,246,12,0.5355020994169924,0.4789498740011916,0.1056059826420287,24,24,19296,14203
CAMELS-BR v1.2,247,12,0.49911757914207266,0.4075422563910582,0.1834744488631761,24,24,19344,12830
CAMELS-BR v1.2,248,12,0.53829650246216,0.468931458465233,0.12886029108428598,24,24,23736,15318
CAMELS-BR v1.2,249,12,0.5770238503410362,0.5342961126170193,0.07404847771675938,24,24,22512,15512
CAMELS-BR v1.2,250,12,0.6077329935996724,0.5340820375267231,0.12118966198742342,24,24,21576,14261
CAMELS-BR v1.2,251,12,0.6269747390906538,0.5466975086188826,0.12803901890561498,24,24,21120,13936
CAMELS-BR v1.2,252,12,0.44861794348520295,0.3936237126456548,0.12258589215650051,24,24,23832,17340
CAMELS-BR v1.2,253,12,0.5606244951792037,0.4800988487763615,0.143635619020004,24,24,19776,13020
CAMELS-BR v1.2,254,12,0.6209246855788412,0.5607489700329623,0.09691306682352563,24,24,14976,10288
CAMELS-BR v1.2,255,12,0.5391127292385811,0.46822973589947026,0.13148083785597653,24,24,24888,16775
CAMELS-BR v1.2,256,12,0.5560664891062475,0.5246964440745383,0.05641419802536474,24,24,15840,11015
CAMELS-BR v1.2,257,12,0.6006615060764335,0.5210925659633983,0.1324688519375673,24,24,20472,13133
CAMELS-BR v1.2,258,12,0.4870514052757479,0.4064807534070046,0.1654253555086811,24,24,19872,13077
CAMELS-BR v1.2,259,12,0.555654606474359,0.47662996815298275,0.14221899251909276,24,24,17448,10921
CAMELS-BR v1.2,260,12,0.5409794580631185,0.46728699797907886,0.13622044050966842,24,24,19248,13107
CAMELS-BR v1.2,261,12,0.42349886729528974,0.38483126649777194,0.09130508670417847,24,24,24168,16617
CAMELS-BR v1.2,262,12,0.4568094970872277,0.41454291542448796,0.09252561939330461,24,24,27936,19447
CAMELS-BR v1.2,263,12,0.6312862457704659,0.5662838294556534,0.10296821251899613,24,24,20520,13584
CAMELS-BR v1.2,264,12,0.5290596354033098,0.4648549829100167,0.12135617272020571,24,24,21984,14162
CAMELS-BR v1.2,265,12,0.5812929759161206,0.5468970180815979,0.059171466471471756,24,24,18552,13457
CAMELS-BR v1.2,266,12,0.5604370867282157,0.4960417195995624,0.11490204458914022,24,24,21216,14573
CAMELS-BR v1.2,267,12,0.544658896986925,0.481595163620388,0.11578573987390672,24,24,20400,13615
CAMELS-BR v1.2,268,12,0.4920369131379213,0.4176692376587125,0.15114247222822297,24,24,16776,11419
CAMELS-BR v1.2,269,12,0.4362537970593601,0.3673631156995234,0.15791422750748674,24,24,21000,14301
CAMELS-BR v1.2,270,12,0.5580368787823673,0.4659888327444963,0.16494975428634606,24,24,20352,13184
CAMELS-BR v1.2,271,12,0.5406795654910197,0.4796967603760881,0.11278918051868647,24,24,20856,14035
CAMELS-BR v1.2,272,12,0.4733297341794227,0.3926475686753428,0.17045657535956982,24,24,19104,13214
CAMELS-BR v1.2,273,12,0.5918626675984024,0.5002854112805152,0.15472720502794968,24,24,19944,12488
CAMELS-BR v1.2,274,12,0.6259193210267773,0.5272999944119402,0.15755916665595004,24,24,19032,12120
CAMELS-BR v1.2,275,12,0.5374342291365433,0.4600523046129468,0.1439839897207894,24,24,22224,13992
CAMELS-BR v1.2,276,12,0.5311503890722272,0.4639484658456429,0.12652146098201578,24,24,24960,16722
CAMELS-BR v1.2,277,12,0.551000303501802,0.49027083806201516,0.11021675497060446,24,24,19872,13252
CAMELS-BR v1.2,278,12,0.5806532910455907,0.4885375945121953,0.15864147840705656,24,24,21864,14338
CAMELS-BR v1.2,279,12,0.5991029975469085,0.4920038899268802,0.178765768254469,24,24,22584,14381
CAMELS-BR v1.2,280,12,0.41990810222413544,0.38248318841029083,0.08912643889368965,24,24,26496,17637
CAMELS-BR v1.2,281,12,0.47751504989750204,0.4202940171930286,0.11983084662306631,24,24,27552,17989
CAMELS-BR v1.2,282,12,0.5223195478730803,0.47296608563977655,0.09448902005347937,24,24,18792,12999
CAMELS-BR v1.2,283,12,0.6741014168232092,0.6263812666881198,0.07079075780611299,24,24,15528,10533
CAMELS-BR v1.2,284,12,0.5730137224194672,0.5360235621668284,0.06455370753854417,24,24,18336,12678
CAMELS-BR v1.2,285,12,0.5816751997657394,0.4962245491721865,0.14690440752496725,24,24,24168,16143
CAMELS-BR v1.2,286,12,0.41283171576419186,0.34943376867507886,0.15356849938662587,24,24,20352,13228
CAMELS-BR v1.2,287,12,0.6846245369853766,0.6236617781910667,0.08904553591191555,24,24,19080,13013
CAMELS-BR v1.2,288,12,0.5739900083186311,0.5172081267621458,0.09892486059611827,24,24,21744,14672
CAMELS-BR v1.2,289,12,0.4404326026534845,0.37351185945633963,0.15194320945807804,24,24,23616,15916
CAMELS-BR v1.2,290,12,0.4799189540373262,0.4294837260805113,0.10509113576892049,24,24,20784,14527
CAMELS-BR v1.2,291,12,0.6255447538129109,0.5745302489811737,0.08155212639988774,24,24,19704,13761
CAMELS-BR v1.2,292,12,0.5890524271537878,0.500065972097349,0.15106712230421981,24,24,23376,15008
CAMELS-BR v1.2,293,12,0.6572303496770898,0.6087339259519495,0.07378908133041562,24,24,19176,13644
CAMELS-BR v1.2,294,12,0.6020859441292999,0.5175149831724567,0.14046327070322928,24,24,24528,15523
CAMELS-BR v1.2,295,12,0.5141989850594867,0.422371519774481,0.17858352107478848,24,24,22008,14149
CAMELS-BR v1.2,296,12,0.4741027352444999,0.4085688797423306,0.13822711963130274,24,24,22728,14432
CAMELS-BR v1.2,297,12,0.47257075144428334,0.41370264728267975,0.1245699273213362,24,24,19152,12691
CAMELS-BR v1.2,298,12,0.5869397781080127,0.5211595152141634,0.11207327454596883,24,24,20400,13354
CAMELS-BR v1.2,299,12,0.5942346932204661,0.5012041736710356,0.1565551803198325,24,24,22656,14180
CAMELS-BR v1.2,300,12,0.49447588776994866,0.40551268601332163,0.179914135263187,24,24,22104,14409
CAMELS-BR v1.2,301,12,0.6585860305278122,0.6134220303360325,0.06857722165103286,24,24,20568,15091
CAMELS-BR v1.2,302,12,0.46982531226903007,0.4293050296345584,0.08624542266311319,24,24,19248,13253
CAMELS-BR v1.2,303,12,0.4535087789463971,0.38985656885766595,0.1403549678500371,24,24,29904,19032
CAMELS-BR v1.2,304,12,0.4959559513426112,0.40671914359990946,0.17992889792153355,24,24,23280,15402
CAMELS-BR v1.2,305,12,0.5739009239219811,0.5122622236905553,0.10740303362851056,24,24,15192,10093
CAMELS-BR v1.2,306,12,0.523735437193846,0.4558959922662959,0.12952998806235294,24,24,23952,16267
CAMELS-BR v1.2,307,12,0.5736521237149179,0.5122499860038542,0.10703723593565584,24,24,18552,13174
CAMELS-BR v1.2,308,12,0.4590055536452028,0.39529325270354465,0.1388050763998071,24,24,21888,14672
CAMELS-BR v1.2,309,12,0.5252756924963582,0.43588601407524435,0.1701766894947906,24,24,18936,12270
CAMELS-BR v1.2,310,12,0.5142449147172449,0.4476979441842428,0.12940715333975172,24,24,22584,15050
CAMELS-BR v1.2,311,12,0.5947962277323754,0.5469689238970719,0.08040956146887857,24,24,18912,13427
CAMELS-BR v1.2,312,12,0.6756096208158755,0.6210804541816216,0.08071105702787906,24,24,22248,15555
CAMELS-BR v1.2,313,12,0.5424866849919479,0.4471301987275214,0.17577663913694364,24,24,18816,12359
CAMELS-BR v1.2,314,12,0.5562848331989997,0.5013921651684535,0.09867726882805272,24,24,22680,15845
CAMELS-BR v1.2,315,12,0.5363838938374437,0.488864746642809,0.08859167424783976,24,24,24432,16730
CAMELS-BR v1.2,316,12,0.5408877303407889,0.4553287592228094,0.1581824957724085,24,24,21360,13460
CAMELS-BR v1.2,317,12,0.51284644716613,0.4706225931950447,0.08233235153407914,24,24,19776,13609
CAMELS-BR v1.2,318,12,0.5053315101121273,0.4546250309932981,0.10034299881196407,24,24,23784,16756
CAMELS-BR v1.2,319,12,0.46000697172993504,0.42093390110402706,0.08494017053473557,24,24,25752,17230
CAMELS-BR v1.2,320,12,0.5793400791126903,0.5324011448262077,0.08102138274012327,24,24,24168,16568
CAMELS-BR v1.2,321,12,0.6072061879965079,0.5295668421901893,0.12786323219546158,24,24,21552,14261
CAMELS-BR v1.2,322,12,0.629761200595731,0.5745114447803497,0.08773127935337577,24,24,19488,13564
CAMELS-BR v1.2,323,12,0.5918836817636636,0.4994141836503929,0.1562291729985441,24,24,23016,14461
CAMELS-BR v1.2,324,12,0.6125351457133673,0.5541237579808174,0.09536005915958212,24,24,16200,11490
CAMELS-BR v1.2,325,12,0.5543023371780212,0.46855531053483446,0.1546936047207177,24,24,22248,14795
CAMELS-BR v1.2,326,12,0.6864182077577928,0.6054050854918367,0.1180229797962209,24,24,20352,13315
CAMELS-BR v1.2,327,12,0.5481599375421783,0.4727539575168936,0.13756200492029313,24,24,25872,16958
CAMELS-BR v1.2,328,12,0.42365496450839224,0.38335022515716216,0.0951357654878412,24,24,18048,12648
CAMELS-BR v1.2,329,12,0.6965748915751279,0.6358995317860381,0.08710529265832112,24,24,19200,13588
CAMELS-BR v1.2,330,12,0.514868750874095,0.42080194035027874,0.182700562743648,24,24,24144,15670
CAMELS-BR v1.2,331,12,0.435214431496164,0.3813014522336742,0.12387681878367363,24,24,28320,19052
CAMELS-BR v1.2,332,12,0.633371766791599,0.5617259647764602,0.11311808604615736,24,24,25272,17039
CAMELS-BR v1.2,333,12,0.5320099406142076,0.49477376938530326,0.06999149524521109,24,24,23232,15839
CAMELS-BR v1.2,334,12,0.5221172487776878,0.4455021558102848,0.146739248984331,24,24,20976,14656
CAMELS-BR v1.2,335,12,0.5822936073593049,0.520013031491172,0.10695734090328535,24,24,22176,14871
CAMELS-BR v1.2,336,12,0.469241814037244,0.3980994629875695,0.15161127785604356,24,24,20856,13318
CAMELS-BR v1.2,337,12,0.5753809513550714,0.537768938418395,0.06536888794823126,24,24,14928,11206
CAMELS-BR v1.2,338,12,0.4969418078366434,0.4516461595978253,0.09114879755439664,24,24,22848,15308
CAMELS-BR v1.2,339,12,0.5167736601454084,0.46626547303473825,0.09773754160856085,24,24,23208,15457
CAMELS-BR v1.2,340,12,0.43041801039828864,0.38555811909304705,0.1042240106628678,24,24,20808,14594
CAMELS-BR v1.2,341,12,0.4009225589537315,0.35625960087181496,0.11140046147183968,24,24,25008,17240
CAMELS-BR v1.2,342,12,0.5712932068309169,0.4998158531153443,0.1251150072518321,24,24,17376,11492
CAMELS-BR v1.2,343,12,0.6050901987696419,0.5091098187833129,0.15862160745867382,24,24,19416,12510
CAMELS-BR v1.2,344,12,0.6144517239008105,0.5484386784409017,0.10743406339692385,24,24,20832,14093
CAMELS-BR v1.2,345,12,0.4546986414657041,0.387154978231624,0.148545997446475,24,24,24216,16387
CAMELS-BR v1.2,346,12,0.4978310690492072,0.45271409340351215,0.0906270790448307,24,24,20808,13915
CAMELS-BR v1.2,347,12,0.5028860024050087,0.44670284302070257,0.11172146195283827,24,24,19488,13959
CAMELS-BR v1.2,348,12,0.44194072562344067,0.3396684227961336,0.23141633458431043,24,24,18792,12511
CAMELS-BR v1.2,349,12,0.4810386114718776,0.438743134783625,0.08792532590853219,24,24,22200,15555
CAMELS-BR v1.2,350,12,0.559507879161758,0.48673551922600994,0.13006494215018738,24,24,24744,16235
CAMELS-BR v1.2,351,12,0.44255153000538244,0.4098883186650658,0.07380657194862572,24,24,25440,17571
CAMELS-BR v1.2,352,12,0.5865015034653992,0.4976661261073018,0.1514665807899983,24,24,16848,10858
CAMELS-BR v1.2,353,12,0.36033857133860875,0.3211631289105372,0.10871842634703266,24,24,24816,16519
CAMELS-BR v1.2,354,12,0.6001351386372953,0.4970604512807812,0.17175246160483448,24,24,19320,12894
CAMELS-BR v1.2,355,12,0.5594894256849465,0.49143938678671406,0.12162882044629031,24,24,19272,12956
CAMELS-BR v1.2,356,12,0.5775273174661506,0.5366999178880626,0.07069345179586406,24,24,16752,12464
CAMELS-BR v1.2,357,12,0.5795257644147448,0.48103669919054504,0.16994769045973745,24,24,17904,11783
CAMELS-BR v1.2,358,12,0.5394547482403189,0.49464280835196056,0.08306895070352649,24,24,21696,14655
CAMELS-BR v1.2,359,12,0.5918323891921513,0.5273134584897605,0.10901554541558434,24,24,19848,13230
CAMELS-BR v1.2,360,12,0.6059335436046065,0.524084766085996,0.13507880258898464,24,24,12000,8277
CAMELS-BR v1.2,361,12,0.4651902210735675,0.40208014547676413,0.13566509513282055,24,24,23256,15718
CAMELS-BR v1.2,362,12,0.4986656429551951,0.4165371792439491,0.16469645517292075,24,24,26328,16901
CAMELS-BR v1.2,363,12,0.4592975606403348,0.39120674616684953,0.14824989355170026,24,24,22368,14772
CAMELS-BR v1.2,364,12,0.5313286314143613,0.46761277540603585,0.11991797964795925,24,24,20184,13759
CAMELS-BR v1.2,365,12,0.4910968355866053,0.4221934325904063,0.14030512518757166,24,24,17664,11217
CAMELS-BR v1.2,366,12,0.6233427139024132,0.5184695744777865,0.1682431463232681,24,24,20136,12526
CAMELS-BR v1.2,367,12,0.4418680687179067,0.3980273173865277,0.09921683514851898,24,24,29112,19836
CAMELS-BR v1.2,368,12,0.5157948870507083,0.4569597888116821,0.11406685044018683,24,24,22032,14450
CAMELS-BR v1.2,369,12,0.5269437967275644,0.4638068474224292,0.1198172361022739,24,24,18768,12311
CAMELS-BR v1.2,370,12,0.45747028707648335,0.40438373194229854,0.11604372269386187,24,24,18864,12210
CAMELS-BR v1.2,371,12,0.564674614212145,0.5044903649814589,0.10658217620541943,24,24,21528,14544
CAMELS-BR v1.2,372,12,0.46536570130121463,0.4012823467865649,0.13770536662986876,24,24,24864,16572
CAMELS-BR v1.2,373,12,0.5842928531035215,0.5361773994903908,0.08234818098075547,24,24,22152,15588
CAMELS-BR v1.2,374,12,0.5222965212019255,0.4869373623576058,0.06769939566694805,24,24,21096,14915
CAMELS-BR v1.2,375,12,0.4518958035583312,0.38194989105330585,0.15478327515824486,24,24,24480,16528
CAMELS-BR v1.2,376,12,0.673291700993851,0.620238634565501,0.07879655482168879,24,24,19296,13447
CAMELS-BR v1.2,377,12,0.43953357676683275,0.4019212207770207,0.08557333950795065,24,24,24192,17051
CAMELS-BR v1.2,378,12,0.5823497268097374,0.4921433174306798,0.154900749886553,24,24,24096,15337
CAMELS-BR v1.2,379,12,0.5596122087273769,0.5028451251270583,0.10144003778869226,24,24,20112,13420
CAMELS-BR v1.2,380,12,0.6042273546376971,0.5167145788989514,0.14483418380026747,24,24,23592,15107
CAMELS-BR v1.2,381,12,0.5650745274017411,0.5079049319395502,0.10117177945546652,24,24,23328,15083
CAMELS-BR v1.2,382,12,0.48948945606198935,0.43878630152986164,0.10358375222224725,24,24,14736,10473
CAMELS-BR v1.2,383,12,0.5213820992493876,0.4752369402123418,0.08850545330090753,24,24,23328,16365
CAMELS-BR v1.2,384,12,0.48071956213844513,0.41665060896518463,0.1332771915672717,24,24,20688,13853
CAMELS-BR v1.2,385,12,0.5253608926565311,0.45618266839164034,0.1316775291649237,24,24,22296,14370
CAMELS-BR v1.2,386,12,0.3509493885351053,0.3006494178105882,0.14332542630854495,24,24,26448,18730
CAMELS-BR v1.2,387,12,0.5063293757670235,0.43757104614881354,0.1357976307695954,24,24,22392,15537
CAMELS-BR v1.2,388,12,0.5255543910040604,0.40449999843406326,0.23033656390678292,24,24,22728,14431
CAMELS-BR v1.2,389,12,0.5882720685008307,0.5250015490180477,0.10755315927887477,24,24,20064,13294
CAMELS-BR v1.2,390,12,0.4674103662234531,0.4250215282416873,0.09068869893548981,24,24,24672,16603
CAMELS-BR v1.2,391,12,0.4447984690910534,0.3855870658542215,0.13311962012331235,24,24,25512,16669
CAMELS-BR v1.2,392,12,0.6013881081812452,0.5033403217658342,0.16303579183155636,24,24,21768,13760
CAMELS-BR v1.2,393,12,0.4922686162136402,0.41191813300754043,0.1632248747119568,24,24,18384,12471
CAMELS-BR v1.2,394,12,0.5686547377076572,0.5297353430597681,0.0684411683700723,24,24,20712,14958
CAMELS-BR v1.2,395,12,0.4125974154246681,0.36182427795084526,0.12305733282784703,24,24,19416,13463
CAMELS-BR v1.2,396,12,0.6258904866444446,0.5986166096265042,0.0435761169085066,24,24,21816,15845
CAMELS-BR v1.2,397,12,0.5930227949565173,0.5116045547893463,0.137293609722272,24,24,24888,16206
CAMELS-BR v1.2,398,12,0.44319595106600324,0.4030251415605501,0.09063893613836438,24,24,17424,11410
CAMELS-BR v1.2,399,12,0.5922934073860023,0.5579315674453764,0.05801489517210179,24,24,13632,9580
CAMELS-BR v1.2,400,12,0.5742070159840552,0.45111189256010165,0.21437411943321105,24,24,20952,13259
CAMELS-BR v1.2,401,12,0.4929429313331245,0.37700993084207607,0.23518544058947544,24,24,17544,11200
CAMELS-BR v1.2,402,12,0.501595047425074,0.4212894669194141,0.1601004254685261,24,24,24240,15405
CAMELS-BR v1.2,403,12,0.47152559960586676,0.4046733134494552,0.14177869921016228,24,24,23952,16765
CAMELS-BR v1.2,404,12,0.5501490720305443,0.48029053108289266,0.12698111202807427,24,24,17736,11840
CAMELS-BR v1.2,405,12,0.5329682402428109,0.4287667536786114,0.1955116247015528,24,24,23880,14942
CAMELS-BR v1.2,406,12,0.6814529542758244,0.641315754498635,0.058899443498404036,24,24,17424,12609
CAMELS-BR v1.2,407,12,0.5607578706059193,0.49952241847567874,0.10920123522131475,24,24,22656,15429
CAMELS-BR v1.2,408,12,0.5699459168672523,0.4921731903082982,0.13645632727125634,24,24,24816,15832
CAMELS-BR v1.2,409,12,0.48095089358186754,0.42720100333169747,0.111757543165934,24,24,19608,14424
CAMELS-BR v1.2,410,12,0.5142584146372271,0.4600619212546307,0.10538766472266325,24,24,20808,14460
CAMELS-BR v1.2,411,12,0.541560230709562,0.47549163032374964,0.12199677273061227,24,24,15168,10077
CAMELS-BR v1.2,412,12,0.593156139126163,0.5246179430201166,0.11554832123463632,24,24,21144,13824
CAMELS-BR v1.2,413,12,0.48240451735042855,0.40284712994027533,0.16491841296826226,24,24,22056,15314
CAMELS-BR v1.2,414,12,0.45634067353424224,0.4189064547438128,0.08203130021374383,24,24,23592,16119
CAMELS-BR v1.2,415,12,0.5946667577347895,0.5208387061163363,0.12415029200502092,24,24,22104,14252
CAMELS-BR v1.2,416,12,0.6334879650224141,0.5398165924971683,0.14786606486191345,24,24,19704,12599
CAMELS-BR v1.2,417,12,0.5449190633879799,0.500722291918829,0.08110703852855117,24,24,23256,16591
CAMELS-BR v1.2,418,12,0.6510707443199865,0.5880684694696836,0.09676717223119258,24,24,11928,8606
CAMELS-BR v1.2,419,12,0.4324023432457093,0.39673415185338223,0.0824884322425119,24,24,26472,17439
CAMELS-BR v1.2,420,12,0.5361548840946052,0.4695862082089186,0.12415941337193992,24,24,22416,14945
CAMELS-BR v1.2,421,12,0.5434781904385496,0.45419868508307787,0.16427431114288005,24,24,23328,15089
CAMELS-BR v1.2,422,12,0.4643891857767667,0.4128849981370026,0.11090737945074014,24,24,26880,18596
CAMELS-BR v1.2,423,12,0.5220143926045588,0.44194138455249277,0.1533923378099724,24,24,20808,13751
CAMELS-BR v1.2,424,12,0.6623570486849694,0.5692944947875132,0.14050209638777267,24,24,24576,16328
CAMELS-BR v1.2,425,12,0.5408074713409866,0.49928353971061945,0.07678135719427914,24,24,19584,14266
CAMELS-BR v1.2,426,12,0.6520925487363385,0.5796213528498271,0.11113636557717177,24,24,19464,13118
CAMELS-BR v1.2,427,12,0.5490247408220444,0.5114829915115733,0.06837897551622285,24,24,19080,12994
CAMELS-BR v1.2,428,12,0.5684392159167679,0.5199104271142998,0.08537199307088938,24,24,23088,16725
CAMELS-BR v1.2,429,12,0.5122296439258259,0.440185383656558,0.14064836177208906,24,24,27504,17789
CAMELS-BR v1.2,430,12,0.49890643737877804,0.4381225006822763,0.12183434035418861,24,24,18336,11737
CAMELS-BR v1.2,431,12,0.5323869871715369,0.44831053219445055,0.1579235725196202,24,24,21192,14768
CAMELS-BR v1.2,432,12,0.5299034945236972,0.4461199948911373,0.15811086452235723,24,24,21888,13632
CAMELS-BR v1.2,433,12,0.5050082378160462,0.4323394749769322,0.14389619296781497,24,24,21144,13976
CAMELS-BR v1.2,434,12,0.5915804764506231,0.56200891819388,0.04998738030397343,24,24,19872,13816
CAMELS-BR v1.2,435,12,0.5189384323586673,0.46372706688062737,0.10639290142203284,24,24,19704,14324
CAMELS-BR v1.2,436,12,0.4997775075960967,0.43318297426594027,0.13324836015624753,24,24,25632,17137
CAMELS-BR v1.2,437,12,0.5973713613148204,0.49826805968636356,0.16589898352396648,24,24,24144,15607
CAMELS-BR v1.2,438,12,0.5638523811118782,0.49095042637407876,0.12929262548123277,24,24,19392,13292
CAMELS-BR v1.2,439,12,0.5715283604992424,0.5202585552333027,0.08970649369202677,24,24,15624,11173
CAMELS-BR v1.2,440,12,0.5609925158836828,0.5045824178197625,0.1005541009313865,24,24,22512,15698
CAMELS-BR v1.2,441,12,0.6961621691703395,0.6355043946324092,0.08713167308447689,24,24,20832,14090
CAMELS-BR v1.2,442,12,0.5511419830082055,0.4771295861236206,0.13428916534468216,24,24,19992,13331
CAMELS-BR v1.2,443,12,0.48279712875682135,0.4152434653754957,0.13992142736074875,24,24,23088,15694
CAMELS-BR v1.2,444,12,0.5434374522525611,0.4834350712424659,0.11041267170929048,24,24,22464,15014
CAMELS-BR v1.2,445,12,0.47587482610867976,0.4323186289150816,0.09152868528424918,24,24,27000,18473
CAMELS-BR v1.2,446,12,0.636357680409501,0.5868977140909142,0.07772353165716328,24,24,22320,15474
CAMELS-BR v1.2,447,12,0.620687088940654,0.5493338937418938,0.11495840089172948,24,24,19032,12442
CAMELS-BR v1.2,448,12,0.527292338949658,0.42521161705401184,0.1935941684625766,24,24,20208,13189
CAMELS-BR v1.2,449,12,0.5461410173785877,0.4636534868485818,0.15103705435994574,24,24,22344,14537
CAMELS-BR v1.2,450,12,0.49010020554210904,0.39911395301058905,0.18564826438070636,24,24,20136,13791
CAMELS-BR v1.2,451,12,0.4942964710648189,0.43354780967596224,0.12289924153816278,24,24,24288,16106
CAMELS-BR v1.2,452,12,0.6101845736576661,0.4856902599430793,0.2040273043422305,24,24,21216,13062
CAMELS-BR v1.2,453,12,0.5185920055440996,0.4332314970126581,0.16460050987843977,24,24,24936,16165
CAMELS-BR v1.2,454,12,0.6411073756883419,0.5909658104416108,0.07821086942401068,24,24,16992,11633
CAMELS-BR v1.2,455,12,0.46540002794321045,0.42299591288304506,0.09111326281514465,24,24,19176,13082
CAMELS-BR v1.2,456,12,0.6213245403348863,0.5495646005159446,0.11549509983987427,24,24,19608,12586
CAMELS-BR v1.2,457,12,0.5232446879521915,0.4756476190868922,0.09096522136054286,24,24,21504,15261
CAMELS-BR v1.2,458,12,0.4882983838342264,0.422997201552967,0.13373212863925565,24,24,20520,13495
CAMELS-BR v1.2,459,12,0.45070351271602455,0.4121200530163927,0.08560718656733035,24,24,23184,15899
CAMELS-BR v1.2,460,12,0.5299336096076728,0.41920570163660303,0.20894675476998947,24,24,16464,10594
CAMELS-BR v1.2,461,12,0.4643068976254634,0.4206041572497737,0.09412468477033664,24,24,24480,17142
CAMELS-BR v1.2,462,12,0.4758430367131998,0.436040558780013,0.0836462338676115,24,24,23760,16720
CAMELS-BR v1.2,463,12,0.5497736047513802,0.47398685701432863,0.13785083001815623,24,24,24312,15624
CAMELS-BR v1.2,464,12,0.5214090020217144,0.43822103730865575,0.15954455022929237,24,24,17976,12214
CAMELS-BR v1.2,465,12,0.6038028260261835,0.5184139009467328,0.14141855817638704,24,24,21888,14157
CAMELS-BR v1.2,466,12,0.5245964273063395,0.48210062753918587,0.08100665112295569,24,24,23784,16199
CAMELS-BR v1.2,467,12,0.5647499628814503,0.5142650213475695,0.08939343931303345,24,24,22296,15230
CAMELS-BR v1.2,468,12,0.6306536041589602,0.5898431048133472,0.06471143441737381,24,24,13656,10271
CAMELS-BR v1.2,469,12,0.485406037158567,0.42385966569849604,0.1267935846458491,24,24,24960,16914
CAMELS-BR v1.2,470,12,0.5695598115543914,0.5241037988568945,0.07980902404866386,24,24,19920,13913
CAMELS-BR v1.2,471,12,0.4319302084712963,0.3956918657590104,0.08389860676923255,24,24,23520,15816
CAMELS-BR v1.2,472,12,0.5716783009219113,0.49697224374395627,0.1306784900834631,24,24,18360,12243
CAMELS-BR v1.2,473,12,0.6953721197114404,0.6217750281886603,0.10583842727735593,24,24,15480,10804
CAMELS-BR v1.2,474,12,0.5678493498664023,0.4780817750428915,0.15808343329904384,24,24,16776,11457
CAMELS-BR v1.2,475,12,0.41797202975099634,0.3801558600322141,0.09047535965818321,24,24,23640,16607
CAMELS-BR v1.2,476,12,0.5470707450527414,0.4912515210237626,0.10203291719354768,24,24,21960,15081
CAMELS-BR v1.2,477,12,0.4972043960080441,0.42169814872675065,0.15186158426497876,24,24,26280,16842
CAMELS-BR v1.2,478,12,0.5117271920625999,0.4743769025691298,0.07298867457663061,24,24,21624,15191
CAMELS-BR v1.2,479,12,0.5720045488288608,0.47912068610140846,0.16238308404649138,24,24,23232,14507
CAMELS-BR v1.2,480,12,0.539921845186083,0.47428197925811616,0.12157290265842857,24,24,25920,17005
CAMELS-BR v1.2,481,12,0.6067366323928957,0.5184550689932323,0.14550228004445942,24,24,21408,13429
CAMELS-BR v1.2,482,12,0.5143848276252557,0.46314901425961247,0.09960599654966895,24,24,24864,17976
CAMELS-BR v1.2,483,12,0.594637624495879,0.5065617343891823,0.14811691436673813,24,24,22104,14029
CAMELS-BR v1.2,484,12,0.4667553426326455,0.40635946207065654,0.12939515640321841,24,24,26256,17331
CAMELS-BR v1.2,485,12,0.4616900920883476,0.43109619259206455,0.06626501200816048,24,24,18840,12974
CAMELS-BR v1.2,486,12,0.6059245988906372,0.5373585585016958,0.1131593609410746,24,24,16536,10711
CAMELS-BR v1.2,487,12,0.5584332273684216,0.48479931918755526,0.13185803525313333,24,24,23472,15254
CAMELS-BR v1.2,488,12,0.581056501450541,0.49733484518200155,0.1440852241727576,24,24,21840,14031
CAMELS-BR v1.2,489,12,0.644356907232228,0.6135812514974236,0.04776181552394354,24,24,13416,9901
CAMELS-BR v1.2,490,12,0.6243343705435349,0.5853740019946962,0.062403049370676866,24,24,20232,14584
CAMELS-BR v1.2,491,12,0.623197733587747,0.5762011712535036,0.07541195964190117,24,24,13248,9443
CAMELS-BR v1.2,492,12,0.39948182825103434,0.3592095241798376,0.10081135416725295,24,24,19920,13983
CAMELS-BR v1.2,493,12,0.6312300858042859,0.563618299394321,0.10711115951296413,24,24,21120,14641
CAMELS-BR v1.2,494,12,0.5844713433959,0.509070695162182,0.12900657848445507,24,24,23280,15690
CAMELS-BR v1.2,495,12,0.46470890027169764,0.41980682569490024,0.09662408994220872,24,24,29424,20266
CAMELS-BR v1.2,496,12,0.5346270789855274,0.4667159985841951,0.12702514158129785,24,24,21936,14021
CAMELS-BR v1.2,497,12,0.441419100417878,0.3895393060918147,0.11752956380217872,24,24,24120,17365
CAMELS-BR v1.2,498,12,0.6107544522769759,0.5534030967866418,0.09390247631682491,24,24,20160,13840
CAMELS-BR v1.2,499,12,0.4898233239174243,0.41351157873369443,0.15579442925138187,24,24,22680,14991
CAMELS-BR v1.2,500,12,0.4920083941353526,0.41518208121966865,0.15614837842491935,24,24,25512,16671
CAMELS-BR v1.2,501,12,0.6733698765372982,0.5456983658341904,0.18960086447531488,24,24,25416,16187
CAMELS-BR v1.2,502,12,0.5819846440044273,0.5449693927973853,0.06360176610907342,24,24,19488,13524
CAMELS-BR v1.2,503,12,0.5912303659929946,0.5172892536357225,0.12506311686661264,24,24,19752,12670
CAMELS-BR v1.2,504,12,0.5138853911953057,0.3822753727598941,0.25610772497206935,24,24,19488,12655
CAMELS-BR v1.2,505,12,0.6255234615368153,0.5117415625827835,0.18189869117696578,24,24,23352,14541
CAMELS-BR v1.2,506,12,0.6585405470156505,0.6428552516548381,0.023818268186969416,24,24,17232,12577
CAMELS-BR v1.2,507,12,0.4301763036143535,0.3634253070181084,0.15517125428667589,24,24,22776,14599
CAMELS-BR v1.2,508,12,0.5543670904489284,0.46761387964066503,0.15649054985931854,24,24,19224,11912
CAMELS-BR v1.2,509,12,0.5389420329907524,0.4575134640537554,0.15108966076578811,24,24,22584,15364
CAMELS-BR v1.2,510,12,0.43798745692522123,0.378458297734197,0.13591521457927924,24,24,20880,13167
CAMELS-BR v1.2,511,12,0.514820164310621,0.45901044984150896,0.10840623257996329,24,24,16656,11293
CAMELS-BR v1.2,512,12,0.5437014192591124,0.484245301086301,0.10935435528903115,24,24,25680,17357
CAMELS-BR v1.2,513,12,0.5003274381282619,0.4517386988876351,0.097113880906469,24,24,21312,15134
CAMELS-BR v1.2,514,12,0.595069948184614,0.5293204971079731,0.11049028988478315,24,24,20544,13296
CAMELS-BR v1.2,515,12,0.6788596204416969,0.6227170287590885,0.082701327331974,24,24,20232,13952
CAMELS-BR v1.2,516,12,0.5971113650019528,0.5487552032848038,0.08098348909669628,24,24,23568,16174
CAMELS-BR v1.2,517,12,0.5492124003537879,0.4726410959606934,0.13942020308312286,24,24,20904,13861
CAMELS-BR v1.2,518,12,0.5713213630591536,0.47648766632239214,0.16599011146541454,24,24,20760,13981
CAMELS-BR v1.2,519,12,0.49009152276315326,0.43870719513537754,0.10484639142107388,24,24,21336,16048
CAMELS-BR v1.2,520,12,0.4943159565772722,0.458676508404546,0.07209851856593863,24,24,18480,12396
CAMELS-BR v1.2,521,12,0.5375653439196963,0.46702523981127236,0.13122145038978095,24,24,17616,11430
CAMELS-BR v1.2,522,12,0.5381192268437366,0.4694458146878395,0.12761746603757573,24,24,21432,14064
CAMELS-BR v1.2,523,12,0.4260920659480474,0.3943121695986128,0.07458457664243257,24,24,28896,19412
CAMELS-BR v1.2,524,12,0.6119249672965144,0.5401891768084112,0.11722971658605796,24,24,21168,14402
CAMELS-BR v1.2,525,12,0.4449986155123911,0.4070530563682207,0.08527118472150352,24,24,24792,16744
CAMELS-BR v1.2,526,12,0.6055299858491117,0.5302215803663398,0.12436775592074067,24,24,18264,12203
CAMELS-BR v1.2,527,12,0.6879057262191947,0.63485491379155,0.07711930633172326,24,24,17016,12560
CAMELS-BR v1.2,528,12,0.5647573759713257,0.5011105181127973,0.11269770093584386,24,24,19440,12953
CAMELS-BR v1.2,529,12,0.5649127448108024,0.4921615245857752,0.12878311012330346,24,24,22104,14297
CAMELS-BR v1.2,530,12,0.5467142897104075,0.48182287035496696,0.1186934758735011,24,24,22704,15382
CAMELS-BR v1.2,531,12,0.49323452050485744,0.39457179441767276,0.20003207801878298,24,24,22032,13341
CAMELS-BR v1.2,532,12,0.5344546603050452,0.48581626833358044,0.09100564665991295,24,24,23376,16518
CAMELS-BR v1.2,533,12,0.5064771071619852,0.44498505881268735,0.12141130858582139,24,24,22776,15610
CAMELS-BR v1.2,534,12,0.5372427295875983,0.45818481669380495,0.14715492372410566,24,24,24648,15453
CAMELS-BR v1.2,535,12,0.5365329409661166,0.4783513643601142,0.1084398965350325,24,24,20160,13685
CAMELS-BR v1.2,536,12,0.6630458023765549,0.5810067315925214,0.12373062387240952,24,24,17760,11506
CAMELS-BR v1.2,537,12,0.46863006271345276,0.39956926549081456,0.14736740708174734,24,24,23424,15715
CAMELS-BR v1.2,538,12,0.5246296039578948,0.47798325731755364,0.08891291358404718,24,24,17952,12211
CAMELS-BR v1.2,539,12,0.5697237933038357,0.5007504218047877,0.12106457955542027,24,24,22392,14922
CAMELS-BR v1.2,540,12,0.6032210650989073,0.5511856876542913,0.08626253368005965,24,24,26088,18402
CAMELS-BR v1.2,541,12,0.42743263848834945,0.3847748891699958,0.09979993448608948,24,24,27192,18317
CAMELS-BR v1.2,542,12,0.6599067241871733,0.6128855399823855,0.07125428864617989,24,24,17088,11745
CAMELS-BR v1.2,543,12,0.5405721904948251,0.4938534530670624,0.08642460387205197,24,24,18768,12473
CAMELS-BR v1.2,544,12,0.5559938348404996,0.49912468115557246,0.10228378467765098,24,24,22464,15114
CAMELS-BR v1.2,545,12,0.5059973035449997,0.44681597695627795,0.11695976673017705,24,24,19200,13780
CAMELS-BR v1.2,546,12,0.4945512304310064,0.4070046274171816,0.17702231361860543,24,24,22320,14435
CAMELS-BR v1.2,547,12,0.5884450784317069,0.5274676825951071,0.10362461692960978,24,24,22800,15517
CAMELS-BR v1.2,548,12,0.6322072339328667,0.5647784069743517,0.10665620913422702,24,24,19368,13107
CAMELS-BR v1.2,549,12,0.5180545146111816,0.4145747353504173,0.1997468921556056,24,24,26376,16064
CAMELS-BR v1.2,550,12,0.5959205741268672,0.5105448350472105,0.14326697681943235,24,24,19008,11705
CAMELS-BR v1.2,551,12,0.42341925263521535,0.3795457701438904,0.10361711759272052,24,24,23808,16259
CAMELS-BR v1.2,552,12,0.6116017928275796,0.5328848665948931,0.12870617312738675,24,24,24600,16847
CAMELS-BR v1.2,553,12,0.6318395848347997,0.574496976138887,0.09075501135451258,24,24,17688,12056
CAMELS-BR v1.2,554,12,0.3712250899295805,0.3301566434874664,0.11062950095831237,24,24,23304,15741
CAMELS-BR v1.2,555,12,0.5424448625624126,0.49542033663419516,0.08668996459120659,24,24,23784,16194
CAMELS-BR v1.2,556,12,0.4466114043708375,0.4117573563553637,0.07804110614813864,24,24,19824,13562
CAMELS-BR v1.2,557,12,0.5142295849313888,0.45415175924953133,0.11683074533697513,24,24,26160,17340
CAMELS-BR v1.2,558,12,0.6319384614213436,0.5751827183800909,0.08981213600070925,24,24,19824,13886
CAMELS-BR v1.2,559,12,0.5248401634892539,0.40658254004997646,0.22532121523069903,24,24,23496,14939
CAMELS-BR v1.2,560,12,0.5352117902642364,0.45738600170197846,0.14541119978660222,24,24,19704,13368
CAMELS-BR v1.2,561,12,0.4597638692567188,0.41610416652684795,0.0949611434244576,24,24,24888,17143
CAMELS-BR v1.2,562,12,0.46695486169355926,0.4310462775567571,0.07689947590773194,24,24,18264,12413
CAMELS-BR v1.2,563,12,0.4448217749899207,0.3760822770157164,0.15453267317177066,24,24,25560,16166
CAMELS-BR v1.2,564,12,0.4801027364852899,0.43943910947520104,0.08469776137452778,24,24,20040,13889
CAMELS-BR v1.2,565,12,0.5203439347361818,0.43938659369931554,0.15558428883755937,24,24,27336,17222
CAMELS-BR v1.2,566,12,0.3957278504430659,0.3573235097284732,0.09704735381043894,24,24,27672,18791
CAMELS-BR v1.2,567,12,0.49366005915667116,0.4365797327834175,0.11562678672195004,24,24,26808,17537
CAMELS-BR v1.2,568,12,0.5434623212006259,0.4882131065758663,0.10166153653983245,24,24,22728,15678
CAMELS-BR v1.2,569,12,0.45245067210214224,0.4080717468776822,0.09808566537932195,24,24,26712,18774
CAMELS-BR v1.2,570,12,0.5353931930512122,0.4699202238934688,0.12228950611906775,24,24,21000,13853
CAMELS-BR v1.2,571,12,0.670106103932961,0.6338558835708243,0.05409623960948606,24,24,17136,12343
CAMELS-BR v1.2,572,12,0.5636111697161517,0.4973360285235786,0.11759018407309219,24,24,17688,12588
CAMELS-BR v1.2,573,12,0.588548694946887,0.5433746822002223,0.07675492807055051,24,24,21936,15152
CAMELS-BR v1.2,574,12,0.5612468606365348,0.4663454611291181,0.1690902990526929,24,24,21024,14233
CAMELS-BR v1.2,575,12,0.640499864015917,0.5845414441144212,0.08736679435127115,24,24,19416,13399
CAMELS-BR v1.2,576,12,0.5122826995882713,0.4465321577097058,0.1283481599738,24,24,22680,15289
CAMELS-BR v1.2,577,12,0.5703692247654217,0.4753939794156964,0.166515374999039,24,24,26160,16835
CAMELS-BR v1.2,578,12,0.590428966606587,0.5051153382657387,0.14449431373798804,24,24,19776,13545
CAMELS-BR v1.2,579,12,0.5044462856543216,0.44832484161385944,0.11125355788409974,24,24,21384,13960
CAMELS-BR v1.2,580,12,0.6298831377935927,0.582016360701198,0.07599310764226275,24,24,20664,15278
CAMELS-BR v1.2,581,12,0.4252813933756651,0.3843168771402163,0.09632332115518516,24,24,27072,18669
CAMELS-BR v1.2,582,12,0.5145661607895063,0.4374161674857118,0.14993211598955936,24,24,26880,17009
CAMELS-BR v1.2,583,12,0.6240237666723516,0.5553091000633059,0.11011546399181438,24,24,18384,11992
CAMELS-BR v1.2,584,12,0.5878672249183516,0.5110659775342001,0.1306438667248686,24,24,21144,13594
CAMELS-BR v1.2,585,12,0.4429666307543622,0.37056753849338175,0.16344141349357721,24,24,20520,13421
CAMELS-BR v1.2,586,12,0.5697567176311962,0.5084271163869046,0.10764173435159075,24,24,21696,14509
CAMELS-BR v1.2,587,12,0.4919706849520572,0.4276168083143374,0.13080835628242993,24,24,21552,14398
CAMELS-BR v1.2,588,12,0.4089727495583288,0.36719431904682065,0.10215455811328966,24,24,24120,17106
CAMELS-BR v1.2,589,12,0.5287317878352761,0.42840231693895875,0.18975494419785954,24,24,24480,15114
CAMELS-BR v1.2,590,12,0.5780485178458447,0.5054213271361238,0.1256420325760429,24,24,19152,12908
CAMELS-BR v1.2,591,12,0.5364136184803836,0.471987871443725,0.12010460737214601,24,24,27576,18061
CAMELS-BR v1.2,592,12,0.5660133073410862,0.5023330148236448,0.11250670556949816,24,24,21312,13794
CAMELS-BR v1.2,593,12,0.5398462186889791,0.47183335918999536,0.12598561802313535,24,24,23448,14977
CAMELS-BR v1.2,594,12,0.5709199434088981,0.45523827639879255,0.202623272046486,24,24,18672,11942
CAMELS-BR v1.2,595,12,0.5649288304119925,0.4908551221770595,0.13112042481689656,24,24,17928,12270
CAMELS-BR v1.2,596,12,0.43994878552106337,0.4024239561724414,0.08529363094883546,24,24,21936,15106
CAMELS-BR v1.2,597,12,0.5279070156134881,0.41090126624330847,0.2216408305053601,24,24,20016,12543
CAMELS-BR v1.2,598,12,0.5735913137364184,0.506058444350245,0.11773691087868632,24,24,20568,14831
CAMELS-BR v1.2,599,12,0.5677461441300464,0.5244155813942135,0.07632031178693088,24,24,22368,15644
CAMELS-BR v1.2,600,12,0.5423157574999742,0.4221305978416457,0.22161472905078594,24,24,22968,14252
CAMELS-BR v1.2,601,12,0.5810123984836023,0.5013324377401647,0.1371398630242594,24,24,23592,15258
CAMELS-BR v1.2,602,12,0.5093215246315924,0.4627199611252325,0.09149733763965351,24,24,25368,17361
CAMELS-BR v1.2,603,12,0.4567795901367647,0.4182405028848311,0.08437129872723648,24,24,18096,12615
CAMELS-BR v1.2,604,12,0.5896526871807918,0.5097314484935785,0.13553951406433395,24,24,24744,15745
CAMELS-BR v1.2,605,12,0.48196501498577066,0.4378861074189337,0.09145665389870328,24,24,24384,17258
CAMELS-BR v1.2,606,12,0.6221247763528304,0.5549008004797864,0.1080554551566657,24,24,24432,16700
CAMELS-BR v1.2,607,12,0.5847471179804197,0.5372964727894489,0.08114729210612315,24,24,19512,13265
CAMELS-BR v1.2,608,12,0.5221678855355493,0.45704996571860096,0.12470686463255332,24,24,20328,13624
CAMELS-BR v1.2,609,12,0.5513738118525728,0.48590793306146607,0.11873229628216575,24,24,22200,15289
CAMELS-BR v1.2,610,12,0.6225741642298706,0.5497088632376032,0.1170387484395572,24,24,21648,14807
CAMELS-BR v1.2,611,12,0.5029080950963791,0.41616560398777824,0.17248179529100094,24,24,20424,13011
CAMELS-BR v1.2,612,12,0.5239587939036929,0.4597663609754951,0.12251427722004571,24,24,23232,16065
CAMELS-BR v1.2,613,12,0.39729685990791797,0.3378218757615843,0.1496991044935977,24,24,19464,14222
CAMELS-BR v1.2,614,12,0.5374974316419832,0.4206824914414642,0.21733115978557305,24,24,18624,11741
CAMELS-BR v1.2,615,12,0.5641449932278029,0.49847478567119086,0.11640661238678096,24,24,19944,13646
CAMELS-BR v1.2,616,12,0.5043807391964148,0.4132605414662004,0.18065756808118438,24,24,19368,12241
CAMELS-BR v1.2,617,12,0.5487784552003553,0.4794004507347745,0.12642260972189834,24,24,26136,17267
CAMELS-BR v1.2,618,12,0.5724471431310233,0.5108988033672004,0.10751794380033364,24,24,19920,13874
CAMELS-BR v1.2,619,12,0.4826779676376382,0.44105263602033373,0.08623830878593974,24,24,19632,14204
CAMELS-BR v1.2,620,12,0.6058095769247612,0.5085386093409472,0.1605636016478733,24,24,25560,16052
CAMELS-BR v1.2,621,12,0.597232078470492,0.5533129503135895,0.07353779165609975,24,24,21672,14815
CAMELS-BR v1.2,622,12,0.5794406970630402,0.5267302402254963,0.09096781966595158,24,24,28272,19632
CAMELS-BR v1.2,623,12,0.6130768157079481,0.5877664469082811,0.04128417214805302,24,24,18984,13269
CAMELS-BR v1.2,624,12,0.6463973244958413,0.5683108359792417,0.12080261714805718,24,24,22176,14334
CAMELS-BR v1.2,625,12,0.5947840773224211,0.480610509325843,0.19195801022542647,24,24,22560,13801
CAMELS-BR v1.2,626,12,0.4583654633735243,0.414371771466004,0.0959795085426618,24,24,26664,17848
CAMELS-BR v1.2,627,12,0.5814878902022403,0.5014522588323167,0.1376393777385242,24,24,21168,13367
CAMELS-BR v1.2,628,12,0.5222641804373007,0.4671456073946948,0.10553772421546159,24,24,18648,12900
CAMELS-BR v1.2,629,12,0.46704279824443334,0.4279797164763256,0.08363919091556904,24,24,20544,13821
CAMELS-BR v1.2,630,12,0.5692280308126823,0.5045197944657962,0.11367717829092605,24,24,19416,12518
CAMELS-BR v1.2,631,12,0.5389465919892236,0.49550800808708756,0.080599051089286,24,24,19128,13414
CAMELS-BR v1.2,632,12,0.5204947406595287,0.46688160095799586,0.10300419103870029,24,24,16704,12213
CAMELS-BR v1.2,633,12,0.7308800513579605,0.6309540484719703,0.1367201125551719,24,24,18744,11815
CAMELS-BR v1.2,634,12,0.7745766617149074,0.7286232220006574,0.05932716796877058,24,24,16392,11787
CAMELS-BR v1.2,635,12,0.5543939504940126,0.5158111435949491,0.06959456694049959,24,24,18744,13032
CAMELS-BR v1.2,636,12,0.6090616434104782,0.5221758503556955,0.14265517127012028,24,24,27312,17975
CAMELS-BR v1.2,637,12,0.5327229888448253,0.45408279446780414,0.1476192993802412,24,24,22824,14847
CAMELS-BR v1.2,638,12,0.46147684758746466,0.41896651491546505,0.09211801825863541,24,24,23904,16546
CAMELS-BR v1.2,639,12,0.6976028133773549,0.6593495909996804,0.05483524671077,24,24,16512,11670
CAMELS-BR v1.2,640,12,0.4906350294980498,0.4264795495459066,0.1307600886503727,24,24,22920,15062
CAMELS-BR v1.2,641,12,0.5117016098464124,0.44327759551588464,0.133718583279551,24,24,27648,18272
CAMELS-BR v1.2,642,12,0.3794779185256648,0.3373831431662318,0.11092812863256507,24,24,25632,17666
CAMELS-BR v1.2,643,12,0.5643612886081815,0.49116112047543525,0.12970444573417017,24,24,20904,13530
CAMELS-BR v1.2,644,12,0.5313348183014548,0.4760338129069248,0.10407939304883784,24,24,23400,16509
CAMELS-BR v1.2,645,12,0.5696851098770425,0.5087305590722425,0.10699691767958619,24,24,20592,13838
CAMELS-BR v1.2,646,12,0.5533757280609108,0.511207598700126,0.07620162436207056,24,24,21264,14757
CAMELS-BR v1.2,647,12,0.4317515311659182,0.3954427037222286,0.08409658060885117,24,24,23688,16489
CAMELS-BR v1.2,648,12,0.43248581426191374,0.3902888654498977,0.09756839974978115,24,24,20544,14280
CAMELS-BR v1.2,649,12,0.6097171670480701,0.5324047188982952,0.1268005106762552,24,24,20064,13068
CAMELS-BR v1.2,650,12,0.5745202639370931,0.524502213312331,0.08706055080110942,24,24,22440,15746
CAMELS-BR v1.2,651,12,0.4161223914115211,0.35151953492258015,0.15524965207905006,24,24,24888,16191
CAMELS-BR v1.2,652,12,0.6703772506990519,0.6119153139167222,0.08720751893261158,24,24,17976,12524
CAMELS-BR v1.2,653,12,0.5474388203681991,0.4637066972703533,0.1529524761169273,24,24,25656,16089
CAMELS-BR v1.2,654,12,0.5448369570459932,0.5013271634861766,0.07985837413768482,24,24,24792,17132
CAMELS-BR v1.2,655,12,0.570878711509549,0.4680244046085063,0.1801684049998461,24,24,23376,14912
CAMELS-BR v1.2,656,12,0.5932261618861097,0.5048422078737655,0.14898863147123387,24,24,24912,16426
CAMELS-BR v1.2,657,12,0.6709125205444569,0.5626769910802005,0.16132584524793403,24,24,20448,12646
CAMELS-BR v1.2,658,12,0.5482016079262889,0.48879490046809393,0.10836653267566265,24,24,27072,18520
CAMELS-BR v1.2,659,12,0.4512980186276006,0.41269604344379013,0.08553544130594515,24,24,23136,15916
CAMELS-BR v1.2,660,12,0.5909309683592427,0.4877930511933313,0.17453462872707526,24,24,21384,13615
CAMELS-BR v1.2,661,12,0.567075712821625,0.5259072437803914,0.07259783501640327,24,24,16104,11840
CAMELS-BR v1.2,662,12,0.5913821468299583,0.48887216828486896,0.17333965709750165,24,24,21648,13457
CAMELS-BR v1.2,663,12,0.5463135405858991,0.5026872195349865,0.07985582968367422,24,24,22848,15770
CAMELS-BR v1.2,664,12,0.633601408532927,0.5612792475789429,0.11414457098736974,24,24,20496,13588
CAMELS-BR v1.2,665,12,0.6122051528880007,0.5329434125275303,0.1294692473373723,24,24,19296,12681
CAMELS-BR v1.2,666,12,0.46648624429464475,0.36879454760223235,0.20942031600551936,24,24,22656,14103
CAMELS-BR v1.2,667,12,0.5243044552586673,0.47923111564380194,0.08596787451029442,24,24,22728,15800
CAMELS-BR v1.2,668,12,0.49463444116662525,0.4486218028579402,0.0930235229883335,24,24,17616,13346
CAMELS-BR v1.2,669,12,0.62484842858943,0.56616270760837,0.09391993049184855,24,24,16224,11432
CAMELS-BR v1.2,670,12,0.5197274326224337,0.4602513666050166,0.11443703426873886,24,24,24960,17880
CAMELS-BR v1.2,671,12,0.5600536944320247,0.5148846682749428,0.08065124220435638,24,24,17856,12601
CAMELS-BR v1.2,672,12,0.43872330254119596,0.3916716849879343,0.10724667981100344,24,24,21600,15557
CAMELS-BR v1.2,673,12,0.47414395803446135,0.40532837054696536,0.14513648507252386,24,24,24312,16153
CAMELS-BR v1.2,674,12,0.41799925678276323,0.3684535589093378,0.11853058843876041,24,24,21912,15557
CAMELS-BR v1.2,675,12,0.5439074539258041,0.46042807516621964,0.15348085075328288,24,24,20112,12522
CAMELS-BR v1.2,676,12,0.47109477261534366,0.39565074891736063,0.1601461703324487,24,24,19320,12454
CAMELS-BR v1.2,677,12,0.584736514880153,0.5272612694487656,0.09829255394315073,24,24,19176,12585
CAMELS-BR v1.2,678,12,0.4895050783124414,0.42700428156429665,0.12768161050262228,24,24,20832,13441
CAMELS-BR v1.2,679,12,0.4676090403082162,0.4281347589637159,0.08441727584753611,24,24,25224,17113
CAMELS-BR v1.2,680,12,0.5014068883050683,0.42078687056743114,0.1607876150448615,24,24,21792,14808
CAMELS-BR v1.2,681,12,0.4361164475733129,0.39446008347941286,0.09551660875366885,24,24,29856,20781
CAMELS-BR v1.2,682,12,0.6534189952608728,0.5872689291681554,0.10123682747592522,24,24,18216,11808
CAMELS-BR v1.2,683,12,0.46843471810515874,0.4237210151170184,0.09545343515316174,24,24,21456,15329
CAMELS-BR v1.2,684,12,0.5973581151380514,0.542836775918125,0.0912707768393275,24,24,18624,12979
CAMELS-BR v1.2,685,12,0.5441044988356141,0.48601594491183003,0.10675992212542584,24,24,20736,13845
CAMELS-BR v1.2,686,12,0.4573558409306319,0.4175701067394433,0.08699076436901354,24,24,23952,16470
CAMELS-BR v1.2,687,12,0.48060770307702444,0.4333278817200489,0.09837508024584918,24,24,22656,15884
CAMELS-BR v1.2,688,12,0.4473377828105745,0.37844764534593056,0.1540002658210865,24,24,21288,13596
CAMELS-BR v1.2,689,12,0.626113374837145,0.5540822012671075,0.11504493669181426,24,24,17136,11447
CAMELS-BR v1.2,690,12,0.6032249795831399,0.5548579808521074,0.08018069603890854,24,24,24816,17100
CAMELS-BR v1.2,691,12,0.48384292733843715,0.43875646372795807,0.09318409149534213,24,24,25056,17175
CAMELS-BR v1.2,692,12,0.5109096311390927,0.4627812491235401,0.09420135985350009,24,24,22728,15177
CAMELS-BR v1.2,693,12,0.4917580012530286,0.4192719242002779,0.1474019271024607,24,24,26208,17717
CAMELS-BR v1.2,694,12,0.5422987684673384,0.5049687207237552,0.06883668175955204,24,24,17856,13291
CAMELS-BR v1.2,695,12,0.564490097231379,0.4465938130305559,0.2088544773044948,24,24,23184,14215
CAMELS-BR v1.2,696,12,0.5850955275663362,0.4930575627551321,0.15730416739644137,24,24,23256,15035
CAMELS-BR v1.2,697,12,0.5956066510647866,0.494198393090326,0.17026045258757538,24,24,18912,12072
CAMELS-BR v1.2,698,12,0.6446126278591671,0.6110035631453821,0.05213839019164823,24,24,20136,14430
CAMELS-BR v1.2,699,12,0.5763653332633824,0.530169807408678,0.0801497300213132,24,24,19824,13619
CAMELS-BR v1.2,700,12,0.6814497217098683,0.6144548322447637,0.09831229998451463,24,24,20472,14133
CAMELS-BR v1.2,701,12,0.44075609528010945,0.3767732287126093,0.14516615255618348,24,24,22488,14660
CAMELS-BR v1.2,702,12,0.43564490199544675,0.39094496472277057,0.10260635914234428,24,24,20568,14593
CAMELS-BR v1.2,703,12,0.403148216295384,0.35618711755808413,0.1164859395108716,24,24,20088,13912
CAMELS-BR v1.2,704,12,0.558533986512972,0.5184007456709231,0.07185460833387769,24,24,21048,15297
CAMELS-BR v1.2,705,12,0.5288852924643606,0.4567502148050531,0.13639078016934703,24,24,21168,14123
CAMELS-BR v1.2,706,12,0.49118095479796475,0.4029921012202397,0.17954452980368385,24,24,18576,12939
CAMELS-BR v1.2,707,12,0.5881787421384178,0.5283515258106721,0.10171604657154776,24,24,19392,12501
CAMELS-BR v1.2,708,12,0.5774389071057553,0.5118252674391854,0.11362871268137986,24,24,20016,13226
CAMELS-BR v1.2,709,12,0.5305880224313917,0.4707541806468639,0.11276892665300353,24,24,21504,14927
CAMELS-BR v1.2,710,12,0.5862324317025506,0.5177570370984139,0.11680587920608343,24,24,18312,12107
CAMELS-BR v1.2,711,12,0.5658328993589131,0.5052214680762431,0.10711895923927817,24,24,22944,15688
CAMELS-BR v1.2,712,12,0.5034953150855174,0.44110772572212886,0.1239089768944367,24,24,20640,13373
CAMELS-BR v1.2,713,12,0.4251278213588928,0.389299216454585,0.08427725287369825,24,24,26304,18193
CAMELS-BR v1.2,714,12,0.5313377918124876,0.42911533955901887,0.19238694071575413,24,24,15744,11288
CAMELS-BR v1.2,715,12,0.59560986726572,0.5048210617727706,0.15242998896196192,24,24,20688,12826
CAMELS-BR v1.2,716,12,0.6921565428050167,0.6557208200104516,0.052640870296344455,24,24,18264,13129
CAMELS-BR v1.2,717,12,0.46335149960626415,0.4222827937876062,0.0886340194292159,24,24,26712,18339
CAMELS-BR v1.2,718,12,0.44661440620779125,0.4156012780995589,0.06944050097166643,24,24,21912,14761
CAMELS-BR v1.2,719,12,0.5642304898071934,0.4917343356428962,0.12848677176072187,24,24,22032,14736
CAMELS-BR v1.2,720,12,0.4376882340931436,0.3692189324395927,0.1564339553139098,24,24,21384,14227
CAMELS-BR v1.2,721,12,0.6445053163664429,0.5805563936398433,0.09922171486051867,24,24,13296,9724
CAMELS-BR v1.2,722,12,0.5642122043232894,0.4812658729088517,0.1470126501675425,24,24,23592,14923
CAMELS-BR v1.2,723,12,0.5946313508868749,0.5127244785548172,0.1377439521308389,24,24,25392,16967
CAMELS-BR v1.2,724,12,0.546434295739462,0.4336511996829047,0.20639827502761998,24,24,20304,13008
CAMELS-BR v1.2,725,12,0.5219553229229372,0.46017755481470984,0.11835834485272301,24,24,20520,13647
CAMELS-BR v1.2,726,12,0.6378739886981578,0.5794090294832291,0.0916559700674584,24,24,19248,13796
CAMELS-BR v1.2,727,12,0.47376638264226667,0.4417256204345139,0.06762987704838108,24,24,21360,14064
CAMELS-BR v1.2,728,12,0.5311407566923713,0.46944820380772123,0.11615104302828227,24,24,23928,16208
CAMELS-BR v1.2,729,12,0.5482301108856045,0.4669254035941398,0.14830397980170407,24,24,19728,12440
CAMELS-BR v1.2,730,12,0.583206909404229,0.5140775622638883,0.11853314154141159,24,24,19680,12376
CAMELS-BR v1.2,731,12,0.5218726769819428,0.44656897266921486,0.1442951655338981,24,24,25560,16359
CAMELS-BR v1.2,732,12,0.4158432794833735,0.3742931072700796,0.09991786392439517,24,24,26328,18287
CAMELS-BR v1.2,733,12,0.6481043497792244,0.5764856881969819,0.1105048309066885,24,24,19824,12861
CAMELS-BR v1.2,734,12,0.4698082568181423,0.40683119217492664,0.1340484415274834,24,24,20952,13764
CAMELS-BR v1.2,735,12,0.5480350066204716,0.4868795873283408,0.11159035199093126,24,24,23376,15497
CAMELS-BR v1.2,736,12,0.5320614314450418,0.4727670884967127,0.11144266327910635,24,24,27792,19663
CAMELS-BR v1.2,737,12,0.4830637623561098,0.38861802706595944,0.1955140141945193,24,24,25056,16091
CAMELS-BR v1.2,738,12,0.614909577013972,0.5638561230053488,0.08302595359880549,24,24,16440,11311
CAMELS-BR v1.2,739,12,0.5635492303796054,0.4396631149149554,0.21983193088774267,24,24,15144,9724
CAMELS-BR v1.2,740,12,0.45411202264557854,0.3951068923892341,0.12993518628419198,24,24,26928,17556
CAMELS-BR v1.2,741,12,0.6021571238145572,0.5229068041761376,0.13161069844425843,24,24,22464,14159
CAMELS-BR v1.2,742,12,0.40937198162138755,0.34290237124965767,0.16236971105952502,24,24,23328,15631
CAMELS-BR v1.2,743,12,0.5332458097820745,0.44106566354577875,0.17286614267811629,24,24,22680,14238
CAMELS-BR v1.2,744,12,0.5156071061638358,0.4756982090849504,0.0774017592112165,24,24,25128,17812
CAMELS-BR v1.2,745,12,0.621913675678896,0.5643202060835444,0.09260685501485588,24,24,22896,15507
CAMELS-BR v1.2,746,12,0.6009071978071645,0.4952073506650439,0.1759004510643929,24,24,23328,14554
CAMELS-BR v1.2,747,12,0.5954517347615232,0.5459766859373092,0.0830882604515858,24,24,18960,12622
CAMELS-BR v1.2,748,12,0.5044210446248416,0.39739692404447136,0.2121721956703223,24,24,17400,11057
CAMELS-BR v1.2,749,12,0.5332410354041551,0.4841684577598492,0.09202700915002304,24,24,20592,14681
CAMELS-BR v1.2,750,12,0.5508304433578814,0.4453434967291538,0.19150529514250447,24,24,19992,13827
CAMELS-BR v1.2,751,12,0.5460504301419029,0.4965154239235268,0.0907150759051748,24,24,17016,11860
CAMELS-BR v1.2,752,12,0.42701734158068644,0.3833975298537629,0.10214997724789454,24,24,26664,18444
CAMELS-BR v1.2,753,12,0.4736072603155576,0.40108163936988683,0.1531345209897078,24,24,18672,12374
CAMELS-BR v1.2,754,12,0.5119852704240164,0.4722301080093752,0.0776490354531425,24,24,21936,15232
CAMELS-BR v1.2,755,12,0.49746597048310104,0.44017792571783404,0.11515972581930223,24,24,24000,15882
CAMELS-BR v1.2,756,12,0.5046079890100021,0.4377646635596386,0.13246584855207,24,24,20592,13802
CAMELS-BR v1.2,757,12,0.5048400192991875,0.438985007354737,0.13044728909540415,24,24,23760,15897
CAMELS-BR v1.2,758,12,0.45181591843846486,0.41775893797515784,0.07537800036132503,24,24,26424,17836
CAMELS-BR v1.2,759,12,0.6047971335689484,0.5256778343980443,0.1308195670571648,24,24,21336,13567
CAMELS-BR v1.2,760,12,0.5902397683737536,0.5200866486203837,0.11885529154814134,24,24,20880,13775
CAMELS-BR v1.2,761,12,0.542136232751993,0.4883688457066865,0.09917689281229625,24,24,25704,17547
CAMELS-BR v1.2,762,12,0.5825081295882122,0.5022048258825268,0.137857824855515,24,24,21072,13995
CAMELS-BR v1.2,763,12,0.5146584682275621,0.42238939301084366,0.1792821471188163,24,24,13608,8794
CAMELS-BR v1.2,764,12,0.47955669254809136,0.42694286692380135,0.10971346337537291,24,24,19368,14333
CAMELS-BR v1.2,765,12,0.5312600339395166,0.47725361024005114,0.10165723045075514,24,24,22512,15244
CAMELS-BR v1.2,766,12,0.46083737273753866,0.3411026919875961,0.2598198146098174,24,24,12792,8995
CAMELS-BR v1.2,767,12,0.5869083953382996,0.5254836763322992,0.10465810251460905,24,24,18000,12801
CAMELS-BR v1.2,768,12,0.5717306584649788,0.4854076211961519,0.15098549638844427,24,24,22392,14396
CAMELS-BR v1.2,769,12,0.5718520024343073,0.5031971354869277,0.12005705436917924,24,24,22440,14508
CAMELS-BR v1.2,770,12,0.48202528370168185,0.40898141112231645,0.15153535519637007,24,24,27192,17397
CAMELS-BR v1.2,771,12,0.3902056640431442,0.3362687833800323,0.13822680097526274,24,24,18456,12946
CAMELS-BR v1.2,772,12,0.5657486303932115,0.49779977450299057,0.12010432237899471,24,24,20136,13170
CAMELS-BR v1.2,773,12,0.5964938098554259,0.4998586216854217,0.16200534954994072,24,24,17352,11867
CAMELS-BR v1.2,774,12,0.45125900375123984,0.40114412240892133,0.11105569290744777,24,24,29376,20480
CAMELS-BR v1.2,775,12,0.525666581007848,0.4858457836000386,0.0757529560495589,24,24,18288,12810
CAMELS-BR v1.2,776,12,0.5186376035173008,0.4273857854828893,0.1759452407915646,24,24,22896,15180
CAMELS-BR v1.2,777,12,0.5766244904292696,0.5087314808446496,0.1177421540560597,24,24,19368,13082
CAMELS-BR v1.2,778,12,0.6169956517636958,0.5714348163923271,0.07384304126152597,24,24,17808,12771
CAMELS-BR v1.2,779,12,0.5940352496789645,0.5316306379293163,0.10505203484704584,24,24,19824,13665
CAMELS-BR v1.2,780,12,0.6393113438379833,0.55016072954304,0.13944788428083355,24,24,20952,13245
CAMELS-BR v1.2,781,12,0.5460481641188594,0.48546840535707547,0.11094215262043694,24,24,20448,13602
CAMELS-BR v1.2,782,12,0.517045682861763,0.43813693906520434,0.15261464588546936,24,24,24264,15584
CAMELS-BR v1.2,783,12,0.5314357914153696,0.4706951759825853,0.11429530418155343,24,24,24936,16290
CAMELS-BR v1.2,784,12,0.5224726971096263,0.429946200741793,0.17709345747576777,24,24,19488,13258
CAMELS-BR v1.2,785,12,0.5608527540989157,0.48410041480391564,0.13684935793586828,24,24,19896,13207
CAMELS-BR v1.2,786,12,0.5107420359489894,0.39304787939503644,0.2304375756643373,24,24,17856,11434
CAMELS-BR v1.2,787,12,0.5827968478400039,0.5059150163680474,0.1319187496584796,24,24,21576,14054
CAMELS-BR v1.2,788,12,0.5927143444578695,0.5135600049078621,0.1335455102278763,24,24,21360,14011
CAMELS-BR v1.2,789,12,0.4967447067389455,0.42235374574155166,0.14975692742809343,24,24,21912,14731
CAMELS-BR v1.2,790,12,0.6058407034004452,0.5628986426650552,0.07088011831223295,24,24,16128,11471
CAMELS-BR v1.2,791,12,0.5226046777172899,0.3949069496956986,0.24434861275901387,24,24,21960,14221
CAMELS-BR v1.2,792,12,0.6433954938781059,0.5580584883484145,0.13263537954752735,24,24,18120,12473
CAMELS-BR v1.2,793,12,0.5024788816199905,0.44687639156586495,0.11065637201480649,24,24,20520,14885
CAMELS-BR v1.2,794,12,0.4879579953405923,0.4446286440278451,0.08879729756759813,24,24,22296,14930
CAMELS-BR v1.2,795,12,0.5125657191492783,0.41178870666407014,0.19661286098584774,24,24,16104,10762
CAMELS-BR v1.2,796,12,0.5174477536929049,0.42467522006527586,0.17928869719799323,24,24,18144,11748
CAMELS-BR v1.2,797,12,0.6228210374447003,0.5298474566614599,0.1492781636996252,24,24,22704,15059
CAMELS-BR v1.2,798,12,0.5578888131832574,0.5047973914658582,0.09516487956527553,24,24,24576,16795
CAMELS-BR v1.2,799,12,0.6488533994240244,0.5710836595012289,0.11985718190246109,24,24,22824,14595
CAMELS-BR v1.2,800,12,0.6793072562284718,0.5755139809056347,0.15279282588426857,24,24,16248,10179
CAMELS-BR v1.2,801,12,0.544490176883426,0.48863483417122017,0.10258282900880389,24,24,23832,16908
CAMELS-BR v1.2,802,12,0.5051241295551868,0.4220956276612072,0.1643724721032327,24,24,24048,15138
CAMELS-BR v1.2,803,12,0.49372479465612545,0.42668691312712664,0.13577985601409803,24,24,23016,14710
CAMELS-BR v1.2,804,12,0.5744286928512397,0.5391274654761433,0.061454498729641815,24,24,20208,14154
CAMELS-BR v1.2,805,12,0.5710987093488206,0.4984457211287177,0.12721616601610497,24,24,21528,14725
CAMELS-BR v1.2,806,12,0.5693125793238506,0.476200245662813,0.16355221550105803,24,24,27168,16956
CAMELS-BR v1.2,807,12,0.47729645519652786,0.4311138773598094,0.0967586859988363,24,24,19632,13670
CAMELS-BR v1.2,808,12,0.5888908323181274,0.5193723039046977,0.11804994168405536,24,24,20784,13927
CAMELS-BR v1.2,809,12,0.5088669273513386,0.4654551239738721,0.08531071886205244,24,24,20088,14460
CAMELS-BR v1.2,810,12,0.47249171866827877,0.4061099511568524,0.14049297561981378,24,24,24600,16144
CAMELS-BR v1.2,811,12,0.4977704442249312,0.45326546810578977,0.08940863531670562,24,24,24504,17077
CAMELS-BR v1.2,812,12,0.4583820291717293,0.4118497307482523,0.10151422931557386,24,24,19656,13801
CAMELS-BR v1.2,813,12,0.40226596312855684,0.3546913993192783,0.1182664410363613,24,24,22632,15898
CAMELS-BR v1.2,814,12,0.3799024423150612,0.3253320919596804,0.1436430627369446,24,24,16656,12017
CAMELS-BR v1.2,815,12,0.5604611168530593,0.4968116362062089,0.1135662737929738,24,24,16584,11180
CAMELS-BR v1.2,816,12,0.4793103866810854,0.4061529068022095,0.1526307000886089,24,24,17808,11636
CAMELS-BR v1.2,817,12,0.4270585540211584,0.373996908648575,0.12424911027529606,24,24,24144,17462
CAMELS-BR v1.2,818,12,0.5610414560677642,0.49151232550233237,0.12392868621999642,24,24,24072,15894
CAMELS-BR v1.2,819,12,0.6153940937793243,0.5272699423776558,0.1431995404123413,24,24,20040,12655
CAMELS-BR v1.2,820,12,0.5986076114153316,0.5338409337448325,0.108195546523985,24,24,20136,14025
CAMELS-BR v1.2,821,12,0.5073348720820711,0.44276301630771137,0.12727659644084932,24,24,25032,17500
CAMELS-BR v1.2,822,12,0.5706394777589131,0.48877987269259104,0.14345240428827566,24,24,21336,13645
CAMELS-BR v1.2,823,12,0.532573211060051,0.4961719107007143,0.06834985238345415,24,24,21960,15164
CAMELS-BR v1.2,824,12,0.5878115341637307,0.543783513142936,0.07490159423875975,24,24,23664,16810
CAMELS-BR v1.2,825,12,0.6639839381674429,0.601294663672458,0.09441384179864909,24,24,19416,13368
CAMELS-BR v1.2,826,12,0.5130906542542344,0.4292017628800508,0.1634972118058049,24,24,19488,12744
CAMELS-BR v1.2,827,12,0.4952147856012635,0.4553752875003327,0.0804489269288674,24,24,21312,14829
CAMELS-BR v1.2,828,12,0.504542996202728,0.411621603589939,0.1841694232446599,24,24,20880,14710
CAMELS-BR v1.2,829,12,0.6154447969147819,0.5081648286895625,0.17431290143813505,24,24,20592,12880
CAMELS-BR v1.2,830,12,0.4746472977386304,0.4141486444750431,0.12746022899913678,24,24,29040,19086
CAMELS-BR v1.2,831,12,0.5822315670381659,0.4642646306570429,0.20261171509683906,24,24,18144,11915
CAMELS-BR v1.2,832,12,0.4954516318444636,0.44357305722986756,0.10470966544496563,24,24,16944,12288
CAMELS-BR v1.2,833,12,0.5901070308169867,0.5469112556569453,0.07319989917801528,24,24,20352,14364
CAMELS-BR v1.2,834,12,0.46978495485513594,0.38559085945487276,0.17921837327937729,24,24,20472,13990
CAMELS-BR v1.2,835,12,0.6016743730643763,0.4871540527230314,0.1903360446583151,24,24,24336,15189
CAMELS-BR v1.2,836,12,0.6650547212977368,0.5385240427916475,0.19025604127610296,24,24,18480,11368
CAMELS-BR v1.2,837,12,0.6666673435158623,0.5705912379215315,0.14411401207631647,24,24,20880,13500
CAMELS-BR v1.2,838,12,0.48016815795476214,0.41249495742958914,0.14093646028804074,24,24,22536,14967
CAMELS-BR v1.2,839,12,0.5796132159877952,0.5173029390760329,0.10750320246851386,24,24,23664,16654
CAMELS-BR v1.2,840,12,0.6336164456071948,0.5684882855088169,0.10278798877444784,24,24,21984,15225
CAMELS-BR v1.2,841,12,0.6279320973355047,0.567759115925714,0.09582721072090727,24,24,18624,12325
CAMELS-BR v1.2,842,12,0.4184112480969316,0.3800312357231471,0.09172796512605497,24,24,28392,19434
CAMELS-BR v1.2,843,12,0.5118390832945942,0.4495681113314082,0.12166122907684496,24,24,19176,13332
CAMELS-BR v1.2,844,12,0.7254325742762512,0.6984668132753172,0.03717197429111463,24,24,15768,11277
CAMELS-BR v1.2,845,12,0.5649453321807948,0.4699649849640891,0.16812307635158918,24,24,20064,12567
CAMELS-BR v1.2,846,12,0.6219649654346661,0.5532739639838278,0.11044191436543849,24,24,18432,12057
CAMELS-BR v1.2,847,12,0.5466807341425559,0.49845069207293474,0.08822341644299536,24,24,21936,15681
CAMELS-BR v1.2,848,12,0.5563606679674978,0.5093729625765423,0.08445547662923669,24,24,23856,16513
CAMELS-BR v1.2,849,12,0.6401965266606507,0.5601245887013789,0.1250739962257177,24,24,23448,14901
CAMELS-BR v1.2,850,12,0.5310557207281371,0.446547298695235,0.15913287200264326,24,24,18864,12531
CAMELS-BR v1.2,851,12,0.43506958965179715,0.3533927815343625,0.18773274450830668,24,24,16752,11136
CAMELS-BR v1.2,852,12,0.5401269182119951,0.4925636011814994,0.08805951976610715,24,24,21120,14505
CAMELS-BR v1.2,853,12,0.48891946558474536,0.4244882051882717,0.13178297231306635,24,24,28512,18325
CAMELS-BR v1.2,854,12,0.5900521238677955,0.5168110976032725,0.12412636664101406,24,24,18552,12180
CAMELS-BR v1.2,855,12,0.49943853689163786,0.4483729358450479,0.10224601682602952,24,24,25560,18369
CAMELS-BR v1.2,856,12,0.5119159233170462,0.4517396886869502,0.1175510115805225,24,24,24792,16101
CAMELS-BR v1.2,857,12,0.523681373020737,0.47793091461038956,0.08736315776604076,24,24,23112,15359
CAMELS-BR v1.2,858,12,0.45650468859869975,0.38643800543312523,0.15348513370290517,24,24,20448,13709
CAMELS-BR v1.2,859,12,0.5234237406170673,0.4635310758356849,0.11442481518086012,24,24,23160,14847
CAMELS-BR v1.2,860,12,0.4928610861631495,0.40157872600146627,0.1852091039937903,24,24,22920,14085
CAMELS-BR v1.2,861,12,0.4234388390661393,0.3511809378496721,0.1706454263284547,24,24,22920,15618
CAMELS-BR v1.2,862,12,0.53510952144246,0.49050646702558975,0.08335313170402336,24,24,20376,14301
CAMELS-BR v1.2,863,12,0.4726793454610571,0.4032837207931701,0.1468133214075552,24,24,19704,13285
CAMELS-BR v1.2,864,12,0.4760002160427873,0.3953353060479082,0.16946401971302516,24,24,19008,13031
CAMELS-BR v1.2,865,12,0.5723373707155879,0.4677750431069844,0.18269351777234144,24,24,23112,14178
CAMELS-BR v1.2,866,12,0.4632358892202505,0.39286577930545524,0.1519098833927719,24,24,15816,10166
CAMELS-BR v1.2,867,12,0.6502050002795545,0.5800859395093604,0.10784146652216853,24,24,22464,15323
CAMELS-BR v1.2,868,12,0.4420348912490593,0.3949618525018458,0.10649168126570074,24,24,20616,14607
CAMELS-BR v1.2,869,12,0.4764657191972765,0.41675390830883907,0.12532236524599638,24,24,19968,12971
CAMELS-BR v1.2,870,12,0.5110655582434226,0.47082532387811366,0.07873791085358628,24,24,22032,14852
CAMELS-BR v1.2,871,12,0.5158099077203944,0.46820473036751453,0.09229209567390706,24,24,25296,17776
CAMELS-BR v1.2,872,12,0.4825298511821055,0.42462300098709926,0.12000677274814309,24,24,24120,15541
CAMELS-BR v1.2,873,12,0.3616773688856696,0.30623255914365916,0.15329908507362866,24,24,22704,16396
CAMELS-BR v1.2,874,12,0.43476182547071646,0.39799312262106784,0.08457205921849087,24,24,25776,17518
CAMELS-BR v1.2,875,12,0.6274912717414765,0.5603189623163395,0.10704899406602686,24,24,23832,16058
CAMELS-BR v1.2,876,12,0.5663772237785035,0.5252029388583143,0.07269763541249241,24,24,19824,13730
CAMELS-BR v1.2,877,12,0.5806758646780381,0.5172022933317914,0.10930981500572678,24,24,24024,16221
CAMELS-BR v1.2,878,12,0.5171572144774663,0.44159147354065614,0.1461175418642502,24,24,18288,12407
CAMELS-BR v1.2,879,12,0.6357674319855304,0.4781654365350909,0.2478925272378948,24,24,24672,14618
CAMELS-BR v1.2,880,12,0.5327072402652338,0.4653137204875209,0.12651136437371824,24,24,22128,14219
CAMELS-BR v1.2,881,12,0.5929619908702881,0.5808761132212538,0.020382213084680134,24,24,16320,11708
CAMELS-BR v1.2,882,12,0.6259375176239477,0.5636351584924892,0.09953447009848126,24,24,21768,14988
CAMELS-BR v1.2,883,12,0.552840317219457,0.5113913282482841,0.07497461324753418,24,24,20664,13945
CAMELS-BR v1.2,884,12,0.3763833189582076,0.33311137714150657,0.1149677460108316,24,24,27600,19268
CAMELS-BR v1.2,885,12,0.5250746692084074,0.46295179874428727,0.11831244984218225,24,24,21360,14217
CAMELS-BR v1.2,886,12,0.5900440739467926,0.5116100009077403,0.13292917682302674,24,24,18288,12095
CAMELS-BR v1.2,887,12,0.5027913777767576,0.433196259862247,0.13841748484678917,24,24,25944,16622
CAMELS-BR v1.2,888,12,0.5465091367099497,0.49857340836951763,0.08771258359743239,24,24,25632,17683
CAMELS-BR v1.2,889,12,0.4658907292466515,0.3763985574847157,0.192088329181062,24,24,18984,13379
CAMELS-BR v1.2,890,12,0.5756581364561031,0.48252920031061847,0.16177819828763285,24,24,21216,14256
CAMELS-BR v1.2,891,12,0.5185255215208728,0.43655220841746684,0.15808925443625677,24,24,24456,15328
CAMELS-BR v1.2,892,12,0.4850128129911028,0.4051265036968686,0.16470968839270583,24,24,20448,14557
CAMELS-BR v1.2,893,12,0.5925402909932326,0.5277758932106034,0.10929956792316908,24,24,18696,12787
CAMELS-BR v1.2,894,12,0.5282453408961885,0.4259355255317618,0.19367859485680305,24,24,24672,16451
CAMELS-BR v1.2,895,12,0.5376647811734085,0.46987050496517396,0.12609023053412427,24,24,24360,15816
CAMELS-BR v1.2,896,12,0.5290067042455268,0.4281450447052555,0.19066234648976876,24,24,23328,14164
CAMELS-BR v1.2,897,12,0.6388902584410123,0.5808492256028982,0.0908466392643753,24,24,22728,15278
CAMELS-BR v1.2,898,12,0.5108311910846438,0.4652463513418289,0.089236602107293,24,24,27360,18541
CAMELS-BR v1.2,899,12,0.5275672614724747,0.45111167170254574,0.14492102780702576,24,24,22968,14441
CAMELS-BR v1.2,900,12,0.4180175886136531,0.3514339190691548,0.15928437309377752,24,24,29304,20087
CAMELS-BR v1.2,901,12,0.5505325551278463,0.4992232934493033,0.0931993234562265,24,24,20592,14973
CAMELS-BR v1.2,902,12,0.5392630372393757,0.4636397488625638,0.14023451109118612,24,24,25584,16593
CAMELS-BR v1.2,903,12,0.5294155778275776,0.46646520774044653,0.11890539818537993,24,24,20664,14085
CAMELS-BR v1.2,904,12,0.43014556778554697,0.39189587584181723,0.08892266899469592,24,24,23160,15655
CAMELS-BR v1.2,905,12,0.4729142819631794,0.39616436614449557,0.16229138925573727,24,24,21048,14084
CAMELS-BR v1.2,906,12,0.648728771080253,0.5694107270107871,0.12226688194726854,24,24,24960,16854
CAMELS-BR v1.2,907,12,0.4937774890124065,0.4326733390448575,0.12374835088120772,24,24,25152,17269
CAMELS-BR v1.2,908,12,0.5704062355830176,0.4675410361501572,0.1803367372513397,24,24,18576,12283
CAMELS-BR v1.2,909,12,0.5109857076639875,0.42060857139259056,0.17686822726327,24,24,21456,13689
CAMELS-BR v1.2,910,12,0.44860804578110525,0.3859217210326795,0.1397351771506412,24,24,24144,15932
CAMELS-BR v1.2,911,12,0.7041193039234566,0.6297264977166857,0.10565369503753586,24,24,19128,13026
CAMELS-BR v1.2,912,12,0.5554319587469856,0.4848466236006288,0.12708187570911877,24,24,17784,12172
CAMELS-BR v1.2,913,12,0.47973308245727875,0.4184195203828737,0.12780765870960153,24,24,19608,13106
CAMELS-BR v1.2,914,12,0.540601636344061,0.4645028924572751,0.14076676571203262,24,24,20184,12901
CAMELS-BR v1.2,915,12,0.5546806559489207,0.4910900432501206,0.1146436458830754,24,24,20568,13684
CAMELS-BR v1.2,916,12,0.5773948115515022,0.5084752473720334,0.11936297798429607,24,24,20160,13690
CAMELS-BR v1.2,917,12,0.5546333210370076,0.49555512563171705,0.10651757325872702,24,24,27120,18958
CAMELS-BR v1.2,918,12,0.4513643373972297,0.391415892358955,0.13281608685339308,24,24,25704,16831
CAMELS-BR v1.2,919,12,0.5725357654503919,0.4652190973059554,0.18744098556011535,24,24,17496,10688
CAMELS-BR v1.2,920,12,0.5691435061372169,0.48054843431192,0.1556638543178549,24,24,16512,10739
CAMELS-BR v1.2,921,12,0.6600349235873842,0.6020754014832189,0.08781281116027473,24,24,19128,13257
CAMELS-BR v1.2,922,12,0.4548055337884321,0.40868278694301197,0.1014120177061778,24,24,26208,18730
CAMELS-BR v1.2,923,12,0.4370212604122182,0.3974423008288571,0.09056529548706271,24,24,20088,13826
CAMELS-BR v1.2,924,12,0.5125583113770822,0.41669819008214537,0.187022859969612,24,24,29280,18294
CAMELS-BR v1.2,925,12,0.498864688274222,0.4397065443974897,0.11858555088632272,24,24,19824,13183
CAMELS-BR v1.2,926,12,0.6288405779352497,0.6092121342153966,0.0312137040906324,24,24,15960,11094
CAMELS-BR v1.2,927,12,0.4240730107840846,0.37347899463915374,0.11930496602786789,24,24,24600,17550
CAMELS-BR v1.2,928,12,0.4769771976707913,0.4454718866030829,0.06605202768928442,24,24,17880,12836
CAMELS-BR v1.2,929,12,0.5289364627782019,0.4645367676044991,0.12175317775493855,24,24,18984,13146
CAMELS-BR v1.2,930,12,0.5876613276186383,0.5104776508802069,0.13134040494241883,24,24,22992,15445
CAMELS-BR v1.2,931,12,0.5709979269767352,0.47401555722567884,0.16984714859570382,24,24,20976,13341
CAMELS-BR v1.2,932,12,0.6167483155620196,0.560472830818237,0.09124546159887104,24,24,16176,10531
CAMELS-BR v1.2,933,12,0.4421939850645423,0.40307158802295895,0.08847338128281668,24,24,21072,13845
CAMELS-BR v1.2,934,12,0.5981569360643155,0.5351154331061438,0.10539291473064738,24,24,19512,12876
CAMELS-BR v1.2,935,12,0.46194825637601933,0.38933855608372914,0.15718145764184233,24,24,16896,11407
CAMELS-BR v1.2,936,12,0.6312935940757167,0.5718531223681156,0.09415662104829137,24,24,22608,15169
CAMELS-BR v1.2,937,12,0.40131603735193994,0.33512877985529976,0.1649255233689958,24,24,20760,15346
CAMELS-BR v1.2,938,12,0.5352765105563001,0.487105008633841,0.0899936779822369,24,24,18408,13016
CAMELS-BR v1.2,939,12,0.5215147370701739,0.47113684749542833,0.0965991677584499,24,24,17160,11624
CAMELS-BR v1.2,940,12,0.5287661456177317,0.43798612066443415,0.171682748045913,24,24,25368,15855
CAMELS-BR v1.2,941,12,0.4081942681282474,0.3726672212769277,0.08703465390199383,24,24,26040,17544
CAMELS-BR v1.2,942,12,0.5542119609284387,0.4328678810383435,0.2189488651360295,24,24,18240,11436
CAMELS-BR v1.2,943,12,0.5079615935623903,0.4547047145012286,0.10484430267191147,24,24,22296,15960
CAMELS-BR v1.2,944,12,0.4712898433511925,0.4204418306344289,0.10789117023019101,24,24,21600,15442
CAMELS-BR v1.2,945,12,0.5673346674433329,0.5158037523571216,0.0908298365027348,24,24,21624,14955
CAMELS-BR v1.2,946,12,0.629295105957443,0.5820951349342963,0.07500450992914387,24,24,14808,10556
CAMELS-BR v1.2,947,12,0.5352631224082023,0.4859848169624102,0.09206370359326099,24,24,26400,18007
CAMELS-BR v1.2,948,12,0.5181458852212548,0.4700024587734973,0.09291480994237689,24,24,26592,17832
CAMELS-BR v1.2,949,12,0.38786673738667127,0.3413039301056601,0.12004846714811701,24,24,24336,17102
CAMELS-BR v1.2,950,12,0.600870576807651,0.5345613847156571,0.11035519902519819,24,24,21696,14540
CAMELS-BR v1.2,951,12,0.4897444831598248,0.40953357501274407,0.16378113670533057,24,24,22800,15558
CAMELS-BR v1.2,952,12,0.4617540062910994,0.4209594429757679,0.08834696128140096,24,24,27600,18642
CAMELS-BR v1.2,953,12,0.602759954504622,0.5396964103304867,0.10462464153904205,24,24,22896,15349
CAMELS-BR v1.2,954,12,0.6350910336762564,0.5712377621393319,0.100541919427372,24,24,23040,15292
CAMELS-BR v1.2,955,12,0.5861579653445214,0.5222541760828494,0.10902144650395007,24,24,21096,14563
CAMELS-BR v1.2,956,12,0.4827453816801818,0.39737340216631933,0.17684680735158487,24,24,21312,13736
CAMELS-BR v1.2,957,12,0.4470070158037701,0.3664664321233542,0.18017744874897468,24,24,24048,16990
CAMELS-BR v1.2,958,12,0.528681626013645,0.4834349931337567,0.08558389520940246,24,24,19176,13263
CAMELS-BR v1.2,959,12,0.5683163420784917,0.5113566570569708,0.10022531608576213,24,24,22752,15770
CAMELS-BR v1.2,960,12,0.4850946169246611,0.44153407435143166,0.08979803331850766,24,24,23136,16448
CAMELS-BR v1.2,961,12,0.5547718314296429,0.4569986321554016,0.17624038160387578,24,24,25080,15846
CAMELS-BR v1.2,962,12,0.5588603634662965,0.47131114469975766,0.1566566972535327,24,24,27456,17795
CAMELS-BR v1.2,963,12,0.5633328800505597,0.47885972681219047,0.14995246368503767,24,24,22128,14544
CAMELS-BR v1.2,964,12,0.4656626986839005,0.38780482807195493,0.16719799724563456,24,24,18024,11840
CAMELS-BR v1.2,965,12,0.41817393195361097,0.3498770794438217,0.16332164032971241,24,24,27312,18085
CAMELS-BR v1.2,966,12,0.6559891338532748,0.5670773857767345,0.13553844642863744,24,24,19080,12196
CAMELS-BR v1.2,967,12,0.5361253795083919,0.47163405073664727,0.12029150500370067,24,24,28728,18890
CAMELS-BR v1.2,968,12,0.47951493464639344,0.43538861175901905,0.09202283328237582,24,24,26616,18682
CAMELS-BR v1.2,969,12,0.619167310221815,0.5154833188899003,0.16745714707511006,24,24,23616,14641
CAMELS-BR v1.2,970,12,0.6310795552044157,0.5742347941875194,0.0900754279680055,24,24,19080,13068
CAMELS-BR v1.2,971,12,0.45952245442125755,0.4285246208418842,0.06745662433060728,24,24,21888,14855
CAMELS-BR v1.2,972,12,0.5328412709554615,0.47528407138677126,0.1080194097305599,24,24,22896,15533
CAMELS-BR v1.2,973,12,0.5624956340213797,0.5188046810989058,0.07767340807628975,24,24,17976,12511
CAMELS-BR v1.2,974,12,0.4446649792292172,0.3735395611638693,0.1599528215346231,24,24,18816,13903
CAMELS-BR v1.2,975,12,0.7186485052603135,0.6655579107135162,0.07387560700145968,24,24,16464,10863
CAMELS-BR v1.2,976,12,0.6242537470253897,0.5552155544559292,0.11059315686679028,24,24,18696,12729
CAMELS-BR v1.2,977,12,0.48355355871359634,0.4283246451690464,0.11421467704937616,24,24,23712,17332
CAMELS-BR v1.2,978,12,0.5299766166682008,0.47201562400272423,0.10936518865654765,24,24,20256,13546
CAMELS-BR v1.2,979,12,0.4716048888611452,0.4019595528761709,0.14767729858177958,24,24,21480,14218
CAMELS-BR v1.2,980,12,0.4749424904857219,0.4054304731491731,0.1463588091801581,24,24,19008,13062
CAMELS-BR v1.2,981,12,0.6229431133900233,0.5850959216264214,0.06075545414996153,24,24,14184,10063
CAMELS-BR v1.2,982,12,0.4793814047317545,0.4369556790167639,0.08850098334275314,24,24,23616,16589
CAMELS-BR v1.2,983,12,0.4705776244728488,0.43758813501466215,0.07010424580884433,24,24,18816,13038
CAMELS-BR v1.2,984,12,0.6261700407451721,0.5636000536146676,0.09992491345648424,24,24,19848,13572
CAMELS-BR v1.2,985,12,0.6003073243058886,0.5167651941042836,0.13916560204925288,24,24,24288,16515
CAMELS-BR v1.2,986,12,0.4845165505366336,0.39147141643090716,0.19203706045267788,24,24,17760,12549
CAMELS-BR v1.2,987,12,0.5749666433468632,0.4937115681384552,0.14132137255028343,24,24,17520,11247
CAMELS-BR v1.2,988,12,0.554538555893339,0.5136976294269766,0.07364848851775385,24,24,20112,13854
CAMELS-BR v1.2,989,12,0.4819577381817175,0.398767061724772,0.1726098988903032,24,24,24672,15711
CAMELS-BR v1.2,990,12,0.4880180022082184,0.44715712715766653,0.08372821261851338,24,24,24936,17570
CAMELS-BR v1.2,991,12,0.5211496253102912,0.476328578138399,0.08600418189921144,24,24,21648,14993
CAMELS-BR v1.2,992,12,0.5686723265371253,0.5098977596429469,0.10335401276176104,24,24,24360,17095
CAMELS-BR v1.2,993,12,0.5069346534443506,0.44618077999869193,0.11984557187572109,24,24,21264,14283
CAMELS-BR v1.2,994,12,0.5507657831424807,0.4881239920749007,0.11373580746096357,24,24,22176,14724
CAMELS-BR v1.2,995,12,0.5395364937983411,0.47208888303912727,0.1250102848175888,24,24,17232,11615
CAMELS-BR v1.2,996,12,0.6824575253896704,0.5863973724906922,0.14075623657916236,24,24,21648,13584
CAMELS-BR v1.2,997,12,0.4981594557738056,0.4350670331741023,0.1266510589499903,24,24,21576,14352
CAMELS-BR v1.2,998,12,0.6332864646998878,0.5742661488108793,0.09319686931407567,24,24,18792,12428
CAMELS-BR v1.2,999,12,0.48115028428964396,0.387742853527866,0.19413358738773667,24,24,25368,15329
CAMELS-AUS v2,0,12,0.37470340261624546,0.3452483719787621,0.07860892223508809,24,24,11472,8035
CAMELS-AUS v2,1,12,0.34421554105128205,0.33406910815371943,0.029476974998206118,24,24,15624,10148
CAMELS-AUS v2,2,12,0.3670048003252154,0.32343581976074354,0.11871501551441255,24,24,11472,7766
CAMELS-AUS v2,3,12,0.3027927666299983,0.3095063535438471,-0.022172216954087665,24,24,15072,9756
CAMELS-AUS v2,4,12,0.4209266339673323,0.37658562407567775,0.10534142131546809,24,24,10248,6809
CAMELS-AUS v2,5,12,0.36794706206698974,0.3334143934754789,0.09385227428510812,24,24,13176,8863
CAMELS-AUS v2,6,12,0.3624309199201327,0.3589533284537078,0.009595184282817915,24,23,9912,6446
CAMELS-AUS v2,7,12,0.3792562466100171,0.3461193392563521,0.08737339898778029,24,24,14808,9370
CAMELS-AUS v2,8,12,0.4351253384297794,0.3210266990198117,0.2622201681513452,24,23,9312,6416
CAMELS-AUS v2,9,12,0.38531281441513077,0.348912329398273,0.09446995701949423,24,24,14520,9541
CAMELS-AUS v2,10,12,0.3412561516596018,0.3327364274779105,0.024965774654194806,24,24,18192,12129
CAMELS-AUS v2,11,12,0.36356221116514714,0.35252116243268583,0.030369076855036314,24,24,13488,9211
CAMELS-AUS v2,12,12,0.3046334595923855,0.2765130181440802,0.09230910316263963,24,24,14064,9662
CAMELS-AUS v2,13,12,0.3317396062847762,0.31417920310062764,0.05293429802009886,24,24,23736,16086
CAMELS-AUS v2,14,12,0.38270465102543605,0.35322643362087125,0.07702602339840803,24,24,15336,10072
CAMELS-AUS v2,15,12,0.26857406700755626,0.2625339859452191,0.022489442594497477,24,24,14496,9350
CAMELS-AUS v2,16,12,0.3631035168148622,0.3267558363505654,0.10010280479555267,24,23,12144,7541
CAMELS-AUS v2,17,12,0.368115416151061,0.2654804014618885,0.27881205237830864,24,23,9768,6266
CAMELS-AUS v2,18,12,0.3549695917724643,0.34262761381693274,0.03476911330321153,24,24,21960,14856
CAMELS-AUS v2,19,12,0.3336994695577095,0.32334346666088704,0.031033920762740475,24,24,15960,10680
CAMELS-AUS v2,20,12,0.38577549019449464,0.3424339286143555,0.11234918412854022,24,24,21384,13943
CAMELS-AUS v2,21,12,0.37404369404215526,0.32650373159219875,0.1270973504090105,24,24,14952,9550
CAMELS-AUS v2,22,12,0.39887669298715184,0.36884574092531835,0.07528881127883003,24,24,13056,8504
CAMELS-AUS v2,23,12,0.361585707167322,0.3450786114433829,0.045651958572301976,24,24,12888,8438
CAMELS-AUS v2,24,12,0.37834525291184057,0.32907948936380005,0.1302137747702099,24,23,10176,6446
CAMELS-AUS v2,25,12,0.3429079126904838,0.30465220625466205,0.11156262372502379,24,22,9648,6129
CAMELS-AUS v2,26,12,0.46920162603749616,0.36122353554374664,0.23013153514757956,24,22,8520,5461
CAMELS-AUS v2,27,12,0.35574739361659813,0.33729452920999864,0.05187069459316074,24,24,20328,13474
CAMELS-AUS v2,28,12,0.43294542332187946,0.4025033530975062,0.07031387464682981,24,24,15336,10514
CAMELS-AUS v2,29,12,0.4090392900118898,0.32192777671924033,0.21296612677505222,24,22,8952,5854
CAMELS-AUS v2,30,12,0.3390227345797843,0.3131618446798719,0.07628069525180003,24,24,14112,9208
CAMELS-AUS v2,31,12,0.34031193332873766,0.31311507368592423,0.07991744331968975,24,23,9672,6579
CAMELS-AUS v2,32,12,0.4365693779365982,0.4234315264360554,0.030093387590851117,24,24,11448,7916
CAMELS-AUS v2,33,12,0.40768524659753635,0.37658595050377386,0.07628261349487453,24,24,14448,9332
CAMELS-AUS v2,34,12,0.3251632226466491,0.33021505858633443,-0.01553630788428717,24,24,15072,10173
CAMELS-AUS v2,35,12,0.28823306021929523,0.2784760635639209,0.03385106707728447,24,24,16992,11366
CAMELS-AUS v2,36,12,0.3600355428260179,0.3364302638524993,0.06556374625747863,24,24,17328,11407
CAMELS-AUS v2,37,12,0.3787741009563866,0.3371338855856692,0.10993416726639393,24,24,15384,9822
CAMELS-AUS v2,38,12,0.4482526553949941,0.39183660918276725,0.12585769550548187,24,24,10248,6794
CAMELS-AUS v2,39,12,0.3388080529976765,0.3185452426487433,0.059806165082717744,24,24,13728,8821
CAMELS-AUS v2,40,12,0.32887313985874955,0.2729987119695616,0.16989659877114294,24,24,15696,9997
CAMELS-AUS v2,41,12,0.4114327065265717,0.32645361191538264,0.2065443346218292,24,23,9240,6352
CAMELS-AUS v2,42,12,0.30914086548886205,0.298071031499859,0.03580838130700614,24,24,13824,9594
CAMELS-AUS v2,43,12,0.40545314184911513,0.3675646197570404,0.09344735107805502,24,24,11184,7413
CAMELS-AUS v2,44,12,0.42948902971273656,0.31711115550289687,0.2616548187156341,24,22,4200,3066
CAMELS-AUS v2,45,12,0.3130721471761337,0.306089071158921,0.022305005667859867,24,24,18384,11878
CAMELS-AUS v2,46,12,0.39702611896011525,0.3446842070054809,0.13183493340873254,24,24,18504,11954
CAMELS-AUS v2,47,12,0.5139465282356925,0.3771838904536772,0.26610285364024666,24,22,4440,3221
CAMELS-AUS v2,48,12,0.38840827550641244,0.35073449477933605,0.09699530906738985,24,24,11904,7884
CAMELS-AUS v2,49,12,0.3822115682904182,0.3608184052487176,0.05597204484780349,24,24,11616,7679
CAMELS-AUS v2,50,12,0.45780925487542157,0.39308345729117344,0.1413815839128486,24,24,14832,9827
CAMELS-AUS v2,51,12,0.34374021424123774,0.3171123423716457,0.07746510523468908,24,24,18000,11418
CAMELS-AUS v2,52,12,0.3687178342832029,0.3405766452034079,0.07632174650434853,24,24,10704,6963
CAMELS-AUS v2,53,12,0.3080044215081908,0.3005149037753704,0.02431626694236022,24,24,17328,11967
CAMELS-AUS v2,54,12,0.38029639956373756,0.3455607633034003,0.09133832531726505,24,24,13608,8835
CAMELS-AUS v2,55,12,0.3243649280187016,0.3017632742174039,0.0696797090220388,24,23,10560,7123
CAMELS-AUS v2,56,12,0.43459516671703197,0.3718050668087667,0.14447951730017372,24,24,13944,9223
CAMELS-AUS v2,57,12,0.4202816511309833,0.38472937509176447,0.08459154936587698,24,24,16848,11110
CAMELS-AUS v2,58,12,0.4099500532046912,0.31824054392731865,0.2237089824978783,24,23,7872,5501
CAMELS-AUS v2,59,12,0.37376271901117064,0.32922137379214866,0.11917011235593766,24,24,11712,7231
CAMELS-AUS v2,60,12,0.37876863034133734,0.26643626675910087,0.296572510455803,24,23,10704,6669
CAMELS-AUS v2,61,12,0.3559772500225104,0.3235468499435507,0.0911024512856059,24,22,8256,5470
CAMELS-AUS v2,62,12,0.4096574990258381,0.3342410870990564,0.18409625627779602,24,24,12432,7813
CAMELS-AUS v2,63,12,0.37809975310144406,0.3337309247250434,0.11734688534561544,24,24,13752,9338
CAMELS-AUS v2,64,12,0.36181679763186053,0.3404685594455513,0.0590028940779872,24,24,21120,13889
CAMELS-AUS v2,65,12,0.49233253201613686,0.4364111505479769,0.11358457512274867,24,23,9096,6044
CAMELS-AUS v2,66,12,0.3005227638310576,0.27896205177123456,0.07174402293179905,24,23,13176,8226
CAMELS-AUS v2,67,12,0.31938975633256894,0.3249185654427602,-0.01731053986726594,24,24,14592,9509
CAMELS-AUS v2,68,12,0.3712609377473285,0.3196493496184271,0.13901701709331726,24,24,13752,8801
CAMELS-AUS v2,69,12,0.37954500527469665,0.3593759118785539,0.05314018921562502,24,24,14400,9597
CAMELS-AUS v2,70,12,0.460730118006292,0.3379072649227087,0.26658307821305904,24,24,8616,6732
CAMELS-AUS v2,71,12,0.39415614106336466,0.3556567948201777,0.0976753682926833,24,24,12672,8651
CAMELS-AUS v2,72,12,0.4178694516727228,0.34607373171805583,0.17181375586865755,24,24,11472,7431
CAMELS-AUS v2,73,12,0.4063853561690146,0.35422980564610596,0.12834013266269684,24,24,11352,7425
CAMELS-AUS v2,74,12,0.3157096649208864,0.30706365471527824,0.0273859535081854,24,24,11064,7259
CAMELS-AUS v2,75,12,0.30817145542634317,0.31236653091589894,-0.013612797083208283,24,24,14112,9064
CAMELS-AUS v2,76,12,0.39792676614921796,0.3730135056794583,0.06260765193266116,24,24,13920,9311
CAMELS-AUS v2,77,12,0.3609590211412416,0.33384545125162773,0.07511536850883826,24,24,20016,12660
CAMELS-AUS v2,78,12,0.3588695281630208,0.345637939433828,0.03687019289969429,24,24,16536,10616
CAMELS-AUS v2,79,12,0.41013524752692393,0.3789735532151672,0.07597906909893448,24,24,15648,10704
CAMELS-AUS v2,80,12,0.38423534184958835,0.34419616546094556,0.10420482456378621,24,24,17352,11323
CAMELS-AUS v2,81,12,0.2706397547407499,0.2616431580651602,0.03324196286021508,24,24,14592,9364
CAMELS-AUS v2,82,12,0.3162074258694198,0.31319492547474714,0.009526975485758205,24,24,17712,11694
CAMELS-AUS v2,83,12,0.3696163085898873,0.3386856946717276,0.08368303345748518,24,24,10296,7223
CAMELS-AUS v2,84,12,0.33745549548911247,0.2894696293223781,0.1421990953123553,24,24,17232,10826
CAMELS-AUS v2,85,12,0.33028122969563617,0.3249958667924991,0.016002613615093142,24,24,18528,12534
CAMELS-AUS v2,86,12,0.3883274738089419,0.35092230201002955,0.09632378423298416,24,24,15120,9640
CAMELS-AUS v2,87,12,0.452462126717089,0.39445955203490374,0.12819321498361025,24,24,9984,6623
CAMELS-AUS v2,88,12,0.3890605521028149,0.3446791534087634,0.11407324246618333,24,24,15984,10497
CAMELS-AUS v2,89,12,0.5116493975868177,0.3991408114564198,0.21989390911245477,24,22,6048,3909
CAMELS-AUS v2,90,12,0.3903200430302389,0.35911212791995883,0.07995468249080484,24,24,13464,8879
CAMELS-AUS v2,91,12,0.39342489109238477,0.33767974905097675,0.14169195519537636,24,24,12096,8066
CAMELS-AUS v2,92,12,0.38887089327022534,0.32120744828995595,0.17399976740673728,24,24,15720,10168
CAMELS-AUS v2,93,12,0.3615344192273455,0.3407605962939004,0.057460152695397615,24,24,19104,12356
CAMELS-AUS v2,94,12,0.4314231790980286,0.3680379355160972,0.1469212751026734,24,24,12000,7908
CAMELS-AUS v2,95,12,0.34576706434177534,0.3322865163931998,0.03898736848819884,24,24,11352,7810
CAMELS-AUS v2,96,12,0.38172462985838607,0.3329713515921642,0.1277184505603125,24,23,10800,6839
CAMELS-AUS v2,97,12,0.350100498994903,0.32066903607920366,0.08406575540507244,24,24,14712,9360
CAMELS-AUS v2,98,12,0.3361967793577796,0.33371048419569427,0.0073953568705648065,24,24,12264,8290
CAMELS-AUS v2,99,12,0.3179270352577268,0.30516156114969467,0.04015221321987872,24,24,15480,9864
CAMELS-AUS v2,100,12,0.35462147071874783,0.3379880094284692,0.046904834206924595,24,22,7248,4701
CAMELS-AUS v2,101,12,0.36790867719462533,0.3053251229878821,0.17010621952152605,24,24,9744,6920
CAMELS-AUS v2,102,12,0.3707333533938438,0.35668473100808573,0.037894142129784814,24,23,9864,6446
CAMELS-AUS v2,103,12,0.37525637430905434,0.33650077991364163,0.1032776444284843,24,24,12360,8020
CAMELS-AUS v2,104,12,0.34331752778978075,0.3060681342678921,0.10849837397377837,24,24,12600,7933
CAMELS-AUS v2,105,12,0.34575993953927303,0.23935285379691468,0.3077484508012882,24,22,6792,4439
CAMELS-AUS v2,106,12,0.331466109832973,0.28851702754502295,0.12957307252193062,24,23,12672,8280
CAMELS-AUS v2,107,12,0.42634020682542384,0.29892813673201046,0.2988507019831361,24,24,5640,4440
CAMELS-AUS v2,108,12,0.3415345830003745,0.29172001151101484,0.14585513142399698,24,23,11664,7567
CAMELS-AUS v2,109,12,0.2664341874367171,0.27125547193176214,-0.01809559254174231,24,24,16584,11281
CAMELS-AUS v2,110,12,0.4591026665772367,0.31159133118400767,0.321303590965775,24,23,3984,2977
CAMELS-AUS v2,111,12,0.4390950690753365,0.3546603881800328,0.19229248252117592,24,23,7536,5234
CAMELS-AUS v2,112,12,0.32765179188521354,0.32730204821993997,0.0010674248514291884,24,24,12744,8637
CAMELS-AUS v2,113,12,0.42488856912304934,0.377211458480267,0.11221085740476788,24,24,11304,7421
CAMELS-AUS v2,114,12,0.3656811742553898,0.34025705482836016,0.06952537132598902,24,24,16464,10874
CAMELS-AUS v2,115,12,0.44415931005143233,0.3168261644748796,0.28668350003022103,24,24,11640,7358
CAMELS-AUS v2,116,12,0.33845420863004955,0.32672424022712576,0.034657475380208136,24,24,20088,13763
CAMELS-AUS v2,117,12,0.29853785348460954,0.2872102687976961,0.037943545700134806,24,24,16752,11872
CAMELS-AUS v2,118,12,0.45724511864020223,0.3511219339300149,0.2320925481408883,24,22,8328,5358
CAMELS-AUS v2,119,12,0.359270374383659,0.3317975703155575,0.07646832588195462,24,24,21456,13827
CAMELS-AUS v2,120,12,0.35116062939972637,0.32004410095117447,0.08861052704496641,24,24,14760,9516
CAMELS-AUS v2,121,12,0.3500661404428056,0.33722961680817587,0.03666885240141349,24,24,12576,8392
CAMELS-AUS v2,122,12,0.32416136178857136,0.2947614474160233,0.09069530745531496,24,23,10752,7213
CAMELS-AUS v2,123,12,0.3856359216975476,0.3442042550589077,0.10743725962109552,24,24,12192,8229
CAMELS-AUS v2,124,12,0.4516322831839855,0.4095970651143843,0.0930739888062363,24,24,12024,7800
CAMELS-AUS v2,125,12,0.35602961001650296,0.32452243818303766,0.08849593108844189,24,24,18600,11852
CAMELS-AUS v2,126,12,0.3712645578201352,0.3399653893897808,0.08430421857159254,24,24,13152,8415
CAMELS-AUS v2,127,12,0.3533121681261948,0.3456391493265843,0.021717391847285272,24,24,11040,7195
CAMELS-AUS v2,128,12,0.4143256601746407,0.3726465186898804,0.10059512477984656,24,24,15792,10388
CAMELS-AUS v2,129,12,0.40806655325434027,0.30844768859647387,0.2441240622722045,24,23,8136,5607
CAMELS-AUS v2,130,12,0.389332178617469,0.37920252623226536,0.026018019936534298,24,24,14760,9860
CAMELS-AUS v2,131,12,0.39990732646875116,0.3440321441933497,0.13972032662864342,24,22,8160,5051
CAMELS-AUS v2,132,12,0.34731538651005184,0.29859376121611764,0.14028064170581778,24,23,12672,8122
CAMELS-AUS v2,133,12,0.320404324582211,0.289293829272461,0.09709761361778224,24,24,15240,10422
CAMELS-AUS v2,134,12,0.3741946290149433,0.3252967721916402,0.13067492965365468,24,23,10608,6642
CAMELS-AUS v2,135,12,0.34272910045094795,0.32641866756523913,0.04758986868710091,24,24,14568,9651
CAMELS-AUS v2,136,12,0.3290393567708906,0.31498862785199694,0.04270227445368224,24,24,20712,13502
CAMELS-AUS v2,137,12,0.27947625644218727,0.273602819740223,0.02101587010193573,24,24,12312,8045
CAMELS-AUS v2,138,12,0.4441493799364914,0.3307035388749626,0.255422716289169,24,22,7248,4792
CAMELS-AUS v2,139,12,0.4120334703480909,0.39155793677388007,0.04969385995975728,24,24,8208,5657
CAMELS-AUS v2,140,12,0.3183151130124463,0.3022457995629035,0.05048240813157523,24,23,12672,7954
CAMELS-AUS v2,141,12,0.45503627757335924,0.32694597034429657,0.2814947149096534,24,22,8112,5267
CAMELS-AUS v2,142,12,0.39716082746720993,0.3681089070063255,0.0731490077864817,24,24,12408,8105
CAMELS-AUS v2,143,12,0.4217902758623233,0.32936032122027303,0.21913723461993795,24,23,9720,6264
CAMELS-AUS v2,144,12,0.43625018037538627,0.35177095997620167,0.1936485626813761,24,24,9696,6360
CAMELS-AUS v2,145,12,0.4302984146536189,0.3716129383189911,0.13638320369334467,24,24,12168,8017
CAMELS-AUS v2,146,12,0.3185071033673434,0.31113935857249814,0.023132120812852985,24,24,14808,9845
CAMELS-AUS v2,147,12,0.3666775907183518,0.3441509313177301,0.06143451350951146,24,24,14280,9553
CAMELS-AUS v2,148,12,0.3910343792112537,0.3457682069944877,0.11576008305988694,24,24,13488,8638
CAMELS-AUS v2,149,12,0.4086586135537364,0.4037488948821125,0.012014230237137213,24,24,10728,7166
CAMELS-AUS v2,150,12,0.34123873425717843,0.3318178100000461,0.027608015478196357,24,24,13512,9538
CAMELS-AUS v2,151,12,0.3142579662248788,0.31306384091821965,0.003799825095936127,24,24,19416,12568
CAMELS-AUS v2,152,12,0.4278160942887308,0.3164426052586732,0.2603302926581632,24,22,7728,5157
CAMELS-AUS v2,153,12,0.38427596476365666,0.2961799473099419,0.2292519583104734,24,23,10872,7113
CAMELS-AUS v2,154,12,0.41145655121798047,0.38769701314176813,0.05774495024050563,24,24,9432,6513
CAMELS-AUS v2,155,12,0.34235269144832997,0.30549931860073637,0.10764738752800418,24,23,10752,7182
CAMELS-AUS v2,156,12,0.5055874668638058,0.4559879015341028,0.09810283794685937,24,24,9192,6139
CAMELS-AUS v2,157,12,0.41048455573652204,0.35110711333037525,0.14465207418000747,24,24,12024,7573
CAMELS-AUS v2,158,12,0.4115548918078372,0.3891086776747366,0.05454002510941158,24,24,10848,7173
CAMELS-AUS v2,159,12,0.316872394826801,0.307085229449866,0.030886771888995246,24,24,15216,10154
CAMELS-AUS v2,160,12,0.40735433332751875,0.3754098422389474,0.07841942131222523,24,23,8472,5645
CAMELS-AUS v2,161,12,0.37352947374668183,0.3411654141290406,0.0866439247564964,24,24,17784,11701
CAMELS-AUS v2,162,12,0.3995261128839342,0.33758816665278774,0.1550285306360938,24,23,11856,7401
CAMELS-AUS v2,163,12,0.3707232741073992,0.3201409652486527,0.13644222629543534,24,24,13512,8414
CAMELS-AUS v2,164,12,0.3972955612908159,0.3566879191109016,0.10221015822069546,24,22,8496,5414
CAMELS-AUS v2,165,12,0.37855725076057384,0.3587041651583726,0.052444076985221244,24,24,21216,14460
CAMELS-AUS v2,166,12,0.434593797568078,0.3576405882769595,0.17706927646399273,24,24,14496,9230
CAMELS-AUS v2,167,12,0.38514698409333564,0.3425250058327983,0.11066418801349986,24,24,15792,10196
CAMELS-AUS v2,168,12,0.34385381771688867,0.3160576106765573,0.08083727912312233,24,24,21024,14032
CAMELS-AUS v2,169,12,0.3643790524061699,0.3597078677913833,0.012819575065966426,24,24,14832,9956
CAMELS-AUS v2,170,12,0.316524437706583,0.3223615200997857,-0.01844117451245153,24,24,16224,10398
CAMELS-AUS v2,171,12,0.359601288601966,0.35678785815791086,0.007823749617230202,24,24,13776,8886
CAMELS-AUS v2,172,12,0.35091817244851187,0.34475906968327036,0.017551393027801065,24,24,16224,11121
CAMELS-AUS v2,173,12,0.32784564762569224,0.31972697398522776,0.02476370724839916,24,24,14352,9810
CAMELS-AUS v2,174,12,0.3787432370487098,0.36107946680667474,0.046637849905062145,24,24,14136,8997
CAMELS-AUS v2,175,12,0.4138667768496599,0.3416304676288304,0.17454000480707788,24,24,12600,8142
CAMELS-AUS v2,176,12,0.3942297921287689,0.37487267689159015,0.0491010969329686,24,24,14928,10034
CAMELS-AUS v2,177,12,0.3323802481895636,0.3142470413580263,0.05455560891571254,24,24,14496,8877
CAMELS-AUS v2,178,12,0.36446329780336034,0.35380497895741614,0.029243874239690104,24,22,10080,6217
CAMELS-AUS v2,179,12,0.33156112261388887,0.3287796177721318,0.00838911637115003,24,24,14832,9425
CAMELS-AUS v2,180,12,0.3338558461084416,0.32318256429009573,0.03196973167538608,24,24,13392,8571
CAMELS-AUS v2,181,12,0.2883415336047839,0.2895186848960741,-0.004082489527518662,24,24,22008,14151
CAMELS-AUS v2,182,12,0.3454588794385873,0.29995524849765237,0.1317193844167035,24,23,12888,7879
CAMELS-AUS v2,183,12,0.323154784051855,0.29742421871023744,0.07962303704434315,24,24,17400,11788
CAMELS-AUS v2,184,12,0.36491562881570544,0.28929690455699414,0.207222487302404,24,24,10608,7422
CAMELS-AUS v2,185,12,0.34300179673405257,0.31786217786263626,0.07329296554941478,24,23,9456,6251
CAMELS-AUS v2,186,12,0.33629646920001666,0.31564659830290015,0.06140376955559035,24,24,13896,8919
CAMELS-AUS v2,187,12,0.33987446186190945,0.29735349763405083,0.12510785304350058,24,23,11472,7537
CAMELS-AUS v2,188,12,0.34346729310035984,0.3184885897070803,0.07272512956854038,24,23,10512,6502
CAMELS-AUS v2,189,12,0.2932211853550949,0.29241429744841807,0.0027518063051947816,24,24,16224,10572
CAMELS-AUS v2,190,12,0.40655867160240905,0.29605942446360806,0.2717916376086128,24,21,2520,1751
CAMELS-AUS v2,191,12,0.3715085600049575,0.3039490088144001,0.18185193684273615,24,23,11160,7014
CAMELS-AUS v2,192,12,0.3502359623518282,0.33522091347463456,0.04287123679809424,24,24,11304,7919
CAMELS-AUS v2,193,12,0.40552714289189884,0.296664296263965,0.26844774397000926,24,23,10752,6817
CAMELS-AUS v2,194,12,0.3369758731257447,0.30567941262008913,0.09287448450048852,24,24,19560,12429
CAMELS-AUS v2,195,12,0.35295315736217364,0.32895064635623955,0.06800480603522285,24,24,15288,10020
CAMELS-AUS v2,196,12,0.35958346635831995,0.3519697189697614,0.021173797187247545,24,24,10944,7257
CAMELS-AUS v2,197,12,0.29013792330363036,0.29213475721992044,-0.006882360959757694,24,24,21312,14111
CAMELS-AUS v2,198,12,0.37783949675111983,0.34550452092849426,0.08557860176254783,24,24,12816,8057
CAMELS-AUS v2,199,12,0.3143625340750649,0.30108518255380484,0.042235794924880166,24,24,15888,10076
CAMELS-AUS v2,200,12,0.3893556484696027,0.3440330843062846,0.11640402377996184,24,24,14568,9403
CAMELS-AUS v2,201,12,0.3726415227616575,0.34034736435445323,0.08666280174005114,24,24,14928,9682
CAMELS-AUS v2,202,12,0.3878794416474436,0.3204330904859399,0.17388483100583585,24,24,10632,6677
CAMELS-AUS v2,203,12,0.33813785089331794,0.29078257464251683,0.14004725033205945,24,24,9864,7397
CAMELS-AUS v2,204,12,0.338247425702502,0.3217854448525767,0.048668458646020984,24,23,11184,6960
CAMELS-AUS v2,205,12,0.2882997576947675,0.28980384957322863,-0.005217111143234199,24,24,16632,10536
CAMELS-AUS v2,206,12,0.35047895286335806,0.31878943120224895,0.09041775947517161,24,24,14520,9134
CAMELS-AUS v2,207,12,0.325551655378204,0.32430775730789385,0.003820893089500954,24,24,19632,13087
CAMELS-AUS v2,208,12,0.4146696134981287,0.36264284093841276,0.12546560168906784,24,24,10848,7065
CAMELS-AUS v2,209,12,0.3326904227394139,0.3296470656930808,0.009147714626930759,24,24,16200,10853
CAMELS-AUS v2,210,12,0.3135912409502958,0.28391458653168833,0.09463483204657241,24,24,12984,8676
CAMELS-AUS v2,211,12,0.31251474914987143,0.2751154465165853,0.11967212022799822,24,24,12936,8445
CAMELS-AUS v2,212,12,0.31596638573853486,0.3031148176012638,0.040673846071416775,24,23,12384,7701
CAMELS-AUS v2,213,12,0.45208887685235694,0.33202943373449245,0.2655660186859087,24,22,9936,6234
CAMELS-AUS v2,214,12,0.3474987479978172,0.3494942788105417,-0.005742555402637128,24,24,14376,9773
CAMELS-AUS v2,215,12,0.35047096785484344,0.3282492566587968,0.06340528384436783,24,23,11832,7327
CAMELS-AUS v2,216,12,0.3799655719448751,0.35707582369681945,0.06024163750124312,24,24,11448,7851
CAMELS-AUS v2,217,12,0.3206289653772439,0.3158509310620243,0.014902066972015127,24,24,14424,10015
CAMELS-AUS v2,218,12,0.3134302939367287,0.30953862931526543,0.012416364010585657,24,24,12288,8296
CAMELS-AUS v2,219,12,0.3125438174386128,0.3144048906782754,-0.00595459943797505,24,23,14040,8658
CAMELS-AUS v2,220,12,0.3430498862543126,0.3337753015659469,0.02703567341074753,24,24,17808,12044
CAMELS-AUS v2,221,12,0.4304650277813338,0.37666279283291904,0.12498630893598406,24,24,13728,9166
CAMELS-AUS v2,222,12,0.3991847559937238,0.3816309118651408,0.0439742346495291,24,24,13776,9174
CAMELS-AUS v2,223,12,0.320257965831876,0.311748593169979,0.026570370044641134,24,24,17496,11659
CAMELS-AUS v2,224,12,0.3930440218442829,0.36013908234572434,0.08371820373748085,24,24,12000,7633
CAMELS-AUS v2,225,12,0.3872527192381593,0.3377266298806215,0.1278908756405126,24,24,14904,9825
CAMELS-AUS v2,226,12,0.3192788234406445,0.29025793333895866,0.09089512980832248,24,24,18696,11611
CAMELS-AUS v2,227,12,0.4086433824302945,0.39881809332557827,0.024043676044092632,24,24,10704,7193
CAMELS-AUS v2,228,12,0.4697268829397026,0.4156518818572538,0.11512009009156543,24,21,6480,4124
CAMELS-AUS v2,229,12,0.36985746967911154,0.3345359981862247,0.09550022478532538,24,24,13080,8656
CAMELS-AUS v2,230,12,0.3941256263049576,0.3626612763389531,0.07983330153127044,24,24,18792,12603
CAMELS-AUS v2,231,12,0.4280061138219501,0.38300054871118294,0.10515168745811276,24,24,13656,9158
CAMELS-AUS v2,232,12,0.2818539226405024,0.27050393240785753,0.04026905187734964,24,24,19968,12569
CAMELS-AUS v2,233,12,0.4156711487382107,0.3657577278613225,0.12007910827682589,24,24,13896,9142
CAMELS-AUS v2,234,12,0.38670998710049215,0.3414633320284245,0.11700410276786999,24,24,15720,10614
CAMELS-AUS v2,235,12,0.2968253659409403,0.2861062036270538,0.03611268962781056,24,24,14856,9554
CAMELS-AUS v2,236,12,0.3107365047694242,0.31083201124047666,-0.0003073551693686394,24,24,15792,9828
CAMELS-AUS v2,237,12,0.28560320182022403,0.28027046831624247,0.018671826751222143,24,24,10032,6869
CAMELS-AUS v2,238,12,0.29612765727223855,0.25614435658618845,0.13502048763142827,24,24,7560,5530
CAMELS-AUS v2,239,12,0.4548587839420853,0.3186547778566889,0.29944240035328973,24,23,9960,6172
CAMELS-AUS v2,240,12,0.38125488494643345,0.34811365803581956,0.08692669450063639,24,24,15432,10094
CAMELS-AUS v2,241,12,0.3994446962600926,0.37796016800861837,0.05378598953153935,24,24,9960,6440
CAMELS-AUS v2,242,12,0.3832579578849832,0.35627912778622095,0.07039339834623515,24,24,18216,12186
CAMELS-AUS v2,243,12,0.37428391995696253,0.36346345999936996,0.02890976443454152,24,24,12432,8255
CAMELS-AUS v2,244,12,0.3256766755127873,0.32167525314270956,0.01228648739974203,24,24,15096,9987
CAMELS-AUS v2,245,12,0.4130648341018568,0.33464092328067,0.18985859929642035,24,23,10080,6236
CAMELS-AUS v2,246,12,0.35879859952136534,0.34351113445114884,0.04260737107282431,24,24,16008,10655
CAMELS-AUS v2,247,12,0.3806348585323723,0.34567852242129166,0.09183692803613164,24,22,7440,4760
CAMELS-AUS v2,248,12,0.3712138351541147,0.34427696671953406,0.07256429013050503,24,24,21144,14379
CAMELS-AUS v2,249,12,0.3545744190425707,0.30678837815370297,0.1347701309584053,24,23,10344,6544
CAMELS-AUS v2,250,12,0.3030929135314655,0.2734656658465857,0.09774972083537037,24,24,13584,9125
CAMELS-AUS v2,251,12,0.3323278297107614,0.3186179082409664,0.04125420817668901,24,24,16440,10540
CAMELS-AUS v2,252,12,0.3744022890522115,0.3507115991665772,0.06327602842815583,24,24,12072,8290
CAMELS-AUS v2,253,12,0.3453173941276888,0.34283804107418636,0.007179925180906599,24,24,12744,8609
CAMELS-AUS v2,254,12,0.4476029598164771,0.3465525779328594,0.22575896711015864,24,21,5016,3202
CAMELS-AUS v2,255,12,0.4055155617687787,0.3250737160822483,0.198369318641334,24,24,9480,6689
CAMELS-AUS v2,256,12,0.3897222219260511,0.33546201790663016,0.13922789352698672,24,24,16872,10449
CAMELS-AUS v2,257,12,0.28934255250673274,0.29430821753669356,-0.017161889901573524,24,24,14880,10041
CAMELS-AUS v2,258,12,0.30979534263623076,0.30447985566458713,0.017158059660971725,24,24,17064,11438
CAMELS-AUS v2,259,12,0.3682336953958488,0.3325542976875492,0.09689335374359076,24,24,15096,9967
CAMELS-AUS v2,260,12,0.3783243276978384,0.34670895905341753,0.08356684022094285,24,24,13512,8840
CAMELS-AUS v2,261,12,0.34859490597898646,0.33696490432251563,0.03336251177798877,24,24,14760,9765
CAMELS-AUS v2,262,12,0.36754534543518635,0.33348126795678795,0.09267993160970478,24,24,14400,9129
CAMELS-AUS v2,263,12,0.40606533044023485,0.34089719601022506,0.16048682205732245,24,22,9192,5724
CAMELS-AUS v2,264,12,0.4189361650980683,0.37048253724074837,0.11565873728274922,24,24,12240,7953
CAMELS-AUS v2,265,12,0.38883006634922856,0.37406012796300897,0.03798558718695877,24,24,11640,7952
CAMELS-AUS v2,266,12,0.37977060135389173,0.3685301954604573,0.029597883178324236,24,24,14448,9771
CAMELS-AUS v2,267,12,0.31096175488498007,0.3058899416906138,0.01631008673797285,24,24,12984,8587
CAMELS-AUS v2,268,12,0.40488019263426,0.3173191208484233,0.21626415265251853,24,24,12048,7458
CAMELS-AUS v2,269,12,0.3374418265345374,0.31434756607353664,0.06843923498807003,24,24,13488,8852
CAMELS-AUS v2,270,12,0.45352297293730715,0.3412896531048103,0.2474699773323532,24,22,8400,5408
CAMELS-AUS v2,271,12,0.37369437139341405,0.3558937163412091,0.04763426054781272,24,24,14640,9378
CAMELS-AUS v2,272,12,0.356494304623333,0.33664643765564606,0.05567513059895279,24,24,13560,8968
CAMELS-AUS v2,273,12,0.3126377130144018,0.2962362632588628,0.052461520388563776,24,24,14856,9552
CAMELS-AUS v2,274,12,0.3006922700313638,0.27343358397331513,0.09065309878170602,24,24,10944,7508
CAMELS-AUS v2,275,12,0.51247476113576,0.4241795142975122,0.1722918932486851,24,21,5040,3255
CAMELS-AUS v2,276,12,0.3812292277177129,0.3579404796065507,0.06108856933814821,24,24,11976,7869
CAMELS-AUS v2,277,12,0.3258500977297794,0.2920166355037669,0.10383137050359237,24,24,16584,10458
CAMELS-AUS v2,278,12,0.3833757873773103,0.3467021574355093,0.09565974469250349,24,24,13680,8932
CAMELS-AUS v2,279,12,0.34529829078845997,0.3124214629259117,0.09521283116541568,24,24,15288,9535
CAMELS-AUS v2,280,12,0.2997048701355671,0.29451923122996415,0.017302484618475944,24,24,14568,9736
CAMELS-AUS v2,281,12,0.31343996385647516,0.279607019670041,0.10794074811062182,24,24,14016,9354
CAMELS-AUS v2,282,12,0.34189429634997276,0.3169121754999545,0.07306972101238529,24,24,11616,8076
CAMELS-AUS v2,283,12,0.4471972962842865,0.3228231376496099,0.2781192097270889,24,22,8592,5536
CAMELS-AUS v2,284,12,0.3053837127856938,0.28929458509843564,0.05268495670739615,24,24,21744,14089
CAMELS-AUS v2,285,12,0.3736206292656984,0.3400732801599161,0.08978987367939273,24,24,15384,9756
CAMELS-AUS v2,286,12,0.31289004751642946,0.31288383446379336,1.9856983900279346e-05,24,24,19848,13090
CAMELS-AUS v2,287,12,0.3037750930507146,0.3009359204499127,0.009346298184913837,24,24,24432,15584
CAMELS-AUS v2,288,12,0.4051040213971269,0.3971503148614912,0.01963373878196739,24,24,12600,8527
CAMELS-AUS v2,289,12,0.38089775000505255,0.3304891565858523,0.13234153632708923,24,23,11304,7223
CAMELS-AUS v2,290,12,0.3119648021081481,0.31078567843486954,0.003779668941208847,24,24,12816,8462
CAMELS-AUS v2,291,12,0.3790902810975508,0.35852055078545847,0.05426076936749302,24,24,13104,8392
CAMELS-AUS v2,292,12,0.39259622109246345,0.3593882889271591,0.08458546053473925,24,24,13848,9067
CAMELS-AUS v2,293,12,0.36885684557769505,0.32562194593265903,0.11721322286244285,24,22,8208,5103
CAMELS-AUS v2,294,12,0.36087430474090126,0.2678627602435225,0.257739449097543,24,23,10176,6621
CAMELS-AUS v2,295,12,0.41939811056237436,0.37542595852636174,0.1048458515396028,24,24,12480,8278
CAMELS-AUS v2,296,12,0.41846199692342,0.36182809061595467,0.13533823076849094,24,24,14592,9396
CAMELS-AUS v2,297,12,0.5567254589960923,0.4257741213873297,0.23521708140471753,24,21,5568,3525
CAMELS-AUS v2,298,12,0.34252357044157267,0.3341994704149161,0.02430226923048051,24,24,11976,7953
CAMELS-AUS v2,299,12,0.4157950650295449,0.36123866469138405,0.13120983130062946,24,24,14688,9488
CAMELS-AUS v2,300,12,0.3544464898192638,0.32996215889256547,0.06907765101350882,24,23,10128,6754
CAMELS-AUS v2,301,12,0.3470972757278632,0.3391748126445623,0.02282490712924068,24,24,17376,11345
CAMELS-AUS v2,302,12,0.3379527145623198,0.31756331627684214,0.060332103891764355,24,24,16944,10761
CAMELS-AUS v2,303,12,0.33607413808035314,0.310320649095256,0.07663038022562652,24,24,22632,15162
CAMELS-AUS v2,304,12,0.4081451515413687,0.3655394464854561,0.10438861002026179,24,22,8712,5435
CAMELS-AUS v2,305,12,0.34166241894437754,0.3212639461619958,0.0597035894243394,24,24,13656,8429
CAMELS-AUS v2,306,12,0.25613187752955874,0.24810924516969107,0.0313222720937647,24,23,8904,5900
CAMELS-AUS v2,307,12,0.3498579194640347,0.28882949905622873,0.17443772746747754,24,23,7224,5401
CAMELS-AUS v2,308,12,0.3825238437653063,0.35656464160971396,0.06786296482872145,24,24,17616,11667
CAMELS-AUS v2,309,12,0.4883383813482127,0.35014765812585397,0.28298149090972435,24,22,8592,5378
CAMELS-AUS v2,310,12,0.282522448172578,0.2907784096495607,-0.029222320316081962,24,24,15576,10183
CAMELS-AUS v2,311,12,0.4267289578955318,0.3735079854634886,0.1247184458596603,24,23,9120,6057
CAMELS-AUS v2,312,12,0.31169653047011137,0.2912411944759761,0.06562580585444389,24,24,16416,10666
CAMELS-AUS v2,313,12,0.32746787451369114,0.3192929046548182,0.024964188841465007,24,24,18480,12224
CAMELS-AUS v2,314,12,0.4531810843498559,0.4003483114339863,0.11658203473268236,24,24,11328,7594
CAMELS-AUS v2,315,12,0.3732323209558198,0.3257756181068671,0.127150571331603,24,24,13680,9044
CAMELS-AUS v2,316,12,0.33215785963911965,0.30809235478188585,0.07245201087031417,24,24,17496,11214
CAMELS-AUS v2,317,12,0.32818372117184913,0.2733453385208837,0.1670965959406926,24,24,14088,8920
CAMELS-AUS v2,318,12,0.35071825072509993,0.31876684968911245,0.09110276117632565,24,23,11808,7296
CAMELS-AUS v2,319,12,0.44692991527947007,0.34805751815021113,0.22122573081158148,24,22,8472,5386
CAMELS-AUS v2,320,12,0.34590969891503787,0.34538533163710405,0.001515907994423138,24,24,13512,9279
CAMELS-AUS v2,321,12,0.3345269680350489,0.33016660684805366,0.013034408593744162,24,24,14664,9720
CAMELS-AUS v2,322,12,0.3461274392574328,0.306536211205253,0.11438338473574106,24,24,16824,10884
CAMELS-AUS v2,323,12,0.3739821242892746,0.33079568171805485,0.11547729093547554,24,24,15240,9871
CAMELS-AUS v2,324,12,0.43957371041491633,0.3221457854689939,0.2671404639624182,24,22,6264,4188
CAMELS-AUS v2,325,12,0.4309656773824887,0.35480429147875947,0.1767226252594004,24,23,9744,6099
CAMELS-AUS v2,326,12,0.3263887210238676,0.3098031638376733,0.05081535027977102,24,24,11520,8025
CAMELS-AUS v2,327,12,0.4603272203505936,0.40573654010729504,0.11859103226987378,24,24,13632,9116
CAMELS-AUS v2,328,12,0.3577782121326567,0.3462900171823399,0.03210982267991547,24,24,13344,8834
CAMELS-AUS v2,329,12,0.37132672801819744,0.3415162320972029,0.08028104004281011,24,24,12792,8218
CAMELS-AUS v2,330,12,0.34737993326919103,0.3119790985668516,0.10190811647979303,24,24,13848,8859
CAMELS-AUS v2,331,12,0.4707023709106227,0.4053518730003071,0.1388361349952163,24,24,9504,6156
CAMELS-AUS v2,332,12,0.3297875833462721,0.2878162379759737,0.12726781567827894,24,22,7728,4820
CAMELS-AUS v2,333,12,0.36397064269652796,0.3356966256349657,0.07768213626266718,24,24,16872,11116
CAMELS-AUS v2,334,12,0.35260900596589223,0.33522785427320734,0.04929298854711095,24,24,16512,11201
CAMELS-AUS v2,335,12,0.4044280589402218,0.34190587999807215,0.15459406824043098,24,24,11880,7759
CAMELS-AUS v2,336,12,0.3518809503428041,0.3484816233921555,0.009660446089329255,24,24,16320,10833
CAMELS-AUS v2,337,12,0.4544989075924843,0.39989599139906545,0.12013871822630928,24,24,12384,8342
CAMELS-AUS v2,338,12,0.44128021498620484,0.3809053225437053,0.13681758300536306,24,23,9048,5642
CAMELS-AUS v2,339,12,0.35544694176794706,0.306681325632784,0.13719520526076046,24,24,14088,8974
CAMELS-AUS v2,340,12,0.3266651249777767,0.32148795406435965,0.01584855718457634,24,24,8616,5800
CAMELS-AUS v2,341,12,0.29103849572494656,0.2536043807192446,0.12862255528244626,24,24,7632,5847
CAMELS-AUS v2,342,12,0.33047487886013227,0.3084121590707495,0.06676065625768923,24,24,16920,11126
CAMELS-AUS v2,343,12,0.3487715444495258,0.32065228155662134,0.08062373017639879,24,24,12504,8411
CAMELS-AUS v2,344,12,0.3196230414194659,0.29004931860096816,0.09252688006208498,24,24,14904,9431
CAMELS-AUS v2,345,12,0.3352838099231669,0.3214052824244527,0.04139337208645588,24,24,11952,7882
CAMELS-AUS v2,346,12,0.37425211514438406,0.3308336484768622,0.11601395131934333,24,24,10896,7357
CAMELS-AUS v2,347,12,0.3363990625367109,0.3099431450973084,0.07864444460666531,24,24,14544,9321
CAMELS-AUS v2,348,12,0.4370458425380239,0.4161159857336894,0.04788938543103416,24,24,11520,7530
CAMELS-AUS v2,349,12,0.4293857840565494,0.378462993762295,0.11859449517208054,24,21,5760,3566
CAMELS-AUS v2,350,12,0.405821689056449,0.36818058427468464,0.09275281680799607,24,24,18720,12581
CAMELS-AUS v2,351,12,0.3225329626855371,0.2916021901224505,0.0958995704052844,24,23,10896,7448
CAMELS-AUS v2,352,12,0.3998523429514809,0.37514294686179595,0.06179630187307239,24,24,13824,9285
CAMELS-AUS v2,353,12,0.36141612637874326,0.34026913614141535,0.05851147387697664,24,24,15600,10426
CAMELS-AUS v2,354,12,0.34589571361593857,0.303557159451823,0.12240265634261582,24,22,9264,5992
CAMELS-AUS v2,355,12,0.4117802410373867,0.2978610390217114,0.27665048164691386,24,22,9384,5806
CAMELS-AUS v2,356,12,0.356452709309866,0.3339605568307313,0.06309996218764091,24,24,15000,9807
CAMELS-AUS v2,357,12,0.36981198618778943,0.3223022667011311,0.1284699286694646,24,23,9744,6151
CAMELS-AUS v2,358,12,0.33493857210615496,0.2956085677363801,0.1174245298845713,24,23,12312,8162
CAMELS-AUS v2,359,12,0.28366747582525287,0.2807738708666481,0.010200693435814534,24,24,14328,9589
CAMELS-AUS v2,360,12,0.27870696777151627,0.28114735387429657,-0.008756100079926776,24,24,20520,13371
CAMELS-AUS v2,361,12,0.34770683338368485,0.3097367872334193,0.10920132279473116,24,22,8112,5168
CAMELS-AUS v2,362,12,0.29436889181016107,0.2873943846339597,0.023693085004033665,24,23,11544,7155
CAMELS-AUS v2,363,12,0.3631377082133515,0.35589746026304236,0.019938022922299625,24,24,16704,10959
CAMELS-AUS v2,364,12,0.3621701005248701,0.3470996444799067,0.041611541160141985,24,24,13752,9417
CAMELS-AUS v2,365,12,0.39714392387252534,0.3330147630060586,0.16147587061422808,24,24,14448,9436
CAMELS-AUS v2,366,12,0.34055333075803795,0.32885871722704435,0.034340035685343495,24,24,15000,9705
CAMELS-AUS v2,367,12,0.39315879575809964,0.37115887267842096,0.05595683809453589,24,24,12960,8358
CAMELS-AUS v2,368,12,0.3798153808523885,0.33308227642011273,0.1230416322988197,24,24,14208,9122
CAMELS-AUS v2,369,12,0.4126444951671074,0.37105672101632553,0.1007835428264714,24,23,8424,5628
CAMELS-AUS v2,370,12,0.2636426861140475,0.2553513188694352,0.031449259476235225,24,23,10032,6742
CAMELS-AUS v2,371,12,0.3534835326055482,0.3164479096989311,0.10477326237413476,24,23,11832,7288
CAMELS-AUS v2,372,12,0.4532685294883048,0.4069041530951076,0.10228898186586666,24,23,8016,5303
CAMELS-AUS v2,373,12,0.3076587201057432,0.307571141857093,0.00028466038154251194,24,24,17856,11381
CAMELS-AUS v2,374,12,0.3419192999952995,0.3204968052270618,0.06265365765703257,24,24,18816,12114
CAMELS-AUS v2,375,12,0.46252487335159065,0.3545920445720298,0.233355728519956,24,24,7104,5467
CAMELS-AUS v2,376,12,0.43864171393348084,0.35786651101433065,0.18414847551730928,24,23,8760,5380
CAMELS-AUS v2,377,12,0.34424461613988955,0.2973348620329353,0.1362686645123643,24,24,14496,9484
CAMELS-AUS v2,378,12,0.33015835147244244,0.3097420527770377,0.061837898706338934,24,23,12696,7979
CAMELS-AUS v2,379,12,0.3343359472841147,0.3259261554025631,0.02515371724119475,24,24,17664,11918
CAMELS-AUS v2,380,12,0.3462871088091601,0.3218933808602073,0.07044365016312593,24,24,19128,12482
CAMELS-AUS v2,381,12,0.37490709628091523,0.34796254501588647,0.07186994199981589,24,24,19032,12286
CAMELS-AUS v2,382,12,0.4421449956646323,0.4260304937685221,0.03644619311338548,24,24,10152,7004
CAMELS-AUS v2,383,12,0.3885226736597,0.3728654959465629,0.04029926378724291,24,24,9408,6426
CAMELS-AUS v2,384,12,0.3885469519831775,0.3240397584432496,0.16602161774961188,24,24,14088,9200
CAMELS-AUS v2,385,12,0.3682591718974922,0.32376520914110984,0.12082241571098629,24,23,9312,5878
CAMELS-AUS v2,386,12,0.3715173507876431,0.34680090174254846,0.06652838418634821,24,24,17520,11454
CAMELS-AUS v2,387,12,0.3755960110205699,0.358778984545557,0.04477424142316533,24,24,15480,10592
CAMELS-AUS v2,388,12,0.3512552680680625,0.3169852731956505,0.09756435842485789,24,24,17640,11188
CAMELS-AUS v2,389,12,0.420308450496747,0.36673700173344803,0.12745746296555505,24,24,12744,8437
CAMELS-AUS v2,390,12,0.373403899784484,0.36393740207724506,0.025351898340383427,24,24,8544,5814
CAMELS-AUS v2,391,12,0.3988794988016344,0.3532686378759585,0.11434746850290867,24,24,19488,12659
CAMELS-AUS v2,392,12,0.30537884789621667,0.3048006587982829,0.0018933501842611777,24,24,13056,8998
CAMELS-AUS v2,393,12,0.46940891699339976,0.3423953417462,0.27058193964599453,24,21,5544,3508
CAMELS-AUS v2,394,12,0.30570910941775886,0.30694467194389113,-0.004041628097001926,24,24,16416,10690
CAMELS-AUS v2,395,12,0.3805685108846341,0.33485099626330395,0.12012952546982802,24,24,15336,9946
CAMELS-AUS v2,396,12,0.4316611035994224,0.37047647586782206,0.14174227703494713,24,24,16056,10593
CAMELS-AUS v2,397,12,0.3502151462824733,0.3387141899902165,0.032839688443915716,24,24,15600,10430
CAMELS-AUS v2,398,12,0.3416787390807552,0.319702138134867,0.06431948620804906,24,24,12120,8645
CAMELS-AUS v2,399,12,0.356609842687798,0.34670297400121747,0.027780693353586794,24,24,12816,8881
CAMELS-AUS v2,400,12,0.382076046411347,0.33385361932126373,0.1262115946367559,24,24,13392,8390
CAMELS-AUS v2,401,12,0.39174826785813366,0.33611164221636625,0.14202136986069702,24,24,13680,8953
CAMELS-AUS v2,402,12,0.38403932704911375,0.35885508607794603,0.0655772448219788,24,23,10464,6431
CAMELS-AUS v2,403,12,0.39130956723699223,0.3579373041051494,0.08528353489407858,24,24,13872,8985
CAMELS-AUS v2,404,12,0.36778901290504085,0.33458248343446306,0.0902868990247715,24,23,9936,6519
CAMELS-AUS v2,405,12,0.4203855981538052,0.3728479812480457,0.11308098354113238,24,24,14736,10032
CAMELS-AUS v2,406,12,0.3443475608333252,0.33622288079830687,0.023594417266544543,24,24,12864,8561
CAMELS-AUS v2,407,12,0.40865428725361824,0.3930740412332301,0.03812573734413993,24,24,12192,8154
CAMELS-AUS v2,408,12,0.31420841254949916,0.28551219357354185,0.09132861447952678,24,23,12264,8069
CAMELS-AUS v2,409,12,0.39800395302474895,0.3642241732042033,0.08487297566726715,24,24,14208,9329
CAMELS-AUS v2,410,12,0.30282318551041565,0.29770869643662756,0.016889357613643408,24,24,15552,10368
CAMELS-AUS v2,411,12,0.32832605497864326,0.31944180565919045,0.027059227206414405,24,24,13272,8839
CAMELS-AUS v2,412,12,0.369774624972524,0.3304323162785678,0.10639537176700409,24,22,9312,6046
CAMELS-AUS v2,413,12,0.3662243688171409,0.33143523236845535,0.09499405121797355,24,24,16440,10880
CAMELS-AUS v2,414,12,0.44007099560017365,0.33206867382243527,0.24542022277665365,24,22,6096,4047
CAMELS-AUS v2,415,12,0.3904503361071446,0.3601069633165214,0.07771378325128797,24,24,10248,7129
CAMELS-AUS v2,416,12,0.289747374314657,0.28570708371879755,0.013944183637266905,24,24,18816,11877
CAMELS-AUS v2,417,12,0.3836094245588493,0.3477903624920734,0.09337378013579256,24,24,11232,7527
CAMELS-AUS v2,418,12,0.4311127005574547,0.41096062792066784,0.046744326044509954,24,23,8304,5682
CAMELS-AUS v2,419,12,0.4089036160840842,0.3520798306896275,0.13896620905101476,24,24,13248,8720
CAMELS-AUS v2,420,12,0.3692332090117775,0.3525633688168728,0.04514718554032604,24,24,12096,8261
CAMELS-AUS v2,421,12,0.4460215435302856,0.367305563736203,0.17648470334199828,24,24,12240,8030
CAMELS-AUS v2,422,12,0.35065559730328655,0.3257250851066321,0.07109686081837074,24,24,13464,8757
CAMELS-AUS v2,423,12,0.39731442569213316,0.364418019949886,0.08279690747432766,24,24,11520,7298
CAMELS-AUS v2,424,12,0.3151595355460593,0.30984342565747613,0.016867996328818746,24,24,17016,11425
CAMELS-AUS v2,425,12,0.3600653399488065,0.29950905882363016,0.16818136712016252,24,24,14976,9517
CAMELS-AUS v2,426,12,0.3471369558836641,0.3394684693205859,0.022090666041469142,24,24,17256,11524
CAMELS-AUS v2,427,12,0.36525981038120037,0.31560312960661113,0.1359489310438109,24,22,9576,6101
CAMELS-AUS v2,428,12,0.39036542036493893,0.3669692483078654,0.059934028058123756,24,24,12600,8222
CAMELS-AUS v2,429,12,0.3347520932827193,0.32533063476011304,0.02814458434065492,24,24,15768,10515
CAMELS-AUS v2,430,12,0.3834685765484496,0.33994482820650285,0.11350016925427975,24,24,21312,13782
CAMELS-AUS v2,431,12,0.3822019925546564,0.35031368514191863,0.08343312707397155,24,24,14280,9444
CAMELS-AUS v2,432,12,0.35801634267034366,0.33889770601479097,0.05340157522685174,24,24,23016,15119
CAMELS-AUS v2,433,12,0.41734565185969685,0.3686723553058558,0.11662586236840444,24,24,11472,7715
CAMELS-AUS v2,434,12,0.3990856278911924,0.3506133562286461,0.12145832441693916,24,23,10080,6411
CAMELS-AUS v2,435,12,0.341527842543375,0.33153164935028506,0.029269043245926163,24,24,13848,9209
CAMELS-AUS v2,436,12,0.36132929107253015,0.34242553349669513,0.05231725753459726,24,24,17880,11877
CAMELS-AUS v2,437,12,0.4033050366578616,0.33747963308369316,0.1632149306134516,24,24,10824,7137
CAMELS-AUS v2,438,12,0.34382310745691014,0.29994476042311213,0.1276189589418364,24,23,11664,7520
CAMELS-AUS v2,439,12,0.4428315833395298,0.32766909741383704,0.26005933239272794,24,22,8064,5091
CAMELS-AUS v2,440,12,0.37583478267900605,0.32264173696004256,0.14153305699859808,24,23,10104,6369
CAMELS-AUS v2,441,12,0.4542084207067211,0.33679796981292304,0.25849465915034,24,22,6456,4320
CAMELS-AUS v2,442,12,0.3338284791795225,0.29498706796279417,0.116351400911606,24,24,12528,8385
CAMELS-AUS v2,443,12,0.31017812886306717,0.3090757181764037,0.0035541212744568673,24,24,21384,13631
CAMELS-AUS v2,444,12,0.3842645747013358,0.31338404370774997,0.18445762544901967,24,24,13104,8277
CAMELS-AUS v2,445,12,0.35711235208218073,0.311830281692775,0.12680062766068978,24,23,11832,7663
CAMELS-AUS v2,446,12,0.31964797234317394,0.31646504905354933,0.009957589489125285,24,24,17448,11633
CAMELS-AUS v2,447,12,0.3393343722320956,0.31824781915869593,0.06214092882691247,24,23,11616,7768
CAMELS-AUS v2,448,12,0.4054064717164003,0.38743826379400237,0.04432146296610551,24,24,10320,7072
CAMELS-AUS v2,449,12,0.3471383291929723,0.32743087037224866,0.05677119800207464,24,24,20088,13182
CAMELS-AUS v2,450,12,0.46811831354130456,0.31484908134049655,0.32741558654548186,24,22,9528,5829
CAMELS-AUS v2,451,12,0.32967821295201905,0.29267811685717837,0.11223094108504406,24,24,12720,7859
CAMELS-AUS v2,452,12,0.41305807024867075,0.4039528517663598,0.022043434417900132,24,24,13152,8585
CAMELS-AUS v2,453,12,0.403647948512829,0.3804102306105711,0.057569270419615015,24,24,17064,11392
CAMELS-AUS v2,454,12,0.342894998473014,0.2746487987212986,0.19902944066151618,24,24,9528,7197
CAMELS-AUS v2,455,12,0.3424787065095469,0.2970025234640224,0.13278543214848548,24,24,16872,10470
CAMELS-AUS v2,456,12,0.4132911303804755,0.3966305017268468,0.04031208857129587,24,24,13656,9140
CAMELS-AUS v2,457,12,0.3364104974648516,0.3151876202727447,0.06308625132699441,24,24,12912,8487
CAMELS-AUS v2,458,12,0.3509900217698251,0.33890476052712065,0.034431922542315974,24,24,17640,11223
CAMELS-AUS v2,459,12,0.3656070373651195,0.3483785556317847,0.04712294888385671,24,23,11304,7008
CAMELS-AUS v2,460,12,0.32697418714816573,0.2914771631518204,0.1085621599244474,24,24,13296,9014
CAMELS-AUS v2,461,12,0.4012107521398703,0.35979859185237356,0.10321797226675422,24,24,12504,8142
CAMELS-AUS v2,462,12,0.364624659249853,0.3561995860474884,0.023106153104668237,24,22,9624,5951
CAMELS-AUS v2,463,12,0.34518280089512876,0.3324548954970842,0.03687294200359503,24,24,16368,10991
CAMELS-AUS v2,464,12,0.40402190257767295,0.3293656337325934,0.1847827267996366,24,23,11832,7320
CAMELS-AUS v2,465,12,0.2851387870175296,0.28491818583198875,0.0007736624955456683,24,24,21456,13564
CAMELS-AUS v2,466,12,0.3212920681917664,0.31296795409925693,0.02590824647292933,24,24,22368,14413
CAMELS-AUS v2,467,12,0.32907860260107785,0.3216720699918873,0.022506879969248716,24,24,20112,13274
CAMELS-AUS v2,468,12,0.3117150268253243,0.29549809453949827,0.05202486531043471,24,23,11832,7392
CAMELS-AUS v2,469,12,0.3331603719447887,0.3229807701003282,0.030554659862570444,24,24,10992,7333
CAMELS-AUS v2,470,12,0.3530341810305109,0.33230827208660124,0.05870793837415533,24,24,16536,10925
CAMELS-AUS v2,471,12,0.33009265841268237,0.3221804909612376,0.023969534764850753,24,24,18624,12650
CAMELS-AUS v2,472,12,0.36090284277771667,0.3354149847434728,0.07062249174341384,24,24,19920,13348
CAMELS-AUS v2,473,12,0.5189854497882064,0.3640720139869697,0.2984928303181824,24,21,7272,4527
CAMELS-AUS v2,474,12,0.46163276964614886,0.4223268072044432,0.08514552047904766,24,23,8208,5545
CAMELS-AUS v2,475,12,0.37017169739706807,0.3282554673739298,0.11323456200968396,24,23,10584,6861
CAMELS-AUS v2,476,12,0.41183583042508964,0.38339744899508954,0.06905271306929883,24,24,10104,7036
CAMELS-AUS v2,477,12,0.38415372306262396,0.3601311607315538,0.06253372254094758,24,24,16152,10708
CAMELS-AUS v2,478,12,0.3060101309761042,0.28169644800068483,0.07945384977243763,24,23,11352,7310
CAMELS-AUS v2,479,12,0.4205127225693604,0.382194178022033,0.09112338935478237,24,24,11736,7628
CAMELS-AUS v2,480,12,0.43457385213645106,0.39557577588288706,0.08973866251234797,24,24,13008,8793
CAMELS-AUS v2,481,12,0.3124449758610229,0.28746326658514293,0.07995554803541449,24,23,11784,7311
CAMELS-AUS v2,482,12,0.3454989193094974,0.3428179382491705,0.007759737905070785,24,24,15384,10324
CAMELS-AUS v2,483,12,0.34639462326578235,0.301332809081756,0.1300880878553684,24,24,9264,6936
CAMELS-AUS v2,484,12,0.3713131894614568,0.338298723360042,0.08891272122409155,24,24,18552,12200
CAMELS-AUS v2,485,12,0.3676007224625747,0.2878404700276867,0.21697523307508826,24,22,8880,5775
CAMELS-AUS v2,486,12,0.3861060623742554,0.3282777583738334,0.14977310546439593,24,22,9816,6179
CAMELS-AUS v2,487,12,0.3783366750364018,0.35209340762202335,0.0693648518527934,24,24,10608,6684
CAMELS-AUS v2,488,12,0.3582472259435299,0.34797111479569187,0.02868441233780239,24,24,18096,11943
CAMELS-AUS v2,489,12,0.37078894366589116,0.34996267195181063,0.05616745609558027,24,24,19104,12721
CAMELS-AUS v2,490,12,0.31805894750261615,0.31665122203985246,0.004425989187907042,24,24,20352,13062
CAMELS-AUS v2,491,12,0.3267653707371235,0.3095822525127644,0.05258549333302087,24,24,17784,11195
CAMELS-AUS v2,492,12,0.3150157132140822,0.30856426512823587,0.02047976597745782,24,23,9288,5948
CAMELS-AUS v2,493,12,0.3312994992683611,0.31493647554750864,0.04939042696106821,24,24,17256,11315
CAMELS-AUS v2,494,12,0.32744957476979025,0.3073704798922111,0.061319654764235176,24,24,16608,11316
CAMELS-AUS v2,495,12,0.35781830681511656,0.3299102246472129,0.07799512108899342,24,24,14064,9203
CAMELS-AUS v2,496,12,0.31339765920544976,0.31540058009040056,-0.006390988656484353,24,24,15216,9527
CAMELS-AUS v2,497,12,0.43748297544925746,0.3149106627228518,0.28017618880034,24,22,7536,4962
CAMELS-AUS v2,498,12,0.36525752102256187,0.3435297572230709,0.05948615031570803,24,24,15480,10208
CAMELS-AUS v2,499,12,0.3394719888671652,0.32281447977566935,0.0490688764839855,24,24,21864,13913
CAMELS-AUS v2,500,12,0.38902426429082904,0.3586303671305155,0.07812853837207312,24,24,15192,10234
CAMELS-AUS v2,501,12,0.3395205417887669,0.3243264690495445,0.044751556589690544,24,23,10224,6592
CAMELS-AUS v2,502,12,0.40870000460417966,0.35494959461648395,0.13151556002489462,24,24,14232,9099
CAMELS-AUS v2,503,12,0.37584245647696674,0.3626767801407689,0.035029774069723074,24,24,9480,6576
CAMELS-AUS v2,504,12,0.37967816256715,0.3466475764340015,0.0869962757663385,24,24,14568,9362
CAMELS-AUS v2,505,12,0.3315289033198548,0.31799114206010476,0.04083433186122232,24,24,18048,11640
CAMELS-AUS v2,506,12,0.2851192546113663,0.2750825040048557,0.03520193899283042,24,23,10440,7024
CAMELS-AUS v2,507,12,0.4820117181013746,0.42025261376300754,0.1281278068957198,24,24,8688,5729
CAMELS-AUS v2,508,12,0.4594854710548905,0.36773701494033767,0.19967651186862556,24,23,7200,4864
CAMELS-AUS v2,509,12,0.3271679914871219,0.314277960287215,0.0393988150898138,24,24,19200,12513
CAMELS-AUS v2,510,12,0.38476618897051545,0.35142200361336723,0.08666090294046958,24,24,19560,13115
CAMELS-AUS v2,511,12,0.3235300755999487,0.3223595945276338,0.0036178431638677067,24,24,14280,9208
CAMELS-AUS v2,512,12,0.4937488479937539,0.43000524829419234,0.12910126263295696,24,24,10056,6606
CAMELS-AUS v2,513,12,0.26929130629557735,0.24637331196762374,0.08510484294208343,24,24,13656,9114
CAMELS-AUS v2,514,12,0.3705240083211748,0.3532823009315281,0.04653330689087598,24,24,13368,8259
CAMELS-AUS v2,515,12,0.347064364649306,0.34581737073527785,0.0035929759463729782,24,24,17112,11678
CAMELS-AUS v2,516,12,0.2970822576125732,0.28607198068771605,0.03706137489777561,24,23,13392,8478
CAMELS-AUS v2,517,12,0.3324610336665112,0.32183902251144475,0.03194964245259879,24,24,15504,10081
CAMELS-AUS v2,518,12,0.31399834802707877,0.2939484640863681,0.06385346950609305,24,23,11256,6914
CAMELS-AUS v2,519,12,0.4063284440100749,0.34143324525245994,0.1597111886068352,24,23,11256,7195
CAMELS-AUS v2,520,12,0.3532941995085034,0.3471562097682377,0.017373593307800528,24,24,15048,9896
CAMELS-AUS v2,521,12,0.3141503752047601,0.29160387655362197,0.07176976515289069,24,24,18672,11958
CAMELS-AUS v2,522,12,0.2726879831514222,0.27684805050399824,-0.015255778067293946,24,24,13224,8882
CAMELS-AUS v2,523,12,0.3503686479256891,0.3486467649341823,0.004914489357712215,24,24,12816,8563
CAMELS-AUS v2,524,12,0.3983858039872482,0.3279434034976998,0.17681955477460531,24,24,12912,8198
CAMELS-AUS v2,525,12,0.38879079644254216,0.3490146754428489,0.10230725974906563,24,24,11040,7061
CAMELS-AUS v2,526,12,0.33958906962586977,0.305027067137876,0.10177595682355522,24,24,11184,7022
CAMELS-AUS v2,527,12,0.4158157039317961,0.3853715192081435,0.07321557227344688,24,24,11808,7763
CAMELS-AUS v2,528,12,0.37884605768239904,0.3529152660965451,0.0684467768900282,24,24,17256,11632
CAMELS-AUS v2,529,12,0.3938400232528462,0.3627972163882903,0.07882085372675884,24,24,14592,9683
CAMELS-AUS v2,530,12,0.3984985911408139,0.3434124317480444,0.13823426385290316,24,24,17424,11499
CAMELS-AUS v2,531,12,0.36144900831531696,0.3393947269872312,0.06101630055890561,24,24,17088,11277
CAMELS-AUS v2,532,12,0.31834102202824593,0.29171386163523727,0.08364350979135227,24,24,13536,9250
CAMELS-AUS v2,533,12,0.36199616188879785,0.33773520063332835,0.0670199405675529,24,24,14880,9774
CAMELS-AUS v2,534,12,0.3377680348770648,0.3180475685812378,0.05838464348174499,24,24,16800,10718
CAMELS-AUS v2,535,12,0.653570757016498,0.446091815047103,0.31745444504971576,24,22,3216,2433
CAMELS-AUS v2,536,12,0.2931268246264294,0.29699592067914865,-0.013199392643952423,24,24,14328,9305
CAMELS-AUS v2,537,12,0.35164791535532497,0.34375475829123175,0.022446193250193258,24,24,12840,8340
CAMELS-AUS v2,538,12,0.31692473385320796,0.3141210820261466,0.008846427960904957,24,24,15432,9966
CAMELS-AUS v2,539,12,0.3479459765298751,0.2857381407662822,0.17878590344398382,24,24,11112,9061
CAMELS-AUS v2,540,12,0.37578198279776215,0.34864778974327815,0.07220727521970383,24,24,11712,7901
CAMELS-AUS v2,541,12,0.3599065180443898,0.32338192633977253,0.1014835516263487,24,24,19464,12797
CAMELS-AUS v2,542,12,0.37812797673624743,0.3502847309219713,0.07363445057570384,24,24,18312,12102
CAMELS-AUS v2,543,12,0.4063866145361094,0.35643346248803126,0.1229202691754494,24,24,15672,10100
CAMELS-AUS v2,544,12,0.3855971986667534,0.32937407149830844,0.14580792433877343,24,23,8640,5387
CAMELS-AUS v2,545,12,0.32551163708218045,0.3288270338317235,-0.010185186555115466,24,24,15024,10081
CAMELS-AUS v2,546,12,0.34504565370119344,0.3337684775284601,0.03268314222122981,24,24,13752,9028
CAMELS-AUS v2,547,12,0.3568727545743766,0.3405268068146012,0.04580329417209328,24,22,9264,5604
CAMELS-AUS v2,548,12,0.4069024604709619,0.37868930271675544,0.06933641473082186,24,24,13968,9361
CAMELS-AUS v2,549,12,0.3892639636610576,0.30165210003056986,0.2250705737219839,24,23,8280,5609
CAMELS-AUS v2,550,12,0.43045899860379705,0.31766873158037046,0.2620232528284093,24,23,9696,6741
CAMELS-AUS v2,551,12,0.3293963398668918,0.2988972492028451,0.09259086083461432,24,23,13968,8637
CAMELS-AUS v2,552,12,0.5373626032380802,0.3897512261937472,0.2746960360747942,24,22,6768,4576
CAMELS-AUS v2,553,12,0.36839823427872004,0.3417619832357815,0.072302873804727,24,24,15792,10439
CAMELS-AUS v2,554,12,0.36307977754435367,0.34030132973913546,0.0627367570820867,24,24,14952,10034
CAMELS-AUS v2,555,12,0.271625307761259,0.27603389391954186,-0.016230395446648727,24,24,19656,12632
CAMELS-AUS v2,556,12,0.3708043753728657,0.31902094673308445,0.1396516116826021,24,24,16536,10905
CAMELS-AUS v2,557,12,0.39222791728287043,0.36046231532919865,0.08098761091185358,24,24,16464,11065
CAMELS-AUS v2,558,12,0.3115784139937512,0.29648979402949305,0.048426396972932606,24,24,14064,9149
CAMELS-AUS v2,559,12,0.4059618956641385,0.3871654318108027,0.04630105449326827,24,21,6144,3869
CAMELS-AUS v2,560,12,0.37256467282076605,0.35119086950020717,0.0573693773989179,24,24,14664,9470
CAMELS-AUS v2,561,12,0.366231798317676,0.3199163315173097,0.1264648974041065,24,24,13728,8941
CAMELS-AUS v2,562,12,0.40426147943722096,0.3087231130089752,0.23632814722106665,24,24,10704,7501
CAMELS-AUS v2,563,12,0.3286496626364132,0.3176896072579786,0.03334874982226821,24,24,17280,11586
CAMELS-AUS v2,564,12,0.3296806177369885,0.3036217552509453,0.07904274950986756,24,24,14136,9225
CAMELS-AUS v2,565,12,0.3558529262743507,0.33655948770537863,0.05421745093111163,24,24,13776,9111
CAMELS-AUS v2,566,12,0.34091718786183367,0.3370290003824834,0.011405079056694745,24,24,14976,9801
CAMELS-AUS v2,567,12,0.3915825556711058,0.3438404666171387,0.1219208781457215,24,24,13992,9268
CAMELS-AUS v2,568,12,0.3286042595022105,0.30957471748036636,0.057910211056518945,24,24,16224,10913
CAMELS-AUS v2,569,12,0.3837404525669054,0.35799652327234993,0.06708682684442036,24,24,11928,7796
CAMELS-AUS v2,570,12,0.4045808794972097,0.29442648109588193,0.2722679295626167,24,23,8736,5983
CAMELS-AUS v2,571,12,0.2786404647072683,0.27476505238819393,0.013908289749465341,24,23,8832,5858
CAMELS-AUS v2,572,12,0.3117281083977108,0.2979403736250383,0.0442300017266386,24,23,12624,8041
CAMELS-AUS v2,573,12,0.34388352373664216,0.2726737438780416,0.2070752884140371,24,24,10608,7474
CAMELS-AUS v2,574,12,0.3618426643149757,0.3292202160574645,0.0901564449821598,24,24,13872,9065
CAMELS-AUS v2,575,12,0.3183641436403476,0.31905545357361265,-0.0021714440745752572,24,24,13416,8943
CAMELS-AUS v2,576,12,0.4975402533154625,0.36794966698063325,0.2604625162914468,24,22,6600,4467
CAMELS-AUS v2,577,12,0.39625940023035916,0.35928971189717734,0.09329668472644448,24,24,16944,11136
CAMELS-AUS v2,578,12,0.3476626341703815,0.3333098864934545,0.041283549815977816,24,24,12288,8084
CAMELS-AUS v2,579,12,0.42958628512574404,0.38891652425138845,0.09467192571674199,24,24,14592,9752
CAMELS-AUS v2,580,12,0.4331278657494074,0.40897513629096194,0.055763508581134325,24,24,13344,8946
CAMELS-AUS v2,581,12,0.3029536748077859,0.2962240989137234,0.022213217576357747,24,24,13224,8425
CAMELS-AUS v2,582,12,0.35578704633851804,0.2940108414408875,0.17363252972074983,24,24,6576,5019
CAMELS-AUS v2,583,12,0.3811546809011458,0.3416559070315051,0.10362925040368287,24,24,15192,10310
CAMELS-AUS v2,584,12,0.46551367386497194,0.3174938863036056,0.31797086932467067,24,22,8688,5375
CAMELS-AUS v2,585,12,0.2878106774622457,0.27301652558840267,0.051402373269433976,24,24,12480,8633
CAMELS-AUS v2,586,12,0.3447314931610168,0.3343227260976268,0.030193838595791722,24,24,12672,8335
CAMELS-AUS v2,587,12,0.33517879614047946,0.3291596989231161,0.017957869909052016,24,24,14400,9519
CAMELS-AUS v2,588,12,0.38427596476365666,0.2961799473099419,0.2292519583104734,24,23,10872,7113
CAMELS-AUS v2,589,12,0.37285858924767057,0.338698888728859,0.0916156996349119,24,24,15816,10595
CAMELS-AUS v2,590,12,0.42666120182576944,0.39251355328841697,0.0800345763599497,24,24,12336,8266
CAMELS-AUS v2,591,12,0.3573103289522542,0.3406072526068253,0.04674669325795178,24,24,18576,12476
CAMELS-AUS v2,592,12,0.3430953784331018,0.32718442179549423,0.04637473320180541,24,23,11664,7353
CAMELS-AUS v2,593,12,0.2834803280867726,0.2628837379469352,0.07265615317593688,24,24,16152,11139
CAMELS-AUS v2,594,12,0.3441763309381424,0.309732253763489,0.10007683294422687,24,24,14256,9640
CAMELS-AUS v2,595,12,0.3507845279984542,0.34556513041762904,0.014879212634053784,24,24,15600,10447
CAMELS-AUS v2,596,12,0.34730737417423524,0.34044231079917026,0.01976653502214709,24,24,13584,8738
CAMELS-AUS v2,597,12,0.35431718706081716,0.3392479531313471,0.042530349866667594,24,24,19224,13270
CAMELS-AUS v2,598,12,0.32997366567286573,0.3251234283904005,0.014698861718479561,24,24,12648,8241
CAMELS-AUS v2,599,12,0.41832618592418574,0.3628597072020915,0.1325914575477869,24,24,11496,7439
CAMELS-AUS v2,600,12,0.37362054373751097,0.34020829672964814,0.08942829180008038,24,24,16056,10420
CAMELS-AUS v2,601,12,0.2886372558013284,0.24573470815635495,0.14863828831058323,24,24,11400,8627
CAMELS-AUS v2,602,12,0.3317883255780181,0.3283299279001064,0.010423506227612789,24,24,16632,11102
CAMELS-AUS v2,603,12,0.3715287155831637,0.34049117850051575,0.08354007585639889,24,24,20136,13662
CAMELS-AUS v2,604,12,0.34203638425690475,0.3016009715653275,0.11821962385500506,24,23,11016,7148
CAMELS-AUS v2,605,12,0.33515747807430074,0.32664048300954945,0.02541192013284921,24,24,15792,10507
CAMELS-AUS v2,606,12,0.43337209149629274,0.349451600845951,0.19364535072065114,24,24,7536,5964
CAMELS-AUS v2,607,12,0.279709747585049,0.2637559255397,0.05703706139342912,24,24,13128,9130
CAMELS-AUS v2,608,12,0.38995258467750027,0.33137035834017464,0.1502291012784912,24,23,13320,8591
CAMELS-AUS v2,609,12,0.3343169557984318,0.3316091661601052,0.00809946845758902,24,24,18192,11834
CAMELS-AUS v2,610,12,0.32686406894405867,0.3186043744234192,0.025269508965370724,24,24,11208,7655
CAMELS-AUS v2,611,12,0.3346309737405298,0.3308068595298578,0.011427854893185097,24,24,9384,6541
CAMELS-AUS v2,612,12,0.41679676402559174,0.34269926959777863,0.17777847820158088,24,24,12480,8032
CAMELS-AUS v2,613,12,0.36378725692757785,0.2914115870074054,0.1989505364520805,24,24,8880,6680
CAMELS-AUS v2,614,12,0.29479830443483795,0.29050114911765773,0.014576594412299526,24,24,18672,12496
CAMELS-AUS v2,615,12,0.39162111832397967,0.3826131547830939,0.023001730804092402,24,24,11448,7810
CAMELS-AUS v2,616,12,0.4473113031737582,0.3760052098122428,0.15941044381303404,24,24,10584,6896
CAMELS-AUS v2,617,12,0.38320274176298375,0.3828996563817298,0.0007909269642998318,24,24,13008,8768
CAMELS-AUS v2,618,12,0.4001511437150197,0.35146328180439096,0.12167367924681816,24,23,9840,6288
CAMELS-AUS v2,619,12,0.33381877781964076,0.3154140871130623,0.05513377895272975,24,24,17592,11621
CAMELS-AUS v2,620,12,0.3316962777041132,0.3316443799452908,0.00015646168591831877,24,24,14808,10217
CAMELS-AUS v2,621,12,0.3604808665770663,0.323382400825415,0.10291382758790646,24,24,12480,7802
CAMELS-AUS v2,622,12,0.44550795313134,0.4121461339002083,0.0748849015974723,24,23,9168,6055
CAMELS-AUS v2,623,12,0.31816284494380137,0.31023280826848026,0.024924458658024062,24,24,13488,8784
CAMELS-AUS v2,624,12,0.2643987104226082,0.2599085643441595,0.01698248100859412,24,23,13728,8682
CAMELS-AUS v2,625,12,0.3432153482506375,0.31889694897047316,0.07085463806940684,24,24,22056,14835
CAMELS-AUS v2,626,12,0.3067291404837661,0.28700821810489124,0.06429425762342456,24,24,13536,9358
CAMELS-AUS v2,627,12,0.4031047292561678,0.3291725917676684,0.18340677278811213,24,23,9576,5890
CAMELS-AUS v2,628,12,0.3711422546479197,0.33663171510551454,0.09298466857443444,24,24,11880,7736
CAMELS-AUS v2,629,12,0.3965673536843094,0.3815088784030978,0.03797204974466717,24,24,8832,5996
CAMELS-AUS v2,630,12,0.3775265363669263,0.3364221409068474,0.10887816219660018,24,24,18984,12022
CAMELS-AUS v2,631,12,0.4087989066628606,0.3764831474866427,0.07905050294781968,24,24,11760,7530
CAMELS-AUS v2,632,12,0.3205898391356065,0.3126181794340023,0.024865603111745238,24,24,11016,7630
CAMELS-AUS v2,633,12,0.4129780507556908,0.3829949957497787,0.07260205463958047,24,24,9984,6799
CAMELS-AUS v2,634,12,0.4058035879893821,0.35745615331589525,0.1191399881726819,24,24,15312,9894
CAMELS-AUS v2,635,12,0.36671412487101723,0.290056645938922,0.20903879543515713,24,23,9096,6264
CAMELS-AUS v2,636,12,0.4595638282711656,0.3397688105222569,0.2606711198302223,24,23,9984,6335
CAMELS-AUS v2,637,12,0.465958615438763,0.3238300900728341,0.30502392413561386,24,22,9168,5778
CAMELS-AUS v2,638,12,0.32660219165883714,0.2964820173322053,0.09222281753116601,24,23,12528,7853
CAMELS-AUS v2,639,12,0.4035387357969717,0.37307084549914166,0.07550177367150956,24,24,15744,10407
CAMELS-AUS v2,640,12,0.3467838827002892,0.34546965493767967,0.003789760217159155,24,24,14616,9951
CAMELS-AUS v2,641,12,0.3899111338033477,0.3715907205085632,0.04698612505901012,24,24,13200,8831
CAMELS-AUS v2,642,12,0.3596319336538892,0.32928378234752137,0.08438669780524821,24,23,9768,6595
CAMELS-AUS v2,643,12,0.38772941543202427,0.36436771706650434,0.0602525819184736,24,24,15960,10712
CAMELS-AUS v2,644,12,0.3580018144624862,0.352500591077962,0.01536646788448226,24,23,11136,7145
CAMELS-AUS v2,645,12,0.3546959713333354,0.33349231961151315,0.05977979293679525,24,24,22584,14990
CAMELS-AUS v2,646,12,0.37131720009594626,0.3496022469677471,0.05848087059416618,24,24,11736,7785
CAMELS-AUS v2,647,12,0.42893508206477476,0.39165157863616035,0.0869210866342337,24,24,15096,10256
CAMELS-AUS v2,648,12,0.30462082714469735,0.3099527023138661,-0.017503317876016666,24,24,14544,9473
CAMELS-AUS v2,649,12,0.41382599202122505,0.350183693503279,0.15378999807890714,24,24,12432,8164
CAMELS-AUS v2,650,12,0.4208994026848136,0.38644872606622627,0.08185014376080113,24,24,12984,8616
CAMELS-AUS v2,651,12,0.41027882417099887,0.37371969608357747,0.08910800639368122,24,24,14736,9690
CAMELS-AUS v2,652,12,0.2983422895808588,0.2964087786272646,0.006480847741399898,24,24,22440,14579
CAMELS-AUS v2,653,12,0.3403364623807813,0.32223464326280876,0.05318800986336736,24,24,21432,14204
CAMELS-AUS v2,654,12,0.5046897614606188,0.414403963862174,0.1788936580309246,24,22,6264,4278
CAMELS-AUS v2,655,12,0.3102184785418921,0.3026413028458045,0.0244252880476441,24,24,13176,8755
CAMELS-AUS v2,656,12,0.33555210344289554,0.30702137062259544,0.08502623743842952,24,23,11376,7119
CAMELS-AUS v2,657,12,0.36484502568580535,0.3367006770078423,0.07714055748755144,24,24,13440,8740
CAMELS-AUS v2,658,12,0.38911706348793984,0.34417207292290286,0.11550506205552202,24,24,11016,7320
CAMELS-AUS v2,659,12,0.4602054130967355,0.33192818796290985,0.27873906191290654,24,24,10536,6684
CAMELS-AUS v2,660,12,0.409792274752004,0.3781273087025384,0.07727077351233247,24,24,14352,9676
CAMELS-AUS v2,661,12,0.36814828529769256,0.28094969913214507,0.23685723836805828,24,23,9264,6372
CAMELS-AUS v2,662,12,0.3649749495044355,0.3332636941499114,0.08688611478015618,24,24,15048,9747
CAMELS-AUS v2,663,12,0.3344105380340092,0.3296361178330483,0.014277122452628466,24,24,17304,11946
CAMELS-AUS v2,664,12,0.3944701351609475,0.28197135569885123,0.28518959848809766,24,23,11088,7169
CAMELS-AUS v2,665,12,0.3837908636931209,0.3658376544125094,0.04677862601483618,24,24,12288,8330
CAMELS-AUS v2,666,12,0.4643948109750939,0.459085739240073,0.011432237418573576,24,23,9168,6125
CAMELS-AUS v2,667,12,0.3312510740713905,0.28015166641179634,0.15426186255499152,24,24,13320,8487
CAMELS-AUS v2,668,12,0.31445690280125144,0.30955616861999435,0.015584756249903409,24,24,16368,10603
CAMELS-AUS v2,669,12,0.2818552311088052,0.28180695593407074,0.00017127649022008473,24,24,16392,10248
CAMELS-AUS v2,670,12,0.436417803203301,0.3843093847606307,0.11940030415852687,24,24,17928,12186
CAMELS-AUS v2,671,12,0.3680894462836328,0.31973623960065656,0.1313626542982096,24,22,9600,6014
CAMELS-AUS v2,672,12,0.30382717936019504,0.29944859303305504,0.014411437239948421,24,24,17304,11724
CAMELS-AUS v2,673,12,0.3443253083327333,0.33783884769817835,0.018838175636763932,24,24,15648,10175
CAMELS-AUS v2,674,12,0.4140170620317678,0.3857665491616875,0.06823514164233313,24,24,13224,8856
CAMELS-AUS v2,675,12,0.4370549358003051,0.39699185557763195,0.09166600566885796,24,21,6120,3796
CAMELS-AUS v2,676,12,0.3741976128073026,0.31370408621145235,0.1616619789260978,24,24,12144,7730
CAMELS-AUS v2,677,12,0.4422031058253798,0.37524394498979163,0.15142173348287036,24,24,11880,7634
CAMELS-AUS v2,678,12,0.35885818960308885,0.3364015896059228,0.0625779225548786,24,24,13680,8958
CAMELS-AUS v2,679,12,0.3450172462261749,0.33600609445736596,0.026117974876252226,24,24,19992,13135
CAMELS-AUS v2,680,12,0.34010256611376255,0.3211522019389622,0.05571955657771055,24,24,18552,11932
CAMELS-AUS v2,681,12,0.32537382648249724,0.31878857401181304,0.020239035640558622,24,23,11328,6948
CAMELS-AUS v2,682,12,0.33629646920001666,0.31564659830290015,0.06140376955559035,24,24,13896,8919
CAMELS-AUS v2,683,12,0.4356217379089452,0.4053273343660478,0.06954291052672312,24,24,12960,8486
CAMELS-AUS v2,684,12,0.2965739429571707,0.28882397915543256,0.02613164098120835,24,23,10704,6626
CAMELS-AUS v2,685,12,0.3271842797769371,0.2792391640433645,0.1465385677033747,24,23,11952,7590
CAMELS-AUS v2,686,12,0.3719143045756216,0.34179598647562626,0.08098187601136309,24,24,18048,11754
CAMELS-AUS v2,687,12,0.4085611267371504,0.3709684370072276,0.09201239978493647,24,24,19320,13247
CAMELS-AUS v2,688,12,0.3896210974045819,0.34657466803495035,0.11048279894590052,24,22,8304,5189
CAMELS-AUS v2,689,12,0.4469782932752729,0.3203522879306783,0.2832934109992934,24,22,7848,5361
CAMELS-AUS v2,690,12,0.3585207680685484,0.33010337061263334,0.0792629046540525,24,22,9672,5898
CAMELS-AUS v2,691,12,0.3816349509089882,0.34862697865569564,0.08649095732629652,24,24,11040,7056
CAMELS-AUS v2,692,12,0.4190541600692679,0.3882112587644581,0.07360122925330603,24,24,18720,12889
CAMELS-AUS v2,693,12,0.3860433712536859,0.3449721762343054,0.10639010556249329,24,24,15624,10231
CAMELS-AUS v2,694,12,0.35435651084417935,0.3427333230822025,0.03280083025506453,24,23,8328,5607
CAMELS-AUS v2,695,12,0.3159672634713624,0.2724812706619447,0.13762815910629622,24,23,12624,7985
CAMELS-AUS v2,696,12,0.31950910801974874,0.3153946414572261,0.012877462517495109,24,24,16512,11028
CAMELS-AUS v2,697,12,0.332833313227503,0.3259527081226002,0.02067282580034191,24,24,18672,12381
CAMELS-AUS v2,698,12,0.32435514140762745,0.32591168718047175,-0.004798893478578092,24,24,18264,12131
CAMELS-AUS v2,699,12,0.32192150261426794,0.3211162725004311,0.002501324413863859,24,24,17496,11595
CAMELS-AUS v2,700,12,0.3184091295035771,0.2849895341247164,0.10495803129440495,24,24,13656,8627
CAMELS-AUS v2,701,12,0.387043632328397,0.38252745320709985,0.011668397937794506,24,24,8736,6068
CAMELS-AUS v2,702,12,0.35412029947167734,0.33104376325561174,0.0651658101794621,24,22,8544,5382
CAMELS-AUS v2,703,12,0.3385724887727164,0.31971220753016705,0.05570529758904963,24,24,18072,11672
CAMELS-AUS v2,704,12,0.26550951732310224,0.2614942044344502,0.015123046921763472,24,24,9912,6804
CAMELS-AUS v2,705,12,0.36229145803753304,0.343044137248508,0.053126620465423824,24,24,11760,8127
CAMELS-AUS v2,706,12,0.30561654404690836,0.28726169617322633,0.060058423639738456,24,22,8592,5562
CAMELS-AUS v2,707,12,0.3116110737732176,0.3142613263653241,-0.008505001314668581,24,24,14952,9875
CAMELS-AUS v2,708,12,0.4321086275544576,0.3742774676723317,0.1338347725418595,24,24,14976,9746
CAMELS-AUS v2,709,12,0.3792126096761881,0.3286297040653499,0.13338930278197025,24,24,12960,7959
CAMELS-AUS v2,710,12,0.41209718734780176,0.3600935704987985,0.12619260321501125,24,24,13560,8847
CAMELS-AUS v2,711,12,0.35365052863788865,0.32983073415716496,0.06735404743340101,24,24,22392,14708
CAMELS-AUS v2,712,12,0.3269066784487107,0.33079619107037184,-0.01189792952569313,24,22,10704,6453
CAMELS-AUS v2,713,12,0.3991654626453309,0.3573649006255772,0.10471988669243826,24,24,12528,8270
CAMELS-AUS v2,714,12,0.3336410857320504,0.2897384882335206,0.1315863044930513,24,24,11112,7294
CAMELS-AUS v2,715,12,0.43518490936622767,0.3049768384537743,0.29920171428296793,24,22,10848,6951
CAMELS-AUS v2,716,12,0.3267549455106929,0.2823237144364377,0.13597722600590656,24,23,9936,6217
CAMELS-AUS v2,717,12,0.3969667015410277,0.3746933364602507,0.05610890030400939,24,23,8472,5579
CAMELS-AUS v2,718,12,0.40777207503188434,0.36463315319156664,0.10579175103382099,24,24,14136,9519
CAMELS-AUS v2,719,12,0.3512606340396963,0.33001890580733445,0.06047284031822742,24,24,14544,9505
CAMELS-AUS v2,720,12,0.4054525847145336,0.3821680489541447,0.05742850493056495,24,24,13224,9181
CAMELS-AUS v2,721,12,0.3270095798152307,0.3200092471398054,0.021407118040336015,24,24,11760,7659
CAMELS-AUS v2,722,12,0.4097503698568955,0.39867803005409136,0.027022159386143163,24,24,10056,6587
CAMELS-AUS v2,723,12,0.32589190623255737,0.29478175518444283,0.09546156395155836,24,22,8952,5727
CAMELS-AUS v2,724,12,0.40603362124278347,0.301043887199242,0.258573991292125,24,24,7032,5480
CAMELS-AUS v2,725,12,0.34008139119022857,0.30768413235288095,0.0952632507293697,24,24,18984,12243
CAMELS-AUS v2,726,12,0.35983138515635354,0.3277825255523993,0.08906632641293488,24,24,15168,9276
CAMELS-AUS v2,727,12,0.27047959676217603,0.2704691402071042,3.865931181867843e-05,24,24,18000,12245
CAMELS-AUS v2,728,12,0.33303039102594284,0.32225501224623193,0.03235554192671719,24,24,15960,10228
CAMELS-AUS v2,729,12,0.4206874659405423,0.35204532726251797,0.16316658858508948,24,23,8664,5791
CAMELS-AUS v2,730,12,0.30972056667711373,0.30596114685476505,0.012138101975862292,24,24,15936,10163
CAMELS-AUS v2,731,12,0.40023427838183934,0.345892126254522,0.13577585694814676,24,24,11520,7778
CAMELS-AUS v2,732,12,0.3441500591361405,0.33209311940872077,0.03503396093461131,24,24,13680,8969
CAMELS-AUS v2,733,12,0.3390362732409662,0.32557936865573833,0.039691636698895416,24,24,16872,10871
CAMELS-AUS v2,734,12,0.3658195326470514,0.3491198522655842,0.04565005116219245,24,24,13608,8735
CAMELS-AUS v2,735,12,0.3606616306911033,0.3168967363844472,0.12134613327953236,24,24,11496,7328
CAMELS-AUS v2,736,12,0.34516327682534076,0.3175225434076971,0.08008016864328937,24,24,11784,8032
CAMELS-AUS v2,737,12,0.34278965342083195,0.2921202461482266,0.14781486770955743,24,24,15024,9315
CAMELS-AUS v2,738,12,0.3937661620630586,0.351668288208736,0.10691084686850494,24,24,13920,9008
CAMELS-AUS v2,739,12,0.3486537399370102,0.32457008111612234,0.06907615224560326,24,23,8472,5708
CAMELS-AUS v2,740,12,0.32443631077456153,0.32239085191070965,0.006304654552902966,24,24,16512,10966
CAMELS-AUS v2,741,12,0.358609836310725,0.33787345256296814,0.05782435853150836,24,24,17256,11402
CAMELS-AUS v2,742,12,0.33084166896942774,0.28188951868379547,0.14796246929269308,24,22,9336,5876
CAMELS-AUS v2,743,12,0.3016677705268374,0.30259249615890454,-0.0030653776187365978,24,24,16416,11027
CAMELS-AUS v2,744,12,0.3408731230405092,0.3222275667278156,0.05469940295198272,24,24,18288,11665
CAMELS-AUS v2,745,12,0.35897194109169195,0.3368163665550028,0.06171951620873328,24,24,16560,11318
CAMELS-AUS v2,746,12,0.4042170117265941,0.3539931389078729,0.12424977514972035,24,22,8616,5464
CAMELS-AUS v2,747,12,0.36852844330606105,0.3391158065140149,0.0798110358272105,24,24,16440,10684
CAMELS-AUS v2,748,12,0.39154183304634005,0.36709374006231,0.06244056425290467,24,24,14496,9929
CAMELS-AUS v2,749,12,0.36008495114582445,0.33128671192674647,0.0799762365170753,24,24,15360,9762
CAMELS-AUS v2,750,12,0.3402162526643697,0.3217569150635937,0.054257659521594115,24,24,18984,12215
CAMELS-AUS v2,751,12,0.4202861178810695,0.37683435182096825,0.10338615579112953,24,23,7680,4936
CAMELS-AUS v2,752,12,0.35226502402531285,0.3320390215063135,0.05741700464008026,24,24,14280,9210
CAMELS-AUS v2,753,12,0.32355463772237,0.32127539991852716,0.007044367590856582,24,24,15408,9911
CAMELS-AUS v2,754,12,0.3025952451469252,0.2778122656991594,0.08190141730658196,24,24,13632,9268
CAMELS-AUS v2,755,12,0.3732717585185488,0.35290219248929716,0.05457033800278632,24,24,19920,13191
CAMELS-AUS v2,756,12,0.3890189121050687,0.3830450435532319,0.015356241987082075,24,23,10008,6608
CAMELS-AUS v2,757,12,0.4018580506499832,0.3561091046630317,0.11384354727485269,24,24,11376,7562
CAMELS-AUS v2,758,12,0.3687721507230494,0.333318897274133,0.09613864110780446,24,24,17040,11084
CAMELS-AUS v2,759,12,0.3982842589610135,0.3713694594826957,0.06757685967436744,24,24,12240,7929
CAMELS-AUS v2,760,12,0.344128248116096,0.30946778995212837,0.10071959612067205,24,24,15504,10508
CAMELS-AUS v2,761,12,0.3219125401776852,0.29510296838755173,0.08328216035117952,24,24,16728,10958
CAMELS-AUS v2,762,12,0.3715410538578095,0.34036527077063927,0.08390938972547934,24,24,15312,10073
CAMELS-AUS v2,763,12,0.38311096922554316,0.3260959585349097,0.14882113870529212,24,24,8304,6255
CAMELS-AUS v2,764,12,0.3471433513196977,0.33102776883131435,0.046423422563383276,24,24,15888,10502
CAMELS-AUS v2,765,12,0.35702457090402256,0.33301386973833075,0.06725223730370788,24,24,16704,10985
CAMELS-AUS v2,766,12,0.31729741002612805,0.2970421809376942,0.0638367299839161,24,24,19080,12556
CAMELS-AUS v2,767,12,0.30139192422543537,0.29267965982430827,0.02890676126613967,24,24,23400,15077
CAMELS-AUS v2,768,12,0.38587687521497266,0.3477093824668753,0.09891106515992742,24,24,17712,11667
CAMELS-AUS v2,769,12,0.46275888739740617,0.4084509765171923,0.11735681876505066,24,23,7656,5088
CAMELS-AUS v2,770,12,0.36778510279581833,0.3412366660752729,0.0721846440182875,24,24,15216,10204
CAMELS-AUS v2,771,12,0.33279295246072854,0.3378812277556,-0.015289612527091823,24,22,12912,7992
CAMELS-AUS v2,772,12,0.3490722610422598,0.33969209668934,0.02687169792555999,24,24,18024,11984
CAMELS-AUS v2,773,12,0.3672843305276001,0.319795553363018,0.12929704105907536,24,24,12504,7727
CAMELS-AUS v2,774,12,0.31173681112892804,0.30197655423024705,0.03130928575080705,24,24,19608,12715
CAMELS-AUS v2,775,12,0.34048531424239525,0.31035750638875204,0.08848489668542625,24,24,18960,12400
CAMELS-AUS v2,776,12,0.3316228023859884,0.3256202440805086,0.01810055961861512,24,24,13536,8935
CAMELS-AUS v2,777,12,0.3507732896395178,0.28460312469008303,0.18864083128289622,24,24,7512,5745
CAMELS-AUS v2,778,12,0.3517539001965515,0.33934157300724754,0.035286963932363635,24,24,12240,7997
CAMELS-AUS v2,779,12,0.3416968932063654,0.3173384535261917,0.07128668760082224,24,24,11856,8215
CAMELS-AUS v2,780,12,0.41622618176978776,0.37377416758380866,0.10199265698633797,24,24,11136,7564
CAMELS-AUS v2,781,12,0.3835555104845372,0.32273757118070384,0.15856359155680855,24,24,13152,8687
CAMELS-AUS v2,782,12,0.3044615013934111,0.29896716173589416,0.018046090006031412,24,24,13080,8394
CAMELS-AUS v2,783,12,0.32986766988807315,0.32334542783093345,0.01977229856855245,24,24,12432,8649
CAMELS-AUS v2,784,12,0.3764656618909529,0.3535401523428829,0.060896681606809056,24,24,13800,9321
CAMELS-AUS v2,785,12,0.34893776684107564,0.3428084432386664,0.01756566409505589,24,24,11688,7696
CAMELS-AUS v2,786,12,0.4361718332517343,0.31748462734221056,0.2721111196582564,24,22,9264,5925
CAMELS-AUS v2,787,12,0.3327772607651322,0.3283121967131708,0.013417575593041353,24,24,16224,11258
CAMELS-AUS v2,788,12,0.3254318676372128,0.29388473947074656,0.09693927148411474,24,24,8712,6496
CAMELS-AUS v2,789,12,0.310320782250047,0.24927994006378654,0.19670239854279437,24,24,11784,8260
CAMELS-AUS v2,790,12,0.35229074683340894,0.3332502189811492,0.05404776600977146,24,24,17520,11375
CAMELS-AUS v2,791,12,0.3763991866904802,0.3440844013416637,0.08585243138527177,24,24,17064,11075
CAMELS-AUS v2,792,12,0.37226140958388737,0.36268465010541856,0.02572589914483392,24,24,10848,7082
CAMELS-AUS v2,793,12,0.33687682679082576,0.33031809470022283,0.01946922901489867,24,24,16920,11647
CAMELS-AUS v2,794,12,0.29981678349724605,0.28742452248119066,0.04133277954457548,24,24,15096,9932
CAMELS-AUS v2,795,12,0.4253918083832526,0.332135233892717,0.21922512999243515,24,23,9576,6617
CAMELS-AUS v2,796,12,0.3180297087894421,0.3142300372830395,0.011947536350820132,24,24,16464,11026
CAMELS-AUS v2,797,12,0.3263132083992227,0.29817680245918227,0.08622515183515767,24,23,8904,5881
CAMELS-AUS v2,798,12,0.32890202444862876,0.3266858232783186,0.006738180386774539,24,24,19872,13356
CAMELS-AUS v2,799,12,0.5174269324536627,0.40597406621254883,0.21539827026900038,24,22,6600,4215
CAMELS-AUS v2,800,12,0.3927804356213061,0.3475010322306517,0.11527917198582138,24,24,13152,8828
CAMELS-AUS v2,801,12,0.41391948164797987,0.37483392504280816,0.09442792218804585,24,24,16632,11037
CAMELS-AUS v2,802,12,0.2881326064120516,0.28453415843404906,0.012488860677074665,24,22,11016,6665
CAMELS-AUS v2,803,12,0.38640058007508093,0.27734871077674,0.2822249109386721,24,22,10272,6486
CAMELS-AUS v2,804,12,0.33515206227029243,0.3282325290030319,0.02064595163278471,24,24,21312,14396
CAMELS-AUS v2,805,12,0.30267407540244035,0.3018767219147981,0.002634363338128942,24,24,19944,13120
CAMELS-AUS v2,806,12,0.3753964755207644,0.3163880722261156,0.15718955062854567,24,22,9384,5825
CAMELS-AUS v2,807,12,0.3493979949236637,0.32127792314410575,0.08048149156008066,24,24,19152,12694
CAMELS-AUS v2,808,12,0.34526862618443876,0.32666449851069357,0.05388305297049223,24,23,12912,8154
CAMELS-AUS v2,809,12,0.3093716888863886,0.3109969607222861,-0.005253460139639232,24,24,17304,11603
CAMELS-AUS v2,810,12,0.3592220229135618,0.33364431354692103,0.07120306588996472,24,24,17520,11568
CAMELS-AUS v2,811,12,0.3410921339107977,0.28157936119515653,0.17447711864034043,24,24,9936,7522
CAMELS-AUS v2,812,12,0.3001677109524189,0.2875365643715767,0.04208029751356035,24,24,21984,14361
CAMELS-AUS v2,813,12,0.3744951195922795,0.3289697036257028,0.1215647777096297,24,23,10464,7037
CAMELS-AUS v2,814,12,0.4973668639292819,0.35372802733761194,0.2887985650207957,24,21,7704,4795
CAMELS-AUS v2,815,12,0.36704713639083936,0.28018542602362595,0.2366500150943046,24,23,9480,6549
CAMELS-AUS v2,816,12,0.3265001057977256,0.3134363314537305,0.040011547047057894,24,24,12048,8362
CAMELS-AUS v2,817,12,0.3378878433177044,0.3120821909723495,0.07637342643632994,24,24,16992,11520
CAMELS-AUS v2,818,12,0.32461154582238533,0.3086033824224306,0.049314830621316696,24,23,10536,6504
CAMELS-AUS v2,819,12,0.38929120952764346,0.3508845364594753,0.09865795098422558,24,24,9792,6545
CAMELS-AUS v2,820,12,0.4019056800143683,0.3553581937999065,0.11581694046423463,24,24,16176,10556
CAMELS-AUS v2,821,12,0.4475216482567752,0.3776878597407764,0.15604560983367255,24,24,9048,5783
CAMELS-AUS v2,822,12,0.38422042552308405,0.3403631193756951,0.11414621200234454,24,23,11088,7032
CAMELS-AUS v2,823,12,0.4182417994818467,0.30622989948758866,0.2678161296480358,24,23,8976,6156
CAMELS-AUS v2,824,12,0.3195431316922949,0.31436672147583306,0.016199410042230244,24,23,8688,5811
CAMELS-AUS v2,825,12,0.28380757010181956,0.28325489945579563,0.0019473428627209133,24,24,23352,14501
CAMELS-AUS v2,826,12,0.406518914596433,0.3635650294990286,0.10566269749107837,24,24,14568,9618
CAMELS-AUS v2,827,12,0.339422389180097,0.3241249647178662,0.045068990584807844,24,24,11088,7801
CAMELS-AUS v2,828,12,0.43458700599193845,0.3093078537119091,0.2882717397269656,24,22,10776,6813
CAMELS-AUS v2,829,12,0.39230234513918455,0.33848091366400007,0.13719375410842682,24,24,12768,8204
CAMELS-AUS v2,830,12,0.31372009619398955,0.31091560777625393,0.00893946053108896,24,24,18264,11510
CAMELS-AUS v2,831,12,0.40123698885967596,0.35249701422377383,0.12147428075966316,24,24,16968,11073
CAMELS-AUS v2,832,12,0.3422185561683801,0.3279436615373031,0.04171280128963373,24,24,12864,8945
CAMELS-AUS v2,833,12,0.31165402225267497,0.25911587839812567,0.16857842383934885,24,24,14064,9029
CAMELS-AUS v2,834,12,0.35570222765063414,0.31980770573406103,0.10091171526715381,24,24,14112,8854
CAMELS-AUS v2,835,12,0.30353964524583854,0.30621287014919407,-0.008806839387291543,24,24,13320,8859
CAMELS-AUS v2,836,12,0.32352816946593804,0.3059516698605913,0.05432757102530217,24,24,13464,8393
CAMELS-AUS v2,837,12,0.3257539574611102,0.3100461692280888,0.048219792494452296,24,24,17832,11269
CAMELS-AUS v2,838,12,0.42319307357824304,0.3486883079645234,0.17605383987917433,24,24,11784,7745
CAMELS-AUS v2,839,12,0.3614091383997338,0.31042195009651724,0.1410788574106906,24,24,10320,7728
CAMELS-AUS v2,840,12,0.30017247642591105,0.29496922645535884,0.017334200765193986,24,24,14304,10212
CAMELS-AUS v2,841,12,0.3531386470008774,0.32983837517967357,0.06598052073622496,24,24,19680,13251
CAMELS-AUS v2,842,12,0.38740598642004587,0.37349333471824425,0.03591233018974771,24,23,10176,6721
CAMELS-AUS v2,843,12,0.29361710406032343,0.2919193495513474,0.005782205755381353,24,24,16368,9892
CAMELS-AUS v2,844,12,0.3919546020305297,0.3338957130074899,0.1481265654804521,24,24,12048,7472
CAMELS-AUS v2,845,12,0.3285424604309472,0.313221149606365,0.04663418787478901,24,24,14592,9010
CAMELS-AUS v2,846,12,0.3037585634204261,0.2887206076952187,0.04950627747206493,24,23,10824,7328
CAMELS-AUS v2,847,12,0.3989911113490959,0.35955434895116284,0.09884120542080943,24,24,12744,8126
CAMELS-AUS v2,848,12,0.3179271466677132,0.3076622571132267,0.0322869237876533,24,24,15456,10000
CAMELS-AUS v2,849,12,0.3248727806327005,0.3149806278590025,0.030449312356771396,24,24,19512,13088
CAMELS-AUS v2,850,12,0.32358835117038315,0.30018993784322945,0.07230919544082548,24,24,17184,11214
CAMELS-AUS v2,851,12,0.3272657336517102,0.33398151522468816,-0.020520882214100533,24,24,14904,9475
CAMELS-AUS v2,852,12,0.4110530259765128,0.37453152712262505,0.08884863155337663,24,23,9672,6237
CAMELS-AUS v2,853,12,0.3143752090475604,0.28577413261691464,0.09097751860681491,24,23,13704,8563
CAMELS-AUS v2,854,12,0.30112955968753724,0.2867015106958536,0.047913094306167414,24,24,18696,12440
CAMELS-AUS v2,855,12,0.2931689870685678,0.2937292065344085,-0.001910909716073217,24,22,12528,7696
CAMELS-AUS v2,856,12,0.39111939369199744,0.32918221306178663,0.15835875599404747,24,24,19368,12449
CAMELS-AUS v2,857,12,0.4167497185309121,0.3610704428526369,0.13360363115433083,24,24,10584,7074
CAMELS-AUS v2,858,12,0.3930097682459697,0.35810624628863175,0.08881082552506225,24,24,17280,11358
CAMELS-AUS v2,859,12,0.3817389523967451,0.3580076717596053,0.06216625389718067,24,24,12168,8320
CAMELS-AUS v2,860,12,0.39827139585218,0.2924103498379468,0.2658012780147635,24,23,11880,7674
CAMELS-AUS v2,861,12,0.42481726195832986,0.31508408086302875,0.25830678487369185,24,22,9648,6226
CAMELS-AUS v2,862,12,0.3307684530408209,0.28312420635103847,0.14404108448607877,24,24,12936,8216
CAMELS-AUS v2,863,12,0.43161251840023945,0.3812457527044776,0.11669440423657074,24,24,15720,10534
CAMELS-AUS v2,864,12,0.335113673523112,0.32237181421578726,0.038022498972862584,24,24,12240,8023
CAMELS-AUS v2,865,12,0.3890619711917038,0.3220581047585198,0.17221900723925798,24,22,9912,6231
CAMELS-AUS v2,866,12,0.37480189753224735,0.3524094736138175,0.059744691971585384,24,24,13032,8937
CAMELS-AUS v2,867,12,0.4069721390781529,0.3469697367840806,0.14743614250839343,24,24,11472,7518
CAMELS-AUS v2,868,12,0.28205808015949746,0.2866910509862959,-0.016425591580920385,24,24,16176,11104
CAMELS-AUS v2,869,12,0.5540672264091778,0.40128499984044147,0.27574673123854276,24,23,5112,3771
CAMELS-AUS v2,870,12,0.391674841948671,0.31825919592162577,0.18744029016973818,24,23,11208,7070
CAMELS-AUS v2,871,12,0.3368185495983785,0.32148489855168005,0.045524960145402416,24,24,15408,10209
CAMELS-AUS v2,872,12,0.38372340329393834,0.36570429302524643,0.046958590781831955,24,22,10080,6236
CAMELS-AUS v2,873,12,0.40622055537767054,0.37462942007178324,0.07776843118270182,24,24,11136,7146
CAMELS-AUS v2,874,12,0.27895423509398987,0.2861090847122335,-0.025648829514393068,24,24,22104,14673
CAMELS-AUS v2,875,12,0.3788810457311688,0.32130481501853253,0.15196387193644123,24,23,10632,6690
CAMELS-AUS v2,876,12,0.42646334333729224,0.3773311053122095,0.11520858426095437,24,24,14040,9288
CAMELS-AUS v2,877,12,0.34619354466456587,0.3207265720000791,0.07356281784272511,24,24,19800,12867
CAMELS-AUS v2,878,12,0.32789460014579014,0.26278373999757104,0.19857252946303228,24,22,5760,4163
CAMELS-AUS v2,879,12,0.34026577205341313,0.29877670107906235,0.12193136771875501,24,22,8688,5485
CAMELS-AUS v2,880,12,0.33005383732424975,0.27380419264537337,0.17042566490028688,24,24,11328,7940
CAMELS-AUS v2,881,12,0.29013891895367405,0.2811657462945567,0.03092715962228454,24,24,16512,10271
CAMELS-AUS v2,882,12,0.33803512711961636,0.33599223446815163,0.0060434330268340775,24,24,13920,9276
CAMELS-AUS v2,883,12,0.35700422484241906,0.33589263056789714,0.05913541859018767,24,24,11064,7257
CAMELS-AUS v2,884,12,0.3619982257373823,0.3308834149750517,0.08595293719727604,24,24,17880,12086
CAMELS-AUS v2,885,12,0.3620721105585593,0.33804431792246575,0.0663618984600236,24,24,18984,12744
CAMELS-AUS v2,886,12,0.3925833549032236,0.28588296102859684,0.27179041735207965,24,23,12192,7732
CAMELS-AUS v2,887,12,0.2848119930251503,0.28839716049219216,-0.012587838836987775,24,24,21696,14340
CAMELS-AUS v2,888,12,0.3247217055652587,0.29466492053444676,0.09256167516886693,24,23,10416,6840
CAMELS-AUS v2,889,12,0.3927102134721331,0.3806131905873121,0.030803942626970726,24,24,11664,7965
CAMELS-AUS v2,890,12,0.40553161490406847,0.33013153908319653,0.18592897088605131,24,23,11280,7089
CAMELS-AUS v2,891,12,0.3585876261781707,0.33508812054051507,0.06553350958624404,24,24,16296,10844
CAMELS-AUS v2,892,12,0.29545759505847546,0.23122643359883768,0.21739553334861972,24,24,9480,6626
CAMELS-AUS v2,893,12,0.37837242729370485,0.3347039628252384,0.11541132841207158,24,24,16392,10740
CAMELS-AUS v2,894,12,0.31927340572939106,0.2909865052696347,0.08859773458153819,24,24,13848,9350
CAMELS-AUS v2,895,12,0.45438009008360863,0.39779329435810373,0.12453625711261385,24,23,8280,5468
CAMELS-AUS v2,896,12,0.4493194173511252,0.4086678721573998,0.09047359990222237,24,24,11472,7701
CAMELS-AUS v2,897,12,0.3690592177488141,0.3390852167558965,0.08121732110026392,24,24,18384,12060
CAMELS-AUS v2,898,12,0.3478922377686859,0.3320280812564027,0.04560077745348057,24,24,14496,9179
CAMELS-AUS v2,899,12,0.36338620623419665,0.3202872663263747,0.1186036761121454,24,24,15576,10083
CAMELS-AUS v2,900,12,0.34620491143029714,0.3188567067465736,0.07899427125611314,24,24,14904,9117
CAMELS-AUS v2,901,12,0.2899391843331601,0.29566058060586475,-0.019733090875120762,24,24,13848,8458
CAMELS-AUS v2,902,12,0.3242616714820408,0.2959466895434928,0.08732139635601754,24,24,14400,9375
CAMELS-AUS v2,903,12,0.4157566346718434,0.37587279786687067,0.09593072840906802,24,24,9768,6430
CAMELS-AUS v2,904,12,0.3493210927393579,0.30686259637738283,0.12154575616667673,24,22,9336,5826
CAMELS-AUS v2,905,12,0.32452975895101294,0.3245085082555791,6.548150007112952e-05,24,24,16896,11003
CAMELS-AUS v2,906,12,0.3837917700862624,0.35610470692279983,0.07214084647317875,24,24,11904,7814
CAMELS-AUS v2,907,12,0.3899514240507123,0.35190016308263156,0.0975794897036516,24,24,15336,10304
CAMELS-AUS v2,908,12,0.3747793084156333,0.28470370088205676,0.24034306460078614,24,24,11400,7964
CAMELS-AUS v2,909,12,0.35116298012155195,0.34700351905030846,0.011844816528791657,24,24,11928,8050
CAMELS-AUS v2,910,12,0.32552202596772023,0.3247742118981992,0.0022972764048696526,24,24,18072,11829
CAMELS-AUS v2,911,12,0.3431551388846685,0.3221719361312498,0.061147861056718655,24,24,18168,11652
CAMELS-AUS v2,912,12,0.29084987699019166,0.2738283099232842,0.058523549134873676,24,24,11880,8025
CAMELS-AUS v2,913,12,0.3810899379312237,0.35920504120827484,0.05742711770809983,24,24,21048,14295
CAMELS-AUS v2,914,12,0.4036603948001833,0.36135989396899715,0.10479229911105203,24,24,11376,7495
CAMELS-AUS v2,915,12,0.36768814907433833,0.35731038128163933,0.028224373885384124,24,24,13200,9050
CAMELS-AUS v2,916,12,0.35363669584291746,0.32768456137226065,0.0733864295638158,24,24,17208,11028
CAMELS-AUS v2,917,12,0.342166905756479,0.31358483615704624,0.08353253666143479,24,24,12144,8066
CAMELS-AUS v2,918,12,0.3975345418733227,0.32533579164238835,0.1816162939972673,24,24,16032,10460
CAMELS-AUS v2,919,12,0.36622797236995863,0.3331130021360693,0.09042173927784258,24,24,11928,7405
CAMELS-AUS v2,920,12,0.3508209150896921,0.3135481264210625,0.10624448847099188,24,24,16272,10350
CAMELS-AUS v2,921,12,0.3514542012400946,0.3374119846208526,0.03995461306108872,24,24,15168,10419
CAMELS-AUS v2,922,12,0.37743677338546033,0.3514646446057406,0.06881186628096636,24,24,17520,11604
CAMELS-AUS v2,923,12,0.38189865541983864,0.2925224674919719,0.2340311668015992,24,23,10824,7086
CAMELS-AUS v2,924,12,0.5055141148834711,0.41205335083479144,0.18488260030132653,24,24,8160,5368
CAMELS-AUS v2,925,12,0.32406597831643724,0.30260942107706773,0.06621045921216095,24,24,15792,10323
CAMELS-AUS v2,926,12,0.3778201530744422,0.3549451172720151,0.06054477405793657,24,24,15528,9843
CAMELS-AUS v2,927,12,0.44251983756629065,0.35920467239934456,0.18827441866821448,24,23,9360,5828
CAMELS-AUS v2,928,12,0.3459015061338212,0.31384615551604855,0.09267190240383394,24,24,17808,11846
CAMELS-AUS v2,929,12,0.34617677504060923,0.338373738176167,0.02254061342944469,24,23,11376,7171
CAMELS-AUS v2,930,12,0.39418712531374844,0.32959318140122695,0.16386619390754764,24,23,10416,6543
CAMELS-AUS v2,931,12,0.3207567641242845,0.2966461480264991,0.0751679116217896,24,22,7680,4999
CAMELS-AUS v2,932,12,0.3548432328373354,0.34194400879109094,0.03635189529500649,24,24,13032,8592
CAMELS-AUS v2,933,12,0.3320323573807658,0.31107640355933824,0.06311419160089826,24,24,21048,13920
CAMELS-AUS v2,934,12,0.3594906586458263,0.341744951983231,0.04936347088806703,24,23,11112,6886
CAMELS-AUS v2,935,12,0.3827491091101816,0.38308677820780646,-0.0008822204665868139,24,23,9840,6476
CAMELS-AUS v2,936,12,0.42494962538837494,0.40848051911753336,0.03875543190746422,24,24,11208,7703
CAMELS-AUS v2,937,12,0.4094344256723238,0.35256736621739926,0.13889173916322328,24,24,15672,10250
CAMELS-AUS v2,938,12,0.29629678093428924,0.2944798373593245,0.006132174535394941,24,22,12648,7598
CAMELS-AUS v2,939,12,0.339536487407289,0.33375077159083416,0.01704004144189253,24,24,15816,10089
CAMELS-AUS v2,940,12,0.3418879708650644,0.2954828418967476,0.13573197340315857,24,23,9984,6321
CAMELS-AUS v2,941,12,0.3367364243777627,0.342853812086753,-0.01816669438209506,24,24,12696,8239
CAMELS-AUS v2,942,12,0.3022512070906693,0.29893251090354217,0.010979926992091715,24,24,13512,9013
CAMELS-AUS v2,943,12,0.4043600573243926,0.35792255551070373,0.11484196070442987,24,24,12168,7808
CAMELS-AUS v2,944,12,0.32662311488353807,0.31527448228391675,0.034745344350989416,24,24,19416,12926
CAMELS-AUS v2,945,12,0.35153303420376447,0.25899403882206823,0.2632440948012199,24,23,7248,4865
CAMELS-AUS v2,946,12,0.35164517910052795,0.3417725667190044,0.02807549475518667,24,24,15648,10570
CAMELS-AUS v2,947,12,0.39143370725795,0.34519927444253007,0.11811561436366547,24,23,10704,6768
CAMELS-AUS v2,948,12,0.33844993613790225,0.32075649283569785,0.05227787454802524,24,24,20352,13689
CAMELS-AUS v2,949,12,0.3128881095680275,0.3080544104950073,0.01544865057254352,24,24,19200,12718
CAMELS-AUS v2,950,12,0.371790050088264,0.33586044374488155,0.09663950483573358,24,23,11424,7032
CAMELS-AUS v2,951,12,0.331818131182081,0.3015245861783579,0.09129562901160415,24,24,19608,12212
CAMELS-AUS v2,952,12,0.3490337135583573,0.34488596350948997,0.011883522673444613,24,24,14520,9730
CAMELS-AUS v2,953,12,0.30994073607293066,0.30826425486813847,0.005409037953622575,24,24,17472,11083
CAMELS-AUS v2,954,12,0.3050664021988598,0.3004744555887094,0.01505228559111238,24,24,13032,8336
CAMELS-AUS v2,955,12,0.39711066200987594,0.29437606669887356,0.2587052052217309,24,22,9240,5890
CAMELS-AUS v2,956,12,0.3498413759091943,0.34472471983458847,0.014625645869669524,24,24,15624,10323
CAMELS-AUS v2,957,12,0.415881876682105,0.36110478329999207,0.13171310521901847,24,24,16488,10956
CAMELS-AUS v2,958,12,0.30566251621709684,0.28812282711690734,0.05738253194163956,24,22,10200,6262
CAMELS-AUS v2,959,12,0.37917630224979737,0.3507057064708405,0.07508537746169786,24,24,17496,11253
CAMELS-AUS v2,960,12,0.3578858655595295,0.3440177631075681,0.03875007030601674,24,24,14448,9323
CAMELS-AUS v2,961,12,0.44054183480591225,0.3070504515941523,0.303016360002613,24,23,10944,6722
CAMELS-AUS v2,962,12,0.49148838658534616,0.4136140940680335,0.15844584458719435,24,24,9504,6271
CAMELS-AUS v2,963,12,0.3852830856634491,0.3617027699506572,0.06120257179779154,24,23,10296,6996
CAMELS-AUS v2,964,12,0.44527154505430183,0.32948831863005656,0.2600283528338314,24,23,8664,6053
CAMELS-AUS v2,965,12,0.3868819199609394,0.3499226914459269,0.09553103054995171,24,24,11592,7246
CAMELS-AUS v2,966,12,0.3214613532719644,0.2967642827428923,0.0768274950556117,24,23,12720,7979
CAMELS-AUS v2,967,12,0.36006579971553304,0.3184886996134843,0.11547083931574831,24,24,15192,9840
CAMELS-AUS v2,968,12,0.32001801017304454,0.32151839681409694,-0.004688444379243206,24,24,19704,12741
CAMELS-AUS v2,969,12,0.35094792891367743,0.3504805371682849,0.0013317979873517238,24,24,13896,8816
CAMELS-AUS v2,970,12,0.3559405733308464,0.3530174439423038,0.008212408496138357,24,24,12528,8314
CAMELS-AUS v2,971,12,0.29939779878893547,0.2940436402191721,0.017883092632681064,24,24,17184,10719
CAMELS-AUS v2,972,12,0.38256467710750325,0.35886233665857836,0.061956426892659455,24,24,14088,9348
CAMELS-AUS v2,973,12,0.3334311591753762,0.3366207391359449,-0.009565932495502416,24,24,10728,7047
CAMELS-AUS v2,974,12,0.4355689744936065,0.3731250870569564,0.1433616512958653,24,24,11832,7738
CAMELS-AUS v2,975,12,0.4133533977483796,0.3439375894617936,0.1679333196840962,24,21,7512,4656
CAMELS-AUS v2,976,12,0.371764639235639,0.35824103001586083,0.03637680347324912,24,24,20736,13739
CAMELS-AUS v2,977,12,0.34782588948311377,0.3437649376085118,0.011675243267937119,24,24,11256,7488
CAMELS-AUS v2,978,12,0.320460961815347,0.291590073133065,0.09009174945595311,24,24,16416,11262
CAMELS-AUS v2,979,12,0.3163822041335694,0.2889470976360567,0.08671507480215357,24,24,13944,9049
CAMELS-AUS v2,980,12,0.4031931483487267,0.3709713771778632,0.07991646510568795,24,24,11112,7475
CAMELS-AUS v2,981,12,0.40081996526792857,0.38655681192227176,0.035584937332456934,24,23,6408,4330
CAMELS-AUS v2,982,12,0.3748786543471531,0.32209950603369514,0.14078995349941237,24,24,16176,10625
CAMELS-AUS v2,983,12,0.3916965726557477,0.36232851311607367,0.07497655478717935,24,24,11328,7415
CAMELS-AUS v2,984,12,0.2749902040199881,0.24916788123016445,0.0939027005774602,24,24,13872,10281
CAMELS-AUS v2,985,12,0.42027686115605956,0.3783767444020228,0.0996964635140315,24,24,13104,8876
CAMELS-AUS v2,986,12,0.42854619987624976,0.3781886848594293,0.11750778569816289,24,24,11736,7638
CAMELS-AUS v2,987,12,0.3628004672377988,0.34194718242051636,0.057478660311686136,24,24,13248,8802
CAMELS-AUS v2,988,12,0.4043943431447513,0.3596493862633495,0.11064684172742123,24,24,14424,9319
CAMELS-AUS v2,989,12,0.4184883193208136,0.3810140378763156,0.08954677995628879,24,24,13248,8597
CAMELS-AUS v2,990,12,0.31340331763267854,0.30858438890206336,0.015376125457175815,24,24,15384,10606
CAMELS-AUS v2,991,12,0.3176071756990058,0.30402978606705733,0.042749001504977624,24,24,12456,8277
CAMELS-AUS v2,992,12,0.34168279841138044,0.3317524246032646,0.029063136494684838,24,24,15672,9950
CAMELS-AUS v2,993,12,0.32031523875864953,0.3129106645804895,0.023116521732951978,24,24,17232,11437
CAMELS-AUS v2,994,12,0.3937934057224754,0.382014683072671,0.02991091897081033,24,23,11160,7068
CAMELS-AUS v2,995,12,0.31641308996056633,0.25646145539808196,0.1894726750083442,24,23,6720,4999
CAMELS-AUS v2,996,12,0.3440613004526236,0.32101217595043186,0.06699133111416455,24,24,17232,11057
CAMELS-AUS v2,997,12,0.36848742782201843,0.3553734964020518,0.03558854503524811,24,24,18312,12097
CAMELS-AUS v2,998,12,0.36927694076778733,0.31697852418981376,0.14162383513369825,24,23,11232,7225
CAMELS-AUS v2,999,12,0.3383870005691082,0.3288027878687852,0.028323229569114705,24,24,10008,6672
CAMELS-DK lowland,0,12,0.28516521406377204,0.27498011608345996,0.03571648110640302,24,24,5208,4174
CAMELS-DK lowland,1,12,0.2805245136108708,0.326636932857966,-0.16437928597947793,24,24,5520,4429
CAMELS-DK lowland,2,12,0.300498286115138,0.3594826782579402,-0.19628861417266763,24,24,6168,4843
CAMELS-DK lowland,3,12,0.2591661406886303,0.285318008947513,-0.100907735051325,24,24,5712,4490
CAMELS-DK lowland,4,12,0.2840832641928307,0.30868198617774817,-0.08658983152284638,24,24,5688,4550
CAMELS-DK lowland,5,12,0.25245525703892346,0.25549023218012223,-0.012021833796595605,24,24,5424,4416
CAMELS-DK lowland,6,12,0.26886219446644194,0.3004221373711347,-0.11738334192846867,24,24,5952,4814
CAMELS-DK lowland,7,12,0.23323673200570078,0.24688609845603213,-0.05852151302650621,24,24,4824,4000
CAMELS-DK lowland,8,12,0.2801843976529394,0.26018212320323486,0.071389679858195,24,24,4560,3743
CAMELS-DK lowland,9,12,0.28711433768329947,0.3051914774726645,-0.06296146662416069,24,24,4704,3832
CAMELS-DK lowland,10,12,0.28477100525102933,0.30335911101184226,-0.0652738706471443,24,23,5424,4263
CAMELS-DK lowland,11,12,0.2812944919427717,0.3257507196223482,-0.15804158614176123,24,24,5544,4462
CAMELS-DK lowland,12,12,0.2683456085024614,0.27830003961179,-0.037095561819999956,24,24,5904,4912
CAMELS-DK lowland,13,12,0.2875868713768328,0.30612543062631253,-0.06446246715201465,24,24,5496,4349
CAMELS-DK lowland,14,12,0.2704383214869921,0.28155196641705504,-0.04109493384278928,24,24,4680,3830
CAMELS-DK lowland,15,12,0.2882850011817303,0.287032612522094,0.004344272697166085,24,24,5640,4606
CAMELS-DK lowland,16,12,0.3005682169574115,0.31301008026545346,-0.04139447421949116,24,24,5160,4114
CAMELS-DK lowland,17,12,0.28155984615617224,0.2832037877689387,-0.005838693390443961,24,23,4368,3456
CAMELS-DK lowland,18,12,0.28279357990066134,0.30518322164256784,-0.07917309066836475,24,24,6216,4887
CAMELS-DK lowland,19,12,0.25196696524351436,0.2582274282747253,-0.024846364384158326,24,24,4992,4098
CAMELS-DK lowland,20,12,0.26537183538818393,0.28588892269156574,-0.07731448694760523,24,24,6336,5102
CAMELS-DK lowland,21,12,0.2676559479088023,0.2677351171408344,-0.000295787306991091,24,24,5328,4364
CAMELS-DK lowland,22,12,0.24654756630775554,0.22796341565100142,0.075377546552442,24,24,5856,4904
CAMELS-DK lowland,23,12,0.2669121755501143,0.29947325651494083,-0.12199174090772402,24,24,5688,4595
CAMELS-DK lowland,24,12,0.27580488017208277,0.2690699436972537,0.024419207051836644,24,24,4704,3811
CAMELS-DK lowland,25,12,0.2485023006503559,0.27493417895268757,-0.10636472271345876,24,24,5112,4183
CAMELS-DK lowland,26,12,0.29822576778890547,0.33231346082046154,-0.11430163558396633,24,24,6648,5131
CAMELS-DK lowland,27,12,0.2701784732747069,0.2810794326765763,-0.0403472536865872,24,24,5376,4357
CAMELS-DK lowland,28,12,0.2600412000436779,0.3047399278815639,-0.17189094585926434,24,24,5712,4489
CAMELS-DK lowland,29,12,0.27171580545387536,0.26925791616304984,0.009045809045667541,24,24,5064,4095
CAMELS-DK lowland,30,12,0.28387106249697963,0.2780260929570041,0.02059022673379307,24,24,4560,3717
CAMELS-DK lowland,31,12,0.2981971614668962,0.3243174469724078,-0.08759401121399102,24,24,4704,3735
CAMELS-DK lowland,32,12,0.2457748556805814,0.2310930786027491,0.05973669290610151,24,24,4584,3782
CAMELS-DK lowland,33,12,0.2890335568243085,0.32559523144992225,-0.1264962969259591,24,24,5616,4356
CAMELS-DK lowland,34,12,0.2662425105467118,0.29889255163801326,-0.12263271189960134,24,24,5016,4008
CAMELS-DK lowland,35,12,0.2837050422963858,0.2779480478453757,0.02029218234688901,24,23,4800,3775
CAMELS-DK lowland,36,12,0.29457777086347003,0.2522996528343007,0.143521073926397,24,24,5328,4409
CAMELS-DK lowland,37,12,0.2463192994024946,0.28920029815456233,-0.17408704415807308,24,24,5256,4236
CAMELS-DK lowland,38,12,0.23776611507016499,0.2667976006361805,-0.12210102165923997,24,24,4896,4078
CAMELS-DK lowland,39,12,0.22760239110378827,0.24657113515029988,-0.08334158509723966,24,24,5496,4566
CAMELS-DK lowland,40,12,0.2734610711130372,0.2860354289152316,-0.045982259014105464,24,24,5016,4091
CAMELS-DK lowland,41,12,0.26083245654581433,0.28173286347535303,-0.08012962499499232,24,24,4896,4037
CAMELS-DK lowland,42,12,0.2946667482577826,0.33323048654461673,-0.13087237876293223,24,24,6144,4832
CAMELS-DK lowland,43,12,0.25344375096383526,0.2872507229877736,-0.13339043434833942,24,24,5544,4495
CAMELS-DK lowland,44,12,0.2672898252426815,0.2624007717125291,0.018291207028600764,24,24,5088,4139
CAMELS-DK lowland,45,12,0.2840260253889769,0.3173686474402376,-0.11739284104545544,24,24,5496,4423
CAMELS-DK lowland,46,12,0.30179488025416323,0.2842357620923026,0.058182293043118616,24,24,5016,4110
CAMELS-DK lowland,47,12,0.28240573422487725,0.3147922304422957,-0.1146807316300078,24,24,5640,4461
CAMELS-DK lowland,48,12,0.21017237778754194,0.24932925826687552,-0.1863084049937156,24,24,4584,3822
CAMELS-DK lowland,49,12,0.2687165312838047,0.2905867913900714,-0.08138784763922269,24,24,4584,3678
CAMELS-DK lowland,50,12,0.30488589541234673,0.3373620887633613,-0.10651917271243971,24,24,5856,4631
CAMELS-DK lowland,51,12,0.29063730348368555,0.30245339425070655,-0.04065579547218823,24,24,5448,4362
CAMELS-DK lowland,52,12,0.28553092932162255,0.33583380358964277,-0.1761731185743418,24,24,6168,4780
CAMELS-DK lowland,53,12,0.27779198435972874,0.28129378731568194,-0.012605845931891624,24,24,5976,4823
CAMELS-DK lowland,54,12,0.32370386371533255,0.28593535649237595,0.11667610880347878,24,24,4248,3478
CAMELS-DK lowland,55,12,0.27910892170572404,0.2856903126401588,-0.02358000917424552,24,24,5040,4046
CAMELS-DK lowland,56,12,0.24384946529203771,0.2645371798162384,-0.08483805572189707,24,24,4536,3774
CAMELS-DK lowland,57,12,0.28296865026342133,0.30862569081462193,-0.09067096488362214,24,24,5160,4112
CAMELS-DK lowland,58,12,0.2885559058659287,0.31557389847696043,-0.09363174366490012,24,23,6072,4757
CAMELS-DK lowland,59,12,0.2836138206434949,0.29008479623006117,-0.022816150397340307,24,24,5448,4476
CAMELS-DK lowland,60,12,0.2660323780696123,0.2941511558407971,-0.10569682523315649,24,24,5208,4208
CAMELS-DK lowland,61,12,0.2782934931821283,0.23250216100197918,0.1645433087800624,24,24,5232,4332
CAMELS-DK lowland,62,12,0.282420588934293,0.30346316030644827,-0.07450792256881433,24,24,6168,4946
CAMELS-DK lowland,63,12,0.2897944216577843,0.29655008273784383,-0.023311908633069756,24,24,5064,4167
CAMELS-DK lowland,64,12,0.28452839668342367,0.28065811991337586,0.013602427086931601,24,24,5568,4550
CAMELS-DK lowland,65,12,0.28588527528218566,0.30054599136957905,-0.05128181601141368,24,24,5856,4702
CAMELS-DK lowland,66,12,0.3113874812423487,0.33323618908636754,-0.07016565905876693,24,24,5808,4573
CAMELS-DK lowland,67,12,0.3063702280571407,0.29824307833169567,0.026527217664012892,24,24,4872,3936
CAMELS-DK lowland,68,12,0.2904391179392723,0.29240979669329153,-0.006785169876570407,24,23,4944,3914
CAMELS-DK lowland,69,12,0.31176007564112507,0.2851972609683586,0.08520274643294468,24,23,4224,3401
CAMELS-DK lowland,70,12,0.27003612562987933,0.26164777953809354,0.031063792195282547,24,24,5328,4410
CAMELS-DK lowland,71,12,0.286607141069478,0.2949838771743431,-0.02922724142045885,24,24,5808,4584
CAMELS-DK lowland,72,12,0.2558147985554899,0.25512455006463614,0.0026982351871407406,24,24,5544,4540
CAMELS-DK lowland,73,12,0.27868885521040143,0.3019336703296847,-0.08340776706601405,24,24,5904,4762
CAMELS-DK lowland,74,12,0.26640342874495415,0.30129953413864896,-0.13098970068851168,24,24,5304,4323
CAMELS-DK lowland,75,12,0.3024830367818067,0.3187876461739696,-0.05390255786120024,24,24,5496,4323
CAMELS-DK lowland,76,12,0.28204826889108403,0.2835945542525321,-0.005482343031310011,24,24,5448,4507
CAMELS-DK lowland,77,12,0.28037061104515865,0.28288627466449917,-0.00897263664676795,24,24,4920,4005
CAMELS-DK lowland,78,12,0.26353932247874867,0.2729777810437114,-0.035814232487919595,24,24,6000,4850
CAMELS-DK lowland,79,12,0.2708565067885855,0.2699610122620049,0.003306158442335616,24,23,4152,3288
CAMELS-DK lowland,80,12,0.2501377648744253,0.2593564419460763,-0.036854399319826925,24,23,4296,3425
CAMELS-DK lowland,81,12,0.2527331424719827,0.2803820492747894,-0.10939960834725815,24,24,5616,4526
CAMELS-DK lowland,82,12,0.2848764824943391,0.30521645018818583,-0.0713992517590527,24,24,6072,4889
CAMELS-DK lowland,83,12,0.25985791081539006,0.23841041076979855,0.08253549017727757,24,24,4344,3575
CAMELS-DK lowland,84,12,0.30727052365195295,0.30379119730506754,0.011323332630586047,24,24,5232,4146
CAMELS-DK lowland,85,12,0.26963862604287697,0.25239881007033055,0.06393674461835086,24,24,4776,3951
CAMELS-DK lowland,86,12,0.268720760815105,0.3065001741849827,-0.14058985712634264,24,24,6192,4875
CAMELS-DK lowland,87,12,0.2654586988531586,0.30348133613923894,-0.14323372129203804,24,24,5448,4466
CAMELS-DK lowland,88,12,0.2846418485354268,0.2555058503254212,0.10236020585138683,24,24,5136,4263
CAMELS-DK lowland,89,12,0.2639346290579084,0.2956445770347333,-0.12014318882675923,24,24,5688,4634
CAMELS-DK lowland,90,12,0.2935913494441784,0.2770207115279267,0.05644116540771027,24,24,4752,3879
CAMELS-DK lowland,91,12,0.2872362953104114,0.2883998578015468,-0.004050889494581433,24,24,5424,4378
CAMELS-DK lowland,92,12,0.29186929734491535,0.30619156963533184,-0.04907084239659243,24,24,5928,4676
CAMELS-DK lowland,93,12,0.2927595683727767,0.3201625160779545,-0.09360222744380131,24,23,4920,3800
CAMELS-DK lowland,94,12,0.28111181564133836,0.29831418886673516,-0.061194059688137736,24,24,5568,4358
CAMELS-DK lowland,95,12,0.27243839219099414,0.29128338357507455,-0.06917157024942733,24,24,4848,3964
CAMELS-DK lowland,96,12,0.27934435957645753,0.28448492344863735,-0.018402246889731133,24,24,4008,3268
CAMELS-DK lowland,97,12,0.26806592078134917,0.26300427998069464,0.018882074923589842,24,24,4608,3814
CAMELS-DK lowland,98,12,0.3067071915551214,0.35829971503002905,-0.16821426068725054,24,24,6192,4823
CAMELS-DK lowland,99,12,0.2631073436674841,0.25908027643450204,0.01530579563781198,24,24,4680,3844
CAMELS-DK lowland,100,12,0.3102177333873287,0.31143619249168264,-0.003927754519541304,24,24,5232,4203
CAMELS-DK lowland,101,12,0.2593033535889954,0.29369580142100266,-0.1326340263478445,24,24,5784,4565
CAMELS-DK lowland,102,12,0.2943280315083911,0.2696252300856667,0.08392948947514756,24,24,5568,4495
CAMELS-DK lowland,103,12,0.2732481757460816,0.2988166435491982,-0.09357232754913714,24,24,6024,4878
CAMELS-DK lowland,104,12,0.26897630773961273,0.25819710964718445,0.04007489798269992,24,24,5064,4208
CAMELS-DK lowland,105,12,0.25035903347239574,0.2834797655632948,-0.1322929379919935,24,24,5328,4299
CAMELS-DK lowland,106,12,0.24470059090351304,0.2693887307944943,-0.10089121485087049,24,24,5040,4165
CAMELS-DK lowland,107,12,0.2984932995198652,0.3388933648379579,-0.13534664055467016,24,24,5352,4214
CAMELS-DK lowland,108,12,0.26485513098160934,0.25409968449961656,0.040608790330513234,24,24,5256,4257
CAMELS-DK lowland,109,12,0.2524677027324443,0.2551454160074416,-0.010606161683322624,24,24,5400,4463
CAMELS-DK lowland,110,12,0.2781707510760213,0.3153994614330447,-0.1338340217762477,24,24,4920,3993
CAMELS-DK lowland,111,12,0.27461264328789786,0.32156137890547043,-0.1709634889911189,24,24,5880,4648
CAMELS-DK lowland,112,12,0.30052817941053406,0.3198936160211082,-0.0644380059419325,24,24,5976,4724
CAMELS-DK lowland,113,12,0.24629211226245587,0.25411849193562136,-0.03177681819069167,24,24,5400,4499
CAMELS-DK lowland,114,12,0.2736637929285077,0.2832628081094627,-0.035075941461728766,24,24,5424,4450
CAMELS-DK lowland,115,12,0.2716986847509836,0.23500995358395094,0.1350346292646153,24,24,4632,3819
CAMELS-DK lowland,116,12,0.26224962910100863,0.24672652742961862,0.059192082462054096,24,24,4464,3685
CAMELS-DK lowland,117,12,0.2683083989411024,0.2646750305111485,0.013541761809519492,24,24,5112,4147
CAMELS-DK lowland,118,12,0.3068789388530456,0.29657342726324,0.03358168412704465,24,24,4344,3524
CAMELS-DK lowland,119,12,0.2533872724187621,0.24890425057793705,0.017692371830800302,24,24,4728,3914
CAMELS-DK lowland,120,12,0.27602474095969887,0.25540193917684556,0.07471359890113749,24,24,4968,4060
CAMELS-DK lowland,121,12,0.31673903298093137,0.30039914052401007,0.05158787126152842,24,24,4824,3955
CAMELS-DK lowland,122,12,0.3012060149700827,0.33552515463852667,-0.11393909139514591,24,24,5784,4529
CAMELS-DK lowland,123,12,0.26389665937597373,0.2694475778775988,-0.021034440203794746,24,24,4344,3568
CAMELS-DK lowland,124,12,0.2675825802898209,0.2659803123186076,0.0059879382636862655,24,24,5832,4798
CAMELS-DK lowland,125,12,0.2662268461949206,0.2713146532969033,-0.019110796580813716,24,24,4992,4016
CAMELS-DK lowland,126,12,0.2970920056596293,0.2989578529752389,-0.006280368640236178,24,24,5016,4006
CAMELS-DK lowland,127,12,0.2671169571285529,0.28667331316302486,-0.07321270893730736,24,24,5568,4520
CAMELS-DK lowland,128,12,0.2865181026783232,0.3368726474043222,-0.17574646856618537,24,24,5880,4658
CAMELS-DK lowland,129,12,0.2631995992482724,0.25675527981409846,0.02448453361091596,24,24,4608,3781
CAMELS-DK lowland,130,12,0.2842360455778347,0.30870935464274485,-0.08610206005067855,24,24,5376,4304
CAMELS-DK lowland,131,12,0.3189711563594558,0.3551901238689392,-0.11354935011323564,24,24,5376,4131
CAMELS-DK lowland,132,12,0.27799297283454266,0.30844901834459226,-0.10955688987209244,24,24,5280,4235
CAMELS-DK lowland,133,12,0.2904391179392723,0.29240979669329153,-0.006785169876570407,24,23,4944,3914
CAMELS-DK lowland,134,12,0.26110371096487656,0.27064887782356684,-0.0365569942434647,24,24,5736,4665
CAMELS-DK lowland,135,12,0.2981684406402008,0.2630541338613113,0.11776667813500041,24,24,4440,3636
CAMELS-DK lowland,136,12,0.2821479861183625,0.3169181319867307,-0.12323371981745046,24,23,4824,3826
CAMELS-DK lowland,137,12,0.27333975805464183,0.2928715200644217,-0.07145598631090966,24,24,5304,4214
CAMELS-DK lowland,138,12,0.26674219397218474,0.26291903645771403,0.014332781242960668,24,24,5160,4205
CAMELS-DK lowland,139,12,0.29716111235873593,0.3247523048581043,-0.0928492704861732,24,24,4992,3923
CAMELS-DK lowland,140,12,0.2735435542064957,0.2896716826276089,-0.05896000170027116,24,24,6312,5108
CAMELS-DK lowland,141,12,0.28626947181471607,0.29610727439900286,-0.03436553161579936,24,24,6168,4885
CAMELS-DK lowland,142,12,0.2533039753619016,0.28694540611872194,-0.132810512384403,24,24,5760,4644
CAMELS-DK lowland,143,12,0.2651747554335873,0.24489884763594827,0.0764624361187245,24,24,5496,4590
CAMELS-DK lowland,144,12,0.2295357966500899,0.2472468694121153,-0.07716039511268291,24,24,4872,4051
CAMELS-DK lowland,145,12,0.28690088158350924,0.2746616002709437,0.04266031266621606,24,23,5064,3996
CAMELS-DK lowland,146,12,0.27810789618360254,0.2885041446536826,-0.037382068660203105,24,24,4944,4088
CAMELS-DK lowland,147,12,0.28471652658695984,0.3418511014029875,-0.2006717892386809,24,24,6240,4886
CAMELS-DK lowland,148,12,0.28996211978337844,0.2692141585877286,0.07155404026963919,24,24,5016,4116
CAMELS-DK lowland,149,12,0.2919760141778668,0.29346374247637913,-0.005095378477240509,24,24,5280,4233
CAMELS-DK lowland,150,12,0.29620597733677306,0.28722301446726484,0.030326744079492318,24,24,5112,4109
CAMELS-DK lowland,151,12,0.3044727186440372,0.3284854598287129,-0.07886664293476264,24,24,5736,4479
CAMELS-DK lowland,152,12,0.2810493372355009,0.289108936024693,-0.028676811226346022,24,24,5616,4539
CAMELS-DK lowland,153,12,0.30885788028447647,0.3428995376184267,-0.11021786882237161,24,24,5592,4452
CAMELS-DK lowland,154,12,0.24691855800994597,0.23543583530655568,0.04650408942906492,24,24,5736,4745
CAMELS-DK lowland,155,12,0.27348703490147913,0.30707838818644567,-0.12282612701208118,24,24,5568,4469
CAMELS-DK lowland,156,12,0.2661546917698928,0.2698654131102934,-0.013941972300862915,24,24,5736,4722
CAMELS-DK lowland,157,12,0.3054700314641368,0.29999122099609177,0.017935672582298112,24,24,5496,4408
CAMELS-DK lowland,158,12,0.27959409510232347,0.27672949774141326,0.01024555743876443,24,24,4656,3830
CAMELS-DK lowland,159,12,0.2765532934645727,0.31910989251959165,-0.15388209094125505,24,24,5832,4637
CAMELS-DK lowland,160,12,0.2513121274388384,0.2758892389245695,-0.09779516705461178,24,24,4440,3663
CAMELS-DK lowland,161,12,0.24251942486706823,0.2486763914683199,-0.025387519389947766,24,24,4368,3603
CAMELS-DK lowland,162,12,0.2920574384712381,0.31779044691626296,-0.08810940950425072,24,24,4776,3860
CAMELS-DK lowland,163,12,0.2867722780271192,0.3275894920414305,-0.14233319306565395,24,24,5328,4267
CAMELS-DK lowland,164,12,0.30428177728732964,0.32582270147409376,-0.07079268557848373,24,24,6024,4802
CAMELS-DK lowland,165,12,0.30023426320546764,0.3273301190870789,-0.09024904616921736,24,24,5712,4497
CAMELS-DK lowland,166,12,0.229685756069403,0.2343590407214295,-0.020346427797701017,24,24,4872,4091
CAMELS-DK lowland,167,12,0.25034562666303306,0.2733019808213995,-0.0916986426500106,24,24,5088,4076
CAMELS-DK lowland,168,12,0.2423229831660299,0.2825932573186877,-0.1661842951358279,24,24,5112,4102
CAMELS-DK lowland,169,12,0.27892177835300846,0.2555022311089945,0.08396457021858561,24,24,5088,4183
CAMELS-DK lowland,170,12,0.27811780093634303,0.2786755507386689,-0.002005444457161998,24,24,4488,3644
CAMELS-DK lowland,171,12,0.3019187170992576,0.31457806570630537,-0.04192965818308614,24,23,4416,3474
CAMELS-DK lowland,172,12,0.2859669050319649,0.2606341222160815,0.08858641461693528,24,24,4920,4037
CAMELS-DK lowland,173,12,0.27722281206252514,0.26354736742417906,0.04933015626167769,24,24,5352,4409
CAMELS-DK lowland,174,12,0.30289340999829073,0.31881662926938753,-0.052570372102802354,24,24,5856,4502
CAMELS-DK lowland,175,12,0.27896761888367666,0.2990392141627033,-0.07194955227902655,24,24,5712,4586
CAMELS-DK lowland,176,12,0.3005311735351082,0.3586229294147042,-0.19329693887083454,24,24,6528,5067
CAMELS-DK lowland,177,12,0.2729454068835363,0.3242207094354241,-0.18785918817005975,24,23,4872,3783
CAMELS-DK lowland,178,12,0.21820541220674292,0.23460124197727653,-0.07513942759127845,24,24,4824,4019
CAMELS-DK lowland,179,12,0.271175678785868,0.2655012517416857,0.02092528013422279,24,24,5400,4401
CAMELS-DK lowland,180,12,0.2937752001721003,0.3167292157944928,-0.07813462677906613,24,23,5400,4196
CAMELS-DK lowland,181,12,0.26277164190460034,0.26908650668520195,-0.02403175903925825,24,24,5256,4333
CAMELS-DK lowland,182,12,0.25919033363521654,0.3149931399455084,-0.21529663366546892,24,24,5184,4132
CAMELS-DK lowland,183,12,0.28267812461579683,0.26747094076635364,0.053796818802700486,24,24,4632,3814
CAMELS-DK lowland,184,12,0.26947031090591156,0.29893575787770205,-0.10934580092601998,24,24,6168,4897
CAMELS-DK lowland,185,12,0.27185587406023093,0.2513965625344467,0.07525793436139394,24,24,4992,4091
CAMELS-DK lowland,186,12,0.2620890028287251,0.32230398001946536,-0.22975010985138766,24,24,5616,4404
CAMELS-DK lowland,187,12,0.2880109312869844,0.31816021325718424,-0.1046810335825692,24,24,5400,4275
CAMELS-DK lowland,188,12,0.27168851488095724,0.31168339620288693,-0.14720858310648066,24,24,5880,4662
CAMELS-DK lowland,189,12,0.2704264951153674,0.2811964531607154,-0.03982582416990388,24,23,5040,3952
CAMELS-DK lowland,190,12,0.27902765949890534,0.2808245293219911,-0.006439755206751441,24,24,5784,4648
CAMELS-DK lowland,191,12,0.30742379232854417,0.3125061980880892,-0.016532245995174888,24,24,4920,3878
CAMELS-DK lowland,192,12,0.3194397994357394,0.3035699596476317,0.04968022086208501,24,24,5592,4541
CAMELS-DK lowland,193,12,0.26310278230294293,0.2746106130515825,-0.04373891696587684,24,24,4920,4069
CAMELS-DK lowland,194,12,0.28031347242540355,0.2797266519650511,0.0020934436553299296,24,24,4488,3714
CAMELS-DK lowland,195,12,0.29645546826714547,0.2961377671338357,0.0010716656203604291,24,24,5712,4600
CAMELS-DK lowland,196,12,0.27333308700552966,0.2545996501455279,0.06853702588747623,24,24,4920,4105
CAMELS-DK lowland,197,12,0.272778793844108,0.2878850973338921,-0.055379317713448284,24,24,5184,4256
CAMELS-DK lowland,198,12,0.27263474925344955,0.2853688509196083,-0.046707551774042955,24,24,4224,3370
CAMELS-DK lowland,199,12,0.30548967391935183,0.30723420778315835,-0.005710614834945504,24,23,5328,4117
CAMELS-DK lowland,200,12,0.25367259998081504,0.28022587866394005,-0.10467539137113424,24,24,6240,5076
CAMELS-DK lowland,201,12,0.2775156748471289,0.3140284048592333,-0.13156997359596945,24,24,5112,4037
CAMELS-DK lowland,202,12,0.2983586019534044,0.2762388548173735,0.07413812436178879,24,24,4560,3701
CAMELS-DK lowland,203,12,0.3018556478872836,0.3283222525736658,-0.08767967361758688,24,24,5880,4719
CAMELS-DK lowland,204,12,0.27951471011649326,0.29007571308971414,-0.03778335304363534,24,24,4824,3901
CAMELS-DK lowland,205,12,0.27859157384886035,0.2928844287798515,-0.05130397424993616,24,24,5376,4341
CAMELS-DK lowland,206,12,0.26607149783380074,0.27092147017780344,-0.018228079232418093,24,24,5208,4280
CAMELS-DK lowland,207,12,0.2566222754403519,0.23879118207761751,0.06948380974386204,24,24,4752,3924
CAMELS-DK lowland,208,12,0.266585329135252,0.2446670939048092,0.0822184600388216,24,24,5616,4743
CAMELS-DK lowland,209,12,0.2952797259740737,0.2928778605742053,0.00813420356560246,24,24,5904,4765
CAMELS-DK lowland,210,12,0.2541789369859027,0.28453009272736685,-0.11940861859512575,24,24,5928,4730
CAMELS-DK lowland,211,12,0.29344050612134265,0.28379823752432354,0.032859364661236845,24,24,5280,4228
CAMELS-DK lowland,212,12,0.2911868287495348,0.31921759294117147,-0.09626384652084474,24,24,6432,4980
CAMELS-DK lowland,213,12,0.267717093847593,0.2570245675866623,0.03993964713742848,24,24,4992,4117
CAMELS-DK lowland,214,12,0.30252218404387676,0.33107503857003273,-0.0943826801211205,24,24,5280,4206
CAMELS-DK lowland,215,12,0.30501743932894526,0.24625131280983448,0.19266480843980405,24,24,4968,4069
CAMELS-DK lowland,216,12,0.2776322852905253,0.2762384213804075,0.005020539699333693,24,24,5424,4390
CAMELS-DK lowland,217,12,0.2930303237595652,0.2978275983012859,-0.016371256326553008,24,24,5448,4363
CAMELS-DK lowland,218,12,0.2605446647759258,0.2930529935797864,-0.12477065623976036,24,24,6048,4952
CAMELS-DK lowland,219,12,0.2865911549845896,0.282037578594117,0.01588875410588808,24,24,5016,4135
CAMELS-DK lowland,220,12,0.26373989625473643,0.28626379740570934,-0.0854019489308433,24,24,4968,4023
CAMELS-DK lowland,221,12,0.30556854676276635,0.3286004612878523,-0.07537397015854252,24,24,5520,4406
CAMELS-DK lowland,222,12,0.294003247514368,0.2613958690355943,0.11090822551944834,24,24,4968,4076
CAMELS-DK lowland,223,12,0.24696429944792134,0.25602541104671606,-0.03668996538791425,24,24,5760,4698
CAMELS-DK lowland,224,12,0.2799233538274622,0.3015019203886112,-0.07708741077191239,24,24,5928,4797
CAMELS-DK lowland,225,12,0.28359311302141943,0.30273197467610335,-0.06748704667323291,24,24,4872,3878
CAMELS-DK lowland,226,12,0.22869604301967647,0.2527854073620535,-0.1053335423923556,24,24,4680,3846
CAMELS-DK lowland,227,12,0.26880688270421954,0.3176164269908635,-0.18157847669529859,24,23,5208,3991
CAMELS-DK lowland,228,12,0.24586937154542549,0.27559883574009036,-0.12091568790288387,24,24,5640,4571
CAMELS-DK lowland,229,12,0.2613221338430552,0.25307503323943353,0.031559135394840676,24,24,5400,4431
CAMELS-DK lowland,230,12,0.27227425524762067,0.28994996436222426,-0.0649187676540639,24,24,5544,4463
CAMELS-DK lowland,231,12,0.27432648832808176,0.2733821662313362,0.003442329257013599,24,24,4704,3842
CAMELS-DK lowland,232,12,0.28448045275483813,0.2989824819956759,-0.05097724325310837,24,24,4680,3792
CAMELS-DK lowland,233,12,0.2560822353575562,0.291824192190275,-0.13957218384482584,24,24,5880,4708
CAMELS-DK lowland,234,12,0.32341311575466974,0.28094088704773224,0.13132500395919477,24,24,4656,3809
CAMELS-DK lowland,235,12,0.26465409747254665,0.24456896756842175,0.07589200430274234,24,24,4776,3860
CAMELS-DK lowland,236,12,0.2899174104306698,0.2809939587025685,0.03077928888384318,24,24,4920,4071
CAMELS-DK lowland,237,12,0.2931180165237191,0.2602111725401431,0.11226482893764123,24,24,5304,4271
CAMELS-DK lowland,238,12,0.26088511598045955,0.30925425104540427,-0.18540396558524863,24,24,5736,4552
CAMELS-DK lowland,239,12,0.25269746831119066,0.24985658465970056,0.011242232343980696,24,24,4992,4143
CAMELS-DK lowland,240,12,0.29019578145151786,0.3167615158911027,-0.09154417857732744,24,24,5592,4483
CAMELS-DK lowland,241,12,0.2771122910003591,0.288582477443524,-0.041391835785262954,24,24,5952,4726
CAMELS-DK lowland,242,12,0.21820998756511467,0.27253966161862486,-0.24897886049921536,24,24,5280,4278
CAMELS-DK lowland,243,12,0.269540623469192,0.2721789823845467,-0.009788353537945493,24,24,6816,5543
CAMELS-DK lowland,244,12,0.2484962956733868,0.25700336638317856,-0.03423419526934568,24,24,4992,4150
CAMELS-DK lowland,245,12,0.28760872482574057,0.2817181006494647,0.020481382057672137,24,23,4704,3724
CAMELS-DK lowland,246,12,0.2608383148040367,0.2638742754636226,-0.011639243497899354,24,24,3960,3214
CAMELS-DK lowland,247,12,0.26512830257414427,0.28892708683672813,-0.08976327322100364,24,24,6048,4879
CAMELS-DK lowland,248,12,0.29857357769160553,0.2898238745483909,0.029305014900722792,24,23,4584,3554
CAMELS-DK lowland,249,12,0.2764076049388702,0.29351737746000633,-0.061900512921560624,24,24,6120,4898
CAMELS-DK lowland,250,12,0.29742566050414027,0.29274118374822633,0.015750075995372037,24,24,4896,3943
CAMELS-DK lowland,251,12,0.28021871361228845,0.26771329036796015,0.0446273665420891,24,24,5640,4686
CAMELS-DK lowland,252,12,0.3090731288747312,0.3170322079108634,-0.02575144291938125,24,24,5904,4722
CAMELS-DK lowland,253,12,0.2924197786689662,0.2758769403654812,0.056572227702190725,24,24,4512,3649
CAMELS-DK lowland,254,12,0.2896853473384199,0.2967080241395513,-0.02424243015966998,24,24,5640,4598
CAMELS-DK lowland,255,12,0.26874614048192996,0.26000564584303226,0.0325232378155228,24,24,5184,4304
CAMELS-DK lowland,256,12,0.2520574459278327,0.2383957260444693,0.054200818520056426,24,24,4752,3968
CAMELS-DK lowland,257,12,0.28249808386206704,0.29742573995352123,-0.05284161891428196,24,24,4848,3863
CAMELS-DK lowland,258,12,0.279961916606908,0.3164639166542922,-0.1303820194181493,24,24,6072,4786
CAMELS-DK lowland,259,12,0.25934007679072235,0.29843454218118104,-0.15074594668993813,24,24,6216,4952
CAMELS-DK lowland,260,12,0.266414102561182,0.2773454080701638,-0.041031256993880216,24,24,5112,4164
CAMELS-DK lowland,261,12,0.30363042188401057,0.30347135769993816,0.000523874330791485,24,24,5520,4316
CAMELS-DK lowland,262,12,0.2891028349236693,0.3097717057463333,-0.07149314474249668,24,23,5640,4365
CAMELS-DK lowland,263,12,0.24339076023431488,0.2331500955053257,0.04207499380473767,24,24,5640,4703
CAMELS-DK lowland,264,12,0.285478558264136,0.3117428808510939,-0.09200103414651961,24,24,5784,4578
CAMELS-DK lowland,265,12,0.26354426240324885,0.2903848962767221,-0.10184488035791284,24,24,5352,4411
CAMELS-DK lowland,266,12,0.29405556790386117,0.3018473787288857,-0.026497749661968495,24,24,4848,3949
CAMELS-DK lowland,267,12,0.2811710250881641,0.274948523247105,0.022130665274304073,24,24,6120,4985
CAMELS-DK lowland,268,12,0.32652423673878894,0.33026153376632417,-0.011445695623890195,24,24,4584,3651
CAMELS-DK lowland,269,12,0.28352562048129015,0.2696325210941481,0.04900121323624396,24,24,5304,4317
CAMELS-DK lowland,270,12,0.2873828605381058,0.2841440689693583,0.011269953826345436,24,24,4776,3868
CAMELS-DK lowland,271,12,0.24480319983507678,0.2567466752250438,-0.048788068938695694,24,24,5016,4156
CAMELS-DK lowland,272,12,0.278447252433319,0.30523000538570416,-0.09618609168642789,24,24,4512,3644
CAMELS-DK lowland,273,12,0.27225338320440856,0.27240950477140174,-0.0005734421558170055,24,24,5520,4461
CAMELS-DK lowland,274,12,0.2746393847432027,0.318794354819613,-0.1607743554978347,24,23,5400,4166
CAMELS-DK lowland,275,12,0.2673261625399821,0.2736720715953924,-0.023738451168097807,24,24,5376,4441
CAMELS-DK lowland,276,12,0.2982886929842518,0.30845178809713747,-0.03407133877991897,24,23,4368,3400
CAMELS-DK lowland,277,12,0.25619968552278766,0.2586287603215139,-0.0094811779092141,24,24,5088,4173
CAMELS-DK lowland,278,12,0.2727782854561705,0.3066748450182697,-0.1242641418667676,24,24,5808,4696
CAMELS-DK lowland,279,12,0.25084368625787884,0.24694989668583442,0.015522772887500258,24,24,5256,4384
CAMELS-DK lowland,280,12,0.29503313897879263,0.3225148453659703,-0.09314786292245314,24,24,5520,4495
CAMELS-DK lowland,281,12,0.2776769268980001,0.280076169678913,-0.00864041102627966,24,24,5736,4636
CAMELS-DK lowland,282,12,0.2796240521059706,0.2792973459730727,0.0011683763626101351,24,23,4416,3490
CAMELS-DK lowland,283,12,0.2793582839711,0.27916615302002173,0.0006877582019302331,24,24,4656,3817
CAMELS-DK lowland,284,12,0.2852979808558942,0.2732924700855865,0.04208060195270624,24,24,5616,4536
CAMELS-DK lowland,285,12,0.26333632250748784,0.25401653296517274,0.03539120412092067,24,24,5472,4513
CAMELS-DK lowland,286,12,0.2520138217226136,0.23844625640223432,0.053836592087051605,24,24,5304,4425
CAMELS-DK lowland,287,12,0.2835327651446734,0.25260016209353964,0.10909710218270652,24,24,4608,3763
CAMELS-DK lowland,288,12,0.2824606395385987,0.3077666973298993,-0.08959144832582067,24,24,5688,4591
CAMELS-DK lowland,289,12,0.31639621847484267,0.3508590186082786,-0.10892292044310947,24,24,4896,3879
CAMELS-DK lowland,290,12,0.2753930106239182,0.28864865301597653,-0.048133546897312085,24,23,5472,4290
CAMELS-DK lowland,291,12,0.3140562212976012,0.2895284310687962,0.0780999979158582,24,24,4848,3874
CAMELS-DK lowland,292,12,0.25582839312050165,0.31237673193209814,-0.22104012037851017,24,24,5256,4127
CAMELS-DK lowland,293,12,0.29082868356180425,0.2794011044766646,0.03929316374569758,24,24,5256,4241
CAMELS-DK lowland,294,12,0.2490214615696783,0.24884687059496763,0.0007011081438931255,24,24,5112,4238
CAMELS-DK lowland,295,12,0.2694427653739187,0.3086130857736577,-0.1453752909096686,24,23,4896,3895
CAMELS-DK lowland,296,12,0.2742653557790697,0.29250248392980516,-0.06649446518293067,24,24,5376,4347
CAMELS-DK lowland,297,12,0.22872521519435401,0.2701077846065782,-0.1809270105049865,24,24,5760,4768
CAMELS-DK lowland,298,12,0.27531942103758655,0.2784357003104974,-0.011318777517280276,24,24,4872,3947
CAMELS-DK lowland,299,12,0.26564685287063516,0.2675929035806102,-0.007325705872084143,24,24,6384,5281
CAMELS-DK lowland,300,12,0.25690428863645576,0.22455561811856262,0.12591720710302978,24,24,4824,4024
CAMELS-DK lowland,301,12,0.2820813882231023,0.2859967734237421,-0.01388033866857974,24,24,5736,4651
CAMELS-DK lowland,302,12,0.2582104417575252,0.28069837986871593,-0.08709151325610676,24,23,4632,3684
CAMELS-DK lowland,303,12,0.27453821741246304,0.2685120844674659,0.021950069472271516,24,24,4728,3919
CAMELS-DK lowland,304,12,0.269071188794501,0.2644407734928926,0.017208885582858935,24,24,5064,4187
CAMELS-DK lowland,305,12,0.2606936763317872,0.28912167890761004,-0.10904753416282431,24,24,6000,4844
CAMELS-DK lowland,306,12,0.2848673028970403,0.3106426191528086,-0.09048183485306582,24,23,5568,4345
CAMELS-DK lowland,307,12,0.30771012494816463,0.32283792768899905,-0.0491625120992778,24,24,5640,4403
CAMELS-DK lowland,308,12,0.2760506810105838,0.28623326172992974,-0.036886635026832426,24,24,5928,4809
CAMELS-DK lowland,309,12,0.2833674095105064,0.31552248764881335,-0.1134748635838263,24,24,6048,4737
CAMELS-DK lowland,310,12,0.246693090726557,0.24942050096263899,-0.011055884167850971,24,24,5088,4221
CAMELS-DK lowland,311,12,0.28106861071755457,0.26645084726634144,0.05200781194988191,24,24,5424,4393
CAMELS-DK lowland,312,12,0.268636151132283,0.27969121875475406,-0.041152568542523804,24,24,5184,4188
CAMELS-DK lowland,313,12,0.29963392417216167,0.3089407365979088,-0.03106060988074133,24,24,5544,4454
CAMELS-DK lowland,314,12,0.27452826497400956,0.28779339635297646,-0.04831972904583348,24,24,5472,4435
CAMELS-DK lowland,315,12,0.2797604921357729,0.29078272093617746,-0.03939880401359619,24,24,5184,4145
CAMELS-DK lowland,316,12,0.27964453358220165,0.3404065075976313,-0.21728289567143877,24,24,5760,4523
CAMELS-DK lowland,317,12,0.28303106117161253,0.3077725585724491,-0.08741619134811107,24,24,4704,3810
CAMELS-DK lowland,318,12,0.30418342591235203,0.3247219081085301,-0.06752005680314754,24,24,6000,4763
CAMELS-DK lowland,319,12,0.2769168509210248,0.28706280440797527,-0.036638989116065224,24,23,5808,4559
CAMELS-DK lowland,320,12,0.2980764296727082,0.32803445873860326,-0.10050452194019299,24,24,5400,4337
CAMELS-DK lowland,321,12,0.26535909375324596,0.2802711608080926,-0.05619580186203521,24,24,4992,3989
CAMELS-DK lowland,322,12,0.29330017363273814,0.33872726061345204,-0.15488257786576143,24,24,5952,4717
CAMELS-DK lowland,323,12,0.2924136650628931,0.3128381706808329,-0.06984798611770371,24,24,5856,4632
CAMELS-DK lowland,324,12,0.2970321239659597,0.29292732976029706,0.013819361188465384,24,24,5136,4080
CAMELS-DK lowland,325,12,0.2881613429523618,0.3094576962160587,-0.07390426850980347,24,24,5928,4806
CAMELS-DK lowland,326,12,0.27664486929544996,0.2749372290420059,0.006172680005933295,24,24,4992,4068
CAMELS-DK lowland,327,12,0.28126625446907755,0.30665025612593877,-0.09024901229184579,24,24,5568,4395
CAMELS-DK lowland,328,12,0.27666241401696473,0.2540991107146744,0.08155536191087664,24,24,5112,4218
CAMELS-DK lowland,329,12,0.29911244544824506,0.3201732636117949,-0.07041103934003279,24,24,5496,4347
CAMELS-DK lowland,330,12,0.2761370013841428,0.28537945545641075,-0.03347053826883006,24,24,5160,4225
CAMELS-DK lowland,331,12,0.30039888957019,0.30386509805122747,-0.011538686065041492,24,24,5952,4753
CAMELS-DK lowland,332,12,0.2847165599282615,0.31272768861108013,-0.09838250606103283,24,24,6168,4856
CAMELS-DK lowland,333,12,0.27489425911880905,0.284076246746,-0.033401889354198966,24,24,5448,4390
CAMELS-DK lowland,334,12,0.27896095485471456,0.2997991151439541,-0.07469920046729195,24,24,4680,3747
CAMELS-DK lowland,335,12,0.2846216739294066,0.25725697070345355,0.09614413002412536,24,24,4944,4053
CAMELS-DK lowland,336,12,0.2738553483690856,0.3045842655820896,-0.11220857067793855,24,24,6072,4912
CAMELS-DK lowland,337,12,0.28633944272131806,0.2977666767816419,-0.039907998533913025,24,24,5232,4187
CAMELS-DK lowland,338,12,0.28448197327381125,0.3102595688961527,-0.0906124044546428,24,23,4632,3633
CAMELS-DK lowland,339,12,0.28769007273059977,0.27496973279670756,0.0442154288229607,24,24,4584,3684
CAMELS-DK lowland,340,12,0.30363769751142927,0.3225243473825746,-0.06220126824151806,24,24,5736,4580
CAMELS-DK lowland,341,12,0.29956115966866687,0.2667548046229019,0.10951471506536703,24,24,4320,3510
CAMELS-DK lowland,342,12,0.2838492657250312,0.24331321029766548,0.1428083857248149,24,24,5112,4191
CAMELS-DK lowland,343,12,0.23573717400065225,0.26509215471223063,-0.12452419028106765,24,24,5448,4477
CAMELS-DK lowland,344,12,0.2859351858594709,0.2790718252746948,0.024003203957379537,24,24,5280,4326
CAMELS-DK lowland,345,12,0.2527830314266555,0.24772733544698158,0.02000013984776028,24,24,5088,4219
CAMELS-DK lowland,346,12,0.2872067907810245,0.2765255541844254,0.03719005587421087,24,24,5712,4660
CAMELS-DK lowland,347,12,0.29627593294890014,0.30723497353443413,-0.036989304114094734,24,24,4848,3882
CAMELS-DK lowland,348,12,0.2997252626428845,0.2932490240983749,0.021607249543812768,24,24,4800,3910
CAMELS-DK lowland,349,12,0.29066072068476745,0.31132619504012077,-0.07109826985451462,24,24,4680,3783
CAMELS-DK lowland,350,12,0.2941140287696775,0.2862171246738074,0.026849804237166208,24,24,4968,4150
CAMELS-DK lowland,351,12,0.2566035010300678,0.2728337736759594,-0.06325039440514035,24,24,5376,4325
CAMELS-DK lowland,352,12,0.26778963062536054,0.26887258595621466,-0.0040440525210969636,24,24,5376,4386
CAMELS-DK lowland,353,12,0.27541160190948927,0.30184037726574925,-0.09596100953272657,24,24,5856,4744
CAMELS-DK lowland,354,12,0.2793011584057437,0.29007651783426475,-0.038579716210369375,24,24,5136,4134
CAMELS-DK lowland,355,12,0.2902510454650186,0.3068122377418219,-0.05705816580357248,24,24,4680,3722
CAMELS-DK lowland,356,12,0.2731368279380019,0.2932682972971082,-0.07370470511459493,24,24,5736,4660
CAMELS-DK lowland,357,12,0.31893020613081524,0.34883167368687235,-0.09375552074171511,24,24,5184,4084
CAMELS-DK lowland,358,12,0.29518738691340823,0.36800593947852983,-0.24668585377762953,24,24,6072,4600
CAMELS-DK lowland,359,12,0.2596342382917596,0.2553563050986443,0.016476768323244073,24,24,5112,4203
CAMELS-DK lowland,360,12,0.28240724130563316,0.3338165459806528,-0.18203961214784248,24,24,6336,5039
CAMELS-DK lowland,361,12,0.3045201249482405,0.23777054793169178,0.21919594650072527,24,24,4848,4018
CAMELS-DK lowland,362,12,0.26653923939983537,0.3256157380525819,-0.2216427824502265,24,24,6408,5052
CAMELS-DK lowland,363,12,0.28222629879271116,0.34707707628201473,-0.22978290034173954,24,24,6024,4792
CAMELS-DK lowland,364,12,0.2512463512883968,0.24683679059744645,0.017550745188290362,24,24,5472,4520
CAMELS-DK lowland,365,12,0.2558799314789561,0.270566714673629,-0.05739716713923215,24,24,4368,3572
CAMELS-DK lowland,366,12,0.3104678787686657,0.3138612399278186,-0.010929830076499947,24,24,5184,4180
CAMELS-DK lowland,367,12,0.2505892486704374,0.2388837880285141,0.046711743237307646,24,24,5352,4494
CAMELS-DK lowland,368,12,0.28941807472950415,0.29787241358629557,-0.02921150955997831,24,24,5712,4655
CAMELS-DK lowland,369,12,0.26665258480361775,0.2709992224831762,-0.01630075209193871,24,24,4824,3982
CAMELS-DK lowland,370,12,0.2874926011865932,0.3200322109678754,-0.11318416420797828,24,24,5256,4239
CAMELS-DK lowland,371,12,0.2769037630533064,0.28727791835863165,-0.03746484045913134,24,24,5712,4697
CAMELS-DK lowland,372,12,0.29956392487891625,0.33578782624836445,-0.1209221083082348,24,24,5088,4049
CAMELS-DK lowland,373,12,0.27550104795777614,0.30288396153810193,-0.09939313764252011,24,23,5112,3961
CAMELS-DK lowland,374,12,0.2884810955487952,0.2967538829230323,-0.02867705198671433,24,24,4176,3387
CAMELS-DK lowland,375,12,0.24423596626044872,0.24893710751189352,-0.019248357739545918,24,24,5448,4529
CAMELS-DK lowland,376,12,0.2828749192687714,0.2573811132680261,0.09012395325342559,24,24,4896,4001
CAMELS-DK lowland,377,12,0.289591909308688,0.2857904007362658,0.01312712285884332,24,24,5016,4044
CAMELS-DK lowland,378,12,0.25174358313551104,0.26302954413513285,-0.04483117646556534,24,24,5568,4521
CAMELS-DK lowland,379,12,0.30273556230960325,0.300766894950984,0.006502927319142926,24,23,4680,3669
CAMELS-DK lowland,380,12,0.2737604967534301,0.30315871227751606,-0.10738662397505894,24,24,4776,3864
CAMELS-DK lowland,381,12,0.294270662952621,0.2976592815505582,-0.011515312345229622,24,24,5256,4226
CAMELS-DK lowland,382,12,0.2670394445873392,0.28369709297537876,-0.06237898080480564,24,24,5544,4485
CAMELS-DK lowland,383,12,0.3032656011357965,0.2848558174108046,0.06070514973027985,24,24,4872,4016
CAMELS-DK lowland,384,12,0.27955930372600307,0.2958164380811765,-0.05815272158177609,24,24,5688,4556
CAMELS-DK lowland,385,12,0.2588600565295734,0.2660097669742302,-0.027619983324232766,24,24,5904,4789
CAMELS-DK lowland,386,12,0.24889660672261202,0.24844485929040566,0.0018150003656329794,24,24,5112,4217
CAMELS-DK lowland,387,12,0.2441367704851237,0.25155013940069854,-0.030365638493716984,24,24,5184,4323
CAMELS-DK lowland,388,12,0.3015253374737896,0.28230621011099316,0.06373967615397202,24,24,5112,4228
CAMELS-DK lowland,389,12,0.2974154910251059,0.33018489869127854,-0.11018056777481866,24,24,4248,3387
CAMELS-DK lowland,390,12,0.29109606313217606,0.3266722293515537,-0.12221452202609773,24,24,5616,4514
CAMELS-DK lowland,391,12,0.26681640869018175,0.3036198589416032,-0.13793548317396165,24,24,5376,4313
CAMELS-DK lowland,392,12,0.2856479260035718,0.2782726892249595,0.025819325495540557,24,24,4704,3869
CAMELS-DK lowland,393,12,0.3004451340838074,0.3192456306789945,-0.06257547373006478,24,24,4968,4001
CAMELS-DK lowland,394,12,0.2675684835352253,0.29393886926498514,-0.09855564968393682,24,24,5952,4779
CAMELS-DK lowland,395,12,0.27475910628637845,0.2673227879967239,0.027064865620518463,24,24,5304,4396
CAMELS-DK lowland,396,12,0.27827295441473354,0.28442162969336776,-0.02209584216175875,24,24,5688,4652
CAMELS-DK lowland,397,12,0.2984043571839595,0.3280170072403572,-0.0992366543701042,24,24,4968,4045
CAMELS-DK lowland,398,12,0.25267364129274333,0.2600403729141648,-0.029155125100233548,24,24,5856,4832
CAMELS-DK lowland,399,12,0.29373067289056004,0.3058336717776773,-0.041204409359136385,24,24,5472,4386
CAMELS-DK lowland,400,12,0.28878472008396494,0.2979618530588056,-0.0317784575727289,24,24,4584,3643
CAMELS-DK lowland,401,12,0.27483069885045003,0.24664511324895838,0.10255617629102243,24,24,5184,4300
CAMELS-DK lowland,402,12,0.3055841888409544,0.3107979196497512,-0.01706152019373741,24,24,4416,3662
CAMELS-DK lowland,403,12,0.2799495660366911,0.289086000348379,-0.0326360009805855,24,24,5040,4105
CAMELS-DK lowland,404,12,0.28751729521363595,0.31353573216838404,-0.09049346730747243,24,24,6096,4889
CAMELS-DK lowland,405,12,0.29390712345988773,0.2887511628616914,0.01754282283974662,24,24,5160,4136
CAMELS-DK lowland,406,12,0.27934503705703534,0.3158935242567297,-0.1308363577342957,24,24,6168,4888
CAMELS-DK lowland,407,12,0.2881965530811248,0.2877127098320786,0.0016788654960422367,24,24,5952,4900
CAMELS-DK lowland,408,12,0.2647443114501144,0.2844679363902656,-0.07450065624495084,24,24,5280,4257
CAMELS-DK lowland,409,12,0.2875333183196112,0.3401072604594954,-0.1828446958673673,24,24,6264,4935
CAMELS-DK lowland,410,12,0.27927818489078254,0.2788246549081034,0.0016239363015644326,24,24,5664,4633
CAMELS-DK lowland,411,12,0.27773884032670454,0.30767754829828575,-0.10779445876696347,24,24,5856,4755
CAMELS-DK lowland,412,12,0.285357513516229,0.3473578631329955,-0.21727253245511746,24,24,5952,4657
CAMELS-DK lowland,413,12,0.3236912855550204,0.347044065804469,-0.07214522383389621,24,23,4920,3790
CAMELS-DK lowland,414,12,0.28744462238574287,0.30766358686901785,-0.07034038179410329,24,24,5760,4626
CAMELS-DK lowland,415,12,0.30438630414583445,0.30377532918063843,0.002007235400786289,24,24,5568,4478
CAMELS-DK lowland,416,12,0.26116653592788597,0.27893380783291816,-0.06803043062890013,24,24,5496,4441
CAMELS-DK lowland,417,12,0.2564991354920346,0.26209337944562905,-0.021809991456162914,24,24,5472,4490
CAMELS-DK lowland,418,12,0.2976006736651038,0.32298836782243934,-0.08530791897972945,24,23,4632,3594
CAMELS-DK lowland,419,12,0.24480841195481814,0.2892790173182932,-0.18165472750046896,24,24,4440,3650
CAMELS-DK lowland,420,12,0.2899229697561478,0.30200162136197223,-0.04166158899373751,24,24,5760,4641
CAMELS-DK lowland,421,12,0.2608456481121061,0.2848675568765514,-0.09209242683673668,24,24,4392,3596
CAMELS-DK lowland,422,12,0.29953552753041846,0.3265202283377325,-0.09008848142253734,24,24,6576,5165
CAMELS-DK lowland,423,12,0.26848002461863685,0.2611541243251219,0.027286574872454783,24,24,4752,3842
CAMELS-DK lowland,424,12,0.27041471128057604,0.27622940503761384,-0.021502875082134887,24,24,5424,4454
CAMELS-DK lowland,425,12,0.2628808670600097,0.28433653343878657,-0.08161745135251341,24,24,5928,4811
CAMELS-DK lowland,426,12,0.3005386638785799,0.27100502491513745,0.09826901664597232,24,24,5592,4602
CAMELS-DK lowland,427,12,0.2680033390600531,0.29552536987444167,-0.10269286536098554,24,24,5808,4668
CAMELS-DK lowland,428,12,0.28435477347372023,0.3006545403474378,-0.05732193862827484,24,24,5352,4292
CAMELS-DK lowland,429,12,0.2789464491755324,0.3092963515008736,-0.10880189518470229,24,24,5736,4502
CAMELS-DK lowland,430,12,0.25410555827686904,0.2285059546854484,0.10074397335113683,24,23,3816,3089
CAMELS-DK lowland,431,12,0.2882912034356443,0.3033410294152218,-0.052203555988613815,24,24,5880,4697
CAMELS-DK lowland,432,12,0.2816353000811733,0.32712865025591803,-0.16153284109496413,24,24,5712,4551
CAMELS-DK lowland,433,12,0.29648526156973837,0.32198366218027624,-0.08600225345279178,24,24,4824,3815
CAMELS-DK lowland,434,12,0.2879396626031832,0.29582590863463476,-0.027388536751603354,24,24,5760,4715
CAMELS-DK lowland,435,12,0.27568200954953265,0.3015637641513929,-0.0938826390744587,24,24,4752,3936
CAMELS-DK lowland,436,12,0.269269326397285,0.24568232159811243,0.08759633009358025,24,24,4776,3970
CAMELS-DK lowland,437,12,0.3059201839809436,0.2749597235086851,0.10120437321058595,24,24,4392,3554
CAMELS-DK lowland,438,12,0.2602775084536387,0.2522202403395481,0.030956451680978603,24,24,5184,4313
CAMELS-DK lowland,439,12,0.2534799734456465,0.2544644165430544,-0.0038837115375467413,24,24,5448,4528
CAMELS-DK lowland,440,12,0.26413900405636204,0.28212908808322273,-0.06810839652829914,24,23,5280,4088
CAMELS-DK lowland,441,12,0.2655992791568726,0.26434397368182383,0.004726313561669415,24,24,5208,4293
CAMELS-DK lowland,442,12,0.3011935379268796,0.3003877113155772,0.002675444555845785,24,24,5280,4250
CAMELS-DK lowland,443,12,0.3121624556079664,0.2677720671594085,0.14220284230563018,24,24,4704,3812
CAMELS-DK lowland,444,12,0.30333295389909665,0.29629722552442134,0.023194737941383492,24,24,5472,4515
CAMELS-DK lowland,445,12,0.275767597801734,0.2434002000616806,0.1173720117884346,24,24,5280,4401
CAMELS-DK lowland,446,12,0.27435613798588016,0.2635787665006786,0.039282414325850556,24,24,4272,3451
CAMELS-DK lowland,447,12,0.2606689709557675,0.28187337185003447,-0.08134608740165361,24,24,5760,4636
CAMELS-DK lowland,448,12,0.2754636888357267,0.27495792405831854,0.001836048807542734,24,24,4896,3919
CAMELS-DK lowland,449,12,0.26210504211848057,0.27081028053583833,-0.03321278502312319,24,24,5784,4727
CAMELS-DK lowland,450,12,0.2987422400283499,0.3052209058795795,-0.021686474100933273,24,23,5712,4458
CAMELS-DK lowland,451,12,0.24843490137579338,0.2484151748093704,7.940336206280207e-05,24,24,5400,4483
CAMELS-DK lowland,452,12,0.27026192115729913,0.2606717190145462,0.035484844115983294,24,24,4992,4084
CAMELS-DK lowland,453,12,0.25867222654190447,0.25802297306089444,0.0025099466212111787,24,24,4128,3391
CAMELS-DK lowland,454,12,0.31367221956762265,0.377641183058542,-0.2039356994352146,24,24,6000,4622
CAMELS-DK lowland,455,12,0.28087827203805116,0.3032330379818549,-0.07958880472169572,24,24,5400,4287
CAMELS-DK lowland,456,12,0.30755396054753564,0.309783931979664,-0.007250667259034227,24,24,4944,3971
CAMELS-DK lowland,457,12,0.27924901671732555,0.271893063432943,0.026341912930811562,24,24,4320,3470
CAMELS-DK lowland,458,12,0.31632181549410116,0.3350376881651122,-0.05916718909119956,24,24,5376,4184
CAMELS-DK lowland,459,12,0.2907361712042031,0.31762939414570884,-0.0925004371837066,24,24,4992,4070
CAMELS-DK lowland,460,12,0.3027485094009546,0.3361330167026102,-0.1102714175792745,24,24,6288,4943
CAMELS-DK lowland,461,12,0.23702241340807853,0.2568206482734805,-0.08352895652663705,24,24,5496,4537
CAMELS-DK lowland,462,12,0.269263667839479,0.26952830133713157,-0.0009828043262425368,24,24,6024,4994
CAMELS-DK lowland,463,12,0.2758962272653064,0.27635241829486407,-0.0016534877409504212,24,24,5352,4359
CAMELS-DK lowland,464,12,0.24022183717600273,0.26483120690008094,-0.10244434899583132,24,24,5520,4561
CAMELS-DK lowland,465,12,0.2959412375009437,0.31193473198331517,-0.05404280463725675,24,24,5184,4046
CAMELS-DK lowland,466,12,0.24565112062578787,0.2700296864820263,-0.09924060510749899,24,24,6000,4896
CAMELS-DK lowland,467,12,0.28517985239719085,0.25595515668308266,0.10247812202877782,24,24,4728,3838
CAMELS-DK lowland,468,12,0.2428001587446353,0.28725464754189645,-0.1830908555707167,24,24,4632,3831
CAMELS-DK lowland,469,12,0.2884929994570647,0.32737675692989493,-0.1347823259004839,24,24,5760,4475
CAMELS-DK lowland,470,12,0.2679451626630963,0.3263414092943445,-0.21794103707956602,24,24,6552,5184
CAMELS-DK lowland,471,12,0.27044080158178235,0.305886572110407,-0.1310666523738493,24,24,5448,4342
CAMELS-DK lowland,472,12,0.2924555855895763,0.3005600549100066,-0.02771179529394896,24,24,5736,4707
CAMELS-DK lowland,473,12,0.26223936488348104,0.26378558015390624,-0.005896198197063995,24,24,5256,4358
CAMELS-DK lowland,474,12,0.31535781131940344,0.3256987525729801,-0.03279113718576343,24,23,5424,4203
CAMELS-DK lowland,475,12,0.2900956835921501,0.2864155363848773,0.012685977129003878,24,24,4320,3532
CAMELS-DK lowland,476,12,0.28509406765965645,0.29565730715351035,-0.03705176884446515,24,24,5544,4421
CAMELS-DK lowland,477,12,0.2679849088224598,0.27874544486050373,-0.04015351493233821,24,24,5640,4538
CAMELS-DK lowland,478,12,0.29129312760584336,0.3176039933615436,-0.09032436148408629,24,24,5736,4543
CAMELS-DK lowland,479,12,0.2817988707836408,0.3053493736100551,-0.08357202695995136,24,24,5280,4259
CAMELS-DK lowland,480,12,0.30205796320473943,0.2989852598181684,0.010172562093614723,24,24,5496,4406
CAMELS-DK lowland,481,12,0.29995279138181313,0.3152492131420587,-0.05099609738512023,24,24,5256,4173
CAMELS-DK lowland,482,12,0.25913263546943727,0.2797953960534243,-0.079738163996808,24,24,4872,3988
CAMELS-DK lowland,483,12,0.27308356841509196,0.3060301706328298,-0.12064659330823746,24,24,6288,4961
CAMELS-DK lowland,484,12,0.27374322995528927,0.30417221812054046,-0.11115887019460247,24,24,5064,4030
CAMELS-DK lowland,485,12,0.21819761642322083,0.22531287490195726,-0.032609240171237674,24,24,4608,3837
CAMELS-DK lowland,486,12,0.2859763223807388,0.25716533508024236,0.10074605848710261,24,24,4824,3983
CAMELS-DK lowland,487,12,0.2839823836008967,0.2770319735108526,0.024474793125942917,24,24,5352,4367
CAMELS-DK lowland,488,12,0.30659021968974187,0.308367405751679,-0.005796616942756794,24,24,5760,4601
CAMELS-DK lowland,489,12,0.3118246725547484,0.316068424536438,-0.0136094169422869,24,24,4848,3876
CAMELS-DK lowland,490,12,0.256133097122522,0.3114791037662989,-0.21608299460534752,24,24,5640,4473
CAMELS-DK lowland,491,12,0.2934392911991103,0.3140042927643852,-0.07008264462893865,24,24,5616,4519
CAMELS-DK lowland,492,12,0.2291703130227491,0.2508612373551133,-0.09464980016940938,24,24,4392,3626
CAMELS-DK lowland,493,12,0.2942833974997804,0.2990503579753835,-0.016198536907290784,24,23,4344,3415
CAMELS-DK lowland,494,12,0.2860639698637446,0.29620086707698556,-0.03543577060078307,24,24,5208,4240
CAMELS-DK lowland,495,12,0.283145241075707,0.3003109597721615,-0.0606251358180685,24,24,5664,4586
CAMELS-DK lowland,496,12,0.2595519846519157,0.2742380639352664,-0.05658241952203191,24,24,4680,3821
CAMELS-DK lowland,497,12,0.28531012305902825,0.2729707622662824,0.04324894139908564,24,24,4560,3730
CAMELS-DK lowland,498,12,0.29899731866885454,0.3305011640988257,-0.10536497641593323,24,24,4872,3914
CAMELS-DK lowland,499,12,0.27682251652317263,0.2679524050624285,0.032042593832867006,24,24,4920,4008
CAMELS-DK lowland,500,12,0.2594301505137845,0.2509744262281771,0.032593452491398445,24,24,5856,4870
CAMELS-DK lowland,501,12,0.2793220814247806,0.3151157297872203,-0.12814471444527986,24,24,5688,4488
CAMELS-DK lowland,502,12,0.26293361468892235,0.281724654917279,-0.07146686151403037,24,24,4512,3696
CAMELS-DK lowland,503,12,0.2787704308781214,0.26528908304602117,0.04836003513584375,24,24,5184,4204
CAMELS-DK lowland,504,12,0.23139776586926858,0.30597634164653187,-0.3222960061740505,24,24,5160,4120
CAMELS-DK lowland,505,12,0.24085801736327006,0.27337265335529604,-0.13499503295747184,24,24,6312,5186
CAMELS-DK lowland,506,12,0.2931712359932238,0.28520095649673016,0.02718643072022886,24,24,5160,4253
CAMELS-DK lowland,507,12,0.268222203848822,0.28347446523501507,-0.05686427584045095,24,24,5256,4323
CAMELS-DK lowland,508,12,0.30238784983810596,0.28689889215637837,0.05122215621434578,24,24,4968,4013
CAMELS-DK lowland,509,12,0.2650789292170329,0.28759369981058636,-0.08493610057976175,24,24,4632,3773
CAMELS-DK lowland,510,12,0.2894923865106233,0.34380631093843134,-0.18761779915001298,24,24,4512,3562
CAMELS-DK lowland,511,12,0.29100479119142586,0.30629726030540544,-0.05255057503132332,24,24,5640,4527
CAMELS-DK lowland,512,12,0.2465102303804983,0.2778438587854558,-0.12710883583449184,24,23,4152,3357
CAMELS-DK lowland,513,12,0.2717708954468148,0.2419126043137091,0.10986566859566083,24,24,5520,4505
CAMELS-DK lowland,514,12,0.2952520990520252,0.2951456910631571,0.00036039706139190386,24,24,5712,4577
CAMELS-DK lowland,515,12,0.21090900133003074,0.23462024880624444,-0.1124240659558684,24,24,5328,4438
CAMELS-DK lowland,516,12,0.3064412268473038,0.3127088030628256,-0.02045278398080841,24,23,4608,3619
CAMELS-DK lowland,517,12,0.2586634998941302,0.2335341604570317,0.09715069751775496,24,24,4848,4008
CAMELS-DK lowland,518,12,0.25225458190154015,0.24094373179270906,0.04483902739671919,24,24,3816,3134
CAMELS-DK lowland,519,12,0.27621264728924005,0.28696263523120175,-0.038919245905147504,24,23,4752,3783
CAMELS-DK lowland,520,12,0.2953315814225012,0.29237812864069385,0.010000463775603263,24,24,4848,3979
CAMELS-DK lowland,521,12,0.2813913513023893,0.3037772376745724,-0.07955428007496468,24,24,5544,4440
CAMELS-DK lowland,522,12,0.2735780712568641,0.2766653481746259,-0.011284811328547972,24,24,4944,3934
CAMELS-DK lowland,523,12,0.2959570743687463,0.26932528333574196,0.08998531658622422,24,24,5136,4210
CAMELS-DK lowland,524,12,0.2869044286424326,0.3179819709301252,-0.10832019022761186,24,23,5280,4021
CAMELS-DK lowland,525,12,0.2781172609362101,0.290324246801656,-0.04389150757617233,24,24,4872,3931
CAMELS-DK lowland,526,12,0.2589373984596814,0.2656806479438233,-0.02604200677173285,24,24,4848,3994
CAMELS-DK lowland,527,12,0.26356497463662654,0.2779921984925611,-0.05473877504332747,24,24,4944,4081
CAMELS-DK lowland,528,12,0.3001570155682953,0.2837671011431246,0.054604468911510495,24,24,5568,4511
CAMELS-DK lowland,529,12,0.2493742418813163,0.2721244394897093,-0.0912291399334677,24,24,5736,4676
CAMELS-DK lowland,530,12,0.2699380729503085,0.296226937373803,-0.09738850150394995,24,24,5448,4400
CAMELS-DK lowland,531,12,0.26633524231647066,0.2707700561385158,-0.01665124668997242,24,24,5424,4456
CAMELS-DK lowland,532,12,0.2544003661997522,0.2657489242840065,-0.04460904775327057,24,24,5664,4664
CAMELS-DK lowland,533,12,0.2807855373857697,0.31428268183907015,-0.11929796942240256,24,24,5448,4321
CAMELS-DK lowland,534,12,0.32986446031606353,0.3325938998569023,-0.008274427436722132,24,23,3528,2766
CAMELS-DK lowland,535,12,0.29581442296966504,0.2861644316087791,0.032621774367896594,24,23,4608,3680
CAMELS-DK lowland,536,12,0.2841922495165756,0.2777591782717255,0.022636335986618406,24,24,5424,4377
CAMELS-DK lowland,537,12,0.2813997006892127,0.31513046199165246,-0.11986779381721213,24,23,4704,3666
CAMELS-DK lowland,538,12,0.24289556519020064,0.2632199638368341,-0.08367546204772558,24,24,4872,3914
CAMELS-DK lowland,539,12,0.2763361650218918,0.27230134380660337,0.014601133423736923,24,24,5016,4090
CAMELS-DK lowland,540,12,0.31432049949455393,0.2937355024540572,0.06549046935722813,24,24,4152,3422
CAMELS-DK lowland,541,12,0.298718918074065,0.3154503822229975,-0.05601072826858622,24,24,4152,3370
CAMELS-DK lowland,542,12,0.2804338362054967,0.2953339472312275,-0.05313235816098971,24,23,4800,3778
CAMELS-DK lowland,543,12,0.26198353712806555,0.3093936244091964,-0.18096590267027102,24,23,4584,3659
CAMELS-DK lowland,544,12,0.2723492344917536,0.2863652176721489,-0.051463273640373286,24,24,5880,4689
CAMELS-DK lowland,545,12,0.2756567722707929,0.27167164834944474,0.014456832997497782,24,24,4584,3726
CAMELS-DK lowland,546,12,0.30491374259173515,0.3277510937911528,-0.07489774322830622,24,24,5160,4141
CAMELS-DK lowland,547,12,0.22702129445126093,0.2246509686877359,0.010440984266495312,24,24,5136,4275
CAMELS-DK lowland,548,12,0.29208965237632406,0.2719195449055994,0.069054508801078,24,24,5784,4655
CAMELS-DK lowland,549,12,0.2328241406974557,0.2329084382572774,-0.00036206537504734904,24,24,5376,4511
CAMELS-DK lowland,550,12,0.28453612565459097,0.30538238233209214,-0.0732640069149153,24,24,6024,4871
CAMELS-DK lowland,551,12,0.3088730200478716,0.3446375430837079,-0.11579037570291262,24,24,5376,4322
CAMELS-DK lowland,552,12,0.29855674310121383,0.2913846919646103,0.02402240546337997,24,24,4632,3753
CAMELS-DK lowland,553,12,0.28303501460485997,0.2906922758042698,-0.027054112757391557,24,24,5400,4404
CAMELS-DK lowland,554,12,0.3016364496868351,0.30306874575357123,-0.004748418396460785,24,24,4992,4107
CAMELS-DK lowland,555,12,0.21868411285780318,0.23540232543612125,-0.07644914099996325,24,24,5304,4425
CAMELS-DK lowland,556,12,0.28929147566109076,0.30629779899488496,-0.05878611976011827,24,24,5280,4211
CAMELS-DK lowland,557,12,0.29773174649271955,0.3390680915324131,-0.13883754596758902,24,24,5112,4145
CAMELS-DK lowland,558,12,0.2746950960732401,0.2824287505458225,-0.02815359496086689,24,24,4320,3558
CAMELS-DK lowland,559,12,0.31077815507024137,0.32003990811117844,-0.029801814863222198,24,23,5592,4326
CAMELS-DK lowland,560,12,0.2728711581741972,0.27592233206137323,-0.011181738325118928,24,24,5616,4624
CAMELS-DK lowland,561,12,0.28651399811583844,0.3203258392363979,-0.11801113154300147,24,24,6000,4722
CAMELS-DK lowland,562,12,0.2396023361531875,0.2851116675843209,-0.18993692700073428,24,24,5664,4572
CAMELS-DK lowland,563,12,0.24882352744381675,0.3051714583467791,-0.22645740731123376,24,24,4608,3703
CAMELS-DK lowland,564,12,0.28066243781246636,0.30104450301318636,-0.0726212789982923,24,24,6192,5015
CAMELS-DK lowland,565,12,0.3099985508646499,0.30534412974560815,0.01501433186077672,24,24,5808,4646
CAMELS-DK lowland,566,12,0.25404705288513085,0.2517631582549884,0.008990045758079046,24,24,5160,4221
CAMELS-DK lowland,567,12,0.2766086296585894,0.284441279835362,-0.028316723836274482,24,24,5448,4466
CAMELS-DK lowland,568,12,0.30327120523330797,0.2897448652416589,0.044601464821703796,24,24,5064,4161
CAMELS-DK lowland,569,12,0.28342590012534674,0.29071853113138524,-0.02573029141942662,24,24,4752,3879
CAMELS-DK lowland,570,12,0.28029343440254445,0.2569553950271419,0.08326288278977512,24,24,5256,4290
CAMELS-DK lowland,571,12,0.26877714468881625,0.25058077908883825,0.0677005688896849,24,24,4968,4098
CAMELS-DK lowland,572,12,0.27838346724315155,0.29765440761593376,-0.06922444268556438,24,24,5400,4413
CAMELS-DK lowland,573,12,0.2448516761223042,0.2681328682847636,-0.09508283762301217,24,24,4968,4116
CAMELS-DK lowland,574,12,0.2640366980213436,0.24062696656757854,0.0886609006596224,24,24,4536,3705
CAMELS-DK lowland,575,12,0.29877514433891217,0.28083907492907595,0.06003199981552232,24,24,5592,4540
CAMELS-DK lowland,576,12,0.27495941209344793,0.3025005097135793,-0.1001642293691376,24,24,5880,4587
CAMELS-DK lowland,577,12,0.27433228121500397,0.27644595690763246,-0.007704801211389167,24,24,5712,4743
CAMELS-DK lowland,578,12,0.28377674987320517,0.2504809412653671,0.11733099566019789,24,24,4920,3973
CAMELS-DK lowland,579,12,0.2683716028872272,0.2852766653882481,-0.06299124914540433,24,24,4896,3957
CAMELS-DK lowland,580,12,0.30731659701284214,0.2945629478097121,0.04150003392949553,24,24,5400,4336
CAMELS-DK lowland,581,12,0.2234039524583888,0.24030359685449143,-0.07564612984745822,24,24,4704,3851
CAMELS-DK lowland,582,12,0.3017349415916624,0.3239086295588391,-0.0734873059454424,24,24,5424,4264
CAMELS-DK lowland,583,12,0.28270680555380295,0.2647796838988386,0.06341241633658723,24,24,5232,4268
CAMELS-DK lowland,584,12,0.22836497089646277,0.24776458568828938,-0.08495004604108969,24,24,3768,3175
CAMELS-DK lowland,585,12,0.2598770869176109,0.29968014098123336,-0.15316107524416434,24,24,5184,4251
CAMELS-DK lowland,586,12,0.2540062460895041,0.25426883850987314,-0.0010338030044996227,24,24,4368,3625
CAMELS-DK lowland,587,12,0.2426310036878571,0.25363289751547186,-0.04534413846702212,24,24,4512,3713
CAMELS-DK lowland,588,12,0.27744568566462835,0.27116490332328497,0.022637880730772997,24,24,5040,4171
CAMELS-DK lowland,589,12,0.2962812999346495,0.2597320746795551,0.1233598788150182,24,24,5040,4156
CAMELS-DK lowland,590,12,0.259607493320895,0.2428015999021838,0.06473577940193664,24,24,5832,4865
CAMELS-DK lowland,591,12,0.291273868704369,0.2998841721652852,-0.02956085109596729,24,23,4800,3797
CAMELS-DK lowland,592,12,0.2702404372766381,0.2988078477913667,-0.10571108751383829,24,23,4872,3841
CAMELS-DK lowland,593,12,0.2725959926847782,0.2431770969342927,0.10792123340017179,24,24,4704,3893
CAMELS-DK lowland,594,12,0.28284157796092085,0.3096588938252181,-0.09481390981350879,24,24,5136,4086
CAMELS-DK lowland,595,12,0.2793291425942848,0.30681006391847154,-0.09838186259033388,24,24,4896,3940
CAMELS-DK lowland,596,12,0.27032376991200274,0.30016782933281977,-0.11040116609254169,24,24,6048,4877
CAMELS-DK lowland,597,12,0.27466488031258796,0.29456354606271307,-0.07244706978001347,24,24,5208,4178
CAMELS-DK lowland,598,12,0.27976052354902853,0.27739261697815304,0.008464048253972178,24,24,5976,4828
CAMELS-DK lowland,599,12,0.2669550406554241,0.24594097842956003,0.07871760793229687,24,24,5280,4397
CAMELS-DK lowland,600,12,0.29026305355745746,0.2811285510077861,0.03146973904435679,24,24,5808,4791
CAMELS-DK lowland,601,12,0.2805230241523848,0.3177644001236072,-0.13275693174829128,24,24,5064,4001
CAMELS-DK lowland,602,12,0.29136265378290815,0.3139884972169159,-0.0776552627464262,24,24,4632,3775
CAMELS-DK lowland,603,12,0.27129590467426096,0.28818193975133155,-0.062242130404973395,24,24,5328,4267
CAMELS-DK lowland,604,12,0.295617879959036,0.3075776444601904,-0.040456837397019774,24,24,5832,4713
CAMELS-DK lowland,605,12,0.2585999365317412,0.2767204586827344,-0.07007164191151727,24,24,4296,3438
CAMELS-DK lowland,606,12,0.30747845702339455,0.2924500200871472,0.04887638985096088,24,24,5400,4422
CAMELS-DK lowland,607,12,0.3005083227088407,0.3126915757881937,-0.04054214861515559,24,24,4920,3963
CAMELS-DK lowland,608,12,0.28428235052594353,0.28439757736983196,-0.00040532535233106515,24,24,5568,4486
CAMELS-DK lowland,609,12,0.2701636842829044,0.27174369841266016,-0.005848358686511235,24,23,4296,3383
CAMELS-DK lowland,610,12,0.25946243046038325,0.30071498595363644,-0.15899240371739265,24,23,5472,4310
CAMELS-DK lowland,611,12,0.24255884524763086,0.25417254895694497,-0.04787994310187926,24,24,5664,4692
CAMELS-DK lowland,612,12,0.25604529990168456,0.27035988926268023,-0.055906471887951614,24,24,5064,4185
CAMELS-DK lowland,613,12,0.2868326230507708,0.3049508726640938,-0.06316662805163564,24,24,5544,4477
CAMELS-DK lowland,614,12,0.3085257726079522,0.3011833872753048,0.023798288456042482,24,24,4608,3753
CAMELS-DK lowland,615,12,0.2634961529602729,0.2800600523508562,-0.06286201602753794,24,24,5280,4314
CAMELS-DK lowland,616,12,0.30071971267304193,0.33153767284775665,-0.10248067843900088,24,23,5040,3875
CAMELS-DK lowland,617,12,0.27222082529479785,0.2876126250225711,-0.05654159526959379,24,24,5088,4128
CAMELS-DK lowland,618,12,0.2834567652495127,0.30497236078027873,-0.07590432887296572,24,24,6024,4876
CAMELS-DK lowland,619,12,0.22685148548621908,0.22268412797858428,0.018370421946776183,24,24,5880,4920
CAMELS-DK lowland,620,12,0.2766708463105823,0.25369789297529416,0.08303351669188663,24,24,4752,3924
CAMELS-DK lowland,621,12,0.29702643469798606,0.2932810505275284,0.012609598786269438,24,24,4512,3634
CAMELS-DK lowland,622,12,0.2669772547057456,0.26877369609718765,-0.0067288181288027715,24,24,5880,4787
CAMELS-DK lowland,623,12,0.2697446874139666,0.25813072904593726,0.043055373877320835,24,24,5160,4265
CAMELS-DK lowland,624,12,0.28730853997569095,0.3194155939444402,-0.11175112988797964,24,24,5520,4367
CAMELS-DK lowland,625,12,0.2694035302150945,0.2712146450870068,-0.0067226842590604186,24,24,4800,3905
CAMELS-DK lowland,626,12,0.2456850496872719,0.25243127411493105,-0.02745883168815655,24,24,5688,4739
CAMELS-DK lowland,627,12,0.2766744554912082,0.2688954938223642,0.028115937393039192,24,24,5112,4159
CAMELS-DK lowland,628,12,0.2964325245171546,0.2884852299115886,0.026809792948702338,24,24,5208,4179
CAMELS-DK lowland,629,12,0.2789971799983714,0.2880645728159021,-0.032499944327693875,24,24,5472,4418
CAMELS-DK lowland,630,12,0.28708418893503096,0.30223226001347925,-0.05276525723914527,24,24,5448,4443
CAMELS-DK lowland,631,12,0.29393813525909884,0.2894320373119018,0.015330089589175033,24,24,5880,4761
CAMELS-DK lowland,632,12,0.301570000336086,0.26850536832745014,0.10964164861155568,24,24,4944,4062
CAMELS-DK lowland,633,12,0.2428829348502329,0.27593340303188985,-0.13607571154406783,24,24,5832,4671
CAMELS-DK lowland,634,12,0.26875024539928033,0.3152910496429742,-0.1731749274295491,24,24,5712,4534
CAMELS-DK lowland,635,12,0.2751341653139404,0.25577685322201854,0.070355900983196,24,24,4560,3723
CAMELS-DK lowland,636,12,0.2399376088952259,0.26375940956922084,-0.09928331278985647,24,24,4896,4048
CAMELS-DK lowland,637,12,0.27202446962445304,0.26902366388688714,0.01103138163161832,24,24,5568,4555
CAMELS-DK lowland,638,12,0.3028329890113931,0.30051686867695176,0.007648177109113474,24,24,5376,4348
CAMELS-DK lowland,639,12,0.2825982426235197,0.3255853905829714,-0.15211399604037767,24,24,4296,3463
CAMELS-DK lowland,640,12,0.21304811924357353,0.22572287604311989,-0.05949246041010836,24,24,4416,3649
CAMELS-DK lowland,641,12,0.3027215763431766,0.31819554524132604,-0.051116174423614824,24,24,4752,3793
CAMELS-DK lowland,642,12,0.2690310402265322,0.2740171255382243,-0.018533494527225303,24,24,6000,4951
CAMELS-DK lowland,643,12,0.2907573403860622,0.28630575332645325,0.01531031702827601,24,24,5328,4281
CAMELS-DK lowland,644,12,0.27346821702282725,0.30693709370052097,-0.12238671477826601,24,24,5496,4336
CAMELS-DK lowland,645,12,0.27090282595377596,0.29267919086419214,-0.08038441398219986,24,24,5856,4751
CAMELS-DK lowland,646,12,0.29468210901027936,0.2936812901825443,0.003396266000322945,24,24,5736,4637
CAMELS-DK lowland,647,12,0.2281081912533959,0.2822475632956264,-0.23734076248971392,24,24,5112,4128
CAMELS-DK lowland,648,12,0.26097154157233304,0.2824313581175372,-0.08223048542346989,24,24,4848,3983
CAMELS-DK lowland,649,12,0.23808475978068203,0.22253174139307919,0.06532555213500402,24,24,4296,3605
CAMELS-DK lowland,650,12,0.2985561183839034,0.31932161772776874,-0.06955308588639841,24,24,5568,4427
CAMELS-DK lowland,651,12,0.2517779255852842,0.27533771893922826,-0.09357370507830187,24,23,4704,3724
CAMELS-DK lowland,652,12,0.26761938914415256,0.2576289619854596,0.03733072999920661,24,24,5160,4274
CAMELS-DK lowland,653,12,0.2722112626297934,0.2470915188708278,0.09228032490752736,24,24,5424,4495
CAMELS-DK lowland,654,12,0.2736118302747358,0.25080960017193504,0.08333788082154503,24,24,4896,3904
CAMELS-DK lowland,655,12,0.2779014733953395,0.3116020575450873,-0.12126810174124447,24,24,6144,4832
CAMELS-DK lowland,656,12,0.25956962250982896,0.28462351553402676,-0.0965208978691221,24,24,5544,4495
CAMELS-DK lowland,657,12,0.2759562580167414,0.24406938161659888,0.11555047393854734,24,24,4968,4143
CAMELS-DK lowland,658,12,0.27652314772187664,0.29752509598089877,-0.0759500549304668,24,23,4896,3896
CAMELS-DK lowland,659,12,0.2918442152232399,0.3223655344896105,-0.10458086086449914,24,24,5976,4754
CAMELS-DK lowland,660,12,0.290774606788472,0.297941697411139,-0.024648268642938342,24,24,6096,4911
CAMELS-DK lowland,661,12,0.29259869026374946,0.3187318738487515,-0.08931408257995099,24,24,4824,3828
CAMELS-DK lowland,662,12,0.24935269545104816,0.24548385607615092,0.015515530593719795,24,24,5400,4496
CAMELS-DK lowland,663,12,0.2368226022173712,0.26590477368992393,-0.12280150289818725,24,24,5256,4365
CAMELS-DK lowland,664,12,0.3094664599007317,0.37023887279547046,-0.19637802724803488,24,24,6408,4999
CAMELS-DK lowland,665,12,0.2572012130062998,0.273759856428343,-0.06438011403016852,24,24,6024,4820
CAMELS-DK lowland,666,12,0.2693636864459799,0.3024673580084287,-0.12289582162771473,24,23,5688,4455
CAMELS-DK lowland,667,12,0.30756494947383606,0.3052011079107892,0.007685666286391779,24,24,5064,4049
CAMELS-DK lowland,668,12,0.25432810365226444,0.2870907510331164,-0.12882039739362572,24,24,5088,4147
CAMELS-DK lowland,669,12,0.28572004911934623,0.28166437564631863,0.01419457082388198,24,24,4944,3970
CAMELS-DK lowland,670,12,0.3312030088232814,0.31583052689091023,0.04641407693422683,24,24,4464,3596
CAMELS-DK lowland,671,12,0.26889287187746114,0.29024014262082315,-0.07938950034008463,24,24,5496,4437
CAMELS-DK lowland,672,12,0.25715732628912824,0.2909258237822779,-0.13131454577025314,24,24,5160,4146
CAMELS-DK lowland,673,12,0.27762388904173,0.2617617807372434,0.057135242789219776,24,24,4872,3917
CAMELS-DK lowland,674,12,0.2776838471708495,0.22506165612475842,0.18950396856794627,24,24,4368,3646
CAMELS-DK lowland,675,12,0.3054580417324239,0.328351964116433,-0.07494948325526107,24,24,5304,4207
CAMELS-DK lowland,676,12,0.27918426431745935,0.2881325569932234,-0.0320515652901876,24,24,5520,4471
CAMELS-DK lowland,677,12,0.3066549244220086,0.32209583003987335,-0.0503527071902341,24,24,5544,4421
CAMELS-DK lowland,678,12,0.3097334560761218,0.33956596238434233,-0.09631670626142741,24,24,6384,5134
CAMELS-DK lowland,679,12,0.2772658307789041,0.26220056264546404,0.054335105379260784,24,24,5568,4578
CAMELS-DK lowland,680,12,0.26273409428518296,0.29781409042793694,-0.13351900992596955,24,24,5352,4310
CAMELS-DK lowland,681,12,0.25690471104141577,0.29198642013110265,-0.136555335818779,24,24,5208,4284
CAMELS-DK lowland,682,12,0.2534255226081002,0.25721745879130464,-0.014962724133623873,24,24,4824,3846
CAMELS-DK lowland,683,12,0.2968333039138962,0.2797144876799825,0.05767148095646091,24,24,4608,3676
CAMELS-DK lowland,684,12,0.28221884456196455,0.27506484909628304,0.0253491062114769,24,24,4920,4002
CAMELS-DK lowland,685,12,0.27523055264023344,0.27234097572173277,0.01049875055941829,24,24,5928,4866
CAMELS-DK lowland,686,12,0.2705280633759958,0.2573659092085054,0.048653562973231534,24,24,5280,4366
CAMELS-DK lowland,687,12,0.2954338507204349,0.2927261241609301,0.009165254939140666,24,24,5424,4427
CAMELS-DK lowland,688,12,0.27641954828779414,0.29701019100133796,-0.07449054468501592,24,24,5232,4240
CAMELS-DK lowland,689,12,0.29445445859127567,0.31560344418559216,-0.07182430076113344,24,24,5376,4235
CAMELS-DK lowland,690,12,0.2851927213439858,0.26720815016585836,0.06306111563217398,24,24,4800,3950
CAMELS-DK lowland,691,12,0.23275099061296536,0.2332809388518596,-0.00227688929485792,24,24,4392,3657
CAMELS-DK lowland,692,12,0.2745912462893081,0.28237167585935574,-0.0283345870459768,24,24,4656,3826
CAMELS-DK lowland,693,12,0.2918615452983423,0.3063109603199028,-0.04950777262139905,24,24,5376,4306
CAMELS-DK lowland,694,12,0.26362242476939424,0.27258577172753107,-0.034000699925196276,24,24,5304,4298
CAMELS-DK lowland,695,12,0.2926606490399689,0.268581620120804,0.0822762779968974,24,24,5016,4052
CAMELS-DK lowland,696,12,0.2803171370323722,0.2893590347493036,-0.03225595770795553,24,24,4584,3763
CAMELS-DK lowland,697,12,0.27185311800922335,0.2954569061350687,-0.08682551923147153,24,24,4704,3812
CAMELS-DK lowland,698,12,0.2849931326076501,0.31587512373993776,-0.10836047468835996,24,23,4800,3725
CAMELS-DK lowland,699,12,0.2950103886185325,0.2935316288217072,0.005012568553094066,24,23,5424,4288
CAMELS-DK lowland,700,12,0.28874113845823257,0.31725478668588497,-0.09875159591010974,24,24,5304,4221
CAMELS-DK lowland,701,12,0.2470587733161765,0.25046869111998,-0.013802051058674936,24,24,5448,4492
CAMELS-DK lowland,702,12,0.2881412235981236,0.3005069364934023,-0.0429154590962848,24,24,6312,4974
CAMELS-DK lowland,703,12,0.24256815126204917,0.2556021281275036,-0.05373325722128164,24,24,4536,3742
CAMELS-DK lowland,704,12,0.28152502662315954,0.3021483056782618,-0.07325557980572683,24,24,5400,4225
CAMELS-DK lowland,705,12,0.28034596779273596,0.28094615755367014,-0.0021408895789003513,24,24,4416,3595
CAMELS-DK lowland,706,12,0.27142360518967523,0.2772475131340663,-0.021456895542748544,24,24,5616,4585
CAMELS-DK lowland,707,12,0.25424234222773606,0.25768450131322007,-0.013538889924168185,24,24,4704,3867
CAMELS-DK lowland,708,12,0.26026200275756045,0.26004436699309563,0.0008362179732688269,24,24,5232,4310
CAMELS-DK lowland,709,12,0.24759829152545898,0.2764620746813758,-0.1165750497634146,24,24,5568,4642
CAMELS-DK lowland,710,12,0.2984663952644718,0.336001041615599,-0.12575836659221795,24,24,6048,4728
CAMELS-DK lowland,711,12,0.2532670223556109,0.2624821086828312,-0.036384864644088744,24,24,5904,4901
CAMELS-DK lowland,712,12,0.28691585245359136,0.30383878908322404,-0.058982229405989184,24,24,5808,4667
CAMELS-DK lowland,713,12,0.249676419405656,0.31061009792719707,-0.24405059423149011,24,24,5880,4610
CAMELS-DK lowland,714,12,0.28913224225873624,0.29686540553019913,-0.026746111782796955,24,24,5592,4529
CAMELS-DK lowland,715,12,0.28164344604641284,0.2667267716390599,0.05296297363473812,24,24,5040,4125
CAMELS-DK lowland,716,12,0.24974757493016467,0.23294396423668848,0.0672823778095738,24,24,4440,3680
CAMELS-DK lowland,717,12,0.2547425902982297,0.293651044223586,-0.15273635193787505,24,24,5688,4621
CAMELS-DK lowland,718,12,0.27372730406240836,0.25977793824078343,0.05096081251158102,24,24,5448,4476
CAMELS-DK lowland,719,12,0.2884754267279946,0.32216095292580704,-0.11677086876995846,24,23,5136,3992
CAMELS-DK lowland,720,12,0.3014855160117506,0.2855873735627216,0.05273269064245645,24,24,4680,3821
CAMELS-DK lowland,721,12,0.28399393941889123,0.29640584260934616,-0.04370481713747898,24,24,5232,4284
CAMELS-DK lowland,722,12,0.2596977509551711,0.26260107757467893,-0.011179637131355058,24,24,5304,4306
CAMELS-DK lowland,723,12,0.302550340107778,0.3212643610356317,-0.061854238607655265,24,23,5352,4206
CAMELS-DK lowland,724,12,0.2609736539572874,0.24280793739177262,0.06960747297690018,24,24,4248,3514
CAMELS-DK lowland,725,12,0.27180284673250155,0.2912841943995946,-0.07167455345405505,24,24,4488,3666
CAMELS-DK lowland,726,12,0.2943959117285861,0.3322089791308011,-0.12844290934677183,24,24,6192,4870
CAMELS-DK lowland,727,12,0.2518475546535361,0.2508455369924828,0.0039786674221703455,24,24,4152,3427
CAMELS-DK lowland,728,12,0.2701998377598095,0.2692708432958958,0.0034381755060102215,24,24,4968,4079
CAMELS-DK lowland,729,12,0.2894231131275113,0.3145727757009626,-0.08689583323765548,24,23,5568,4258
CAMELS-DK lowland,730,12,0.26624278071844165,0.31440481426194794,-0.18089517174341285,24,24,5136,4168
CAMELS-DK lowland,731,12,0.2863225823615332,0.29557717148375606,-0.03232224662788674,24,23,5472,4262
CAMELS-DK lowland,732,12,0.29219692565614436,0.3535018261532399,-0.2098067950558753,24,24,6192,4889
CAMELS-DK lowland,733,12,0.28534997453978,0.3205819370346467,-0.12346930309592552,24,24,5880,4585
CAMELS-DK lowland,734,12,0.26687749534689337,0.2533759630138865,0.05059074882075498,24,24,4920,4051
CAMELS-DK lowland,735,12,0.26971333710247497,0.29945284723341076,-0.11026340206393481,24,24,4824,3878
CAMELS-DK lowland,736,12,0.2923265260911031,0.2988911996038934,-0.022456646684004378,24,23,4512,3564
CAMELS-DK lowland,737,12,0.3017790575977984,0.3464665857905865,-0.1480802828019505,24,24,6168,4816
CAMELS-DK lowland,738,12,0.2663441663022088,0.28752032310113823,-0.07950674157023507,24,24,5832,4703
CAMELS-DK lowland,739,12,0.273942075340603,0.27945168155467154,-0.020112303694926226,24,24,5784,4723
CAMELS-DK lowland,740,12,0.2776039057162834,0.2989219781055553,-0.07679312844776542,24,24,5256,4191
CAMELS-DK lowland,741,12,0.244619152407189,0.24843275548272623,-0.015589961121233786,24,24,5064,4206
CAMELS-DK lowland,742,12,0.2588052070164864,0.25767504220595594,0.004366854993216873,24,24,5064,4184
CAMELS-DK lowland,743,12,0.29832310079609486,0.28126166900281024,0.0571911184475995,24,24,5040,4027
CAMELS-DK lowland,744,12,0.3019174511390328,0.3016362166342034,0.0009314946975352845,24,24,5496,4480
CAMELS-DK lowland,745,12,0.26721184351779514,0.2934819259191523,-0.09831181902537067,24,24,5592,4501
CAMELS-DK lowland,746,12,0.3035669542295932,0.2753609019488653,0.092915424053025,24,24,5232,4313
CAMELS-DK lowland,747,12,0.24319945914487034,0.24309514617405445,0.0004289194194044832,24,24,5136,4159
CAMELS-DK lowland,748,12,0.2676189986167306,0.3346987381968451,-0.25065387706716,24,24,5112,4063
CAMELS-DK lowland,749,12,0.30973634998509325,0.31331457868154533,-0.011552498428499813,24,24,5712,4529
CAMELS-DK lowland,750,12,0.29597400720204875,0.2665367982597753,0.09945876403321441,24,24,4512,3664
CAMELS-DK lowland,751,12,0.21097430682530766,0.22180931781267768,-0.05135701664535719,24,24,5592,4704
CAMELS-DK lowland,752,12,0.2717119292419099,0.3126718705910787,-0.15074767406587242,24,24,4920,3917
CAMELS-DK lowland,753,12,0.27343432885630925,0.26503430519139265,0.03072044282095554,24,24,5640,4624
CAMELS-DK lowland,754,12,0.2938263453741493,0.2792141287353919,0.04973079122687463,24,24,4968,4104
CAMELS-DK lowland,755,12,0.26353897943102317,0.2688656434029383,-0.02021205357710376,24,24,5712,4671
CAMELS-DK lowland,756,12,0.2939532732197306,0.2731626916649324,0.07072750484141466,24,24,5472,4402
CAMELS-DK lowland,757,12,0.3213565517600792,0.30630518142581264,0.046836979833862924,24,23,4728,3712
CAMELS-DK lowland,758,12,0.22479273270392713,0.23072906751330124,-0.02640803703023975,24,24,5232,4344
CAMELS-DK lowland,759,12,0.25161908576203273,0.2588345760478994,-0.02867624395031254,24,24,6000,4978
CAMELS-DK lowland,760,12,0.27429859959433905,0.26560661039151545,0.03168805533706043,24,24,5592,4457
CAMELS-DK lowland,761,12,0.2778771236639198,0.2920859620754313,-0.05113353062016168,24,24,5208,4175
CAMELS-DK lowland,762,12,0.2833554420120476,0.2889370566743074,-0.01969827938586932,24,24,5136,4144
CAMELS-DK lowland,763,12,0.25776718972221085,0.3116695514457776,-0.20911257860884458,24,24,5904,4722
CAMELS-DK lowland,764,12,0.2430216581307003,0.2480729949696071,-0.02078554182273784,24,24,5832,4819
CAMELS-DK lowland,765,12,0.287996513432884,0.31405947699460657,-0.09049749683096908,24,24,5568,4408
CAMELS-DK lowland,766,12,0.2655340847356492,0.28531381805442335,-0.07449037413959769,24,24,5712,4634
CAMELS-DK lowland,767,12,0.2835832348100267,0.29269165327120183,-0.03211903012276762,24,23,4488,3571
CAMELS-DK lowland,768,12,0.2574427740511963,0.2956744527075428,-0.14850554185196718,24,24,5160,4160
CAMELS-DK lowland,769,12,0.24111242395455848,0.26243148011634,-0.08841956715511023,24,24,4536,3634
CAMELS-DK lowland,770,12,0.285587030611975,0.26617645545596946,0.0679672851894263,24,24,4920,4019
CAMELS-DK lowland,771,12,0.28778883958043744,0.27395839949303147,0.048057597047783895,24,24,5664,4633
CAMELS-DK lowland,772,12,0.2799314957051424,0.29789368082422646,-0.06416635996545383,24,24,5712,4557
CAMELS-DK lowland,773,12,0.2934274021511173,0.2916468967560893,0.006067958827209452,24,24,5784,4647
CAMELS-DK lowland,774,12,0.27451419915934283,0.30787791225702266,-0.12153729460935359,24,24,5520,4451
CAMELS-DK lowland,775,12,0.2544440665873519,0.28847664329790107,-0.1337526835150844,24,24,5976,4843
CAMELS-DK lowland,776,12,0.30688430415347423,0.3037187782254431,0.01031504669736405,24,24,4872,3849
CAMELS-DK lowland,777,12,0.28069631557552344,0.31829291653239855,-0.133940486107875,24,24,6360,5083
CAMELS-DK lowland,778,12,0.28903199915182054,0.26835654876795667,0.07153343036251025,24,24,4992,4074
CAMELS-DK lowland,779,12,0.30402132631071865,0.2639996010197449,0.13164117720501745,24,24,4896,4013
CAMELS-DK lowland,780,12,0.2519888718193913,0.2721410426620065,-0.07997246345488995,24,24,5160,4143
CAMELS-DK lowland,781,12,0.28115898898604363,0.2621233325079895,0.06770424287945853,24,24,4344,3560
CAMELS-DK lowland,782,12,0.2779542656912531,0.27423264655038365,0.013389321914574759,24,24,5256,4346
CAMELS-DK lowland,783,12,0.2677097748881406,0.3136134743000677,-0.17146814841224023,24,24,6192,4984
CAMELS-DK lowland,784,12,0.28009098359502665,0.33114911466354335,-0.18229123413104853,24,24,6192,4908
CAMELS-DK lowland,785,12,0.2843273743115188,0.27159323063049967,0.04478690703578592,24,24,4320,3546
CAMELS-DK lowland,786,12,0.2942936065470859,0.3140226880858759,-0.06703877046555351,24,24,5640,4544
CAMELS-DK lowland,787,12,0.30838177861954363,0.30657314470279584,0.005864918234936067,24,23,4848,3809
CAMELS-DK lowland,788,12,0.286102047609857,0.28692550563437047,-0.0028781968930062796,24,24,5136,4114
CAMELS-DK lowland,789,12,0.2802549160584396,0.2637222980240011,0.05899135782150233,24,24,5040,4156
CAMELS-DK lowland,790,12,0.28159254730156197,0.2890978924071367,-0.026653209317848647,24,24,5520,4378
CAMELS-DK lowland,791,12,0.3097459572025129,0.2749376113765636,0.11237707875293279,24,24,4680,3752
CAMELS-DK lowland,792,12,0.28908912864646374,0.3001865380715148,-0.03838750172657801,24,24,5016,4037
CAMELS-DK lowland,793,12,0.29439427684217107,0.2878847501940707,0.02211159373723215,24,24,5664,4651
CAMELS-DK lowland,794,12,0.2673490226360964,0.2885300673115691,-0.0792261907921894,24,24,5808,4706
CAMELS-DK lowland,795,12,0.2828647501247724,0.29944238347863167,-0.058606218507420316,24,24,5304,4241
CAMELS-DK lowland,796,12,0.2842262797369466,0.304882616645088,-0.07267567561753596,24,24,5280,4196
CAMELS-DK lowland,797,12,0.3006055717599983,0.3290323765776462,-0.09456512948583562,24,24,5736,4509
CAMELS-DK lowland,798,12,0.2750683007590491,0.2698766192079827,0.01887415429818684,24,24,4728,3886
CAMELS-DK lowland,799,12,0.2581503562189981,0.2561646193208055,0.007692171830698813,24,24,5304,4384
CAMELS-DK lowland,800,12,0.23903677791304317,0.2617708250368215,-0.09510690079686612,24,24,5544,4514
CAMELS-DK lowland,801,12,0.28436013319775916,0.2649970285444747,0.06809359819724914,24,24,5040,4134
CAMELS-DK lowland,802,12,0.2929313425912067,0.3115729958767804,-0.0636383021382203,24,24,5520,4355
CAMELS-DK lowland,803,12,0.26245559257827383,0.28186064341940553,-0.07393651112747546,24,24,5088,4193
CAMELS-DK lowland,804,12,0.22675322667683462,0.21272161584984878,0.0618805343263471,24,24,5064,4256
CAMELS-DK lowland,805,12,0.2812040065167431,0.3079918269640335,-0.09526116209761559,24,24,6048,4853
CAMELS-DK lowland,806,12,0.28415178334899444,0.3146581271292248,-0.10735932543053073,24,23,4704,3662
CAMELS-DK lowland,807,12,0.27260762977967823,0.2629341680303991,0.035484926658499005,24,24,5160,4273
CAMELS-DK lowland,808,12,0.2771809501589282,0.30043147149855853,-0.08388210418608888,24,24,3816,3110
CAMELS-DK lowland,809,12,0.2784252324701432,0.3097372146225643,-0.11246100748350396,24,24,5568,4453
CAMELS-DK lowland,810,12,0.30461766735351997,0.25817754571615936,0.15245380230512084,24,24,4200,3433
CAMELS-DK lowland,811,12,0.25180445755735986,0.2857830963452253,-0.13494057697578787,24,24,5256,4236
CAMELS-DK lowland,812,12,0.3440751786812372,0.3204422839552539,0.06868526470454173,24,24,4848,3946
CAMELS-DK lowland,813,12,0.2618321521193655,0.2584108274422183,0.013066862298819037,24,24,4944,4096
CAMELS-DK lowland,814,12,0.30923047991830316,0.3177350742809082,-0.027502445311509804,24,24,5880,4705
CAMELS-DK lowland,815,12,0.29877810811243366,0.3390364045549473,-0.1347431265859813,24,24,5952,4583
CAMELS-DK lowland,816,12,0.26982206359377675,0.286800866575012,-0.06292592516376727,24,24,5448,4451
CAMELS-DK lowland,817,12,0.2542643740496966,0.2554736382478823,-0.0047559324923329704,24,24,3768,3127
CAMELS-DK lowland,818,12,0.2920789562872213,0.2985232310286246,-0.02206346812286686,24,24,4632,3754
CAMELS-DK lowland,819,12,0.29193490878858264,0.32717019066744946,-0.12069567844791029,24,24,5352,4223
CAMELS-DK lowland,820,12,0.26214585459544576,0.31994848801722153,-0.2204979876984099,24,24,6096,4818
CAMELS-DK lowland,821,12,0.2768950812125879,0.2815557492410979,-0.016831891733503745,24,24,5640,4671
CAMELS-DK lowland,822,12,0.2574289086557782,0.2738426617442399,-0.06376033357780098,24,23,4272,3408
CAMELS-DK lowland,823,12,0.21656386535354025,0.2431328122754553,-0.12268411850952732,24,24,5064,4164
CAMELS-DK lowland,824,12,0.3082814381643705,0.33723651540829375,-0.09392416687924277,24,24,5568,4352
CAMELS-DK lowland,825,12,0.3044866022246424,0.2652557735834502,0.12884254464585176,24,24,4824,3923
CAMELS-DK lowland,826,12,0.26091190770069983,0.2869087932400759,-0.09963855528279653,24,24,6360,5140
CAMELS-DK lowland,827,12,0.2581142571078697,0.2584193328017364,-0.0011819404990836002,24,24,5304,4386
CAMELS-DK lowland,828,12,0.2849713036694972,0.29532443553323773,-0.03633043654019241,24,24,5760,4642
CAMELS-DK lowland,829,12,0.2503293712525403,0.25763210377891216,-0.029172495779588914,24,24,5712,4612
CAMELS-DK lowland,830,12,0.29762815675790594,0.3224472327671971,-0.0833895431119418,24,24,4632,3734
CAMELS-DK lowland,831,12,0.2900956835921501,0.2864155363848773,0.012685977129003878,24,24,4320,3532
CAMELS-DK lowland,832,12,0.27023801019910904,0.32614601398549947,-0.20688430818891068,24,24,5856,4664
CAMELS-DK lowland,833,12,0.2994444324765252,0.3171554990154001,-0.059146421232137314,24,23,4200,3303
CAMELS-DK lowland,834,12,0.2754308283412673,0.3096897364117952,-0.12438298311356788,24,24,5592,4425
CAMELS-DK lowland,835,12,0.25581983365056077,0.24712965548528362,0.03396991562877638,24,24,4584,3783
CAMELS-DK lowland,836,12,0.2379570318904141,0.23914802686924647,-0.005005084192598597,24,24,5112,4261
CAMELS-DK lowland,837,12,0.2829704043001979,0.3188207684476381,-0.12669298132467333,24,24,5232,4157
CAMELS-DK lowland,838,12,0.2853520828152199,0.3066782569226252,-0.07473635340946538,24,24,5904,4657
CAMELS-DK lowland,839,12,0.2861424798829332,0.3042480032785489,-0.06327450367740939,24,23,4344,3395
CAMELS-DK lowland,840,12,0.28846728078838085,0.2870994933301405,0.004741568799422224,24,24,5616,4517
CAMELS-DK lowland,841,12,0.30586807384641646,0.2727620017442646,0.10823644222108375,24,24,5040,4077
CAMELS-DK lowland,842,12,0.28708628465474134,0.28347923343977305,0.012564345312790715,24,24,5496,4424
CAMELS-DK lowland,843,12,0.2920919296264007,0.30939457617547406,-0.059236989434128695,24,24,6048,4843
CAMELS-DK lowland,844,12,0.25433164264628755,0.2410170972327103,0.05235111634180134,24,24,4896,4055
CAMELS-DK lowland,845,12,0.2865586348344797,0.27200142948371175,0.050800093178753336,24,24,5784,4738
CAMELS-DK lowland,846,12,0.2643391293679496,0.32246827244942416,-0.21990366398067795,24,24,6048,4714
CAMELS-DK lowland,847,12,0.2979883427916172,0.29155504347294303,0.021589097272751157,24,24,4992,4065
CAMELS-DK lowland,848,12,0.25661265907228936,0.2256939708137275,0.12048777472763683,24,24,4296,3537
CAMELS-DK lowland,849,12,0.2628918167974141,0.28890264318639436,-0.09894117932557922,24,24,6048,4904
CAMELS-DK lowland,850,12,0.2965247102121438,0.31121341446438683,-0.04953618955308725,24,24,5496,4427
CAMELS-DK lowland,851,12,0.2555640788684241,0.23921550292044955,0.06397055494012338,24,24,5400,4491
CAMELS-DK lowland,852,12,0.28444416142693185,0.3121576123173074,-0.09743019772790995,24,24,5592,4461
CAMELS-DK lowland,853,12,0.28658700106798296,0.3190794306424066,-0.1133771924523399,24,24,5976,4837
CAMELS-DK lowland,854,12,0.26602754718703653,0.3206541996765513,-0.20534208982165403,24,24,5832,4585
CAMELS-DK lowland,855,12,0.2801765361132487,0.2402768368533351,0.1424091389429769,24,24,5280,4373
CAMELS-DK lowland,856,12,0.3114718452122042,0.2869102380359861,0.07885658865726508,24,24,4800,3897
CAMELS-DK lowland,857,12,0.2736764948607166,0.2985356736287826,-0.09083417551338369,24,24,5448,4332
CAMELS-DK lowland,858,12,0.26110068511062445,0.2759782260144533,-0.056980091406215516,24,24,5328,4308
CAMELS-DK lowland,859,12,0.297675227569563,0.28848214704344927,0.030882920964477756,24,24,4728,3849
CAMELS-DK lowland,860,12,0.2903843338455332,0.3016104405518142,-0.03865947779487522,24,24,4848,3882
CAMELS-DK lowland,861,12,0.2666067709128271,0.2605653320285633,0.02266048556673439,24,24,5880,4823
CAMELS-DK lowland,862,12,0.233567484538891,0.26952208860374066,-0.1539366840201719,24,23,3768,3037
CAMELS-DK lowland,863,12,0.27193766692085236,0.29253748648133515,-0.07575199049743397,24,23,4656,3676
CAMELS-DK lowland,864,12,0.31358775680599615,0.3123697797308156,0.0038840071040594504,24,23,4728,3703
CAMELS-DK lowland,865,12,0.2723069190087107,0.26428289657502385,0.029466832730130288,24,24,5400,4323
CAMELS-DK lowland,866,12,0.27465605188260167,0.26883701548855843,0.02118663089401185,24,24,4752,3929
CAMELS-DK lowland,867,12,0.2911971469116919,0.26672361917593435,0.08404453132632983,24,24,5040,4121
CAMELS-DK lowland,868,12,0.27353927479525414,0.32689672218395527,-0.1950632040998117,24,24,4800,3752
CAMELS-DK lowland,869,12,0.30011406854790806,0.3368563106470255,-0.12242758987238922,24,24,5376,4276
CAMELS-DK lowland,870,12,0.2281982946207683,0.24070977549945125,-0.05482723216435592,24,24,4392,3598
CAMELS-DK lowland,871,12,0.3159924836616456,0.33379118742696834,-0.056326351687469245,24,23,5280,4081
CAMELS-DK lowland,872,12,0.2942427330882416,0.31432952045801754,-0.0682660440207099,24,24,5376,4389
CAMELS-DK lowland,873,12,0.22450813330421074,0.22871493569740284,-0.018737861881786833,24,24,3552,2903
CAMELS-DK lowland,874,12,0.2624500970348374,0.27660044713833665,-0.05391634548194113,24,24,5832,4794
CAMELS-DK lowland,875,12,0.27944209562124134,0.2518493689431911,0.09874219779488669,24,24,5568,4574
CAMELS-DK lowland,876,12,0.26151683610195375,0.2326894602795098,0.11023143386151035,24,24,5544,4629
CAMELS-DK lowland,877,12,0.2832853610351882,0.3161570724732077,-0.11603745183972403,24,24,5640,4481
CAMELS-DK lowland,878,12,0.31543947605806955,0.3388728077904703,-0.07428788566744537,24,24,4704,3802
CAMELS-DK lowland,879,12,0.32545645370309756,0.3307723781977422,-0.0163337504423684,24,24,5352,4310
CAMELS-DK lowland,880,12,0.2987431271451478,0.2990551825235682,-0.001044560862043964,24,24,5016,4018
CAMELS-DK lowland,881,12,0.2933716626570972,0.2855826073311719,0.026550128445873122,24,24,5616,4593
CAMELS-DK lowland,882,12,0.2937792806809964,0.3288562304057118,-0.11939899111811125,24,24,5472,4443
CAMELS-DK lowland,883,12,0.29789777145438734,0.25532976423589226,0.14289468165763997,24,24,4464,3683
CAMELS-DK lowland,884,12,0.29173022399843807,0.2899203316663113,0.006203993221272963,24,24,5016,4052
CAMELS-DK lowland,885,12,0.26940134882925915,0.2893919306710266,-0.07420371846184426,24,24,5976,4847
CAMELS-DK lowland,886,12,0.322018226426618,0.3181626999996951,0.011973006837864508,24,24,4848,3867
CAMELS-DK lowland,887,12,0.29120076625058205,0.33625570123124643,-0.15472121025222174,24,24,4800,3838
CAMELS-DK lowland,888,12,0.32333383617068184,0.3022856831174288,0.06509727933992682,24,24,4488,3614
CAMELS-DK lowland,889,12,0.2678415962133748,0.2846942088031807,-0.06292007226681973,24,24,5016,4128
CAMELS-DK lowland,890,12,0.2769209430482717,0.29704166098985024,-0.0726587080055956,24,24,5664,4581
CAMELS-DK lowland,891,12,0.20999971815340968,0.22207038649425395,-0.0574794501963396,24,24,4536,3757
CAMELS-DK lowland,892,12,0.2966675602912459,0.29180869356030636,0.016378153129278705,24,24,5664,4572
CAMELS-DK lowland,893,12,0.2997977936932737,0.29068689638823164,0.030390141277568894,24,24,5184,4140
CAMELS-DK lowland,894,12,0.31220302817157813,0.2838191906095315,0.09091467731199487,24,24,4728,3777
CAMELS-DK lowland,895,12,0.2779551177887528,0.2962831438171055,-0.06593879678906323,24,24,5472,4384
CAMELS-DK lowland,896,12,0.2738588943160601,0.28401463337490196,-0.03708383868343956,24,24,5976,4707
CAMELS-DK lowland,897,12,0.2860440695084306,0.2679919616845151,0.06310953362864047,24,24,5784,4787
CAMELS-DK lowland,898,12,0.2624847227558083,0.3156130334001422,-0.20240534415315126,24,24,5640,4439
CAMELS-DK lowland,899,12,0.2694943826729261,0.26719398878073874,0.008535962306046363,24,24,5496,4527
CAMELS-DK lowland,900,12,0.2577298674747075,0.28089597522210413,-0.08988522740644345,24,24,5832,4641
CAMELS-DK lowland,901,12,0.2960899780695213,0.27943593229607366,0.05624657032308367,24,24,5088,4109
CAMELS-DK lowland,902,12,0.27342241811808377,0.2778385896493501,-0.01615146103111087,24,24,4992,4011
CAMELS-DK lowland,903,12,0.2719560105320371,0.2692196245872764,0.010061869709764637,24,24,6048,4863
CAMELS-DK lowland,904,12,0.29863375781145807,0.300350189661827,-0.005747614947981372,24,24,5232,4293
CAMELS-DK lowland,905,12,0.26782713531713,0.27862629724398374,-0.040321388324101815,24,24,5808,4776
CAMELS-DK lowland,906,12,0.2832340979765933,0.30977704188234073,-0.09371380104079474,24,24,5856,4676
CAMELS-DK lowland,907,12,0.28235536767570973,0.3026737996484674,-0.07196049481904576,24,24,5160,4115
CAMELS-DK lowland,908,12,0.24883549227585067,0.24874678178138965,0.00035650257786645767,24,24,4704,3915
CAMELS-DK lowland,909,12,0.27329425622727777,0.3089852624944252,-0.1305955227886897,24,24,4752,3714
CAMELS-DK lowland,910,12,0.2697349255287965,0.31558630770137946,-0.1699868197738743,24,24,5040,4050
CAMELS-DK lowland,911,12,0.25445494708271,0.3219581376291844,-0.2652854319414457,24,24,5184,4123
CAMELS-DK lowland,912,12,0.24599609486444263,0.2683388062644098,-0.09082547189328039,24,24,5280,4377
CAMELS-DK lowland,913,12,0.28906605379404887,0.31544979421023145,-0.09127235823747126,24,24,4920,3973
CAMELS-DK lowland,914,12,0.3016668181441048,0.3080731192768593,-0.021236346682631302,24,24,5856,4585
CAMELS-DK lowland,915,12,0.2755413923437987,0.2616447154365535,0.05043408102513347,24,24,5016,4098
CAMELS-DK lowland,916,12,0.2567907635393221,0.26869029892598467,-0.04633942133530189,24,24,5256,4299
CAMELS-DK lowland,917,12,0.2895011604698047,0.299113700217319,-0.03320380385320387,24,24,5112,4170
CAMELS-DK lowland,918,12,0.2531865378010372,0.25336409474811444,-0.0007012890520141646,24,24,5520,4576
CAMELS-DK lowland,919,12,0.2871314008822593,0.3336190380447073,-0.16190370339017934,24,24,4176,3341
CAMELS-DK lowland,920,12,0.2756058541609192,0.27402328801112447,0.005742135465927833,24,24,5808,4740
CAMELS-DK lowland,921,12,0.31327610039899545,0.3483072759959269,-0.11182204947110552,24,24,5640,4403
CAMELS-DK lowland,922,12,0.262331919927479,0.3116616944791174,-0.18804335578101017,24,24,6024,4796
CAMELS-DK lowland,923,12,0.2921691459336346,0.31038102767509174,-0.06233335037230092,24,24,5304,4251
CAMELS-DK lowland,924,12,0.29243390922221846,0.3189191118199755,-0.090568165190553,24,24,6048,4813
CAMELS-DK lowland,925,12,0.25166905425367236,0.25758697764528293,-0.023514704297515898,24,24,6096,4944
CAMELS-DK lowland,926,12,0.27873508868984226,0.2821037949181127,-0.012085691270893095,24,24,5016,4062
CAMELS-DK lowland,927,12,0.26906791325987317,0.29354968759636413,-0.09098734234002026,24,24,5304,4144
CAMELS-DK lowland,928,12,0.2738401477496584,0.2627655297440811,0.040441907793964504,24,24,4752,3925
CAMELS-DK lowland,929,12,0.3109968899413459,0.3451667144872015,-0.10987191721531375,24,24,5568,4370
CAMELS-DK lowland,930,12,0.2597497526681198,0.2646548358203635,-0.018883879972393602,24,24,5112,4161
CAMELS-DK lowland,931,12,0.2809110158859582,0.2774268715373604,0.012403017865316612,24,24,4704,3772
CAMELS-DK lowland,932,12,0.2663963892970412,0.2663612064913279,0.00013206937904131077,24,24,5520,4474
CAMELS-DK lowland,933,12,0.2922257550665206,0.29877569487683475,-0.022413971721360282,24,24,4560,3702
CAMELS-DK lowland,934,12,0.2337055297546349,0.24539385143174114,-0.050013030027050265,24,24,6120,5031
CAMELS-DK lowland,935,12,0.27586117136157906,0.3117863472746856,-0.1302291864265972,24,24,6024,4853
CAMELS-DK lowland,936,12,0.2821101424488271,0.30573659063788355,-0.0837490208043199,24,24,5448,4375
CAMELS-DK lowland,937,12,0.2987393904116849,0.31875400735688614,-0.0669969129870005,24,24,5688,4533
CAMELS-DK lowland,938,12,0.27973182642118133,0.2910931323235164,-0.04061499203608254,24,24,5328,4337
CAMELS-DK lowland,939,12,0.2982172833350758,0.32572218230908195,-0.09223106946186532,24,24,6096,4857
CAMELS-DK lowland,940,12,0.2777924574423414,0.27206287545696667,0.020625405160843657,24,24,4872,3981
CAMELS-DK lowland,941,12,0.26556357064088965,0.27719701013393583,-0.043806608959847004,24,24,5088,4082
CAMELS-DK lowland,942,12,0.2608176741755755,0.25803146334952093,0.010682599769595957,24,24,4008,3363
CAMELS-DK lowland,943,12,0.2552884338278999,0.30249145768887387,-0.18490075383828564,24,24,5352,4251
CAMELS-DK lowland,944,12,0.27605145249936525,0.2587205678073715,0.06278135664594475,24,24,5016,4035
CAMELS-DK lowland,945,12,0.25929202244255134,0.2630977911845572,-0.01467753888513501,24,24,5928,4910
CAMELS-DK lowland,946,12,0.3012282899376205,0.295997623306296,0.01736446013223969,24,24,4584,3690
CAMELS-DK lowland,947,12,0.2771084655198175,0.26409536094805464,0.04696032850296383,24,24,4992,4105
CAMELS-DK lowland,948,12,0.30062919086640866,0.2791422729333317,0.0714731589143156,24,23,4200,3325
CAMELS-DK lowland,949,12,0.28362282851135273,0.3042049834403993,-0.0725687527942509,24,24,5712,4496
CAMELS-DK lowland,950,12,0.28684187585411147,0.31400381515103243,-0.09469307511688285,24,24,5448,4406
CAMELS-DK lowland,951,12,0.2731502639815522,0.2862193588278395,-0.0478458071238399,24,24,6144,5031
CAMELS-DK lowland,952,12,0.2884847815798857,0.2941603985007451,-0.019673886746388813,24,24,5880,4746
CAMELS-DK lowland,953,12,0.26215086177115765,0.25228258437666823,0.037643505452611636,24,24,5928,4893
CAMELS-DK lowland,954,12,0.25892484460916126,0.29644843797815934,-0.14492079130389635,24,24,5400,4253
CAMELS-DK lowland,955,12,0.27392388577752597,0.2635255234976607,0.037960772388832775,24,24,5256,4336
CAMELS-DK lowland,956,12,0.29256815194585756,0.3216830303980358,-0.09951485921668679,24,24,5064,4067
CAMELS-DK lowland,957,12,0.2818208264554373,0.26624601941198567,0.05526492573079733,24,24,4200,3432
CAMELS-DK lowland,958,12,0.21262221587509442,0.23973054714936273,-0.1274952909445417,24,24,5232,4368
CAMELS-DK lowland,959,12,0.2865911448512198,0.30437404490286024,-0.06204971915957924,24,24,5568,4380
CAMELS-DK lowland,960,12,0.2766523876840258,0.28445936968570057,-0.028219463663517796,24,24,5712,4519
CAMELS-DK lowland,961,12,0.2695626436320755,0.32265520462002306,-0.19695815515303106,24,24,5880,4755
CAMELS-DK lowland,962,12,0.24027232477716456,0.2288477162994321,0.04754858258573047,24,24,6000,5059
CAMELS-DK lowland,963,12,0.292825026321045,0.3040399930550816,-0.03829920848958057,24,24,4560,3712
CAMELS-DK lowland,964,12,0.2764294086984577,0.35234578264329247,-0.27463204549139686,24,24,5304,4205
CAMELS-DK lowland,965,12,0.27240616324096173,0.2991962920791128,-0.09834626544206859,24,24,5880,4617
CAMELS-DK lowland,966,12,0.29459105769509303,0.31926331995026314,-0.08375088656189411,24,23,4992,3882
CAMELS-DK lowland,967,12,0.29154892033252283,0.2725761789900414,0.06507567004824544,24,24,4464,3642
CAMELS-DK lowland,968,12,0.2894068860431569,0.2778645032884666,0.039882889147872747,24,24,5136,4216
CAMELS-DK lowland,969,12,0.256689509176239,0.27988363928585425,-0.09035869905259952,24,24,5808,4725
CAMELS-DK lowland,970,12,0.3051446232755652,0.28676638445467156,0.06022796214992421,24,24,4968,4047
CAMELS-DK lowland,971,12,0.2962169177742475,0.2935821689803969,0.00889466008102413,24,24,5664,4553
CAMELS-DK lowland,972,12,0.24513193869217628,0.23878841973596343,0.025877978161706228,24,24,4872,4017
CAMELS-DK lowland,973,12,0.26712724433877,0.28148675772186416,-0.05375533079240502,24,24,5064,4150
CAMELS-DK lowland,974,12,0.2817593015720929,0.27884379601600473,0.010347504198870872,24,24,4632,3771
CAMELS-DK lowland,975,12,0.28044147414659953,0.309866541407775,-0.10492409281015846,24,24,4776,3792
CAMELS-DK lowland,976,12,0.28104828239461327,0.32963227234390896,-0.17286705876778874,24,24,5784,4566
CAMELS-DK lowland,977,12,0.3156052464481256,0.33483283550610904,-0.060922906936351495,24,24,5664,4467
CAMELS-DK lowland,978,12,0.27162486781737516,0.25591702189371807,0.057829189388572955,24,24,4560,3702
CAMELS-DK lowland,979,12,0.2989113637376808,0.3060812426063533,-0.023986638644373004,24,24,5880,4692
CAMELS-DK lowland,980,12,0.2681812834069848,0.2879185501055844,-0.07359673444714954,24,24,5784,4669
CAMELS-DK lowland,981,12,0.2548769090260245,0.2705261648934527,-0.06139926887543323,24,23,5064,4043
CAMELS-DK lowland,982,12,0.2897770073525082,0.3053110148704824,-0.05360676355897809,24,24,5352,4283
CAMELS-DK lowland,983,12,0.29805447767475773,0.30868483606379676,-0.035665823482910586,24,24,5472,4359
CAMELS-DK lowland,984,12,0.26557047295290687,0.24788202452930042,0.0666054784891057,24,24,5400,4434
CAMELS-DK lowland,985,12,0.2694551916986145,0.2888490931025689,-0.07197449520900867,24,24,5208,4198
CAMELS-DK lowland,986,12,0.2702476922583164,0.24901499864120685,0.07856752980822601,24,24,4368,3593
CAMELS-DK lowland,987,12,0.2993600164040616,0.3454531709577383,-0.1539723143636602,24,24,6024,4722
CAMELS-DK lowland,988,12,0.27534210369401796,0.26863175685345236,0.02437094345738955,24,24,5832,4849
CAMELS-DK lowland,989,12,0.27814217547057957,0.24357837132741117,0.12426667794875423,24,24,4968,4082
CAMELS-DK lowland,990,12,0.30550629043972344,0.32581194106482214,-0.06646557292117361,24,24,6144,4913
CAMELS-DK lowland,991,12,0.27341224738498443,0.30922139584237207,-0.13097126701484485,24,24,5376,4260
CAMELS-DK lowland,992,12,0.25903271825322216,0.29701847761429,-0.14664463862798272,24,24,5856,4700
CAMELS-DK lowland,993,12,0.2988648207245459,0.3174589627835553,-0.06221589417560458,24,23,5136,3975
CAMELS-DK lowland,994,12,0.27759698461245313,0.3320908437673068,-0.1963056595550967,24,24,6288,4942
CAMELS-DK lowland,995,12,0.2735482348407391,0.2577987858185109,0.05757466880163775,24,24,5160,4290
CAMELS-DK lowland,996,12,0.1892453301086446,0.20177766304706332,-0.06622268000602172,24,24,4512,3780
CAMELS-DK lowland,997,12,0.2831495558347224,0.3016414196809229,-0.06530776215306666,24,24,5832,4675
CAMELS-DK lowland,998,12,0.27799804788679855,0.2642596988738751,0.04941886864801914,24,24,5304,4368
CAMELS-DK lowland,999,12,0.2600556268375765,0.29244888374594835,-0.12456279951444316,24,24,5472,4499
