gauge_id,model_type,model_label,n_eval_years,train_nse,eval_nse,eval_kge,obs_tau_eval_days,model_tau_eval_days,abs_log10_tau_error,beta_de_median_abs_distance,beta_raw_median_abs_distance,param_calibration,param_seed,seed_index,seed
10002,global_lstm,global LSTM,15.496235455167694,0.7496969574914184,0.49645194030999684,0.5042091643563061,9.369621400960744,86.05269548195302,0.9630424358815176,0.47190450850774024,0.6336443291230802,global_lstm_seed_ensemble_seed=0,20265608,0,20265608
10003,global_lstm,global LSTM,11.811088295687885,0.7874377995804731,0.5040003488560908,0.6352388970299621,13.222616882562223,39.05641142055682,0.47037492226402844,0.19402955303813452,0.22817599827539992,global_lstm_seed_ensemble_seed=0,20265608,0,20265608
1001,global_lstm,global LSTM,8.06570841889117,0.7206462343032265,0.38862151175371606,0.35910295783945756,4.422390586852748,132.94077142937735,1.4780010976171032,0.567116223470398,1.1381741167688864,global_lstm_seed_ensemble_seed=0,20265608,0,20265608
101002,global_lstm,global LSTM,15.173169062286105,0.608142529290294,0.49873277705921226,0.6819159960169296,17.994716206414683,59.39644302228664,0.5186154360651997,0.795869154601138,1.2835554213234235,global_lstm_seed_ensemble_seed=0,20265608,0,20265608
101005,global_lstm,global LSTM,12.11772758384668,0.659095061499273,0.5078327461902297,0.7549109575530061,12.739093304268954,77.56691036343314,0.7845379745147028,0.8179688560243499,1.37317426434443,global_lstm_seed_ensemble_seed=0,20265608,0,20265608
102001,global_lstm,global LSTM,10.182067077344286,0.6931835163107194,0.3490127211278389,0.25588630100941456,3.9271899054016717,77.64687541997063,1.2960420812498634,0.1880312825108108,1.2900975255184055,global_lstm_seed_ensemble_seed=0,20265608,0,20265608
106001,global_lstm,global LSTM,7.72621492128679,0.782228410731554,0.15334803983663559,0.44345359716417854,6.85031159820377,144.77047414523486,1.3249696702098288,1.277671681363095,0.2513196348589698,global_lstm_seed_ensemble_seed=0,20265608,0,20265608
107001,global_lstm,global LSTM,6.940451745379876,0.6436700836201499,0.1276647126136604,0.16526485862499618,2.6793960512889297,157.9802943246656,1.7705660055991592,,0.631120093228255,global_lstm_seed_ensemble_seed=0,20265608,0,20265608
11001,global_lstm,global LSTM,15.597535934291582,0.7837894072338176,0.5402873323002646,0.6625059371344703,11.4423369840309,43.12404242072081,0.576204730715536,0.3815449427575366,0.43289699571891305,global_lstm_seed_ensemble_seed=0,20265608,0,20265608
11003,global_lstm,global LSTM,14.822724161533197,0.7317891437894162,0.45559005357545834,0.6180292664508076,6.642162233296286,79.03814150616742,1.0755272408132912,0.24923169849121263,0.9568146367915986,global_lstm_seed_ensemble_seed=0,20265608,0,20265608
11004,global_lstm,global LSTM,11.227926078028748,0.6810264828325208,0.49356715160647735,0.6562813560456124,13.127964898529983,35.40556037854901,0.4308740657040135,0.3815908340214298,0.6554513146303529,global_lstm_seed_ensemble_seed=0,20265608,0,20265608
12001,global_lstm,global LSTM,15.597535934291582,0.6918143084510664,0.4408105186177935,0.5110378420858088,5.6064840879852085,76.70349691953821,1.1361245700265432,0.07925701154729725,1.0107616486456361,global_lstm_seed_ensemble_seed=0,20265608,0,20265608
12002,global_lstm,global LSTM,14.973305954825461,0.7545932227741764,0.4948647432065043,0.556278844435558,5.930257265412479,74.13039022458018,1.0969227520045148,0.28385591253283005,0.8863899725634959,global_lstm_seed_ensemble_seed=0,20265608,0,20265608
12005,global_lstm,global LSTM,13.79876796714579,0.6034921701029987,0.46458045934216297,0.48629581085032925,5.968278540908192,57.90531191810313,0.9868693218073362,0.35414992856334937,0.6128696736825812,global_lstm_seed_ensemble_seed=0,20265608,0,20265608
12006,global_lstm,global LSTM,13.17180013689254,0.6320381995803918,0.33337141832459927,0.3908800442647331,4.127178854444125,82.51780479961756,1.3008943762601368,0.45999235755024004,0.9322295080502339,global_lstm_seed_ensemble_seed=0,20265608,0,20265608
12007,global_lstm,global LSTM,12.016427104722792,0.5212470856749598,0.2743563006809214,0.26582302410796343,3.817852400739543,104.91526497281407,1.439019547383543,0.5254987064030349,0.8323945932782363,global_lstm_seed_ensemble_seed=0,20265608,0,20265608
12008,global_lstm,global LSTM,11.312799452429843,0.7606311787186214,0.5758957689308133,0.5034832526459216,5.396233609219593,33.76371009008314,0.7963594200528163,0.4114591501628444,1.0317392985780327,global_lstm_seed_ensemble_seed=0,20265608,0,20265608
12009,global_lstm,global LSTM,11.40041067761807,0.5706880367830021,0.5444321162958101,0.5414508902097178,3.1898214678530974,10.107052895280093,0.500858162018303,0.5783314268769504,0.9689636940859092,global_lstm_seed_ensemble_seed=0,20265608,0,20265608
13001,global_lstm,global LSTM,12.922655715263518,0.7947683305839526,0.49109129029974086,0.4357470247369879,5.787194426965098,36.6891104579934,0.8020691090473012,0.06753441150288797,1.0242131137183161,global_lstm_seed_ensemble_seed=0,20265608,0,20265608
13004,global_lstm,global LSTM,11.323750855578371,0.7921720348485434,0.5336171392787257,0.4961443486500762,7.476978062031977,69.72131406521761,0.9696394574365236,0.2032968493393954,1.067564874125862,global_lstm_seed_ensemble_seed=0,20265608,0,20265608
13005,global_lstm,global LSTM,12.498288843258042,0.7856977203739717,0.16669839475910897,0.5276267045493513,9.947715428814352,21.148385754463003,0.32755387044993245,0.2336716380902618,0.4255129230932131,global_lstm_seed_ensemble_seed=0,20265608,0,20265608
13007,global_lstm,global LSTM,14.023271731690622,0.7520692240791845,0.5675643066481495,0.5327416664384008,5.985865232992156,32.39444627937775,0.7333436260992234,0.3079948325609372,0.9726970904841072,global_lstm_seed_ensemble_seed=0,20265608,0,20265608
13008,global_lstm,global LSTM,11.9233401779603,0.8201759533716936,0.5173655586827994,0.5589147992898211,7.592111426602678,42.55516139336707,0.7485896685012584,0.14941782694780037,0.8230412197761345,global_lstm_seed_ensemble_seed=0,20265608,0,20265608
14001,global_lstm,global LSTM,15.597535934291582,0.881032545915494,0.54904624885615,0.6551909179698218,14.768188088235641,37.25921664608915,0.40190650495189556,0.3594990460160452,0.23891721643185893,global_lstm_seed_ensemble_seed=0,20265608,0,20265608
14002,global_lstm,global LSTM,15.299110198494182,0.8381102452933189,0.1978714518357395,0.5905398016628215,13.578408853621704,25.83904113735208,0.27942751197068927,0.29367395325904866,0.34601203809172176,global_lstm_seed_ensemble_seed=0,20265608,0,20265608
14005,global_lstm,global LSTM,11.62217659137577,0.767887211657259,0.5384250590587831,0.6443927769675828,12.93424013092396,39.758195132946035,0.4876857413066177,0.7498199557701816,0.3075416564225838,global_lstm_seed_ensemble_seed=0,20265608,0,20265608
15006,global_lstm,global LSTM,15.597535934291582,0.7466672368636587,0.445218236622293,0.6360172286579941,12.75089601312989,83.17906824139135,0.8144733471822199,0.3851392489411043,0.4627598044483596,global_lstm_seed_ensemble_seed=0,20265608,0,20265608
15007,global_lstm,global LSTM,15.597535934291582,0.6492038129536566,0.3628015640264486,0.630252578172864,13.197210717246277,71.6016513153954,0.7344408873081162,0.37152222306173144,0.5384429510433846,global_lstm_seed_ensemble_seed=0,20265608,0,20265608
15010,global_lstm,global LSTM,14.924024640657084,0.8055276736105257,0.6074944854175657,0.7179609099389836,7.264966910427983,69.02562048743852,0.9777766787356732,0.23045763773071748,0.9231816514639818,global_lstm_seed_ensemble_seed=0,20265608,0,20265608
15011,global_lstm,global LSTM,15.597535934291582,0.38460371028262774,0.3803378709858315,0.6724826787708114,5.30285145219421,68.69593883473017,1.1124216017278707,0.19712111356223083,0.9371423089339959,global_lstm_seed_ensemble_seed=0,20265608,0,20265608
15012,global_lstm,global LSTM,14.921286789869953,0.6698998671519945,0.4126906838644979,0.5858604007859686,12.951216513352971,78.4683474382127,0.7823839425607069,0.3025348517877211,0.5475411600797474,global_lstm_seed_ensemble_seed=0,20265608,0,20265608
15013,global_lstm,global LSTM,15.58110882956879,0.7768680542174338,0.5785038670869993,0.5855779098052594,7.007287160222032,77.19294837569905,1.0420277137291738,0.14724605658796291,0.9328965622925112,global_lstm_seed_ensemble_seed=0,20265608,0,20265608
15014,global_lstm,global LSTM,11.323750855578371,0.6580603823357885,0.36750474490296703,0.36019597703072437,4.930722193943647,109.42674530047496,1.3462129478528688,0.2604322175397249,1.1889966564968821,global_lstm_seed_ensemble_seed=0,20265608,0,20265608
15016,global_lstm,global LSTM,14.622861054072553,0.43208184040415776,0.04134009192805754,0.4372944878709826,14.072080101173524,73.66116818431132,0.7188803034516826,1.9746747305537335,1.2191284307344699,global_lstm_seed_ensemble_seed=0,20265608,0,20265608
15021,global_lstm,global LSTM,11.143052703627653,0.5581499509861019,0.48196390706790493,0.6114776348179042,14.31833566112229,37.334597655881296,0.41621893616708655,0.7989202745121706,0.16916277586953288,global_lstm_seed_ensemble_seed=0,20265608,0,20265608
15023,global_lstm,global LSTM,11.9233401779603,0.8358426354837333,0.5195195432535976,0.5194472633608956,7.088442465992603,83.9388640296134,1.073412268756473,0.3938592209679667,0.612576093967256,global_lstm_seed_ensemble_seed=0,20265608,0,20265608
15024,global_lstm,global LSTM,12.2217659137577,0.825623633941234,0.5240236694499251,0.6007179682261773,3.715251216632258,81.33890991785225,1.3403101627393699,0.8427531253431997,0.36525828405275795,global_lstm_seed_ensemble_seed=0,20265608,0,20265608
15025,global_lstm,global LSTM,11.323750855578371,0.7522375306618214,0.48158116813497676,0.4559789527924598,6.661093287485715,99.8364002666616,1.1757433976389418,0.16092051255733253,1.2189225782372968,global_lstm_seed_ensemble_seed=0,20265608,0,20265608
15030,global_lstm,global LSTM,9.963039014373717,0.7283219721467231,0.5565413788207771,0.5219063719935306,10.219457772267887,72.21771703854844,0.8492159018462004,0.7723018749832322,0.3054675683037962,global_lstm_seed_ensemble_seed=0,20265608,0,20265608
15039,global_lstm,global LSTM,9.22381930184805,0.48603392181229854,0.16710385466208555,0.1311864902573492,3.8542447949737215,124.90645353945854,1.5106455830615384,0.3526931902857492,1.1002148489776777,global_lstm_seed_ensemble_seed=0,20265608,0,20265608
16001,global_lstm,global LSTM,15.597535934291582,0.8335933350597944,0.5306344559989614,0.610156902473786,11.214157798450762,77.07499977355559,0.8371468692031546,0.22663559382504472,0.7109905483067122,global_lstm_seed_ensemble_seed=0,20265608,0,20265608
16003,global_lstm,global LSTM,15.597535934291582,0.7414401759479692,0.46946752329396935,0.40927124417199734,2.9678059042926,69.61904117867408,1.3702925432110344,0.11867402260913618,0.8736637556444534,global_lstm_seed_ensemble_seed=0,20265608,0,20265608
16004,global_lstm,global LSTM,14.99794661190965,0.848241057148723,0.5059631819906325,0.5733597367918112,11.908076256236738,77.76253133788488,0.8149287822761253,0.19562406299180224,0.47710530368687876,global_lstm_seed_ensemble_seed=0,20265608,0,20265608
17001,global_lstm,global LSTM,15.422313483915127,0.7938197785916734,0.5307302644892868,0.6498726988936538,4.545545637612084,78.12989499005124,1.235231218128167,0.41809124130091707,0.6283649957963935,global_lstm_seed_ensemble_seed=0,20265608,0,20265608
17003,global_lstm,global LSTM,15.597535934291582,0.7618768512541859,0.513564736600731,0.6762589526831004,4.125506337336148,77.41528271699538,1.2733494455648897,0.2847503828348473,0.9558323817801505,global_lstm_seed_ensemble_seed=0,20265608,0,20265608
17004,global_lstm,global LSTM,14.047912388774812,0.8750673300595027,0.8251053875564329,0.8567051106683672,10.434396655594337,13.118768444399555,0.0994257244533061,0.22437454598974715,0.26686874799659366,global_lstm_seed_ensemble_seed=0,20265608,0,20265608
17005,global_lstm,global LSTM,15.597535934291582,0.7245565922865818,0.49274460084615834,0.44588742750394217,3.7846296407374274,74.68934768955626,1.2952352800957088,0.600289550521792,0.857151735319153,global_lstm_seed_ensemble_seed=0,20265608,0,20265608
17015,global_lstm,global LSTM,10.72142368240931,0.7316093051182697,0.4356091179923831,0.511468856390302,8.615160436903533,91.53143710224471,1.0263069115546957,0.2579743076105745,0.6731111647633515,global_lstm_seed_ensemble_seed=0,20265608,0,20265608
17018,global_lstm,global LSTM,8.429842573579739,0.7171948764825373,0.17270995250448873,0.42155828601712075,15.69830126732494,73.34378385299075,0.6695106523277047,0.07447153866413536,0.8599752691898481,global_lstm_seed_ensemble_seed=0,20265608,0,20265608
18001,global_lstm,global LSTM,15.597535934291582,0.8296250085355328,0.5474577041233062,0.5738246168777001,4.560552916687968,72.49354204343065,1.201281820685362,0.31098614243648653,0.7616063883371379,global_lstm_seed_ensemble_seed=0,20265608,0,20265608
18002,global_lstm,global LSTM,15.326488706365502,0.7786364943205326,0.5661677132440595,0.6223277880588364,5.284382481221149,24.61544689098027,0.6682134806343959,0.5484435736761094,0.1827059769759637,global_lstm_seed_ensemble_seed=0,20265608,0,20265608
18003,global_lstm,global LSTM,15.597535934291582,0.7706508437746797,0.4952869650694095,0.6720346367689857,7.748613580127614,73.62355042308178,0.9777927536759451,1.557071976479142,0.5324127530108349,global_lstm_seed_ensemble_seed=0,20265608,0,20265608
18008,global_lstm,global LSTM,14.360027378507871,0.7040836523850806,0.3943980485717353,0.4934439581223331,5.892946100449161,75.98586448467199,1.1104003399044042,2.466317850107039,1.1677219292007468,global_lstm_seed_ensemble_seed=0,20265608,0,20265608
18010,global_lstm,global LSTM,14.77618069815195,0.824006265577162,0.505981329995902,0.6315149001392694,9.31844409702067,41.14567302156004,0.6449807663448633,1.0264132363716663,0.2950001646719643,global_lstm_seed_ensemble_seed=0,20265608,0,20265608
18011,global_lstm,global LSTM,12.399726214921287,0.8260052924962827,0.506561230154517,0.6454312925625745,7.432134552620482,95.70343348759276,1.109813955349333,2.16209411650076,0.6209101351028774,global_lstm_seed_ensemble_seed=0,20265608,0,20265608
18014,global_lstm,global LSTM,13.122518822724162,0.751140795209994,0.47542195439187507,0.41489223865012315,6.337129350027229,83.34295255895921,1.1189763101808317,0.29612722670564606,0.7614561331728193,global_lstm_seed_ensemble_seed=0,20265608,0,20265608
19001,global_lstm,global LSTM,15.597535934291582,0.7256432908172619,0.5109920869151101,0.48325428109186097,4.3210519397516505,80.14721891735627,1.2682989704398147,0.5296506246813455,0.9889845069101026,global_lstm_seed_ensemble_seed=0,20265608,0,20265608
19006,global_lstm,global LSTM,15.597535934291582,0.773565706115276,0.5386579308456918,0.6050895706794606,10.007780300595602,74.2529740362692,0.8703760902447781,0.2319606449182705,0.9308926706640853,global_lstm_seed_ensemble_seed=0,20265608,0,20265608
19010,global_lstm,global LSTM,15.364818617385353,0.49688026560631393,0.47993807192528526,0.6970422989101848,28.346451315793523,35.09906553023548,0.09279685663065555,0.7405834742499755,1.0390130808422136,global_lstm_seed_ensemble_seed=0,20265608,0,20265608
19017,global_lstm,global LSTM,11.017111567419576,0.6628287392688834,0.43060416456610906,0.42459575596824717,8.23987374381974,48.19880201655333,0.7671156867303984,0.0889418681715497,1.0921641002667382,global_lstm_seed_ensemble_seed=0,20265608,0,20265608
19020,global_lstm,global LSTM,11.02258726899384,0.5717751812661429,0.41357077368216677,0.3323492130015475,4.184949949070712,102.79192453157665,1.3902687289456386,0.4473697542528384,1.1930335795724751,global_lstm_seed_ensemble_seed=0,20265608,0,20265608
20002,global_lstm,global LSTM,15.597535934291582,0.695855005007507,0.5340112581943225,0.562206792987529,12.960497794946914,37.19469941442662,0.4578593708369056,0.5509691352082446,0.4158811533547023,global_lstm_seed_ensemble_seed=0,20265608,0,20265608
20003,global_lstm,global LSTM,15.545516769336071,0.7543494182862598,0.5805040642035679,0.5843469975515451,9.247773643664356,81.27309061511096,0.9439095841672728,0.528803051837754,0.9989582384504133,global_lstm_seed_ensemble_seed=0,20265608,0,20265608
20007,global_lstm,global LSTM,14.915811088295689,0.7448292467850661,0.6565799147437565,0.6522814198271183,12.399524836853942,41.584098930895834,0.5255222525201888,0.3903433071028414,0.7951058794945796,global_lstm_seed_ensemble_seed=0,20265608,0,20265608
2001,global_lstm,global LSTM,14.321697467488022,0.6953591797866869,0.494014351928062,0.479544152882571,3.218862615237065,104.15974748479978,1.509997477469662,0.6440606969176563,1.1725894831717052,global_lstm_seed_ensemble_seed=0,20265608,0,20265608
2002,global_lstm,global LSTM,8.824093086926762,0.6553287774411201,0.3659921389313998,0.3711314264139186,2.667990248549723,142.55613132019002,1.7278016630850241,,0.633316588733301,global_lstm_seed_ensemble_seed=0,20265608,0,20265608
21003,global_lstm,global LSTM,15.597535934291582,0.8945429487895503,0.5955955840433254,0.7024181216795117,7.9069655565343515,87.0569680234325,1.0417936907185164,0.238923949206007,0.699517958423465,global_lstm_seed_ensemble_seed=0,20265608,0,20265608
21006,global_lstm,global LSTM,15.597535934291582,0.8815579776688514,0.5890892102554643,0.6709835243446725,7.667748715743264,85.38050244516549,1.0466908342794123,0.319207094336022,0.6026981303313103,global_lstm_seed_ensemble_seed=0,20265608,0,20265608
21008,global_lstm,global LSTM,15.597535934291582,0.7811569394031549,0.5576999406436206,0.49503563961844343,6.282570508415334,77.8937166851164,1.0933650553008782,0.28336241106392746,1.0334606936255182,global_lstm_seed_ensemble_seed=0,20265608,0,20265608
21009,global_lstm,global LSTM,15.597535934291582,0.8407374323634306,0.5715458854074955,0.6120864310153133,9.654143670866219,85.35183830536228,0.9464991217663768,0.4876867629837267,0.7689443997131333,global_lstm_seed_ensemble_seed=0,20265608,0,20265608
21011,global_lstm,global LSTM,15.597535934291582,0.8258188262784221,0.5405241307470965,0.6926528224688551,6.5546610596451895,80.09337898311696,1.0870463767684322,0.5981046046409402,0.3123694059960769,global_lstm_seed_ensemble_seed=0,20265608,0,20265608
21012,global_lstm,global LSTM,15.597535934291582,0.7784865131837526,0.5551072850981482,0.49603972882503056,5.6350004837586996,72.87702238527508,1.1116966622258053,0.11786903200313281,0.9563250292189407,global_lstm_seed_ensemble_seed=0,20265608,0,20265608
21013,global_lstm,global LSTM,15.597535934291582,0.7815873364847585,0.5101613443769306,0.5112806542846277,7.321995864092805,85.98622891878667,1.0697994233687989,0.48329695154179403,0.8747247787065618,global_lstm_seed_ensemble_seed=0,20265608,0,20265608
21015,global_lstm,global LSTM,15.597535934291582,0.7420956538087572,0.5111145967619466,0.5628486378730224,6.530498635848376,79.31110953239968,1.0843876824642016,0.4265216370428862,1.1072832165850008,global_lstm_seed_ensemble_seed=0,20265608,0,20265608
21016,global_lstm,global LSTM,15.597535934291582,0.6847039272572091,0.5590937403711856,0.4958875253342473,7.62445306517465,30.81011565147941,0.6064846332005583,0.3090141810663396,0.8890517409108698,global_lstm_seed_ensemble_seed=0,20265608,0,20265608
21017,global_lstm,global LSTM,15.597535934291582,0.7052988882546043,0.504113037982007,0.46271491067070414,3.5220671885016444,73.69741552570737,1.3206546214702726,0.017891358641149102,0.8263549218173263,global_lstm_seed_ensemble_seed=0,20265608,0,20265608
21018,global_lstm,global LSTM,15.592060232717317,0.8649316298185477,0.565901409998868,0.6697258310664693,9.619874606995836,86.83901113614513,0.9555454582198714,0.4510896472165249,0.7752207689496866,global_lstm_seed_ensemble_seed=0,20265608,0,20265608
21022,global_lstm,global LSTM,15.597535934291582,0.7650944529363877,0.5762328932929316,0.525885930455515,8.26234433654277,36.1141359958893,0.6405739387289592,0.3118962592723935,0.9442792202305431,global_lstm_seed_ensemble_seed=0,20265608,0,20265608
21023,global_lstm,global LSTM,15.572895277207392,0.4460100246261063,0.3086524641727809,0.19319202230387134,4.993339331383671,37.21226793793583,0.8722950590055181,0.6093625084262277,1.118175499295178,global_lstm_seed_ensemble_seed=0,20265608,0,20265608
21024,global_lstm,global LSTM,15.34839151266256,0.6226441506412741,0.5044134297481787,0.4349015892659557,4.927024401437726,73.28494022513244,1.1724300248006054,0.15661890538919793,1.3172687171860664,global_lstm_seed_ensemble_seed=0,20265608,0,20265608
21026,global_lstm,global LSTM,14.198494182067078,0.6063727562902909,0.42146306327913663,0.290131262416809,3.3579531532805404,83.32772775901628,1.3947149063168833,0.02679871415801849,1.0235029412706376,global_lstm_seed_ensemble_seed=0,20265608,0,20265608
21027,global_lstm,global LSTM,14.67214236824093,0.6900644606043325,0.5504952845125545,0.4977966719047794,7.983276099819803,62.85355831945481,0.8961487198605993,0.4262363123975571,1.0749767974086055,global_lstm_seed_ensemble_seed=0,20265608,0,20265608
22001,global_lstm,global LSTM,15.501711156741958,0.7459080693206857,0.617714320838028,0.5297314178785844,6.162983982031184,29.121143662573502,0.6744173878681674,0.5008975340150168,0.937601900142071,global_lstm_seed_ensemble_seed=0,20265608,0,20265608
22006,global_lstm,global LSTM,15.597535934291582,0.6885154222793747,0.6236386037674635,0.5584909459014196,7.351530702991001,25.760702860218547,0.5445799328647574,0.456466387064219,0.8999372740729631,global_lstm_seed_ensemble_seed=0,20265608,0,20265608
22007,global_lstm,global LSTM,15.594798083504449,0.6213540976490681,0.5581928245856838,0.4478452993945323,6.000770021201829,27.547410309200803,0.6618737949321168,0.4261383156703301,0.9641778514317926,global_lstm_seed_ensemble_seed=0,20265608,0,20265608
22009,global_lstm,global LSTM,15.096509240246407,0.7354741180269707,0.6098260751453632,0.5388680307502125,4.8353425338038605,30.453081817917873,0.7992040045474279,0.47990891420086523,1.0444387006602913,global_lstm_seed_ensemble_seed=0,20265608,0,20265608
23001,global_lstm,global LSTM,15.561943874058864,0.7185030255472371,0.6181148197979038,0.588988992766833,5.587304826162167,65.94924783466516,1.0720074809114364,0.3297952814407771,0.9567194226943622,global_lstm_seed_ensemble_seed=0,20265608,0,20265608
23004,global_lstm,global LSTM,15.597535934291582,0.6542192292172582,0.5492854613829776,0.47155594544758017,3.9319999153009086,63.87484487257922,1.210716358604885,0.3828425330593345,1.1022389454309827,global_lstm_seed_ensemble_seed=0,20265608,0,20265608
23006,global_lstm,global LSTM,15.498973305954825,0.6559458578560646,0.49832695920752557,0.4341636701578201,3.4944389847848707,67.39628730126292,1.2852585111526245,0.27131497288098094,1.1652652645104444,global_lstm_seed_ensemble_seed=0,20265608,0,20265608
23007,global_lstm,global LSTM,15.501711156741958,0.6004960652513205,0.5884952227182143,0.7536104767376424,12.509223550567489,28.65490768071951,0.3599686597981427,0.2086772981704066,1.0273147369021713,global_lstm_seed_ensemble_seed=0,20265608,0,20265608
23008,global_lstm,global LSTM,15.460643394934976,0.6486229585377598,0.5170444050151632,0.4322280430007087,4.081205956745483,66.59208633728636,1.2126341097413194,0.5694897464831066,1.1508784583425782,global_lstm_seed_ensemble_seed=0,20265608,0,20265608
23011,global_lstm,global LSTM,15.279945242984258,0.524264317607129,0.46431902599088193,0.42214029241409334,2.9482734320398314,71.51913965161026,1.3848545225450806,0.1318785697992807,0.9511083003675941,global_lstm_seed_ensemble_seed=0,20265608,0,20265608
23016,global_lstm,global LSTM,9.78507871321013,0.7000809441390388,0.49107740164745006,0.5654844436667732,6.135549618679133,30.503015735466754,0.6964893061414874,0.28216502646376485,1.1301043535528232,global_lstm_seed_ensemble_seed=0,20265608,0,20265608
24001,global_lstm,global LSTM,15.43874058863792,0.7070104270081827,0.5922426548967678,0.5456863907642755,5.748000679510907,56.60496188408677,0.9933376914880931,0.3645627069826851,1.0884134149753786,global_lstm_seed_ensemble_seed=0,20265608,0,20265608
24003,global_lstm,global LSTM,15.394934976043805,0.6952979450781827,0.555536556211176,0.5941887324495492,4.281921634400991,44.207939253060246,1.0138615560111828,0.24893873545880485,1.0287250225086022,global_lstm_seed_ensemble_seed=0,20265608,0,20265608
24004,global_lstm,global LSTM,15.545516769336071,0.7369235098361486,0.6282404892114843,0.6313102186168633,8.063903538613342,34.14842220426775,0.6268253182634603,0.17070571452107797,1.05237264455301,global_lstm_seed_ensemble_seed=0,20265608,0,20265608
24005,global_lstm,global LSTM,15.523613963039015,0.7495139214739529,0.6181601530661899,0.6354842340097271,11.345288784201392,31.471458275285713,0.44310131209882536,0.1926823662193805,1.0671525186599669,global_lstm_seed_ensemble_seed=0,20265608,0,20265608
25001,global_lstm,global LSTM,15.592060232717317,0.7570908250663736,0.5595030308941358,0.548082138783969,5.440826644393534,60.643761071120736,1.0471212393730471,0.18758265850114675,1.1057329561523872,global_lstm_seed_ensemble_seed=0,20265608,0,20265608
25003,global_lstm,global LSTM,12.19438740588638,0.40113666578853857,0.28491684483814295,0.2787220643773748,1.6302537230858292,79.67952122927846,1.6890915151771202,,0.9908855951254658,global_lstm_seed_ensemble_seed=0,20265608,0,20265608
25006,global_lstm,global LSTM,15.594798083504449,0.5442383574990406,0.4304403506841348,0.32088999879461466,3.833007149020166,56.367110208423014,1.1674861410031458,0.4414643804226946,0.9587370427078009,global_lstm_seed_ensemble_seed=0,20265608,0,20265608
25012,global_lstm,global LSTM,15.597535934291582,0.5667207092978974,0.4409365114176661,0.41513886458301485,2.8319251711078737,62.23998211208882,1.3419876855013255,0.1262652176021345,1.0839787963005025,global_lstm_seed_ensemble_seed=0,20265608,0,20265608
25020,global_lstm,global LSTM,14.94318959616701,0.6777152080491213,0.5320059312601689,0.6698617234118083,17.517342401118498,38.897041680769334,0.34644835331115076,0.6678131432501893,0.3738321831280391,global_lstm_seed_ensemble_seed=0,20265608,0,20265608
25021,global_lstm,global LSTM,14.72142368240931,0.6075157011753708,0.5084712133981573,0.6512642508019589,14.020932300724079,38.627807659502366,0.44012316789761147,1.0137318528362753,0.23894565113619987,global_lstm_seed_ensemble_seed=0,20265608,0,20265608
26003,global_lstm,global LSTM,15.422313483915127,-0.20904114259408302,-0.6583441854837095,0.2438719162900076,72.92905077603154,33.01382929322733,0.3442046596241216,1.5218709163718218,1.0677463327318333,global_lstm_seed_ensemble_seed=0,20265608,0,20265608
26005,global_lstm,global LSTM,12.386036960985626,-65.51117195854854,-25.55737486698641,-6.255340105077825,58.31353116426574,42.89130950392877,0.13340003505462553,1.9306738108589596,1.9213900125002041,global_lstm_seed_ensemble_seed=0,20265608,0,20265608
26006,global_lstm,global LSTM,12.739219712525667,-0.5567281041748426,-0.4740005173896209,-0.4086746741827585,59.79747226985516,43.3710738668757,0.13948265068369872,2.1184265873398718,2.0518900117488466,global_lstm_seed_ensemble_seed=0,20265608,0,20265608
26008,global_lstm,global LSTM,11.02258726899384,-0.6519230795952808,-0.4965198896549534,0.3423890345653322,54.49271222807411,39.02658448125697,0.14497787981110385,1.3521677351660268,1.0610919466024669,global_lstm_seed_ensemble_seed=0,20265608,0,20265608
26009,global_lstm,global LSTM,10.094455852156058,-0.19909651326984856,-0.49713801005258795,0.28678358467957166,65.91614587295979,44.791285030353144,0.16779828394164686,1.5923964007378517,1.3558587129902624,global_lstm_seed_ensemble_seed=0,20265608,0,20265608
27001,global_lstm,global LSTM,15.364818617385353,0.8529270629552845,0.5420480258797564,0.5113031073679126,8.19224545048298,33.39125203850841,0.6102297478047592,0.1563124049403597,1.07594585138921,global_lstm_seed_ensemble_seed=0,20265608,0,20265608
27002,global_lstm,global LSTM,12.536618754277892,0.799708807130149,0.6204295320646638,0.6551179134190881,4.647347951351212,36.23041204381108,0.8918680835016797,0.08738762565197034,0.9339031440453268,global_lstm_seed_ensemble_seed=0,20265608,0,20265608
27003,global_lstm,global LSTM,15.578370978781656,0.8260488137690258,0.4720446310052645,0.5043592715143557,11.293552201059349,34.62115260225004,0.4865109586501582,0.7095860902186991,0.5567198700972675,global_lstm_seed_ensemble_seed=0,20265608,0,20265608
27006,global_lstm,global LSTM,15.597535934291582,0.7578918661286473,0.567492171691381,0.7012964797621992,8.630075833218681,30.114119337227798,0.5427555551906975,0.05271399900731866,0.8096736431349789,global_lstm_seed_ensemble_seed=0,20265608,0,20265608
27007,global_lstm,global LSTM,15.066392881587953,0.7730066293431046,0.4855965062350206,0.4578142528178536,5.844222570823611,35.16051289544123,0.7793284544057216,0.2734242171426058,0.8318269198818719,global_lstm_seed_ensemble_seed=0,20265608,0,20265608
27009,global_lstm,global LSTM,15.436002737850787,0.7591943461187061,0.4397519400464813,0.5556335447063212,15.090761938818755,35.772453751267186,0.3748375628324661,0.8712176131855578,0.3169254747026101,global_lstm_seed_ensemble_seed=0,20265608,0,20265608
27021,global_lstm,global LSTM,15.08829568788501,0.8114056597075712,0.48504767034999574,0.4532104041602092,12.029158132803982,32.34710643410961,0.4296002034599344,0.40470794513277086,0.3260271105765984,global_lstm_seed_ensemble_seed=0,20265608,0,20265608
27023,global_lstm,global LSTM,15.597535934291582,0.7503108300191292,0.5074587332654105,0.39701907058189456,4.853552757397793,27.08046257440044,0.746596323766973,0.17342681581186103,1.1556948556580764,global_lstm_seed_ensemble_seed=0,20265608,0,20265608
27025,global_lstm,global LSTM,14.822724161533197,0.7522687581095683,0.41664056570958274,0.3771616039818615,10.769457463986292,34.205029679943344,0.501896146328349,0.2524127313371962,0.6556173146226428,global_lstm_seed_ensemble_seed=0,20265608,0,20265608
27026,global_lstm,global LSTM,15.441478439425051,0.7465798764920059,0.5572837338570209,0.4924197730983775,5.802190060146819,31.002299257382735,0.7278019533648906,0.26378472750206283,1.1672325805214203,global_lstm_seed_ensemble_seed=0,20265608,0,20265608
27029,global_lstm,global LSTM,15.211498973305956,0.8894926348081392,0.5309767071971798,0.58306298957634,9.38966518040358,36.28190541351627,0.5870399804559281,0.06015856243484685,1.0142681709823411,global_lstm_seed_ensemble_seed=0,20265608,0,20265608
27030,global_lstm,global LSTM,15.449691991786448,0.762611165689019,0.46975704338061197,0.3854993900372856,11.522261077683835,25.360112208357762,0.342613459309866,0.31315937139340544,0.44996548679297954,global_lstm_seed_ensemble_seed=0,20265608,0,20265608
27032,global_lstm,global LSTM,15.4798083504449,-9.654876557245023,-6.944082318006471,-1.9196020795218218,3.9798508887790915,37.85483972762241,0.9782546109095639,0.06492702832201047,0.8547902515875845,global_lstm_seed_ensemble_seed=0,20265608,0,20265608
27034,global_lstm,global LSTM,15.594798083504449,0.7808115701225955,0.5429373824653634,0.5006895973491888,4.575320192121428,52.084262047249155,1.056285022807393,0.2354142218021254,0.7539555660278172,global_lstm_seed_ensemble_seed=0,20265608,0,20265608
27035,global_lstm,global LSTM,15.597535934291582,0.8290792952671987,0.5495615317003325,0.49346713168810086,6.233677489611691,35.34211499200261,0.7535482060780284,0.654026900723051,0.5115486781004559,global_lstm_seed_ensemble_seed=0,20265608,0,20265608
27038,global_lstm,global LSTM,15.474332648870636,-6.8924611876083945,-1.81623371958878,-0.3850128011959242,35.5830247715253,40.457373522455555,0.0557548221496496,0.4672781184000744,0.6928807096496434,global_lstm_seed_ensemble_seed=0,20265608,0,20265608
27041,global_lstm,global LSTM,14.72142368240931,0.6531249560586542,0.3927417387353611,0.6757586814759213,29.975556427281948,42.167622210924755,0.14821185875960266,0.9282385757678453,0.42338538431487316,global_lstm_seed_ensemble_seed=0,20265608,0,20265608
27042,global_lstm,global LSTM,15.208761122518823,0.7868282624298106,0.5404478344786993,0.5409344945909573,11.964118058243209,38.30460120483789,0.5053702553268032,0.09880873958690617,1.2827040556189364,global_lstm_seed_ensemble_seed=0,20265608,0,20265608
27043,global_lstm,global LSTM,14.55441478439425,0.7876440324150525,0.5445262654487213,0.5413644554404179,4.047431716361988,58.660910632905264,1.161169269975693,0.23153292571932538,0.8439769532710716,global_lstm_seed_ensemble_seed=0,20265608,0,20265608
27047,global_lstm,global LSTM,15.353867214236825,0.6306151287006222,0.4890838559885934,0.43910425110320206,2.4600194664634727,50.29943164602369,1.3106245340642189,0.10367380035311136,0.8766738427298382,global_lstm_seed_ensemble_seed=0,20265608,0,20265608
27049,global_lstm,global LSTM,14.433949349760438,0.7927874257165046,0.5236031556805851,0.6088251020803437,21.653713443811117,41.484769953192206,0.2823563009174839,0.21365502238960166,1.1849727650852726,global_lstm_seed_ensemble_seed=0,20265608,0,20265608
27051,global_lstm,global LSTM,15.173169062286105,0.6161982313411389,0.4545095829702561,0.39355763895485707,5.227466591550636,31.78357054859099,0.7839114180652985,0.05799217652406319,1.515203315946079,global_lstm_seed_ensemble_seed=0,20265608,0,20265608
27062,global_lstm,global LSTM,12.013689253935661,0.7516423853642403,0.5166266115541394,0.5858886481053318,13.932877369066183,44.40872278480341,0.5034274681825355,0.679712082594749,0.6320482425278083,global_lstm_seed_ensemble_seed=0,20265608,0,20265608
27064,global_lstm,global LSTM,12.876112251882272,0.7071869456325726,0.38908244349093324,0.34129217628403485,10.019476957408678,39.4370700353044,0.595059590867353,0.49591121287736306,0.8228650736265941,global_lstm_seed_ensemble_seed=0,20265608,0,20265608
27065,global_lstm,global LSTM,12.854209445585216,0.8650622901007907,0.4590932893757148,0.5936129776036162,4.756568211813743,39.59583129011225,0.9203557359926364,0.12100304689199287,1.116616412725268,global_lstm_seed_ensemble_seed=0,20265608,0,20265608
27071,global_lstm,global LSTM,15.548254620123203,0.7172305624799749,0.4380657829251995,0.4931619231807245,14.310960917341582,36.22669921835894,0.4033599695832948,0.9585935948225566,0.2949280312790612,global_lstm_seed_ensemble_seed=0,20265608,0,20265608
27073,global_lstm,global LSTM,12.46817248459959,-0.6620504803865346,-0.6270925358681838,-0.10991424126209881,49.607417356127335,43.13532144154575,0.06071357881897867,1.4963191723326923,1.4714713243997553,global_lstm_seed_ensemble_seed=0,20265608,0,20265608
27077,global_lstm,global LSTM,11.709787816563997,0.5249632457923125,0.11809562708888999,0.5501983405021421,5.550869580630687,42.48571423110901,0.883881900042726,0.1056017970582025,1.354962477609794,global_lstm_seed_ensemble_seed=0,20265608,0,20265608
27079,global_lstm,global LSTM,9.957563312799453,0.8277341348622574,0.3231725435463976,0.3854221049703125,6.5159807889001575,42.04007427498323,0.8096836794480105,0.2711716762648291,0.9220429791659812,global_lstm_seed_ensemble_seed=0,20265608,0,20265608
27080,global_lstm,global LSTM,11.118412046543463,0.7925572649626523,0.33826314252071865,0.41467175384001154,7.753007884333265,43.64139710009835,0.7504284196676688,0.7806178015596001,0.6612451403146914,global_lstm_seed_ensemble_seed=0,20265608,0,20265608
27084,global_lstm,global LSTM,10.379192334017796,0.6915809476888798,0.4476632769115144,0.4223719625357346,4.611632371603775,40.18590129645469,0.9402190341297001,0.5565408545935344,1.0785107631218473,global_lstm_seed_ensemble_seed=0,20265608,0,20265608
27087,global_lstm,global LSTM,9.848049281314168,-0.6846473321343594,-0.5290745590940729,0.301798613495608,52.377584124849506,40.241457376484014,0.11447176240362758,0.6551035246755099,0.46058428626901227,global_lstm_seed_ensemble_seed=0,20265608,0,20265608
27089,global_lstm,global LSTM,9.349760438056126,0.8176592658164842,0.329705260929655,0.47507248293273574,6.433509244241692,56.704530636099854,0.9451698306518324,0.47720917982027955,0.7513054847692523,global_lstm_seed_ensemble_seed=0,20265608,0,20265608
27090,global_lstm,global LSTM,8.936344969199178,0.7516968363741147,0.38465231398368493,0.4056170471564797,7.5316271259744445,53.06671628431533,0.8479334038220132,0.1373224791736194,0.9751252371305185,global_lstm_seed_ensemble_seed=0,20265608,0,20265608
28001,global_lstm,global LSTM,15.597535934291582,0.06787554326342149,-0.10356540000596803,0.29951211794864774,5.782578754909499,37.82683782058469,0.8156784811599523,0.1351136470150649,0.7896551683213009,global_lstm_seed_ensemble_seed=0,20265608,0,20265608
28003,global_lstm,global LSTM,12.396988364134154,0.4489868795940257,0.2726481142703936,0.3825051135651347,8.627604565200315,53.73593949009894,0.7943746146734646,0.3977486503657134,1.7404882162607498,global_lstm_seed_ensemble_seed=0,20265608,0,20265608
28008,global_lstm,global LSTM,15.597535934291582,0.8655561169359997,0.4372340706504677,0.6009260460429642,14.152938081559462,40.69303786893643,0.4586735059173974,0.207536589378158,1.2445416785175936,global_lstm_seed_ensemble_seed=0,20265608,0,20265608
28009,global_lstm,global LSTM,15.597535934291582,0.7700878406820112,0.39571120932264214,0.5386876506822054,22.88843340018494,42.685757541229705,0.27066692483349963,1.1932328650038397,0.38019048066914474,global_lstm_seed_ensemble_seed=0,20265608,0,20265608
28012,global_lstm,global LSTM,15.597535934291582,0.7465201558873185,0.37284704098001686,0.5566174823992653,29.05394412674642,41.30624943512117,0.15281066626635734,0.6101140435456378,0.33248657031120765,global_lstm_seed_ensemble_seed=0,20265608,0,20265608
28015,global_lstm,global LSTM,11.906913073237508,-2.2836969149419284,-1.9443156913550252,-0.16007263486785983,46.53938610687407,37.074028738247655,0.09875086803845379,0.34389876064471314,0.5901205470547753,global_lstm_seed_ensemble_seed=0,20265608,0,20265608
28018,global_lstm,global LSTM,15.597535934291582,0.848527391255946,0.4670084117000419,0.6066908086619073,13.601735962228014,39.85346548418521,0.46687175169555206,0.2971868176111069,0.8257186691995094,global_lstm_seed_ensemble_seed=0,20265608,0,20265608
28022,global_lstm,global LSTM,15.597535934291582,0.7255051352446528,0.35488669355208236,0.5325693875082484,25.323159098364886,42.3554180814918,0.22339108937919874,1.1101289144535866,0.49830622701620064,global_lstm_seed_ensemble_seed=0,20265608,0,20265608
28023,global_lstm,global LSTM,10.47501711156742,0.4883886976945365,-0.12321764365131838,0.4834991134109994,22.614993802604854,76.30308422457958,0.5281456197312655,0.39474593623276155,0.5053780314330201,global_lstm_seed_ensemble_seed=0,20265608,0,20265608
28024,global_lstm,global LSTM,15.241615331964407,0.6001753478183276,0.4744361880599497,0.41793262332653425,17.263893054472476,44.603738783553844,0.4122325267564848,0.547224748200767,0.5803848862548013,global_lstm_seed_ensemble_seed=0,20265608,0,20265608
28026,global_lstm,global LSTM,15.597535934291582,0.645603705826298,0.4570870711531626,0.3746501919636551,14.086661020019202,41.617759697723216,0.4704706343327447,0.40262949736868936,0.7948238684422062,global_lstm_seed_ensemble_seed=0,20265608,0,20265608
28031,global_lstm,global LSTM,15.597535934291582,0.7328360035157715,0.3939563018699572,0.3782965390546076,5.422403202160893,40.18672102048411,0.8698907640215642,0.11875445359623615,1.3130314904675218,global_lstm_seed_ensemble_seed=0,20265608,0,20265608
28033,global_lstm,global LSTM,12.424366872005475,0.7054510760087138,0.5369277180587917,0.5302283527586302,4.784631550891265,40.74594248560592,0.9302358680509331,0.5406582439800749,0.6896758655206242,global_lstm_seed_ensemble_seed=0,20265608,0,20265608
28039,global_lstm,global LSTM,15.578370978781656,0.4975422946880126,0.47563837951567534,0.5243331710359118,4.107641671942934,37.62248873655495,0.9618549697308919,0.24889198326397932,1.4996058706968043,global_lstm_seed_ensemble_seed=0,20265608,0,20265608
28040,global_lstm,global LSTM,15.597535934291582,0.7004821631119462,0.49148982973343003,0.6057209011650279,8.368106932902947,41.50525492455567,0.6954758643888871,0.2740860912580842,1.135739145799226,global_lstm_seed_ensemble_seed=0,20265608,0,20265608
28043,global_lstm,global LSTM,15.597535934291582,0.7633456449177022,0.5024326830403792,0.7087723902302663,7.101775054143145,37.003329434975036,0.7168738900989657,0.13492815924448465,0.7591783436227216,global_lstm_seed_ensemble_seed=0,20265608,0,20265608
28044,global_lstm,global LSTM,13.891854893908283,-1.2369517958806893,-0.964952086695043,0.2619161086753353,73.75517516747897,35.30690304637627,0.3199328738030339,1.4884697910851838,1.0541531597911966,global_lstm_seed_ensemble_seed=0,20265608,0,20265608
28046,global_lstm,global LSTM,15.597535934291582,0.6937205441119665,0.1662440920436078,0.5549514849017838,24.591995238787867,40.81927966726159,0.22007157043440292,0.33563555407386236,1.0015213700823526,global_lstm_seed_ensemble_seed=0,20265608,0,20265608
28048,global_lstm,global LSTM,15.512662559890487,0.7399461225187931,0.4943798730953275,0.4460066462556195,6.829815663601007,32.94956795345439,0.6834407420900854,0.17697817724842396,1.3673096926742954,global_lstm_seed_ensemble_seed=0,20265608,0,20265608
28050,global_lstm,global LSTM,15.323750855578371,0.7284590661933643,0.25278595630715583,0.6136741397152959,21.072198798895915,17.444384750229048,0.08205419802051116,0.48915551794548295,0.6826811685892966,global_lstm_seed_ensemble_seed=0,20265608,0,20265608
28052,global_lstm,global LSTM,15.364818617385353,0.7770076042528162,0.5059980823609103,0.6502703906591986,22.794814204647494,43.17821226507791,0.27742860028368377,0.3473280044819691,0.3561502308292468,global_lstm_seed_ensemble_seed=0,20265608,0,20265608
28055,global_lstm,global LSTM,12.914442162902121,0.7902563245183564,0.45880251893599455,0.4815969501224798,12.403512114055006,45.48619876974058,0.5643349697019789,0.6137351768815726,1.5636740689324653,global_lstm_seed_ensemble_seed=0,20265608,0,20265608
28056,global_lstm,global LSTM,14.817248459958932,0.6764656820812629,0.5528887766384598,0.5183556502965807,14.383025116310417,43.16746543607294,0.4773063111043499,0.0856886953627089,0.9419064047124079,global_lstm_seed_ensemble_seed=0,20265608,0,20265608
28060,global_lstm,global LSTM,14.33264887063655,-8.156250422064394,-1.4434281155142838,-0.20455300052663072,24.55020706990352,38.0123409344329,0.1898694562651437,1.0441685855049023,1.630236848194948,global_lstm_seed_ensemble_seed=0,20265608,0,20265608
28066,global_lstm,global LSTM,14.67214236824093,0.5629692468069288,0.49868717832359843,0.5654158200387389,7.68346049067461,46.33991989014481,0.7803984162536303,0.2568088367576794,1.5394927729136008,global_lstm_seed_ensemble_seed=0,20265608,0,20265608
28067,global_lstm,global LSTM,14.822724161533197,0.8341276537918223,0.48416255370379835,0.6154563988719863,15.752544511774172,40.73210349339313,0.41258612309629844,0.3120510898860638,0.6113205793144717,global_lstm_seed_ensemble_seed=0,20265608,0,20265608
28072,global_lstm,global LSTM,14.340862422997947,0.4219553379184242,0.36282978859475856,0.668752140952275,21.17426782165349,37.249461924068754,0.24531160172882838,0.7589672339432147,1.51563130202705,global_lstm_seed_ensemble_seed=0,20265608,0,20265608
28074,global_lstm,global LSTM,11.049965776865161,0.6353150926872561,0.41572341780289235,0.3773296465926008,24.076734184046806,49.957703800472,0.3170048907230787,0.9919983228573563,0.19181395529324363,global_lstm_seed_ensemble_seed=0,20265608,0,20265608
28080,global_lstm,global LSTM,15.597535934291582,-0.03027140708945275,0.01349660890505855,0.2973154467951994,13.108455831995466,41.94195498474649,0.5050971347128017,0.15745364403571005,1.001118999249262,global_lstm_seed_ensemble_seed=0,20265608,0,20265608
28081,global_lstm,global LSTM,9.49760438056126,0.4233345490126139,-0.42203350583165133,0.16864146749170017,7.455821383390131,57.647501621094904,0.8882849949730349,0.36704641631487867,1.7283028805950362,global_lstm_seed_ensemble_seed=0,20265608,0,20265608
28082,global_lstm,global LSTM,15.34839151266256,0.636529719237539,0.5421429564754476,0.48356745286354474,16.428201534491354,44.478620657280324,0.4325612887560575,0.06185919089745284,0.9678726619878418,global_lstm_seed_ensemble_seed=0,20265608,0,20265608
28085,global_lstm,global LSTM,15.597535934291582,0.8405670686892881,0.47913046999328524,0.6818323671683231,15.961256619021361,37.94149507557358,0.37604736008659595,0.312772062952295,0.6505806555718137,global_lstm_seed_ensemble_seed=0,20265608,0,20265608
28091,global_lstm,global LSTM,11.43874058863792,0.7297428034709359,0.4294914090152734,0.6870738138301482,20.52912044039168,32.91153645716837,0.2049778149237406,0.18023430049271838,0.2160880991740417,global_lstm_seed_ensemble_seed=0,20265608,0,20265608
28093,global_lstm,global LSTM,10.765229295003422,0.6156665176075882,0.4244586701901625,0.38227762228497975,21.119965040587093,52.9104189431252,0.39884800529219516,1.0212342075032703,0.07278761487801377,global_lstm_seed_ensemble_seed=0,20265608,0,20265608
28115,global_lstm,global LSTM,9.10609171800137,-0.98309613457693,-1.9930956990347113,0.10796356933549722,13.850885221173538,39.34867138048541,0.45345254246534217,0.5891967824077945,1.5245825302356157,global_lstm_seed_ensemble_seed=0,20265608,0,20265608
28116,global_lstm,global LSTM,7.709787816563997,-2.2406690821735626,-2.0989111497412383,-0.19822836917172704,37.84069732035484,36.71143983965837,0.013157712821649509,1.2040164209669038,1.1667908019107607,global_lstm_seed_ensemble_seed=0,20265608,0,20265608
28117,global_lstm,global LSTM,7.723477070499658,0.7855227572258153,0.07224937281476917,0.4939558192229515,16.13304691262754,59.376269325392926,0.5658965102551352,0.3040098069422139,0.28396816404280256,global_lstm_seed_ensemble_seed=0,20265608,0,20265608
29002,global_lstm,global LSTM,15.553730321697467,0.0889056069270504,-0.6391359373606675,0.2164409287857626,48.19143252044984,18.508251701003566,0.4156044391582741,1.5648257808064443,0.8636090569503094,global_lstm_seed_ensemble_seed=0,20265608,0,20265608
29003,global_lstm,global LSTM,15.597535934291582,0.09231590468760387,-0.3483564721539154,0.3914791020725401,49.73290963451553,18.257517750799426,0.4352021369122881,2.818106155565773,1.8252528754404307,global_lstm_seed_ensemble_seed=0,20265608,0,20265608
29005,global_lstm,global LSTM,15.592060232717317,0.5990301820570774,0.19769640630352203,0.024780047628835677,29.800756914339992,29.724244163238488,0.001116474869305602,1.1544959574783298,1.1544959574783298,global_lstm_seed_ensemble_seed=0,20265608,0,20265608
29009,global_lstm,global LSTM,14.255989048596852,0.7138306346926608,0.5496307549438153,0.5079825810406425,20.641017724870515,37.81641689932444,0.2629492703289713,0.12213654498176996,1.1051956710154376,global_lstm_seed_ensemble_seed=0,20265608,0,20265608
30001,global_lstm,global LSTM,15.597535934291582,0.7733360303326239,0.5175930266083648,0.6186584564769161,29.4762791777436,33.02311941427846,0.04934543379460525,0.753174289446131,1.0466412644616392,global_lstm_seed_ensemble_seed=0,20265608,0,20265608
30004,global_lstm,global LSTM,15.570157426420261,0.7907133660006119,0.5512360660785417,0.65152071017422,11.270357904691709,18.868666041135896,0.22380349007102743,0.5492706172737253,1.3000275638258927,global_lstm_seed_ensemble_seed=0,20265608,0,20265608
30005,global_lstm,global LSTM,15.564681724845997,0.5763623712638719,0.2750297243092318,0.6307439326725882,41.49766756794897,35.983735015644235,0.061917447337170084,1.8479385491645417,1.6392763286873526,global_lstm_seed_ensemble_seed=0,20265608,0,20265608
30011,global_lstm,global LSTM,15.321013004791238,0.16720234213185126,0.18417733423061722,0.4382831230748596,23.33586342370632,26.977534959755022,0.06297838965185198,0.7800849258803446,1.0496970646283574,global_lstm_seed_ensemble_seed=0,20265608,0,20265608
30012,global_lstm,global LSTM,14.976043805612594,0.5712899955403237,0.5357881666659903,0.42740975651564006,8.05044534241417,18.994282740660516,0.3728029926757922,0.17428398166680836,1.521853184763594,global_lstm_seed_ensemble_seed=0,20265608,0,20265608
30014,global_lstm,global LSTM,15.123887748117728,0.36324455523801225,0.3633377560720821,0.26950357254099555,14.551341217745058,39.76697956671014,0.43661958143518137,0.605926684507957,1.6785132810844088,global_lstm_seed_ensemble_seed=0,20265608,0,20265608
30015,global_lstm,global LSTM,13.921971252566735,0.017062445406443527,-0.14592570651160242,0.4823589447240104,56.96714244222262,39.88727482156529,0.15479006968152964,1.8134995845412507,1.6171660041571443,global_lstm_seed_ensemble_seed=0,20265608,0,20265608
3003,global_lstm,global LSTM,13.47296372347707,0.707701499806878,0.4719106234385261,0.470195006403464,2.557893491349639,97.39945991746184,1.580674091868753,,0.7762440679853367,global_lstm_seed_ensemble_seed=0,20265608,0,20265608
31002,global_lstm,global LSTM,15.227926078028748,0.4221468699479056,0.04944915818080298,-0.031058580639818922,29.913937440210773,39.68695027611049,0.1227741459774969,0.6615563607412074,1.160646096798184,global_lstm_seed_ensemble_seed=0,20265608,0,20265608
31006,global_lstm,global LSTM,15.542778918548938,-1.5251677136568809,-2.6948957875848008,-0.2432908112344665,52.4747036850148,43.05562838144094,0.0859200628950193,1.1517345668800312,0.8930977200678304,global_lstm_seed_ensemble_seed=0,20265608,0,20265608
31010,global_lstm,global LSTM,15.597535934291582,0.6631978109826651,0.4805700885227271,0.46313446981279005,17.653714994425396,42.794007897792504,0.3845468515325677,0.6363494771092628,1.525775667769257,global_lstm_seed_ensemble_seed=0,20265608,0,20265608
31021,global_lstm,global LSTM,15.512662559890487,0.6132669630970782,0.40444897423244386,0.34072666522013273,16.511099595876598,46.22591285395666,0.4471094991209048,0.11931893924468362,0.7499976785499459,global_lstm_seed_ensemble_seed=0,20265608,0,20265608
31023,global_lstm,global LSTM,14.833675564681725,0.4177866629334267,0.42607630745232206,0.07636579079470884,5.60065534600794,29.695760604148564,0.7244556056268043,0.47126463982424827,1.7739239742311654,global_lstm_seed_ensemble_seed=0,20265608,0,20265608
31025,global_lstm,global LSTM,13.22381930184805,0.4499658613032135,0.3745240081553389,0.3170356880523687,10.207112045260875,50.52231936092946,0.6945803976559273,0.5971047153758302,1.6765883956680512,global_lstm_seed_ensemble_seed=0,20265608,0,20265608
32003,global_lstm,global LSTM,15.477070499657769,0.5470209416515031,0.35717270222897135,0.3051868906886077,9.015847639802827,46.475401051978835,0.712216582243547,0.7721564313654119,1.7042706595279438,global_lstm_seed_ensemble_seed=0,20265608,0,20265608
32004,global_lstm,global LSTM,15.071868583162217,0.7445831106640757,0.44761317542305723,0.3742184683512787,17.100666720874138,45.062960632958266,0.42080667844082836,0.4526494677470494,0.4389787996589166,global_lstm_seed_ensemble_seed=0,20265608,0,20265608
32006,global_lstm,global LSTM,15.512662559890487,0.7738779168457308,0.5697417417855717,0.6029622150926455,22.71600650722935,40.0323215533394,0.2460787920101177,0.2976636249494329,0.8878814724421812,global_lstm_seed_ensemble_seed=0,20265608,0,20265608
32008,global_lstm,global LSTM,15.578370978781656,0.7517880648501817,0.5687892990552809,0.5915434387844075,20.367743471752615,42.71353899361189,0.3216226395348556,0.35419968889167985,1.2885486911516537,global_lstm_seed_ensemble_seed=0,20265608,0,20265608
33006,global_lstm,global LSTM,15.597535934291582,0.3833806256885899,0.010351951196975961,0.4461454067075916,60.644247802554226,46.20648015599383,0.1180867268940457,0.4924123093448165,0.592383691817542,global_lstm_seed_ensemble_seed=0,20265608,0,20265608
33007,global_lstm,global LSTM,15.594798083504449,-0.32057530796484723,-0.5125623292157784,0.37573096532545525,84.4904565649933,47.73737680519787,0.2479491063265842,0.7024585002217705,0.12030882735724524,global_lstm_seed_ensemble_seed=0,20265608,0,20265608
33012,global_lstm,global LSTM,15.597535934291582,0.5129703898374558,0.3742163539336688,0.2808918003030775,8.736647440447221,45.25275740506313,0.71430023689155,0.09845575086828362,1.3222534835011284,global_lstm_seed_ensemble_seed=0,20265608,0,20265608
33013,global_lstm,global LSTM,15.597535934291582,0.35963049929502655,-0.014621546274121489,0.28849782473574936,22.808410680319405,49.80342737486789,0.33916420696113214,1.9508283930070816,0.8709306905853298,global_lstm_seed_ensemble_seed=0,20265608,0,20265608
33014,global_lstm,global LSTM,15.5564681724846,0.37551422285577407,-0.019279705683911574,0.5332688218202822,37.147046030398435,74.3959326901171,0.301624908878066,0.589993426155859,0.20098641844428167,global_lstm_seed_ensemble_seed=0,20265608,0,20265608
33018,global_lstm,global LSTM,15.597535934291582,0.7222997593332651,0.5067972794523796,0.4591612242518548,14.922312485839607,44.12662415726284,0.4708645734125017,0.2962529562684615,1.3904749743889577,global_lstm_seed_ensemble_seed=0,20265608,0,20265608
33019,global_lstm,global LSTM,15.597535934291582,0.5146322627883824,0.1284400575220377,0.4935223850825817,51.19811342473748,50.19511527981689,0.008592502172186536,0.8690660595033854,0.8895182421370424,global_lstm_seed_ensemble_seed=0,20265608,0,20265608
33020,global_lstm,global LSTM,14.313483915126625,0.4839900291282463,0.2503139460265179,0.1568709426403626,8.525822800901013,50.72186002189473,0.774458869073476,0.35359718481007296,1.1311472468203854,global_lstm_seed_ensemble_seed=0,20265608,0,20265608
33021,global_lstm,global LSTM,15.597535934291582,0.4576920137668652,0.0904604843388852,0.4179208683541399,34.54311353082286,70.19003336334313,0.3079139688759614,1.3638883048920558,0.4891240870952427,global_lstm_seed_ensemble_seed=0,20265608,0,20265608
33022,global_lstm,global LSTM,15.597535934291582,0.7889805913212595,0.4844252238169239,0.6791761073688571,25.68292696907184,73.79317656108566,0.45837168891096364,0.47945953714481404,0.6109848940144589,global_lstm_seed_ensemble_seed=0,20265608,0,20265608
33023,global_lstm,global LSTM,15.597535934291582,-1.9215154834170516,-3.5630241596250336,-1.5985382524699396,32.56425862789318,74.64081208596524,0.36023516056762805,0.17301610236807174,0.9861091435785992,global_lstm_seed_ensemble_seed=0,20265608,0,20265608
33024,global_lstm,global LSTM,15.597535934291582,0.5576849966927349,0.06613492183238168,0.4713642470510966,34.16079566032879,77.73422938140192,0.3570843199824418,0.3245143781106544,0.7684853504048822,global_lstm_seed_ensemble_seed=0,20265608,0,20265608
33026,global_lstm,global LSTM,14.981519507186858,0.7011732073874005,0.4958561027433166,0.5241993975763878,21.76522348712616,58.07240494121306,0.42620668087047664,0.699885713469734,0.8549093522301273,global_lstm_seed_ensemble_seed=0,20265608,0,20265608
33028,global_lstm,global LSTM,15.597535934291582,0.7001456108417443,0.3571613335726904,0.5138400833452905,11.734011754219798,72.48066072801035,0.7907756247582434,0.042950025019623084,1.3030499212195479,global_lstm_seed_ensemble_seed=0,20265608,0,20265608
33029,global_lstm,global LSTM,15.592060232717317,0.38008333760049473,0.24953497528471424,0.5738874836133626,47.681818005473644,49.09330340655486,0.012669450269702964,0.32639426759205414,0.33896528890762156,global_lstm_seed_ensemble_seed=0,20265608,0,20265608
33031,global_lstm,global LSTM,15.40041067761807,0.5135797227184371,0.3272346452945616,0.25230260736877663,4.168440772523138,72.14016491285821,1.2382034955989698,0.9790752462469412,1.0127322620523964,global_lstm_seed_ensemble_seed=0,20265608,0,20265608
33032,global_lstm,global LSTM,15.561943874058864,-6.424209117944779,-6.6332841465757255,-0.8408602774721319,83.61911677251047,42.71303889744169,0.29174510479721655,1.8134794364143378,1.754310498160705,global_lstm_seed_ensemble_seed=0,20265608,0,20265608
33033,global_lstm,global LSTM,14.844626967830253,0.28944960046521007,0.010521701357721014,0.5429810285923412,36.524450736309035,42.43879678003575,0.06517936870784113,0.8453565540217133,1.144767868749849,global_lstm_seed_ensemble_seed=0,20265608,0,20265608
33034,global_lstm,global LSTM,15.597535934291582,0.44023314753904186,0.02859776944419634,0.528921341936185,44.95941164541749,51.26990375344368,0.05704188289201728,1.0788021622316608,0.8554124297979688,global_lstm_seed_ensemble_seed=0,20265608,0,20265608
33035,global_lstm,global LSTM,14.973305954825461,0.40580889294088796,0.17201230153169378,0.5426908361089572,44.94288783713861,39.217782241659634,0.05917794412627702,1.2187472855885872,1.1201193898084834,global_lstm_seed_ensemble_seed=0,20265608,0,20265608
33039,global_lstm,global LSTM,14.869267624914443,0.6583017023202191,0.4410416814326613,0.4748819224656675,24.657844269080574,57.527217233250795,0.3679182609948219,1.1166038503502111,0.6835813082867782,global_lstm_seed_ensemble_seed=0,20265608,0,20265608
33053,global_lstm,global LSTM,15.323750855578371,-0.7605694068249254,-0.8524046545367678,-0.4589788491272886,23.614559845402137,47.43561133775504,0.3029246469049831,0.279784256025158,0.8481524222831607,global_lstm_seed_ensemble_seed=0,20265608,0,20265608
33054,global_lstm,global LSTM,13.828884325804244,-0.41195892697738845,-1.0878854530283686,0.1732529994537495,71.55113605497364,49.96295175619295,0.15596844557218514,1.3029736154355924,1.1048298848540345,global_lstm_seed_ensemble_seed=0,20265608,0,20265608
33058,global_lstm,global LSTM,13.322381930184806,0.6378624401899583,0.2476594086495334,0.14235123579279263,16.81009288293885,76.66684099154517,0.6590374556883016,0.3755391642390493,0.9066460279690087,global_lstm_seed_ensemble_seed=0,20265608,0,20265608
34002,global_lstm,global LSTM,15.381245722108146,0.6833642410641763,0.4282874081096567,0.5696629194538848,17.977505871701826,48.15982866835574,0.427955493950403,0.8692573100255414,0.3015677297711654,global_lstm_seed_ensemble_seed=0,20265608,0,20265608
34003,global_lstm,global LSTM,15.597535934291582,-0.06309811780310537,-0.28647553263166614,0.2881069044420498,42.23518285269033,42.81266335268579,0.005897867146012039,0.2020014945317804,0.2632818794127886,global_lstm_seed_ensemble_seed=0,20265608,0,20265608
34004,global_lstm,global LSTM,15.381245722108146,0.3608398359108371,-0.08410842866291057,0.517260663449742,48.0728282886435,46.39493956272604,0.01542906059062664,0.5540488050133907,0.61499351655574,global_lstm_seed_ensemble_seed=0,20265608,0,20265608
34005,global_lstm,global LSTM,15.496235455167694,0.563036258034597,0.39800140759355807,0.6808619728177575,17.803937582645002,45.46690271889436,0.407179307293653,0.7088922581437447,0.45387272317172345,global_lstm_seed_ensemble_seed=0,20265608,0,20265608
34006,global_lstm,global LSTM,15.597535934291582,0.6323338042887137,0.3870337816949361,0.37659143959377683,12.34952942434431,51.76307245472886,0.6223696372266793,1.3296074780067801,0.19047550325577411,global_lstm_seed_ensemble_seed=0,20265608,0,20265608
34007,global_lstm,global LSTM,15.490759753593428,0.528411820258429,0.33300824124820405,0.2805768852168633,8.15474589223511,53.40912236909449,0.8162050089438059,0.785390552620183,0.5226154805523061,global_lstm_seed_ensemble_seed=0,20265608,0,20265608
34008,global_lstm,global LSTM,15.143052703627653,-1.3915414808604405,-1.0866793697854709,0.051177878235813656,81.1618410100906,49.9264347455266,0.21102133553480568,1.115997111482859,0.612680600874036,global_lstm_seed_ensemble_seed=0,20265608,0,20265608
34010,global_lstm,global LSTM,15.468856947296372,0.5994289612950302,0.2707694323112163,0.3339323619495447,12.046520429887812,49.59109728178712,0.6145420963626752,1.0004174812022886,0.4214952477655577,global_lstm_seed_ensemble_seed=0,20265608,0,20265608
34011,global_lstm,global LSTM,15.457905544147843,-0.9536327350447353,-0.8737954333991582,0.19939823853260508,68.2677383612197,43.37707798625878,0.19695522212007807,0.9047983475315788,0.3122269878650451,global_lstm_seed_ensemble_seed=0,20265608,0,20265608
34012,global_lstm,global LSTM,15.594798083504449,-8.268410899835281,-7.902697197825651,-1.0034728317955444,112.03120226031177,42.360466888316125,0.42237825845279714,1.9384298128498918,1.3264175249882313,global_lstm_seed_ensemble_seed=0,20265608,0,20265608
35003,global_lstm,global LSTM,15.537303216974674,0.4681973754526535,0.21795604202567098,0.11819058732265186,2.941591945369118,50.566148729949326,1.2352774500348649,0.771714816342518,1.1132956088304211,global_lstm_seed_ensemble_seed=0,20265608,0,20265608
35008,global_lstm,global LSTM,15.501711156741958,0.5343520257843997,0.4079563104783054,0.34234600544791693,4.473098631050828,67.22233201407957,1.1769051001351265,0.45361324183750756,1.1376587712587847,global_lstm_seed_ensemble_seed=0,20265608,0,20265608
36003,global_lstm,global LSTM,15.592060232717317,0.6124514648450189,0.4100401179927785,0.49214624656779105,10.536537698989953,71.83639581977404,0.8336466093862108,0.15882753823255125,1.247818390366079,global_lstm_seed_ensemble_seed=0,20265608,0,20265608
36006,global_lstm,global LSTM,15.597535934291582,0.6199735211125601,0.4214833187008894,0.5053817738602449,11.487951160252289,76.82837575907163,0.8252790712489096,1.4931303324334153,0.1495272133835328,global_lstm_seed_ensemble_seed=0,20265608,0,20265608
36009,global_lstm,global LSTM,15.589322381930184,0.5134783213106715,0.3275335696292021,0.27773365198168953,8.277688353762434,36.140724324018585,0.6400877806982083,0.16227059074557193,1.2801717427652517,global_lstm_seed_ensemble_seed=0,20265608,0,20265608
36010,global_lstm,global LSTM,15.578370978781656,0.3905654143946279,0.2782861453175105,0.20612198358577882,6.095820328311826,83.25800458213075,1.1353938402023418,0.17389390328364907,1.477798888415648,global_lstm_seed_ensemble_seed=0,20265608,0,20265608
36011,global_lstm,global LSTM,15.542778918548938,0.47990676219498263,0.2868185534528521,0.19126121515308492,6.429029358479854,76.7012132194358,1.0766568244517245,0.1922342244944395,1.3711736959035237,global_lstm_seed_ensemble_seed=0,20265608,0,20265608
36012,global_lstm,global LSTM,15.586584531143053,0.12792021897708072,0.21517395598763966,0.16168554043102068,6.146998234645002,71.95986438149815,1.0684272477892085,0.22287442134502738,1.3397851047187255,global_lstm_seed_ensemble_seed=0,20265608,0,20265608
37001,global_lstm,global LSTM,15.597535934291582,0.6421995209184073,0.4629813208504273,0.3890732738694975,12.06117513291141,47.47608090194054,0.5950852376008849,1.8237537431913777,0.4450572461454749,global_lstm_seed_ensemble_seed=0,20265608,0,20265608
37003,global_lstm,global LSTM,15.594798083504449,0.6158359072986884,0.4142280204989678,0.2987845079819412,11.906118677926345,76.8559321939321,0.8099071873358116,0.9204371186677514,0.25238809041225996,global_lstm_seed_ensemble_seed=0,20265608,0,20265608
37005,global_lstm,global LSTM,15.58384668035592,0.653842457756817,0.5419244383245884,0.5347803097580452,11.390516320761016,78.27965006448898,0.837105464890991,1.4283916469129827,0.13246000526535306,global_lstm_seed_ensemble_seed=0,20265608,0,20265608
37008,global_lstm,global LSTM,15.597535934291582,0.6754946659882969,0.47425523394489355,0.4596055016913343,12.088918812968346,79.51718809956712,0.8180735531179897,0.6704969829666265,0.4280402566354162,global_lstm_seed_ensemble_seed=0,20265608,0,20265608
37009,global_lstm,global LSTM,15.597535934291582,0.6252753629421746,0.4349792106129422,0.41350871831083114,10.26388040936226,79.16266535446891,0.8872088250174622,0.3820809199527565,0.8685983771271474,global_lstm_seed_ensemble_seed=0,20265608,0,20265608
37010,global_lstm,global LSTM,15.578370978781656,0.6439784555559558,0.506260273032938,0.5470040571929382,5.428403628493438,76.58960932929055,1.149497722148667,1.8646157486407366,0.16907027282222853,global_lstm_seed_ensemble_seed=0,20265608,0,20265608
37011,global_lstm,global LSTM,15.592060232717317,0.5993822414040764,0.4645247974991136,0.4139919535617663,7.642050825128624,81.170144063942,1.0261863950382684,0.11553932404722267,1.3350948634695126,global_lstm_seed_ensemble_seed=0,20265608,0,20265608
37018,global_lstm,global LSTM,15.572895277207392,0.5413050558265879,0.32614206809525936,0.23283197365023278,6.145176042137651,62.78378857423835,1.0093131901451324,0.45056739337217,1.6921494842685392,global_lstm_seed_ensemble_seed=0,20265608,0,20265608
37019,global_lstm,global LSTM,15.597535934291582,0.4972264698199518,0.3363859023218103,0.2705459798657798,3.775256780723519,60.6996434840223,1.2062396440061498,0.20312874366450007,1.6153567082877938,global_lstm_seed_ensemble_seed=0,20265608,0,20265608
37020,global_lstm,global LSTM,15.592060232717317,0.6508637953855327,0.36929602661309546,0.2892181535392271,9.28754242384545,80.8937075648242,0.940013930142331,0.4186486012861228,0.8707206686539412,global_lstm_seed_ensemble_seed=0,20265608,0,20265608
37031,global_lstm,global LSTM,13.81245722108145,0.4444060510582426,0.2600741679774059,0.18194455605515425,3.3559324421658863,77.5171426277474,1.3635845462171836,0.25681314659270726,1.7996018463499115,global_lstm_seed_ensemble_seed=0,20265608,0,20265608
37033,global_lstm,global LSTM,13.607118412046544,0.374469907454808,0.24583921061999148,0.2478324292769315,3.1233979824644713,83.41994308147378,1.4266425637521676,0.49627683331021,1.9148228870473964,global_lstm_seed_ensemble_seed=0,20265608,0,20265608
38001,global_lstm,global LSTM,15.597535934291582,0.5082705323759902,0.3604811337286641,0.5898748090243324,33.47774822196493,75.81167604859,0.35497985933381265,0.3893839277965704,0.7728379453894727,global_lstm_seed_ensemble_seed=0,20265608,0,20265608
38003,global_lstm,global LSTM,15.597535934291582,-9.86750995521134,-8.63478754654025,-1.311194938813744,151.69132059229537,69.36607087503467,0.3398136369133966,2.0347139167237245,1.6675353010817415,global_lstm_seed_ensemble_seed=0,20265608,0,20265608
38004,global_lstm,global LSTM,12.85968514715948,0.5189574280397485,0.285502723009181,0.39706367012116206,21.02246501164776,88.89061749020483,0.6261722847505753,0.45637899784843927,1.5598346105119159,global_lstm_seed_ensemble_seed=0,20265608,0,20265608
38007,global_lstm,global LSTM,15.567419575633128,0.3707295132512499,0.12661632526747724,0.2734321625116778,5.600730237671716,39.68145654049753,0.8503429497768352,0.6219806662667098,1.3199436322856886,global_lstm_seed_ensemble_seed=0,20265608,0,20265608
38012,global_lstm,global LSTM,14.543463381245722,-0.5588066449112021,-0.4393319301092997,-0.3423872715898264,2.13097462510078,75.15717096704078,1.5473921458970556,0.19786285405650095,1.8910198536122178,global_lstm_seed_ensemble_seed=0,20265608,0,20265608
38014,global_lstm,global LSTM,15.43874058863792,0.5236919196104561,0.4145337002845496,0.38759840381846944,3.2314120514736735,44.61561665844907,1.1400945596645047,0.28631840277403436,1.605371663998681,global_lstm_seed_ensemble_seed=0,20265608,0,20265608
38017,global_lstm,global LSTM,15.597535934291582,-30.099489554574934,-29.358762366802747,-3.1757133937240454,230.14954158618545,68.34510236047964,0.5273027159104603,1.8133879064175291,1.4487701958024277,global_lstm_seed_ensemble_seed=0,20265608,0,20265608
38018,global_lstm,global LSTM,15.597535934291582,0.34992176128094765,-0.0396566495253754,0.5210009587025781,89.49620723029905,67.95249992496815,0.11959919193903416,1.0277725885428177,0.6324554791109505,global_lstm_seed_ensemble_seed=0,20265608,0,20265608
38021,global_lstm,global LSTM,15.323750855578371,0.5906706208429828,0.4586818966881311,0.3899396005840853,5.997288557841565,43.90050710968484,0.8645145916577506,0.4164815188913509,1.5124895732161556,global_lstm_seed_ensemble_seed=0,20265608,0,20265608
38026,global_lstm,global LSTM,14.444900752908966,0.6604308328376305,0.4379285166437399,0.3923877403794638,12.07314941476622,75.31634417823723,0.7950686559927257,0.10994079907627419,0.9999421671733705,global_lstm_seed_ensemble_seed=0,20265608,0,20265608
38029,global_lstm,global LSTM,13.325119780971937,0.3500237855021322,0.054959512474894945,-0.27648545579227934,12.301210871220647,87.30965832056852,0.8511144252713062,0.40601530464002333,1.6033751479636116,global_lstm_seed_ensemble_seed=0,20265608,0,20265608
38030,global_lstm,global LSTM,12.950034223134839,-1.0788817622711844,-0.9507857553711021,0.08887521713041013,43.966691621131986,82.21496939647474,0.27182711214489974,0.8316330746258019,1.7511597363088458,global_lstm_seed_ensemble_seed=0,20265608,0,20265608
39001,global_lstm,global LSTM,15.597535934291582,0.5871572288308957,0.4021835792000219,0.6984560041376993,43.639671638347686,65.09184000949939,0.17364507417746047,0.8584528392468913,0.6020603640556084,global_lstm_seed_ensemble_seed=0,20265608,0,20265608
39002,global_lstm,global LSTM,13.574264202600958,0.7025620483855131,0.5675616031071277,0.701172598570847,44.49343084822944,26.283542320450927,0.2286119989494453,0.41827867387330087,0.6162057715083369,global_lstm_seed_ensemble_seed=0,20265608,0,20265608
39004,global_lstm,global LSTM,12.109514031485284,-76.88149195966966,-88.65342108448644,-7.590808523005391,90.24895022207781,20.170582837283437,0.6507237113717245,1.8639537013314702,1.9238961420758938,global_lstm_seed_ensemble_seed=0,20265608,0,20265608
39005,global_lstm,global LSTM,14.781656399726215,-0.0139658478364999,-0.3006892265523422,0.10582726877996218,33.424686690732216,61.73625090238586,0.2664729072070877,0.8321816977621627,1.739185473920903,global_lstm_seed_ensemble_seed=0,20265608,0,20265608
39006,global_lstm,global LSTM,15.597535934291582,0.09935784327608377,-0.22809142352276846,0.4584135398970207,51.229119200436465,35.85025845268946,0.15502459802562513,0.699568211974779,0.8777109169856584,global_lstm_seed_ensemble_seed=0,20265608,0,20265608
39007,global_lstm,global LSTM,15.594798083504449,0.784733856488387,0.5169004086059803,0.6603993655953795,16.039473420506834,41.055583431159086,0.40818212196814907,0.37660961516318925,0.577540801753494,global_lstm_seed_ensemble_seed=0,20265608,0,20265608
39008,global_lstm,global LSTM,14.075290896646132,0.6709920982360094,0.4852295948937373,0.7428463003988897,52.333646293217136,26.6318156155838,0.29338021948035087,0.15547956882470615,0.5742256050296766,global_lstm_seed_ensemble_seed=0,20265608,0,20265608
39010,global_lstm,global LSTM,15.597535934291582,-3.8557917333156597,-3.6454075328084175,-0.5152316871168339,137.23941867092992,65.62972980832093,0.3203782534613564,0.8453870060703577,0.45951603307639144,global_lstm_seed_ensemble_seed=0,20265608,0,20265608
39011,global_lstm,global LSTM,15.597535934291582,-1.3821748776448524,-0.3893435415744495,0.1976734990638812,18.21518013326848,35.472002303368804,0.28945223355403094,0.280857754894162,0.7825618392342961,global_lstm_seed_ensemble_seed=0,20265608,0,20265608
39012,global_lstm,global LSTM,15.301848049281315,-0.00026705581411445856,-0.8121027864665094,0.18873047373107,11.595442824406229,36.96186439175187,0.5034665305402397,0.4021602006813458,1.567122633894136,global_lstm_seed_ensemble_seed=0,20265608,0,20265608
39014,global_lstm,global LSTM,15.597535934291582,-14.02202636029449,-10.082657531393433,-1.452362003731276,197.24633633957149,69.00930353630598,0.4561013009643081,1.3268590601746666,0.6749080651071232,global_lstm_seed_ensemble_seed=0,20265608,0,20265608
39015,global_lstm,global LSTM,13.79876796714579,-4.736871765218418,-2.032653854580262,-0.18720234762815902,158.7255323404661,20.974755497934876,0.878949885331076,1.460387324385605,1.2216882825484374,global_lstm_seed_ensemble_seed=0,20265608,0,20265608
39016,global_lstm,global LSTM,15.597535934291582,-0.19993301682910358,-0.874146924601054,0.10261071313126335,105.16283776810788,59.058129919447495,0.2505826059419263,0.9643816164285888,0.3360170701745063,global_lstm_seed_ensemble_seed=0,20265608,0,20265608
39017,global_lstm,global LSTM,14.69678302532512,0.4632611461203552,0.27947860654346,0.19707379558115323,7.938889983672919,77.77947007842386,0.9911051963396345,0.24962048541759585,1.7012306700518245,global_lstm_seed_ensemble_seed=0,20265608,0,20265608
39019,global_lstm,global LSTM,14.72416153319644,-4.0218112419853735,-2.4147611018012016,-0.21832868446642628,136.36475960799868,22.644044475350388,0.779748152006109,0.7997604443926427,0.9975813938738097,global_lstm_seed_ensemble_seed=0,20265608,0,20265608
39020,global_lstm,global LSTM,15.597535934291582,-0.2611804482031328,-0.26456423794488004,0.4276556142415492,73.10468631229826,34.522092199335,0.32584810981396356,0.9715872303575129,1.0051405255044998,global_lstm_seed_ensemble_seed=0,20265608,0,20265608
39021,global_lstm,global LSTM,15.597535934291582,0.6640804980060112,0.4310786243885314,0.7018505663129088,34.118284810515796,59.32714114385078,0.24026623080530435,0.9519967032052596,0.376073581646333,global_lstm_seed_ensemble_seed=0,20265608,0,20265608
39022,global_lstm,global LSTM,15.597535934291582,0.6969013178643464,0.3259544079404414,0.5131867084846169,24.964560890751766,61.147240148121924,0.38905292861711405,0.2129195652194822,0.6845832192313446,global_lstm_seed_ensemble_seed=0,20265608,0,20265608
39023,global_lstm,global LSTM,15.597535934291582,-7.139089519085122,-14.091822391892233,-2.096448761205518,159.57527370869454,70.85284569880973,0.3526083002949751,1.8089200048013452,1.4467982810987539,global_lstm_seed_ensemble_seed=0,20265608,0,20265608
39025,global_lstm,global LSTM,15.572895277207392,0.848945298918968,0.6467357836935368,0.712247103744565,17.88332838828547,55.60628639214566,0.4926755406488024,0.07089337122289241,1.00851512658317,global_lstm_seed_ensemble_seed=0,20265608,0,20265608
39027,global_lstm,global LSTM,15.597535934291582,-8.098515542665837,-6.894887717004736,-1.1871571743976022,101.95414242705179,60.03993381653871,0.22996467114801725,0.6292293962028123,0.8336994715505346,global_lstm_seed_ensemble_seed=0,20265608,0,20265608
39028,global_lstm,global LSTM,15.597535934291582,-4.738042207895359,-4.987353991176065,-0.8769798063793093,120.82486722365726,59.13087122343929,0.31034204869646587,1.2670219605502238,0.9583628865018943,global_lstm_seed_ensemble_seed=0,20265608,0,20265608
39029,global_lstm,global LSTM,15.597535934291582,-5.541906493585046,-4.113237855126726,-0.9109167844471819,58.74585582820648,36.88818875970482,0.20208990358844003,1.1036695188364476,0.6439500452629389,global_lstm_seed_ensemble_seed=0,20265608,0,20265608
39034,global_lstm,global LSTM,15.597535934291582,0.7490610646313556,0.35938514199116256,0.6134026082886742,42.32708825798007,54.49651092327519,0.10975030420775807,0.3912385660813088,0.2609593780692494,global_lstm_seed_ensemble_seed=0,20265608,0,20265608
39035,global_lstm,global LSTM,15.597535934291582,-0.9200501382302497,-2.1222084370001126,-0.11973446774501184,57.61643628709627,36.340321877033595,0.20015762296948714,0.7474970286279453,0.6392329001047468,global_lstm_seed_ensemble_seed=0,20265608,0,20265608
39036,global_lstm,global LSTM,15.378507871321013,-31.636466259447516,-31.344583122916795,-4.169025897646593,61.898145594506595,38.29396400469872,0.20854731346916852,1.4034793557718328,1.072239033098235,global_lstm_seed_ensemble_seed=0,20265608,0,20265608
39037,global_lstm,global LSTM,15.197809719370294,-1.579763690506486,-0.711106105189538,0.276592018306676,68.37953276760273,62.805778023379425,0.036926529048630655,1.0382163620829334,0.920254806776595,global_lstm_seed_ensemble_seed=0,20265608,0,20265608
39042,global_lstm,global LSTM,14.984257357973991,0.38320913295184045,0.15632795806357425,0.5527393357668511,50.934274598037696,41.04361426239548,0.09376452799554094,0.9636842429150092,0.8600003938116597,global_lstm_seed_ensemble_seed=0,20265608,0,20265608
39049,global_lstm,global LSTM,14.573579739904176,0.5157329589097074,0.36282702598360517,0.3761515112155627,3.455076324811765,49.714778923434004,1.158027866836866,0.12764847176449517,1.5678659784877473,global_lstm_seed_ensemble_seed=0,20265608,0,20265608
39052,global_lstm,global LSTM,15.594798083504449,0.6731783975304497,0.4776009938500123,0.43568857781546033,7.346267864821156,64.96536714251313,0.946615137294894,0.056200065711964564,1.3825315152864888,global_lstm_seed_ensemble_seed=0,20265608,0,20265608
39054,global_lstm,global LSTM,13.505817932922655,0.6290681923827004,0.5394730089625939,0.4402667653570711,9.891090400297358,38.08001225662037,0.5854529083515395,0.26750860190236725,1.261258359079819,global_lstm_seed_ensemble_seed=0,20265608,0,20265608
39056,global_lstm,global LSTM,13.44832306639288,-3.833796843320269,-3.149848385805961,-1.0482866351616749,6.257269234572009,55.69598700758184,0.9494390626508522,0.37442215650477295,1.7061759112992816,global_lstm_seed_ensemble_seed=0,20265608,0,20265608
39061,global_lstm,global LSTM,15.249828884325805,-0.35376853044354206,-0.9292917125631008,-0.12654923407389362,100.44378014442023,58.83751298211004,0.23226874163487438,1.0159558836543727,1.0760312572879238,global_lstm_seed_ensemble_seed=0,20265608,0,20265608
39065,global_lstm,global LSTM,14.157426420260096,-11.441132479000986,-7.312779604369306,-1.028305289769495,132.53891826839637,70.81027356861348,0.27224714948076434,1.0328309300274476,1.0048142960624316,global_lstm_seed_ensemble_seed=0,20265608,0,20265608
39069,global_lstm,global LSTM,14.496919917864476,0.5312827315713127,0.33844649343131394,0.14060051472742396,8.663505383253279,36.28534947152507,0.6220376606259118,0.035701644492610374,0.9164249697112102,global_lstm_seed_ensemble_seed=0,20265608,0,20265608
39072,global_lstm,global LSTM,12.958247775496236,0.6133708102676354,0.42235428958219445,0.6517082960021316,52.19520589610095,76.94919668791862,0.16857347526832683,0.8007754960899987,0.8143257781823816,global_lstm_seed_ensemble_seed=0,20265608,0,20265608
39078,global_lstm,global LSTM,13.330595482546201,-10.044082220228487,-4.95710236047598,-1.1712041124555275,32.625396474702484,59.95454170250422,0.2642662894755485,0.4883572255109989,0.9804289699006333,global_lstm_seed_ensemble_seed=0,20265608,0,20265608
39081,global_lstm,global LSTM,15.34839151266256,0.7438504029605242,0.4987075088590972,0.6377739566187453,34.40060955269163,60.521099602949604,0.24534067207574284,0.9120830403928367,0.2685437660712866,global_lstm_seed_ensemble_seed=0,20265608,0,20265608
39087,global_lstm,global LSTM,14.231348391512663,0.39730918114148017,0.14013099544591967,0.13052292431814072,16.54515924983498,66.69352989920198,0.6054127523303271,0.018059983862369844,1.0169056988312732,global_lstm_seed_ensemble_seed=0,20265608,0,20265608
39088,global_lstm,global LSTM,14.47501711156742,-9.030711635519227,-9.669200215001728,-1.3321307041179389,171.4744556707587,68.43745125528477,0.39890560571327666,1.588149762455881,0.816177988147229,global_lstm_seed_ensemble_seed=0,20265608,0,20265608
39095,global_lstm,global LSTM,11.718001368925394,0.32247410217634287,0.2454539114115245,0.3655133231559836,6.151400032103671,21.511058271631956,0.5436878061637538,0.46095054802356383,1.564451378550817,global_lstm_seed_ensemble_seed=0,20265608,0,20265608
39099,global_lstm,global LSTM,11.824777549623546,0.39668534838992886,0.22513751090129286,0.23732757610100153,48.483524081780615,48.27683169396829,0.0018554189738813494,1.5528033428862558,1.5528033428862558,global_lstm_seed_ensemble_seed=0,20265608,0,20265608
39101,global_lstm,global LSTM,10.075290896646132,-5.017737572833463,-2.823713242763476,-0.5467263348689542,69.16520568319403,23.986791605163614,0.4599155107379186,1.2953529416897156,1.3666766501857834,global_lstm_seed_ensemble_seed=0,20265608,0,20265608
39105,global_lstm,global LSTM,9.96577686516085,0.6595942225452021,0.4280643799911432,0.40461705658769487,27.262784857255046,85.33891707316522,0.4955769111145648,1.8456603091172497,0.49719324485240846,global_lstm_seed_ensemble_seed=0,20265608,0,20265608
39108,global_lstm,global LSTM,9.412731006160165,-0.29616915093671015,0.0900148420646375,0.45715230533464013,66.08352628106474,46.908678969534094,0.14884000667851202,1.1731935189038372,1.1493054889757017,global_lstm_seed_ensemble_seed=0,20265608,0,20265608
39114,global_lstm,global LSTM,8.999315537303216,-14.291597766907696,-6.709227645647034,-1.2014060085486857,174.3424213064177,85.82242857373117,0.3078022733828717,1.5893923667310559,1.4103916970584,global_lstm_seed_ensemble_seed=0,20265608,0,20265608
39120,global_lstm,global LSTM,9.284052019164955,-120.10188525064257,-64.73277392491097,-9.559407351003053,32.49963114126014,46.448538159650525,0.15509361839119673,0.48423336558485275,0.8158580460687268,global_lstm_seed_ensemble_seed=0,20265608,0,20265608
39125,global_lstm,global LSTM,8.88432580424367,-26.74691067934206,-14.877267641746869,-3.7644832234807133,136.7279946660435,63.0637216035832,0.3360778478709034,1.1998050038679757,0.9712631569450915,global_lstm_seed_ensemble_seed=0,20265608,0,20265608
39127,global_lstm,global LSTM,8.681724845995893,-18.740648406536,-11.33607125829806,-1.6860412760020358,129.40416113449393,49.21029713469463,0.41989225444068,1.1473681540969032,0.5853412331660771,global_lstm_seed_ensemble_seed=0,20265608,0,20265608
39141,global_lstm,global LSTM,7.477070499657769,0.15232963027163715,0.07430029273157657,0.5523496222927008,13.46037389649059,51.875101325427295,0.5859018343086188,0.44557418077053157,0.479564978008976,global_lstm_seed_ensemble_seed=0,20265608,0,20265608
39142,global_lstm,global LSTM,8.098562628336756,-1.7950184377495324,-1.766206091523789,0.0740811255682905,79.0965518764858,44.3566384721671,0.2511989252315624,1.2245512639251603,1.0069313239861377,global_lstm_seed_ensemble_seed=0,20265608,0,20265608
39143,global_lstm,global LSTM,8.098562628336756,0.2513170920562141,-0.13304704463259354,0.3901140777329152,58.690555488398296,42.50269743942792,0.14015172651637908,1.8109222940807634,1.5785381966445153,global_lstm_seed_ensemble_seed=0,20265608,0,20265608
39144,global_lstm,global LSTM,8.202600958247775,0.7769968182611302,0.148151841727848,0.4028151765605924,44.18315320183365,43.24375390788228,0.009333319571863665,1.1419274062490252,1.106395914514838,global_lstm_seed_ensemble_seed=0,20265608,0,20265608
40003,global_lstm,global LSTM,15.537303216974674,0.7302649084885594,0.5723034741808604,0.511495941833445,14.683459602570874,36.62202399685332,0.3969139501453304,0.47752566409787134,0.3266701262343119,global_lstm_seed_ensemble_seed=0,20265608,0,20265608
40004,global_lstm,global LSTM,15.263518138261464,0.7422641168103337,0.5429608970140107,0.4459707023793731,10.787992628990848,32.71701384968882,0.48183301679736584,0.2157176346681725,0.7704589705926144,global_lstm_seed_ensemble_seed=0,20265608,0,20265608
40005,global_lstm,global LSTM,15.359342915811089,0.6028435105733772,0.4589263829856809,0.3503945672914248,9.957915513863615,52.16825446173011,0.7192378683061058,0.5945932516517254,0.6193052916619126,global_lstm_seed_ensemble_seed=0,20265608,0,20265608
40006,global_lstm,global LSTM,12.826830937713895,0.5550310943617516,-1.2851224944702522,-0.24814198479831262,21.747459710214873,63.7060006822733,0.4667718069851374,0.5116771744391533,1.394776886959313,global_lstm_seed_ensemble_seed=0,20265608,0,20265608
40007,global_lstm,global LSTM,15.545516769336071,0.8011678445975304,0.6158610418647075,0.5924650155190021,11.124913243846002,33.284615356945054,0.4759469096523382,0.4588612153282632,1.0286314181482057,global_lstm_seed_ensemble_seed=0,20265608,0,20265608
40009,global_lstm,global LSTM,15.249828884325805,0.7274857797942242,0.551960195610609,0.6596970668429817,10.659465399431664,33.88076218792958,0.5022177475257888,0.5925025716632424,1.378960445351033,global_lstm_seed_ensemble_seed=0,20265608,0,20265608
40010,global_lstm,global LSTM,14.872005475701574,0.7471227653521684,0.6175938226136648,0.5876314866743606,11.281858531882957,37.84854212583588,0.5256685061111488,0.16956393686343152,0.7409419604854386,global_lstm_seed_ensemble_seed=0,20265608,0,20265608
40011,global_lstm,global LSTM,15.597535934291582,0.7119834293989251,0.4414114492371609,0.6798755163483361,36.35424765589164,52.54083481453188,0.1599418075209877,0.3116873816532113,0.1830768074770167,global_lstm_seed_ensemble_seed=0,20265608,0,20265608
40012,global_lstm,global LSTM,15.597535934291582,-6.51152360531497,-3.9101737572434,-0.8124450972765549,103.92745073965884,37.115161906352384,0.4471789151051152,0.8907356298660978,0.29289645492393124,global_lstm_seed_ensemble_seed=0,20265608,0,20265608
40013,global_lstm,global LSTM,15.592060232717317,0.4695203851974452,0.6472012032702392,0.6537700936315642,32.487037259018074,36.47317838750248,0.05026350422920495,0.34500641326225256,0.45366171260444,global_lstm_seed_ensemble_seed=0,20265608,0,20265608
40016,global_lstm,global LSTM,15.493497604380561,-4.669672873523533,-2.392311349085583,-0.3393567398697135,61.24909056883633,36.27648322929265,0.22747446626272833,2.0348031571830623,1.6320929243788527,global_lstm_seed_ensemble_seed=0,20265608,0,20265608
40017,global_lstm,global LSTM,14.327173169062286,0.5693466911517526,0.45234188248950113,0.4541160700428821,6.151440746677355,38.62882899232569,0.7979346979392261,1.1860234200198612,1.6558630371625518,global_lstm_seed_ensemble_seed=0,20265608,0,20265608
40018,global_lstm,global LSTM,15.378507871321013,-2.0357226363380225,-0.38739059662687847,0.1956173120544602,64.95664242069051,38.06098091529286,0.23214359150858882,0.6852344651918723,0.25480564422048757,global_lstm_seed_ensemble_seed=0,20265608,0,20265608
4001,global_lstm,global LSTM,14.023271731690622,0.5884869384211577,0.08191171869915792,0.5223102047457772,10.739908747545533,82.00287647570204,0.8828284953574788,0.558581515433314,0.29952200789150274,global_lstm_seed_ensemble_seed=0,20265608,0,20265608
40020,global_lstm,global LSTM,13.702943189596168,0.6190484382269738,0.4088005071752536,0.3022560499236171,10.066745973908164,39.657638544014524,0.5954377404314284,1.0195931847819704,1.53504506153021,global_lstm_seed_ensemble_seed=0,20265608,0,20265608
40021,global_lstm,global LSTM,12.281998631074606,0.7035227977773535,0.47304967856820457,0.4171295759814281,11.78509574306548,44.91824179835334,0.5810896335351857,0.5752899673211647,1.7083291060454935,global_lstm_seed_ensemble_seed=0,20265608,0,20265608
40022,global_lstm,global LSTM,6.458590006844627,0.7061668786680861,0.10156960279777394,0.09334581253393925,29.893109712003735,56.759539839978,0.27846776984102756,0.14164557141715628,0.16743760713478617,global_lstm_seed_ensemble_seed=0,20265608,0,20265608
40033,global_lstm,global LSTM,12.668035592060233,-3.86157416647496,-3.124219520619609,-0.2905907610320069,122.6769072459989,29.53974748258688,0.618356040168435,1.2083259936205464,1.3066597193403338,global_lstm_seed_ensemble_seed=0,20265608,0,20265608
4003,global_lstm,global LSTM,14.622861054072553,0.7581321004531635,0.46122687394055883,0.5560256255575518,3.498236498720867,90.71502590792691,1.4138300622704736,1.1691232212762763,0.3879306124635077,global_lstm_seed_ensemble_seed=0,20265608,0,20265608
4005,global_lstm,global LSTM,11.02258726899384,0.772641073662437,0.4439367059914132,0.43587381211558585,2.445828399029055,90.47725286749501,1.568113422394971,,0.552996550937601,global_lstm_seed_ensemble_seed=0,20265608,0,20265608
4006,global_lstm,global LSTM,9.872689938398358,0.8589130287595559,0.4218581504552431,0.42967794302290996,3.148743276222441,102.28745821683228,1.5116851336587807,1.158731519114777,0.2777364439744402,global_lstm_seed_ensemble_seed=0,20265608,0,20265608
41001,global_lstm,global LSTM,15.589322381930184,0.5103072838805234,0.14489615080588536,-0.08624308860341601,23.255405723545955,40.43203422006148,0.2402016713485129,1.0237106768528625,1.5665167796817383,global_lstm_seed_ensemble_seed=0,20265608,0,20265608
41003,global_lstm,global LSTM,15.123887748117728,0.6721426527376869,0.4370877417518284,0.30529677905026653,3.660827914649439,41.823718784127806,1.057843331400707,0.44262500796285487,0.8720268035420016,global_lstm_seed_ensemble_seed=0,20265608,0,20265608
41004,global_lstm,global LSTM,14.442162902121835,0.34172887612201797,-0.5812404732907768,0.039011418024234024,15.878939457603197,40.58083138466264,0.40749944737623944,0.2914961811785577,0.82905507050452,global_lstm_seed_ensemble_seed=0,20265608,0,20265608
41005,global_lstm,global LSTM,15.50444900752909,0.8004695009390077,0.6359839778920973,0.6095982373047159,11.434282942656644,25.273278829918375,0.34445265410989606,0.4940347264255733,1.0124310820032707,global_lstm_seed_ensemble_seed=0,20265608,0,20265608
41006,global_lstm,global LSTM,15.542778918548938,0.6328172081612697,0.3731469495791888,0.26070474668372234,6.757548912410737,42.99285513904729,0.8036070895176367,1.1223651300430455,1.6873728080335975,global_lstm_seed_ensemble_seed=0,20265608,0,20265608
41009,global_lstm,global LSTM,13.763175906913073,0.3425041588958525,-0.11439674863382421,0.4187693471947731,18.850414756937514,41.26100892893796,0.3402189330637709,0.6935927425482011,0.15612514580203607,global_lstm_seed_ensemble_seed=0,20265608,0,20265608
41011,global_lstm,global LSTM,15.55920602327173,0.7827363830639223,0.49933210738361244,0.6125675442517637,13.104406303737061,32.83627004854464,0.39893646870770394,0.5913038144068186,1.2158342144435315,global_lstm_seed_ensemble_seed=0,20265608,0,20265608
41012,global_lstm,global LSTM,15.468856947296372,0.6019946780098296,0.3488084413090323,0.144530230178047,8.198502226032563,25.10135507424801,0.4859626481914409,0.34704333527139647,0.9770097512865064,global_lstm_seed_ensemble_seed=0,20265608,0,20265608
41013,global_lstm,global LSTM,15.381245722108146,0.6097167877027203,0.4416990837895942,0.3525313413729816,7.369078113515271,39.76901076327615,0.7321316280907572,1.1278151436383126,1.6611816855597097,global_lstm_seed_ensemble_seed=0,20265608,0,20265608
41014,global_lstm,global LSTM,15.238877481177276,0.4160194713318188,0.5270584684960855,0.3567549316274876,9.940338814166896,54.161240512880205,0.7362874154251813,0.8308735840759576,0.30601676272747613,global_lstm_seed_ensemble_seed=0,20265608,0,20265608
41016,global_lstm,global LSTM,15.597535934291582,0.7038828846938405,0.5243231009468252,0.46245615478074276,8.841911866310628,33.82552315014713,0.5826983405129543,1.015337350694514,1.533172874932181,global_lstm_seed_ensemble_seed=0,20265608,0,20265608
41019,global_lstm,global LSTM,15.509924709103354,0.6458516204082344,0.5299775488402085,0.3928799429582961,6.228551391717827,54.91384102468853,0.9452947699421748,0.06249912243034794,1.2824970157455096,global_lstm_seed_ensemble_seed=0,20265608,0,20265608
41020,global_lstm,global LSTM,15.279945242984258,0.6812255676754335,0.49002685244143407,0.3780439921053874,7.347396971627009,24.125437189446227,0.5163416872380552,0.9250427620835651,1.383811961537301,global_lstm_seed_ensemble_seed=0,20265608,0,20265608
41022,global_lstm,global LSTM,15.597535934291582,0.7504004480166538,0.5911147107818783,0.57192346574977,6.368920326471463,33.22568251712517,0.7174080949111237,0.37022452217160395,1.322762815029465,global_lstm_seed_ensemble_seed=0,20265608,0,20265608
41023,global_lstm,global LSTM,15.545516769336071,-5.199408066979901,-4.277286011117968,-1.2844738186163713,51.47498254624672,37.372572993506196,0.1390432092354448,1.2296261036415257,1.156129620221804,global_lstm_seed_ensemble_seed=0,20265608,0,20265608
41025,global_lstm,global LSTM,15.21697467488022,0.5338100648504696,0.376840012142015,0.21703793798965865,3.6655955957387265,40.478863038629754,1.0430837556003956,0.4272510879476194,1.0732375751699808,global_lstm_seed_ensemble_seed=0,20265608,0,20265608
41027,global_lstm,global LSTM,14.959616700889802,0.6433179734784353,0.4574668186454721,0.4011736473336929,8.642167333517653,33.37274578788865,0.5867692692308654,0.7956460403865533,1.5234446364723802,global_lstm_seed_ensemble_seed=0,20265608,0,20265608
41028,global_lstm,global LSTM,15.241615331964407,0.6702298749334608,0.5144296869716685,0.5306486437657614,7.11843824802587,24.757230089486775,0.541317331028655,0.8142015484171498,1.3732790945311077,global_lstm_seed_ensemble_seed=0,20265608,0,20265608
41029,global_lstm,global LSTM,13.193702943189596,0.7120170227424316,0.4634637392851464,0.4061773939914064,9.98548260389911,44.88610064705693,0.652742819529919,1.1128775770497237,1.6165169502485721,global_lstm_seed_ensemble_seed=0,20265608,0,20265608
42001,global_lstm,global LSTM,15.425051334702259,0.19647866184193774,0.041704072816087345,0.0003855341426231007,14.741597476181719,59.04782260204979,0.6026593390837212,0.815546461670764,1.4515124056137596,global_lstm_seed_ensemble_seed=0,20265608,0,20265608
42003,global_lstm,global LSTM,15.457905544147843,0.742078733108586,0.5817597105747774,0.5467797967158008,7.397000967423645,35.379727407908646,0.6796988069529895,0.35387228753532285,1.184395010693018,global_lstm_seed_ensemble_seed=0,20265608,0,20265608
42004,global_lstm,global LSTM,15.578370978781656,-3.3079171842588933,-2.777568402738633,-0.3859955220464477,77.20229317971317,56.47178579774815,0.1357986790262236,0.9027869059968442,0.576430223389753,global_lstm_seed_ensemble_seed=0,20265608,0,20265608
42006,global_lstm,global LSTM,15.597535934291582,-0.5033753504179301,-0.6017924424793926,0.32863049863336613,58.53842482873409,54.69483859687692,0.029494687037395155,0.6744964535532522,0.5824772823354798,global_lstm_seed_ensemble_seed=0,20265608,0,20265608
42008,global_lstm,global LSTM,15.597535934291582,-6.528691639320091,-3.9042354376892794,-0.6130997411280752,61.588988861133004,33.484048289647134,0.2646651145244148,0.813349858608055,0.9043036876500979,global_lstm_seed_ensemble_seed=0,20265608,0,20265608
42010,global_lstm,global LSTM,15.523613963039015,-2.450198930803736,-2.5045268006756918,-0.08435931588526624,77.19777466321167,31.449703396043354,0.38998822740921724,0.9627063934704205,0.5727105372195638,global_lstm_seed_ensemble_seed=0,20265608,0,20265608
42011,global_lstm,global LSTM,15.02258726899384,0.08123171023802267,0.10620257003705624,0.5530616150343381,23.425638572774943,61.02921185169833,0.41584632299156443,0.8474621213820436,1.5086818359300047,global_lstm_seed_ensemble_seed=0,20265608,0,20265608
42016,global_lstm,global LSTM,13.796030116358658,-3.8877193844530424,-3.8956328494728263,-0.2670137343617287,142.27334360560533,59.14578951855718,0.3811997046783678,0.8885377555220885,0.6970956867257739,global_lstm_seed_ensemble_seed=0,20265608,0,20265608
42017,global_lstm,global LSTM,11.301848049281315,0.5472364324359632,0.5072525986157458,0.4300796289779859,18.235727498592958,78.76941189132053,0.6354345091506882,0.6332603974188038,1.4763477303141608,global_lstm_seed_ensemble_seed=0,20265608,0,20265608
42024,global_lstm,global LSTM,10.001368925393566,-3.5648486288463292,-2.5098911100002534,-0.2165499519828109,131.08009167980515,69.31677247415165,0.2766984035602193,1.0615478023536347,0.6757868556536339,global_lstm_seed_ensemble_seed=0,20265608,0,20265608
42026,global_lstm,global LSTM,6.787132101300479,0.11865353407856483,-0.5109980141921506,0.23681897815536979,65.62898670313531,48.29303602769503,0.13321118994463754,0.6187830526573399,0.8195161190626449,global_lstm_seed_ensemble_seed=0,20265608,0,20265608
42027,global_lstm,global LSTM,6.822724161533197,-1.74372364811504,-2.0504220262312014,-0.010217749762549744,103.7723879365336,48.5398427369529,0.3299834455872199,0.8698082374216397,0.8692373249485479,global_lstm_seed_ensemble_seed=0,20265608,0,20265608
43005,global_lstm,global LSTM,15.597535934291582,0.16875394462636273,-0.025632397669811846,0.5184633638936252,64.00882723825421,59.49941450284268,0.0317271780547883,0.29402845277289447,0.27017570646462485,global_lstm_seed_ensemble_seed=0,20265608,0,20265608
43006,global_lstm,global LSTM,15.594798083504449,0.46065524587536566,0.19806480986000252,0.5603384323854714,41.71684687121152,55.90928142218448,0.1271724352419476,0.5062440394012321,0.8335210061187843,global_lstm_seed_ensemble_seed=0,20265608,0,20265608
43007,global_lstm,global LSTM,14.921286789869953,0.709455531847007,0.5008880761853242,0.6349982658249614,28.550565741418836,35.436071430716474,0.0938308500540716,0.3057249100435584,0.15889793299186694,global_lstm_seed_ensemble_seed=0,20265608,0,20265608
43008,global_lstm,global LSTM,15.597535934291582,-0.8875005235016549,-0.6487355047416161,0.29469874567952914,52.85186595411299,58.08022537466827,0.04096796809601415,0.4814163320086621,0.5411356521054763,global_lstm_seed_ensemble_seed=0,20265608,0,20265608
43009,global_lstm,global LSTM,15.597535934291582,0.680528721375443,0.5566047584774598,0.46477388861647073,9.756995288345665,35.69607906400314,0.563304419599755,0.5780692731174941,0.45523071806843063,global_lstm_seed_ensemble_seed=0,20265608,0,20265608
43014,global_lstm,global LSTM,15.268993839835728,-0.9135159635735384,-1.0681640264289434,-0.03380668879950943,70.21072925372576,58.52100488858515,0.07909170895050666,1.2168574997763035,1.0562082204641068,global_lstm_seed_ensemble_seed=0,20265608,0,20265608
43017,global_lstm,global LSTM,15.290896646132786,0.7679410317965777,0.5932881761329158,0.7824428529006328,33.47203655316744,62.06025539236842,0.2681314213514126,0.08384354608527134,0.7261576401798432,global_lstm_seed_ensemble_seed=0,20265608,0,20265608
43018,global_lstm,global LSTM,14.3709787816564,0.03218603710875467,-0.14558413102172696,0.4809933324001915,55.97530395016957,34.96037937701626,0.20442032371972596,0.7816337696591241,0.5991352190562957,global_lstm_seed_ensemble_seed=0,20265608,0,20265608
43021,global_lstm,global LSTM,14.283367556468173,0.22750275833853162,-0.22715927342602305,0.43391023099194326,55.30018913430317,61.915619400881276,0.049073605288364144,0.42041535405723385,0.3749786585324342,global_lstm_seed_ensemble_seed=0,20265608,0,20265608
44001,global_lstm,global LSTM,15.597535934291582,-0.6450303687080094,-1.0277862409641116,0.04534632283854778,52.586876827728055,30.93264404054818,0.23046033458631968,0.24816524338867751,0.14265011663459104,global_lstm_seed_ensemble_seed=0,20265608,0,20265608
44002,global_lstm,global LSTM,15.597535934291582,-1.0702540836226793,-0.4844588528339271,0.33381782562298457,58.509133106010566,30.823329323001154,0.27834411707869117,0.7448329547200303,0.2262614712132457,global_lstm_seed_ensemble_seed=0,20265608,0,20265608
44006,global_lstm,global LSTM,15.597535934291582,-1.9778485286064607,-0.9708623347799521,0.13909611072687478,51.65926017816728,30.115918197426762,0.234352073455316,1.367951141271345,1.2872883650256721,global_lstm_seed_ensemble_seed=0,20265608,0,20265608
44009,global_lstm,global LSTM,14.149212867898699,-0.413151614756734,-0.8403563995550276,-0.03562048706599619,69.08186924511797,36.91661940707729,0.27214215616534404,0.9529163965119429,1.0741867939022445,global_lstm_seed_ensemble_seed=0,20265608,0,20265608
44011,global_lstm,global LSTM,7.972621492128679,0.7019825997449705,0.2003826871618385,0.4573811059588997,13.499492069507763,51.21624666806802,0.5790903203742447,0.3415486621233266,1.3473199581160729,global_lstm_seed_ensemble_seed=0,20265608,0,20265608
45001,global_lstm,global LSTM,15.597535934291582,0.8819990826888983,0.6457214794337567,0.6223336937548338,11.225968747451525,46.54175563196097,0.6176189327347765,0.08347416905466698,0.5723218411490324,global_lstm_seed_ensemble_seed=0,20265608,0,20265608
45003,global_lstm,global LSTM,15.597535934291582,0.8131986171396465,0.6026696172695136,0.595254459219503,9.154193264378407,36.72348979338775,0.6033238679606588,0.4130844334500987,1.1856140138285984,global_lstm_seed_ensemble_seed=0,20265608,0,20265608
45004,global_lstm,global LSTM,15.597535934291582,0.7705484144790522,0.5423016158676877,0.5357315829478215,6.3175318043119235,32.239169941546116,0.7078364145799859,0.3908409526228405,1.2410044568732659,global_lstm_seed_ensemble_seed=0,20265608,0,20265608
45005,global_lstm,global LSTM,15.597535934291582,0.7601500941837265,0.5963827031307489,0.6607083896415109,7.848020881986274,33.46689685248003,0.6298552952408497,0.4637821846072925,1.2602873474882184,global_lstm_seed_ensemble_seed=0,20265608,0,20265608
45009,global_lstm,global LSTM,15.597535934291582,0.8095601957700731,0.5697298463095162,0.667384052201645,11.622891567772184,43.23166251903466,0.570487750901192,0.7108861348526883,0.4063633312115944,global_lstm_seed_ensemble_seed=0,20265608,0,20265608
45012,global_lstm,global LSTM,15.58110882956879,0.7862456020160894,0.6135608074784672,0.5261333378089752,10.438695532199015,37.28609143911335,0.5529006296837629,0.524926029418414,1.3696095055310202,global_lstm_seed_ensemble_seed=0,20265608,0,20265608
46003,global_lstm,global LSTM,15.597535934291582,0.8745988972557275,0.5558609286273748,0.6398535900962339,10.534063604330836,37.93994734356968,0.5565007875153597,0.5691069222471383,0.8049997619761128,global_lstm_seed_ensemble_seed=0,20265608,0,20265608
46005,global_lstm,global LSTM,15.597535934291582,0.8218974899365008,0.5158949661156014,0.5570984530289385,5.074104954960063,41.433528706867826,0.911992475665033,0.5208909395082661,0.9767341440437912,global_lstm_seed_ensemble_seed=0,20265608,0,20265608
46008,global_lstm,global LSTM,12.88432580424367,0.8854366618560191,0.5859899041906669,0.6609680381889178,13.008983203409576,40.890522718330544,0.49737930938459113,0.40004056427774487,0.7276363962999222,global_lstm_seed_ensemble_seed=0,20265608,0,20265608
47001,global_lstm,global LSTM,15.597535934291582,0.8754246748815054,0.5944183957334648,0.5704657027179407,11.227923311116287,56.23750666846368,0.6997266200134952,0.2262882539438149,0.9306251852472958,global_lstm_seed_ensemble_seed=0,20265608,0,20265608
47004,global_lstm,global LSTM,15.597535934291582,0.8423902557040291,0.5352878949830662,0.5913687569759503,15.439230473002377,52.648658915149014,0.5327616628666069,0.14831524432226306,0.6476444697076675,global_lstm_seed_ensemble_seed=0,20265608,0,20265608
47005,global_lstm,global LSTM,12.542094455852157,0.7738856691740985,0.5371405618278497,0.5057778941560822,11.368243378930757,71.75320299886917,0.8001479296717146,0.5545026529414222,1.3392219591070325,global_lstm_seed_ensemble_seed=0,20265608,0,20265608
47008,global_lstm,global LSTM,15.597535934291582,0.8159538862775123,0.5981185853032023,0.6845434208034048,11.224049921801917,55.41247208342295,0.6934579358524684,0.5537194994257331,1.2091852276446882,global_lstm_seed_ensemble_seed=0,20265608,0,20265608
47009,global_lstm,global LSTM,15.597535934291582,0.8066630732668209,0.5286024302091779,0.6502887374354342,15.672327200604878,51.77790086623571,0.5190109495652482,0.9214066971494023,0.5208833936917914,global_lstm_seed_ensemble_seed=0,20265608,0,20265608
47011,global_lstm,global LSTM,9.83709787816564,0.8249315345645969,0.4154618669225757,0.6039968418275379,8.921552838348441,56.56108264042805,0.802077261777296,0.32572153486860944,0.9175369553615773,global_lstm_seed_ensemble_seed=0,20265608,0,20265608
47014,global_lstm,global LSTM,13.763175906913073,0.8451383312155627,0.46375951184817144,0.5073955531764679,7.891577832528665,65.81871069991308,0.9211855265917599,0.39406720556462405,1.0384304942561695,global_lstm_seed_ensemble_seed=0,20265608,0,20265608
47018,global_lstm,global LSTM,10.121834360027378,0.7235017428419025,0.44716378785910016,0.39551578457048997,5.526553205914527,55.207618211643506,0.9995446555721779,0.4534057338836023,1.1990183116335222,global_lstm_seed_ensemble_seed=0,20265608,0,20265608
48003,global_lstm,global LSTM,13.292265571526352,0.7738261816384853,0.5121301182576555,0.6646128993808135,26.89411062983871,45.15110655044226,0.22501121131652613,0.11655978817804791,0.5798409454434532,global_lstm_seed_ensemble_seed=0,20265608,0,20265608
48004,global_lstm,global LSTM,15.597535934291582,0.7401607078277193,0.46913772726579717,0.6403064072981807,18.259646069757306,56.616424367071296,0.4914500825873006,0.45748075455238624,1.0609364573945304,global_lstm_seed_ensemble_seed=0,20265608,0,20265608
48005,global_lstm,global LSTM,15.597535934291582,0.8248814717860572,0.5467207560393932,0.5636160384165694,24.117124857613824,33.61895349370196,0.14425865860580755,0.5737989344374674,0.9907574620950874,global_lstm_seed_ensemble_seed=0,20265608,0,20265608
48011,global_lstm,global LSTM,15.597535934291582,0.7914856003081503,0.5263560574034218,0.7378955638409684,15.737184814230131,53.691964791938425,0.5329822516170739,0.19118114167144573,0.7362731864620876,global_lstm_seed_ensemble_seed=0,20265608,0,20265608
49001,global_lstm,global LSTM,14.532511978097194,0.8503070114991799,0.846168984052147,0.825366841984567,17.03457954781384,13.562137539518073,0.09900327422811511,1.2688289961829409,1.1162844064333455,global_lstm_seed_ensemble_seed=0,20265608,0,20265608
49002,global_lstm,global LSTM,15.553730321697467,0.5115746933729495,0.3484019995421501,0.571280257550459,33.6482382722635,34.48089689351586,0.010616223161076247,0.8880707348653057,0.9488536238866793,global_lstm_seed_ensemble_seed=0,20265608,0,20265608
49004,global_lstm,global LSTM,15.597535934291582,0.8201654871706123,0.5635834371245942,0.5551014554928039,24.11427685990475,42.152898696976926,0.24255320198335584,1.095671346279302,1.6551177542043383,global_lstm_seed_ensemble_seed=0,20265608,0,20265608
50001,global_lstm,global LSTM,15.597535934291582,0.8723590376158391,0.6241423347512718,0.5974983481189892,9.986902733364568,51.74999407293841,0.7144794842673075,0.19232347750497214,0.9523470024796377,global_lstm_seed_ensemble_seed=0,20265608,0,20265608
50002,global_lstm,global LSTM,15.422313483915127,0.8230792705860082,0.598193959205596,0.540306146526585,6.616952964778483,36.36192114856848,0.7399887731411365,0.33838111454974773,1.097740728693987,global_lstm_seed_ensemble_seed=0,20265608,0,20265608
50006,global_lstm,global LSTM,15.597535934291582,0.8667717509243862,0.5869560728644097,0.5897157881819471,9.79318068305884,49.02970877047156,0.6995355463427911,0.1715136329671343,0.6070930442023337,global_lstm_seed_ensemble_seed=0,20265608,0,20265608
50007,global_lstm,global LSTM,14.642026009582478,0.8691241369001789,0.5879042627714177,0.5221762197354041,10.970442328327985,54.645821411660734,0.6973328197830365,0.7672013154851784,1.246894758334029,global_lstm_seed_ensemble_seed=0,20265608,0,20265608
50008,global_lstm,global LSTM,10.379192334017796,0.7684513542130789,0.4549001656913313,0.4200352151390694,5.779320327174734,79.89357723632595,1.1406351006047155,0.48305355399128413,1.13265248494882,global_lstm_seed_ensemble_seed=0,20265608,0,20265608
50011,global_lstm,global LSTM,11.693360711841205,0.8625655934643459,0.5235848020216249,0.5566073308388322,9.903865307937085,71.28257761444202,0.8571786702898062,0.7514172453934299,0.9697332204186371,global_lstm_seed_ensemble_seed=0,20265608,0,20265608
5003,global_lstm,global LSTM,9.897330595482547,0.4666161555410372,-0.08742271535967361,0.4830098172447018,12.171939631395968,38.18136784916865,0.4964916932138199,0.28018923489583825,0.3835540565300858,global_lstm_seed_ensemble_seed=0,20265608,0,20265608
51001,global_lstm,global LSTM,15.529089664613279,0.7528868378012569,0.6129919164113142,0.6991910008973886,28.041622412072275,49.6710361017362,0.24830008203705461,0.7352305260843692,1.2292365673248455,global_lstm_seed_ensemble_seed=0,20265608,0,20265608
52004,global_lstm,global LSTM,15.597535934291582,0.7200860612595823,0.5397896922499523,0.4956393450367188,10.071742624891558,33.0737036938167,0.5163782120495256,0.46076606046554025,1.3193925503419348,global_lstm_seed_ensemble_seed=0,20265608,0,20265608
52005,global_lstm,global LSTM,15.597535934291582,0.877925348341904,0.6922431772596698,0.772858902516437,17.179993845257094,45.958984272348914,0.4273474179830432,0.4699760572841285,1.138994065582075,global_lstm_seed_ensemble_seed=0,20265608,0,20265608
52006,global_lstm,global LSTM,15.597535934291582,0.8016260899160755,0.6211043270435533,0.6183029572518297,10.563629887858324,34.64104405205312,0.5157777961520607,0.3888891136030569,1.2020087646373145,global_lstm_seed_ensemble_seed=0,20265608,0,20265608
52007,global_lstm,global LSTM,15.597535934291582,0.7041565049723324,0.4739070733593307,0.3346670886495775,9.72932825338511,30.773538544902003,0.5000945810653726,0.2499376809450783,1.118116945762442,global_lstm_seed_ensemble_seed=0,20265608,0,20265608
52009,global_lstm,global LSTM,15.446954140999315,0.7637776989514452,0.47033823208892256,0.5262275492921196,24.32990609923466,72.01555633381787,0.4712858872614124,0.262238193943261,0.7624211259511469,global_lstm_seed_ensemble_seed=0,20265608,0,20265608
52010,global_lstm,global LSTM,15.509924709103354,0.7288364028772867,0.4960032505359431,0.3884267675762192,11.611837866591253,67.19275818623927,0.7624215055012918,0.4006996810383592,1.353992196505856,global_lstm_seed_ensemble_seed=0,20265608,0,20265608
52011,global_lstm,global LSTM,15.597535934291582,0.6085917305065136,0.5326036678442375,0.4008065898731923,15.782010309120777,40.52453185785592,0.40955568381428276,0.5896081980446612,0.4082561506270226,global_lstm_seed_ensemble_seed=0,20265608,0,20265608
52015,global_lstm,global LSTM,13.790554414784394,0.6393997732901241,0.5883299942613636,0.5661927121085544,26.284958585773147,39.16898442221653,0.17323501417178172,0.9037375751661014,1.2692700222932056,global_lstm_seed_ensemble_seed=0,20265608,0,20265608
52016,global_lstm,global LSTM,15.397672826830938,0.6826217962352364,0.45437606525591023,0.6445124863849205,34.3031531338419,42.11806111269057,0.08913432833443152,0.7561309972161416,0.9175800751277051,global_lstm_seed_ensemble_seed=0,20265608,0,20265608
53005,global_lstm,global LSTM,15.548254620123203,0.8825583207864557,0.6099477814552141,0.5886149013397215,21.438148142474894,58.783028162181424,0.43806468698682743,0.5623236013323039,1.1291556168171164,global_lstm_seed_ensemble_seed=0,20265608,0,20265608
53006,global_lstm,global LSTM,15.597535934291582,0.6956776215542644,0.614743034179957,0.5025764967454025,8.399994631122155,40.83956797064257,0.6868021306885022,0.2818267238640514,0.8902567731940253,global_lstm_seed_ensemble_seed=0,20265608,0,20265608
53007,global_lstm,global LSTM,15.597535934291582,0.8745742848191221,0.6574147426263703,0.6782963756012019,14.876157459217513,63.3611449221445,0.6293322496843862,0.5146327043500161,1.2379819429554675,global_lstm_seed_ensemble_seed=0,20265608,0,20265608
53008,global_lstm,global LSTM,15.597535934291582,0.8268992173043135,0.646376860686733,0.6222740156334334,21.657665217825524,39.68263302226444,0.2629888446020393,0.3499774119368033,1.1238623964307362,global_lstm_seed_ensemble_seed=0,20265608,0,20265608
53009,global_lstm,global LSTM,15.594798083504449,0.8476474965940928,0.6055872045543375,0.6100257870407969,21.388632558422657,38.21732375093175,0.25207725172587236,0.29990177706396604,0.7993595605595275,global_lstm_seed_ensemble_seed=0,20265608,0,20265608
53013,global_lstm,global LSTM,15.597535934291582,0.6967401329875669,0.4746257993748082,0.40759240995808577,19.74960426457942,43.104430560819026,0.33896351432399774,0.5187889254499425,1.4696333664712766,global_lstm_seed_ensemble_seed=0,20265608,0,20265608
53017,global_lstm,global LSTM,14.67214236824093,0.7269234723656979,0.5905436055963416,0.5405791802568172,14.528473239356892,43.87840827305823,0.48003088699997903,0.6946196976750632,1.4929029231612985,global_lstm_seed_ensemble_seed=0,20265608,0,20265608
53018,global_lstm,global LSTM,15.496235455167694,0.7998135260105008,0.6596763338057932,0.5874931441572779,24.548797761197417,41.25870450401011,0.22548535920235188,0.09854350428453829,0.2809936026925872,global_lstm_seed_ensemble_seed=0,20265608,0,20265608
53022,global_lstm,global LSTM,10.140999315537304,0.8244700664373121,0.5753248216794553,0.5587095218120544,21.76421315371412,75.28766885748254,0.5389808795933659,0.6019802024184924,0.21205941794795913,global_lstm_seed_ensemble_seed=0,20265608,0,20265608
53023,global_lstm,global LSTM,13.705681040383299,0.741035720634742,0.5430990747496101,0.6480460323621249,30.597995291006292,44.37608934506121,0.1614560538066912,0.7352610043385026,0.7647624622047755,global_lstm_seed_ensemble_seed=0,20265608,0,20265608
53028,global_lstm,global LSTM,12.2217659137577,0.6501915970578329,0.4066434927360164,0.45336470299737464,32.18153037059532,75.50061107350687,0.37034377382918154,1.4346552765979594,0.6839662746258193,global_lstm_seed_ensemble_seed=0,20265608,0,20265608
54001,global_lstm,global LSTM,15.597535934291582,0.7268746509557862,0.40630334108469823,0.5781207423295207,16.047760994219463,39.5267735761164,0.39147691834084564,1.6064832233592146,0.6812599149483538,global_lstm_seed_ensemble_seed=0,20265608,0,20265608
54002,global_lstm,global LSTM,15.526351813826146,0.7175535286200637,0.5308443843599175,0.4634606168676081,15.723058226255215,38.84581794601742,0.3928072477579279,1.2647731982536774,0.3841048484868752,global_lstm_seed_ensemble_seed=0,20265608,0,20265608
54003,global_lstm,global LSTM,15.575633127994525,-0.04239632736274834,0.13728658862669885,0.5238802997574514,7.527525553273721,40.219612083398914,0.7277856390647601,0.26499627239945744,0.30258482695718225,global_lstm_seed_ensemble_seed=0,20265608,0,20265608
54004,global_lstm,global LSTM,15.211498973305956,0.45862367242190727,0.24025542046665238,0.23817465905302393,9.242274323648212,72.37822546559089,0.893829076237587,0.795520166452578,0.8207027374159139,global_lstm_seed_ensemble_seed=0,20265608,0,20265608
54005,global_lstm,global LSTM,15.597535934291582,0.7888944970225823,0.4689713956535748,0.6306459035803986,9.744089400482348,44.64980012257003,0.6610782591939754,1.3868845837452035,0.39736344179297967,global_lstm_seed_ensemble_seed=0,20265608,0,20265608
54007,global_lstm,global LSTM,15.553730321697467,0.6122150834588945,0.41685943581381324,0.2937072500590935,7.214232085800011,39.0050016994323,0.7329301914608346,0.09092917938222134,0.9804882732698068,global_lstm_seed_ensemble_seed=0,20265608,0,20265608
54008,global_lstm,global LSTM,15.594798083504449,0.8505361596689619,0.5858178309523545,0.5733460099752761,17.423217549893657,35.9563607635758,0.31464736986854136,0.49299260671322553,0.15624451005337514,global_lstm_seed_ensemble_seed=0,20265608,0,20265608
54011,global_lstm,global LSTM,13.122518822724162,0.7574700473125182,0.4795820665008027,0.44254148613214506,18.14609908606346,51.387882866770894,0.4520774475271569,0.2867218295325751,1.3616638597036848,global_lstm_seed_ensemble_seed=0,20265608,0,20265608
54012,global_lstm,global LSTM,15.540041067761807,0.830132602656177,0.2794706115455241,0.6459005096799026,27.71645051116639,40.95846960422334,0.16960610917624633,0.893501431900624,0.5264373280010803,global_lstm_seed_ensemble_seed=0,20265608,0,20265608
54015,global_lstm,global LSTM,15.101984941820671,0.4267268095464257,0.26958637214027836,0.11345403173937962,9.591499648263232,46.656330636186645,0.6870240647925493,0.16060930038781063,1.31944759348182,global_lstm_seed_ensemble_seed=0,20265608,0,20265608
54016,global_lstm,global LSTM,13.6290212183436,0.7944927125342118,0.4328346289810091,0.5348963002947922,28.94828423012725,50.18731619494276,0.23897114395764665,0.6935917411905266,0.2640342564746827,global_lstm_seed_ensemble_seed=0,20265608,0,20265608
54017,global_lstm,global LSTM,15.5564681724846,0.6935585084681947,0.42122137312341246,0.3752032483855273,9.50625525999411,24.09223529648409,0.4038676243496887,0.2993612362866449,0.4603444028193442,global_lstm_seed_ensemble_seed=0,20265608,0,20265608
54018,global_lstm,global LSTM,15.170431211498974,0.8091828146753546,0.5669669925910615,0.5453853329161464,15.85782660594907,35.998709875428034,0.35604327192650453,0.20012764229095503,1.0750731325541507,global_lstm_seed_ensemble_seed=0,20265608,0,20265608
54019,global_lstm,global LSTM,15.586584531143053,0.6290740776165425,0.4397691114752955,0.412701194233415,17.381763961707815,45.785401835837,0.4206331820676358,0.6884385448793915,0.33263942043276984,global_lstm_seed_ensemble_seed=0,20265608,0,20265608
54020,global_lstm,global LSTM,15.597535934291582,0.8452069983468125,0.42617276498858536,0.6600738673574633,33.23827973964229,38.76920903274027,0.06684840203512116,0.38191974662133654,0.3177372571546613,global_lstm_seed_ensemble_seed=0,20265608,0,20265608
54022,global_lstm,global LSTM,11.72621492128679,0.8586708305635188,0.8793724721567655,0.875844317232224,2.6343093204455665,4.147602782003734,0.1971303886560044,0.2997772474941119,0.4484838858768362,global_lstm_seed_ensemble_seed=0,20265608,0,20265608
54024,global_lstm,global LSTM,15.597535934291582,-0.5856467646224346,-0.6088782371212944,0.20081210193885757,32.2395376203247,53.41866330517874,0.21930421195046937,0.37124567831007116,0.135346393605852,global_lstm_seed_ensemble_seed=0,20265608,0,20265608
54025,global_lstm,global LSTM,15.597535934291582,0.8816373247117624,0.5922371222006308,0.6242193157577969,4.533506956056714,39.77242709457504,0.943147807988251,0.28826493954949073,0.6465188748507191,global_lstm_seed_ensemble_seed=0,20265608,0,20265608
54027,global_lstm,global LSTM,15.589322381930184,0.15532945544635457,0.014501823232982658,0.5164086032685036,52.74056785725209,38.76801902606331,0.1336711915967648,0.8308149903952202,0.9055644396930282,global_lstm_seed_ensemble_seed=0,20265608,0,20265608
54028,global_lstm,global LSTM,15.597535934291582,0.8836471446744989,0.5011363164195131,0.5860302835880057,6.671494961929108,43.26963968732743,0.8119601163820578,0.17588879798999235,0.6752493263390715,global_lstm_seed_ensemble_seed=0,20265608,0,20265608
54029,global_lstm,global LSTM,15.597535934291582,0.8343338330884654,0.596679290657902,0.5893450847029966,18.436503600526294,35.959264629746556,0.2901322392467789,0.45250877782343046,0.14682792951562396,global_lstm_seed_ensemble_seed=0,20265608,0,20265608
54032,global_lstm,global LSTM,15.586584531143053,0.7297559460378706,0.3792118207134024,0.5846652137357626,20.86188946331962,47.98796838951944,0.36177872413963486,1.6479134608022228,0.8793376505285269,global_lstm_seed_ensemble_seed=0,20265608,0,20265608
54034,global_lstm,global LSTM,15.29637234770705,0.6788043637621498,0.4143626857271929,0.3679287706665212,6.990650468430725,30.870854319016168,0.6450310602927002,0.48708248089842154,0.949073814651516,global_lstm_seed_ensemble_seed=0,20265608,0,20265608
54036,global_lstm,global LSTM,15.143052703627653,0.7600818915720553,0.49982912503052834,0.49856723546844894,18.360628351026502,39.07470499356365,0.3280081679975092,0.6726182051616836,1.5539267987977823,global_lstm_seed_ensemble_seed=0,20265608,0,20265608
54038,global_lstm,global LSTM,14.699520876112253,0.8986957863005216,0.5289527561519518,0.5673918580402482,7.930793492443551,46.42627048224931,0.7674471557379119,0.24296436373100927,0.5549720512685573,global_lstm_seed_ensemble_seed=0,20265608,0,20265608
54044,global_lstm,global LSTM,15.011635865845312,0.5657555405708741,0.2127671011119353,0.5836564012512153,20.825595280463705,43.99804613685748,0.32483596662159336,0.2688419990336729,0.9045424891916883,global_lstm_seed_ensemble_seed=0,20265608,0,20265608
54048,global_lstm,global LSTM,13.908281998631075,0.5521392453737257,0.3789088897100378,0.28158798570051613,10.909580761043399,45.93905898736978,0.6243740332725838,0.7770721220485356,1.8281567895098336,global_lstm_seed_ensemble_seed=0,20265608,0,20265608
54049,global_lstm,global LSTM,12.843258042436688,0.5974915830884102,0.45697956475361634,0.4212246912758908,16.96044696979476,49.513613159405445,0.465287325961991,0.6247933340851052,0.4480609380448616,global_lstm_seed_ensemble_seed=0,20265608,0,20265608
54052,global_lstm,global LSTM,15.586584531143053,0.790724271709684,0.4154706631991838,0.5831692563852691,25.51465893584253,44.11783666919941,0.23782444120811175,0.24798153313416071,0.9106791729381193,global_lstm_seed_ensemble_seed=0,20265608,0,20265608
54057,global_lstm,global LSTM,15.274469541409994,0.7316708427558344,0.3879425664199616,0.5554346868813577,23.32239981355167,39.056453653874996,0.22391957043391691,1.547619511539189,1.0884363083492374,global_lstm_seed_ensemble_seed=0,20265608,0,20265608
54060,global_lstm,global LSTM,10.976043805612594,0.5541995858987583,0.5498761794131473,0.4642003785589961,18.775672684780336,27.466619794968288,0.1652097102300903,0.5514069619386934,1.2085765951771048,global_lstm_seed_ensemble_seed=0,20265608,0,20265608
54063,global_lstm,global LSTM,11.668720054757015,0.5463293557342856,0.36778091743649854,0.4871509890481882,12.504276059677213,55.675509265032325,0.6486056450922181,0.4407970612961777,1.7578624467522002,global_lstm_seed_ensemble_seed=0,20265608,0,20265608
54080,global_lstm,global LSTM,12.714579055441478,0.7497639315378383,0.3955419580590299,0.554337138167594,6.6534437555279835,67.57349611234288,1.0067298990508415,0.4607001080177969,0.39058997910510207,global_lstm_seed_ensemble_seed=0,20265608,0,20265608
54095,global_lstm,global LSTM,11.572895277207392,0.7148340175650573,0.2974488394400818,0.4397986258542601,16.759601307295537,48.73046757747378,0.46353689551050553,1.6508998614531971,0.5008059319206328,global_lstm_seed_ensemble_seed=0,20265608,0,20265608
54096,global_lstm,global LSTM,10.351813826146476,0.749693708650824,0.5314990734096999,0.5441950006978842,17.679657435392233,90.10054815241651,0.7072535873604943,0.13971460124045315,1.555995787394141,global_lstm_seed_ensemble_seed=0,20265608,0,20265608
55002,global_lstm,global LSTM,15.548254620123203,0.8366834891215812,0.5177400868299704,0.5871964045340634,8.768061036124468,44.103860288743874,0.7015730393682003,0.3536207598776294,0.510768908408869,global_lstm_seed_ensemble_seed=0,20265608,0,20265608
55007,global_lstm,global LSTM,15.597535934291582,0.8903700786393295,0.5877077693966692,0.6134347935981621,5.972452979082226,46.477104195910684,0.8910863218081524,0.17897604178935023,0.7017570306826444,global_lstm_seed_ensemble_seed=0,20265608,0,20265608
55008,global_lstm,global LSTM,15.416837782340862,0.8217705919404561,0.5581085426024619,0.5512856368032036,2.774400566777389,45.36126098218438,1.2135159543390905,0.16156402733927283,0.5856505551030242,global_lstm_seed_ensemble_seed=0,20265608,0,20265608
55013,global_lstm,global LSTM,15.597535934291582,0.8372779639280192,0.6257558542377151,0.6555904847840921,15.625465502810437,42.40320900040996,0.43356576007763825,0.2125914389650272,0.6799099412556243,global_lstm_seed_ensemble_seed=0,20265608,0,20265608
55014,global_lstm,global LSTM,15.597535934291582,0.8032773741246597,0.4849853860384581,0.5715207149000585,18.955975830934076,44.30108099639935,0.36866817733036644,0.5933289136275062,0.1861244354806907,global_lstm_seed_ensemble_seed=0,20265608,0,20265608
55016,global_lstm,global LSTM,15.457905544147843,0.8089947465110492,0.5052551816997439,0.44265846849988155,6.68197244826841,37.44690679438383,0.7485112691537956,0.1616260289755399,0.9400723730138159,global_lstm_seed_ensemble_seed=0,20265608,0,20265608
55018,global_lstm,global LSTM,15.589322381930184,0.7198815611766509,0.5694352566216857,0.6229711653652306,13.817239828469042,36.18608686196915,0.4181203255582457,0.13734013620917063,0.7474519892392724,global_lstm_seed_ensemble_seed=0,20265608,0,20265608
55021,global_lstm,global LSTM,14.85284052019165,0.8044898190625996,0.5395649890454396,0.5999745777116374,25.852497989537643,41.357875487244954,0.20405570835909337,0.4316677160649439,0.3954845213606456,global_lstm_seed_ensemble_seed=0,20265608,0,20265608
55023,global_lstm,global LSTM,15.597535934291582,0.786552572936154,0.4992239135917045,0.6166720130210397,13.05862413447599,44.477387802422534,0.5322418510244068,0.989793158961976,0.45589395170183833,global_lstm_seed_ensemble_seed=0,20265608,0,20265608
55025,global_lstm,global LSTM,15.455167693360712,0.866820680240395,0.5641708769576261,0.5781320015920659,16.032854668105152,34.554757553955206,0.33349699431352425,0.7068654100899805,1.6223410193149728,global_lstm_seed_ensemble_seed=0,20265608,0,20265608
55026,global_lstm,global LSTM,15.597535934291582,0.8595842249696638,0.5714395867120506,0.5699682658693964,4.296172503803402,45.01027519294761,1.02022995699789,0.2382918998280087,0.6357433543373601,global_lstm_seed_ensemble_seed=0,20265608,0,20265608
55029,global_lstm,global LSTM,15.597535934291582,0.8029940968055276,0.5720379236081621,0.5482394922949975,10.649172872125565,31.978432256347162,0.4775412914689943,0.4945052474537776,1.4604156125328838,global_lstm_seed_ensemble_seed=0,20265608,0,20265608
55032,global_lstm,global LSTM,15.550992470910336,0.3728351437115398,0.4092637303153245,0.6083013569766191,5.201516984966788,48.51077132846835,0.9697081590619456,0.29947321870613197,0.6088090871460061,global_lstm_seed_ensemble_seed=0,20265608,0,20265608
56001,global_lstm,global LSTM,15.597535934291582,0.8859812702986076,0.5490198263024089,0.5715887163705411,9.812592417541156,41.257828256408736,0.623722603627511,0.16614694073224268,0.8827370048964632,global_lstm_seed_ensemble_seed=0,20265608,0,20265608
56002,global_lstm,global LSTM,14.754277891854894,0.8856046005154773,0.5194581800767246,0.6307502460032386,11.118473582940092,40.92446050882794,0.5659377944470401,0.12587682518245513,0.6945303590703616,global_lstm_seed_ensemble_seed=0,20265608,0,20265608
56007,global_lstm,global LSTM,15.449691991786448,0.844363785990492,0.5469864464049725,0.5538287143052462,5.144939911281147,31.36365639086056,0.7850463803120383,0.4572661751458247,0.789945637723787,global_lstm_seed_ensemble_seed=0,20265608,0,20265608
56012,global_lstm,global LSTM,14.480492813141684,0.7795694305554026,0.5662162259208698,0.7056217712284872,17.453106100503824,39.189768923245325,0.35129997388536555,0.19417956244485468,0.9010831227070938,global_lstm_seed_ensemble_seed=0,20265608,0,20265608
56013,global_lstm,global LSTM,15.07460643394935,0.8709297657168742,0.5600761943757098,0.5558895080432769,6.886860299353922,44.939500743693614,0.8146069699385299,0.3480185831967,0.9927127646051646,global_lstm_seed_ensemble_seed=0,20265608,0,20265608
57004,global_lstm,global LSTM,15.597535934291582,0.9001736685010154,0.549566398478956,0.5666572773475806,6.413994540861153,30.239528564392877,0.6734464302596774,0.1428633136448988,0.6330466744503174,global_lstm_seed_ensemble_seed=0,20265608,0,20265608
57005,global_lstm,global LSTM,15.597535934291582,0.9036989817251314,0.5496119330110931,0.5535609383949002,6.914892311713428,39.993845507300236,0.7622077435688911,0.1451935170287939,0.5536361358337075,global_lstm_seed_ensemble_seed=0,20265608,0,20265608
57006,global_lstm,global LSTM,15.34839151266256,0.912222287862598,0.5323593951714498,0.5652344443295729,5.53426967517434,30.74964705695048,0.7447798176051045,0.18659335509851277,0.46004580301563386,global_lstm_seed_ensemble_seed=0,20265608,0,20265608
57007,global_lstm,global LSTM,14.822724161533197,0.8734544954040577,0.5100490244175492,0.5823618205489741,6.905865120664399,42.75807674913445,0.7918000706505386,0.20570938599909894,0.8126925784953122,global_lstm_seed_ensemble_seed=0,20265608,0,20265608
57008,global_lstm,global LSTM,14.921286789869953,0.907969454568945,0.5833325500722075,0.6131424665406446,9.28654442226982,36.679135828502304,0.5965649544844335,0.18515490216671426,0.7935656117312353,global_lstm_seed_ensemble_seed=0,20265608,0,20265608
57009,global_lstm,global LSTM,14.321697467488022,0.8619067884312341,0.529820566916527,0.5429688719405936,7.36998142932687,40.08306576726925,0.7354945377571926,0.14763720794510016,0.9086476376670622,global_lstm_seed_ensemble_seed=0,20265608,0,20265608
58001,global_lstm,global LSTM,15.597535934291582,0.8793237974128594,0.5445322418490817,0.6322246393182397,5.503612858501508,45.386517879589036,0.9162789876521509,0.16704561361748255,0.6972883768787053,global_lstm_seed_ensemble_seed=0,20265608,0,20265608
58002,global_lstm,global LSTM,14.042436687200547,0.8653627756950744,0.4216680129239231,0.38529356158607275,4.0702171887003855,46.68312443608854,1.0595423310660361,0.23188286723995538,0.8259398522774586,global_lstm_seed_ensemble_seed=0,20265608,0,20265608
58006,global_lstm,global LSTM,15.290896646132786,0.8938524728121482,0.5173837878663378,0.4914997956396716,4.496601722645278,40.979591878921134,0.9596832063708454,0.3580482756745824,0.7818049858246497,global_lstm_seed_ensemble_seed=0,20265608,0,20265608
58008,global_lstm,global LSTM,15.159479808350445,0.8154856867078327,0.45564095861729714,0.4049028134037893,3.324390832620588,45.31268468615549,1.134507717998594,0.17408385494532708,0.9893783150562564,global_lstm_seed_ensemble_seed=0,20265608,0,20265608
58009,global_lstm,global LSTM,15.268993839835728,0.8029183511867399,0.5449247248871841,0.6688768473441058,7.3078222916506235,42.51940369392338,0.764799187375361,0.3689683467998982,1.214022291506231,global_lstm_seed_ensemble_seed=0,20265608,0,20265608
58010,global_lstm,global LSTM,11.16769336071184,0.6765426902577028,0.3614356808189545,0.2672365816322546,1.75873034202255,74.4717488181214,1.6267922962886394,,1.0060155691761912,global_lstm_seed_ensemble_seed=0,20265608,0,20265608
58012,global_lstm,global LSTM,13.401779603011637,0.8812442527431947,0.4497656037339932,0.5110746028980231,4.829533205536343,51.391505071896525,1.0269861803783198,0.1839029597644859,0.6879111937489234,global_lstm_seed_ensemble_seed=0,20265608,0,20265608
59001,global_lstm,global LSTM,15.496235455167694,0.7989796533764321,0.4571265515791664,0.38605864233973786,3.211161507134671,46.27980154024804,1.1587293387209783,0.13281053061658366,0.9629060944689007,global_lstm_seed_ensemble_seed=0,20265608,0,20265608
60002,global_lstm,global LSTM,15.594798083504449,0.8418308361109963,0.4177396727572871,0.3697018389019855,6.1874103053441445,59.006714490612694,0.9793925173640297,0.3800942091708296,0.6499191633986833,global_lstm_seed_ensemble_seed=0,20265608,0,20265608
60003,global_lstm,global LSTM,15.597535934291582,0.8209574769969135,0.5329574969998139,0.552877513637134,8.3742031171687,46.58028584415084,0.7452586587534861,0.21140821239469798,0.8405351618729017,global_lstm_seed_ensemble_seed=0,20265608,0,20265608
60005,global_lstm,global LSTM,15.545516769336071,0.8105217239294406,0.5004714120005562,0.47229876988143815,5.387984289607073,47.13539437429108,0.9419208243767643,0.17980132055390374,0.7840120566673354,global_lstm_seed_ensemble_seed=0,20265608,0,20265608
60006,global_lstm,global LSTM,15.597535934291582,0.8674207833276809,0.41427061858089465,0.4818367432193491,9.354861673503505,57.62081741826748,0.7895420448106844,0.21092898952253658,0.5432511376446324,global_lstm_seed_ensemble_seed=0,20265608,0,20265608
60010,global_lstm,global LSTM,15.589322381930184,0.851632981191025,0.446690998010951,0.47610587265266135,7.169819512457054,58.09817551955873,0.908654271070804,0.628855808036068,0.3375874974520945,global_lstm_seed_ensemble_seed=0,20265608,0,20265608
60012,global_lstm,global LSTM,12.958247775496236,0.7975819364377985,0.4360536721945002,0.39725125983860265,3.9890575789505602,68.58044532640152,1.2353299958158324,0.08563814851281398,1.1695728012252697,global_lstm_seed_ensemble_seed=0,20265608,0,20265608
6007,global_lstm,global LSTM,15.019849418206707,0.5649984347436293,0.14440690383217147,0.5579975068694041,12.663549555642428,65.66660834829514,0.7147891315369623,1.6961809614637264,0.7224526476573889,global_lstm_seed_ensemble_seed=0,20265608,0,20265608
6008,global_lstm,global LSTM,12.848733744010952,0.7742443120532323,0.503774207602629,0.528745205124691,4.380087201644058,75.15786621985184,1.2344916848948344,1.1185015613518425,0.328718337336371,global_lstm_seed_ensemble_seed=0,20265608,0,20265608
61001,global_lstm,global LSTM,10.275154004106776,0.8164824833153128,0.8465650580843259,0.8273456380564229,12.324802398572965,9.980287985023852,0.09163689183528329,1.310349703153364,1.1707780026827026,global_lstm_seed_ensemble_seed=0,20265608,0,20265608
61002,global_lstm,global LSTM,15.572895277207392,0.8605096497528605,0.5582616090814345,0.5897486641089124,7.87593407443847,57.86563171544903,0.8661186264340968,0.39096409589316006,0.9797941520669853,global_lstm_seed_ensemble_seed=0,20265608,0,20265608
62001,global_lstm,global LSTM,15.597535934291582,0.8301567619599728,0.4737209881065719,0.506368659419891,8.867743770350062,60.67406107684891,0.8351899285346269,0.9830626511526784,0.26499289585035724,global_lstm_seed_ensemble_seed=0,20265608,0,20265608
63001,global_lstm,global LSTM,15.572895277207392,0.8239426321294714,0.5209906723292123,0.4543272686917399,4.167606330099104,60.82369147921341,1.164186085577647,0.4176272127859174,0.6515877305159048,global_lstm_seed_ensemble_seed=0,20265608,0,20265608
63004,global_lstm,global LSTM,11.50444900752909,0.6295702563273586,0.42117285013943273,0.3339601566325263,2.4294362791431916,82.659901044856,1.5317893684500954,0.21784242396070808,0.7679431657852651,global_lstm_seed_ensemble_seed=0,20265608,0,20265608
64001,global_lstm,global LSTM,14.395619438740589,0.8545945240374683,0.5369433370650937,0.5190628935994679,4.673914293734241,59.76377098650085,1.1067572484665962,0.40359323240880063,0.29836467825181223,global_lstm_seed_ensemble_seed=0,20265608,0,20265608
64002,global_lstm,global LSTM,15.523613963039015,0.7859430658832235,0.5136209498763356,0.5994401440214168,4.757370343549268,61.810584530353815,1.1136958897048512,0.601382780876832,0.20180896569794926,global_lstm_seed_ensemble_seed=0,20265608,0,20265608
64006,global_lstm,global LSTM,12.974674880219029,0.8106578088595497,0.86349030464095,0.8176312032837173,4.572203021264263,4.913883894736327,0.03129938446000866,0.20663725815015754,0.2921034909820911,global_lstm_seed_ensemble_seed=0,20265608,0,20265608
65001,global_lstm,global LSTM,15.597535934291582,0.7804663514381182,0.47140607370273935,0.4814463185991831,3.571088033111136,61.06822367804925,1.2330147312508777,0.2727114706700561,0.4852288958273285,global_lstm_seed_ensemble_seed=0,20265608,0,20265608
65004,global_lstm,global LSTM,14.124572210814511,0.8121697444671255,0.4205215032902223,0.5849438234473949,6.028863691743858,70.64070720509376,1.0688195735506696,1.1408394928462198,0.14544561141911594,global_lstm_seed_ensemble_seed=0,20265608,0,20265608
65005,global_lstm,global LSTM,14.921286789869953,0.7244813123225324,0.4752231630226994,0.5313319524798573,5.468226997118626,50.194628326453426,0.9628107080735351,0.3756883056018183,1.2309910612083836,global_lstm_seed_ensemble_seed=0,20265608,0,20265608
65006,global_lstm,global LSTM,13.560574948665298,0.7615246216233393,0.43222303473701806,0.512438628618936,6.869620994451691,71.48455913883204,1.0172794659769553,0.8878622699319814,0.1065944265254104,global_lstm_seed_ensemble_seed=0,20265608,0,20265608
65007,global_lstm,global LSTM,14.223134839151266,0.8590500045162837,0.4682271804022461,0.4877887803782974,4.2081016719654665,71.25868806594369,1.228751598088118,0.12979815946343987,0.5825138422246835,global_lstm_seed_ensemble_seed=0,20265608,0,20265608
65008,global_lstm,global LSTM,15.151266255989048,0.633685007429305,0.3638707807009254,0.26420810735961264,2.978471209301849,57.25502044305833,1.2838201676221086,0.12033602780520392,0.7080713849852281,global_lstm_seed_ensemble_seed=0,20265608,0,20265608
66001,global_lstm,global LSTM,15.597535934291582,0.8609608122565293,0.520523941001763,0.531006736676534,16.449964273291613,39.0224558554073,0.3751496389190753,0.8169584958732554,0.4434590416910361,global_lstm_seed_ensemble_seed=0,20265608,0,20265608
66004,global_lstm,global LSTM,15.189596167008897,0.14727770191957368,-0.11936275213163916,0.48268630212448516,38.28067635415983,37.02571755332908,0.014476118571913003,0.5854547285443805,0.579121586907469,global_lstm_seed_ensemble_seed=0,20265608,0,20265608
66006,global_lstm,global LSTM,14.590006844626968,0.8866317467884436,0.5171407217556971,0.45123316429374616,7.8737818723586495,35.02350082850402,0.6481761751512694,0.09685039479975843,0.954668697114953,global_lstm_seed_ensemble_seed=0,20265608,0,20265608
66011,global_lstm,global LSTM,15.597535934291582,0.7989280459107038,0.5153564004675949,0.45991964662788076,3.4630492638915906,53.75478090126695,1.1909584263759794,0.059490727994259196,0.7360493582723069,global_lstm_seed_ensemble_seed=0,20265608,0,20265608
67001,global_lstm,global LSTM,15.496235455167694,0.5423425600459089,0.28646367353117586,0.597632312137774,7.19249908145706,41.128877129195104,0.7572670377784426,1.4112342697277125,0.7013283929768497,global_lstm_seed_ensemble_seed=0,20265608,0,20265608
67005,global_lstm,global LSTM,13.713894592744696,0.8251528040650233,0.4736965089353177,0.5046251260825532,10.585934431331015,53.52529739479803,0.7038298893116863,0.5195050597588724,0.40597669042212614,global_lstm_seed_ensemble_seed=0,20265608,0,20265608
67006,global_lstm,global LSTM,15.597535934291582,0.8973244759965981,0.5788011736718426,0.6306643850833029,6.489633376671902,34.93972418589852,0.7310993097447243,0.08374100664757633,0.7748620684568681,global_lstm_seed_ensemble_seed=0,20265608,0,20265608
67008,global_lstm,global LSTM,15.597535934291582,0.6716933596091836,0.4464122973001071,0.6812417908530888,15.974205905753458,36.449949335654146,0.35827765085745955,0.5421966870349143,0.5918295693950744,global_lstm_seed_ensemble_seed=0,20265608,0,20265608
67010,global_lstm,global LSTM,13.801505817932922,0.7158246180646444,0.45801259101541025,0.41940664914292203,2.759336201043765,45.16342395018675,1.2139822407363583,0.08114028729075917,0.7100610330287449,global_lstm_seed_ensemble_seed=0,20265608,0,20265608
67015,global_lstm,global LSTM,15.597535934291582,0.8019198703434192,0.458560771279909,0.636973550959998,8.36366044509171,46.40628341541008,0.7441803954009121,0.9061395699572753,0.33230515062785904,global_lstm_seed_ensemble_seed=0,20265608,0,20265608
67018,global_lstm,global LSTM,15.597535934291582,0.7552334023505858,0.5185038511902966,0.44797401418098826,3.072039321821883,42.232386154268376,1.1382188496831676,0.11158737009156139,0.7995608188922134,global_lstm_seed_ensemble_seed=0,20265608,0,20265608
67025,global_lstm,global LSTM,13.500342231348391,0.8463469694751449,0.7146160002227389,0.773660463904117,15.527322703999094,23.469229926837286,0.17940226071639917,0.5827105066999214,1.1948417617606792,global_lstm_seed_ensemble_seed=0,20265608,0,20265608
68001,global_lstm,global LSTM,15.523613963039015,0.7744437733779628,0.3987092739396666,0.4094152280353567,21.36445302642881,42.851593812181726,0.3022752011362008,0.6329345761091387,0.23873848896136418,global_lstm_seed_ensemble_seed=0,20265608,0,20265608
68003,global_lstm,global LSTM,15.512662559890487,0.7747934731738191,0.3147971669895736,0.32550587246885754,14.198916979016431,43.15651940129144,0.48279119143965976,0.20914161566943734,0.9746545826525634,global_lstm_seed_ensemble_seed=0,20265608,0,20265608
68004,global_lstm,global LSTM,15.58384668035592,0.705886501897405,0.3328976708374698,0.31579772548516094,18.49958259788992,42.93335335089415,0.365632881172405,0.4830155782018821,0.7803069939362199,global_lstm_seed_ensemble_seed=0,20265608,0,20265608
68005,global_lstm,global LSTM,15.247091033538672,0.8022160793703398,0.35587256929592437,0.298141477060325,26.61473248447287,44.97309846085346,0.22783070443611203,0.39885398505730174,0.8444347408446705,global_lstm_seed_ensemble_seed=0,20265608,0,20265608
68020,global_lstm,global LSTM,12.922655715263518,0.6601664557460409,0.31601296319329664,0.32053358175295754,15.105649744067998,50.25946970227787,0.5220784914964081,0.6104242839192242,0.8379555139604583,global_lstm_seed_ensemble_seed=0,20265608,0,20265608
69002,global_lstm,global LSTM,15.290896646132786,0.767933930660039,0.4715023257247365,0.46998786546140914,3.994613507970682,39.70388429415616,0.997358230302146,0.12478690848590801,1.294590786731427,global_lstm_seed_ensemble_seed=0,20265608,0,20265608
69007,global_lstm,global LSTM,13.900068446269678,0.8780974794379021,0.446398995851671,0.5704894662723279,10.015913107521408,47.348233678718714,0.6746132341419282,0.1291369447002938,1.0507983118194297,global_lstm_seed_ensemble_seed=0,20265608,0,20265608
69012,global_lstm,global LSTM,14.017796030116358,0.7703019327268403,0.27205027078761457,0.3905673356414274,11.128619082624885,46.597065900470895,0.6219172937622455,0.19352920790398787,1.2819796981889742,global_lstm_seed_ensemble_seed=0,20265608,0,20265608
69015,global_lstm,global LSTM,15.107460643394935,0.796366091200297,0.5611329239281189,0.6774028275883929,5.649655694786627,41.608948556944014,0.8671647599152974,0.13609685701076168,0.8356408330671413,global_lstm_seed_ensemble_seed=0,20265608,0,20265608
69017,global_lstm,global LSTM,14.072553045859001,0.8742278160115288,0.5011783363507959,0.5332912377463968,6.933226590272976,43.51020587289017,0.7976557442524842,0.17469914596910208,0.8922182912667759,global_lstm_seed_ensemble_seed=0,20265608,0,20265608
69023,global_lstm,global LSTM,14.023271731690622,0.8680084336226264,0.4811826992755067,0.5535532651267816,4.442369430421134,40.73718653783892,0.9623763597672049,0.1325872632212275,1.1134715099286003,global_lstm_seed_ensemble_seed=0,20265608,0,20265608
69027,global_lstm,global LSTM,14.817248459958932,0.7980844867321597,0.48197434298192654,0.5014699063519861,4.296086696446323,40.82034465350228,0.9778036302360511,0.172710939813429,1.1184156078275829,global_lstm_seed_ensemble_seed=0,20265608,0,20265608
69030,global_lstm,global LSTM,13.689253935660506,0.6933792322122346,0.3093911537652614,0.32357601223422405,11.150519558299418,52.93341578665414,0.6764348160629349,0.17190476230346002,1.1816366119409034,global_lstm_seed_ensemble_seed=0,20265608,0,20265608
69032,global_lstm,global LSTM,13.322381930184806,0.697394174282647,0.23982126971666473,0.3813050668958108,10.447928266333353,51.9354810057541,0.6964339760875994,0.1399247160840072,1.294471274659724,global_lstm_seed_ensemble_seed=0,20265608,0,20265608
69043,global_lstm,global LSTM,8.219028062970569,0.3965968189226998,-0.13546348095982874,0.25421775350352405,2.928557381475471,55.10431674056805,1.2745318838640283,0.3274505066100605,1.29072192831618,global_lstm_seed_ensemble_seed=0,20265608,0,20265608
70002,global_lstm,global LSTM,13.555099247091034,0.6724142266967056,0.6048521775039599,0.490834041148032,9.505311708336315,17.67184432831918,0.2693155138866032,0.1857399240673414,1.0524099392362776,global_lstm_seed_ensemble_seed=0,20265608,0,20265608
7001,global_lstm,global LSTM,15.597535934291582,0.5103967821225837,0.3467891068451677,0.31889679231346424,2.4002247947226305,86.36959775143501,1.5561089791974079,0.5695128073287815,1.0378440163324827,global_lstm_seed_ensemble_seed=0,20265608,0,20265608
7002,global_lstm,global LSTM,15.597535934291582,0.6235623853302045,0.4044749093123211,0.39952246609572284,2.7933775334397506,88.46791784809683,1.5006561700959073,0.7734408083305274,0.9132039392097241,global_lstm_seed_ensemble_seed=0,20265608,0,20265608
7003,global_lstm,global LSTM,15.597535934291582,0.7857051829736369,0.5429419988351227,0.6895985597192679,7.9311421453442525,46.70473162937447,0.7700251473578986,0.6862813669357102,0.5153726669768697,global_lstm_seed_ensemble_seed=0,20265608,0,20265608
7005,global_lstm,global LSTM,12.761122518822724,0.6469042941501622,0.39166318112921805,0.36789312220888737,5.555951432673113,84.14593356299494,1.180274692401901,1.076421067952849,0.5347586920249778,global_lstm_seed_ensemble_seed=0,20265608,0,20265608
7006,global_lstm,global LSTM,8.542094455852157,0.7426736752313522,0.647026429256035,0.6719666499767829,3.1172955215726095,5.906909455863669,0.27758233820228895,0.14244485288073427,0.34587946318070517,global_lstm_seed_ensemble_seed=0,20265608,0,20265608
71001,global_lstm,global LSTM,15.597535934291582,0.782696779976926,0.5178976387310583,0.49903639454441984,4.291129867955264,38.01072975034742,0.9473345491598922,0.09299470039254998,1.0562146468448383,global_lstm_seed_ensemble_seed=0,20265608,0,20265608
71004,global_lstm,global LSTM,14.822724161533197,0.7489629778944796,0.4513227875015432,0.4033617934429442,7.009553194139876,38.35588817961581,0.738141707973179,0.0847806695812795,1.2245001804548594,global_lstm_seed_ensemble_seed=0,20265608,0,20265608
71006,global_lstm,global LSTM,15.597535934291582,0.7673086705717589,0.5468605554524306,0.49855646217549343,4.199661805250724,37.008528902426,0.945087503645549,0.16302079085410326,0.9168837799218987,global_lstm_seed_ensemble_seed=0,20265608,0,20265608
71008,global_lstm,global LSTM,14.012320328542094,0.7984893817556815,0.5012419924698721,0.5596161520904086,3.8479787056112214,44.21332670565294,1.0603205333613033,0.09164758968140996,0.9898057807644752,global_lstm_seed_ensemble_seed=0,20265608,0,20265608
71014,global_lstm,global LSTM,13.245722108145106,0.6787982673104862,0.5911306318938219,0.49752188500981787,3.9435298527417983,13.172487373707064,0.5237826581504399,0.36324944187729624,1.392475257564427,global_lstm_seed_ensemble_seed=0,20265608,0,20265608
72002,global_lstm,global LSTM,15.597535934291582,0.7710553851101309,0.5198652848226539,0.4329530875695229,4.5452453313991406,38.39932726493759,0.9267662864284772,0.16727376494680724,0.8871326730490185,global_lstm_seed_ensemble_seed=0,20265608,0,20265608
72004,global_lstm,global LSTM,14.99794661190965,0.801951935452875,0.5528152178712683,0.5018307891707039,3.8468986817473394,55.86003462795472,1.161990452423243,0.09704708980444571,0.8547419428196793,global_lstm_seed_ensemble_seed=0,20265608,0,20265608
72005,global_lstm,global LSTM,15.449691991786448,0.7866826057278979,0.552827514900646,0.4438341308632162,3.420133059310707,49.23010035319767,1.1581877185731522,0.15673121810352747,0.7911141663841474,global_lstm_seed_ensemble_seed=0,20265608,0,20265608
72007,global_lstm,global LSTM,13.240246406570842,0.7486675387784837,0.5043847984905365,0.5885180288518661,4.302370205887406,63.22754894954858,1.1671985690965827,0.015481929127004967,1.1449759296569688,global_lstm_seed_ensemble_seed=0,20265608,0,20265608
72009,global_lstm,global LSTM,14.017796030116358,0.7045888455633403,0.4995810288433481,0.4258669000997266,4.114038893861416,37.89801832236963,0.9643481082445678,0.13225561722350376,0.9919788096463207,global_lstm_seed_ensemble_seed=0,20265608,0,20265608
72014,global_lstm,global LSTM,13.514031485284052,0.7887542495841217,0.41512100213832925,0.3912653406759623,4.453119190849535,40.436935194691586,0.9581139125386816,0.06983237151177102,0.8009204373248298,global_lstm_seed_ensemble_seed=0,20265608,0,20265608
72015,global_lstm,global LSTM,12.826830937713895,0.7804576785099886,0.5026436169808263,0.3981246930763861,3.660235404497401,58.51918844768431,1.2037892771163325,0.3224560084719202,0.8594656445492008,global_lstm_seed_ensemble_seed=0,20265608,0,20265608
73005,global_lstm,global LSTM,15.496235455167694,0.8849838731326458,0.6447453899545376,0.6019867301914175,3.991638512633244,30.019544286410927,0.8762528909332673,0.1542693521258527,0.7653335366966881,global_lstm_seed_ensemble_seed=0,20265608,0,20265608
73009,global_lstm,global LSTM,13.99315537303217,0.8381601201482964,0.554807315272153,0.48923300921939006,3.1773663704936452,56.52276632087105,1.2501561141889552,0.13836507436513446,0.801055848881047,global_lstm_seed_ensemble_seed=0,20265608,0,20265608
73010,global_lstm,global LSTM,15.597535934291582,0.47362484852575615,0.17036096889131125,0.5596168750625647,7.6541166322029826,56.594437587931246,0.8688786727908878,2.277460830592235,1.3923157843700906,global_lstm_seed_ensemble_seed=0,20265608,0,20265608
73011,global_lstm,global LSTM,14.874743326488707,0.8607117727623431,0.627843441393368,0.5770789200193476,3.6720209346782524,53.05581069537349,1.159827806455294,0.14478869308193237,0.7823988727312624,global_lstm_seed_ensemble_seed=0,20265608,0,20265608
73014,global_lstm,global LSTM,12.895277207392198,0.7450681820801763,0.4541321868691711,0.4285656680356401,2.8323508293563098,64.05061184352806,1.354376236429492,0.5016651277366092,0.4883489694970899,global_lstm_seed_ensemble_seed=0,20265608,0,20265608
73015,global_lstm,global LSTM,10.376454483230663,0.8033474669325387,0.4543211523870786,0.4349023719635846,4.9671102026451806,41.413969094201306,0.9210430595002743,0.12785144151084632,0.6547432142044696,global_lstm_seed_ensemble_seed=0,20265608,0,20265608
74001,global_lstm,global LSTM,15.597535934291582,0.8091772606909373,0.5114891697451207,0.49549461355922486,2.5728787958584762,67.26902472964218,1.4173958035164722,0.1578615564380742,0.8081374959224444,global_lstm_seed_ensemble_seed=0,20265608,0,20265608
74005,global_lstm,global LSTM,14.617385352498289,0.8567948920365092,0.5505002358286311,0.6515315444762129,4.093589756668021,67.37382954579144,1.2163869162278078,0.8727366034236882,0.11043220731147829,global_lstm_seed_ensemble_seed=0,20265608,0,20265608
74006,global_lstm,global LSTM,15.099247091033538,0.7770794775457044,0.5057399500130251,0.5273617334571497,2.73695609152362,68.28735546676747,1.3970724641593828,0.11322608149466745,0.8639788532135145,global_lstm_seed_ensemble_seed=0,20265608,0,20265608
74007,global_lstm,global LSTM,14.023271731690622,0.7476704280653975,0.45931074460464794,0.43718109090726565,2.7857500699089317,72.61628892310007,1.416091900306932,0.26131277154745813,0.7501594758806163,global_lstm_seed_ensemble_seed=0,20265608,0,20265608
75003,global_lstm,global LSTM,15.592060232717317,0.4044212603700217,0.2004376932632007,0.613051137520361,7.929178344520942,54.70947893537486,0.8388343922931771,2.2989434539521447,1.391166242000987,global_lstm_seed_ensemble_seed=0,20265608,0,20265608
75004,global_lstm,global LSTM,15.597535934291582,0.8050335503011624,0.5518354552562161,0.6954272830340147,4.557483260257819,36.35064262488478,0.901787010782313,0.7442269400207266,0.1685562360555387,global_lstm_seed_ensemble_seed=0,20265608,0,20265608
75017,global_lstm,global LSTM,13.908281998631075,0.8378681669375658,0.5764398661606427,0.5293811466779323,5.1360584760921375,35.78420149943215,0.8430613709602923,0.0790183833536417,0.9573495641678482,global_lstm_seed_ensemble_seed=0,20265608,0,20265608
76003,global_lstm,global LSTM,13.538672142368242,0.7473152377551173,0.8194383513294613,0.9044471131364902,7.616197712118212,5.736812351456833,0.12306756501981982,0.3314303107240445,0.3102700216900798,global_lstm_seed_ensemble_seed=0,20265608,0,20265608
76005,global_lstm,global LSTM,15.553730321697467,0.7940346951123073,0.5460127687513019,0.45155774081768774,4.404584941886804,33.92012612235295,0.8865524686688904,0.07660874479506874,0.9192203097998077,global_lstm_seed_ensemble_seed=0,20265608,0,20265608
76007,global_lstm,global LSTM,15.592060232717317,0.8903827907848233,0.591746186116194,0.6764908114998582,6.175257984020211,59.304270948207254,0.9824308654643731,0.47495113643273235,0.542367739115059,global_lstm_seed_ensemble_seed=0,20265608,0,20265608
76008,global_lstm,global LSTM,15.564681724845997,0.6086219131558412,0.4293836283330468,0.3216217664262744,3.0661040898730363,67.59344434346245,1.343317682801914,0.3736157173112393,1.1547589470243538,global_lstm_seed_ensemble_seed=0,20265608,0,20265608
76011,global_lstm,global LSTM,15.197809719370294,0.4735834073256151,0.544844242780512,0.5407635434101132,2.0431537631943386,61.753003486820724,1.4803570333719855,0.340718084146036,0.8411059317002797,global_lstm_seed_ensemble_seed=0,20265608,0,20265608
76014,global_lstm,global LSTM,14.562628336755647,0.6734391200260192,0.467239924849824,0.3445899810930828,3.6049146463837114,62.69006241496218,1.240303715847418,0.2866685782745859,0.876537530193388,global_lstm_seed_ensemble_seed=0,20265608,0,20265608
77002,global_lstm,global LSTM,15.597535934291582,0.8249832105436048,0.6006682136964722,0.59966285385505,4.98484304138297,72.86984081904401,1.1648963326713555,0.18708109666368566,0.6741022946832209,global_lstm_seed_ensemble_seed=0,20265608,0,20265608
77003,global_lstm,global LSTM,14.699520876112253,0.660368761549599,0.4863354142131807,0.41655560703710093,3.53805911301979,72.80159979037512,1.3133758381718068,0.12918722281586814,0.9758198978299197,global_lstm_seed_ensemble_seed=0,20265608,0,20265608
77004,global_lstm,global LSTM,12.974674880219029,0.6917631667804567,0.45511548529489043,0.4286555166512501,3.7568487213609423,87.54526261314584,1.367408942336413,0.2742292539856358,1.2142215422739056,global_lstm_seed_ensemble_seed=0,20265608,0,20265608
78003,global_lstm,global LSTM,15.597535934291582,0.8476267355391858,0.5710561854902612,0.5623706016775614,6.2685010790913225,80.33750237316771,1.1077546207865527,0.4293781460387394,0.5055145152539954,global_lstm_seed_ensemble_seed=0,20265608,0,20265608
78004,global_lstm,global LSTM,15.597535934291582,0.7214265158235557,0.43210302878481166,0.3341521182775071,4.134028708530746,78.609728270709,1.2791028068224206,0.04454985511206644,0.9802196610707337,global_lstm_seed_ensemble_seed=0,20265608,0,20265608
78006,global_lstm,global LSTM,11.649555099247092,0.8753087252592539,0.4875016823291982,0.5190798453216396,5.811641278277314,109.23233214100094,1.2740524062983634,0.4972693960019572,0.7629866525445586,global_lstm_seed_ensemble_seed=0,20265608,0,20265608
79002,global_lstm,global LSTM,15.597535934291582,0.8563853252292631,0.5773452326458394,0.5938523694701978,5.333603224649692,74.72280825315454,1.1464324806153319,0.25396510947891776,0.6134338376074215,global_lstm_seed_ensemble_seed=0,20265608,0,20265608
79003,global_lstm,global LSTM,15.597535934291582,0.7533239477886985,0.5705132899424084,0.5492168345956745,4.827896624166142,79.53830364764282,1.2168183620081714,0.6429077422940331,0.4886001967665976,global_lstm_seed_ensemble_seed=0,20265608,0,20265608
79004,global_lstm,global LSTM,15.597535934291582,0.8096059021763702,0.5908690429340206,0.5788366998702573,4.15784480939005,67.99514285488614,1.2136096151940574,0.09595750567839023,0.7354420881517105,global_lstm_seed_ensemble_seed=0,20265608,0,20265608
79005,global_lstm,global LSTM,15.597535934291582,0.8257139864915448,0.5687841514392833,0.5934117225872354,5.089061964294954,70.90804040267005,1.1440577446193199,0.11455426541824404,0.6620847931170744,global_lstm_seed_ensemble_seed=0,20265608,0,20265608
79006,global_lstm,global LSTM,15.597535934291582,0.8074691913080133,0.586429071635541,0.5662002408058464,4.650066174624623,77.22057802379675,1.2202739148154993,0.3765760813608778,0.6624346119029013,global_lstm_seed_ensemble_seed=0,20265608,0,20265608
80001,global_lstm,global LSTM,15.597535934291582,0.8321988949899771,0.5904468469690172,0.6195119877774988,4.6871221351110695,69.31407151138929,1.1699151397363645,0.09546717352722356,0.7581269043566299,global_lstm_seed_ensemble_seed=0,20265608,0,20265608
80002,global_lstm,global LSTM,13.47296372347707,0.7343345200789773,0.4194845840680188,0.5845428879943021,7.783636852345459,82.32754866858156,1.0243626187266677,0.9329293363208706,0.19805673672624857,global_lstm_seed_ensemble_seed=0,20265608,0,20265608
80003,global_lstm,global LSTM,12.774811772758385,0.7060560938220464,0.4224488560407649,0.4353387874785025,2.646656573959259,92.55112136536228,1.5436840935270362,0.302066557783811,0.7845513510711873,global_lstm_seed_ensemble_seed=0,20265608,0,20265608
80004,global_lstm,global LSTM,11.698836413415469,0.6286858890489373,0.43240383129303794,0.5282370996973523,1.584870609709879,102.2912749432675,1.8098447798230357,,0.8804291033738326,global_lstm_seed_ensemble_seed=0,20265608,0,20265608
80005,global_lstm,global LSTM,11.175906913073238,0.6122250148230821,0.31631587011359996,0.28538509555435865,2.2977408078200745,103.05374099428278,1.6517627245244122,,0.7956582623119586,global_lstm_seed_ensemble_seed=0,20265608,0,20265608
80006,global_lstm,global LSTM,11.819301848049282,0.6302417957819295,0.17331337221742216,0.5103935120518002,7.325073490357084,99.79496359449308,1.1342966378700847,1.832007395091338,0.698291560667127,global_lstm_seed_ensemble_seed=0,20265608,0,20265608
8004,global_lstm,global LSTM,15.597535934291582,0.6416482732572606,0.35012411004102495,0.44691355170897584,3.2979479410411576,96.4506183104299,1.4660612201832783,0.6904689887251969,0.9295017010893123,global_lstm_seed_ensemble_seed=0,20265608,0,20265608
8005,global_lstm,global LSTM,15.597535934291582,0.4474230591783147,0.16005899538836776,0.5952084053335853,6.56821982321497,82.71343706545377,1.1001283886352324,1.7617158981080048,0.29832681783629045,global_lstm_seed_ensemble_seed=0,20265608,0,20265608
8006,global_lstm,global LSTM,15.597535934291582,0.7000083277332693,0.36051723232776123,0.6733198845116485,5.6912818664198275,100.57439621561932,1.247277339015659,1.2874550729365906,0.2828566368348755,global_lstm_seed_ensemble_seed=0,20265608,0,20265608
8009,global_lstm,global LSTM,15.597535934291582,0.6351714572105862,0.3997956391811137,0.4243731855776711,3.1875649793091245,83.07967910103159,1.4160357636506269,0.542464965097526,1.1102597879292309,global_lstm_seed_ensemble_seed=0,20265608,0,20265608
8011,global_lstm,global LSTM,13.075975359342916,0.7050953718209583,0.3422304121027725,0.4513509493494191,6.99675911922662,92.93295453395785,1.1232728219982475,0.14859576412271003,1.1596324551853923,global_lstm_seed_ensemble_seed=0,20265608,0,20265608
8013,global_lstm,global LSTM,8.6652977412731,0.5944765571054867,0.15310604528265326,0.3177897653132853,3.6807434512940334,115.80828866926568,1.4978040959011503,0.3685448990641994,0.9286044778387176,global_lstm_seed_ensemble_seed=0,20265608,0,20265608
81002,global_lstm,global LSTM,14.099931553730322,0.7832670089595453,0.5131720014250651,0.6144176811381752,3.906010629021637,89.8442738277249,1.361756982068104,0.5614207269372296,0.5556356053858543,global_lstm_seed_ensemble_seed=0,20265608,0,20265608
81003,global_lstm,global LSTM,15.597535934291582,0.6502338594142698,0.5103528144434131,0.44798903420096314,2.229596213087028,86.43767501917746,1.5884768587469698,,0.9804419751204241,global_lstm_seed_ensemble_seed=0,20265608,0,20265608
81004,global_lstm,global LSTM,13.44832306639288,0.7753444367356404,0.5257403726626628,0.5458916380203933,4.094474279519477,91.65661308298117,1.3499656577250179,1.1700846259995725,0.38667234149761265,global_lstm_seed_ensemble_seed=0,20265608,0,20265608
81006,global_lstm,global LSTM,10.847364818617386,0.7688598049487927,0.4284058427782609,0.4712492989549577,3.161911467991627,110.95277937981295,1.5451884801020246,0.7788649989322909,0.7083434598903071,global_lstm_seed_ensemble_seed=0,20265608,0,20265608
81007,global_lstm,global LSTM,10.324435318275153,0.7325446025985514,0.43730353058372196,0.4804145991259198,3.002346563230458,107.31775337252115,1.5532107506669095,0.5216336148545679,0.8885305578439561,global_lstm_seed_ensemble_seed=0,20265608,0,20265608
82001,global_lstm,global LSTM,15.597535934291582,0.8158525413576018,0.615117924535389,0.6646260405790176,4.768529055897828,78.09686480586147,1.2142491662516275,0.5694564092225756,0.7040194198859624,global_lstm_seed_ensemble_seed=0,20265608,0,20265608
82003,global_lstm,global LSTM,14.921286789869953,0.7760604592583695,0.5264175744958227,0.556777147914199,3.6285298999905184,92.70280345105543,1.4073621618352845,0.4603827855326983,0.8433713443707253,global_lstm_seed_ensemble_seed=0,20265608,0,20265608
83003,global_lstm,global LSTM,15.512662559890487,0.6724820463268795,0.46908598895814435,0.4674206489128535,3.230202649110713,80.58201841986762,1.3970083724389843,0.2929611437459025,1.1297215716610396,global_lstm_seed_ensemble_seed=0,20265608,0,20265608
83004,global_lstm,global LSTM,15.186858316221766,0.6820001850716362,0.5395936633219427,0.5587989888624921,3.4728412611293358,81.24775224376845,1.369126422109763,0.4120686445803555,1.0502672606793908,global_lstm_seed_ensemble_seed=0,20265608,0,20265608
83006,global_lstm,global LSTM,13.848049281314168,0.7318117095046162,0.4750521192519498,0.44310919480371525,3.3268366289050553,86.9722021535832,1.4173489921606253,0.48142577053936497,1.0481799563448657,global_lstm_seed_ensemble_seed=0,20265608,0,20265608
83007,global_lstm,global LSTM,12.16974674880219,0.7404178154805988,0.7319945708604961,0.6332216727591164,3.3099118714271105,8.826757907714725,0.42598478476231616,0.39077235494326756,1.0916835835310645,global_lstm_seed_ensemble_seed=0,20265608,0,20265608
83009,global_lstm,global LSTM,13.42094455852156,0.6207714658216019,0.490916633219188,0.5440752167942731,3.6872630626651524,92.6516657447838,1.4001491088719509,0.14410577898052862,1.126045416173948,global_lstm_seed_ensemble_seed=0,20265608,0,20265608
83010,global_lstm,global LSTM,13.724845995893224,0.7231670349466168,0.4894300001721331,0.500397838053157,3.046844707913755,82.45862187275898,1.4323857525882486,0.37278408137736574,1.0723510525837363,global_lstm_seed_ensemble_seed=0,20265608,0,20265608
83013,global_lstm,global LSTM,12.084873374401095,0.6399271044549192,0.47632342717119613,0.4523769412452261,3.668280435124615,96.60880616742926,1.4205541858985364,0.5077829780563233,1.1399742103321047,global_lstm_seed_ensemble_seed=0,20265608,0,20265608
84001,global_lstm,global LSTM,15.586584531143053,0.8519341259848499,0.5922019545718087,0.6685421540842578,4.972622322891485,84.8641836695292,1.232138962730675,0.7826354232691977,0.5570864047457018,global_lstm_seed_ensemble_seed=0,20265608,0,20265608
84004,global_lstm,global LSTM,15.597535934291582,0.8673469872452612,0.576959102514671,0.6356794381912689,5.989714551496332,86.86951748169392,1.1614612832718696,0.4548647544479735,0.6705396167304951,global_lstm_seed_ensemble_seed=0,20265608,0,20265608
84005,global_lstm,global LSTM,15.455167693360712,0.8604289286244056,0.5571363187170595,0.5399397931472097,5.710310171997755,85.26342073632203,1.1741030535453683,0.8412552872730625,0.4987675849877239,global_lstm_seed_ensemble_seed=0,20265608,0,20265608
84008,global_lstm,global LSTM,15.520876112251882,0.7027258044153224,0.5149394820859329,0.4204378974285373,4.550581179691215,70.90237710381162,1.192593929441512,0.1918135904355931,1.0745933237894563,global_lstm_seed_ensemble_seed=0,20265608,0,20265608
84009,global_lstm,global LSTM,14.349075975359343,0.7813361702404484,0.47278665042456913,0.4551070849776496,4.611333641372801,82.00565957028981,1.2500172803511926,0.21386017652859096,1.0545752144848402,global_lstm_seed_ensemble_seed=0,20265608,0,20265608
84012,global_lstm,global LSTM,15.597535934291582,0.8220341963733362,0.6220189951866009,0.7216853692180789,3.9923112998807673,71.54111802878374,1.2533313249407698,0.4432462502002451,0.8861552705974455,global_lstm_seed_ensemble_seed=0,20265608,0,20265608
84013,global_lstm,global LSTM,15.594798083504449,0.8526153285467112,0.5773654787708247,0.6050303652165996,5.665602224291429,84.83947181715033,1.1753518761610597,0.9990627310091795,0.42192497530932416,global_lstm_seed_ensemble_seed=0,20265608,0,20265608
84014,global_lstm,global LSTM,15.572895277207392,0.7218870825260385,0.5134874491852268,0.4732031433803182,3.4684196584095037,74.37458334230445,1.3312929066946877,0.34881945712355766,0.9683383383217988,global_lstm_seed_ensemble_seed=0,20265608,0,20265608
84016,global_lstm,global LSTM,15.597535934291582,0.6433936851259441,0.565488956101257,0.6185983927345888,3.6891914490465814,84.53677842221784,1.3601145001141537,0.3744426686911748,1.0752910815227117,global_lstm_seed_ensemble_seed=0,20265608,0,20265608
84017,global_lstm,global LSTM,15.597535934291582,0.8437885888625056,0.5285148830485122,0.638151478596755,5.823148564431272,78.65584789262621,1.1305731467293183,1.4179877354742212,0.3464043430900299,global_lstm_seed_ensemble_seed=0,20265608,0,20265608
84018,global_lstm,global LSTM,15.597535934291582,0.8400592812995092,0.5660789843771391,0.6238563569463367,5.920884925435825,86.55169139889927,1.16488893881402,0.50746063718704,0.6604202546747207,global_lstm_seed_ensemble_seed=0,20265608,0,20265608
84019,global_lstm,global LSTM,15.550992470910336,0.739756690539993,0.554145032727607,0.5816046126014582,4.240891365602789,84.37508794055358,1.298757090742912,0.2740140761720874,1.1615733957183407,global_lstm_seed_ensemble_seed=0,20265608,0,20265608
84020,global_lstm,global LSTM,15.41409993155373,0.7213116706842575,0.45705992512283133,0.45591847300628674,2.899066529333563,82.72586458902842,1.455383132885527,0.035130255089159124,1.06612196236976,global_lstm_seed_ensemble_seed=0,20265608,0,20265608
84022,global_lstm,global LSTM,15.293634496919918,0.7326712042469564,0.5201436640683339,0.5593469903426779,4.187767075798831,87.52987281011546,1.3201737792359023,0.336466663344428,0.8987501491651275,global_lstm_seed_ensemble_seed=0,20265608,0,20265608
84026,global_lstm,global LSTM,14.318959616700889,0.703832336772166,0.5373822076591195,0.5410751812098552,4.312930066722387,75.13526824109816,1.2410714250196304,0.5131386303518247,0.6190753458251029,global_lstm_seed_ensemble_seed=0,20265608,0,20265608
84030,global_lstm,global LSTM,12.41889117043121,0.781953757754986,0.5024752826725002,0.4852985808945829,3.4306807307186102,90.4677016376301,1.4211132538500297,0.4957947395111587,0.9653725845489272,global_lstm_seed_ensemble_seed=0,20265608,0,20265608
85001,global_lstm,global LSTM,15.564681724845997,0.0701891921557748,-0.5038760358828835,0.37740180759039077,19.694671681354887,76.39598464266734,0.5887217874166161,0.9005957421862791,0.6598579274188674,global_lstm_seed_ensemble_seed=0,20265608,0,20265608
85002,global_lstm,global LSTM,15.545516769336071,0.7753733747900692,0.545152326525699,0.46919305312136816,4.106777745927661,76.82613707794273,1.27200779684982,0.21281208684578912,1.0366993109535105,global_lstm_seed_ensemble_seed=0,20265608,0,20265608
85003,global_lstm,global LSTM,15.51813826146475,0.7018776088631702,0.5089511959436452,0.5655117240340688,2.489272004415013,64.87789425230432,1.4160243906467498,0.49409651418213796,0.9356336332603457,global_lstm_seed_ensemble_seed=0,20265608,0,20265608
85004,global_lstm,global LSTM,13.388090349075975,0.6690749691507665,0.4964475190423373,0.6233204433713893,3.5518137142039192,87.3158392442927,1.3906428528285206,0.27199827176700053,0.7785868464050725,global_lstm_seed_ensemble_seed=0,20265608,0,20265608
88001,global_lstm,global LSTM,8.035592060232718,0.6213151842798902,0.2942916136772845,0.3690788813613568,1.712309266641499,128.55260775257324,1.8754986839527015,,0.9981312847893116,global_lstm_seed_ensemble_seed=0,20265608,0,20265608
89002,global_lstm,global LSTM,12.153319644079398,0.6670892662795831,0.49317421997045463,0.5212131679420453,2.129947968373767,80.0305160281714,1.5748866228207978,,0.7484790745910619,global_lstm_seed_ensemble_seed=0,20265608,0,20265608
89003,global_lstm,global LSTM,13.555099247091034,0.6709217561613181,0.5162607946480937,0.4487151300459741,2.8904977973387322,61.35454925471835,1.326874127118912,0.9245181599706568,0.43763717865672525,global_lstm_seed_ensemble_seed=0,20265608,0,20265608
89005,global_lstm,global LSTM,13.114305270362765,0.5063515856683223,0.39144083429962384,0.28525163222868555,2.584756618758217,74.99705126523827,1.4626245320400533,0.41429944305610467,1.0427886973051899,global_lstm_seed_ensemble_seed=0,20265608,0,20265608
89007,global_lstm,global LSTM,12.177960301163587,0.6505393060161611,0.5720099815299318,0.6865481596833515,14.868536794413597,97.9408484348094,0.8186956299601738,0.2386193388157023,1.0483327483617038,global_lstm_seed_ensemble_seed=0,20265608,0,20265608
90003,global_lstm,global LSTM,11.997262149212867,0.734454097520642,0.44985678023552544,0.44122227603888675,2.75311134276741,80.72846512821592,1.4672029197077183,0.7584986860212413,0.806962956737331,global_lstm_seed_ensemble_seed=0,20265608,0,20265608
9002,global_lstm,global LSTM,15.597535934291582,0.8201077709731227,0.5519817542838534,0.5530811561399379,7.638738020358284,40.723375425308966,0.7268221524122938,0.198275880379714,0.7280273798844925,global_lstm_seed_ensemble_seed=0,20265608,0,20265608
9003,global_lstm,global LSTM,15.299110198494182,0.7545165688903119,0.5215224815016686,0.4937447731254756,6.413112815891082,37.973222730652054,0.772408576777556,0.24803961116504825,0.7038508883988102,global_lstm_seed_ensemble_seed=0,20265608,0,20265608
9004,global_lstm,global LSTM,12.54757015742642,0.6942522099900462,0.335876792906855,0.6508722987588145,12.860282086794061,39.902543713958025,0.49175008722155034,0.18070889500682374,0.8428178523676253,global_lstm_seed_ensemble_seed=0,20265608,0,20265608
9005,global_lstm,global LSTM,15.597535934291582,0.6258868760363431,0.4095758482050684,0.40077977015479027,2.9263477678890917,67.49846614186013,1.3629679673679531,0.43669873100517287,0.8229070598481271,global_lstm_seed_ensemble_seed=0,20265608,0,20265608
92001,global_lstm,global LSTM,8.147843942505133,0.2939752093591689,-0.6018542232938298,0.3292620243259081,9.576661411266569,107.66387826359725,1.050855886954751,2.2001393081024085,1.0066266007376652,global_lstm_seed_ensemble_seed=0,20265608,0,20265608
93001,global_lstm,global LSTM,13.122518822724162,0.7686100042834685,0.4627503029981461,0.4150213829211923,2.79413052883643,84.0889707312414,1.4784923461672956,0.9057917031545286,0.5535652277648908,global_lstm_seed_ensemble_seed=0,20265608,0,20265608
94001,global_lstm,global LSTM,15.58384668035592,0.4239190911896298,0.017525747677017534,0.5150017164172513,9.880838808382485,74.56771115161183,0.877756998204801,2.078144784017056,1.1670997580940348,global_lstm_seed_ensemble_seed=0,20265608,0,20265608
95001,global_lstm,global LSTM,13.54962354551677,0.5152365093933081,-0.002504178838640847,0.5263257574483617,10.437046456854429,92.51999595084145,0.9476579885103533,1.0463561661367464,0.38705038495889854,global_lstm_seed_ensemble_seed=0,20265608,0,20265608
96001,global_lstm,global LSTM,14.023271731690622,0.5364484797760484,0.4615582084011268,0.41908481182956037,2.494163601888898,89.11099772529211,1.5530063691034661,0.8945892761006776,1.056371209942022,global_lstm_seed_ensemble_seed=0,20265608,0,20265608
96002,global_lstm,global LSTM,13.59069130732375,0.8252921141365911,0.5026373771316022,0.5003634059310826,4.547529043647091,107.19510938525679,1.3723994903322867,1.3037783285391122,0.3122390132442574,global_lstm_seed_ensemble_seed=0,20265608,0,20265608
96004,global_lstm,global LSTM,10.447638603696099,0.6414210285725728,0.3309421330745992,0.32650224976640563,2.138835714380336,110.22798031603999,1.7121144226418934,,0.8306875668158251,global_lstm_seed_ensemble_seed=0,20265608,0,20265608
97002,global_lstm,global LSTM,15.222450376454484,0.7360886036847644,0.52955331196938,0.5026149972766107,3.2390374705136487,95.53485254652499,1.4697458654932116,0.9115673677716604,0.854744761618495,global_lstm_seed_ensemble_seed=0,20265608,0,20265608
10002,global_lstm,global LSTM,15.496235455167694,0.7176499692446766,0.4762228333401922,0.5019846502614742,9.369621400960744,76.960259144205,0.9145444787384854,0.422526926149025,0.6191339848687679,global_lstm_seed_ensemble_seed=1,20265609,1,20265609
10003,global_lstm,global LSTM,11.811088295687885,0.7252581054664142,0.4756918391064945,0.6163086482932151,13.222616882562223,31.10298285914733,0.37148462633036433,0.11340332155544053,0.23331741384003168,global_lstm_seed_ensemble_seed=1,20265609,1,20265609
1001,global_lstm,global LSTM,8.06570841889117,0.701905079741107,0.3986565549533818,0.3900767817212304,4.422390586852748,109.67847362493316,1.3944643008728588,0.5553690842562418,1.150203094201888,global_lstm_seed_ensemble_seed=1,20265609,1,20265609
101002,global_lstm,global LSTM,15.173169062286105,0.5408446474477207,0.43776579173346464,0.6220427806320366,17.994716206414683,47.021029965076885,0.4171471360204257,0.8403621024092144,1.3285297908863252,global_lstm_seed_ensemble_seed=1,20265609,1,20265609
101005,global_lstm,global LSTM,12.11772758384668,0.6182880822839116,0.4942449187378626,0.7234967323781765,12.739093304268954,71.95279088027883,0.751909125360987,0.8650963544274164,1.3811965280637812,global_lstm_seed_ensemble_seed=1,20265609,1,20265609
102001,global_lstm,global LSTM,10.182067077344286,0.7049764924242523,0.3710866726644695,0.29147744103865514,3.9271899054016717,37.95208292113684,0.9851537134687856,0.1058005178472905,1.1994194669180174,global_lstm_seed_ensemble_seed=1,20265609,1,20265609
106001,global_lstm,global LSTM,7.72621492128679,0.8121555473742574,0.14712562984685473,0.49642628807731426,6.85031159820377,133.39447291887947,1.2894275087753406,1.1957866595159106,0.24946631485996396,global_lstm_seed_ensemble_seed=1,20265609,1,20265609
107001,global_lstm,global LSTM,6.940451745379876,0.6147366140772663,0.14469448934689566,0.20150287489236418,2.6793960512889297,141.91186589335237,1.7239817973006146,,0.6044124029770035,global_lstm_seed_ensemble_seed=1,20265609,1,20265609
11001,global_lstm,global LSTM,15.597535934291582,0.7125515409628798,0.4768770217898427,0.6638166821227294,11.4423369840309,36.97149823358682,0.5093523164222413,0.32817868049850973,0.3865269111885682,global_lstm_seed_ensemble_seed=1,20265609,1,20265609
11003,global_lstm,global LSTM,14.822724161533197,0.6017598675789342,0.38141752331434764,0.626245818468478,6.642162233296286,41.819056516658435,0.7990647515014172,0.08208449695392117,0.9457359111419732,global_lstm_seed_ensemble_seed=1,20265609,1,20265609
11004,global_lstm,global LSTM,11.227926078028748,0.5649499550889878,0.4328848736680825,0.6107219449340219,13.127964898529983,28.291769541246854,0.3334627049213617,0.3917190818385017,0.6622646237545458,global_lstm_seed_ensemble_seed=1,20265609,1,20265609
12001,global_lstm,global LSTM,15.597535934291582,0.6233106590568193,0.4155831782830415,0.551958870253693,5.6064840879852085,67.67988949746551,1.0817690470493238,0.12549885201738287,0.9659150694641409,global_lstm_seed_ensemble_seed=1,20265609,1,20265609
12002,global_lstm,global LSTM,14.973305954825461,0.705861969984076,0.4755910696783032,0.6021684483536613,5.930257265412479,65.71146176753909,1.0445675940226236,0.31549519444497354,0.8448702723171236,global_lstm_seed_ensemble_seed=1,20265609,1,20265609
12005,global_lstm,global LSTM,13.79876796714579,0.5164062767460607,0.4593024463187443,0.5358317117675998,5.968278540908192,35.3795632119726,0.7729033833468585,0.21552963079730536,0.6313845593971494,global_lstm_seed_ensemble_seed=1,20265609,1,20265609
12006,global_lstm,global LSTM,13.17180013689254,0.5796082102923231,0.3070987572449341,0.4187407984375551,4.127178854444125,71.64313639710579,1.2395213003926175,0.2529116788538652,0.9245610996790736,global_lstm_seed_ensemble_seed=1,20265609,1,20265609
12007,global_lstm,global LSTM,12.016427104722792,0.5181824909380714,0.26639740543654233,0.29975258301834184,3.817852400739543,90.54810286834983,1.3750602211279466,0.417028492207992,0.7938233332267298,global_lstm_seed_ensemble_seed=1,20265609,1,20265609
12008,global_lstm,global LSTM,11.312799452429843,0.7819515958931404,0.592882855753417,0.5697886583389424,5.396233609219593,31.425382079908353,0.7651898241628595,0.34362449532504913,1.0350414459981778,global_lstm_seed_ensemble_seed=1,20265609,1,20265609
12009,global_lstm,global LSTM,11.40041067761807,0.5883435017903401,0.556784044896901,0.6037060663484017,3.1898214678530974,11.845187798354628,0.5697755740227336,0.3998511412633121,0.9882997237843822,global_lstm_seed_ensemble_seed=1,20265609,1,20265609
13001,global_lstm,global LSTM,12.922655715263518,0.8122517386463358,0.5125200517172728,0.4880511051343881,5.787194426965098,29.72015098682254,0.710582938239008,0.08987409359984039,1.020004327757188,global_lstm_seed_ensemble_seed=1,20265609,1,20265609
13004,global_lstm,global LSTM,11.323750855578371,0.7836169396849333,0.5491875652399913,0.554021046284396,7.476978062031977,42.377312262494705,0.7534073021681155,0.2022005302535721,1.0232149923702307,global_lstm_seed_ensemble_seed=1,20265609,1,20265609
13005,global_lstm,global LSTM,12.498288843258042,0.7738446984171179,0.0950076569832835,0.5035257752846996,9.947715428814352,19.884894605573173,0.30079994042027075,0.3030167519207343,0.47839132409720236,global_lstm_seed_ensemble_seed=1,20265609,1,20265609
13007,global_lstm,global LSTM,14.023271731690622,0.7555130589980645,0.5831669968102502,0.5940083332034471,5.985865232992156,29.78246577779565,0.6968337166016864,0.2728350645420908,0.9600348602185912,global_lstm_seed_ensemble_seed=1,20265609,1,20265609
13008,global_lstm,global LSTM,11.9233401779603,0.7974152088502563,0.5121541570217514,0.6028502096226842,7.592111426602678,39.093390303940794,0.7117407620280913,0.06503512224240204,0.800321472496337,global_lstm_seed_ensemble_seed=1,20265609,1,20265609
14001,global_lstm,global LSTM,15.597535934291582,0.8478943021574149,0.5186711847443557,0.6409664604185314,14.768188088235641,32.97461529493427,0.3488525225539322,0.33865251398354435,0.2514114467728886,global_lstm_seed_ensemble_seed=1,20265609,1,20265609
14002,global_lstm,global LSTM,15.299110198494182,0.8018895821309522,0.14321888061790344,0.5719327651370097,13.578408853621704,21.04992203410022,0.19040161022066013,0.3490767735286153,0.40628367256359343,global_lstm_seed_ensemble_seed=1,20265609,1,20265609
14005,global_lstm,global LSTM,11.62217659137577,0.7579784589677884,0.5220981010673332,0.6345229246931334,12.93424013092396,33.875383418455584,0.41814329988160964,0.7142702287126428,0.3124153580218165,global_lstm_seed_ensemble_seed=1,20265609,1,20265609
15006,global_lstm,global LSTM,15.597535934291582,0.6547916908515982,0.398666738332361,0.6500448899883777,12.75089601312989,74.07003548405193,0.7641018487284448,0.4099731836399838,0.4493454870891458,global_lstm_seed_ensemble_seed=1,20265609,1,20265609
15007,global_lstm,global LSTM,15.597535934291582,0.48774334821081633,0.2622538937087556,0.5900986858694559,13.197210717246277,65.41902360358509,0.6952219068303488,0.3740713893677745,0.5650784705307221,global_lstm_seed_ensemble_seed=1,20265609,1,20265609
15010,global_lstm,global LSTM,14.924024640657084,0.7463486993547229,0.586117246514007,0.7647886888624729,7.264966910427983,64.43290828692552,0.9478740938277214,0.24911435445993546,0.827034651260152,global_lstm_seed_ensemble_seed=1,20265609,1,20265609
15011,global_lstm,global LSTM,15.597535934291582,0.017002119822256412,0.16385504514562865,0.5095784875168425,5.30285145219421,62.71631949171823,1.072871102367859,0.1321846632676023,0.9494330573664267,global_lstm_seed_ensemble_seed=1,20265609,1,20265609
15012,global_lstm,global LSTM,14.921286789869953,0.613872556189345,0.38740087087753616,0.6206896026955664,12.951216513352971,69.58061944807334,0.7301777269753931,0.20378240673864467,0.549577377764797,global_lstm_seed_ensemble_seed=1,20265609,1,20265609
15013,global_lstm,global LSTM,15.58110882956879,0.7552834759922826,0.5952897088298508,0.6747212002759133,7.007287160222032,68.74172792740528,0.991670529242798,0.19049171781754415,0.8736360583715459,global_lstm_seed_ensemble_seed=1,20265609,1,20265609
15014,global_lstm,global LSTM,11.323750855578371,0.6695971053624983,0.3791544049237606,0.420757117396079,4.930722193943647,96.84920363922512,1.2931855197400215,0.19996464893048804,1.1157906630559808,global_lstm_seed_ensemble_seed=1,20265609,1,20265609
15016,global_lstm,global LSTM,14.622861054072553,0.40885885845363923,0.021779834161979927,0.4812236911843317,14.072080101173524,68.10434044682042,0.6848164928347028,1.9694346568297119,1.191485164318433,global_lstm_seed_ensemble_seed=1,20265609,1,20265609
15021,global_lstm,global LSTM,11.143052703627653,0.48442416834995705,0.4663071316019274,0.6424323110493684,14.31833566112229,30.298796950711424,0.32553284541572314,0.6543370417916383,0.10062793764793365,global_lstm_seed_ensemble_seed=1,20265609,1,20265609
15023,global_lstm,global LSTM,11.9233401779603,0.846760347302786,0.5273936011709843,0.5923099583449303,7.088442465992603,76.62762719189121,1.033834558927277,0.23291895491010595,0.5382168199764051,global_lstm_seed_ensemble_seed=1,20265609,1,20265609
15024,global_lstm,global LSTM,12.2217659137577,0.8330463846314256,0.5310155321748516,0.6949900180872703,3.715251216632258,78.05775177251923,1.3224278534599432,0.8241039008646832,0.4145189224029625,global_lstm_seed_ensemble_seed=1,20265609,1,20265609
15025,global_lstm,global LSTM,11.323750855578371,0.7590205566872563,0.4990697990015218,0.523680536747837,6.661093287485715,90.39981695671656,1.1326220351881864,0.10037827792854592,1.1433805908397905,global_lstm_seed_ensemble_seed=1,20265609,1,20265609
15030,global_lstm,global LSTM,9.963039014373717,0.6714878880576239,0.5544057771913462,0.5403833967969272,10.219457772267887,55.54550636617107,0.7352210768015752,0.7435567064686288,0.32239780420912334,global_lstm_seed_ensemble_seed=1,20265609,1,20265609
15039,global_lstm,global LSTM,9.22381930184805,0.5042660239918524,0.17776116862605618,0.17462648660259117,3.8542447949737215,110.94634968859862,1.4591737232463764,0.32668484260163944,1.0577913730377766,global_lstm_seed_ensemble_seed=1,20265609,1,20265609
16001,global_lstm,global LSTM,15.597535934291582,0.7873284987402718,0.5318061734951365,0.6752354390997577,11.214157798450762,69.15040577185772,0.7900280699562774,0.18711944424136262,0.6806666189845871,global_lstm_seed_ensemble_seed=1,20265609,1,20265609
16003,global_lstm,global LSTM,15.597535934291582,0.769462804480038,0.5091786258072559,0.5016674300317354,2.9678059042926,64.43406118283184,1.3366800106420302,0.05333249111122407,0.9049182454961491,global_lstm_seed_ensemble_seed=1,20265609,1,20265609
16004,global_lstm,global LSTM,14.99794661190965,0.8340745371520027,0.5117636971885312,0.644434443879233,11.908076256236738,69.40561367822188,0.765552991472486,0.21428498926947115,0.427998873729606,global_lstm_seed_ensemble_seed=1,20265609,1,20265609
17001,global_lstm,global LSTM,15.422313483915127,0.7713778449355224,0.5155784083697389,0.7125309622666305,4.545545637612084,69.42749386992492,1.1839454663038285,0.40306063821231064,0.6158338252638339,global_lstm_seed_ensemble_seed=1,20265609,1,20265609
17003,global_lstm,global LSTM,15.597535934291582,0.767303957438434,0.4838514689514364,0.7191832642420566,4.125506337336148,66.76682951150356,1.209083495236162,0.29641426614445393,0.9043526005257947,global_lstm_seed_ensemble_seed=1,20265609,1,20265609
17004,global_lstm,global LSTM,14.047912388774812,0.8544165941274392,0.7652256912268394,0.8169466139873731,10.434396655594337,14.621015769585933,0.14651020344996116,0.28595738177274455,0.2616989940940593,global_lstm_seed_ensemble_seed=1,20265609,1,20265609
17005,global_lstm,global LSTM,15.597535934291582,0.733201414347933,0.5106198336272809,0.5015232545688948,3.7846296407374274,62.99355041441568,1.221272700167129,0.5958847534662037,0.7940394260624232,global_lstm_seed_ensemble_seed=1,20265609,1,20265609
17015,global_lstm,global LSTM,10.72142368240931,0.7579047007512179,0.44407359068796004,0.5769458177843333,8.615160436903533,82.30809586005817,0.9801791851444259,0.24198434107092126,0.6323765589832043,global_lstm_seed_ensemble_seed=1,20265609,1,20265609
17018,global_lstm,global LSTM,8.429842573579739,0.6513213193850066,0.14179659854536109,0.4441538263042861,15.69830126732494,58.052915896988445,0.5679713790723041,0.04712381034059354,0.9060403043132634,global_lstm_seed_ensemble_seed=1,20265609,1,20265609
18001,global_lstm,global LSTM,15.597535934291582,0.830358522450825,0.5621525310742608,0.665460165742153,4.560552916687968,64.42577233420823,1.15004213429586,0.22779906541153755,0.7300991675676501,global_lstm_seed_ensemble_seed=1,20265609,1,20265609
18002,global_lstm,global LSTM,15.326488706365502,0.7230726906613383,0.5712291031425826,0.7111489185197619,5.284382481221149,16.549936573184283,0.4958020895838406,0.5216042502613267,0.15286151935589776,global_lstm_seed_ensemble_seed=1,20265609,1,20265609
18003,global_lstm,global LSTM,15.597535934291582,0.696470690828641,0.44892977172032433,0.7140897954473238,7.748613580127614,67.99370323923068,0.9432446920630692,1.5260996480828468,0.5098497244082323,global_lstm_seed_ensemble_seed=1,20265609,1,20265609
18008,global_lstm,global LSTM,14.360027378507871,0.7118940718857881,0.4018670615210991,0.5816790188708574,5.892946100449161,70.66821897659936,1.0788916772396657,2.462388701063712,1.1392231146763003,global_lstm_seed_ensemble_seed=1,20265609,1,20265609
18010,global_lstm,global LSTM,14.77618069815195,0.7917483370815293,0.48823570258199567,0.70563546045712,9.31844409702067,37.907582057722905,0.6093826796072219,1.0400031447514504,0.2646054550172263,global_lstm_seed_ensemble_seed=1,20265609,1,20265609
18011,global_lstm,global LSTM,12.399726214921287,0.7889840165145099,0.47959138390067113,0.7081527746352653,7.432134552620482,87.60896390647918,1.0714349806522652,2.169906131365636,0.6341608856757025,global_lstm_seed_ensemble_seed=1,20265609,1,20265609
18014,global_lstm,global LSTM,13.122518822724162,0.774291612566599,0.527041208304522,0.498274777627598,6.337129350027229,73.23452266578215,1.0628232834252875,0.21280683117579702,0.7584419382899218,global_lstm_seed_ensemble_seed=1,20265609,1,20265609
19001,global_lstm,global LSTM,15.597535934291582,0.7248023505684731,0.5177593824319013,0.5267441960132793,4.3210519397516505,66.06480729369889,1.1843806858883053,0.5190491338910412,0.946955183164369,global_lstm_seed_ensemble_seed=1,20265609,1,20265609
19006,global_lstm,global LSTM,15.597535934291582,0.7690569468426793,0.5227343161617106,0.6413213188146138,10.007780300595602,33.25822555758094,0.52156131159127,0.06666399320172622,0.9057860873831574,global_lstm_seed_ensemble_seed=1,20265609,1,20265609
19010,global_lstm,global LSTM,15.364818617385353,0.47668282277133645,0.40151845650012274,0.6599105682710489,28.346451315793523,30.23983738639414,0.028080754004183143,0.9493875129841284,1.040941398824652,global_lstm_seed_ensemble_seed=1,20265609,1,20265609
19017,global_lstm,global LSTM,11.017111567419576,0.6616899501610434,0.43127825992491975,0.45350370905636983,8.23987374381974,41.45678831665399,0.7016750967623895,0.13135131278548073,1.0793259337940015,global_lstm_seed_ensemble_seed=1,20265609,1,20265609
19020,global_lstm,global LSTM,11.02258726899384,0.6043807001890917,0.43556465775411823,0.3771448712524542,4.184949949070712,87.92448153546135,1.3224195477814398,0.3327422288299633,1.1189318030730697,global_lstm_seed_ensemble_seed=1,20265609,1,20265609
20002,global_lstm,global LSTM,15.597535934291582,0.6911582708001782,0.4950894942377527,0.46781846212562195,12.960497794946914,30.729957241167284,0.37494027345251535,0.39873194896435327,0.4890846250635179,global_lstm_seed_ensemble_seed=1,20265609,1,20265609
20003,global_lstm,global LSTM,15.545516769336071,0.7536718713357393,0.5607683736354254,0.5655657934988054,9.247773643664356,41.09049102877214,0.6477041400373122,0.3707921122625591,1.0192448166406725,global_lstm_seed_ensemble_seed=1,20265609,1,20265609
20007,global_lstm,global LSTM,14.915811088295689,0.7577601196745422,0.6273102027467243,0.6622937409776688,12.399524836853942,33.05244502927745,0.42579854876245693,0.3030311535191801,0.7290652821424028,global_lstm_seed_ensemble_seed=1,20265609,1,20265609
2001,global_lstm,global LSTM,14.321697467488022,0.6888935849750688,0.5119695850307395,0.5265626159505432,3.218862615237065,87.31380900039032,1.4333804935163812,0.6801486153832594,1.1318427823288797,global_lstm_seed_ensemble_seed=1,20265609,1,20265609
2002,global_lstm,global LSTM,8.824093086926762,0.6768876480599328,0.38770576257833156,0.4291968954542358,2.667990248549723,128.06308716598554,1.681239729069064,,0.6210583629129907,global_lstm_seed_ensemble_seed=1,20265609,1,20265609
21003,global_lstm,global LSTM,15.597535934291582,0.8662070202716001,0.5799624577650216,0.7641373462193306,7.9069655565343515,77.23574120443175,0.9898084717002584,0.26965178400417456,0.6804732776892244,global_lstm_seed_ensemble_seed=1,20265609,1,20265609
21006,global_lstm,global LSTM,15.597535934291582,0.8702195623322063,0.579586537608991,0.7403012525355439,7.667748715743264,75.54169266833006,0.9935188399473606,0.3493128485651633,0.5801488607882017,global_lstm_seed_ensemble_seed=1,20265609,1,20265609
21008,global_lstm,global LSTM,15.597535934291582,0.7765903292130225,0.5702909780207374,0.5402254303082713,6.282570508415334,66.9777062613159,1.0277928991604426,0.18592417588562737,1.0428681484922544,global_lstm_seed_ensemble_seed=1,20265609,1,20265609
21009,global_lstm,global LSTM,15.597535934291582,0.8238400114777074,0.5594618106027158,0.6552595833177911,9.654143670866219,73.54945944665009,0.8818657276117691,0.4832222687614086,0.7745066295437552,global_lstm_seed_ensemble_seed=1,20265609,1,20265609
21011,global_lstm,global LSTM,15.597535934291582,0.7806613403605164,0.5092223410079582,0.7434136872534292,6.5546610596451895,71.4697874938762,1.03757225146841,0.5944386175636976,0.3228306665969696,global_lstm_seed_ensemble_seed=1,20265609,1,20265609
21012,global_lstm,global LSTM,15.597535934291582,0.8056367985924462,0.591471285187622,0.5855175729690572,5.6350004837586996,63.68448621909138,1.0531396917806317,0.11869268194709326,0.9365450759587529,global_lstm_seed_ensemble_seed=1,20265609,1,20265609
21013,global_lstm,global LSTM,15.597535934291582,0.7701678114452397,0.49483637769878885,0.5465898324041267,7.321995864092805,72.7859850518998,0.9974182846907886,0.46802765506419475,0.8355210401704463,global_lstm_seed_ensemble_seed=1,20265609,1,20265609
21015,global_lstm,global LSTM,15.597535934291582,0.721876832095149,0.4904213245368918,0.5890339920334213,6.530498635848376,36.034549394871625,0.741772752588869,0.25865929527679044,1.068442316925735,global_lstm_seed_ensemble_seed=1,20265609,1,20265609
21016,global_lstm,global LSTM,15.597535934291582,0.669242812888365,0.5478254947278349,0.494846434640249,7.62445306517465,24.414167816345273,0.505433230144993,0.2770417689965597,0.809305702930956,global_lstm_seed_ensemble_seed=1,20265609,1,20265609
21017,global_lstm,global LSTM,15.597535934291582,0.75515632031894,0.5349692975588419,0.5522559932101212,3.5220671885016444,68.3322227228808,1.2878279112590967,0.08743931185270104,0.9066711582686751,global_lstm_seed_ensemble_seed=1,20265609,1,20265609
21018,global_lstm,global LSTM,15.592060232717317,0.8566042356765627,0.5528327191926665,0.7184934706737377,9.619874606995836,76.0123002672707,0.8977144641148006,0.4515602168314379,0.7703978165343134,global_lstm_seed_ensemble_seed=1,20265609,1,20265609
21022,global_lstm,global LSTM,15.597535934291582,0.7603796485638235,0.5781606896265553,0.5646989656214981,8.26234433654277,28.423270146670067,0.5365707523856316,0.29891797502628986,0.838846643957001,global_lstm_seed_ensemble_seed=1,20265609,1,20265609
21023,global_lstm,global LSTM,15.572895277207392,0.4141092171250622,0.2887891841044672,0.1557291980154616,4.993339331383671,29.387295768383968,0.7697685436228633,0.5286722933369805,1.0036850132462392,global_lstm_seed_ensemble_seed=1,20265609,1,20265609
21024,global_lstm,global LSTM,15.34839151266256,0.621968306084041,0.5128490431609294,0.46582104201839847,4.927024401437726,31.46844424510703,0.8052905593912216,0.1588201078458512,1.3319693789594187,global_lstm_seed_ensemble_seed=1,20265609,1,20265609
21026,global_lstm,global LSTM,14.198494182067078,0.6583231149938215,0.4738686244403181,0.37024017228935036,3.3579531532805404,76.52203562335518,1.3577118815078886,0.039478213470465096,1.044813818675037,global_lstm_seed_ensemble_seed=1,20265609,1,20265609
21027,global_lstm,global LSTM,14.67214236824093,0.6853198158744377,0.5627671328265952,0.52517470783286,7.983276099819803,30.707345161940665,0.58506112113985,0.20835010751927086,0.9740186781580784,global_lstm_seed_ensemble_seed=1,20265609,1,20265609
22001,global_lstm,global LSTM,15.501711156741958,0.7433580945659686,0.6390044282745073,0.580085656467594,6.162983982031184,24.4206355201681,0.5979659228174745,0.4453935172404404,0.8010108561615199,global_lstm_seed_ensemble_seed=1,20265609,1,20265609
22006,global_lstm,global LSTM,15.597535934291582,0.6797293404799755,0.6437582674407782,0.5968520495015581,7.351530702991001,22.95428053001502,0.4944859095960915,0.5274644929039244,0.7054579347948672,global_lstm_seed_ensemble_seed=1,20265609,1,20265609
22007,global_lstm,global LSTM,15.594798083504449,0.6273929884741559,0.5956770041044259,0.48685636093572626,6.000770021201829,23.315299287983112,0.589434011868106,0.4684621740572441,0.8051488532600698,global_lstm_seed_ensemble_seed=1,20265609,1,20265609
22009,global_lstm,global LSTM,15.096509240246407,0.7338831634362171,0.635446108236837,0.5998461058927287,4.8353425338038605,24.530906803150398,0.7052863577578071,0.4227592097818656,0.9407749897141469,global_lstm_seed_ensemble_seed=1,20265609,1,20265609
23001,global_lstm,global LSTM,15.561943874058864,0.7269617053510296,0.6353352629875844,0.6593005320817877,5.587304826162167,56.90883925720275,1.0079773618212546,0.3145016280823595,0.9499806663871836,global_lstm_seed_ensemble_seed=1,20265609,1,20265609
23004,global_lstm,global LSTM,15.597535934291582,0.685550631545415,0.5872426311210033,0.5512361093596309,3.9319999153009086,55.9778101563086,1.1534024051212866,0.2646975594863333,1.0493334578603162,global_lstm_seed_ensemble_seed=1,20265609,1,20265609
23006,global_lstm,global LSTM,15.498973305954825,0.6937299170419002,0.5399448277988046,0.5197032349720685,3.4944389847848707,59.75049863871579,1.2329640721667239,0.326480040562996,1.085286731232641,global_lstm_seed_ensemble_seed=1,20265609,1,20265609
23007,global_lstm,global LSTM,15.501711156741958,0.6045997461960901,0.5879738907258785,0.7970161071572712,12.509223550567489,24.503249660015097,0.2919933312057811,0.23162437064345553,0.8960976148337505,global_lstm_seed_ensemble_seed=1,20265609,1,20265609
23008,global_lstm,global LSTM,15.460643394934976,0.6546258451075893,0.5453784086862221,0.48531470505596086,4.081205956745483,29.98180545485115,0.8660692699391978,0.28887931498345587,1.0979701585774482,global_lstm_seed_ensemble_seed=1,20265609,1,20265609
23011,global_lstm,global LSTM,15.279945242984258,0.5508132235010565,0.4934850102541054,0.4983416161617805,2.9482734320398314,63.42914616896357,1.3327211064467273,0.08203905606230277,0.9929088699350946,global_lstm_seed_ensemble_seed=1,20265609,1,20265609
23016,global_lstm,global LSTM,9.78507871321013,0.7050379388146668,0.4551450426340461,0.5240914827168858,6.135549618679133,21.651458372658404,0.5476336817229087,0.22994595670147877,1.1800196091073603,global_lstm_seed_ensemble_seed=1,20265609,1,20265609
24001,global_lstm,global LSTM,15.43874058863792,0.7013177424438343,0.6122849409321428,0.5950965119788112,5.748000679510907,28.86989521710283,0.7009283968144435,0.275442198710236,1.008010328151165,global_lstm_seed_ensemble_seed=1,20265609,1,20265609
24003,global_lstm,global LSTM,15.394934976043805,0.6894654161734777,0.568465368324133,0.6736199632904889,4.281921634400991,37.80533413274894,0.9459143660259312,0.257145526821033,0.9704703132693886,global_lstm_seed_ensemble_seed=1,20265609,1,20265609
24004,global_lstm,global LSTM,15.545516769336071,0.7287610129263364,0.6435479115673857,0.6855763205210654,8.063903538613342,27.231655924595877,0.5285287270241028,0.2235281815287974,0.9688610449013154,global_lstm_seed_ensemble_seed=1,20265609,1,20265609
24005,global_lstm,global LSTM,15.523613963039015,0.7369594922438067,0.6261120235702065,0.7172186181852264,11.345288784201392,27.54203749254638,0.385180510212401,0.22222159217624826,1.116689673729835,global_lstm_seed_ensemble_seed=1,20265609,1,20265609
25001,global_lstm,global LSTM,15.592060232717317,0.7661855794763622,0.5767846754180552,0.6191394022564068,5.440826644393534,32.00412334136887,0.7695410468409029,0.12832999040185444,1.0390791148805412,global_lstm_seed_ensemble_seed=1,20265609,1,20265609
25003,global_lstm,global LSTM,12.19438740588638,0.4255651818533456,0.30291798040650253,0.3461788981010149,1.6302537230858292,71.57046977144813,1.6424786671293943,,0.9978346045374717,global_lstm_seed_ensemble_seed=1,20265609,1,20265609
25006,global_lstm,global LSTM,15.594798083504449,0.569753951474366,0.465328191384799,0.37909271976938685,3.833007149020166,30.071566022641363,0.8946164159699682,0.31221724658265737,0.9429530662894121,global_lstm_seed_ensemble_seed=1,20265609,1,20265609
25012,global_lstm,global LSTM,15.597535934291582,0.5976168152002097,0.4677039879641368,0.49488247995697676,2.8319251711078737,55.1907321149385,1.2897843814343868,0.09628593915585104,1.0412742550940788,global_lstm_seed_ensemble_seed=1,20265609,1,20265609
25020,global_lstm,global LSTM,14.94318959616701,0.6840465381336496,0.4965250216892103,0.7079768480548334,17.517342401118498,36.48728238179324,0.3186732988246619,0.7156011323272553,0.41778101232498477,global_lstm_seed_ensemble_seed=1,20265609,1,20265609
25021,global_lstm,global LSTM,14.72142368240931,0.6428984268796932,0.45730482420266183,0.6807987718881648,14.020932300724079,35.7960119386351,0.4070577519083548,0.9680255795770611,0.26276823706667024,global_lstm_seed_ensemble_seed=1,20265609,1,20265609
26003,global_lstm,global LSTM,15.422313483915127,-0.22779809328890277,-0.6689854547268854,0.2308424904457067,72.92905077603154,23.91278873514441,0.4842703339862778,1.8869873699167994,1.2875721191316583,global_lstm_seed_ensemble_seed=1,20265609,1,20265609
26005,global_lstm,global LSTM,12.386036960985626,-55.97271897091172,-21.645497227274628,-5.374963934732533,58.31353116426574,36.74235232948218,0.20060238344667594,1.9195134773484184,2.034176628679691,global_lstm_seed_ensemble_seed=1,20265609,1,20265609
26006,global_lstm,global LSTM,12.739219712525667,-0.5786224445636101,-0.4881441156200452,-0.4070554321980324,59.79747226985516,29.03957228399529,0.31369261061859444,1.8694609699561289,2.3012133790659455,global_lstm_seed_ensemble_seed=1,20265609,1,20265609
26008,global_lstm,global LSTM,11.02258726899384,-0.14551464368623956,-0.4671933401728243,0.3458706200424283,54.49271222807411,25.965620469850343,0.3219397194021188,1.6891206775542749,1.1128485098250644,global_lstm_seed_ensemble_seed=1,20265609,1,20265609
26009,global_lstm,global LSTM,10.094455852156058,-0.19341458088253516,-0.5455956628563845,0.27121287713741005,65.91614587295979,38.6382989357735,0.23197380796488407,1.8679024233427102,1.5413422925877143,global_lstm_seed_ensemble_seed=1,20265609,1,20265609
27001,global_lstm,global LSTM,15.364818617385353,0.8471295574830375,0.5526764887707958,0.5515700980670026,8.19224545048298,30.141325115574904,0.5657593856043251,0.1444844519061117,1.058731764344909,global_lstm_seed_ensemble_seed=1,20265609,1,20265609
27002,global_lstm,global LSTM,12.536618754277892,0.7957978781714168,0.6161440950335635,0.7256310900794252,4.647347951351212,32.04532728761234,0.8385595217738145,0.07571466481994316,0.8814574655456944,global_lstm_seed_ensemble_seed=1,20265609,1,20265609
27003,global_lstm,global LSTM,15.578370978781656,0.7880550250823863,0.4414691304726406,0.524290382190598,11.293552201059349,31.894998196027547,0.4508920183258715,0.7129867224546137,0.49241267635444985,global_lstm_seed_ensemble_seed=1,20265609,1,20265609
27006,global_lstm,global LSTM,15.597535934291582,0.7273353556900288,0.5617224946591797,0.7495299734207738,8.630075833218681,27.115354192977524,0.49720066984384176,0.07112836703110625,0.8232972414945702,global_lstm_seed_ensemble_seed=1,20265609,1,20265609
27007,global_lstm,global LSTM,15.066392881587953,0.7764996736693855,0.4979607353323241,0.5228334647361135,5.844222570823611,27.98268038701319,0.6801625648616743,0.27064661450869254,0.7869365422161256,global_lstm_seed_ensemble_seed=1,20265609,1,20265609
27009,global_lstm,global LSTM,15.436002737850787,0.7220578817844608,0.3733105441332518,0.5524013516366412,15.090761938818755,32.797685523582864,0.33713202933885994,0.868901135060788,0.3575828650331412,global_lstm_seed_ensemble_seed=1,20265609,1,20265609
27021,global_lstm,global LSTM,15.08829568788501,0.753896713832443,0.443832182339182,0.40433537886560633,12.029158132803982,30.00749466463245,0.3969945034855641,0.3843704789670599,0.4139995842919262,global_lstm_seed_ensemble_seed=1,20265609,1,20265609
27023,global_lstm,global LSTM,15.597535934291582,0.7218011171399459,0.4969505762626363,0.36784681860486645,4.853552757397793,26.24913124870261,0.7330551797010529,0.13167784572546049,1.0883835579982066,global_lstm_seed_ensemble_seed=1,20265609,1,20265609
27025,global_lstm,global LSTM,14.822724161533197,0.6916256975009871,0.3462392252292482,0.30875393339498025,10.769457463986292,30.741631185446657,0.4555330826549242,0.22832429052309267,0.7717955774166635,global_lstm_seed_ensemble_seed=1,20265609,1,20265609
27026,global_lstm,global LSTM,15.441478439425051,0.7146279563281122,0.5316410609718389,0.4557016970849902,5.802190060146819,27.424137181615606,0.6745410219659955,0.2716807949715505,1.2201043717863498,global_lstm_seed_ensemble_seed=1,20265609,1,20265609
27029,global_lstm,global LSTM,15.211498973305956,0.8631567620470438,0.5352313059261439,0.6610308944500873,9.38966518040358,29.986117842138455,0.5042701370549557,0.05310396324112876,0.9921018369443256,global_lstm_seed_ensemble_seed=1,20265609,1,20265609
27030,global_lstm,global LSTM,15.449691991786448,0.6782459360080653,0.40117106322715435,0.313268559834171,11.522261077683835,17.226291370241192,0.17465407723533274,0.33456813451480527,0.3909906600017087,global_lstm_seed_ensemble_seed=1,20265609,1,20265609
27032,global_lstm,global LSTM,15.4798083504449,-12.737642150580879,-9.53846638225333,-2.371509075744226,3.9798508887790915,33.515045315428125,0.9253730100670028,0.08062746248498864,0.8725903101497976,global_lstm_seed_ensemble_seed=1,20265609,1,20265609
27034,global_lstm,global LSTM,15.594798083504449,0.8072057278530445,0.5730107686675946,0.5934128909589295,4.575320192121428,29.681407759672176,0.8120630027928176,0.18763616143425055,0.7639758671832177,global_lstm_seed_ensemble_seed=1,20265609,1,20265609
27035,global_lstm,global LSTM,15.597535934291582,0.844297195501457,0.5726191485236419,0.5659296470540072,6.233677489611691,30.140963299427018,0.6844127986442174,0.6371035004204918,0.5272361301457197,global_lstm_seed_ensemble_seed=1,20265609,1,20265609
27038,global_lstm,global LSTM,15.474332648870636,-7.226166663150739,-1.875842574826457,-0.39397671169978454,35.5830247715253,37.10564026310058,0.01819706683756849,0.7915692817376884,0.8614601885362112,global_lstm_seed_ensemble_seed=1,20265609,1,20265609
27041,global_lstm,global LSTM,14.72142368240931,0.612451700706121,0.3105519803634602,0.6191716237466505,29.975556427281948,39.988593052427774,0.1251688707814766,0.7455569176808466,0.5606784511633984,global_lstm_seed_ensemble_seed=1,20265609,1,20265609
27042,global_lstm,global LSTM,15.208761122518823,0.7562664546584407,0.520624798499798,0.5537788616821824,11.964118058243209,36.501266520025816,0.48442724399188875,0.12014321930664273,1.275409313446723,global_lstm_seed_ensemble_seed=1,20265609,1,20265609
27043,global_lstm,global LSTM,14.55441478439425,0.8163976314911955,0.5711179173030055,0.6402331947047244,4.047431716361988,52.41698847306316,1.1122925351254556,0.17232104888988364,0.882994169016889,global_lstm_seed_ensemble_seed=1,20265609,1,20265609
27047,global_lstm,global LSTM,15.353867214236825,0.6719169201260284,0.5205056862166453,0.5299215816218577,2.4600194664634727,45.82539759376124,1.2701676979616785,0.08972794471813206,0.9610062417419025,global_lstm_seed_ensemble_seed=1,20265609,1,20265609
27049,global_lstm,global LSTM,14.433949349760438,0.7435344669629971,0.48563592052359594,0.6104974611948324,21.653713443811117,40.60536958300913,0.27305108250737714,0.23559995817493817,1.216471387004804,global_lstm_seed_ensemble_seed=1,20265609,1,20265609
27051,global_lstm,global LSTM,15.173169062286105,0.6040670914721435,0.45999221285101877,0.4070605713707709,5.227466591550636,29.46204543178747,0.7509716289327638,0.11324766191689895,1.4739099021911082,global_lstm_seed_ensemble_seed=1,20265609,1,20265609
27062,global_lstm,global LSTM,12.013689253935661,0.7389926531228994,0.4871631590328571,0.5980934141147036,13.932877369066183,37.924267831293896,0.43487639035582626,0.5891665138614453,0.6144864096129129,global_lstm_seed_ensemble_seed=1,20265609,1,20265609
27064,global_lstm,global LSTM,12.876112251882272,0.648499237734094,0.3569941041149426,0.2669125066635275,10.019476957408678,22.167673204349892,0.34487505962718423,0.1647001459256825,0.7944492854053347,global_lstm_seed_ensemble_seed=1,20265609,1,20265609
27065,global_lstm,global LSTM,12.854209445585216,0.8226274415957265,0.44822637816755995,0.6537953988587568,4.756568211813743,30.83658352139226,0.8117725260914481,0.12900451258114243,1.0536599523373773,global_lstm_seed_ensemble_seed=1,20265609,1,20265609
27071,global_lstm,global LSTM,15.548254620123203,0.6743423495993673,0.3784865175620854,0.4815626480339126,14.310960917341582,33.64293833997856,0.3712251239395558,0.9022851187940096,0.3321453814357619,global_lstm_seed_ensemble_seed=1,20265609,1,20265609
27073,global_lstm,global LSTM,12.46817248459959,-0.7542279775119889,-0.6930055816576155,-0.13041369199348374,49.607417356127335,36.92483057295089,0.12822810628036788,1.5811371974001378,1.655631601546341,global_lstm_seed_ensemble_seed=1,20265609,1,20265609
27077,global_lstm,global LSTM,11.709787816563997,0.45575960323576026,-0.003844913701327224,0.5042682837955978,5.550869580630687,38.81135893283501,0.8445978257319665,0.21551207063025718,1.3224965940458655,global_lstm_seed_ensemble_seed=1,20265609,1,20265609
27079,global_lstm,global LSTM,9.957563312799453,0.8183753677012259,0.31844991589394855,0.41361490297061076,6.5159807889001575,31.596234789591247,0.6856555371743899,0.28086824109336894,0.8787812567109525,global_lstm_seed_ensemble_seed=1,20265609,1,20265609
27080,global_lstm,global LSTM,11.118412046543463,0.7691687695685744,0.3144881177678136,0.4367027172852056,7.753007884333265,37.81186945406628,0.6881579241967245,0.8443893623195418,0.6633627579422882,global_lstm_seed_ensemble_seed=1,20265609,1,20265609
27084,global_lstm,global LSTM,10.379192334017796,0.7150928950455915,0.4619901229633673,0.4722812905585597,4.611632371603775,35.64968713108088,0.8882010436713689,0.5073837624233134,1.111387933189199,global_lstm_seed_ensemble_seed=1,20265609,1,20265609
27087,global_lstm,global LSTM,9.848049281314168,-0.6420135783916803,-0.4085868407619959,0.34232597202258164,52.377584124849506,29.81613829418262,0.24469406894821055,1.2191640723565347,0.6830590313750915,global_lstm_seed_ensemble_seed=1,20265609,1,20265609
27089,global_lstm,global LSTM,9.349760438056126,0.7880661299873482,0.31721043363700163,0.5215003227513246,6.433509244241692,47.98713184139275,0.8726768638905538,0.3978425461029613,0.8209483365069513,global_lstm_seed_ensemble_seed=1,20265609,1,20265609
27090,global_lstm,global LSTM,8.936344969199178,0.7851075939386742,0.3910151242890183,0.4571418627124616,7.5316271259744445,39.67126655999055,0.7215872552190961,0.16021483530904368,1.0016425109766312,global_lstm_seed_ensemble_seed=1,20265609,1,20265609
28001,global_lstm,global LSTM,15.597535934291582,-0.14394039583660678,-0.3508515325256705,0.18610569961069423,5.782578754909499,33.183610689111774,0.7588020832985302,0.14669159276605948,0.8406231996868546,global_lstm_seed_ensemble_seed=1,20265609,1,20265609
28003,global_lstm,global LSTM,12.396988364134154,0.3234029267724263,0.19168936482171617,0.3122258775906366,8.627604565200315,49.522954217462804,0.7589163123942064,0.48921437210389174,1.787599185141152,global_lstm_seed_ensemble_seed=1,20265609,1,20265609
28008,global_lstm,global LSTM,15.597535934291582,0.8258240486582941,0.3958752604942165,0.6181005272505746,14.152938081559462,33.089697324089734,0.36884618797232277,0.2823599461842614,1.1974804983662963,global_lstm_seed_ensemble_seed=1,20265609,1,20265609
28009,global_lstm,global LSTM,15.597535934291582,0.6807881536079887,0.3256710521496132,0.4695819171860296,22.88843340018494,40.72420123310948,0.25023650639928813,1.0479602937868249,0.39430852071882483,global_lstm_seed_ensemble_seed=1,20265609,1,20265609
28012,global_lstm,global LSTM,15.597535934291582,0.6356107021037646,0.27616508996370825,0.46583588331769166,29.05394412674642,39.19735349147429,0.13005164851019646,0.5481293365005456,0.3587248869239741,global_lstm_seed_ensemble_seed=1,20265609,1,20265609
28015,global_lstm,global LSTM,11.906913073237508,-1.396780101097705,-1.498993928174957,-0.027940037255271166,46.53938610687407,24.76595219951616,0.27396561992194596,0.20240126168910022,0.5675353305039511,global_lstm_seed_ensemble_seed=1,20265609,1,20265609
28018,global_lstm,global LSTM,15.597535934291582,0.8067664101596971,0.4253964697328455,0.6075698170696117,13.601735962228014,35.00553007575121,0.41054231835831284,0.3080324389936602,0.8423931453881285,global_lstm_seed_ensemble_seed=1,20265609,1,20265609
28022,global_lstm,global LSTM,15.597535934291582,0.6307422261372994,0.2785455936923109,0.4556593734947064,25.323159098364886,40.86791405614514,0.20786458785383713,1.067334150389778,0.43538769167739,global_lstm_seed_ensemble_seed=1,20265609,1,20265609
28023,global_lstm,global LSTM,10.47501711156742,0.2383526941885491,-0.3116486173536097,0.4158917622191878,22.614993802604854,46.17181806918085,0.30998050267128596,0.4228664218902465,0.49677299299467637,global_lstm_seed_ensemble_seed=1,20265609,1,20265609
28024,global_lstm,global LSTM,15.241615331964407,0.5429367732351298,0.43719309128708495,0.34407971356264344,17.263893054472476,39.081931964917,0.3548372873643839,0.4504568765148852,0.7386367848681712,global_lstm_seed_ensemble_seed=1,20265609,1,20265609
28026,global_lstm,global LSTM,15.597535934291582,0.5641933694500131,0.37241506410185377,0.2656560238183492,14.086661020019202,35.17389627678502,0.3974124146657964,0.38116129014783784,0.7335852270797192,global_lstm_seed_ensemble_seed=1,20265609,1,20265609
28031,global_lstm,global LSTM,15.597535934291582,0.7496979161529349,0.40734660577676374,0.4269654998746448,5.422403202160893,33.2477467313572,0.7875704096372699,0.12332268693249304,1.2394939903144955,global_lstm_seed_ensemble_seed=1,20265609,1,20265609
28033,global_lstm,global LSTM,12.424366872005475,0.752311259959662,0.5638396660227506,0.6114197959385061,4.784631550891265,33.55041102310552,0.8458493452634462,0.4301597724101629,0.638748573659992,global_lstm_seed_ensemble_seed=1,20265609,1,20265609
28039,global_lstm,global LSTM,15.578370978781656,0.45510817845488927,0.46840828920272226,0.5331500865571459,4.107641671942934,32.58400914219908,0.899411967812624,0.37755772046852987,1.424822186960574,global_lstm_seed_ensemble_seed=1,20265609,1,20265609
28040,global_lstm,global LSTM,15.597535934291582,0.6934499860597902,0.4687646948808655,0.6208049158783069,8.368106932902947,38.08897748631335,0.6581720927649458,0.2960779826276484,1.101752988118145,global_lstm_seed_ensemble_seed=1,20265609,1,20265609
28043,global_lstm,global LSTM,15.597535934291582,0.7107900170024162,0.4518828908122883,0.7286818569927135,7.101775054143145,29.879521705141393,0.624006729171999,0.14299462186563172,0.7719154297665897,global_lstm_seed_ensemble_seed=1,20265609,1,20265609
28044,global_lstm,global LSTM,13.891854893908283,-1.4001347947032174,-1.0811744114967623,0.26082418376443406,73.75517516747897,27.782649209067696,0.4240188433489012,1.6261175890022983,1.1017988899313504,global_lstm_seed_ensemble_seed=1,20265609,1,20265609
28046,global_lstm,global LSTM,15.597535934291582,0.6032097184037082,0.07980444091738415,0.541265599458223,24.591995238787867,33.571837222205076,0.13518134263532994,0.6070106006055422,0.9372086982549123,global_lstm_seed_ensemble_seed=1,20265609,1,20265609
28048,global_lstm,global LSTM,15.512662559890487,0.7164608122378968,0.47433978936840404,0.415539589830082,6.829815663601007,29.17640054520943,0.6306227302613484,0.19641912503228753,1.3886755016818064,global_lstm_seed_ensemble_seed=1,20265609,1,20265609
28050,global_lstm,global LSTM,15.323750855578371,0.6034609440818973,0.24284084093857927,0.5398963146374385,21.072198798895915,14.14791271003381,0.17301748321339389,0.39104749557786045,0.7232433517130079,global_lstm_seed_ensemble_seed=1,20265609,1,20265609
28052,global_lstm,global LSTM,15.364818617385353,0.7350691858739259,0.4939393966379758,0.5905679947107885,22.794814204647494,37.479263774404735,0.21595499449969893,0.2554386348373746,0.3919525632228029,global_lstm_seed_ensemble_seed=1,20265609,1,20265609
28055,global_lstm,global LSTM,12.914442162902121,0.7644743142322576,0.43277040025664626,0.4565482936559693,12.403512114055006,37.63152458005587,0.48200713826632935,0.7760444528370557,1.6215287975419401,global_lstm_seed_ensemble_seed=1,20265609,1,20265609
28056,global_lstm,global LSTM,14.817248459958932,0.6177557385025597,0.4962271465284992,0.4270485886503286,14.383025116310417,42.39592523298063,0.4694738787474566,0.138519164644764,1.0381950200839802,global_lstm_seed_ensemble_seed=1,20265609,1,20265609
28060,global_lstm,global LSTM,14.33264887063655,-6.312407608133537,-0.7782447864658648,0.08939677607767293,24.55020706990352,33.49934232552826,0.13498112129968656,1.2743172307785242,1.7339992219516542,global_lstm_seed_ensemble_seed=1,20265609,1,20265609
28066,global_lstm,global LSTM,14.67214236824093,0.4995391646940618,0.4597383047832575,0.5082771264253971,7.68346049067461,42.67899776536605,0.7446573498798824,0.35120559365357923,1.6307831343755503,global_lstm_seed_ensemble_seed=1,20265609,1,20265609
28067,global_lstm,global LSTM,14.822724161533197,0.798398577672727,0.4585627089516534,0.6441392028275461,15.752544511774172,34.027198177096054,0.3344754749920556,0.22787959931451685,0.5728844148543227,global_lstm_seed_ensemble_seed=1,20265609,1,20265609
28072,global_lstm,global LSTM,14.340862422997947,0.5515752661132862,0.4161801325647385,0.6977683558562633,21.17426782165349,24.345142424270932,0.0606039176745101,1.3855310441412285,1.6156497776110106,global_lstm_seed_ensemble_seed=1,20265609,1,20265609
28074,global_lstm,global LSTM,11.049965776865161,0.5139015173752511,0.3411656094909492,0.28492722833614903,24.076734184046806,44.08136955014852,0.2626575009952194,0.7441384446536619,0.16685485020030622,global_lstm_seed_ensemble_seed=1,20265609,1,20265609
28080,global_lstm,global LSTM,15.597535934291582,-0.2733751328059957,-0.13917864252951562,0.236290800026569,13.108455831995466,38.68314768178912,0.469970270691954,0.15803949672291473,0.8605920807242565,global_lstm_seed_ensemble_seed=1,20265609,1,20265609
28081,global_lstm,global LSTM,9.49760438056126,0.3097712209392858,-0.51689002674204,0.0949903765684208,7.455821383390131,37.58245260284178,0.7024896232000366,0.576501641615671,1.8412383865848656,global_lstm_seed_ensemble_seed=1,20265609,1,20265609
28082,global_lstm,global LSTM,15.34839151266256,0.5549467372938033,0.4774466334351083,0.3840226297395015,16.428201534491354,37.9876069970631,0.36405191437465456,0.18071451916435854,1.1538306567947534,global_lstm_seed_ensemble_seed=1,20265609,1,20265609
28085,global_lstm,global LSTM,15.597535934291582,0.7948514315576087,0.4209018670848813,0.6852469506352789,15.961256619021361,32.19284707137255,0.3046923064505604,0.2922868835203296,0.6186339697261705,global_lstm_seed_ensemble_seed=1,20265609,1,20265609
28091,global_lstm,global LSTM,11.43874058863792,0.6619744412490132,0.4086514727238717,0.6377850459470004,20.52912044039168,23.37796388723828,0.05643634078243802,0.2492350478764057,0.22546897377234132,global_lstm_seed_ensemble_seed=1,20265609,1,20265609
28093,global_lstm,global LSTM,10.765229295003422,0.5011083102304699,0.3570692950989617,0.29105387856718046,21.119965040587093,47.03226725772525,0.3477027200532162,0.8098017756010292,0.14849006974124312,global_lstm_seed_ensemble_seed=1,20265609,1,20265609
28115,global_lstm,global LSTM,9.10609171800137,-1.3390459812547788,-2.2422165928890694,0.04930206919216973,13.850885221173538,25.55012105648712,0.26591543176727994,0.8542379628474152,1.6667387421030586,global_lstm_seed_ensemble_seed=1,20265609,1,20265609
28116,global_lstm,global LSTM,7.709787816563997,-1.9058587742296589,-1.5446360252744635,-0.009949228315370151,37.84069732035484,25.35463969292006,0.17390168758938268,1.5553750052059694,1.2066118203045368,global_lstm_seed_ensemble_seed=1,20265609,1,20265609
28117,global_lstm,global LSTM,7.723477070499658,0.674832665617449,-0.02261311616494477,0.4918960236664627,16.13304691262754,49.99268908891585,0.49119010125160667,0.1794844591001038,0.3104159498579361,global_lstm_seed_ensemble_seed=1,20265609,1,20265609
29002,global_lstm,global LSTM,15.553730321697467,0.09249627839664032,-0.5296851126864723,0.2854937702665965,48.19143252044984,16.93560362810296,0.45416915554857895,1.520682362670164,0.7603125990899084,global_lstm_seed_ensemble_seed=1,20265609,1,20265609
29003,global_lstm,global LSTM,15.597535934291582,0.13593372299066486,-0.26353978128005284,0.4108291826019126,49.73290963451553,16.50207002995498,0.4791054426653647,2.5533523436200345,1.681361367509667,global_lstm_seed_ensemble_seed=1,20265609,1,20265609
29005,global_lstm,global LSTM,15.592060232717317,0.5428068078312102,0.14384682488600542,-0.052490267789074396,29.800756914339992,16.888616326790242,0.24663322536580404,1.5035724217237636,1.0158961561135018,global_lstm_seed_ensemble_seed=1,20265609,1,20265609
29009,global_lstm,global LSTM,14.255989048596852,0.7334967716184603,0.5588729997119464,0.471749526392351,20.641017724870515,23.488270263689824,0.0561199286158893,0.9954119374895422,1.2912050569057003,global_lstm_seed_ensemble_seed=1,20265609,1,20265609
30001,global_lstm,global LSTM,15.597535934291582,0.7130867518647007,0.46841385506802,0.488159265320539,29.4762791777436,23.330785568998863,0.10154329905530746,1.4420250290140586,1.050847338152546,global_lstm_seed_ensemble_seed=1,20265609,1,20265609
30004,global_lstm,global LSTM,15.570157426420261,0.7166550586885361,0.4892199049816838,0.5284321237046433,11.270357904691709,17.821870789907038,0.19901558282682888,0.41682734689346956,1.086647431535262,global_lstm_seed_ensemble_seed=1,20265609,1,20265609
30005,global_lstm,global LSTM,15.564681724845997,0.6008633752358494,0.33615016783133866,0.5893204909494516,41.49766756794897,31.571539831686366,0.11872792313745582,2.014857840202419,1.657457008373139,global_lstm_seed_ensemble_seed=1,20265609,1,20265609
30011,global_lstm,global LSTM,15.321013004791238,0.40833086477518343,0.3494949363706892,0.598631904143109,23.33586342370632,18.272115505344754,0.10623504243055806,1.4530586621319506,1.1316244522172476,global_lstm_seed_ensemble_seed=1,20265609,1,20265609
30012,global_lstm,global LSTM,14.976043805612594,0.5211541671347654,0.44657495452203877,0.3089454519472059,8.05044534241417,18.5833094484931,0.3633031530493286,0.213322656273773,1.4257333970311858,global_lstm_seed_ensemble_seed=1,20265609,1,20265609
30014,global_lstm,global LSTM,15.123887748117728,0.3259223651024329,0.30614213758234377,0.1751068975117932,14.551341217745058,23.979428778611084,0.21693580871809043,1.0727328541865515,1.7770276447424738,global_lstm_seed_ensemble_seed=1,20265609,1,20265609
30015,global_lstm,global LSTM,13.921971252566735,0.1078162772185034,0.022969949991918148,0.5025565061569792,56.96714244222262,35.26901144931267,0.20823114808421392,1.9776006185091928,1.7091758301468603,global_lstm_seed_ensemble_seed=1,20265609,1,20265609
3003,global_lstm,global LSTM,13.47296372347707,0.7470543362400046,0.508132634045295,0.5712005927411334,2.557893491349639,86.60005935128132,1.5296357328184809,0.7515851843848389,0.7469690644005508,global_lstm_seed_ensemble_seed=1,20265609,1,20265609
31002,global_lstm,global LSTM,15.227926078028748,0.6179537824526473,0.2984650466616777,0.25572407274204667,29.913937440210773,31.098236248236176,0.016862177431027005,1.1734533928199449,1.26568728957036,global_lstm_seed_ensemble_seed=1,20265609,1,20265609
31006,global_lstm,global LSTM,15.542778918548938,-0.8672387099636107,-1.7348529354374636,-0.0013114197142085615,52.4747036850148,38.555555273443524,0.1338630327066209,1.5021097110694188,1.0071198758825188,global_lstm_seed_ensemble_seed=1,20265609,1,20265609
31010,global_lstm,global LSTM,15.597535934291582,0.6007534782932629,0.4407610247660212,0.38317348966805453,17.653714994425396,39.113443688243706,0.3454899435240958,0.6909843567176953,1.6381146874730845,global_lstm_seed_ensemble_seed=1,20265609,1,20265609
31021,global_lstm,global LSTM,15.512662559890487,0.5787881358475715,0.35954691434725494,0.2669352022001965,16.511099595876598,42.74533026518829,0.41311267984141387,0.14834260376125696,0.9056382050720678,global_lstm_seed_ensemble_seed=1,20265609,1,20265609
31023,global_lstm,global LSTM,14.833675564681725,0.40061781145489006,0.4279703566054083,0.24643280126568778,5.60065534600794,27.87444055919493,0.6969673120309773,0.5128144173120888,1.8291955245756417,global_lstm_seed_ensemble_seed=1,20265609,1,20265609
31025,global_lstm,global LSTM,13.22381930184805,0.41155977370549646,0.3543700648891088,0.27480028779085364,10.207112045260875,47.85350763407831,0.6710108946868567,0.6676402690879373,1.7614330992040337,global_lstm_seed_ensemble_seed=1,20265609,1,20265609
32003,global_lstm,global LSTM,15.477070499657769,0.5022747694382981,0.33228182660093986,0.24531772708757082,9.015847639802827,41.600766452315064,0.6640947682490791,0.8628230834421893,1.8985796249525277,global_lstm_seed_ensemble_seed=1,20265609,1,20265609
32004,global_lstm,global LSTM,15.071868583162217,0.6872032857076643,0.408849840925561,0.3044956985363426,17.100666720874138,40.724938448933834,0.37684739359729047,0.20751920400523882,0.6388225306604082,global_lstm_seed_ensemble_seed=1,20265609,1,20265609
32006,global_lstm,global LSTM,15.512662559890487,0.7330936055637786,0.5165046692724139,0.5255167588762228,22.71600650722935,37.42617461749663,0.2168434551070851,0.29187509436024506,0.9437519031961651,global_lstm_seed_ensemble_seed=1,20265609,1,20265609
32008,global_lstm,global LSTM,15.578370978781656,0.7218087164160389,0.5361540637368012,0.5337901339397716,20.367743471752615,39.86422879279989,0.29164045023755314,0.39593464012574175,1.3436604530231444,global_lstm_seed_ensemble_seed=1,20265609,1,20265609
33006,global_lstm,global LSTM,15.597535934291582,0.3930075809600454,-0.0803582705684105,0.35934810926070315,60.644247802554226,32.5460432709884,0.27029141616440755,0.29928576628043313,0.7229755656768864,global_lstm_seed_ensemble_seed=1,20265609,1,20265609
33007,global_lstm,global LSTM,15.594798083504449,-0.20145040925082558,-0.3409016840467509,0.41627483113338193,84.4904565649933,33.74151458834237,0.39864308364363293,1.5621454110867483,0.2532819636336554,global_lstm_seed_ensemble_seed=1,20265609,1,20265609
33012,global_lstm,global LSTM,15.597535934291582,0.48435142360614425,0.35325114389922396,0.25768203197078543,8.736647440447221,25.246269879362877,0.4608524099535315,0.2756012336664082,1.574440570069181,global_lstm_seed_ensemble_seed=1,20265609,1,20265609
33013,global_lstm,global LSTM,15.597535934291582,0.5745238484464497,0.33026786256858975,0.5215522866763775,22.808410680319405,21.505564933482436,0.025544168528990278,0.4701416693228917,0.507627025123542,global_lstm_seed_ensemble_seed=1,20265609,1,20265609
33014,global_lstm,global LSTM,15.5564681724846,0.5807860885940688,0.27951539587467544,0.6469053231748387,37.147046030398435,21.274137582667127,0.24207232039146598,1.3840951521975189,0.4671033824576005,global_lstm_seed_ensemble_seed=1,20265609,1,20265609
33018,global_lstm,global LSTM,15.597535934291582,0.6737343973535541,0.4665504009083917,0.39286161311355783,14.922312485839607,37.11514597287677,0.3957150427182163,0.28226236878665234,1.2501930198437257,global_lstm_seed_ensemble_seed=1,20265609,1,20265609
33019,global_lstm,global LSTM,15.597535934291582,0.521384414519446,0.17694078945487934,0.42501204821151106,51.19811342473748,23.527817034509194,0.3376723239621856,0.24259008575655083,0.9634710501903611,global_lstm_seed_ensemble_seed=1,20265609,1,20265609
33020,global_lstm,global LSTM,14.313483915126625,0.4704885908247872,0.220070157382941,0.11985057094470974,8.525822800901013,30.44948482859544,0.5528436471416132,0.23082324491782924,1.4721713759335904,global_lstm_seed_ensemble_seed=1,20265609,1,20265609
33021,global_lstm,global LSTM,15.597535934291582,0.6119056585479767,0.29748341968494063,0.5037632282165381,34.54311353082286,25.91751251017888,0.12476816313089369,0.20553948329141358,0.3001618161173536,global_lstm_seed_ensemble_seed=1,20265609,1,20265609
33022,global_lstm,global LSTM,15.597535934291582,0.7800390374174351,0.47247987949986425,0.5685493870198242,25.68292696907184,30.553965823544427,0.07542307167673337,0.4750738581578383,0.87514964124436,global_lstm_seed_ensemble_seed=1,20265609,1,20265609
33023,global_lstm,global LSTM,15.597535934291582,-0.8057780346893062,-1.6160736831295743,-0.8704184727479798,32.56425862789318,21.56531879749553,0.1789853126330197,1.7823879845116788,1.320953502180347,global_lstm_seed_ensemble_seed=1,20265609,1,20265609
33024,global_lstm,global LSTM,15.597535934291582,0.6704227919419117,0.3662279664442124,0.6712933096685962,34.16079566032879,32.60497948533734,0.020244046266864695,1.1376288011914364,1.0450159090797029,global_lstm_seed_ensemble_seed=1,20265609,1,20265609
33026,global_lstm,global LSTM,14.981519507186858,0.6961094820250451,0.4753728701372941,0.43914633181348484,21.76522348712616,36.41182239048623,0.22347928477537715,0.9024203541573012,0.9097384397380579,global_lstm_seed_ensemble_seed=1,20265609,1,20265609
33028,global_lstm,global LSTM,15.597535934291582,0.561008352740828,0.2197514856506575,0.3852477563633828,11.734011754219798,31.892637597968854,0.43424391900532283,0.1786154561895421,1.5277223063188914,global_lstm_seed_ensemble_seed=1,20265609,1,20265609
33029,global_lstm,global LSTM,15.592060232717317,0.5289240062900924,0.30683865717074776,0.5017433215740159,47.681818005473644,26.97506815537387,0.24739025511771842,1.2345895668017084,0.5807400040025184,global_lstm_seed_ensemble_seed=1,20265609,1,20265609
33031,global_lstm,global LSTM,15.40041067761807,0.5103080931163424,0.28688552478469753,0.18802863239729262,4.168440772523138,36.41407591932975,0.9412956581467709,0.5928573095129308,1.2404336611657034,global_lstm_seed_ensemble_seed=1,20265609,1,20265609
33032,global_lstm,global LSTM,15.561943874058864,-4.667625512540601,-4.283111200162092,-0.4791457874566192,83.61911677251047,23.952280074600406,0.5429587147554712,1.748883080612237,1.9420378053697145,global_lstm_seed_ensemble_seed=1,20265609,1,20265609
33033,global_lstm,global LSTM,14.844626967830253,0.33783170310005495,0.05013655434218389,0.5549158362169191,36.524450736309035,23.611904880285373,0.18945266861511076,1.8884904553469868,1.3936517063072733,global_lstm_seed_ensemble_seed=1,20265609,1,20265609
33034,global_lstm,global LSTM,15.597535934291582,0.5478628993458409,0.2066085073645194,0.538360771363916,44.95941164541749,22.89780457091276,0.29302677485222084,0.30633818985514494,0.8340407429556289,global_lstm_seed_ensemble_seed=1,20265609,1,20265609
33035,global_lstm,global LSTM,14.973305954825461,0.5862011288152205,0.3928298282478443,0.5821701765494401,44.94288783713861,19.994072303275527,0.35175971659346694,1.5086266281244716,1.4666518910989887,global_lstm_seed_ensemble_seed=1,20265609,1,20265609
33039,global_lstm,global LSTM,14.869267624914443,0.6161016268296038,0.39589490446654085,0.3755412995148444,24.657844269080574,39.32977035441273,0.20276630519042502,0.9801938191574388,0.8008091842211713,global_lstm_seed_ensemble_seed=1,20265609,1,20265609
33053,global_lstm,global LSTM,15.323750855578371,-0.07653086208901372,-0.1244049148760904,-0.0005559050115315767,23.614559845402137,29.450855271903258,0.09591805637766443,0.5813612373013435,1.1253278709562275,global_lstm_seed_ensemble_seed=1,20265609,1,20265609
33054,global_lstm,global LSTM,13.828884325804244,-0.6114844171528324,-1.3046337844921334,0.1264102563632291,71.55113605497364,33.45148886594216,0.3302010814674834,1.9319968435553143,1.3920050936753976,global_lstm_seed_ensemble_seed=1,20265609,1,20265609
33058,global_lstm,global LSTM,13.322381930184806,0.5485760530631859,0.2138897265681018,0.07878560069368046,16.81009288293885,42.85817936704934,0.4064636049823262,0.12126491751125879,1.1614517033506577,global_lstm_seed_ensemble_seed=1,20265609,1,20265609
34002,global_lstm,global LSTM,15.381245722108146,0.7310442654420022,0.46026610859046724,0.5177669833740401,17.977505871701826,23.804503842712943,0.12192969463277584,0.14846853393393855,0.6397447272953352,global_lstm_seed_ensemble_seed=1,20265609,1,20265609
34003,global_lstm,global LSTM,15.597535934291582,-0.008748628527112778,-0.18447202214808267,0.4022887475760484,42.23518285269033,22.413442080514706,0.2751658215593856,1.0255717730473712,0.33207291780573944,global_lstm_seed_ensemble_seed=1,20265609,1,20265609
34004,global_lstm,global LSTM,15.381245722108146,0.3847707956024289,-0.0493257279594177,0.5170010152816467,48.0728282886435,27.027303886403878,0.25009694917296316,0.40653681891157634,0.6047349258111073,global_lstm_seed_ensemble_seed=1,20265609,1,20265609
34005,global_lstm,global LSTM,15.496235455167694,0.6806508248933392,0.4682312761329591,0.7271365774445604,17.803937582645002,27.523029431252784,0.18918017148084834,0.2688789760345456,0.666469329452152,global_lstm_seed_ensemble_seed=1,20265609,1,20265609
34006,global_lstm,global LSTM,15.597535934291582,0.620697793997024,0.39029529448261,0.3481464123403516,12.34952942434431,22.443666984936506,0.25944340686543765,0.28523111926124,0.4483567586982442,global_lstm_seed_ensemble_seed=1,20265609,1,20265609
34007,global_lstm,global LSTM,15.490759753593428,0.4858867463024348,0.30980720964822206,0.22429535432245873,8.15474589223511,21.901164387622103,0.42905677230454325,0.3844731782612332,0.8719219275778022,global_lstm_seed_ensemble_seed=1,20265609,1,20265609
34008,global_lstm,global LSTM,15.143052703627653,-1.2168836171394681,-0.8700134107614359,0.24167296669443095,81.1618410100906,21.60631907039887,0.5747711044330657,1.9152775354930172,0.9146585021480749,global_lstm_seed_ensemble_seed=1,20265609,1,20265609
34010,global_lstm,global LSTM,15.468856947296372,0.5683096590826199,0.30056238921148537,0.3172826619108282,12.046520429887812,23.056777571498237,0.281936988463214,0.36252391553366836,0.7747483874147377,global_lstm_seed_ensemble_seed=1,20265609,1,20265609
34011,global_lstm,global LSTM,15.457905544147843,-0.43361669849165807,-0.3678947993083519,0.3856451358083022,68.2677383612197,24.717036180379786,0.4412191220772379,1.7765869723867125,0.5341253080175854,global_lstm_seed_ensemble_seed=1,20265609,1,20265609
34012,global_lstm,global LSTM,15.594798083504449,-5.99312802296788,-5.229520267051581,-0.631975522983067,112.03120226031177,22.6396734859678,0.6944688375417291,2.214263419119759,1.464738592858958,global_lstm_seed_ensemble_seed=1,20265609,1,20265609
35003,global_lstm,global LSTM,15.537303216974674,0.4399868961839217,0.19354483293266755,0.060757044452197206,2.941591945369118,22.481528230087854,0.8832434023165082,0.31525981457079966,1.3238671619304854,global_lstm_seed_ensemble_seed=1,20265609,1,20265609
35008,global_lstm,global LSTM,15.501711156741958,0.48980166209931675,0.3790298999426771,0.27802190715116515,4.473098631050828,20.17555514841275,0.6542170191625147,0.20151951372100763,1.4741400934236848,global_lstm_seed_ensemble_seed=1,20265609,1,20265609
36003,global_lstm,global LSTM,15.592060232717317,0.6444427343025416,0.47457959896451896,0.4966153570324485,10.536537698989953,20.022912472662274,0.2788293235387749,0.5315127896288379,1.5306603547204962,global_lstm_seed_ensemble_seed=1,20265609,1,20265609
36006,global_lstm,global LSTM,15.597535934291582,0.6000173094246302,0.44611215408408333,0.44594066494294127,11.487951160252289,20.60611601049549,0.253753559986314,0.6255911608965044,0.2890993483612272,global_lstm_seed_ensemble_seed=1,20265609,1,20265609
36009,global_lstm,global LSTM,15.589322381930184,0.48532133187804205,0.31012243147344265,0.23520276114857508,8.277688353762434,19.223193021703935,0.36591645510925447,0.3973413161119913,1.4808805941400869,global_lstm_seed_ensemble_seed=1,20265609,1,20265609
36010,global_lstm,global LSTM,15.578370978781656,0.3703049838626845,0.254979954705323,0.15281428962261978,6.095820328311826,22.580815466552657,0.5687074637790741,0.5646527960540477,1.8200653132750033,global_lstm_seed_ensemble_seed=1,20265609,1,20265609
36011,global_lstm,global LSTM,15.542778918548938,0.44312703056595615,0.22639513265810673,0.10126261478188492,6.429029358479854,22.12172753714488,0.5366736300297715,0.4929754540272996,1.6990864462386945,global_lstm_seed_ensemble_seed=1,20265609,1,20265609
36012,global_lstm,global LSTM,15.586584531143053,0.07031030500431146,0.15403467082211242,0.06943707737932536,6.146998234645002,22.15549876096633,0.5568184428481173,0.37014227229761976,1.6123214744709709,global_lstm_seed_ensemble_seed=1,20265609,1,20265609
37001,global_lstm,global LSTM,15.597535934291582,0.5972336158529656,0.43402999519660557,0.31029193945439004,12.06117513291141,20.85895732232567,0.2379029719031935,0.8675986655536596,0.15506771157791732,global_lstm_seed_ensemble_seed=1,20265609,1,20265609
37003,global_lstm,global LSTM,15.594798083504449,0.6014946595244975,0.36508502269258125,0.2130752544283323,11.906118677926345,21.3270703790801,0.25316099491482097,0.18796849941310478,0.4700306327892091,global_lstm_seed_ensemble_seed=1,20265609,1,20265609
37005,global_lstm,global LSTM,15.58384668035592,0.640168003448031,0.5485731922474382,0.4866042336475125,11.390516320761016,21.490637881789336,0.275705895682748,0.6885483183691052,0.21752791644642633,global_lstm_seed_ensemble_seed=1,20265609,1,20265609
37008,global_lstm,global LSTM,15.597535934291582,0.6369113064331082,0.4449298462034069,0.3680637983409981,12.088918812968346,40.2965602360288,0.5228805148649446,0.8258897903301333,0.658215086669378,global_lstm_seed_ensemble_seed=1,20265609,1,20265609
37009,global_lstm,global LSTM,15.597535934291582,0.5377448546723078,0.33697404544792176,0.2900376777752328,10.26388040936226,39.987351957620085,0.5906110620666206,0.20324217523216404,1.1014029582284555,global_lstm_seed_ensemble_seed=1,20265609,1,20265609
37010,global_lstm,global LSTM,15.578370978781656,0.6032266033017917,0.4895929492989213,0.4452963297040252,5.428403628493438,22.430893340635457,0.6161744381741319,1.2537495791255004,0.3435108339668759,global_lstm_seed_ensemble_seed=1,20265609,1,20265609
37011,global_lstm,global LSTM,15.592060232717317,0.579236519629755,0.4421103555050647,0.3637611413046342,7.642050825128624,41.58586760358104,0.7357358448425686,0.18064808051599185,1.5774664837679533,global_lstm_seed_ensemble_seed=1,20265609,1,20265609
37018,global_lstm,global LSTM,15.572895277207392,0.4682208616915149,0.2624824160241883,0.14132704277640784,6.145176042137651,21.487643106382755,0.5436544533541697,0.7756101359498834,1.904237838331858,global_lstm_seed_ensemble_seed=1,20265609,1,20265609
37019,global_lstm,global LSTM,15.597535934291582,0.4469557120594022,0.2818418708192857,0.1802172859893476,3.775256780723519,21.075002643417932,0.7468211414978049,0.5481205700438079,1.8215415949599572,global_lstm_seed_ensemble_seed=1,20265609,1,20265609
37020,global_lstm,global LSTM,15.592060232717317,0.6228222106787861,0.3281914795450154,0.20801463811053733,9.28754242384545,41.50142448754266,0.6501621930615145,0.29928805228349775,1.1162923343724498,global_lstm_seed_ensemble_seed=1,20265609,1,20265609
37031,global_lstm,global LSTM,13.81245722108145,0.417496053013958,0.23372040468296051,0.1263412765224724,3.3559324421658863,42.37521332320754,1.1012986880008588,0.3718538714094788,2.0099372582314743,global_lstm_seed_ensemble_seed=1,20265609,1,20265609
37033,global_lstm,global LSTM,13.607118412046544,0.3533529452900379,0.22913449691180587,0.1942243454369954,3.1233979824644713,56.66684460007814,1.2587017049088434,0.5556275574365095,2.1482846561807554,global_lstm_seed_ensemble_seed=1,20265609,1,20265609
38001,global_lstm,global LSTM,15.597535934291582,0.6460554847407067,0.5195843827789555,0.7346650309364222,33.47774822196493,39.12178162901189,0.06766238577526837,0.6048799197909281,1.0418678197309883,global_lstm_seed_ensemble_seed=1,20265609,1,20265609
38003,global_lstm,global LSTM,15.597535934291582,-7.8143957989335675,-6.568192228491676,-1.0766254695293735,151.69132059229537,24.019809500267932,0.8003911735097891,2.4012802448792034,1.9020587219271845,global_lstm_seed_ensemble_seed=1,20265609,1,20265609
38004,global_lstm,global LSTM,12.85968514715948,0.6100573322086122,0.4146474592561463,0.5545209345027066,21.02246501164776,47.21068263068673,0.3513566417031121,0.5017082177377927,1.8301997728486308,global_lstm_seed_ensemble_seed=1,20265609,1,20265609
38007,global_lstm,global LSTM,15.567419575633128,0.30946284253052214,0.035670436443484,0.2141163793355555,5.600730237671716,15.56066508770503,0.44378350035689,0.8678541788384525,1.3020377414039235,global_lstm_seed_ensemble_seed=1,20265609,1,20265609
38012,global_lstm,global LSTM,14.543463381245722,-0.2551885719689455,-0.16463809837063503,-0.019509450360840175,2.13097462510078,24.87807079764369,1.0672384210756105,0.49211491277916664,2.1823826846136094,global_lstm_seed_ensemble_seed=1,20265609,1,20265609
38014,global_lstm,global LSTM,15.43874058863792,0.491485479875838,0.3913914859980151,0.32513424590505857,3.2314120514736735,22.18260830188774,0.8366202702107731,0.5481374874719629,1.783048194409677,global_lstm_seed_ensemble_seed=1,20265609,1,20265609
38017,global_lstm,global LSTM,15.597535934291582,-24.20854721845633,-22.804817927643494,-2.753685360396168,230.14954158618545,25.49402663869207,0.9555716789319909,1.7285750387789487,1.6418450722053595,global_lstm_seed_ensemble_seed=1,20265609,1,20265609
38018,global_lstm,global LSTM,15.597535934291582,0.25005982755017386,-0.12138748520794462,0.4969545563482026,89.49620723029905,24.1735877180992,0.5684635197735161,2.1851299458566396,0.8430791248390563,global_lstm_seed_ensemble_seed=1,20265609,1,20265609
38021,global_lstm,global LSTM,15.323750855578371,0.6035430558312158,0.46624647217164616,0.43101232737539175,5.997288557841565,21.71739852352685,0.5588528556136556,0.467442808711925,1.6688925707176667,global_lstm_seed_ensemble_seed=1,20265609,1,20265609
38026,global_lstm,global LSTM,14.444900752908966,0.6333980726721744,0.4170572601804481,0.3257184235442919,12.07314941476622,22.12479523357322,0.26305868456162756,0.3269345582468173,1.2182554832068067,global_lstm_seed_ensemble_seed=1,20265609,1,20265609
38029,global_lstm,global LSTM,13.325119780971937,0.45277402223565943,0.22990180613757616,0.04540879408914833,12.301210871220647,45.79484290083436,0.5708687101352158,0.5068936559602728,1.921485461597338,global_lstm_seed_ensemble_seed=1,20265609,1,20265609
38030,global_lstm,global LSTM,12.950034223134839,-0.3966730988360101,-0.30168496035107206,0.3641693923996693,43.966691621131986,41.74645812375652,0.02250415259378088,2.162412986800754,2.0813971237744187,global_lstm_seed_ensemble_seed=1,20265609,1,20265609
39001,global_lstm,global LSTM,15.597535934291582,0.6608966214078478,0.46670179615800556,0.723856807642881,43.639671638347686,57.01332929868857,0.11609492828136231,0.7360251869565011,0.6137122233668784,global_lstm_seed_ensemble_seed=1,20265609,1,20265609
39002,global_lstm,global LSTM,13.574264202600958,0.6854761655998268,0.5421989731637662,0.6454191553841546,44.49343084822944,31.391936472350096,0.15147778827218045,0.5528281108052004,0.6707666790480806,global_lstm_seed_ensemble_seed=1,20265609,1,20265609
39004,global_lstm,global LSTM,12.109514031485284,-73.19690776665227,-81.64573433110328,-7.322055071166963,90.24895022207781,22.081478789352445,0.6114140042940703,2.0744996829001816,2.0217442186871577,global_lstm_seed_ensemble_seed=1,20265609,1,20265609
39005,global_lstm,global LSTM,14.781656399726215,-0.16278347275067806,-0.416969792469311,0.05241458406239641,33.424686690732216,26.091864150676628,0.10756223638694007,2.1803364659204583,1.8845393471025704,global_lstm_seed_ensemble_seed=1,20265609,1,20265609
39006,global_lstm,global LSTM,15.597535934291582,0.12228294851582233,-0.34213668729730884,0.406262597760792,51.229119200436465,35.28150637482173,0.16196976952970657,0.5863813617057385,0.8035265361449295,global_lstm_seed_ensemble_seed=1,20265609,1,20265609
39007,global_lstm,global LSTM,15.594798083504449,0.7037479892670014,0.4155952135308094,0.564591165835126,16.039473420506834,30.96888489131612,0.2857354616305961,0.2667876416361834,0.7245591824086788,global_lstm_seed_ensemble_seed=1,20265609,1,20265609
39008,global_lstm,global LSTM,14.075290896646132,0.6624445460289075,0.43256041352653685,0.703500908019299,52.333646293217136,32.228669090400885,0.21053862348507726,0.2783765064932715,0.5089868994048048,global_lstm_seed_ensemble_seed=1,20265609,1,20265609
39010,global_lstm,global LSTM,15.597535934291582,-3.329811501914776,-2.9959758984934948,-0.3802376018895963,137.23941867092992,37.78792071460551,0.5601258743082702,1.5711843383973443,0.5246359219113317,global_lstm_seed_ensemble_seed=1,20265609,1,20265609
39011,global_lstm,global LSTM,15.597535934291582,-1.668825591683961,-0.45366702312659,0.17066261936571148,18.21518013326848,33.14101739097561,0.25993236620998106,0.24899655265721843,0.8288233474215609,global_lstm_seed_ensemble_seed=1,20265609,1,20265609
39012,global_lstm,global LSTM,15.301848049281315,-0.1922232529941108,-1.011644799447125,0.13417191086626312,11.595442824406229,25.81126991288595,0.34752203354230443,0.6164679157313265,1.6509651593980037,global_lstm_seed_ensemble_seed=1,20265609,1,20265609
39014,global_lstm,global LSTM,15.597535934291582,-11.857422611872753,-7.8635089434047245,-1.1980593524973768,197.24633633957149,33.32983160504693,0.772175825909703,1.9489127649996725,0.8729583581874579,global_lstm_seed_ensemble_seed=1,20265609,1,20265609
39015,global_lstm,global LSTM,13.79876796714579,-5.0664015923939845,-2.068811101508495,-0.21408238024426396,158.7255323404661,23.7960691451479,0.8241415701033638,1.7638889982713835,1.2450406713970539,global_lstm_seed_ensemble_seed=1,20265609,1,20265609
39016,global_lstm,global LSTM,15.597535934291582,-0.19769464498776523,-0.8815791797890982,0.0913140381301154,105.16283776810788,53.579182235015445,0.29286621601796325,1.0274505361902662,0.33304355314487954,global_lstm_seed_ensemble_seed=1,20265609,1,20265609
39017,global_lstm,global LSTM,14.69678302532512,0.4505327089503979,0.2662157536494093,0.194231500009447,7.938889983672919,50.587100805265884,0.8042800067155553,0.3861865055648007,1.94137268309399,global_lstm_seed_ensemble_seed=1,20265609,1,20265609
39019,global_lstm,global LSTM,14.72416153319644,-3.7128698193681693,-2.1098966789252147,-0.16535129758837308,136.36475960799868,25.26102522210975,0.7322511787437803,1.2195673567543084,1.1011530277407022,global_lstm_seed_ensemble_seed=1,20265609,1,20265609
39020,global_lstm,global LSTM,15.597535934291582,-0.3228875151003492,-0.3482528998219363,0.39481126001298383,73.10468631229826,34.47662337663523,0.32642049327040057,0.913101773160804,1.1219409550990713,global_lstm_seed_ensemble_seed=1,20265609,1,20265609
39021,global_lstm,global LSTM,15.597535934291582,0.6690577662973549,0.41571300031711345,0.6501989676428224,34.118284810515796,51.085758860087665,0.17531265879432928,0.8930239459005973,0.47886126069584956,global_lstm_seed_ensemble_seed=1,20265609,1,20265609
39022,global_lstm,global LSTM,15.597535934291582,0.5952962666288572,0.19715112106941945,0.44205177725308875,24.964560890751766,31.252397469627358,0.09755940753193694,0.4062596289967646,0.7733767178780515,global_lstm_seed_ensemble_seed=1,20265609,1,20265609
39023,global_lstm,global LSTM,15.597535934291582,-6.847962362874256,-13.206198734110552,-2.0349920270997592,159.57527370869454,61.128187784606276,0.41672407719700016,1.9550355156719903,1.5681591637402474,global_lstm_seed_ensemble_seed=1,20265609,1,20265609
39025,global_lstm,global LSTM,15.572895277207392,0.8316922699386373,0.6141650177073563,0.6583105082079698,17.88332838828547,28.462650331232005,0.20182698595078088,0.2854945514631657,1.0251093227834467,global_lstm_seed_ensemble_seed=1,20265609,1,20265609
39027,global_lstm,global LSTM,15.597535934291582,-6.7159725612200845,-5.200332962416279,-0.9336724018288398,101.95414242705179,53.31707068136026,0.2815385953695134,0.672028599403883,0.9340862506728779,global_lstm_seed_ensemble_seed=1,20265609,1,20265609
39028,global_lstm,global LSTM,15.597535934291582,-4.537225027521469,-4.935024336469015,-0.9108372362843555,120.82486722365726,53.62848123374326,0.3527608287027613,1.2024435419395807,0.9351376732654635,global_lstm_seed_ensemble_seed=1,20265609,1,20265609
39029,global_lstm,global LSTM,15.597535934291582,-6.092057189401558,-4.059324229923111,-0.8903717814678287,58.74585582820648,34.07028385367338,0.2366014832533078,1.2987793600437443,0.7407639338009525,global_lstm_seed_ensemble_seed=1,20265609,1,20265609
39034,global_lstm,global LSTM,15.597535934291582,0.708239076514091,0.32951644684704184,0.5620224591334089,42.32708825798007,32.63631547300924,0.11291727124558099,0.28469916388344907,0.3558095263794091,global_lstm_seed_ensemble_seed=1,20265609,1,20265609
39035,global_lstm,global LSTM,15.597535934291582,-0.8331880643666252,-2.358607846190342,-0.1758137729349778,57.61643628709627,36.15664257534154,0.20235829656889515,0.8373740451964302,0.7060728762878377,global_lstm_seed_ensemble_seed=1,20265609,1,20265609
39036,global_lstm,global LSTM,15.378507871321013,-32.915422127242195,-29.80311950106427,-4.128762812362161,61.898145594506595,35.88251971881986,0.23679470600820748,1.5452864825649597,1.160258920643438,global_lstm_seed_ensemble_seed=1,20265609,1,20265609
39037,global_lstm,global LSTM,15.197809719370294,-1.336352960474866,-0.6265476302154402,0.3163871212129973,68.37953276760273,59.497784304230905,0.06042533605223645,1.133912542846828,0.9791185022038149,global_lstm_seed_ensemble_seed=1,20265609,1,20265609
39042,global_lstm,global LSTM,14.984257357973991,0.34787055755467644,0.09363812068523913,0.5169196965564542,50.934274598037696,40.2965056330509,0.10174273802015492,0.9698933553011597,0.9257596766205137,global_lstm_seed_ensemble_seed=1,20265609,1,20265609
39049,global_lstm,global LSTM,14.573579739904176,0.4779038251185245,0.3204867423951313,0.3017211000038502,3.455076324811765,25.464316507757736,0.8674743780385338,0.3241002658983836,1.7285570393847347,global_lstm_seed_ensemble_seed=1,20265609,1,20265609
39052,global_lstm,global LSTM,15.594798083504449,0.6238471286579177,0.4137438180601217,0.3536065780655915,7.346267864821156,29.061849323755165,0.5972564869158788,0.21225595036805966,1.5461530537207526,global_lstm_seed_ensemble_seed=1,20265609,1,20265609
39054,global_lstm,global LSTM,13.505817932922655,0.6235681452670014,0.5221811067439478,0.41304937964839605,9.891090400297358,33.933507661162835,0.5353845832583906,0.26037482787297817,1.3096074450829254,global_lstm_seed_ensemble_seed=1,20265609,1,20265609
39056,global_lstm,global LSTM,13.44832306639288,-3.1488328457819614,-2.527500282585135,-0.7421126164686564,6.257269234572009,27.376752420445044,0.6409970864955807,0.5231164823568532,1.7416216284879926,global_lstm_seed_ensemble_seed=1,20265609,1,20265609
39061,global_lstm,global LSTM,15.249828884325805,-0.4174370758477495,-0.9778173009373621,-0.1268690625960711,100.44378014442023,56.258325866077094,0.2517362444771515,0.9335941263839045,1.0476995390436468,global_lstm_seed_ensemble_seed=1,20265609,1,20265609
39065,global_lstm,global LSTM,14.157426420260096,-9.279636002963402,-6.237498471891277,-0.8710204056558744,132.53891826839637,60.385492842672456,0.3414108065333227,1.3087442456294318,1.2124543554710203,global_lstm_seed_ensemble_seed=1,20265609,1,20265609
39069,global_lstm,global LSTM,14.496919917864476,0.5001386059434776,0.3073711031363613,0.10520868537568084,8.663505383253279,26.642726245439263,0.487885012829517,0.05920979063800491,0.9867219887751988,global_lstm_seed_ensemble_seed=1,20265609,1,20265609
39072,global_lstm,global LSTM,12.958247775496236,0.5892157601010041,0.41508367684775815,0.5928967410872039,52.19520589610095,69.20716019208659,0.12252041390916364,0.9059428030791751,0.8371938308069947,global_lstm_seed_ensemble_seed=1,20265609,1,20265609
39078,global_lstm,global LSTM,13.330595482546201,-10.483132514134008,-5.074132859066332,-1.177986581351858,32.625396474702484,37.34882570533244,0.05872115352437498,0.8673940067712271,1.0430678292763624,global_lstm_seed_ensemble_seed=1,20265609,1,20265609
39081,global_lstm,global LSTM,15.34839151266256,0.6923459142182025,0.48158430237502325,0.5231842116529002,34.40060955269163,55.1461142175933,0.20494877798255995,0.8857218428877704,0.24640094845675264,global_lstm_seed_ensemble_seed=1,20265609,1,20265609
39087,global_lstm,global LSTM,14.231348391512663,0.3053548375891564,0.06679842213473974,0.08625941091636513,16.54515924983498,64.11160782640943,0.588265716827206,0.04959205896328478,1.0624088382534338,global_lstm_seed_ensemble_seed=1,20265609,1,20265609
39088,global_lstm,global LSTM,14.47501711156742,-8.689738991780473,-8.15715061732501,-1.1796419185508813,171.4744556707587,45.26605581913832,0.5784267782744433,1.9525322426761065,1.0063416698846708,global_lstm_seed_ensemble_seed=1,20265609,1,20265609
39095,global_lstm,global LSTM,11.718001368925394,0.4260955963037484,0.34938261428977435,0.5772686570384382,6.151400032103671,22.406032601931784,0.561390992982188,0.4077599691681616,1.6560961181036022,global_lstm_seed_ensemble_seed=1,20265609,1,20265609
39099,global_lstm,global LSTM,11.824777549623546,0.3594755629438027,0.21957721672653407,0.23053252830976845,48.483524081780615,47.62448788779055,0.007763860824361333,1.5935875152613754,1.5859849966500104,global_lstm_seed_ensemble_seed=1,20265609,1,20265609
39101,global_lstm,global LSTM,10.075290896646132,-4.666912891746638,-2.9523898467705423,-0.5203055817827484,69.16520568319403,28.362895285037425,0.3871371112149324,1.3159273972111463,1.364489940325491,global_lstm_seed_ensemble_seed=1,20265609,1,20265609
39105,global_lstm,global LSTM,9.96577686516085,0.6172791219299603,0.3911994887760174,0.3350622758939268,27.262784857255046,34.67425045744965,0.10443686546829126,0.8855051309679,0.6104131263418281,global_lstm_seed_ensemble_seed=1,20265609,1,20265609
39108,global_lstm,global LSTM,9.412731006160165,-0.37798456961538207,0.09359525315956341,0.45015393016311356,66.08352628106474,39.86496422592275,0.2195018306037179,1.1943233533871644,1.191038727875585,global_lstm_seed_ensemble_seed=1,20265609,1,20265609
39114,global_lstm,global LSTM,8.999315537303216,-11.722573205522707,-5.8438629381326095,-1.0210018323379395,174.3424213064177,75.15832051441927,0.36542600646470075,1.930730632722982,1.5819190313659894,global_lstm_seed_ensemble_seed=1,20265609,1,20265609
39120,global_lstm,global LSTM,9.284052019164955,-126.21565663768088,-68.55261759790709,-9.46894708755512,32.49963114126014,39.39498965608871,0.08356255885713597,0.761779129894432,0.9135324793726548,global_lstm_seed_ensemble_seed=1,20265609,1,20265609
39125,global_lstm,global LSTM,8.88432580424367,-22.488245959733895,-12.527047741272048,-3.1749857196853792,136.7279946660435,30.927747332284916,0.6455091555445434,2.054766930011197,1.2440856377909064,global_lstm_seed_ensemble_seed=1,20265609,1,20265609
39127,global_lstm,global LSTM,8.681724845995893,-16.931074075993834,-9.8816873396801,-1.5183573506148385,129.40416113449393,23.867051698498205,0.7341494679396011,1.5724740464615765,0.8463384572139329,global_lstm_seed_ensemble_seed=1,20265609,1,20265609
39141,global_lstm,global LSTM,7.477070499657769,0.08633206606668731,0.07188320723483999,0.5232345769521441,13.46037389649059,23.80995237879604,0.2477014030918031,0.17631341693567926,0.5351247546805308,global_lstm_seed_ensemble_seed=1,20265609,1,20265609
39142,global_lstm,global LSTM,8.098562628336756,-2.131776356638111,-1.7618215891012157,0.0924772281198355,79.0965518764858,32.95780248320402,0.38019930466327434,1.0793767423472493,1.2190685399682009,global_lstm_seed_ensemble_seed=1,20265609,1,20265609
39143,global_lstm,global LSTM,8.098562628336756,0.1439959120766532,-0.11070597244444347,0.35737533166608926,58.690555488398296,27.986854189441505,0.32161413485737844,1.9738074564272319,1.7586152102402282,global_lstm_seed_ensemble_seed=1,20265609,1,20265609
39144,global_lstm,global LSTM,8.202600958247775,0.7303632739259684,0.15731506182677235,0.3439072370704003,44.18315320183365,24.974204372923662,0.2477650453816762,1.824538944469592,1.3069944945230918,global_lstm_seed_ensemble_seed=1,20265609,1,20265609
40003,global_lstm,global LSTM,15.537303216974674,0.7141419458327574,0.548161334905729,0.45600953112877574,14.683459602570874,27.76334811689289,0.27664344589524104,0.12220172677768804,0.35290964583311024,global_lstm_seed_ensemble_seed=1,20265609,1,20265609
40004,global_lstm,global LSTM,15.263518138261464,0.7381498613934343,0.5374930237072824,0.4263748765945562,10.787992628990848,23.604144342706036,0.3400476207030282,0.35685889578823515,0.771364869078907,global_lstm_seed_ensemble_seed=1,20265609,1,20265609
40005,global_lstm,global LSTM,15.359342915811089,0.5926461901840847,0.4449319359734595,0.31151382750360757,9.957915513863615,28.42924238482428,0.45559684900343905,0.3521480898917073,0.7256102571672484,global_lstm_seed_ensemble_seed=1,20265609,1,20265609
40006,global_lstm,global LSTM,12.826830937713895,0.5343234372804442,-0.9768479487652122,-0.09219355799772888,21.747459710214873,31.02246782384674,0.154267807855735,0.9254377618113164,1.5120005154472316,global_lstm_seed_ensemble_seed=1,20265609,1,20265609
40007,global_lstm,global LSTM,15.545516769336071,0.7754137213654309,0.5994974568541741,0.5638943831794135,11.124913243846002,24.715243316395455,0.3466682574775718,0.5320620971945971,1.10290624411646,global_lstm_seed_ensemble_seed=1,20265609,1,20265609
40009,global_lstm,global LSTM,15.249828884325805,0.7117678990301697,0.5382259195457031,0.6228877038825363,10.659465399431664,24.368807232045434,0.3590988482955007,0.6843764888797825,1.4133857435205515,global_lstm_seed_ensemble_seed=1,20265609,1,20265609
40010,global_lstm,global LSTM,14.872005475701574,0.7327201570317737,0.6041882084922481,0.5647092172105543,11.281858531882957,27.74037629226151,0.3907316982721719,0.10382736862008946,0.8450728383951551,global_lstm_seed_ensemble_seed=1,20265609,1,20265609
40011,global_lstm,global LSTM,15.597535934291582,0.637936375948543,0.38411546391598617,0.613070136536811,36.35424765589164,26.543162979122577,0.13660248772233097,0.5381992505844155,0.21771988758044247,global_lstm_seed_ensemble_seed=1,20265609,1,20265609
40012,global_lstm,global LSTM,15.597535934291582,-5.763181734982282,-3.1942926494147725,-0.6599098465995661,103.92745073965884,26.44994828867509,0.5943054472088795,1.4489365489321084,0.18771557830246122,global_lstm_seed_ensemble_seed=1,20265609,1,20265609
40013,global_lstm,global LSTM,15.592060232717317,0.47181056233456553,0.6410903771635241,0.6104073703590094,32.487037259018074,26.314101716015355,0.09152155741707894,0.7274779115450066,0.49000561093800943,global_lstm_seed_ensemble_seed=1,20265609,1,20265609
40016,global_lstm,global LSTM,15.493497604380561,-3.9150062679240163,-1.803881448887331,-0.155469863063318,61.24909056883633,25.43999644782401,0.38158259831085956,2.2516619189569003,1.7025469752616103,global_lstm_seed_ensemble_seed=1,20265609,1,20265609
40017,global_lstm,global LSTM,14.327173169062286,0.5756302907411541,0.446683242184973,0.45342442639355407,6.151440746677355,29.21978760974363,0.6767002097956112,1.1270471050682949,1.6201157382196454,global_lstm_seed_ensemble_seed=1,20265609,1,20265609
40018,global_lstm,global LSTM,15.378507871321013,-1.9516496781678732,-0.27523309471141966,0.2480419510163937,64.95664242069051,27.388968298552122,0.3750478949901276,1.074029498844574,0.2887960984024509,global_lstm_seed_ensemble_seed=1,20265609,1,20265609
4001,global_lstm,global LSTM,14.023271731690622,0.5231806929704791,0.01721850910758216,0.5048863841898428,10.739908747545533,71.65935623899493,0.8242723109445159,0.5244443285115292,0.30267677753764555,global_lstm_seed_ensemble_seed=1,20265609,1,20265609
40020,global_lstm,global LSTM,13.702943189596168,0.6129191179972229,0.3951651438070135,0.28256728716138746,10.066745973908164,25.957434991212374,0.4113726653395553,1.1252110842910668,1.574448070363835,global_lstm_seed_ensemble_seed=1,20265609,1,20265609
40021,global_lstm,global LSTM,12.281998631074606,0.6889115625632609,0.45680810205548716,0.38661199150189784,11.78509574306548,26.28833252735271,0.3484299245016625,0.8055828138092544,1.7630337734367056,global_lstm_seed_ensemble_seed=1,20265609,1,20265609
40022,global_lstm,global LSTM,6.458590006844627,0.6479709220774371,0.0798280376660575,0.04907819599284913,29.893109712003735,24.491449871289035,0.0865566003341697,0.35811587153467805,0.23688843887345723,global_lstm_seed_ensemble_seed=1,20265609,1,20265609
40033,global_lstm,global LSTM,12.668035592060233,-4.121138555145046,-3.419319565972451,-0.3655378502466031,122.6769072459989,20.423118055858936,0.7786407708458492,0.8478351954584833,1.2577051222294036,global_lstm_seed_ensemble_seed=1,20265609,1,20265609
4003,global_lstm,global LSTM,14.622861054072553,0.7245119860741361,0.4374633679610992,0.6178894899067526,3.498236498720867,76.56228972886852,1.340165746628764,1.0981100758785423,0.31943882448005,global_lstm_seed_ensemble_seed=1,20265609,1,20265609
4005,global_lstm,global LSTM,11.02258726899384,0.7906516593160395,0.47601329473129816,0.5338749302732599,2.445828399029055,82.74728282784132,1.5293277583807092,0.9433523948786203,0.5487292988072625,global_lstm_seed_ensemble_seed=1,20265609,1,20265609
4006,global_lstm,global LSTM,9.872689938398358,0.8785536851403388,0.4587634303486734,0.5245213690683512,3.148743276222441,95.0427824426456,1.4797818889706122,1.2072214036151732,0.2955529011799889,global_lstm_seed_ensemble_seed=1,20265609,1,20265609
41001,global_lstm,global LSTM,15.589322381930184,0.5140932358267079,0.13596511764667563,-0.1085425671498439,23.255405723545955,30.502257223961177,0.11780805834117729,1.2454987136359343,1.5920104912171602,global_lstm_seed_ensemble_seed=1,20265609,1,20265609
41003,global_lstm,global LSTM,15.123887748117728,0.6700264971989338,0.42299203937237084,0.2698810978892153,3.660827914649439,26.42278436505756,0.8583992661412663,0.30542088452372607,0.8825460875300274,global_lstm_seed_ensemble_seed=1,20265609,1,20265609
41004,global_lstm,global LSTM,14.442162902121835,0.3196703166150803,-0.5422248757603638,0.12946998939570575,15.878939457603197,25.744075907610743,0.20985581443580406,0.4620779607334582,0.8329737680749103,global_lstm_seed_ensemble_seed=1,20265609,1,20265609
41005,global_lstm,global LSTM,15.50444900752909,0.7787730243361,0.6085301153133676,0.5658479250148485,11.434282942656644,24.227706555094457,0.32610337018913793,0.5041338487370822,1.0229544840385938,global_lstm_seed_ensemble_seed=1,20265609,1,20265609
41006,global_lstm,global LSTM,15.542778918548938,0.6277738441508428,0.3505409873754243,0.21734851284434498,6.757548912410737,26.395506908613314,0.591740808873958,1.1179131889704326,1.7202946839145983,global_lstm_seed_ensemble_seed=1,20265609,1,20265609
41009,global_lstm,global LSTM,13.763175906913073,0.16592789124496998,-0.26031903193987116,0.35332973091506736,18.850414756937514,37.70752522033794,0.30110711996637923,0.6692753714721016,0.14956821720012758,global_lstm_seed_ensemble_seed=1,20265609,1,20265609
41011,global_lstm,global LSTM,15.55920602327173,0.7142233535122819,0.4408578055637883,0.5732149636275864,13.104406303737061,24.79669978973882,0.2769765341341986,0.6472257143149609,1.2362716249611343,global_lstm_seed_ensemble_seed=1,20265609,1,20265609
41012,global_lstm,global LSTM,15.468856947296372,0.58626429998383,0.3291651397307366,0.110588977953328,8.198502226032563,24.015561835560817,0.4667582323369707,0.3708991095459859,0.9402478333731977,global_lstm_seed_ensemble_seed=1,20265609,1,20265609
41013,global_lstm,global LSTM,15.381245722108146,0.6111767186612089,0.4285813878616649,0.3235524927623058,7.369078113515271,25.47914087475038,0.5387716198905872,1.1292446006341135,1.6692910491252118,global_lstm_seed_ensemble_seed=1,20265609,1,20265609
41014,global_lstm,global LSTM,15.238877481177276,0.39986963635977446,0.49496370180170357,0.3079559813021072,9.940338814166896,28.75734197919054,0.4613475545562851,0.585393397693639,0.37381018756873063,global_lstm_seed_ensemble_seed=1,20265609,1,20265609
41016,global_lstm,global LSTM,15.597535934291582,0.702425356578403,0.51161733557354,0.43924850163394935,8.841911866310628,24.995469781854304,0.4513151219248542,1.0071327390907507,1.5208547699874047,global_lstm_seed_ensemble_seed=1,20265609,1,20265609
41019,global_lstm,global LSTM,15.509924709103354,0.6326922977312253,0.49963918271733687,0.34595866336783376,6.228551391717827,35.970941075480425,0.7615647478654349,0.19331263076289795,1.3766657427088531,global_lstm_seed_ensemble_seed=1,20265609,1,20265609
41020,global_lstm,global LSTM,15.279945242984258,0.6732155960696041,0.4719683730665396,0.3454200728662512,7.347396971627009,22.931441746169863,0.49429785563909895,0.9072098545190888,1.339263385739129,global_lstm_seed_ensemble_seed=1,20265609,1,20265609
41022,global_lstm,global LSTM,15.597535934291582,0.7466886143855964,0.5740917889535279,0.5554276183868097,6.368920326471463,30.795875169184043,0.6844267345423167,0.3524867050781947,1.3533349878493457,global_lstm_seed_ensemble_seed=1,20265609,1,20265609
41023,global_lstm,global LSTM,15.545516769336071,-5.538038492371232,-4.614338664330335,-1.2840354922875514,51.47498254624672,24.591548829861374,0.3208103256104583,1.277260765012417,1.1198442188037792,global_lstm_seed_ensemble_seed=1,20265609,1,20265609
41025,global_lstm,global LSTM,15.21697467488022,0.5251377669128408,0.35811413676576753,0.17989990486737306,3.6655955957387265,34.33099497031038,0.9715418401617959,0.32561164549079435,1.137844974841336,global_lstm_seed_ensemble_seed=1,20265609,1,20265609
41027,global_lstm,global LSTM,14.959616700889802,0.6274286532510616,0.44808278933905143,0.38757405827345115,8.642167333517653,31.190069371079186,0.5573936696288758,0.784828576710792,1.550033994070553,global_lstm_seed_ensemble_seed=1,20265609,1,20265609
41028,global_lstm,global LSTM,15.241615331964407,0.6500252410978682,0.5016001525301335,0.5014657446537033,7.11843824802587,23.487905472400314,0.5184595684970772,0.7812857753644318,1.3432383611716676,global_lstm_seed_ensemble_seed=1,20265609,1,20265609
41029,global_lstm,global LSTM,13.193702943189596,0.6981775132315824,0.45004382214464766,0.3761106996362481,9.98548260389911,38.01049439692282,0.5805344590378764,1.0754092006008364,1.6262087934507437,global_lstm_seed_ensemble_seed=1,20265609,1,20265609
42001,global_lstm,global LSTM,15.425051334702259,0.18040666595222177,0.0774303135835821,0.11770121631964225,14.741597476181719,55.20977442155767,0.5734714242026695,0.7824172644996348,1.468853207675639,global_lstm_seed_ensemble_seed=1,20265609,1,20265609
42003,global_lstm,global LSTM,15.457905544147843,0.7216012336543669,0.5570054824244822,0.5285178350396539,7.397000967423645,32.11665567636011,0.63767464015492,0.35119058537169867,1.2269722182592073,global_lstm_seed_ensemble_seed=1,20265609,1,20265609
42004,global_lstm,global LSTM,15.578370978781656,-3.4830540705420727,-2.9265169598648844,-0.41686035754934303,77.20229317971317,30.20216081762256,0.4075921848760057,1.2081033043242682,0.6476165052306989,global_lstm_seed_ensemble_seed=1,20265609,1,20265609
42006,global_lstm,global LSTM,15.597535934291582,-0.6459043624386533,-0.6919935607117349,0.28202098122930164,58.53842482873409,27.556309545090308,0.3272199774984105,0.8075707815753612,0.5720351463650047,global_lstm_seed_ensemble_seed=1,20265609,1,20265609
42008,global_lstm,global LSTM,15.597535934291582,-7.250079323417966,-4.191460291610394,-0.7048122552518712,61.588988861133004,27.2960630579863,0.3534030613337786,0.7909446617426283,0.935769188415258,global_lstm_seed_ensemble_seed=1,20265609,1,20265609
42010,global_lstm,global LSTM,15.523613963039015,-2.8834622180988747,-2.849701835240134,-0.15344737113416684,77.19777466321167,27.64941603779041,0.4459188180183001,1.0467941444551927,0.6341945442747536,global_lstm_seed_ensemble_seed=1,20265609,1,20265609
42011,global_lstm,global LSTM,15.02258726899384,0.028171516988340195,0.029353290745315452,0.504413876411813,23.425638572774943,37.28998925700689,0.20190081984312516,1.000841287704631,1.5307269404678436,global_lstm_seed_ensemble_seed=1,20265609,1,20265609
42016,global_lstm,global LSTM,13.796030116358658,-4.4524156206176855,-4.2776965486067535,-0.33353029324988515,142.27334360560533,36.04178694043818,0.5963172230821532,0.7770566222066568,0.7502980430299023,global_lstm_seed_ensemble_seed=1,20265609,1,20265609
42017,global_lstm,global LSTM,11.301848049281315,0.5251843267379276,0.49608493606474513,0.3898775981288718,18.235727498592958,73.6992649574394,0.606540062628767,0.6017892842310352,1.4564105124410358,global_lstm_seed_ensemble_seed=1,20265609,1,20265609
42024,global_lstm,global LSTM,10.001368925393566,-3.874699603662397,-2.6236384247175613,-0.24351690508182955,131.08009167980515,61.65642586736446,0.32755839075832344,1.212737850509135,0.7812441641719443,global_lstm_seed_ensemble_seed=1,20265609,1,20265609
42026,global_lstm,global LSTM,6.787132101300479,0.11486857293077701,-0.47693268138813294,0.21137079666244185,65.62898670313531,25.423790656928063,0.4118553950629826,0.21008519022511996,0.7833738815527562,global_lstm_seed_ensemble_seed=1,20265609,1,20265609
42027,global_lstm,global LSTM,6.822724161533197,-1.8477088303496236,-1.896582328118853,0.039674530918115125,103.7723879365336,26.030219797799077,0.6006039752410137,0.7088653629624051,1.0159267867940425,global_lstm_seed_ensemble_seed=1,20265609,1,20265609
43005,global_lstm,global LSTM,15.597535934291582,0.14686605659301832,-0.034664177181285005,0.49273829875825914,64.00882723825421,53.14391626395313,0.08078631504009826,0.3734308337372687,0.30281240498982487,global_lstm_seed_ensemble_seed=1,20265609,1,20265609
43006,global_lstm,global LSTM,15.594798083504449,0.3855066547014544,0.10920444531868545,0.4968805006337178,41.71684687121152,32.13549730637065,0.11332645011884351,1.0835975026746731,0.8216681626277892,global_lstm_seed_ensemble_seed=1,20265609,1,20265609
43007,global_lstm,global LSTM,14.921286789869953,0.6839481357252806,0.466223242599627,0.6079031118118019,28.550565741418836,33.404891284203124,0.06819534429191366,0.30680618716371677,0.1867013384843912,global_lstm_seed_ensemble_seed=1,20265609,1,20265609
43008,global_lstm,global LSTM,15.597535934291582,-0.8587281597546077,-0.6616379328252984,0.2739869584841168,52.85186595411299,34.21769309378311,0.18880959813587855,0.6206311385152077,0.5176398366235649,global_lstm_seed_ensemble_seed=1,20265609,1,20265609
43009,global_lstm,global LSTM,15.597535934291582,0.6553838208174831,0.5349315045063832,0.4481537108468099,9.756995288345665,33.249872764113036,0.5324738924767719,0.5890108550605655,0.4280580782285456,global_lstm_seed_ensemble_seed=1,20265609,1,20265609
43014,global_lstm,global LSTM,15.268993839835728,-0.927511241812466,-1.1373405331754767,-0.05086816929066251,70.21072925372576,52.548275755490735,0.12584501364394873,1.3277584464967986,1.0895617725614746,global_lstm_seed_ensemble_seed=1,20265609,1,20265609
43017,global_lstm,global LSTM,15.290896646132786,0.7968373131767401,0.6018526283334888,0.7387050278703097,33.47203655316744,57.49336803169626,0.23493561376910846,0.20664349039651897,0.8216121622004618,global_lstm_seed_ensemble_seed=1,20265609,1,20265609
43018,global_lstm,global LSTM,14.3709787816564,-0.006184246939497484,-0.21907870258469342,0.43530522692843365,55.97530395016957,32.084756307553555,0.24169771545454774,0.8173597177665838,0.6027218047362058,global_lstm_seed_ensemble_seed=1,20265609,1,20265609
43021,global_lstm,global LSTM,14.283367556468173,0.1995100027691844,-0.28693104663945723,0.3933867963623108,55.30018913430317,36.85708146469681,0.17620567410458823,0.3751078003998778,0.36473944601695996,global_lstm_seed_ensemble_seed=1,20265609,1,20265609
44001,global_lstm,global LSTM,15.597535934291582,-0.9798763429048605,-1.4714924725862923,-0.10583796104708898,52.586876827728055,29.72520395241814,0.2477525354098229,0.219050305875502,0.2256074460455042,global_lstm_seed_ensemble_seed=1,20265609,1,20265609
44002,global_lstm,global LSTM,15.597535934291582,-1.3709488270941392,-0.7213991856152913,0.22977508191625362,58.509133106010566,29.332815996873627,0.2998699055417791,0.6832657288146167,0.15830239510340272,global_lstm_seed_ensemble_seed=1,20265609,1,20265609
44006,global_lstm,global LSTM,15.597535934291582,-2.6006773960189093,-1.3628550360385092,-0.009846219346960394,51.65926017816728,25.981999762381893,0.2984756078062385,1.417472698986359,1.2228472863455264,global_lstm_seed_ensemble_seed=1,20265609,1,20265609
44009,global_lstm,global LSTM,14.149212867898699,-0.4293506926911299,-0.860109780774116,-0.020919199933267185,69.08186924511797,34.4121617793177,0.30265212442031975,0.8668271721423846,1.004513493525216,global_lstm_seed_ensemble_seed=1,20265609,1,20265609
44011,global_lstm,global LSTM,7.972621492128679,0.6273137619313764,0.1280068725786746,0.4112841127816498,13.499492069507763,26.628568783612675,0.2950303967830041,0.7044970868264387,1.3506788379218118,global_lstm_seed_ensemble_seed=1,20265609,1,20265609
45001,global_lstm,global LSTM,15.597535934291582,0.8747169977215039,0.6502024776314197,0.6894070322195944,11.225968747451525,41.625701341076834,0.5691377350648852,0.10543922027369756,0.5108147766627461,global_lstm_seed_ensemble_seed=1,20265609,1,20265609
45003,global_lstm,global LSTM,15.597535934291582,0.7766424955303656,0.5818746136631665,0.6012889321194291,9.154193264378407,34.41952570131218,0.5751848044218024,0.3881465079442733,1.1348791075155518,global_lstm_seed_ensemble_seed=1,20265609,1,20265609
45004,global_lstm,global LSTM,15.597535934291582,0.7428744062591874,0.5265586422651422,0.5551988918806638,6.3175318043119235,28.894247125592326,0.6602639459205335,0.36526237241314563,1.1826628464941589,global_lstm_seed_ensemble_seed=1,20265609,1,20265609
45005,global_lstm,global LSTM,15.597535934291582,0.7189807766799186,0.5620296774277297,0.6633969179022736,7.848020881986274,30.66694483881978,0.5919103620772557,0.418141026958632,1.1983340493122405,global_lstm_seed_ensemble_seed=1,20265609,1,20265609
45009,global_lstm,global LSTM,15.597535934291582,0.756683468786727,0.5454604603425186,0.7237556270212253,11.622891567772184,37.78233288505413,0.5119745838933873,0.70980311212036,0.43399886134067667,global_lstm_seed_ensemble_seed=1,20265609,1,20265609
45012,global_lstm,global LSTM,15.58110882956879,0.7739701523780731,0.6037809013310698,0.5242819437055186,10.438695532199015,36.12018712715701,0.539103760983787,0.5152594229675584,1.326235110103005,global_lstm_seed_ensemble_seed=1,20265609,1,20265609
46003,global_lstm,global LSTM,15.597535934291582,0.834490500987153,0.533701450388829,0.7082800364359685,10.534063604330836,28.805780326415185,0.43688370813987587,0.5026633128670679,0.8377933360078326,global_lstm_seed_ensemble_seed=1,20265609,1,20265609
46005,global_lstm,global LSTM,15.597535934291582,0.815892473709862,0.5227389420916553,0.6521686137431645,5.074104954960063,30.465529734079414,0.7784492879190443,0.6602382383503902,1.0183938535403256,global_lstm_seed_ensemble_seed=1,20265609,1,20265609
46008,global_lstm,global LSTM,12.88432580424367,0.8510993287622747,0.5618162736349521,0.7144856892489271,13.008983203409576,35.709794518025035,0.43854399822589585,0.33453585706461086,0.748333151145038,global_lstm_seed_ensemble_seed=1,20265609,1,20265609
47001,global_lstm,global LSTM,15.597535934291582,0.8792498332684993,0.5916718622534852,0.6257948049989652,11.227923311116287,35.25061584482535,0.4968672710650154,0.17900649729517237,0.8718070933459321,global_lstm_seed_ensemble_seed=1,20265609,1,20265609
47004,global_lstm,global LSTM,15.597535934291582,0.8220865582414092,0.5272813680477408,0.6518400073706362,15.439230473002377,30.12768710165623,0.2903401419296442,0.301080181785224,0.6216799332112369,global_lstm_seed_ensemble_seed=1,20265609,1,20265609
47005,global_lstm,global LSTM,12.542094455852157,0.7981603202147604,0.5382456394285404,0.5506023123126859,11.368243378930757,43.729853585706515,0.5850846605777429,0.4915074922596139,1.2946152520314602,global_lstm_seed_ensemble_seed=1,20265609,1,20265609
47008,global_lstm,global LSTM,15.597535934291582,0.8105838596847058,0.5702531995299439,0.7214811798152287,11.224049921801917,35.811749503782934,0.5038759483669395,0.5047291872791597,1.1161934837969227,global_lstm_seed_ensemble_seed=1,20265609,1,20265609
47009,global_lstm,global LSTM,15.597535934291582,0.7703188038154449,0.48148382132014744,0.6799610260786508,15.672327200604878,31.309728324297133,0.3005458091349955,0.8040756333015837,0.544002760226451,global_lstm_seed_ensemble_seed=1,20265609,1,20265609
47011,global_lstm,global LSTM,9.83709787816564,0.7263323779880566,0.3720072448626178,0.655966796715687,8.921552838348441,51.17562758799617,0.7586227253427597,0.31861664014930935,0.9322854573167205,global_lstm_seed_ensemble_seed=1,20265609,1,20265609
47014,global_lstm,global LSTM,13.763175906913073,0.7971730642400175,0.4799030144134848,0.6006573071185435,7.891577832528665,61.2356706102923,0.8898406340899158,0.4524315528431657,1.0376164775116345,global_lstm_seed_ensemble_seed=1,20265609,1,20265609
47018,global_lstm,global LSTM,10.121834360027378,0.7336174062285896,0.45472007982870355,0.438932432594451,5.526553205914527,39.157664874248646,0.8503624297410837,0.548005298459312,1.1207774265911614,global_lstm_seed_ensemble_seed=1,20265609,1,20265609
48003,global_lstm,global LSTM,13.292265571526352,0.6672426448839626,0.44784980877754477,0.6357793372870815,26.89411062983871,37.16657153965119,0.14049531407011887,0.19639850386467317,0.5548861888458558,global_lstm_seed_ensemble_seed=1,20265609,1,20265609
48004,global_lstm,global LSTM,15.597535934291582,0.6839716397157427,0.4246344185940638,0.6527782432200075,18.259646069757306,31.792436320376986,0.24083145481137944,0.530801583994691,1.0524796862956318,global_lstm_seed_ensemble_seed=1,20265609,1,20265609
48005,global_lstm,global LSTM,15.597535934291582,0.8001921564858958,0.5289200499372843,0.5749105773306354,24.117124857613824,29.761655407111128,0.09133155214729527,0.7446085964577344,0.9827991765380443,global_lstm_seed_ensemble_seed=1,20265609,1,20265609
48011,global_lstm,global LSTM,15.597535934291582,0.7013249754933161,0.43918581652937116,0.692163906731729,15.737184814230131,31.086318589878562,0.2956422484713065,0.2334550596597882,0.7267161521850108,global_lstm_seed_ensemble_seed=1,20265609,1,20265609
49001,global_lstm,global LSTM,14.532511978097194,0.8101857323255934,0.8176058697485056,0.8352378863794182,17.03457954781384,16.803750065671977,0.005925205322053753,1.1036236689087937,1.1032629218590737,global_lstm_seed_ensemble_seed=1,20265609,1,20265609
49002,global_lstm,global LSTM,15.553730321697467,0.44680398190703563,0.30074372767871604,0.545575116831865,33.6482382722635,30.36707572913491,0.04455935821342378,0.9273917465437221,0.9116894802702304,global_lstm_seed_ensemble_seed=1,20265609,1,20265609
49004,global_lstm,global LSTM,15.597535934291582,0.7907162022315347,0.5362445114542512,0.5415584716998092,24.11427685990475,32.611424320725014,0.13109552444564088,1.281176381976858,1.6359843288840648,global_lstm_seed_ensemble_seed=1,20265609,1,20265609
50001,global_lstm,global LSTM,15.597535934291582,0.8745770656409257,0.6168468452828049,0.6434575480111484,9.986902733364568,37.89029612316494,0.579097179299218,0.16104332332098448,0.8506365431455329,global_lstm_seed_ensemble_seed=1,20265609,1,20265609
50002,global_lstm,global LSTM,15.422313483915127,0.8362923254210387,0.604029357813598,0.5971537189456362,6.616952964778483,36.04379623888874,0.7361724783278841,0.3035057978422939,1.0485050303599737,global_lstm_seed_ensemble_seed=1,20265609,1,20265609
50006,global_lstm,global LSTM,15.597535934291582,0.8707538955672361,0.594929746057772,0.6663987447022551,9.79318068305884,43.23980843099974,0.6449599939304472,0.20438609710119426,0.5386114011370727,global_lstm_seed_ensemble_seed=1,20265609,1,20265609
50007,global_lstm,global LSTM,14.642026009582478,0.8793062075198514,0.6061011959732829,0.5804973384996681,10.970442328327985,35.45209168393571,0.5094177250934526,0.6928872929147207,1.198036453087208,global_lstm_seed_ensemble_seed=1,20265609,1,20265609
50008,global_lstm,global LSTM,10.379192334017796,0.7801127529181376,0.4636014448760636,0.470495786724229,5.779320327174734,43.7312531750696,0.878915156255486,0.6295405975986127,1.0708434683424688,global_lstm_seed_ensemble_seed=1,20265609,1,20265609
50011,global_lstm,global LSTM,11.693360711841205,0.8723635695487509,0.5335903478116611,0.6432952687635765,9.903865307937085,49.032109668470824,0.6946758543835945,0.663231708014363,0.9578583269569698,global_lstm_seed_ensemble_seed=1,20265609,1,20265609
5003,global_lstm,global LSTM,9.897330595482547,0.2782189270157568,-0.27880470805690827,0.3908295600907895,12.171939631395968,35.48401245965776,0.464672933328219,0.2801883130747884,0.3947807859079737,global_lstm_seed_ensemble_seed=1,20265609,1,20265609
51001,global_lstm,global LSTM,15.529089664613279,0.735538127811765,0.5809801416289513,0.6771430378927339,28.041622412072275,37.465319523408866,0.1258263037152927,1.0377660891172553,1.2184321803137144,global_lstm_seed_ensemble_seed=1,20265609,1,20265609
52004,global_lstm,global LSTM,15.597535934291582,0.6837442885895246,0.5152794904174874,0.4938496993192997,10.071742624891558,31.356126486369607,0.4932177884607245,0.45031282831527397,1.291119155252307,global_lstm_seed_ensemble_seed=1,20265609,1,20265609
52005,global_lstm,global LSTM,15.597535934291582,0.8448475713631363,0.6632178302211067,0.7621499504603322,17.179993845257094,34.99163092289323,0.3089411810519342,0.4705546782055956,1.1018002415099553,global_lstm_seed_ensemble_seed=1,20265609,1,20265609
52006,global_lstm,global LSTM,15.597535934291582,0.7793425150071283,0.5936682354582983,0.6069428693599148,10.563629887858324,31.928237789539427,0.48036177258798685,0.3924705407505379,1.14770704216867,global_lstm_seed_ensemble_seed=1,20265609,1,20265609
52007,global_lstm,global LSTM,15.597535934291582,0.6871135882661119,0.4595169992887467,0.3263890037116255,9.72932825338511,29.529578959905677,0.4821743986262863,0.22864803632655573,1.0166855947071753,global_lstm_seed_ensemble_seed=1,20265609,1,20265609
52009,global_lstm,global LSTM,15.446954140999315,0.7051065860773338,0.40778462361619117,0.5110413591770961,24.32990609923466,46.904142398038836,0.28507076688603605,0.24418503526798974,0.7064484831803848,global_lstm_seed_ensemble_seed=1,20265609,1,20265609
52010,global_lstm,global LSTM,15.509924709103354,0.6846463409042239,0.4618273236531504,0.36349822053118075,11.611837866591253,43.114847216851054,0.5697258882111088,0.6269606085747218,1.343023351637041,global_lstm_seed_ensemble_seed=1,20265609,1,20265609
52011,global_lstm,global LSTM,15.597535934291582,0.5532595140421426,0.4800510851044095,0.3324060428743276,15.782010309120777,39.48042507208651,0.39821949718540217,0.5393139557098561,0.5400367711737655,global_lstm_seed_ensemble_seed=1,20265609,1,20265609
52015,global_lstm,global LSTM,13.790554414784394,0.5936255514767803,0.5732854661883864,0.5437736019965455,26.284958585773147,40.52919022563831,0.188060629525958,0.8940186637123895,1.222985050593823,global_lstm_seed_ensemble_seed=1,20265609,1,20265609
52016,global_lstm,global LSTM,15.397672826830938,0.6006493687953669,0.35542512158308837,0.5578155290015917,34.3031531338419,40.16874231721505,0.06855419211558439,0.8010449421819724,0.9151254154218879,global_lstm_seed_ensemble_seed=1,20265609,1,20265609
53005,global_lstm,global LSTM,15.548254620123203,0.8506403703007586,0.5741421538827047,0.5753578739380526,21.438148142474894,39.86399464176594,0.2693935481182312,0.5809949605237088,1.0915993730939817,global_lstm_seed_ensemble_seed=1,20265609,1,20265609
53006,global_lstm,global LSTM,15.597535934291582,0.6513842710960038,0.5809616969763014,0.4679357495675942,8.399994631122155,42.43660506729704,0.703461624534889,0.2930614403904357,0.8672166379250065,global_lstm_seed_ensemble_seed=1,20265609,1,20265609
53007,global_lstm,global LSTM,15.597535934291582,0.8501910076469855,0.6199831734063412,0.6648975016302907,14.876157459217513,39.95710474500752,0.4291032455409561,0.6705073297527175,1.1930184960179557,global_lstm_seed_ensemble_seed=1,20265609,1,20265609
53008,global_lstm,global LSTM,15.597535934291582,0.7986705958438802,0.6313620650038513,0.5963747215079082,21.657665217825524,38.69417737684381,0.25203398201636157,0.3954313949270134,1.0978172515988418,global_lstm_seed_ensemble_seed=1,20265609,1,20265609
53009,global_lstm,global LSTM,15.594798083504449,0.8064178678294742,0.5576763675217253,0.5944686068747412,21.388632558422657,37.961149200037525,0.24915633170925125,0.32398190026015694,0.7416449665470487,global_lstm_seed_ensemble_seed=1,20265609,1,20265609
53013,global_lstm,global LSTM,15.597535934291582,0.6209712392850034,0.4162756283616361,0.355805951422248,19.74960426457942,41.59241139672644,0.3234557023040161,0.5973423561633675,1.5005649144799478,global_lstm_seed_ensemble_seed=1,20265609,1,20265609
53017,global_lstm,global LSTM,14.67214236824093,0.6855167164935432,0.5629729690570345,0.5150939236676725,14.528473239356892,44.91396255152664,0.4901613947666721,0.7145013783614846,1.4984744858476864,global_lstm_seed_ensemble_seed=1,20265609,1,20265609
53018,global_lstm,global LSTM,15.496235455167694,0.7620916502042907,0.6278793484348116,0.5483371134362073,24.548797761197417,42.49996867906486,0.2383583819013218,0.11262306783591614,0.36146059269467834,global_lstm_seed_ensemble_seed=1,20265609,1,20265609
53022,global_lstm,global LSTM,10.140999315537304,0.7799360200664844,0.5323697789584407,0.5323862025932556,21.76421315371412,73.52129039889253,0.5286701502699764,0.5266538505212933,0.2629306129123753,global_lstm_seed_ensemble_seed=1,20265609,1,20265609
53023,global_lstm,global LSTM,13.705681040383299,0.711322086194742,0.49441160924349836,0.6064958359691112,30.597995291006292,44.349843767768114,0.1611991208148293,0.7035849517086308,0.7511403787826194,global_lstm_seed_ensemble_seed=1,20265609,1,20265609
53028,global_lstm,global LSTM,12.2217659137577,0.6122456457607667,0.3627553807917352,0.4306198185941231,32.18153037059532,47.394954453608435,0.16812541741796563,1.133308874565191,0.6685197456252097,global_lstm_seed_ensemble_seed=1,20265609,1,20265609
54001,global_lstm,global LSTM,15.597535934291582,0.6861904677204415,0.34116321617029177,0.5601453735560629,16.047760994219463,35.71717851760623,0.34746269683021824,1.5221068370037851,0.7511356116717984,global_lstm_seed_ensemble_seed=1,20265609,1,20265609
54002,global_lstm,global LSTM,15.526351813826146,0.6497488839608674,0.466365836405632,0.3725165970035632,15.723058226255215,29.37744307388503,0.27147697066477366,1.1006809769921548,0.49792861251747467,global_lstm_seed_ensemble_seed=1,20265609,1,20265609
54003,global_lstm,global LSTM,15.575633127994525,-0.35037722797187953,-0.02029048982843129,0.45704305174775584,7.527525553273721,36.384995577754445,0.6842700880104623,0.22435397904337162,0.43633280467799096,global_lstm_seed_ensemble_seed=1,20265609,1,20265609
54004,global_lstm,global LSTM,15.211498973305956,0.2964219390802235,0.11059660373815172,0.15146171218956617,9.242274323648212,55.34597316512311,0.77730717333902,0.6576285422730264,0.7144013090425334,global_lstm_seed_ensemble_seed=1,20265609,1,20265609
54005,global_lstm,global LSTM,15.597535934291582,0.7428671083464342,0.4187863699901856,0.6525533477839222,9.744089400482348,30.208043833055804,0.49138134290634405,1.2962905934816806,0.4578321252791052,global_lstm_seed_ensemble_seed=1,20265609,1,20265609
54007,global_lstm,global LSTM,15.553730321697467,0.5518448029304108,0.38724122906481706,0.237919999412729,7.214232085800011,32.21509038772935,0.6498692445104604,0.10372607202100681,0.9006767903413171,global_lstm_seed_ensemble_seed=1,20265609,1,20265609
54008,global_lstm,global LSTM,15.594798083504449,0.8271975092903159,0.5593598595558538,0.5639232119364641,17.423217549893657,30.626444897420917,0.2449682276962598,0.3757711094247007,0.19538914851198996,global_lstm_seed_ensemble_seed=1,20265609,1,20265609
54011,global_lstm,global LSTM,13.122518822724162,0.7069368999454909,0.44921519515223063,0.3762364641185245,18.14609908606346,47.006655651501184,0.4133760758565149,0.3170969543961535,1.4833784853874183,global_lstm_seed_ensemble_seed=1,20265609,1,20265609
54012,global_lstm,global LSTM,15.540041067761807,0.7578805596681601,0.22292032906136294,0.5716833484904853,27.71645051116639,35.649722192033195,0.1093185380035846,0.7922576479410408,0.5126382275005482,global_lstm_seed_ensemble_seed=1,20265609,1,20265609
54015,global_lstm,global LSTM,15.101984941820671,0.4138804619576403,0.22779133742114632,0.042260013672600794,9.591499648263232,38.606599119295346,0.6047750308176549,0.16696540774372837,1.5401286216871863,global_lstm_seed_ensemble_seed=1,20265609,1,20265609
54016,global_lstm,global LSTM,13.6290212183436,0.7664791436186517,0.41466817036217973,0.4597888460017191,28.94828423012725,45.615854325539296,0.19749298492968048,0.5615608569134376,0.304998089512756,global_lstm_seed_ensemble_seed=1,20265609,1,20265609
54017,global_lstm,global LSTM,15.5564681724846,0.6787273111532222,0.3917338007042963,0.327382359591483,9.50625525999411,19.65686970881294,0.3155048873484293,0.2691701636717959,0.4429016338939096,global_lstm_seed_ensemble_seed=1,20265609,1,20265609
54018,global_lstm,global LSTM,15.170431211498974,0.7791494500114222,0.539573230204154,0.5013106270933483,15.85782660594907,32.840266147876314,0.31616300328098385,0.16455233352524834,1.0695816899913668,global_lstm_seed_ensemble_seed=1,20265609,1,20265609
54019,global_lstm,global LSTM,15.586584531143053,0.5760215826205923,0.39053383059348046,0.32951169340321873,17.381763961707815,39.182149823557815,0.3529944128712972,0.44970915955131197,0.4471179893476843,global_lstm_seed_ensemble_seed=1,20265609,1,20265609
54020,global_lstm,global LSTM,15.597535934291582,0.833436315631995,0.38994342589506226,0.5987626996046379,33.23827973964229,35.02748323273826,0.022770395241621277,0.30727366961881697,0.29249770433219113,global_lstm_seed_ensemble_seed=1,20265609,1,20265609
54022,global_lstm,global LSTM,11.72621492128679,0.8590738645614542,0.8751107921573734,0.9064049669570049,2.6343093204455665,4.010435704008363,0.18252478959599946,0.3514106612160016,0.5900236363838629,global_lstm_seed_ensemble_seed=1,20265609,1,20265609
54024,global_lstm,global LSTM,15.597535934291582,-0.02527933107577396,-0.3212387163048489,0.3416350921160951,32.2395376203247,31.85057906353868,0.005271472033516775,0.12962554122228165,0.12400235514037561,global_lstm_seed_ensemble_seed=1,20265609,1,20265609
54025,global_lstm,global LSTM,15.597535934291582,0.8843238758999834,0.5879018220801182,0.6876073784569499,4.533506956056714,25.30151109660332,0.7467121731349349,0.21828571177634848,0.6378890938524269,global_lstm_seed_ensemble_seed=1,20265609,1,20265609
54027,global_lstm,global LSTM,15.589322381930184,0.10198761769752462,-0.09325041864154637,0.45685364124871664,52.74056785725209,37.00476253095668,0.15388717995225096,0.8190398448758023,0.9279913759818027,global_lstm_seed_ensemble_seed=1,20265609,1,20265609
54028,global_lstm,global LSTM,15.597535934291582,0.8753815588232154,0.4979632464110678,0.6562937371075952,6.671494961929108,27.788371025146255,0.6196399264624295,0.14602027736790024,0.6765175134000572,global_lstm_seed_ensemble_seed=1,20265609,1,20265609
54029,global_lstm,global LSTM,15.597535934291582,0.8072954459659976,0.553002957702791,0.5685943526923873,18.436503600526294,31.04927554345306,0.22637290892093853,0.3725464152116832,0.2015147561454833,global_lstm_seed_ensemble_seed=1,20265609,1,20265609
54032,global_lstm,global LSTM,15.586584531143053,0.6897850239710308,0.30078170419600525,0.5518897130863871,20.86188946331962,35.408034889632304,0.22974818455491092,1.407729427526955,0.9314657210785551,global_lstm_seed_ensemble_seed=1,20265609,1,20265609
54034,global_lstm,global LSTM,15.29637234770705,0.6488676262231851,0.40990174507965693,0.3456404043030784,6.990650468430725,27.37499588612916,0.5928364745760595,0.5284355357898349,0.8653569903266568,global_lstm_seed_ensemble_seed=1,20265609,1,20265609
54036,global_lstm,global LSTM,15.143052703627653,0.7426483034779502,0.473154943473462,0.4482388956723966,18.360628351026502,37.61657522800838,0.31149171314198637,0.7502696485340696,1.6677159158699775,global_lstm_seed_ensemble_seed=1,20265609,1,20265609
54038,global_lstm,global LSTM,14.699520876112253,0.8908671350558428,0.524882043096282,0.6286399345805809,7.930793492443551,29.471280369831273,0.570082362476074,0.20915699801425092,0.5361894371040382,global_lstm_seed_ensemble_seed=1,20265609,1,20265609
54044,global_lstm,global LSTM,15.011635865845312,0.505123419909684,0.15936536501172716,0.528467569310363,20.825595280463705,40.32145702481562,0.28693879288460067,0.16107154573820792,1.194298934562906,global_lstm_seed_ensemble_seed=1,20265609,1,20265609
54048,global_lstm,global LSTM,13.908281998631075,0.519262708831059,0.3474527345056213,0.21362898879394554,10.909580761043399,36.88082768329879,0.528992597353804,0.7984697371657394,2.089881806804937,global_lstm_seed_ensemble_seed=1,20265609,1,20265609
54049,global_lstm,global LSTM,12.843258042436688,0.5709542866915666,0.4419674912304885,0.3716715437826704,16.96044696979476,39.27721518171689,0.36470339470392754,0.26035443670180825,0.671628400438803,global_lstm_seed_ensemble_seed=1,20265609,1,20265609
54052,global_lstm,global LSTM,15.586584531143053,0.7210478596999416,0.3485726522304806,0.48490181164167545,25.51465893584253,39.83016499652681,0.1934223381512814,0.2574744441125445,1.1254628412466046,global_lstm_seed_ensemble_seed=1,20265609,1,20265609
54057,global_lstm,global LSTM,15.274469541409994,0.6821531720291782,0.31542037705853954,0.5137322607128022,23.32239981355167,36.64058468425514,0.19618915906666118,1.5603221156753098,1.1488829765552435,global_lstm_seed_ensemble_seed=1,20265609,1,20265609
54060,global_lstm,global LSTM,10.976043805612594,0.538341247854162,0.5203060191362794,0.40459044999061156,18.775672684780336,27.250269240872413,0.1617752919683641,0.5764298600914348,1.204916063640258,global_lstm_seed_ensemble_seed=1,20265609,1,20265609
54063,global_lstm,global LSTM,11.668720054757015,0.44763987696519625,0.2989582968049662,0.4093592169784205,12.504276059677213,48.845996847068946,0.5917704239607194,0.5109928414921066,1.8572977780372046,global_lstm_seed_ensemble_seed=1,20265609,1,20265609
54080,global_lstm,global LSTM,12.714579055441478,0.679892124526565,0.3686181839060695,0.6212990560364635,6.6534437555279835,47.38027712048239,0.8525511065707432,0.4426076573654867,0.4441380759433132,global_lstm_seed_ensemble_seed=1,20265609,1,20265609
54095,global_lstm,global LSTM,11.572895277207392,0.6675533261584434,0.25536479597173445,0.4336242784773423,16.759601307295537,42.045699175430116,0.39945789570980256,1.631916621264496,0.5077644214188757,global_lstm_seed_ensemble_seed=1,20265609,1,20265609
54096,global_lstm,global LSTM,10.351813826146476,0.727507778150208,0.5083995784957105,0.4762117897169945,17.679657435392233,78.81222670662326,0.6491197521565161,0.17348968351077498,1.6900751477583127,global_lstm_seed_ensemble_seed=1,20265609,1,20265609
55002,global_lstm,global LSTM,15.548254620123203,0.8154045523129272,0.5053686070108476,0.6386675026846429,8.768061036124468,30.228389022795326,0.5375114383570908,0.2453015827096081,0.45433910848049863,global_lstm_seed_ensemble_seed=1,20265609,1,20265609
55007,global_lstm,global LSTM,15.597535934291582,0.9004459319504063,0.5961651566458772,0.6982613785045166,5.972452979082226,40.01805345860968,0.8261032207939192,0.17092424075148627,0.6833918420956668,global_lstm_seed_ensemble_seed=1,20265609,1,20265609
55008,global_lstm,global LSTM,15.416837782340862,0.8454908631938611,0.5811644390123849,0.6500193507122296,2.774400566777389,41.75540055598598,1.1775434896730403,0.17854029896320533,0.7211145733345601,global_lstm_seed_ensemble_seed=1,20265609,1,20265609
55013,global_lstm,global LSTM,15.597535934291582,0.8333508867152661,0.603045563756703,0.674947412030386,15.625465502810437,32.26294900749202,0.3148710973218432,0.2465423656225656,0.6462357428003723,global_lstm_seed_ensemble_seed=1,20265609,1,20265609
55014,global_lstm,global LSTM,15.597535934291582,0.7746979822342134,0.46677116166349975,0.5941759814366687,18.955975830934076,33.01893296876193,0.24101688830842805,0.3546628535540116,0.21001557739866994,global_lstm_seed_ensemble_seed=1,20265609,1,20265609
55016,global_lstm,global LSTM,15.457905544147843,0.8207294078365558,0.5069120670026401,0.4763786943378423,6.68197244826841,31.880400177418416,0.6786190836396806,0.12078234876457061,0.8984139954694225,global_lstm_seed_ensemble_seed=1,20265609,1,20265609
55018,global_lstm,global LSTM,15.589322381930184,0.6980706934800691,0.553232217384579,0.6087040177353567,13.817239828469042,32.94205099149215,0.37732933931697404,0.1433736387480659,0.764497853854626,global_lstm_seed_ensemble_seed=1,20265609,1,20265609
55021,global_lstm,global LSTM,14.85284052019165,0.7738204694767583,0.5052312568143934,0.5837905068793328,25.852497989537643,37.17620850550505,0.15776258222423037,0.4153493546812532,0.3644440436561941,global_lstm_seed_ensemble_seed=1,20265609,1,20265609
55023,global_lstm,global LSTM,15.597535934291582,0.7601586381449548,0.4571989411726637,0.6233549148998344,13.05862413447599,33.4959022828932,0.4090942591367706,0.9340039759368821,0.43642864348965027,global_lstm_seed_ensemble_seed=1,20265609,1,20265609
55025,global_lstm,global LSTM,15.455167693360712,0.8552910156743698,0.5370483420122201,0.5821578165944361,16.032854668105152,32.832918161463105,0.31129862829589977,0.7668561600860755,1.577275453581229,global_lstm_seed_ensemble_seed=1,20265609,1,20265609
55026,global_lstm,global LSTM,15.597535934291582,0.8897501436485888,0.5954814634009404,0.674713817934792,4.296172503803402,39.45662428790497,0.9630382152081022,0.23564606275021482,0.6842008600205679,global_lstm_seed_ensemble_seed=1,20265609,1,20265609
55029,global_lstm,global LSTM,15.597535934291582,0.8058517402712827,0.5725034518911845,0.5762731449551649,10.649172872125565,29.952172412655017,0.44911244981712894,0.5146410986301322,1.4087788599788276,global_lstm_seed_ensemble_seed=1,20265609,1,20265609
55032,global_lstm,global LSTM,15.550992470910336,0.21917590191667569,0.33876880812164567,0.577349352059584,5.201516984966788,42.611931340803636,0.9134011976196867,0.3070473011823169,0.6569892695160812,global_lstm_seed_ensemble_seed=1,20265609,1,20265609
56001,global_lstm,global LSTM,15.597535934291582,0.8806486883096056,0.5519008512345289,0.6479373126095893,9.812592417541156,28.54926543237433,0.46381117833359103,0.20177700622172423,0.8394999676735303,global_lstm_seed_ensemble_seed=1,20265609,1,20265609
56002,global_lstm,global LSTM,14.754277891854894,0.8517923462227013,0.4967033513630482,0.6976101031544665,11.118473582940092,31.789739219344042,0.4562417967427731,0.11197682302316814,0.6918489523486095,global_lstm_seed_ensemble_seed=1,20265609,1,20265609
56007,global_lstm,global LSTM,15.449691991786448,0.8721999598737474,0.5647804731026295,0.6606069566634338,5.144939911281147,28.230094297891256,0.7393320219158513,0.4276641215640354,0.8422705954329401,global_lstm_seed_ensemble_seed=1,20265609,1,20265609
56012,global_lstm,global LSTM,14.480492813141684,0.6364584526290082,0.5059478522999372,0.7019064363853309,17.453106100503824,33.21776398873908,0.2794976662759079,0.2524405660988367,0.8465656036067565,global_lstm_seed_ensemble_seed=1,20265609,1,20265609
56013,global_lstm,global LSTM,15.07460643394935,0.888424374557053,0.5707025966646262,0.6264845709789548,6.886860299353922,35.02309977493944,0.7063333080018743,0.335845644112573,0.9299821280629273,global_lstm_seed_ensemble_seed=1,20265609,1,20265609
57004,global_lstm,global LSTM,15.597535934291582,0.9043032817263833,0.561952966982521,0.6690959728795804,6.413994540861153,27.519248801145284,0.632507988743564,0.1375952884919358,0.6862178580852816,global_lstm_seed_ensemble_seed=1,20265609,1,20265609
57005,global_lstm,global LSTM,15.597535934291582,0.8986277455430292,0.5683993764887735,0.6579364637189564,6.914892311713428,28.740348087891793,0.6187066027126502,0.08828264921761875,0.6005481565114783,global_lstm_seed_ensemble_seed=1,20265609,1,20265609
57006,global_lstm,global LSTM,15.34839151266256,0.9035993663421533,0.5443538119142016,0.6631075835501983,5.53426967517434,28.375048285717547,0.709876291516525,0.17395419985173832,0.5526761544807199,global_lstm_seed_ensemble_seed=1,20265609,1,20265609
57007,global_lstm,global LSTM,14.822724161533197,0.8123354365668372,0.5079826650157038,0.6769116130609085,6.905865120664399,31.313724303079276,0.6565166317411016,0.231366571138659,0.8453258533756373,global_lstm_seed_ensemble_seed=1,20265609,1,20265609
57008,global_lstm,global LSTM,14.921286789869953,0.8934735004641376,0.5839645426086375,0.6943448532695953,9.28654442226982,32.66616102699198,0.5462439580531749,0.16605064136214098,0.7853334184396524,global_lstm_seed_ensemble_seed=1,20265609,1,20265609
57009,global_lstm,global LSTM,14.321697467488022,0.8655705505538424,0.5457724929007977,0.626574878937283,7.36998142932687,37.084155508432175,0.7017220000382262,0.12924307766215581,0.8864822211473455,global_lstm_seed_ensemble_seed=1,20265609,1,20265609
58001,global_lstm,global LSTM,15.597535934291582,0.8521039278296447,0.5414619928741156,0.7171846238839673,5.503612858501508,42.29311983418411,0.885621846247773,0.11660784106284527,0.6981716915021209,global_lstm_seed_ensemble_seed=1,20265609,1,20265609
58002,global_lstm,global LSTM,14.042436687200547,0.8962100428141897,0.4597498026318616,0.48108790352812325,4.0702171887003855,42.44594768559146,1.0182186504660573,0.2636410278933303,0.8524045843434203,global_lstm_seed_ensemble_seed=1,20265609,1,20265609
58006,global_lstm,global LSTM,15.290896646132786,0.9048627064835912,0.5502217656356936,0.5975525832623749,4.496601722645278,29.12558069648704,0.8113901704237851,0.3716902975405072,0.8375319072783749,global_lstm_seed_ensemble_seed=1,20265609,1,20265609
58008,global_lstm,global LSTM,15.159479808350445,0.8488222530738978,0.5022239554040044,0.5011876201503134,3.324390832620588,41.814595513844225,1.099615824045242,0.1895133739363059,1.017899716369818,global_lstm_seed_ensemble_seed=1,20265609,1,20265609
58009,global_lstm,global LSTM,15.268993839835728,0.7941391572088657,0.5192384640401607,0.7185421248048713,7.3078222916506235,39.7614032062978,0.735673724705899,0.34696883748401874,1.1757969860275759,global_lstm_seed_ensemble_seed=1,20265609,1,20265609
58010,global_lstm,global LSTM,11.16769336071184,0.7161261223632818,0.402561819020255,0.350922833655375,1.75873034202255,68.02138676964339,1.5874462255607436,,1.0435463006677719,global_lstm_seed_ensemble_seed=1,20265609,1,20265609
58012,global_lstm,global LSTM,13.401779603011637,0.8903331715571454,0.4729034456985699,0.6028665220523737,4.829533205536343,47.29618077363078,0.9909209159127662,0.22679348717749015,0.7224911581294741,global_lstm_seed_ensemble_seed=1,20265609,1,20265609
59001,global_lstm,global LSTM,15.496235455167694,0.843518019595434,0.5108982954492458,0.4838734712178092,3.211161507134671,42.19653824987155,1.1186146742624847,0.16558438103444784,0.9918934469110555,global_lstm_seed_ensemble_seed=1,20265609,1,20265609
60002,global_lstm,global LSTM,15.594798083504449,0.871904392795,0.4622033921508897,0.4558808129360844,6.1874103053441445,43.41105953715255,0.8460914695105659,0.3537973503190113,0.6091023029859397,global_lstm_seed_ensemble_seed=1,20265609,1,20265609
60003,global_lstm,global LSTM,15.597535934291582,0.8303238313529,0.5465754735594661,0.6321219426339513,8.3742031171687,42.67830989614211,0.7072637220552386,0.14417966825819473,0.8011020452824129,global_lstm_seed_ensemble_seed=1,20265609,1,20265609
60005,global_lstm,global LSTM,15.545516769336071,0.8391357322888925,0.5334835073756004,0.5584405810881304,5.387984289607073,38.73885377151865,0.8567204456789127,0.14998719570429464,0.7658472219236311,global_lstm_seed_ensemble_seed=1,20265609,1,20265609
60006,global_lstm,global LSTM,15.597535934291582,0.8669445559761076,0.4363759954052535,0.5722295841953196,9.354861673503505,42.137878164544254,0.6536352929539325,0.1980942457943945,0.517938030556595,global_lstm_seed_ensemble_seed=1,20265609,1,20265609
60010,global_lstm,global LSTM,15.589322381930184,0.8357020598547154,0.46568721855538564,0.5631641892142855,7.169819512457054,43.92589440296208,0.7872123899935569,0.5233270709507161,0.3117352399593156,global_lstm_seed_ensemble_seed=1,20265609,1,20265609
60012,global_lstm,global LSTM,12.958247775496236,0.8319643083912314,0.47097478425040895,0.4799356572778295,3.9890575789505602,63.7797200270973,1.2038123034360928,0.07815593321890829,1.1296339411596463,global_lstm_seed_ensemble_seed=1,20265609,1,20265609
6007,global_lstm,global LSTM,15.019849418206707,0.39958580757509443,-0.00567616466825438,0.4925186075176583,12.663549555642428,59.056622221567,0.6687131494005094,1.7044797466745218,0.7532921194041469,global_lstm_seed_ensemble_seed=1,20265609,1,20265609
6008,global_lstm,global LSTM,12.848733744010952,0.7855304673810247,0.5149947187242104,0.6099655268092843,4.380087201644058,61.257516575270564,1.1456766294009666,1.0586649086396558,0.2776657039664773,global_lstm_seed_ensemble_seed=1,20265609,1,20265609
61001,global_lstm,global LSTM,10.275154004106776,0.8012068092428803,0.8044755399943564,0.8138369346137563,12.324802398572965,11.10170831333601,0.045390152559038624,1.2898155807882312,1.197590350758623,global_lstm_seed_ensemble_seed=1,20265609,1,20265609
61002,global_lstm,global LSTM,15.572895277207392,0.856546185506117,0.5715081381427867,0.6776268993272818,7.87593407443847,54.23703993387745,0.8379939070302146,0.3297044668093429,0.9465799210321966,global_lstm_seed_ensemble_seed=1,20265609,1,20265609
62001,global_lstm,global LSTM,15.597535934291582,0.8240217935093994,0.48462998389439105,0.5771530430882106,8.867743770350062,56.02470416840265,0.8005664361031648,0.8927668071446772,0.26836274886718026,global_lstm_seed_ensemble_seed=1,20265609,1,20265609
63001,global_lstm,global LSTM,15.572895277207392,0.8550377743383913,0.5694613445747683,0.5518547994753216,4.167606330099104,55.29698185484118,1.122814738876243,0.4096463739301861,0.6907145670588415,global_lstm_seed_ensemble_seed=1,20265609,1,20265609
63004,global_lstm,global LSTM,11.50444900752909,0.6882014354495728,0.4726042105854803,0.4223806500007552,2.4294362791431916,74.4577246468082,1.486404247896162,0.24627407725500627,0.8503347805621757,global_lstm_seed_ensemble_seed=1,20265609,1,20265609
64001,global_lstm,global LSTM,14.395619438740589,0.8987592378631042,0.5729354061341196,0.6236136962583958,4.673914293734241,53.85413078032082,1.0615382762508092,0.46122351226396907,0.372657256322694,global_lstm_seed_ensemble_seed=1,20265609,1,20265609
64002,global_lstm,global LSTM,15.523613963039015,0.7812161847585507,0.5207760004846154,0.6884184775711915,4.757370343549268,56.090468881516536,1.0715221095145089,0.5939192932445471,0.3106253551258046,global_lstm_seed_ensemble_seed=1,20265609,1,20265609
64006,global_lstm,global LSTM,12.974674880219029,0.7446843911157319,0.8651417508064595,0.9129246959881894,4.572203021264263,4.745328550431517,0.01614078058522717,0.3008508171335663,0.3467274828162086,global_lstm_seed_ensemble_seed=1,20265609,1,20265609
65001,global_lstm,global LSTM,15.597535934291582,0.8284913954459808,0.49604877661429936,0.5725768054665981,3.571088033111136,56.707781070019294,1.2008420976357836,0.30695785604003034,0.6173575538247802,global_lstm_seed_ensemble_seed=1,20265609,1,20265609
65004,global_lstm,global LSTM,14.124572210814511,0.7474089478745366,0.4069466287704998,0.6579827500303288,6.028863691743858,65.21522625578469,1.0341135404546191,1.1382388936774088,0.09864136012879532,global_lstm_seed_ensemble_seed=1,20265609,1,20265609
65005,global_lstm,global LSTM,14.921286789869953,0.7017645246334756,0.4897571296071762,0.6188533857963903,5.468226997118626,45.26779132827295,0.9179427705364958,0.3041438583866408,1.2329205163152934,global_lstm_seed_ensemble_seed=1,20265609,1,20265609
65006,global_lstm,global LSTM,13.560574948665298,0.7728423745678531,0.448672408143871,0.6006709308659568,6.869620994451691,65.48800848051347,0.9792290063882249,0.9027297472660056,0.06731465839733919,global_lstm_seed_ensemble_seed=1,20265609,1,20265609
65007,global_lstm,global LSTM,14.223134839151266,0.878393647318588,0.502612334700623,0.5828191084562778,4.2081016719654665,65.03852053264806,1.1890844292969796,0.1794878258115628,0.6695294041901358,global_lstm_seed_ensemble_seed=1,20265609,1,20265609
65008,global_lstm,global LSTM,15.151266255989048,0.6878415865737963,0.3978289509922637,0.3323390513241008,2.978471209301849,55.53194902333972,1.2705495098696604,0.10477897522140878,0.8377118057565399,global_lstm_seed_ensemble_seed=1,20265609,1,20265609
66001,global_lstm,global LSTM,15.597535934291582,0.8276701939875805,0.48268325072499596,0.5159277210468846,16.449964273291613,34.22114257666117,0.318129546617531,0.7855092486661712,0.415218105215982,global_lstm_seed_ensemble_seed=1,20265609,1,20265609
66004,global_lstm,global LSTM,15.189596167008897,0.014611149805509815,-0.21865236149679768,0.4196371812415296,38.28067635415983,32.900813561273964,0.06577296523010076,0.5837405962534813,0.6428904368264201,global_lstm_seed_ensemble_seed=1,20265609,1,20265609
66006,global_lstm,global LSTM,14.590006844626968,0.8860837136473824,0.5347290519463035,0.5045086428135852,7.8737818723586495,29.502671042806643,0.5736779575348031,0.09590188456273108,0.9350825878187512,global_lstm_seed_ensemble_seed=1,20265609,1,20265609
66011,global_lstm,global LSTM,15.597535934291582,0.8390992629389497,0.553027268348665,0.5597521786867281,3.4630492638915906,38.44045157493808,1.0453298111674862,0.09019755391680867,0.8664979788104836,global_lstm_seed_ensemble_seed=1,20265609,1,20265609
67001,global_lstm,global LSTM,15.496235455167694,0.43063851424486943,0.18843355703921438,0.5881749836340147,7.19249908145706,36.6363894000251,0.7070328512908717,1.4137331393677044,0.6068418197427439,global_lstm_seed_ensemble_seed=1,20265609,1,20265609
67005,global_lstm,global LSTM,13.713894592744696,0.8106016050611924,0.4620035905592478,0.5460442863942631,10.585934431331015,34.77496765360889,0.516537535031039,0.4092647387544328,0.3997739381621064,global_lstm_seed_ensemble_seed=1,20265609,1,20265609
67006,global_lstm,global LSTM,15.597535934291582,0.8767280435558188,0.5842372610251617,0.7091037733661514,6.489633376671902,27.52450407615603,0.6274993402001381,0.06461323742402847,0.7837671228080896,global_lstm_seed_ensemble_seed=1,20265609,1,20265609
67008,global_lstm,global LSTM,15.597535934291582,0.6073626036884876,0.3646897320360809,0.653051378740136,15.974205905753458,31.676448359765303,0.2973172033556935,0.5329876042435628,0.5882331488238068,global_lstm_seed_ensemble_seed=1,20265609,1,20265609
67010,global_lstm,global LSTM,13.801505817932922,0.7491289247648973,0.4893969901729439,0.5139804348092047,2.759336201043765,41.63240966370848,1.178626929671622,0.10984183135782,0.8393045829855841,global_lstm_seed_ensemble_seed=1,20265609,1,20265609
67015,global_lstm,global LSTM,15.597535934291582,0.7209727763819835,0.41334808186448846,0.6715409148363513,8.36366044509171,29.14683472728156,0.5421950057191157,0.8383462967455595,0.3378055999988556,global_lstm_seed_ensemble_seed=1,20265609,1,20265609
67018,global_lstm,global LSTM,15.597535934291582,0.8060881022975814,0.5612357487641058,0.5500328687437579,3.072039321821883,37.88561607868616,1.0910475836179037,0.14841517078387761,0.8986054892134452,global_lstm_seed_ensemble_seed=1,20265609,1,20265609
67025,global_lstm,global LSTM,13.500342231348391,0.7980836868793132,0.6568147029241038,0.7365304467383968,15.527322703999094,25.435854672268455,0.21434975594674413,0.4751196485857506,1.2410198463937954,global_lstm_seed_ensemble_seed=1,20265609,1,20265609
68001,global_lstm,global LSTM,15.523613963039015,0.6756701487575691,0.31182997418556535,0.302058271958759,21.36445302642881,35.80808820819039,0.2242893562019182,0.3621522000064954,0.3544538627156377,global_lstm_seed_ensemble_seed=1,20265609,1,20265609
68003,global_lstm,global LSTM,15.512662559890487,0.7200734970390528,0.2614035522323418,0.2893055198583667,14.198916979016431,39.055348740340676,0.4394253002648784,0.2751435376810383,0.996055005051518,global_lstm_seed_ensemble_seed=1,20265609,1,20265609
68004,global_lstm,global LSTM,15.58384668035592,0.5975657066003331,0.26108304654402814,0.22209569837775056,18.49958259788992,38.264466939354556,0.3156337379494286,0.3972003171507291,0.8803256458653541,global_lstm_seed_ensemble_seed=1,20265609,1,20265609
68005,global_lstm,global LSTM,15.247091033538672,0.7453169332152021,0.27405834649306804,0.20518705986357688,26.61473248447287,37.884285941886915,0.1533370006473784,0.38748154304645854,1.025127443526486,global_lstm_seed_ensemble_seed=1,20265609,1,20265609
68020,global_lstm,global LSTM,12.922655715263518,0.5838808823795179,0.2848038385219369,0.253032314348285,15.105649744067998,41.10299337236052,0.43473404056231213,0.5748602650976964,0.8158871252815029,global_lstm_seed_ensemble_seed=1,20265609,1,20265609
69002,global_lstm,global LSTM,15.290896646132786,0.8043064141045276,0.5035564221533866,0.5534833947427102,3.994613507970682,35.16846968830823,0.9446787046909477,0.08145409387763869,1.2352875478579448,global_lstm_seed_ensemble_seed=1,20265609,1,20265609
69007,global_lstm,global LSTM,13.900068446269678,0.8443215646673781,0.4341541445237571,0.6187401691208357,10.015913107521408,40.024452653266955,0.6016348533350989,0.10971459177665954,1.0021032789528963,global_lstm_seed_ensemble_seed=1,20265609,1,20265609
69012,global_lstm,global LSTM,14.017796030116358,0.7261100165352827,0.24619207550332556,0.39454381904622726,11.128619082624885,37.73064666928223,0.5302529713185814,0.17365583264728546,1.2374341220819134,global_lstm_seed_ensemble_seed=1,20265609,1,20265609
69015,global_lstm,global LSTM,15.107460643394935,0.7451786591421596,0.5337600554067887,0.7422983459959096,5.649655694786627,36.93340023387979,0.815397310795171,0.11297548592685103,0.8435749543296467,global_lstm_seed_ensemble_seed=1,20265609,1,20265609
69017,global_lstm,global LSTM,14.072553045859001,0.8850331827955753,0.511459153862931,0.603654403758566,6.933226590272976,38.124777692832275,0.740271926020135,0.16149780006573977,0.8119298761815312,global_lstm_seed_ensemble_seed=1,20265609,1,20265609
69023,global_lstm,global LSTM,14.023271731690622,0.8646093940510371,0.4905830145204143,0.6248573255858577,4.442369430421134,33.24717429077088,0.8741400681684166,0.10132136056044927,1.064657010473735,global_lstm_seed_ensemble_seed=1,20265609,1,20265609
69027,global_lstm,global LSTM,14.817248459958932,0.82513026043804,0.5084850637298863,0.5826466400364562,4.296086696446323,36.62812893498108,0.9307416972952491,0.14275282846535564,1.0866527770722727,global_lstm_seed_ensemble_seed=1,20265609,1,20265609
69030,global_lstm,global LSTM,13.689253935660506,0.6300218843393308,0.2686962987016135,0.312912667178316,11.150519558299418,46.92025314096555,0.6240652427251113,0.2189024210598436,1.271717087799213,global_lstm_seed_ensemble_seed=1,20265609,1,20265609
69032,global_lstm,global LSTM,13.322381930184806,0.5988102870819186,0.14865095300122488,0.35006655885823923,10.447928266333353,45.08639366554248,0.6350153165450253,0.1886844037061035,1.3861663895047047,global_lstm_seed_ensemble_seed=1,20265609,1,20265609
69043,global_lstm,global LSTM,8.219028062970569,0.3524493629415628,-0.14014514358217434,0.2830397447760207,2.928557381475471,43.01019093669465,1.1669176326246564,0.2547501126167569,1.263188363944623,global_lstm_seed_ensemble_seed=1,20265609,1,20265609
70002,global_lstm,global LSTM,13.555099247091034,0.6321146542311948,0.6064713673694612,0.5481042010487194,9.505311708336315,19.862685044681783,0.320071592923519,0.23981270816905909,0.993601474764928,global_lstm_seed_ensemble_seed=1,20265609,1,20265609
7001,global_lstm,global LSTM,15.597535934291582,0.5085083088496323,0.3470434296667617,0.35990294199532935,2.4002247947226305,74.88211055107492,1.4941261587173167,0.6073108270831159,0.9519230846712534,global_lstm_seed_ensemble_seed=1,20265609,1,20265609
7002,global_lstm,global LSTM,15.597535934291582,0.624329440478929,0.40711375065401356,0.44703480955003316,2.7933775334397506,77.22825497901381,1.4416465859089853,0.8712484724734438,0.8457954863664585,global_lstm_seed_ensemble_seed=1,20265609,1,20265609
7003,global_lstm,global LSTM,15.597535934291582,0.765860930541266,0.4691386437699534,0.711297894104182,7.9311421453442525,39.904946361943324,0.701690997829782,0.6889675554550831,0.4788234321018109,global_lstm_seed_ensemble_seed=1,20265609,1,20265609
7005,global_lstm,global LSTM,12.761122518822724,0.6569170301344036,0.38775187973641567,0.3998163980721099,5.555951432673113,51.64447546371496,0.9682654300950154,0.8419715620459229,0.5933455131504263,global_lstm_seed_ensemble_seed=1,20265609,1,20265609
7006,global_lstm,global LSTM,8.542094455852157,0.720628838063444,0.6078502375505503,0.7262304645764113,3.1172955215726095,5.582481586054019,0.25304932359728755,0.1515828667540311,0.32664973723067137,global_lstm_seed_ensemble_seed=1,20265609,1,20265609
71001,global_lstm,global LSTM,15.597535934291582,0.8111375020757026,0.5466574630902639,0.5922787524381752,4.291129867955264,33.740581655672464,0.895580906801882,0.10523446717513263,1.053331446545839,global_lstm_seed_ensemble_seed=1,20265609,1,20265609
71004,global_lstm,global LSTM,14.822724161533197,0.7815538682259874,0.48252233316721704,0.47581332744729,7.009553194139876,34.101091831819915,0.6870779483710041,0.0643565589486998,1.2037815050459413,global_lstm_seed_ensemble_seed=1,20265609,1,20265609
71006,global_lstm,global LSTM,15.597535934291582,0.8066185035908433,0.5813635437028934,0.5937045175156805,4.199661805250724,32.538791775094694,0.8891871042644083,0.14049716215616748,0.9289890381042519,global_lstm_seed_ensemble_seed=1,20265609,1,20265609
71008,global_lstm,global LSTM,14.012320328542094,0.8139431342621068,0.5087282371753856,0.651727210989477,3.8479787056112214,40.39399851950103,1.0210841851990953,0.09644074849302986,1.0234026430549223,global_lstm_seed_ensemble_seed=1,20265609,1,20265609
71014,global_lstm,global LSTM,13.245722108145106,0.713270993959733,0.6329702003085083,0.5840581819123479,3.9435298527417983,13.650806569245283,0.5392731799770746,0.3328036759556676,1.3315139040122084,global_lstm_seed_ensemble_seed=1,20265609,1,20265609
72002,global_lstm,global LSTM,15.597535934291582,0.7880277847626649,0.5617578320599463,0.5202344344279306,4.5452453313991406,34.98784444178293,0.8863598575507017,0.13951579773714473,0.9102706825791821,global_lstm_seed_ensemble_seed=1,20265609,1,20265609
72004,global_lstm,global LSTM,14.99794661190965,0.8418747642514313,0.5866733043301,0.599989008792188,3.8468986817473394,51.63329195417313,1.127819066830608,0.09184808662982435,0.9369075071871313,global_lstm_seed_ensemble_seed=1,20265609,1,20265609
72005,global_lstm,global LSTM,15.449691991786448,0.8377514342867907,0.5959727093257489,0.5396472601256868,3.420133059310707,28.20438392185407,0.916273615230964,0.17437893898669798,0.8621513957216262,global_lstm_seed_ensemble_seed=1,20265609,1,20265609
72007,global_lstm,global LSTM,13.240246406570842,0.7530815008554327,0.5101115244114991,0.6753495065118211,4.302370205887406,41.38319336069165,0.9831162228551169,0.10043465222276438,1.1303423392394616,global_lstm_seed_ensemble_seed=1,20265609,1,20265609
72009,global_lstm,global LSTM,14.017796030116358,0.7526755537609491,0.5354769803323062,0.5087368030775209,4.114038893861416,34.117774389886286,0.9187122998491555,0.12368081391865438,1.0309314137716188,global_lstm_seed_ensemble_seed=1,20265609,1,20265609
72014,global_lstm,global LSTM,13.514031485284052,0.8069981091325246,0.4299032025674622,0.459230109256635,4.453119190849535,36.971306683564016,0.9192004807102753,0.08931571802907617,0.9172010245581224,global_lstm_seed_ensemble_seed=1,20265609,1,20265609
72015,global_lstm,global LSTM,12.826830937713895,0.8266627072202914,0.5427333216577493,0.48698714397107834,3.660235404497401,54.56533662624369,1.1734078212890828,0.24965557445907705,0.915780077392276,global_lstm_seed_ensemble_seed=1,20265609,1,20265609
73005,global_lstm,global LSTM,15.496235455167694,0.9084501906728976,0.668596696326509,0.7097719532610093,3.991638512633244,27.769466135681384,0.8424163263872627,0.1382301167217176,0.8285350624489286,global_lstm_seed_ensemble_seed=1,20265609,1,20265609
73009,global_lstm,global LSTM,13.99315537303217,0.8757383186833605,0.5907562740967133,0.5891979441029378,3.1773663704936452,52.75662224752607,1.220209687357528,0.13842712866141377,0.8440158982180331,global_lstm_seed_ensemble_seed=1,20265609,1,20265609
73010,global_lstm,global LSTM,15.597535934291582,0.3264969207915196,0.053835083777697634,0.5525519875847533,7.6541166322029826,53.51015673982243,0.8445411474455995,2.2926154234285243,1.2802523537989063,global_lstm_seed_ensemble_seed=1,20265609,1,20265609
73011,global_lstm,global LSTM,14.874743326488707,0.8933810751243788,0.6536442168193569,0.6816807239656252,3.6720209346782524,49.63473273204691,1.130880539171325,0.1190728426697536,0.8907248686347178,global_lstm_seed_ensemble_seed=1,20265609,1,20265609
73014,global_lstm,global LSTM,12.895277207392198,0.7975799317775176,0.48800668754600174,0.5171912987733387,2.8323508293563098,62.02642430769137,1.3404296994578357,0.50290200647384,0.5768110198681857,global_lstm_seed_ensemble_seed=1,20265609,1,20265609
73015,global_lstm,global LSTM,10.376454483230663,0.8031782567365436,0.46071721185306636,0.49276416720296945,4.9671102026451806,35.58004007482458,0.8551026373426441,0.14902245915336032,0.7928491426504474,global_lstm_seed_ensemble_seed=1,20265609,1,20265609
74001,global_lstm,global LSTM,15.597535934291582,0.8417570936212033,0.5372419372160167,0.5872439840513269,2.5728787958584762,62.928696332995344,1.3884294069623262,0.1573805860320227,0.9176729273288213,global_lstm_seed_ensemble_seed=1,20265609,1,20265609
74005,global_lstm,global LSTM,14.617385352498289,0.8470880814926764,0.5482344154689687,0.730084069602275,4.093589756668021,62.80837215761527,1.1859132204419929,0.9003029469053497,0.2387847711275708,global_lstm_seed_ensemble_seed=1,20265609,1,20265609
74006,global_lstm,global LSTM,15.099247091033538,0.7906451098447566,0.5289271239567386,0.6208490975854537,2.73695609152362,40.57156847905489,1.1709539675025993,0.08108449505635318,0.9532014493177406,global_lstm_seed_ensemble_seed=1,20265609,1,20265609
74007,global_lstm,global LSTM,14.023271731690622,0.7905299828182739,0.49311078916952333,0.5256737430108184,2.7857500699089317,67.9632771498408,1.387332162040922,0.2637999960454184,0.8498130737283538,global_lstm_seed_ensemble_seed=1,20265609,1,20265609
75003,global_lstm,global LSTM,15.592060232717317,0.19534881488976474,0.04686277321290133,0.5628394851588842,7.929178344520942,51.22651522278753,0.8102666270145614,2.182341029164397,1.2953963783949494,global_lstm_seed_ensemble_seed=1,20265609,1,20265609
75004,global_lstm,global LSTM,15.597535934291582,0.748565091966038,0.5168962547615022,0.751271381212794,4.557483260257819,33.933531049203175,0.8719039715765853,0.7444839780590123,0.18815480461414802,global_lstm_seed_ensemble_seed=1,20265609,1,20265609
75017,global_lstm,global LSTM,13.908281998631075,0.8495516997542254,0.5995857724714133,0.6094926206151547,5.1360584760921375,31.458735516027836,0.7871113024636845,0.06135039482439397,0.9919878792370183,global_lstm_seed_ensemble_seed=1,20265609,1,20265609
76003,global_lstm,global LSTM,13.538672142368242,0.604627136014335,0.7482180410808966,0.7630706898893724,7.616197712118212,5.720375230534432,0.12431369209271724,0.40870381922672605,0.3629918283785931,global_lstm_seed_ensemble_seed=1,20265609,1,20265609
76005,global_lstm,global LSTM,15.553730321697467,0.8147573473181259,0.5814797119830644,0.5293327340159621,4.404584941886804,29.640682562766035,0.8279832105942462,0.09694032223681359,0.9500777467094825,global_lstm_seed_ensemble_seed=1,20265609,1,20265609
76007,global_lstm,global LSTM,15.592060232717317,0.8707157731721269,0.5778708547764373,0.7440009297461951,6.175257984020211,53.26954295040634,0.9358238647292276,0.47980349139887357,0.6061870997914852,global_lstm_seed_ensemble_seed=1,20265609,1,20265609
76008,global_lstm,global LSTM,15.564681724845997,0.6390953593339863,0.4750301547165229,0.3934272866035303,3.0661040898730363,58.815521130759436,1.2829050549598302,0.292845738458848,1.122888607315239,global_lstm_seed_ensemble_seed=1,20265609,1,20265609
76011,global_lstm,global LSTM,15.197809719370294,0.5050573595376107,0.5684379554324172,0.6206628707089328,2.0431537631943386,55.55017520052548,1.4343843811106312,0.34013027237700666,0.9224041405706539,global_lstm_seed_ensemble_seed=1,20265609,1,20265609
76014,global_lstm,global LSTM,14.562628336755647,0.7205890965950248,0.5151791904842851,0.4272283160756517,3.6049146463837114,56.77129228563792,1.1972337938082245,0.19953690565698184,0.9351245509815856,global_lstm_seed_ensemble_seed=1,20265609,1,20265609
77002,global_lstm,global LSTM,15.597535934291582,0.8662766098955953,0.622108857892566,0.702561638107553,4.98484304138297,66.69553350420306,1.1264452627093307,0.12544716159415648,0.7174617534787749,global_lstm_seed_ensemble_seed=1,20265609,1,20265609
77003,global_lstm,global LSTM,14.699520876112253,0.7040954569146369,0.5311894476914361,0.5087717570054529,3.53805911301979,65.29926650978858,1.2661432182624548,0.14065095942203565,0.9754056460063455,global_lstm_seed_ensemble_seed=1,20265609,1,20265609
77004,global_lstm,global LSTM,12.974674880219029,0.7254558439277223,0.48892519262055933,0.5118170849252814,3.7568487213609423,80.13893604445182,1.3290198647799685,0.29062582092891953,1.1487493396297783,global_lstm_seed_ensemble_seed=1,20265609,1,20265609
78003,global_lstm,global LSTM,15.597535934291582,0.8746258071853118,0.5983127734000552,0.6600334720126112,6.2685010790913225,73.36006023358182,1.068295974286366,0.46054633069981327,0.4693165186565724,global_lstm_seed_ensemble_seed=1,20265609,1,20265609
78004,global_lstm,global LSTM,15.597535934291582,0.7678431147863507,0.48586568868306335,0.4219929052821175,4.134028708530746,71.62493502847015,1.2386907527883193,0.06632510049711926,0.9513863241963283,global_lstm_seed_ensemble_seed=1,20265609,1,20265609
78006,global_lstm,global LSTM,11.649555099247092,0.9020691455863316,0.5111146682203895,0.6140590562684186,5.811641278277314,100.54382366657205,1.2380565975967772,0.4746824028247057,0.7690833378392126,global_lstm_seed_ensemble_seed=1,20265609,1,20265609
79002,global_lstm,global LSTM,15.597535934291582,0.8808426111272162,0.596820640053337,0.692988022203622,5.333603224649692,68.28504720209828,1.1073049092631175,0.21891795246515905,0.6192027462740348,global_lstm_seed_ensemble_seed=1,20265609,1,20265609
79003,global_lstm,global LSTM,15.597535934291582,0.8006969282244054,0.5995777902004203,0.6489490036469605,4.827896624166142,72.70659768125869,1.177815859898979,0.6398186430096381,0.48532219309012414,global_lstm_seed_ensemble_seed=1,20265609,1,20265609
79004,global_lstm,global LSTM,15.597535934291582,0.8412177557218022,0.6192497939904351,0.6842463353520721,4.15784480939005,62.327267518296686,1.1758098121055371,0.11750733264448704,0.7746303446715375,global_lstm_seed_ensemble_seed=1,20265609,1,20265609
79005,global_lstm,global LSTM,15.597535934291582,0.8579274466027421,0.5885434660610345,0.6934728259518022,5.089061964294954,65.02383795503053,1.1064348607695584,0.11019101547198579,0.6836614677251638,global_lstm_seed_ensemble_seed=1,20265609,1,20265609
79006,global_lstm,global LSTM,15.597535934291582,0.846451027674573,0.616175434887317,0.6686726510777254,4.650066174624623,70.45437392105484,1.180448826648453,0.38703691093098397,0.6627618773142792,global_lstm_seed_ensemble_seed=1,20265609,1,20265609
80001,global_lstm,global LSTM,15.597535934291582,0.8540103216929407,0.6048012545007531,0.7132844616373645,4.6871221351110695,63.69090147982744,1.1331711255895396,0.047285975572615935,0.7746238460014852,global_lstm_seed_ensemble_seed=1,20265609,1,20265609
80002,global_lstm,global LSTM,13.47296372347707,0.7073032780111947,0.40238798695923295,0.6498174080614368,7.783636852345459,76.47443412914255,0.9923337065083463,0.9754249972987696,0.24346847371125357,global_lstm_seed_ensemble_seed=1,20265609,1,20265609
80003,global_lstm,global LSTM,12.774811772758385,0.7389931861182699,0.44721323464301244,0.5236788398575092,2.646656573959259,86.93330159249433,1.5164885821912135,0.3124223312690156,0.8917862517677528,global_lstm_seed_ensemble_seed=1,20265609,1,20265609
80004,global_lstm,global LSTM,11.698836413415469,0.6817419452658201,0.43311047732410546,0.6099191577252014,1.584870609709879,96.31016969314905,1.7836783362623134,,0.9787906741147722,global_lstm_seed_ensemble_seed=1,20265609,1,20265609
80005,global_lstm,global LSTM,11.175906913073238,0.6665333121878572,0.35323383564437816,0.36453633907614025,2.2977408078200745,97.24855809371735,1.6265821333813069,,0.8852835310824092,global_lstm_seed_ensemble_seed=1,20265609,1,20265609
80006,global_lstm,global LSTM,11.819301848049282,0.5888155711963139,0.1390613011020264,0.5525987371632132,7.325073490357084,93.72208552263427,1.1070299578405942,1.8199598093020932,0.6480112292335225,global_lstm_seed_ensemble_seed=1,20265609,1,20265609
8004,global_lstm,global LSTM,15.597535934291582,0.5978531800435211,0.3257212781628994,0.48361701943019764,3.2979479410411576,85.55089956835174,1.4139807845986698,0.6466426898106657,0.8941382669829221,global_lstm_seed_ensemble_seed=1,20265609,1,20265609
8005,global_lstm,global LSTM,15.597535934291582,0.1480869190908395,-0.06891592011471293,0.47319402578741565,6.56821982321497,72.56751048157915,1.0432945451340974,1.7287771771570317,0.3033229488978909,global_lstm_seed_ensemble_seed=1,20265609,1,20265609
8006,global_lstm,global LSTM,15.597535934291582,0.5628081581074329,0.2513121100989103,0.6390866069711953,5.6912818664198275,89.18512345410738,1.1950823228131848,1.2365416015440833,0.2333879203121989,global_lstm_seed_ensemble_seed=1,20265609,1,20265609
8009,global_lstm,global LSTM,15.597535934291582,0.6128814920221353,0.39269218014460805,0.46688307533476425,3.1875649793091245,72.40961814624481,1.3563372104909994,0.5331225109012157,1.0210120836319088,global_lstm_seed_ensemble_seed=1,20265609,1,20265609
8011,global_lstm,global LSTM,13.075975359342916,0.6575533426007019,0.31426196650911775,0.48798946801037146,6.99675911922662,80.79458565664676,1.0624853355681225,0.1334735116523741,1.1387154411620926,global_lstm_seed_ensemble_seed=1,20265609,1,20265609
8013,global_lstm,global LSTM,8.6652977412731,0.5442826900027127,0.1272297558165948,0.35421278975027604,3.6807434512940334,103.3307018048316,1.4482938309832265,0.34419859872540315,0.9299367207544587,global_lstm_seed_ensemble_seed=1,20265609,1,20265609
81002,global_lstm,global LSTM,14.099931553730322,0.816017180381909,0.5217503954130318,0.702470144495335,3.906010629021637,83.4443237291339,1.329663378536192,0.615381183255192,0.5708867386313772,global_lstm_seed_ensemble_seed=1,20265609,1,20265609
81003,global_lstm,global LSTM,15.597535934291582,0.6995822241876,0.5568419065703493,0.5386410498005814,2.229596213087028,80.31562525644135,1.5565738266196276,0.3147596055571872,1.013558952781839,global_lstm_seed_ensemble_seed=1,20265609,1,20265609
81004,global_lstm,global LSTM,13.44832306639288,0.7912747401154404,0.5434785840881422,0.6270738580138455,4.094474279519477,84.00010847974694,1.3120816995935003,1.134087422617743,0.3918825514880595,global_lstm_seed_ensemble_seed=1,20265609,1,20265609
81006,global_lstm,global LSTM,10.847364818617386,0.8038567782672466,0.45943018788306034,0.5649864048161671,3.161911467991627,103.59986888214807,1.5154095000299697,0.7871424669525137,0.769595171486336,global_lstm_seed_ensemble_seed=1,20265609,1,20265609
81007,global_lstm,global LSTM,10.324435318275153,0.7659255610356657,0.45955362167614056,0.5704348787849243,3.002346563230458,100.05973697032152,1.5227985351523035,0.5440102247856091,0.9162953728979779,global_lstm_seed_ensemble_seed=1,20265609,1,20265609
82001,global_lstm,global LSTM,15.597535934291582,0.8250601422598691,0.6170319132412306,0.7492816665393529,4.768529055897828,71.35209669430158,1.1750223062116218,0.5174494516584834,0.6730415738619487,global_lstm_seed_ensemble_seed=1,20265609,1,20265609
82003,global_lstm,global LSTM,14.921286789869953,0.788598237974991,0.5499489363067769,0.6478803761271577,3.6285298999905184,86.65680827399584,1.3780719830195125,0.5176663249894222,0.8333590936445007,global_lstm_seed_ensemble_seed=1,20265609,1,20265609
83003,global_lstm,global LSTM,15.512662559890487,0.7036371751469108,0.49835600586430084,0.5544673799952426,3.230202649110713,73.33093576332716,1.3560574580216564,0.2860317488165277,1.1020101258098962,global_lstm_seed_ensemble_seed=1,20265609,1,20265609
83004,global_lstm,global LSTM,15.186858316221766,0.7113129182495572,0.5592468268357349,0.6436939520590658,3.4728412611293358,74.09323385064084,1.3290936175284664,0.33354558146901325,1.014149478770038,global_lstm_seed_ensemble_seed=1,20265609,1,20265609
83006,global_lstm,global LSTM,13.848049281314168,0.7588090701261292,0.5051928458149174,0.5220281279607344,3.3268366289050553,79.23352021160565,1.3768774768496859,0.4900876758741409,0.9929785343806399,global_lstm_seed_ensemble_seed=1,20265609,1,20265609
83007,global_lstm,global LSTM,12.16974674880219,0.7766236398543396,0.7727648693223205,0.7241998477406388,3.3099118714271105,7.716576016988581,0.3676082082803593,0.37768555200056303,1.0277765947920832,global_lstm_seed_ensemble_seed=1,20265609,1,20265609
83009,global_lstm,global LSTM,13.42094455852156,0.6596481874142908,0.5105732193335772,0.6348642087727219,3.6872630626651524,84.58182347978367,1.3605729209167179,0.17639135475070133,1.066687642365682,global_lstm_seed_ensemble_seed=1,20265609,1,20265609
83010,global_lstm,global LSTM,13.724845995893224,0.7574042537327669,0.5188048190152075,0.5913723506799626,3.046844707913755,74.95904298269552,1.3909737135957965,0.3379968737898299,1.043934818765697,global_lstm_seed_ensemble_seed=1,20265609,1,20265609
83013,global_lstm,global LSTM,12.084873374401095,0.682654915082677,0.5123575019409621,0.5362792049126281,3.668280435124615,89.2421662979243,1.386107574468993,0.5162963443176436,1.0841157270127915,global_lstm_seed_ensemble_seed=1,20265609,1,20265609
84001,global_lstm,global LSTM,15.586584531143053,0.8051421232768229,0.5814544006240209,0.7438949390685714,4.972622322891485,74.99900249173523,1.1784700119326452,0.7439835952584084,0.48099353000205336,global_lstm_seed_ensemble_seed=1,20265609,1,20265609
84004,global_lstm,global LSTM,15.597535934291582,0.8568925773250178,0.579356496907539,0.7179472620385149,5.989714551496332,78.72445832641655,1.1187035551495383,0.4185734989314507,0.6410540726115824,global_lstm_seed_ensemble_seed=1,20265609,1,20265609
84005,global_lstm,global LSTM,15.455167693360712,0.8720613376407226,0.577804416645608,0.6195275434458323,5.710310171997755,76.46032321777285,1.126776430716898,0.7371371941417757,0.43923879160354506,global_lstm_seed_ensemble_seed=1,20265609,1,20265609
84008,global_lstm,global LSTM,15.520876112251882,0.7261976904541607,0.5581297887804944,0.5041052065078917,4.550581179691215,63.121290477958595,1.1421090028588536,0.20616103251584988,1.0182346195299734,global_lstm_seed_ensemble_seed=1,20265609,1,20265609
84009,global_lstm,global LSTM,14.349075975359343,0.7951774269410037,0.49873786950508336,0.5355616724196466,4.611333641372801,73.14682902773592,1.2003689582297477,0.2184228465523928,0.9945622628199536,global_lstm_seed_ensemble_seed=1,20265609,1,20265609
84012,global_lstm,global LSTM,15.597535934291582,0.8392326483148169,0.6092484670770383,0.7896788821566748,3.9923112998807673,64.27894256745364,1.2068443257255508,0.4293089645742933,0.8210536809466118,global_lstm_seed_ensemble_seed=1,20265609,1,20265609
84013,global_lstm,global LSTM,15.594798083504449,0.8636080663966803,0.5845234526623562,0.6817511188466272,5.665602224291429,75.92374907715315,1.1271315652790634,0.9658567755899572,0.3708229697202998,global_lstm_seed_ensemble_seed=1,20265609,1,20265609
84014,global_lstm,global LSTM,15.572895277207392,0.7613833157252492,0.549992906959262,0.5625535002609618,3.4684196584095037,66.98532262129966,1.2858480143390045,0.32605841346897135,0.9183103635014244,global_lstm_seed_ensemble_seed=1,20265609,1,20265609
84016,global_lstm,global LSTM,15.597535934291582,0.6649263286575524,0.5748222423009473,0.6936445678647216,3.6891914490465814,74.29174462825152,1.3040093638695835,0.2437374438340385,1.0072150103247832,global_lstm_seed_ensemble_seed=1,20265609,1,20265609
84017,global_lstm,global LSTM,15.597535934291582,0.8537774534906514,0.5152942651926304,0.7135143502885336,5.823148564431272,72.15652714892917,1.0931177524114637,1.38774056320912,0.361171117345354,global_lstm_seed_ensemble_seed=1,20265609,1,20265609
84018,global_lstm,global LSTM,15.597535934291582,0.8513508522938023,0.5701016928283424,0.705286072460283,5.920884925435825,78.41126383668069,1.1219918334009609,0.470876029690086,0.6275695776341589,global_lstm_seed_ensemble_seed=1,20265609,1,20265609
84019,global_lstm,global LSTM,15.550992470910336,0.7390792050551369,0.561555264967264,0.640903752868035,4.240891365602789,73.4012532918209,1.2382463276100513,0.2855605112845083,1.0780185865896743,global_lstm_seed_ensemble_seed=1,20265609,1,20265609
84020,global_lstm,global LSTM,15.41409993155373,0.7610042165245515,0.49102136550997744,0.5502488212322802,2.899066529333563,73.78681539398596,1.4057205849014085,0.06887854876836785,1.0230916090163042,global_lstm_seed_ensemble_seed=1,20265609,1,20265609
84022,global_lstm,global LSTM,15.293634496919918,0.7411221757494967,0.5338399409876899,0.6457013736092829,4.187767075798831,79.66143855517363,1.279265626633909,0.27588775912454144,0.8625782435017235,global_lstm_seed_ensemble_seed=1,20265609,1,20265609
84026,global_lstm,global LSTM,14.318959616700889,0.7680603075202463,0.568065605491366,0.6421547255239282,4.312930066722387,67.08825432679167,1.1918740752350723,0.4782835009326571,0.5760034041890923,global_lstm_seed_ensemble_seed=1,20265609,1,20265609
84030,global_lstm,global LSTM,12.41889117043121,0.8106425291832146,0.5335088403032258,0.5787296874088204,3.4306807307186102,82.2381971251863,1.379693277683342,0.5032195860721496,0.9019206544197709,global_lstm_seed_ensemble_seed=1,20265609,1,20265609
85001,global_lstm,global LSTM,15.564681724845997,-0.2258453492481476,-0.8017028795461785,0.267921871957029,19.694671681354887,70.1807187909254,0.551869066616514,0.9523883037894565,0.6741051445679693,global_lstm_seed_ensemble_seed=1,20265609,1,20265609
85002,global_lstm,global LSTM,15.545516769336071,0.7991202002453369,0.5939789129136069,0.5692336321513827,4.106777745927661,68.60834874093165,1.2228757669213786,0.2489423212035632,0.9747223540128687,global_lstm_seed_ensemble_seed=1,20265609,1,20265609
85003,global_lstm,global LSTM,15.51813826146475,0.7250924509605507,0.5131553661057409,0.6507840911921418,2.489272004415013,62.541791401651935,1.4000979618510783,0.4475484885222465,0.9763011351719337,global_lstm_seed_ensemble_seed=1,20265609,1,20265609
85004,global_lstm,global LSTM,13.388090349075975,0.7154576743770845,0.4845825802488265,0.7046283911074975,3.5518137142039192,66.39388526453112,1.2716779038188337,0.19946875164416256,0.8104926798840696,global_lstm_seed_ensemble_seed=1,20265609,1,20265609
88001,global_lstm,global LSTM,8.035592060232718,0.6454078332027071,0.30793155751991386,0.4460198592305943,1.712309266641499,120.85020539343948,1.8486651858666872,,1.0607409803176708,global_lstm_seed_ensemble_seed=1,20265609,1,20265609
89002,global_lstm,global LSTM,12.153319644079398,0.7131391929244184,0.5095109557748988,0.6103883593575523,2.129947968373767,67.322547628091,1.4997915478733572,0.6467857886291469,0.8308579535227141,global_lstm_seed_ensemble_seed=1,20265609,1,20265609
89003,global_lstm,global LSTM,13.555099247091034,0.730718340899821,0.556382186876435,0.5432578465199027,2.8904977973387322,59.83881743933904,1.3160103594617687,0.9097142043253668,0.5119558126924512,global_lstm_seed_ensemble_seed=1,20265609,1,20265609
89005,global_lstm,global LSTM,13.114305270362765,0.5557046807368642,0.42679008410334174,0.3602246032012917,2.584756618758217,62.656187933309134,1.384544312335227,0.27873125613268535,1.1091000126286694,global_lstm_seed_ensemble_seed=1,20265609,1,20265609
89007,global_lstm,global LSTM,12.177960301163587,0.6574766375909973,0.4734020289065858,0.5764234178161065,14.868536794413597,91.78727066888379,0.7905142242167735,0.2642304562398573,1.0760776893266164,global_lstm_seed_ensemble_seed=1,20265609,1,20265609
90003,global_lstm,global LSTM,11.997262149212867,0.7763538214647184,0.483432434657327,0.5375161270768544,2.75311134276741,78.92022614423026,1.4573645453306827,0.7586579404621532,0.8674057004031007,global_lstm_seed_ensemble_seed=1,20265609,1,20265609
9002,global_lstm,global LSTM,15.597535934291582,0.7954273198788291,0.5429089945867889,0.6061449077691197,7.638738020358284,33.120837725785336,0.6370796972325723,0.20327639299806888,0.7083968117119129,global_lstm_seed_ensemble_seed=1,20265609,1,20265609
9003,global_lstm,global LSTM,15.299110198494182,0.7635062340395335,0.529903830005547,0.5511577722730456,6.413112815891082,32.302442600659724,0.7021664835920497,0.23105255109281153,0.6829798301606353,global_lstm_seed_ensemble_seed=1,20265609,1,20265609
9004,global_lstm,global LSTM,12.54757015742642,0.5115273080017815,0.19257843456303148,0.5833494464554378,12.860282086794061,33.287884843440004,0.4130357055591074,0.19174886335464336,0.8118841570902197,global_lstm_seed_ensemble_seed=1,20265609,1,20265609
9005,global_lstm,global LSTM,15.597535934291582,0.5951736842942876,0.40731450726534,0.44801977185034725,2.9263477678890917,36.82090183114681,1.0997684846799027,0.2630003116604144,0.8505100604739017,global_lstm_seed_ensemble_seed=1,20265609,1,20265609
92001,global_lstm,global LSTM,8.147843942505133,0.06721108556497513,-0.8198830386050999,0.26384381355995656,9.576661411266569,103.35856643191295,1.0331323441484495,2.1921013056125593,0.9631441782712445,global_lstm_seed_ensemble_seed=1,20265609,1,20265609
93001,global_lstm,global LSTM,13.122518822724162,0.8093369032908793,0.5179759569409195,0.5219985991907612,2.79413052883643,77.35403462143175,1.4422362800211792,0.9542794705933187,0.5810607424106919,global_lstm_seed_ensemble_seed=1,20265609,1,20265609
94001,global_lstm,global LSTM,15.58384668035592,0.27161623426495696,-0.1138172522449652,0.4758930568012637,9.880838808382485,68.1112662798248,0.8384251400097446,2.109823735065655,1.1296840148988887,global_lstm_seed_ensemble_seed=1,20265609,1,20265609
95001,global_lstm,global LSTM,13.54962354551677,0.3413920414228804,-0.19817061602340358,0.4377141132686422,10.437046456854429,83.79374455885879,0.904633981941982,1.0089232954485752,0.41521752782597,global_lstm_seed_ensemble_seed=1,20265609,1,20265609
96001,global_lstm,global LSTM,14.023271731690622,0.5510502116739835,0.48318443493196805,0.4744799099756849,2.494163601888898,74.60024601584225,1.4758153225458075,0.9233434629911578,0.9934398686752984,global_lstm_seed_ensemble_seed=1,20265609,1,20265609
96002,global_lstm,global LSTM,13.59069130732375,0.8401652902181838,0.5268223798036988,0.5697046155054967,4.547529043647091,94.98879396592797,1.319896892201113,1.2893505802515204,0.24818715394682722,global_lstm_seed_ensemble_seed=1,20265609,1,20265609
96004,global_lstm,global LSTM,10.447638603696099,0.68218115887744,0.3694140676926416,0.4210737657484124,2.138835714380336,102.24333050582045,1.6794575605285706,,0.8386675407709064,global_lstm_seed_ensemble_seed=1,20265609,1,20265609
97002,global_lstm,global LSTM,15.222450376454484,0.7324326770862697,0.5379040169008631,0.5549109225919343,3.2390374705136487,77.86458694532843,1.3809240119671324,0.8370428409970936,0.7813067294255955,global_lstm_seed_ensemble_seed=1,20265609,1,20265609
10002,global_lstm,global LSTM,15.496235455167694,0.7305772263941903,0.4906930393894323,0.4895417477911652,9.369621400960744,91.848439898827,0.9913497412801044,0.43921428373973925,0.7153570058770014,global_lstm_seed_ensemble_seed=2,20265610,2,20265610
10003,global_lstm,global LSTM,11.811088295687885,0.7957443903848915,0.5321385725062304,0.6309477507026403,13.222616882562223,41.42133343339628,0.4959066608728869,0.13886742924864848,0.4238154054848694,global_lstm_seed_ensemble_seed=2,20265610,2,20265610
1001,global_lstm,global LSTM,8.06570841889117,0.6804812486042182,0.37739826521715714,0.34311083309335555,4.422390586852748,135.4417565930203,1.4860954807047353,0.5328131897014847,1.1762221119642033,global_lstm_seed_ensemble_seed=2,20265610,2,20265610
101002,global_lstm,global LSTM,15.173169062286105,0.6466864613735729,0.4981145084732883,0.6465794006789112,17.994716206414683,62.861622220598036,0.5432405825125354,0.8151104336134184,1.3319676508618778,global_lstm_seed_ensemble_seed=2,20265610,2,20265610
101005,global_lstm,global LSTM,12.11772758384668,0.6784701261928741,0.5206282714210282,0.7168432135213321,12.739093304268954,80.97490871215578,0.8032119485720378,0.8569515523066321,1.383285965270864,global_lstm_seed_ensemble_seed=2,20265610,2,20265610
102001,global_lstm,global LSTM,10.182067077344286,0.658466949360196,0.32599425315160513,0.21424916182106268,3.9271899054016717,81.22611122591182,1.315613758721812,0.09807912495798288,1.232913834429291,global_lstm_seed_ensemble_seed=2,20265610,2,20265610
106001,global_lstm,global LSTM,7.72621492128679,0.7568305529303457,0.1306171916643084,0.41418739435471663,6.85031159820377,147.12299844871026,1.3319702409107148,1.2406416961871136,0.20485714348015238,global_lstm_seed_ensemble_seed=2,20265610,2,20265610
107001,global_lstm,global LSTM,6.940451745379876,0.5965678886541816,0.10190261886951313,0.14019646112802353,2.6793960512889297,161.5360855008403,1.7802326414253435,,0.5942342124028739,global_lstm_seed_ensemble_seed=2,20265610,2,20265610
11001,global_lstm,global LSTM,15.597535934291582,0.7932357644867716,0.5548160257472311,0.6628857001913813,11.4423369840309,74.81578142978435,0.8154784825159755,0.5126229266606765,0.4965668009865546,global_lstm_seed_ensemble_seed=2,20265610,2,20265610
11003,global_lstm,global LSTM,14.822724161533197,0.720080483886175,0.4658349510428548,0.6135656587338878,6.642162233296286,77.97495897122137,1.0696456759771535,0.22404962160312253,1.0497462071349104,global_lstm_seed_ensemble_seed=2,20265610,2,20265610
11004,global_lstm,global LSTM,11.227926078028748,0.7004611085676734,0.5285216000387474,0.6718178014434992,13.127964898529983,36.10886936073326,0.43941648319802395,0.4432957140319338,0.7771275905483035,global_lstm_seed_ensemble_seed=2,20265610,2,20265610
12001,global_lstm,global LSTM,15.597535934291582,0.6644654997072507,0.4362952828283566,0.4985769544088473,5.6064840879852085,73.4017115980139,1.117015593113392,0.082914261315429,1.049382975670013,global_lstm_seed_ensemble_seed=2,20265610,2,20265610
12002,global_lstm,global LSTM,14.973305954825461,0.7339415917113317,0.48817015635238814,0.5421685914871031,5.930257265412479,71.69811699643084,1.0824342157039726,0.29829444996114496,0.9294093001497277,global_lstm_seed_ensemble_seed=2,20265610,2,20265610
12005,global_lstm,global LSTM,13.79876796714579,0.6115498696128541,0.46826759610445634,0.46514170200375715,5.968278540908192,57.966475955308255,0.9873278148849659,0.3355576132247826,0.7231666363901179,global_lstm_seed_ensemble_seed=2,20265610,2,20265610
12006,global_lstm,global LSTM,13.17180013689254,0.6044780545924126,0.33498797922583834,0.38633752169766244,4.127178854444125,76.90043824310894,1.2702755250142987,0.3456844793664142,1.0251864936877773,global_lstm_seed_ensemble_seed=2,20265610,2,20265610
12007,global_lstm,global LSTM,12.016427104722792,0.514064015174361,0.27896276959526944,0.2706475744510932,3.817852400739543,94.71108301299778,1.3945816683259944,0.44760378894894465,0.8865324297012857,global_lstm_seed_ensemble_seed=2,20265610,2,20265610
12008,global_lstm,global LSTM,11.312799452429843,0.7442136487246418,0.5529511911025391,0.4640243358668633,5.396233609219593,34.38142379502091,0.8042331150998286,0.39140650732707594,1.1930380815360366,global_lstm_seed_ensemble_seed=2,20265610,2,20265610
12009,global_lstm,global LSTM,11.40041067761807,0.5542122535872744,0.5266733096649725,0.4985651141692976,3.1898214678530974,10.75993382577646,0.5280432238326664,0.49046942328495746,1.1320510841563207,global_lstm_seed_ensemble_seed=2,20265610,2,20265610
13001,global_lstm,global LSTM,12.922655715263518,0.7849312367690469,0.48272745840656184,0.415956249537039,5.787194426965098,37.78684633005131,0.8148725742500378,0.04457715494965986,1.0960654151504983,global_lstm_seed_ensemble_seed=2,20265610,2,20265610
13004,global_lstm,global LSTM,11.323750855578371,0.7853221832329544,0.5258464821562447,0.4613785829230701,7.476978062031977,71.21418160493302,0.978840381331942,0.18086122936296978,1.1514516590065043,global_lstm_seed_ensemble_seed=2,20265610,2,20265610
13005,global_lstm,global LSTM,12.498288843258042,0.7622345880003664,0.22260644665232543,0.523176554403269,9.947715428814352,22.25233681065427,0.34965227173673774,0.28226467498490526,0.498870974659807,global_lstm_seed_ensemble_seed=2,20265610,2,20265610
13007,global_lstm,global LSTM,14.023271731690622,0.7379190157994839,0.5543102828809825,0.4998000959592205,5.985865232992156,32.50163803245242,0.734778314484374,0.3088635086642614,1.0975799213229664,global_lstm_seed_ensemble_seed=2,20265610,2,20265610
13008,global_lstm,global LSTM,11.9233401779603,0.8067655735588677,0.5170511741231487,0.5282450136509433,7.592111426602678,68.89613186153034,0.9578322659031151,0.16077940234118593,0.9349430269669876,global_lstm_seed_ensemble_seed=2,20265610,2,20265610
14001,global_lstm,global LSTM,15.597535934291582,0.8676032069511258,0.5618530812250622,0.6254431317252765,14.768188088235641,39.88887923527869,0.43152461912528806,0.37157071179286927,0.33403702503912347,global_lstm_seed_ensemble_seed=2,20265610,2,20265610
14002,global_lstm,global LSTM,15.299110198494182,0.8329309830992947,0.26430071202094063,0.6012016218207185,13.578408853621704,27.454482891727206,0.30576438674764705,0.38754255077078525,0.36253446736204886,global_lstm_seed_ensemble_seed=2,20265610,2,20265610
14005,global_lstm,global LSTM,11.62217659137577,0.7643776759860667,0.5491298340586299,0.6209879648854963,12.93424013092396,41.15454119954093,0.5026768448450917,0.7843674247846149,0.33566080215344685,global_lstm_seed_ensemble_seed=2,20265610,2,20265610
15006,global_lstm,global LSTM,15.597535934291582,0.7590697451030292,0.4584994356083637,0.6327703897752909,12.75089601312989,80.68266008552683,0.801239504371955,0.39862018663604926,0.4441157387506256,global_lstm_seed_ensemble_seed=2,20265610,2,20265610
15007,global_lstm,global LSTM,15.597535934291582,0.6963523792638349,0.40019966449313704,0.6396700308100103,13.197210717246277,70.46920002883495,0.7275171903389229,0.36037485572098626,0.5470551655475909,global_lstm_seed_ensemble_seed=2,20265610,2,20265610
15010,global_lstm,global LSTM,14.924024640657084,0.8048744672333266,0.6138519674842496,0.6904675207411025,7.264966910427983,68.92646334872535,0.9771523546312002,0.23993619865841964,0.9202700317080847,global_lstm_seed_ensemble_seed=2,20265610,2,20265610
15011,global_lstm,global LSTM,15.597535934291582,0.40357060357841534,0.4003110350679594,0.6840684551540883,5.30285145219421,67.65857798029897,1.1058134042508219,0.11935414022565,0.9998440758406705,global_lstm_seed_ensemble_seed=2,20265610,2,20265610
15012,global_lstm,global LSTM,14.921286789869953,0.6907532890501131,0.4280497053859803,0.5868764550910983,12.951216513352971,76.14955432286689,0.7693568021021062,0.28291955513697187,0.5363279008727203,global_lstm_seed_ensemble_seed=2,20265610,2,20265610
15013,global_lstm,global LSTM,15.58110882956879,0.7763471280463652,0.5762094817794539,0.5719584828464113,7.007287160222032,74.70810925537617,1.0278178298937157,0.2382727035581393,0.9185022681179313,global_lstm_seed_ensemble_seed=2,20265610,2,20265610
15014,global_lstm,global LSTM,11.323750855578371,0.645289585292589,0.364388270880157,0.3543162572516454,4.930722193943647,103.04908190522968,1.320133592612581,0.23074500246819862,1.153207052989465,global_lstm_seed_ensemble_seed=2,20265610,2,20265610
15016,global_lstm,global LSTM,14.622861054072553,0.4720696316023514,0.07255611623710156,0.43966312004954533,14.072080101173524,73.34947503812342,0.7170387113967558,1.9686195025864666,1.1414495870294545,global_lstm_seed_ensemble_seed=2,20265610,2,20265610
15021,global_lstm,global LSTM,11.143052703627653,0.595298458790976,0.4951026029890838,0.5976706609272693,14.31833566112229,36.577068926675224,0.40731636144686445,0.7491580417212182,0.09512465532067749,global_lstm_seed_ensemble_seed=2,20265610,2,20265610
15023,global_lstm,global LSTM,11.9233401779603,0.8315048435218382,0.515139801053936,0.5043177142770867,7.088442465992603,81.75304153694236,1.0619531003893488,0.2832597250898934,0.6113559730290208,global_lstm_seed_ensemble_seed=2,20265610,2,20265610
15024,global_lstm,global LSTM,12.2217659137577,0.8266982141070905,0.5331582000070821,0.581735848532141,3.715251216632258,83.65986669232915,1.35252898314876,0.8161391946308425,0.4955931988299004,global_lstm_seed_ensemble_seed=2,20265610,2,20265610
15025,global_lstm,global LSTM,11.323750855578371,0.7405792789665369,0.47613283963003195,0.44281931713480993,6.661093287485715,95.54967399134114,1.156683693691556,0.17772637790334,1.2103236904381336,global_lstm_seed_ensemble_seed=2,20265610,2,20265610
15030,global_lstm,global LSTM,9.963039014373717,0.7337014079446822,0.559862939743585,0.5081342533719709,10.219457772267887,73.00817832618993,0.8539436587618936,0.7764971736016812,0.3302861816068581,global_lstm_seed_ensemble_seed=2,20265610,2,20265610
15039,global_lstm,global LSTM,9.22381930184805,0.4866522384795666,0.17793578958720757,0.14056278608648543,3.8542447949737215,115.20848039242355,1.4755451537119078,0.33414993902094026,1.1308883326739778,global_lstm_seed_ensemble_seed=2,20265610,2,20265610
16001,global_lstm,global LSTM,15.597535934291582,0.8448900757722884,0.5342056032927044,0.5944971035748947,11.214157798450762,76.46257613709481,0.8336822630324322,0.2013236695611459,0.7069278623726031,global_lstm_seed_ensemble_seed=2,20265610,2,20265610
16003,global_lstm,global LSTM,15.597535934291582,0.7223375697957203,0.457039722917417,0.39022730511744363,2.9678059042926,69.51737504203174,1.3696578704029017,0.0894236896902948,0.9563586335119842,global_lstm_seed_ensemble_seed=2,20265610,2,20265610
16004,global_lstm,global LSTM,14.99794661190965,0.8518645334556354,0.5055088263031294,0.5531123878068523,11.908076256236738,77.42387904087285,0.8130333191749333,0.18001097276357747,0.4518270864842986,global_lstm_seed_ensemble_seed=2,20265610,2,20265610
17001,global_lstm,global LSTM,15.422313483915127,0.7974311878765733,0.5397684455503835,0.6323772954312108,4.545545637612084,77.9213509663584,1.2340704510726375,0.4064552643653337,0.621612111765975,global_lstm_seed_ensemble_seed=2,20265610,2,20265610
17003,global_lstm,global LSTM,15.597535934291582,0.7369294696887427,0.5130344813746963,0.6446543776671565,4.125506337336148,78.75292446942855,1.280789431587261,0.2576524171186124,0.9131455994176877,global_lstm_seed_ensemble_seed=2,20265610,2,20265610
17004,global_lstm,global LSTM,14.047912388774812,0.8679530924890614,0.8258939643069658,0.8795319245487173,10.434396655594337,13.944603636269155,0.12593883224684257,0.22337222050431216,0.23883064835895973,global_lstm_seed_ensemble_seed=2,20265610,2,20265610
17005,global_lstm,global LSTM,15.597535934291582,0.6936313071731821,0.47571961728711476,0.4166874835305939,3.7846296407374274,76.37194470889385,1.3049104630838813,0.6780036444673412,0.802825686544142,global_lstm_seed_ensemble_seed=2,20265610,2,20265610
17015,global_lstm,global LSTM,10.72142368240931,0.7190798554090232,0.4323058550649489,0.4833007579524088,8.615160436903533,92.2915887347686,1.029898752562531,0.2426611219304632,0.6206753298009254,global_lstm_seed_ensemble_seed=2,20265610,2,20265610
17018,global_lstm,global LSTM,8.429842573579739,0.7359022217943352,0.19590561283928343,0.40056669093751274,15.69830126732494,74.8782997720687,0.6785033151056521,0.10326104902561906,0.850109817140481,global_lstm_seed_ensemble_seed=2,20265610,2,20265610
18001,global_lstm,global LSTM,15.597535934291582,0.8212917882259296,0.5420991056081943,0.5470157584915483,4.560552916687968,72.36177514946267,1.2004917129856152,0.30703903805072286,0.7409684790132443,global_lstm_seed_ensemble_seed=2,20265610,2,20265610
18002,global_lstm,global LSTM,15.326488706365502,0.7986050623946513,0.5704546148101788,0.5976597623479867,5.284382481221149,24.156319187697356,0.6600365153725934,0.5455989696111039,0.16792900378847486,global_lstm_seed_ensemble_seed=2,20265610,2,20265610
18003,global_lstm,global LSTM,15.597535934291582,0.7969727320952307,0.5175038713244171,0.6674801834702238,7.748613580127614,72.97662631147489,0.9739597788206154,1.5381679031572713,0.4702960330023289,global_lstm_seed_ensemble_seed=2,20265610,2,20265610
18008,global_lstm,global LSTM,14.360027378507871,0.7195259408789989,0.4094084688210424,0.48643291635391284,5.892946100449161,75.61791734496519,1.108292243071455,2.462530895708342,1.0734164862269884,global_lstm_seed_ensemble_seed=2,20265610,2,20265610
18010,global_lstm,global LSTM,14.77618069815195,0.8236483375870358,0.5110376213938405,0.6020418028238019,9.31844409702067,40.84459665049095,0.6417912075147294,1.04172099628443,0.24431447486919944,global_lstm_seed_ensemble_seed=2,20265610,2,20265610
18011,global_lstm,global LSTM,12.399726214921287,0.8392714844396633,0.5175762219781713,0.629480009853997,7.432134552620482,95.2930302598488,1.1079475738679159,2.176739220738888,0.5993672347868881,global_lstm_seed_ensemble_seed=2,20265610,2,20265610
18014,global_lstm,global LSTM,13.122518822724162,0.7422254668182142,0.457967227028482,0.3863830134699049,6.337129350027229,83.80191365561984,1.121361364261956,0.28687744592312103,0.7537201963420217,global_lstm_seed_ensemble_seed=2,20265610,2,20265610
19001,global_lstm,global LSTM,15.597535934291582,0.6937833034831664,0.49190917983200433,0.45327524804021824,4.3210519397516505,82.7605973232392,1.2822341298848632,0.5281227484070958,0.9497868550529952,global_lstm_seed_ensemble_seed=2,20265610,2,20265610
19006,global_lstm,global LSTM,15.597535934291582,0.7553063193795235,0.5342114780999372,0.5780004507154071,10.007780300595602,77.65209612362561,0.8898154206888005,0.28209116944543844,0.9330206496481583,global_lstm_seed_ensemble_seed=2,20265610,2,20265610
19010,global_lstm,global LSTM,15.364818617385353,0.4775608062345523,0.49402259313924257,0.6813862167513436,28.346451315793523,37.29087288765931,0.11910385181767996,0.7252980848918009,1.093010001743166,global_lstm_seed_ensemble_seed=2,20265610,2,20265610
19017,global_lstm,global LSTM,11.017111567419576,0.6379386674741225,0.4105984837033321,0.3832383135682762,8.23987374381974,48.26342746782277,0.7676976032219823,0.11465787016515971,1.1152635117930492,global_lstm_seed_ensemble_seed=2,20265610,2,20265610
19020,global_lstm,global LSTM,11.02258726899384,0.54391318262229,0.3945928447511522,0.30577574665457874,4.184949949070712,103.91130848042896,1.3949725453053348,0.40357803495135725,1.1121199279600826,global_lstm_seed_ensemble_seed=2,20265610,2,20265610
20002,global_lstm,global LSTM,15.597535934291582,0.6811816171146483,0.5008468903246526,0.47907083091101066,12.960497794946914,38.78160764584475,0.476004125771419,0.5307523810544346,0.5509678378148164,global_lstm_seed_ensemble_seed=2,20265610,2,20265610
20003,global_lstm,global LSTM,15.545516769336071,0.7246002477037208,0.5640584023309719,0.5448772535334689,9.247773643664356,84.46829982700592,0.9606565617695169,0.5351796834946061,1.0045528946966051,global_lstm_seed_ensemble_seed=2,20265610,2,20265610
20007,global_lstm,global LSTM,14.915811088295689,0.7308432722082726,0.6517065874552,0.6214828708635622,12.399524836853942,73.93640456632694,0.775453284711362,0.6536739728298526,0.8296451193663152,global_lstm_seed_ensemble_seed=2,20265610,2,20265610
2001,global_lstm,global LSTM,14.321697467488022,0.6742553360535988,0.4788658531073434,0.46103755522348566,3.218862615237065,107.66283755766116,1.524363380986797,0.6442578209185348,1.1722303342634417,global_lstm_seed_ensemble_seed=2,20265610,2,20265610
2002,global_lstm,global LSTM,8.824093086926762,0.6310283141772115,0.3527942075744659,0.354557475910784,2.667990248549723,143.24842905554587,1.7299056300332167,,0.6145738067573787,global_lstm_seed_ensemble_seed=2,20265610,2,20265610
21003,global_lstm,global LSTM,15.597535934291582,0.9030345772686106,0.6028814823257791,0.6859844484314979,7.9069655565343515,86.25609718670516,1.03777995683919,0.2667089636495542,0.677073764006383,global_lstm_seed_ensemble_seed=2,20265610,2,20265610
21006,global_lstm,global LSTM,15.597535934291582,0.8802507623995239,0.5931529770550538,0.6526485726520231,7.667748715743264,84.22911631217458,1.0407943724029767,0.34007907086982925,0.5814072717537769,global_lstm_seed_ensemble_seed=2,20265610,2,20265610
21008,global_lstm,global LSTM,15.597535934291582,0.7550077303487179,0.5418592275999718,0.46627189681467274,6.282570508415334,78.582216004872,1.09718690035904,0.28876719166713427,1.0012448630784765,global_lstm_seed_ensemble_seed=2,20265610,2,20265610
21009,global_lstm,global LSTM,15.597535934291582,0.825325030874044,0.5639791550072795,0.5848374687974749,9.654143670866219,86.31996122339494,0.9513974789745918,0.5121884511373844,0.7463889388451498,global_lstm_seed_ensemble_seed=2,20265610,2,20265610
21011,global_lstm,global LSTM,15.597535934291582,0.8366510714865741,0.5561983031829797,0.6866915126287025,6.5546610596451895,77.7932083329966,1.0743914436339503,0.5870680629503053,0.3236123434656396,global_lstm_seed_ensemble_seed=2,20265610,2,20265610
21012,global_lstm,global LSTM,15.597535934291582,0.7605763837595957,0.5446856533428907,0.46999853404131164,5.6350004837586996,72.95627371431378,1.1121686863683535,0.10517661742780582,0.9539684395028307,global_lstm_seed_ensemble_seed=2,20265610,2,20265610
21013,global_lstm,global LSTM,15.597535934291582,0.7704305569168582,0.5112026892554238,0.49194203288265104,7.321995864092805,84.50740079387604,1.0622652650240885,0.4523868961563849,0.8558154412336042,global_lstm_seed_ensemble_seed=2,20265610,2,20265610
21015,global_lstm,global LSTM,15.597535934291582,0.7202660171957155,0.5100914598430193,0.540342141885838,6.530498635848376,79.59939056652135,1.0859633996084004,0.4367139366609347,1.0972167370548247,global_lstm_seed_ensemble_seed=2,20265610,2,20265610
21016,global_lstm,global LSTM,15.597535934291582,0.6506267715664892,0.5353394695812916,0.4605262947129305,7.62445306517465,30.462914246929383,0.6015627526192637,0.2827914694393878,0.8469336883438305,global_lstm_seed_ensemble_seed=2,20265610,2,20265610
21017,global_lstm,global LSTM,15.597535934291582,0.6869295474393845,0.4914141773284747,0.44355511576439033,3.5220671885016444,73.46227137725688,1.3192667156492308,0.03207506883594158,0.9085191269649455,global_lstm_seed_ensemble_seed=2,20265610,2,20265610
21018,global_lstm,global LSTM,15.592060232717317,0.858933540974988,0.5624930627518461,0.6482906042667314,9.619874606995836,87.26493651942738,0.9576703659565561,0.4361959285841138,0.7607402215453304,global_lstm_seed_ensemble_seed=2,20265610,2,20265610
21022,global_lstm,global LSTM,15.597535934291582,0.7497034254427287,0.5675212086322652,0.503078871781254,8.26234433654277,35.969911977759146,0.6388360846385783,0.3062441289190889,0.9221845910648945,global_lstm_seed_ensemble_seed=2,20265610,2,20265610
21023,global_lstm,global LSTM,15.572895277207392,0.4140226286898915,0.2745450988404382,0.1462851043903468,4.993339331383671,33.85077863024018,0.8311775823857557,0.5206104974241351,1.0502199357289128,global_lstm_seed_ensemble_seed=2,20265610,2,20265610
21024,global_lstm,global LSTM,15.34839151266256,0.5954508604142779,0.4899044142267449,0.41145259050746263,4.927024401437726,74.59099238764875,1.1801016720590496,0.15036114726368388,1.3052570136701187,global_lstm_seed_ensemble_seed=2,20265610,2,20265610
21026,global_lstm,global LSTM,14.198494182067078,0.5866258142040182,0.40909849394658826,0.2751570930353121,3.3579531532805404,82.10420268193447,1.388290754981737,0.007286241539416205,1.070215301374834,global_lstm_seed_ensemble_seed=2,20265610,2,20265610
21027,global_lstm,global LSTM,14.67214236824093,0.6671679165814703,0.5325963889531674,0.47081660405345604,7.983276099819803,35.186836346823824,0.6441990716069521,0.20379585530377053,1.0338596234499235,global_lstm_seed_ensemble_seed=2,20265610,2,20265610
22001,global_lstm,global LSTM,15.501711156741958,0.7266141592741417,0.6035105627677937,0.5064988634176292,6.162983982031184,29.013497121256076,0.6728090403600069,0.48843086260706836,0.8482014202806127,global_lstm_seed_ensemble_seed=2,20265610,2,20265610
22006,global_lstm,global LSTM,15.597535934291582,0.6697455388935715,0.5994087327651714,0.5178801694986978,7.351530702991001,26.979001690815487,0.5646480999880162,0.502550261309463,0.8209786562101912,global_lstm_seed_ensemble_seed=2,20265610,2,20265610
22007,global_lstm,global LSTM,15.594798083504449,0.6074661133716234,0.5356366257553815,0.41811544495258357,6.000770021201829,26.702675724835313,0.6483477989500246,0.4133752231941522,0.8761432638049346,global_lstm_seed_ensemble_seed=2,20265610,2,20265610
22009,global_lstm,global LSTM,15.096509240246407,0.7191999273010757,0.5994388097193708,0.5204887141369825,4.8353425338038605,29.550011596953453,0.7861304108942331,0.4845293916314428,0.9764479700518844,global_lstm_seed_ensemble_seed=2,20265610,2,20265610
23001,global_lstm,global LSTM,15.561943874058864,0.6991858671884515,0.6047995009114919,0.5607196450717504,5.587304826162167,67.46502042516435,1.0818762904031043,0.35954896054087865,0.9233312101923679,global_lstm_seed_ensemble_seed=2,20265610,2,20265610
23004,global_lstm,global LSTM,15.597535934291582,0.6371850477340717,0.5308888619583226,0.44196488319413163,3.9319999153009086,65.69660327133577,1.2229294158940678,0.37438145423611524,1.0504956543541,global_lstm_seed_ensemble_seed=2,20265610,2,20265610
23006,global_lstm,global LSTM,15.498973305954825,0.6412152764083636,0.48112673481180923,0.4067462084176472,3.4944389847848707,68.56530921325998,1.2927269771071506,0.2583330868293977,1.1110374679419592,global_lstm_seed_ensemble_seed=2,20265610,2,20265610
23007,global_lstm,global LSTM,15.501711156741958,0.621395087807648,0.6067578795996482,0.7486247687519296,12.509223550567489,26.583926356758543,0.32738877137781197,0.17947838773414126,0.9332858449444079,global_lstm_seed_ensemble_seed=2,20265610,2,20265610
23008,global_lstm,global LSTM,15.460643394934976,0.6350657669265996,0.5031179445552987,0.4104081159722849,4.081205956745483,67.98565771109617,1.2216287915266524,0.567463156875273,1.0673320719121322,global_lstm_seed_ensemble_seed=2,20265610,2,20265610
23011,global_lstm,global LSTM,15.279945242984258,0.5099595308076581,0.4515011047438918,0.4007516881414276,2.9482734320398314,70.47888009297439,1.3784912356594672,0.11388565646070348,1.0082249167752604,global_lstm_seed_ensemble_seed=2,20265610,2,20265610
23016,global_lstm,global LSTM,9.78507871321013,0.666649332489713,0.45700007852703894,0.5261290431859216,6.135549618679133,27.98573331458051,0.6590832186462122,0.26536614210576437,1.1421394287803028,global_lstm_seed_ensemble_seed=2,20265610,2,20265610
24001,global_lstm,global LSTM,15.43874058863792,0.6829287799986588,0.5773314114029179,0.5180090009331637,5.748000679510907,58.40432083988439,1.0069281672596568,0.39735846872858016,1.0235489888781162,global_lstm_seed_ensemble_seed=2,20265610,2,20265610
24003,global_lstm,global LSTM,15.394934976043805,0.6914326263667266,0.5476084879233212,0.5708101292903425,4.281921634400991,44.25172118275498,1.0142914525749367,0.2427674201985952,0.9991039406351766,global_lstm_seed_ensemble_seed=2,20265610,2,20265610
24004,global_lstm,global LSTM,15.545516769336071,0.709256470762964,0.6108520710527706,0.6014601073351549,8.063903538613342,55.89074689894713,0.8407945893223713,0.3339233238594824,0.9740623093865762,global_lstm_seed_ensemble_seed=2,20265610,2,20265610
24005,global_lstm,global LSTM,15.523613963039015,0.7285628132995642,0.614259410176953,0.625725623570716,11.345288784201392,33.37349268955334,0.4685861050087786,0.20178072512947465,1.0952301384590972,global_lstm_seed_ensemble_seed=2,20265610,2,20265610
25001,global_lstm,global LSTM,15.592060232717317,0.7434905503191426,0.548714274257603,0.521176597694025,5.440826644393534,61.547782487148375,1.0535475216617787,0.2148430118189084,1.0425735461516257,global_lstm_seed_ensemble_seed=2,20265610,2,20265610
25003,global_lstm,global LSTM,12.19438740588638,0.40076358735895623,0.2850429419725552,0.2656582112459698,1.6302537230858292,80.9000603414613,1.6956936448434563,,1.0505472747715918,global_lstm_seed_ensemble_seed=2,20265610,2,20265610
25006,global_lstm,global LSTM,15.594798083504449,0.5212213792338336,0.4100054144525356,0.2969228138068132,3.833007149020166,57.64420930900251,1.1772160571869936,0.4578862398011326,0.9868937378164253,global_lstm_seed_ensemble_seed=2,20265610,2,20265610
25012,global_lstm,global LSTM,15.597535934291582,0.5562731098768301,0.4286951130699219,0.39594155710692847,2.8319251711078737,62.38262413202255,1.3429818657879455,0.07966945268438919,1.100401563018822,global_lstm_seed_ensemble_seed=2,20265610,2,20265610
25020,global_lstm,global LSTM,14.94318959616701,0.6632450063287827,0.542125758110173,0.6681060526482607,17.517342401118498,40.08458393381308,0.3595091611568928,0.6889503991571484,0.38274142886571383,global_lstm_seed_ensemble_seed=2,20265610,2,20265610
25021,global_lstm,global LSTM,14.72142368240931,0.6101387964267818,0.4959518644780323,0.6361645958059494,14.020932300724079,39.77637931372683,0.45284835613424806,1.0766811476153884,0.29084079124360146,global_lstm_seed_ensemble_seed=2,20265610,2,20265610
26003,global_lstm,global LSTM,15.422313483915127,-0.03770657695639157,-0.47798573399087907,0.28177016978326697,72.92905077603154,34.08460267937941,0.3303423251062376,1.684614535365385,1.1948968270758047,global_lstm_seed_ensemble_seed=2,20265610,2,20265610
26005,global_lstm,global LSTM,12.386036960985626,-57.604397731166266,-22.85289798515518,-5.89562736743327,58.31353116426574,42.476285523888535,0.13762280938432728,1.968599371810673,1.9541795490170795,global_lstm_seed_ensemble_seed=2,20265610,2,20265610
26006,global_lstm,global LSTM,12.739219712525667,-0.5550553950668666,-0.4724588464422961,-0.3900246859133141,59.79747226985516,41.093799152504744,0.1629065321197664,2.0634854169651122,2.1160751739050294,global_lstm_seed_ensemble_seed=2,20265610,2,20265610
26008,global_lstm,global LSTM,11.02258726899384,-0.15182366033533934,-0.20504971473525413,0.442933703214482,54.49271222807411,38.54048893153533,0.15042120438906556,1.3577027591129687,1.0523205175939787,global_lstm_seed_ensemble_seed=2,20265610,2,20265610
26009,global_lstm,global LSTM,10.094455852156058,0.0005247415631838281,-0.3673260509011904,0.3167962942610627,65.91614587295979,44.1254091741212,0.17430306054779376,1.6867481800023372,1.4237553706202286,global_lstm_seed_ensemble_seed=2,20265610,2,20265610
27001,global_lstm,global LSTM,15.364818617385353,0.833489191315276,0.5191296854645877,0.4631509385345062,8.19224545048298,33.67668221610855,0.6139263429328079,0.18110551314404078,1.0693175600342337,global_lstm_seed_ensemble_seed=2,20265610,2,20265610
27002,global_lstm,global LSTM,12.536618754277892,0.779853799483088,0.6095609289787998,0.618598449630714,4.647347951351212,36.713423100027825,0.8976196895688366,0.0648289607681789,0.9452976297590951,global_lstm_seed_ensemble_seed=2,20265610,2,20265610
27003,global_lstm,global LSTM,15.578370978781656,0.7836959876155137,0.4394289771623464,0.4552410337321764,11.293552201059349,35.22755899677025,0.49405198730600935,0.7431787106934266,0.4925192902463844,global_lstm_seed_ensemble_seed=2,20265610,2,20265610
27006,global_lstm,global LSTM,15.597535934291582,0.7748666211238654,0.5693815786088805,0.6682292212860281,8.630075833218681,30.483048542104726,0.5480437857528904,0.05280782065759415,0.8121761353286313,global_lstm_seed_ensemble_seed=2,20265610,2,20265610
27007,global_lstm,global LSTM,15.066392881587953,0.749797455805323,0.47529884668356537,0.42680337528434553,5.844222570823611,36.511229319754854,0.7956997085249907,0.27646436850125355,0.8092336597459956,global_lstm_seed_ensemble_seed=2,20265610,2,20265610
27009,global_lstm,global LSTM,15.436002737850787,0.7365027813609949,0.4295619865642859,0.5137441844987607,15.090761938818755,36.32473357000301,0.3814912695368825,0.935578100542974,0.295994245547219,global_lstm_seed_ensemble_seed=2,20265610,2,20265610
27021,global_lstm,global LSTM,15.08829568788501,0.7615616107449443,0.4486090097899511,0.4017735542068699,12.029158132803982,33.356611336101984,0.44294669060898223,0.3982521130117005,0.3708184103371581,global_lstm_seed_ensemble_seed=2,20265610,2,20265610
27023,global_lstm,global LSTM,15.597535934291582,0.7067362417426849,0.47220017472454867,0.3440491335080397,4.853552757397793,27.738762082850833,0.7570273209036045,0.2058465049897893,1.063316460939037,global_lstm_seed_ensemble_seed=2,20265610,2,20265610
27025,global_lstm,global LSTM,14.822724161533197,0.6941974316112007,0.36533499376137246,0.32506458095332846,10.769457463986292,35.35031256444297,0.5161994328718522,0.2624695857198449,0.6890965190034042,global_lstm_seed_ensemble_seed=2,20265610,2,20265610
27026,global_lstm,global LSTM,15.441478439425051,0.6959038660663648,0.5139043014264033,0.43146439692067284,5.802190060146819,32.48597105511299,0.7481039022985525,0.28519008949670527,1.1605220735428317,global_lstm_seed_ensemble_seed=2,20265610,2,20265610
27029,global_lstm,global LSTM,15.211498973305956,0.8900553224076682,0.5241501177184313,0.5496544814436013,9.38966518040358,37.510948109586,0.6015079349836201,0.07329739872032048,1.007869143232417,global_lstm_seed_ensemble_seed=2,20265610,2,20265610
27030,global_lstm,global LSTM,15.449691991786448,0.7046521099642487,0.41991274386477373,0.32369218724028403,11.522261077683835,26.34294635684541,0.35912663601992917,0.3620247289973816,0.40408001051842046,global_lstm_seed_ensemble_seed=2,20265610,2,20265610
27032,global_lstm,global LSTM,15.4798083504449,-9.094137446381719,-6.235580725063061,-1.7776724675936357,3.9798508887790915,38.475443028285525,0.9853168283784088,0.06587405455858741,0.9505491264332322,global_lstm_seed_ensemble_seed=2,20265610,2,20265610
27034,global_lstm,global LSTM,15.594798083504449,0.7653770474230324,0.5307567263253279,0.4703158186841687,4.575320192121428,53.52187745827783,1.0681098468954013,0.23012628049750838,0.8065329269024973,global_lstm_seed_ensemble_seed=2,20265610,2,20265610
27035,global_lstm,global LSTM,15.597535934291582,0.8047842739926323,0.5313760883348816,0.45431097748002447,6.233677489611691,37.359159760938546,0.7776527704932881,0.6389252074145872,0.52096377397519,global_lstm_seed_ensemble_seed=2,20265610,2,20265610
27038,global_lstm,global LSTM,15.474332648870636,-7.007786774363618,-1.8466028749861345,-0.39869319155826477,35.5830247715253,41.41183771312502,0.06588164044143928,0.5192626938499187,0.7924225058282055,global_lstm_seed_ensemble_seed=2,20265610,2,20265610
27041,global_lstm,global LSTM,14.72142368240931,0.7247431890676349,0.43279878829988916,0.6716008302613947,29.975556427281948,43.75008044166375,0.16421160235616739,0.9252857769320266,0.47638381176645184,global_lstm_seed_ensemble_seed=2,20265610,2,20265610
27042,global_lstm,global LSTM,15.208761122518823,0.761782176952129,0.5153048944281924,0.5056066469707432,11.964118058243209,40.17367539585625,0.5260608762734397,0.0972814725810135,1.2940022954908939,global_lstm_seed_ensemble_seed=2,20265610,2,20265610
27043,global_lstm,global LSTM,14.55441478439425,0.7710923777587175,0.5331269869417619,0.5086835121741213,4.047431716361988,59.700705842448926,1.168799935263172,0.2157843967039944,0.9486730208338907,global_lstm_seed_ensemble_seed=2,20265610,2,20265610
27047,global_lstm,global LSTM,15.353867214236825,0.6065528198668182,0.4648605710756263,0.4040181521749089,2.4600194664634727,51.688811647163284,1.3224580038776208,0.06276466573239003,1.0232830795698218,global_lstm_seed_ensemble_seed=2,20265610,2,20265610
27049,global_lstm,global LSTM,14.433949349760438,0.7986229585830742,0.5182879411866004,0.5830001998456813,21.653713443811117,44.10564802948445,0.3089618221941945,0.18862694410013536,1.2053212873438164,global_lstm_seed_ensemble_seed=2,20265610,2,20265610
27051,global_lstm,global LSTM,15.173169062286105,0.5821067498672914,0.42372409181065707,0.34486138974141034,5.227466591550636,33.107166770181756,0.8016307505431779,0.047966777455785814,1.4967239046696375,global_lstm_seed_ensemble_seed=2,20265610,2,20265610
27062,global_lstm,global LSTM,12.013689253935661,0.7302417948175686,0.5065363962577234,0.5371348746281336,13.932877369066183,44.99636127488807,0.5091365803986598,0.7004739196558115,0.6122713263243561,global_lstm_seed_ensemble_seed=2,20265610,2,20265610
27064,global_lstm,global LSTM,12.876112251882272,0.659107937145613,0.3621483035965427,0.29325614160492597,10.019476957408678,40.489501338303825,0.6064973772769996,0.4947116472132467,0.7930225683751182,global_lstm_seed_ensemble_seed=2,20265610,2,20265610
27065,global_lstm,global LSTM,12.854209445585216,0.8758659278925418,0.4633505042141559,0.567398494096996,4.756568211813743,40.12161804003225,0.9260847099463078,0.11359603777302191,1.099940295389355,global_lstm_seed_ensemble_seed=2,20265610,2,20265610
27071,global_lstm,global LSTM,15.548254620123203,0.6830747986175543,0.41660607984798737,0.4507649156798559,14.310960917341582,37.144142331870704,0.41422153914467236,0.9957271157083593,0.268135269248409,global_lstm_seed_ensemble_seed=2,20265610,2,20265610
27073,global_lstm,global LSTM,12.46817248459959,-0.6607493970846323,-0.6376085394141471,-0.11232114876488719,49.607417356127335,42.96630514264218,0.062418609099106875,1.5699250347240854,1.5537963659654404,global_lstm_seed_ensemble_seed=2,20265610,2,20265610
27077,global_lstm,global LSTM,11.709787816563997,0.5521557462409088,0.17987690985978955,0.5994813370232007,5.550869580630687,42.28499271414714,0.881825236526054,0.14274866869709224,1.3192031522240617,global_lstm_seed_ensemble_seed=2,20265610,2,20265610
27079,global_lstm,global LSTM,9.957563312799453,0.7862738938928111,0.31019281064757587,0.3581352116565265,6.5159807889001575,42.052419098406794,0.8098111887777107,0.3071836961909764,0.8812128535482757,global_lstm_seed_ensemble_seed=2,20265610,2,20265610
27080,global_lstm,global LSTM,11.118412046543463,0.741818745303754,0.3102995011441826,0.3766279311242412,7.753007884333265,43.67887330801861,0.750801201639728,0.7991463948260153,0.6345220002830286,global_lstm_seed_ensemble_seed=2,20265610,2,20265610
27084,global_lstm,global LSTM,10.379192334017796,0.6609818135751941,0.4355705616614951,0.3877385681882287,4.611632371603775,40.8224389227634,0.9470442688552846,0.5655116485501057,1.1192597635652957,global_lstm_seed_ensemble_seed=2,20265610,2,20265610
27087,global_lstm,global LSTM,9.848049281314168,-0.2569861920044738,-0.3213764746723826,0.3678105147618068,52.377584124849506,39.337746535355706,0.1243359853412275,0.8559520979464992,0.527545874495373,global_lstm_seed_ensemble_seed=2,20265610,2,20265610
27089,global_lstm,global LSTM,9.349760438056126,0.8075228879503139,0.33845679543452967,0.44806252003952696,6.433509244241692,59.06701611072969,0.9628971028231914,0.4503373009263638,0.798720448558255,global_lstm_seed_ensemble_seed=2,20265610,2,20265610
27090,global_lstm,global LSTM,8.936344969199178,0.7271920755760326,0.37446851232754874,0.3814555894494277,7.5316271259744445,53.83474689783058,0.8541738646457803,0.1183972667358788,0.972801999379849,global_lstm_seed_ensemble_seed=2,20265610,2,20265610
28001,global_lstm,global LSTM,15.597535934291582,0.14202408177207593,-0.02084147871798403,0.34397584240868184,5.782578754909499,37.97912930335292,0.8174234477396224,0.12394297076278193,0.8739649663607207,global_lstm_seed_ensemble_seed=2,20265610,2,20265610
28003,global_lstm,global LSTM,12.396988364134154,0.3604647068407233,0.20264864128252513,0.3069740662245811,8.627604565200315,66.13035347394032,0.8845106124857524,0.4077010177223803,1.7066557135952256,global_lstm_seed_ensemble_seed=2,20265610,2,20265610
28008,global_lstm,global LSTM,15.597535934291582,0.8535258495639003,0.4310916568430945,0.5627037714938623,14.152938081559462,43.927950421460885,0.49189433388678416,0.20090552347238022,1.2176390303103424,global_lstm_seed_ensemble_seed=2,20265610,2,20265610
28009,global_lstm,global LSTM,15.597535934291582,0.7432725100754821,0.3817991535998707,0.4850774700663415,22.88843340018494,45.47873347484926,0.298192293245449,1.2367346836961057,0.4065340884641697,global_lstm_seed_ensemble_seed=2,20265610,2,20265610
28012,global_lstm,global LSTM,15.597535934291582,0.7231327502781645,0.35321764565559843,0.4939375831387437,29.05394412674642,44.7813390600671,0.1878919787838787,0.602696534349664,0.3161467096555961,global_lstm_seed_ensemble_seed=2,20265610,2,20265610
28015,global_lstm,global LSTM,11.906913073237508,-1.345415498379178,-1.4004012247745736,-0.005308083112669948,46.53938610687407,39.224589479637096,0.0742622432807454,0.3872162605027868,0.5717994154293157,global_lstm_seed_ensemble_seed=2,20265610,2,20265610
28018,global_lstm,global LSTM,15.597535934291582,0.8347838220421273,0.4556457980395079,0.555048871138546,13.601735962228014,42.03594514986983,0.490026476641803,0.311694689344143,0.8206072525158882,global_lstm_seed_ensemble_seed=2,20265610,2,20265610
28022,global_lstm,global LSTM,15.597535934291582,0.7066433627587216,0.34691259274862396,0.48154629837525575,25.323159098364886,45.21218920942374,0.25173765287123034,1.1763854057541105,0.4811450160711328,global_lstm_seed_ensemble_seed=2,20265610,2,20265610
28023,global_lstm,global LSTM,10.47501711156742,0.5788094030178863,-0.046798355786013435,0.5028726697240513,22.614993802604854,78.65392219641862,0.5413239111801976,0.38627950943211453,0.4871005867442859,global_lstm_seed_ensemble_seed=2,20265610,2,20265610
28024,global_lstm,global LSTM,15.241615331964407,0.5755280929790505,0.4630044211292985,0.38284825897579,17.263893054472476,50.44271958207646,0.4656597561986317,0.550725165469804,0.5665472774560825,global_lstm_seed_ensemble_seed=2,20265610,2,20265610
28026,global_lstm,global LSTM,15.597535934291582,0.5939929777627476,0.40743022440297716,0.31004079268545315,14.086661020019202,48.14153485523656,0.5337118684885228,0.4356789083869006,0.7604071229029641,global_lstm_seed_ensemble_seed=2,20265610,2,20265610
28031,global_lstm,global LSTM,15.597535934291582,0.7093941766659526,0.37163572014506674,0.34192927320510913,5.422403202160893,43.85453131112745,0.9078226659478016,0.12287424619447407,1.2715780944941937,global_lstm_seed_ensemble_seed=2,20265610,2,20265610
28033,global_lstm,global LSTM,12.424366872005475,0.6920874835287141,0.5171026930169049,0.49255941286213556,4.784631550891265,40.98631159518348,0.9327903376430767,0.5115146923428135,0.6914915854158477,global_lstm_seed_ensemble_seed=2,20265610,2,20265610
28039,global_lstm,global LSTM,15.578370978781656,0.45047702407207457,0.43570829717599546,0.46160217436598483,4.107641671942934,42.25168425560238,1.012251474555622,0.24324462053645424,1.5407569221692745,global_lstm_seed_ensemble_seed=2,20265610,2,20265610
28040,global_lstm,global LSTM,15.597535934291582,0.6665226598900029,0.47172869583960364,0.5541622642584587,8.368106932902947,43.6531640687019,0.7173885064706188,0.26312168246769746,1.1571338347249682,global_lstm_seed_ensemble_seed=2,20265610,2,20265610
28043,global_lstm,global LSTM,15.597535934291582,0.7927392379989175,0.5141739820534659,0.6885282833270046,7.101775054143145,37.6580069879765,0.7244904196104615,0.13141351989776195,0.8002407281545907,global_lstm_seed_ensemble_seed=2,20265610,2,20265610
28044,global_lstm,global LSTM,13.891854893908283,-0.9189380526689368,-0.7947905984673065,0.32028276721808746,73.75517516747897,36.792470271987,0.30203355114726227,1.5533025229209052,1.0618205204757634,global_lstm_seed_ensemble_seed=2,20265610,2,20265610
28046,global_lstm,global LSTM,15.597535934291582,0.7227984699999143,0.20116143153984645,0.5479550729864031,24.591995238787867,58.47460518779286,0.37617353212389226,0.12489584486248495,0.9559953025795812,global_lstm_seed_ensemble_seed=2,20265610,2,20265610
28048,global_lstm,global LSTM,15.512662559890487,0.7017683618920355,0.45449635939999744,0.3888780526688296,6.829815663601007,34.660153530775304,0.7054214998826305,0.20471367530338797,1.3000536882959264,global_lstm_seed_ensemble_seed=2,20265610,2,20265610
28050,global_lstm,global LSTM,15.323750855578371,0.6779621249556936,0.3461144707305459,0.5912190399666362,21.072198798895915,19.112229799924876,0.042398496244437166,0.48177248243536486,0.5729419808544916,global_lstm_seed_ensemble_seed=2,20265610,2,20265610
28052,global_lstm,global LSTM,15.364818617385353,0.7611290852591324,0.4909949852741845,0.5831290464187304,22.794814204647494,53.1090624497443,0.3673325780389347,0.573696136039312,0.32930940315992374,global_lstm_seed_ensemble_seed=2,20265610,2,20265610
28055,global_lstm,global LSTM,12.914442162902121,0.7548763422117161,0.43619020721537727,0.43069517784193156,12.403512114055006,44.34143759939453,0.5532650941783905,0.6502229692880934,1.5428101718040597,global_lstm_seed_ensemble_seed=2,20265610,2,20265610
28056,global_lstm,global LSTM,14.817248459958932,0.6348276843874202,0.5178089210410115,0.46135340659757895,14.383025116310417,49.67251397209961,0.538265901759958,0.1063295061925228,0.9442277993740786,global_lstm_seed_ensemble_seed=2,20265610,2,20265610
28060,global_lstm,global LSTM,14.33264887063655,-6.80859580553264,-0.9878428129885517,-0.02769878984696761,24.55020706990352,41.072760659113264,0.2234987348945297,0.9025808026750397,1.5880945686039882,global_lstm_seed_ensemble_seed=2,20265610,2,20265610
28066,global_lstm,global LSTM,14.67214236824093,0.5035591017485981,0.44990521552918705,0.5029528744685648,7.68346049067461,58.09400690244117,0.8785744695697206,0.21070101796583451,1.6026274415933832,global_lstm_seed_ensemble_seed=2,20265610,2,20265610
28067,global_lstm,global LSTM,14.822724161533197,0.8479220223259007,0.4831998536976413,0.5731019074679496,15.752544511774172,42.16571435525704,0.4276087469053728,0.297798695199869,0.5879413880460597,global_lstm_seed_ensemble_seed=2,20265610,2,20265610
28072,global_lstm,global LSTM,14.340862422997947,0.5458789089819194,0.43214140945394475,0.7040684567177069,21.17426782165349,40.830574148930864,0.2851770849720637,0.6070939535809989,1.4855907353095752,global_lstm_seed_ensemble_seed=2,20265610,2,20265610
28074,global_lstm,global LSTM,11.049965776865161,0.582203185379625,0.3813845124713783,0.32455074107214543,24.076734184046806,55.504155591615685,0.3627279219162865,1.0484942415161949,0.18947167629003325,global_lstm_seed_ensemble_seed=2,20265610,2,20265610
28080,global_lstm,global LSTM,15.597535934291582,-0.14336185751786568,-0.08893540402609479,0.24105932724427848,13.108455831995466,63.18809830540562,0.6830837500517188,0.2698253800183775,0.974236075397745,global_lstm_seed_ensemble_seed=2,20265610,2,20265610
28081,global_lstm,global LSTM,9.49760438056126,0.3403807877617321,-0.5020381841627919,0.10106705726131682,7.455821383390131,63.851688371235916,0.9326768901757828,0.3577101915528559,1.73093317319265,global_lstm_seed_ensemble_seed=2,20265610,2,20265610
28082,global_lstm,global LSTM,15.34839151266256,0.5939310332717267,0.5110776600513505,0.4227374859164442,16.428201534491354,51.02299250788783,0.4921759045096609,0.0684218500828303,1.0004898506702924,global_lstm_seed_ensemble_seed=2,20265610,2,20265610
28085,global_lstm,global LSTM,15.597535934291582,0.8651715555614439,0.4954038030720568,0.6497467703547297,15.961256619021361,39.277102022469904,0.3910723567274646,0.2584725610782459,0.6119114715766918,global_lstm_seed_ensemble_seed=2,20265610,2,20265610
28091,global_lstm,global LSTM,11.43874058863792,0.769233458552397,0.46815950506863135,0.6789426356628974,20.52912044039168,33.31922560590537,0.2103245564821544,0.2061271850618166,0.23881893465138015,global_lstm_seed_ensemble_seed=2,20265610,2,20265610
28093,global_lstm,global LSTM,10.765229295003422,0.5643155820235508,0.3972974511709144,0.33233230893223964,21.119965040587093,64.42887916365295,0.4843873812282047,1.1205457273179225,0.04805644845518642,global_lstm_seed_ensemble_seed=2,20265610,2,20265610
28115,global_lstm,global LSTM,9.10609171800137,-1.1229058419065425,-2.1354278598235052,0.06386713194308236,13.850885221173538,34.97498370313338,0.4022799904051972,0.6628527257921071,1.5082875771832662,global_lstm_seed_ensemble_seed=2,20265610,2,20265610
28116,global_lstm,global LSTM,7.709787816563997,-1.4806709937334541,-1.6170524664771184,-0.034738644542075425,37.84069732035484,31.732225208003786,0.07645860301696097,1.2761082512917232,1.1036119937236681,global_lstm_seed_ensemble_seed=2,20265610,2,20265610
28117,global_lstm,global LSTM,7.723477070499658,0.8337444465985807,0.11038234203687047,0.4879353697340436,16.13304691262754,60.17921633415601,0.5717301312963285,0.3021628034794266,0.352145325492353,global_lstm_seed_ensemble_seed=2,20265610,2,20265610
29002,global_lstm,global LSTM,15.553730321697467,0.2965696495170239,-0.2445792604588799,0.3708077554861685,48.19143252044984,19.737947370191538,0.3876678495440975,1.6672164291083944,0.9518553092687956,global_lstm_seed_ensemble_seed=2,20265610,2,20265610
29003,global_lstm,global LSTM,15.597535934291582,0.2948455865882831,-0.08321777845047285,0.48876539623876836,49.73290963451553,18.757483122086803,0.4234693041212465,2.980845021269727,1.9431879210305278,global_lstm_seed_ensemble_seed=2,20265610,2,20265610
29005,global_lstm,global LSTM,15.592060232717317,0.5553575244435478,0.15570507349186946,-0.024831756664372318,29.800756914339992,23.629352806860624,0.1007754681914719,1.3238430299618442,1.0737513054866525,global_lstm_seed_ensemble_seed=2,20265610,2,20265610
29009,global_lstm,global LSTM,14.255989048596852,0.7153748623558599,0.5555413456348199,0.4927090435510427,20.641017724870515,37.91685379285629,0.2641011871500468,0.1594757900796322,1.1360886680193765,global_lstm_seed_ensemble_seed=2,20265610,2,20265610
30001,global_lstm,global LSTM,15.597535934291582,0.7801477574031556,0.5325532021307423,0.5369767972865908,29.4762791777436,38.59409131595071,0.1170481588887419,0.45436206825764314,1.0160632935086102,global_lstm_seed_ensemble_seed=2,20265610,2,20265610
30004,global_lstm,global LSTM,15.570157426420261,0.7534730395514148,0.5410502134658036,0.567699033824811,11.270357904691709,20.49708487266182,0.2597543915656601,0.3913192802296337,1.3882498743839253,global_lstm_seed_ensemble_seed=2,20265610,2,20265610
30005,global_lstm,global LSTM,15.564681724845997,0.6734106229707952,0.4215971594403596,0.6491504298085096,41.49766756794897,41.94713458620071,0.0046786121753903285,1.5433553104870978,1.616812932431354,global_lstm_seed_ensemble_seed=2,20265610,2,20265610
30011,global_lstm,global LSTM,15.321013004791238,0.36793753609755697,0.4124965311378965,0.5759299597808853,23.33586342370632,27.091863084032255,0.06481499776270284,0.8436674869802816,1.1318295596943022,global_lstm_seed_ensemble_seed=2,20265610,2,20265610
30012,global_lstm,global LSTM,14.976043805612594,0.5308829028893809,0.47214382889889284,0.34693183899184676,8.05044534241417,20.958963057471266,0.4155498864090544,0.18076356494145385,1.5916264080003801,global_lstm_seed_ensemble_seed=2,20265610,2,20265610
30014,global_lstm,global LSTM,15.123887748117728,0.3508168935539403,0.32739406469996835,0.21681580776385323,14.551341217745058,45.51254475964541,0.49522809434750503,0.5699101343885147,1.634432118937236,global_lstm_seed_ensemble_seed=2,20265610,2,20265610
30015,global_lstm,global LSTM,13.921971252566735,0.26141494227820994,0.10161054749145115,0.5626190925419767,56.96714244222262,43.7272856757922,0.1148719153180038,1.807676638424816,1.5926814234000932,global_lstm_seed_ensemble_seed=2,20265610,2,20265610
3003,global_lstm,global LSTM,13.47296372347707,0.6941044862077257,0.4660363992160722,0.45927547233786703,2.557893491349639,97.10116094161373,1.5793419655221252,,0.7734066449009086,global_lstm_seed_ensemble_seed=2,20265610,2,20265610
31002,global_lstm,global LSTM,15.227926078028748,0.53296108357287,0.23866809966695746,0.10719381250435833,29.913937440210773,44.73257348229468,0.17475030295217045,0.5257865851969065,1.1172658490113605,global_lstm_seed_ensemble_seed=2,20265610,2,20265610
31006,global_lstm,global LSTM,15.542778918548938,-1.0887824143229397,-1.8231131589017626,-0.04902583704541419,52.4747036850148,47.553908814493376,0.04276377420015707,1.043741402102837,0.8895930180501731,global_lstm_seed_ensemble_seed=2,20265610,2,20265610
31010,global_lstm,global LSTM,15.597535934291582,0.6374745031910873,0.47517952220492987,0.4206718526196749,17.653714994425396,45.3248213417156,0.409499989939197,0.6518288653708965,1.5352280196326622,global_lstm_seed_ensemble_seed=2,20265610,2,20265610
31021,global_lstm,global LSTM,15.512662559890487,0.5945622294603057,0.3810800503604249,0.30126997091679764,16.511099595876598,50.520675495345806,0.4856931516328669,0.09439689312447419,0.7924813454645049,global_lstm_seed_ensemble_seed=2,20265610,2,20265610
31023,global_lstm,global LSTM,14.833675564681725,0.3899805349648767,0.41023752686540993,0.13916177868528035,5.60065534600794,32.99629281435781,0.7702263011370869,0.4716925046407645,1.7593382797791244,global_lstm_seed_ensemble_seed=2,20265610,2,20265610
31025,global_lstm,global LSTM,13.22381930184805,0.42422985744748265,0.35788672034554536,0.28694662840231855,10.207112045260875,55.27067466307341,0.7335918837182852,0.6113084315683055,1.7030493279218246,global_lstm_seed_ensemble_seed=2,20265610,2,20265610
32003,global_lstm,global LSTM,15.477070499657769,0.5191741024576582,0.34965764706517943,0.28042968003723856,9.015847639802827,50.29328439558972,0.7465034341939745,0.8261832694548361,1.7603689352818908,global_lstm_seed_ensemble_seed=2,20265610,2,20265610
32004,global_lstm,global LSTM,15.071868583162217,0.7205684882962367,0.42378255227873274,0.3375708905314483,17.100666720874138,48.58533845502814,0.4534921894596829,0.4797737586503048,0.5447098737044244,global_lstm_seed_ensemble_seed=2,20265610,2,20265610
32006,global_lstm,global LSTM,15.512662559890487,0.7614808854456016,0.5733098167182931,0.5582526243741123,22.71600650722935,43.43784959483647,0.2815363328009832,0.26782627015387983,0.9569240181459643,global_lstm_seed_ensemble_seed=2,20265610,2,20265610
32008,global_lstm,global LSTM,15.578370978781656,0.7450084027454127,0.571777682274114,0.5518355033111737,20.367743471752615,48.92456552231481,0.38058406108840304,0.3610367904739741,1.3327125759804845,global_lstm_seed_ensemble_seed=2,20265610,2,20265610
33006,global_lstm,global LSTM,15.597535934291582,0.543018229349113,0.039942744565604094,0.4359330109780878,60.644247802554226,50.064700668730055,0.083257989765277,0.5658502117499222,0.6710974061299625,global_lstm_seed_ensemble_seed=2,20265610,2,20265610
33007,global_lstm,global LSTM,15.594798083504449,-0.012537476212366894,-0.24523624743883055,0.46171965929067826,84.4904565649933,49.820029397737706,0.22940367746667054,0.7172252115352384,0.12146963369255714,global_lstm_seed_ensemble_seed=2,20265610,2,20265610
33012,global_lstm,global LSTM,15.597535934291582,0.48473971433487084,0.3647206764660881,0.2814329805926612,8.736647440447221,52.55293534396764,0.7792521680560736,0.10740054323864934,1.374155504761303,global_lstm_seed_ensemble_seed=2,20265610,2,20265610
33013,global_lstm,global LSTM,15.597535934291582,0.4793147162921563,0.20498112589717565,0.42771037699873626,22.808410680319405,51.03734025740299,0.3497930095004774,1.8674585346889954,0.7593455053028588,global_lstm_seed_ensemble_seed=2,20265610,2,20265610
33014,global_lstm,global LSTM,15.5564681724846,0.507143379595962,0.15981031185579153,0.6108125385998926,37.147046030398435,55.852579290270306,0.17711894982938076,0.16782642297190264,0.25209411673961835,global_lstm_seed_ensemble_seed=2,20265610,2,20265610
33018,global_lstm,global LSTM,15.597535934291582,0.6926633074952186,0.4840300385059768,0.41018052127045057,14.922312485839607,67.7005039978955,0.6567557715695981,0.16349522632538704,1.3745155458787108,global_lstm_seed_ensemble_seed=2,20265610,2,20265610
33019,global_lstm,global LSTM,15.597535934291582,0.626467529393625,0.2346924265710877,0.5285245545372959,51.19811342473748,50.91032441978389,0.002448093622696703,0.9476091847787553,0.9432767494688838,global_lstm_seed_ensemble_seed=2,20265610,2,20265610
33020,global_lstm,global LSTM,14.313483915126625,0.47028614796855217,0.24708275009147673,0.1549925557456988,8.525822800901013,53.14094611216204,0.7946929801365012,0.33220280339053576,1.1945546639379048,global_lstm_seed_ensemble_seed=2,20265610,2,20265610
33021,global_lstm,global LSTM,15.597535934291582,0.5893266241805765,0.30487546564286994,0.5081807628480202,34.54311353082286,75.54152385984786,0.3398242614074725,1.5040561229104163,0.48524779407285745,global_lstm_seed_ensemble_seed=2,20265610,2,20265610
33022,global_lstm,global LSTM,15.597535934291582,0.8088590972926973,0.5170753010714301,0.6428654620174085,25.68292696907184,75.52148162827154,0.468425984808067,0.5173256552494012,0.6770169487179114,global_lstm_seed_ensemble_seed=2,20265610,2,20265610
33023,global_lstm,global LSTM,15.597535934291582,-1.4344651183992374,-2.597132263997299,-1.2720379060060756,32.56425862789318,57.61306111346196,0.2477797556116756,0.40503457778380436,1.063060252061422,global_lstm_seed_ensemble_seed=2,20265610,2,20265610
33024,global_lstm,global LSTM,15.597535934291582,0.6636267315253896,0.3058772529754801,0.6072432055226891,34.16079566032879,80.52044562166242,0.37237819216743945,0.361422304046903,0.7810166262122652,global_lstm_seed_ensemble_seed=2,20265610,2,20265610
33026,global_lstm,global LSTM,14.981519507186858,0.7050262745257672,0.5095109100778432,0.5062665015490435,21.76522348712616,63.70380440352458,0.46640223837212913,0.6471790186083702,0.8327663567317476,global_lstm_seed_ensemble_seed=2,20265610,2,20265610
33028,global_lstm,global LSTM,15.597535934291582,0.6312141739929928,0.30173115900592506,0.454280555738391,11.734011754219798,74.14085810094888,0.8006110892927257,0.04287135242610418,1.366918433516282,global_lstm_seed_ensemble_seed=2,20265610,2,20265610
33029,global_lstm,global LSTM,15.592060232717317,0.569564142404593,0.33911985795874344,0.5926419061574605,47.681818005473644,67.87900706351489,0.15338267505208522,0.3121766805363846,0.47111851632167245,global_lstm_seed_ensemble_seed=2,20265610,2,20265610
33031,global_lstm,global LSTM,15.40041067761807,0.4724126226405754,0.2969194332724111,0.21947477241014324,4.168440772523138,76.11520992421394,1.2614978143079418,0.9299209461892707,1.0792500844490953,global_lstm_seed_ensemble_seed=2,20265610,2,20265610
33032,global_lstm,global LSTM,15.561943874058864,-5.251242464006977,-4.833783701398357,-0.582000954518173,83.61911677251047,45.491302068969546,0.26437720845414076,1.7569407145773834,1.714736164150461,global_lstm_seed_ensemble_seed=2,20265610,2,20265610
33033,global_lstm,global LSTM,14.844626967830253,0.4213063784548733,0.08524211664633674,0.5723426367012423,36.524450736309035,54.00454032282908,0.16984658016273457,0.42502204232131335,1.2746282291757447,global_lstm_seed_ensemble_seed=2,20265610,2,20265610
33034,global_lstm,global LSTM,15.597535934291582,0.5892898391640069,0.1884953650116602,0.5991698998446893,44.95941164541749,52.50018762655011,0.0673402362330278,0.9839453166346905,0.7466024440659699,global_lstm_seed_ensemble_seed=2,20265610,2,20265610
33035,global_lstm,global LSTM,14.973305954825461,0.5529203102257354,0.3178521677809797,0.6203027429231358,44.94288783713861,40.57059239513865,0.04444962573931076,1.3199995400013425,1.2332593789381214,global_lstm_seed_ensemble_seed=2,20265610,2,20265610
33039,global_lstm,global LSTM,14.869267624914443,0.6556227437824049,0.4481270779339832,0.44720754036843235,24.657844269080574,63.89624654294746,0.4135202417563686,1.1259848849285954,0.696828356712677,global_lstm_seed_ensemble_seed=2,20265610,2,20265610
33053,global_lstm,global LSTM,15.323750855578371,-0.44772487963991514,-0.40953316937793005,-0.22444913625282004,23.614559845402137,79.0638217820908,0.5247979482924454,0.2980639875663559,0.90851796340636,global_lstm_seed_ensemble_seed=2,20265610,2,20265610
33054,global_lstm,global LSTM,13.828884325804244,-0.2828771060331319,-1.0633397092649721,0.19982058025743066,71.55113605497364,52.54275870323567,0.1341036624406206,1.4482145542554048,1.189434778223739,global_lstm_seed_ensemble_seed=2,20265610,2,20265610
33058,global_lstm,global LSTM,13.322381930184806,0.5841626880148543,0.2248988537309068,0.1065731569316305,16.81009288293885,76.830433086901,0.6599631681691567,0.32250149077172285,1.0090696380430122,global_lstm_seed_ensemble_seed=2,20265610,2,20265610
34002,global_lstm,global LSTM,15.381245722108146,0.6765034335363664,0.4527812755900573,0.5788437661836354,17.977505871701826,49.24967466332363,0.4376739266806598,0.7683999037636564,0.4192122993176466,global_lstm_seed_ensemble_seed=2,20265610,2,20265610
34003,global_lstm,global LSTM,15.597535934291582,0.08757334870385225,-0.10584433335568111,0.38805019556027665,42.23518285269033,45.05895102670911,0.028106698367103087,0.18692659941468182,0.3392027279952615,global_lstm_seed_ensemble_seed=2,20265610,2,20265610
34004,global_lstm,global LSTM,15.381245722108146,0.46969760998726606,0.060447864007623475,0.5640693028069914,48.0728282886435,49.15906589532866,0.009703948061863713,0.5933989043494305,0.5604929313846121,global_lstm_seed_ensemble_seed=2,20265610,2,20265610
34005,global_lstm,global LSTM,15.496235455167694,0.606358273687175,0.4657801221305248,0.7247103747881298,17.803937582645002,47.77667939926793,0.4286998988357163,0.6485662484434385,0.5400790454203639,global_lstm_seed_ensemble_seed=2,20265610,2,20265610
34006,global_lstm,global LSTM,15.597535934291582,0.6201435464131955,0.40023321772672604,0.391001295034217,12.34952942434431,53.59230699119203,0.6374520433151522,1.2607750640020485,0.2030239013586801,global_lstm_seed_ensemble_seed=2,20265610,2,20265610
34007,global_lstm,global LSTM,15.490759753593428,0.48900175000912216,0.3250080751493388,0.26884332933925403,8.15474589223511,54.879958619551736,0.8280033425754074,0.7399204594525455,0.5897588277517555,global_lstm_seed_ensemble_seed=2,20265610,2,20265610
34008,global_lstm,global LSTM,15.143052703627653,-0.9463118405963558,-1.0655172684418206,0.08377400677497926,81.1618410100906,48.276584292171904,0.225615354737803,1.1758279960380889,0.6422142696156699,global_lstm_seed_ensemble_seed=2,20265610,2,20265610
34010,global_lstm,global LSTM,15.468856947296372,0.5774349643939061,0.29590136942416123,0.3534642453697576,12.046520429887812,51.133171177600936,0.6278411061520675,0.936363492349412,0.4984040172163601,global_lstm_seed_ensemble_seed=2,20265610,2,20265610
34011,global_lstm,global LSTM,15.457905544147843,-0.5399172580083382,-0.4372206434893031,0.33806832010698196,68.2677383612197,44.743497584721304,0.18348558562136585,0.9327316933087646,0.3359477175547325,global_lstm_seed_ensemble_seed=2,20265610,2,20265610
34012,global_lstm,global LSTM,15.594798083504449,-6.866368671033591,-6.060961524144054,-0.7558441658734358,112.03120226031177,44.23987143985701,0.40352514037091985,1.826908808699631,1.277056180160359,global_lstm_seed_ensemble_seed=2,20265610,2,20265610
35003,global_lstm,global LSTM,15.537303216974674,0.442349269614876,0.20361666307253878,0.09093655975129455,2.941591945369118,53.198923146990545,1.2573204137091687,0.725792956706745,1.1015444803980678,global_lstm_seed_ensemble_seed=2,20265610,2,20265610
35008,global_lstm,global LSTM,15.501711156741958,0.49409329596645646,0.3985449173927388,0.32777934241046713,4.473098631050828,66.49685966057906,1.1721926616693217,0.36260852972773616,1.2116201567873504,global_lstm_seed_ensemble_seed=2,20265610,2,20265610
36003,global_lstm,global LSTM,15.592060232717317,0.6095358581801745,0.43740887677359097,0.5181495523590923,10.536537698989953,71.87700352313686,0.8338920381638087,0.17763111153677735,1.2713554109701546,global_lstm_seed_ensemble_seed=2,20265610,2,20265610
36006,global_lstm,global LSTM,15.597535934291582,0.619958306155831,0.4498966204998055,0.5087543358827082,11.487951160252289,77.18270090323264,0.8272773914962771,1.3683718239240936,0.16448305517587347,global_lstm_seed_ensemble_seed=2,20265610,2,20265610
36009,global_lstm,global LSTM,15.589322381930184,0.4870009198797002,0.3260487533483115,0.26867737392020064,8.277688353762434,41.05720151455146,0.6954802726069269,0.18516284943657146,1.3067293914245033,global_lstm_seed_ensemble_seed=2,20265610,2,20265610
36010,global_lstm,global LSTM,15.578370978781656,0.3605274243017743,0.2636700757690388,0.1853441159057434,6.095820328311826,82.80610915539471,1.1330302208719818,0.2466313807043914,1.5436515646974915,global_lstm_seed_ensemble_seed=2,20265610,2,20265610
36011,global_lstm,global LSTM,15.542778918548938,0.4362989866381429,0.254457232890295,0.15023009116142738,6.429029358479854,79.1342705881572,1.0902191946570237,0.15345262713063934,1.4313503280554452,global_lstm_seed_ensemble_seed=2,20265610,2,20265610
36012,global_lstm,global LSTM,15.586584531143053,0.09574364826835868,0.18369848500419605,0.11893688594606211,6.146998234645002,75.00763388790004,1.086442377484755,0.1588617868610504,1.3781350080919317,global_lstm_seed_ensemble_seed=2,20265610,2,20265610
37001,global_lstm,global LSTM,15.597535934291582,0.607272801786126,0.4385437035502081,0.3446222130909721,12.06117513291141,51.79825382923285,0.6329254958607994,1.7868738203982115,0.4324848828094011,global_lstm_seed_ensemble_seed=2,20265610,2,20265610
37003,global_lstm,global LSTM,15.594798083504449,0.5814162492506972,0.3731711289702775,0.2539320160637756,11.906118677926345,78.00735438744415,0.8163653418899105,0.8881638150208953,0.29834939528411364,global_lstm_seed_ensemble_seed=2,20265610,2,20265610
37005,global_lstm,global LSTM,15.58384668035592,0.6301935609058296,0.5395890357101993,0.5310819240575171,11.390516320761016,78.41483583851146,0.8378548269367291,1.357882611757562,0.10312001753882827,global_lstm_seed_ensemble_seed=2,20265610,2,20265610
37008,global_lstm,global LSTM,15.597535934291582,0.6382426850169669,0.45847213602370096,0.4241157795309948,12.088918812968346,79.38143893057752,0.8173315060599395,0.6260351731754215,0.47309357241273153,global_lstm_seed_ensemble_seed=2,20265610,2,20265610
37009,global_lstm,global LSTM,15.597535934291582,0.5518546999800649,0.3745622736984906,0.355698733015435,10.26388040936226,80.15187492577165,0.8926021027261656,0.31456988159194,0.8926650662813101,global_lstm_seed_ensemble_seed=2,20265610,2,20265610
37010,global_lstm,global LSTM,15.578370978781656,0.6045612939836245,0.4854711359689764,0.5037630354828208,5.428403628493438,76.76644558714305,1.1504993004047914,1.813053498439283,0.1808706165150602,global_lstm_seed_ensemble_seed=2,20265610,2,20265610
37011,global_lstm,global LSTM,15.592060232717317,0.5704427830010376,0.4523226310346825,0.401463186043852,7.642050825128624,81.49925033010139,1.0279436921733198,0.1600440762081483,1.3609033520121523,global_lstm_seed_ensemble_seed=2,20265610,2,20265610
37018,global_lstm,global LSTM,15.572895277207392,0.486692531087347,0.273840418832613,0.17319253373736987,6.145176042137651,51.504759982936044,0.923313038933435,0.551829486870868,1.721760771560657,global_lstm_seed_ensemble_seed=2,20265610,2,20265610
37019,global_lstm,global LSTM,15.597535934291582,0.4492100264242894,0.2845071845593259,0.2077573456425269,3.775256780723519,50.56092605969863,1.1268685234906055,0.23960309312512973,1.630803140711788,global_lstm_seed_ensemble_seed=2,20265610,2,20265610
37020,global_lstm,global LSTM,15.592060232717317,0.6089993408018666,0.33941469305563277,0.2502404963547158,9.28754242384545,81.24033820373482,0.9418709121522888,0.37449749282733835,0.8903389589686023,global_lstm_seed_ensemble_seed=2,20265610,2,20265610
37031,global_lstm,global LSTM,13.81245722108145,0.4085246847432822,0.2279384373242861,0.13932412968579788,3.3559324421658863,77.52119675694335,1.3636072591273722,0.29610994881197117,1.8623363611353771,global_lstm_seed_ensemble_seed=2,20265610,2,20265610
37033,global_lstm,global LSTM,13.607118412046544,0.3459382892264171,0.2116356133223779,0.20020952371400869,3.1233979824644713,85.72558407866363,1.438483127365765,0.5571117021975645,2.027563446361994,global_lstm_seed_ensemble_seed=2,20265610,2,20265610
38001,global_lstm,global LSTM,15.597535934291582,0.5706429906673476,0.4444885276906291,0.6706464458516757,33.47774822196493,76.30615087032098,0.35780330806752375,0.3883454796590977,0.821376027901275,global_lstm_seed_ensemble_seed=2,20265610,2,20265610
38003,global_lstm,global LSTM,15.597535934291582,-8.155783601997946,-6.942733227489007,-1.113803582655895,151.69132059229537,71.64615175661852,0.32576786360187027,2.1354357704427045,1.7589750904224162,global_lstm_seed_ensemble_seed=2,20265610,2,20265610
38004,global_lstm,global LSTM,12.85968514715948,0.5245747949086201,0.3687853371423462,0.48785223171766734,21.02246501164776,90.30763915871121,0.6330408506658449,0.523377875115769,1.6378344778975256,global_lstm_seed_ensemble_seed=2,20265610,2,20265610
38007,global_lstm,global LSTM,15.567419575633128,0.3228081597460162,0.11166759363285417,0.21778341234325893,5.600730237671716,34.10586980090292,0.7845844746726215,0.7631243542250207,1.3845400605349152,global_lstm_seed_ensemble_seed=2,20265610,2,20265610
38012,global_lstm,global LSTM,14.543463381245722,-0.4731901734384385,-0.3379072387955586,-0.19365271160822983,2.13097462510078,76.44156463143,1.5547512894397355,0.2941740794282117,2.022544892690853,global_lstm_seed_ensemble_seed=2,20265610,2,20265610
38014,global_lstm,global LSTM,15.43874058863792,0.4763784165342866,0.385866424969445,0.3400058753749542,3.2314120514736735,49.37705508563864,1.1841328441216665,0.25169307435142285,1.6458508297627936,global_lstm_seed_ensemble_seed=2,20265610,2,20265610
38017,global_lstm,global LSTM,15.597535934291582,-26.127317297373196,-24.52447909321007,-2.8372832391152842,230.14954158618545,72.31500055250756,0.5027817203425875,1.8859915109767231,1.51079017508523,global_lstm_seed_ensemble_seed=2,20265610,2,20265610
38018,global_lstm,global LSTM,15.597535934291582,0.41635304910949755,0.003570417869656395,0.5387899479213929,89.49620723029905,70.30921750973863,0.10479236611011179,1.0953984162910868,0.6913104319187822,global_lstm_seed_ensemble_seed=2,20265610,2,20265610
38021,global_lstm,global LSTM,15.323750855578371,0.5605948337772284,0.4479262133825369,0.4025169901944471,5.997288557841565,49.23886544109492,0.9143530920912848,0.4845233000986792,1.5486455548699158,global_lstm_seed_ensemble_seed=2,20265610,2,20265610
38026,global_lstm,global LSTM,14.444900752908966,0.6180482095871755,0.41438552380823235,0.35578909452206375,12.07314941476622,75.52877815231184,0.7962918836619536,0.12508430635413537,1.041001629156507,global_lstm_seed_ensemble_seed=2,20265610,2,20265610
38029,global_lstm,global LSTM,13.325119780971937,0.3369509953491684,0.16136057181455365,-0.0998890947146831,12.301210871220647,89.75877050902221,0.8631290317314654,0.4366934011842659,1.7107479525512739,global_lstm_seed_ensemble_seed=2,20265610,2,20265610
38030,global_lstm,global LSTM,12.950034223134839,-0.7240983684673952,-0.5959943587003569,0.24063372159144736,43.966691621131986,81.72274563038144,0.26921916182881866,0.8690212517333927,1.8741102255096362,global_lstm_seed_ensemble_seed=2,20265610,2,20265610
39001,global_lstm,global LSTM,15.597535934291582,0.7031881878085169,0.5061793738083503,0.744251847543122,43.639671638347686,71.09666331655818,0.21196774492301165,0.8898249381258788,0.5853075509143173,global_lstm_seed_ensemble_seed=2,20265610,2,20265610
39002,global_lstm,global LSTM,13.574264202600958,0.7432961332120387,0.6252610039949154,0.6709465775072745,44.49343084822944,31.089910545813833,0.15567642263327347,0.6032725693846497,0.6769604999881973,global_lstm_seed_ensemble_seed=2,20265610,2,20265610
39004,global_lstm,global LSTM,12.109514031485284,-65.83719743057793,-77.7164447371097,-7.027392600448833,90.24895022207781,20.742518658395966,0.638580669461484,2.0890756121400678,2.0020116081792367,global_lstm_seed_ensemble_seed=2,20265610,2,20265610
39005,global_lstm,global LSTM,14.781656399726215,-0.10809861930384734,-0.3841854046251467,0.04909358622826843,33.424686690732216,65.17042822655505,0.2899832296432894,0.8711807754097072,1.7856948535215893,global_lstm_seed_ensemble_seed=2,20265610,2,20265610
39006,global_lstm,global LSTM,15.597535934291582,0.320101214374407,-0.015848504215447257,0.5219064323562645,51.229119200436465,58.167017224838084,0.05515990499974328,0.8532430544510516,0.7101392058712752,global_lstm_seed_ensemble_seed=2,20265610,2,20265610
39007,global_lstm,global LSTM,15.594798083504449,0.7796978567788901,0.4670044592436273,0.5943184550912106,16.039473420506834,64.23302701223102,0.6025682826348981,0.7166773446670733,0.6315082397640661,global_lstm_seed_ensemble_seed=2,20265610,2,20265610
39008,global_lstm,global LSTM,14.075290896646132,0.7400219821184453,0.5832254872895843,0.748242700436882,52.333646293217136,30.756975328862335,0.23083737053344364,0.3541417424709251,0.5483216768187165,global_lstm_seed_ensemble_seed=2,20265610,2,20265610
39010,global_lstm,global LSTM,15.597535934291582,-2.9858610431418118,-2.966138961418035,-0.38314347677696614,137.23941867092992,68.50634964915355,0.3017480429529483,0.8908850340322909,0.45596479394662526,global_lstm_seed_ensemble_seed=2,20265610,2,20265610
39011,global_lstm,global LSTM,15.597535934291582,-0.8221172646933177,-0.10656627875299107,0.3417323845990452,18.21518013326848,56.47859099323842,0.491450383145387,0.17693146631935108,0.8341411171969331,global_lstm_seed_ensemble_seed=2,20265610,2,20265610
39012,global_lstm,global LSTM,15.301848049281315,-0.09989006575380288,-0.9355099433552834,0.14013596097955294,11.595442824406229,49.264195959460466,0.6282440602779903,0.37982985100108624,1.6053178548431561,global_lstm_seed_ensemble_seed=2,20265610,2,20265610
39014,global_lstm,global LSTM,15.597535934291582,-11.900430786578035,-8.262551834619556,-1.2349281016687845,197.24633633957149,73.57637797215921,0.42827054084120114,1.3319838631460745,0.7097694468243615,global_lstm_seed_ensemble_seed=2,20265610,2,20265610
39015,global_lstm,global LSTM,13.79876796714579,-3.5605379999745477,-1.3686710153141068,-0.007315360436110918,158.7255323404661,22.645522559247638,0.8456644455594946,1.6589618748763255,1.268517131257119,global_lstm_seed_ensemble_seed=2,20265610,2,20265610
39016,global_lstm,global LSTM,15.597535934291582,0.09882268217673329,-0.4703040452766343,0.23544180450225205,105.16283776810788,64.82344766795825,0.21013017133528286,0.8723289669659474,0.3398221579773196,global_lstm_seed_ensemble_seed=2,20265610,2,20265610
39017,global_lstm,global LSTM,14.69678302532512,0.44799169930941063,0.2705335603367034,0.19877324098128513,7.938889983672919,77.81730157840666,0.9913163833949116,0.2750203395496711,1.7364533487302878,global_lstm_seed_ensemble_seed=2,20265610,2,20265610
39019,global_lstm,global LSTM,14.72416153319644,-3.113289770974305,-1.580190098134795,-0.020005192509209735,136.36475960799868,26.162014330324645,0.7170309720094702,1.1220059253158605,1.126465587676047,global_lstm_seed_ensemble_seed=2,20265610,2,20265610
39020,global_lstm,global LSTM,15.597535934291582,-0.04382543246651882,-0.07970394112564305,0.4659106483098874,73.10468631229826,37.58289383299038,0.2889550007688288,1.037111846118174,1.1786580971260778,global_lstm_seed_ensemble_seed=2,20265610,2,20265610
39021,global_lstm,global LSTM,15.597535934291582,0.7282307269817313,0.5101462081669965,0.7028677362515481,34.118284810515796,66.44811232096448,0.28949545762388906,1.0543774112185251,0.3458337878687332,global_lstm_seed_ensemble_seed=2,20265610,2,20265610
39022,global_lstm,global LSTM,15.597535934291582,0.6701118944213473,0.2594657064709124,0.45621846447515224,24.964560890751766,66.44841557071598,0.42516069834649656,0.28754264741564506,0.7433299453132183,global_lstm_seed_ensemble_seed=2,20265610,2,20265610
39023,global_lstm,global LSTM,15.597535934291582,-5.972960856978329,-12.096393509593454,-1.8775845028687894,159.57527370869454,74.85130676591099,0.32876621129171785,1.8101225179584821,1.4632301404049963,global_lstm_seed_ensemble_seed=2,20265610,2,20265610
39025,global_lstm,global LSTM,15.572895277207392,0.8350914820254098,0.6435177584406439,0.6456617641490834,17.88332838828547,60.49808797313018,0.5292932976089524,0.06626561071979986,1.0000891129309784,global_lstm_seed_ensemble_seed=2,20265610,2,20265610
39027,global_lstm,global LSTM,15.597535934291582,-6.345346831572503,-5.132853486827504,-0.9072313680291593,101.95414242705179,67.36528459902594,0.17996872709425038,0.7536654635537885,0.8768705004829868,global_lstm_seed_ensemble_seed=2,20265610,2,20265610
39028,global_lstm,global LSTM,15.597535934291582,-3.5645619736286127,-3.725168645064734,-0.6581169120374988,120.82486722365726,63.72152867848434,0.2778701405862077,1.1895807437625252,0.9244180942589495,global_lstm_seed_ensemble_seed=2,20265610,2,20265610
39029,global_lstm,global LSTM,15.597535934291582,-4.448697162158641,-3.3047228317808406,-0.7150112945174691,58.74585582820648,57.93955934571564,0.006002047232455614,0.73476406224619,0.712411861371414,global_lstm_seed_ensemble_seed=2,20265610,2,20265610
39034,global_lstm,global LSTM,15.597535934291582,0.7802140443983325,0.41596576561880294,0.5892260169772761,42.32708825798007,61.204761874162855,0.160166818838425,0.4342504210728959,0.3280112911236809,global_lstm_seed_ensemble_seed=2,20265610,2,20265610
39035,global_lstm,global LSTM,15.597535934291582,-0.5206912810035691,-1.4884814528755776,0.050336996781602195,57.61643628709627,39.31774580925437,0.16595778201561076,0.8866345894653394,0.7213115736976603,global_lstm_seed_ensemble_seed=2,20265610,2,20265610
39036,global_lstm,global LSTM,15.378507871321013,-26.651971245380246,-25.941599884775368,-3.724174560792492,61.898145594506595,60.205421331825114,0.012042038157321638,1.1611308531541544,1.1378951075722263,global_lstm_seed_ensemble_seed=2,20265610,2,20265610
39037,global_lstm,global LSTM,15.197809719370294,-1.0515003941186638,-0.34869476879596095,0.40656091859515553,68.37953276760273,66.32801222032937,0.013229146816241216,0.9740787237248514,0.9472923004157265,global_lstm_seed_ensemble_seed=2,20265610,2,20265610
39042,global_lstm,global LSTM,14.984257357973991,0.4902212941755637,0.24110634993515345,0.5522152349457228,50.934274598037696,43.91898782232696,0.06435780274806045,0.9284994684702992,0.8658911534109685,global_lstm_seed_ensemble_seed=2,20265610,2,20265610
39049,global_lstm,global LSTM,14.573579739904176,0.46028888847062244,0.32085853922181384,0.31752073854802476,3.455076324811765,54.21264166924232,1.1956429244080093,0.18360636489039334,1.6165387388724364,global_lstm_seed_ensemble_seed=2,20265610,2,20265610
39052,global_lstm,global LSTM,15.594798083504449,0.6188526683203308,0.4162340559380281,0.3616725538058476,7.346267864821156,72.69714068429712,0.9954505697226553,0.08168811579894042,1.4258231328903421,global_lstm_seed_ensemble_seed=2,20265610,2,20265610
39054,global_lstm,global LSTM,13.505817932922655,0.5854890289433939,0.4951651841253647,0.3755342384731871,9.891090400297358,42.36872914141616,0.6318012663006158,0.20811784749756335,1.3524382125973928,global_lstm_seed_ensemble_seed=2,20265610,2,20265610
39056,global_lstm,global LSTM,13.44832306639288,-3.2747417136602737,-2.550567056545172,-0.8167027533649027,6.257269234572009,59.95746685211859,0.9814584340412147,0.4320345352379109,1.782507352115677,global_lstm_seed_ensemble_seed=2,20265610,2,20265610
39061,global_lstm,global LSTM,15.249828884325805,-0.32926158547030004,-0.9209449237449623,-0.12442935279349454,100.44378014442023,66.46224204739654,0.1793480610277472,1.1049827247862392,1.0595817469833322,global_lstm_seed_ensemble_seed=2,20265610,2,20265610
39065,global_lstm,global LSTM,14.157426420260096,-9.214039941391807,-6.090894125166934,-0.8497745176671836,132.53891826839637,74.2178681718507,0.25183494617352553,1.1023339813802076,1.0569507632280892,global_lstm_seed_ensemble_seed=2,20265610,2,20265610
39069,global_lstm,global LSTM,14.496919917864476,0.4698403921453863,0.29452919987696535,0.09853370749904078,8.663505383253279,56.309715698767754,0.8128896850543982,0.14229601494077593,0.9988917589852808,global_lstm_seed_ensemble_seed=2,20265610,2,20265610
39072,global_lstm,global LSTM,12.958247775496236,0.6924809120320254,0.46435801132507726,0.6246683091575507,52.19520589610095,79.63626112215917,0.18348024685113382,0.7778267143004363,0.792564375499369,global_lstm_seed_ensemble_seed=2,20265610,2,20265610
39078,global_lstm,global LSTM,13.330595482546201,-8.130077759770602,-3.7051986036043782,-0.8959428645900243,32.625396474702484,62.326124403338135,0.281114324128199,0.49011965584325035,1.0469846643684906,global_lstm_seed_ensemble_seed=2,20265610,2,20265610
39081,global_lstm,global LSTM,15.34839151266256,0.7600517512682403,0.5444108993050683,0.5793036839984809,34.40060955269163,70.705265395707,0.3128856187469038,1.1648781427439832,0.3254787041443281,global_lstm_seed_ensemble_seed=2,20265610,2,20265610
39087,global_lstm,global LSTM,14.231348391512663,0.32905475790469896,0.07771099615355959,0.08838107122308758,16.54515924983498,72.77502260256416,0.6433113973239806,0.02659771952636214,1.057923810886635,global_lstm_seed_ensemble_seed=2,20265610,2,20265610
39088,global_lstm,global LSTM,14.47501711156742,-7.571688140157722,-8.173610204054786,-1.1563392781561914,171.4744556707587,71.3946455283128,0.380533791224212,1.6391865067050277,0.8826619522776779,global_lstm_seed_ensemble_seed=2,20265610,2,20265610
39095,global_lstm,global LSTM,11.718001368925394,0.34725088915714286,0.2942587340760381,0.47430977640165894,6.151400032103671,23.65944682599208,0.5850306157339574,0.46459538972800285,1.6056620094242753,global_lstm_seed_ensemble_seed=2,20265610,2,20265610
39099,global_lstm,global LSTM,11.824777549623546,0.4313836742600572,0.2064235348310971,0.197105831492425,48.483524081780615,72.92190471310491,0.17726382435195753,1.4129622156143262,1.5665630624327445,global_lstm_seed_ensemble_seed=2,20265610,2,20265610
39101,global_lstm,global LSTM,10.075290896646132,-4.020283565053104,-2.03196715402662,-0.3428524662870871,69.16520568319403,25.372842326394792,0.43551855212809254,1.3046606992597367,1.3665984710643109,global_lstm_seed_ensemble_seed=2,20265610,2,20265610
39105,global_lstm,global LSTM,9.96577686516085,0.6542106309807616,0.42148618001601545,0.37695798619187026,27.262784857255046,87.0596124276128,0.5042465130625167,1.7821488971574797,0.4948774028733275,global_lstm_seed_ensemble_seed=2,20265610,2,20265610
39108,global_lstm,global LSTM,9.412731006160165,-0.03887868744364753,0.15587867467172167,0.4489347415918701,66.08352628106474,49.4624765706231,0.12581735174787853,1.23785524711552,1.1486916121690203,global_lstm_seed_ensemble_seed=2,20265610,2,20265610
39114,global_lstm,global LSTM,8.999315537303216,-11.331694916394213,-5.6538588134999,-1.0136026536958158,174.3424213064177,92.12841538546229,0.2770094719355492,1.6278575320698807,1.4811565243723552,global_lstm_seed_ensemble_seed=2,20265610,2,20265610
39120,global_lstm,global LSTM,9.284052019164955,-101.01314019862956,-55.69167203587729,-8.796284919928624,32.49963114126014,47.763279253185274,0.16721570430004262,0.529613188052448,0.9041873355581441,global_lstm_seed_ensemble_seed=2,20265610,2,20265610
39125,global_lstm,global LSTM,8.88432580424367,-23.112309524932392,-12.347375287254286,-3.2880685579014832,136.7279946660435,56.60842887677419,0.38297634268192027,1.3928763543368836,1.081771542917875,global_lstm_seed_ensemble_seed=2,20265610,2,20265610
39127,global_lstm,global LSTM,8.681724845995893,-15.965139412462424,-9.80701434396117,-1.491643478002787,129.40416113449393,47.32693219368891,0.43683988805073476,1.2976951637286884,0.6661392784304158,global_lstm_seed_ensemble_seed=2,20265610,2,20265610
39141,global_lstm,global LSTM,7.477070499657769,0.38070508052972984,0.11408524601790526,0.5432163649400332,13.46037389649059,51.397191123952226,0.5818822615838608,0.38144717995900423,0.5007423715987951,global_lstm_seed_ensemble_seed=2,20265610,2,20265610
39142,global_lstm,global LSTM,8.098562628336756,-1.1132676871120122,-1.5242063350405908,0.1442130610268716,79.0965518764858,39.69580765832693,0.29941290873315735,1.2341938607445053,1.0248781069421344,global_lstm_seed_ensemble_seed=2,20265610,2,20265610
39143,global_lstm,global LSTM,8.098562628336756,0.4639006641675415,-0.06616611449382592,0.3736059749440427,58.690555488398296,36.69964903134835,0.2039063090026822,1.8564535835911429,1.6341749170896909,global_lstm_seed_ensemble_seed=2,20265610,2,20265610
39144,global_lstm,global LSTM,8.202600958247775,0.8245840714248936,0.17885927585256123,0.3739460965582957,44.18315320183365,35.34993772630494,0.09686805370092678,1.372433732183016,1.1114564013469144,global_lstm_seed_ensemble_seed=2,20265610,2,20265610
40003,global_lstm,global LSTM,15.537303216974674,0.7020644560764601,0.550586253430102,0.45901236634502984,14.683459602570874,59.13936670991154,0.6050482768754353,0.8558891075700805,0.3580184965512798,global_lstm_seed_ensemble_seed=2,20265610,2,20265610
40004,global_lstm,global LSTM,15.263518138261464,0.7059232627952807,0.5159187372825487,0.39270048488708575,10.787992628990848,41.550969722799394,0.5856405228238439,0.2619030113580916,0.7613017272316464,global_lstm_seed_ensemble_seed=2,20265610,2,20265610
40005,global_lstm,global LSTM,15.359342915811089,0.5629614728397254,0.42816527243586755,0.30668262005365854,9.957915513863615,56.90089120593077,0.7569506312910664,0.567512661554689,0.6671678049554842,global_lstm_seed_ensemble_seed=2,20265610,2,20265610
40006,global_lstm,global LSTM,12.826830937713895,0.5322158636118772,-0.9506671888006013,-0.10355558724689429,21.747459710214873,68.61089076138609,0.4989845227873205,0.5322345683741523,1.4519065695754265,global_lstm_seed_ensemble_seed=2,20265610,2,20265610
40007,global_lstm,global LSTM,15.545516769336071,0.7669079345182164,0.5905467891997489,0.5273706031961289,11.124913243846002,36.18538404939801,0.5122365534423917,0.42282181999930507,1.1074193254923674,global_lstm_seed_ensemble_seed=2,20265610,2,20265610
40009,global_lstm,global LSTM,15.249828884325805,0.7096095222235658,0.5401035311967821,0.6003557554619958,10.659465399431664,43.70004958522647,0.6127465055402882,0.5801181766334946,1.3838917645799862,global_lstm_seed_ensemble_seed=2,20265610,2,20265610
40010,global_lstm,global LSTM,14.872005475701574,0.7219499492389952,0.5978710667847584,0.548002758176576,11.281858531882957,62.51324815808658,0.7435914156032822,0.37305096394452086,0.8419271213268957,global_lstm_seed_ensemble_seed=2,20265610,2,20265610
40011,global_lstm,global LSTM,15.597535934291582,0.7623106738541079,0.4641622751470086,0.6659860537812172,36.35424765589164,57.79732384512589,0.2013525685759789,0.4226050095398499,0.18310682316757965,global_lstm_seed_ensemble_seed=2,20265610,2,20265610
40012,global_lstm,global LSTM,15.597535934291582,-5.125713748950124,-3.1181100347483595,-0.6517128685072262,103.92745073965884,60.78569842702076,0.23292886340663935,0.30433519711959356,0.21407388190244003,global_lstm_seed_ensemble_seed=2,20265610,2,20265610
40013,global_lstm,global LSTM,15.592060232717317,0.48923863556516123,0.6096995270853887,0.5975224425105363,32.487037259018074,59.19755170470683,0.26059363900047944,0.2870654466566156,0.4912953325545868,global_lstm_seed_ensemble_seed=2,20265610,2,20265610
40016,global_lstm,global LSTM,15.493497604380561,-3.816676766796289,-1.8975311652929348,-0.18153093871635861,61.24909056883633,57.71385415731496,0.025819566987621174,1.7613468389044917,1.6848054053533776,global_lstm_seed_ensemble_seed=2,20265610,2,20265610
40017,global_lstm,global LSTM,14.327173169062286,0.5368554041145028,0.43845831700841464,0.405854984902295,6.151440746677355,41.17594729152554,0.8256667542590282,1.220980716860125,1.6025668351415905,global_lstm_seed_ensemble_seed=2,20265610,2,20265610
40018,global_lstm,global LSTM,15.378507871321013,-1.36617663206968,-0.15747695472305656,0.2959266089714304,64.95664242069051,51.34647656863221,0.10211292096630763,0.5372438543726139,0.2922749416760597,global_lstm_seed_ensemble_seed=2,20265610,2,20265610
4001,global_lstm,global LSTM,14.023271731690622,0.6119866693040937,0.0963315800327118,0.5239690624245786,10.739908747545533,82.45801229506013,0.8852322702727093,0.5461894631914621,0.27900100231520586,global_lstm_seed_ensemble_seed=2,20265610,2,20265610
40020,global_lstm,global LSTM,13.702943189596168,0.5757020777535715,0.37750467789798037,0.2519010407294805,10.066745973908164,52.532058483752095,0.7175353094061466,1.0100107439139285,1.574343214158694,global_lstm_seed_ensemble_seed=2,20265610,2,20265610
40021,global_lstm,global LSTM,12.281998631074606,0.6813489811638693,0.4528237179230836,0.37192236495893904,11.78509574306548,51.4142112567737,0.6397500625805083,0.6127351176731227,1.7272023461265151,global_lstm_seed_ensemble_seed=2,20265610,2,20265610
40022,global_lstm,global LSTM,6.458590006844627,0.669218272871648,0.08161465335388407,0.05825270463079435,29.893109712003735,63.75472840829305,0.32894130396195376,0.2692457476734905,0.10933139887580123,global_lstm_seed_ensemble_seed=2,20265610,2,20265610
40033,global_lstm,global LSTM,12.668035592060233,-3.1042532357204085,-2.7995623961769254,-0.22466337753537435,122.6769072459989,34.39127171489223,0.552314583249535,1.0585724313017453,1.2775127783553604,global_lstm_seed_ensemble_seed=2,20265610,2,20265610
4003,global_lstm,global LSTM,14.622861054072553,0.7421570789296085,0.44933672524941837,0.5459901430602688,3.498236498720867,90.52171920266643,1.4129036268812947,1.1427246034820269,0.3576399580032138,global_lstm_seed_ensemble_seed=2,20265610,2,20265610
4005,global_lstm,global LSTM,11.02258726899384,0.7639584818171397,0.4409568826641246,0.42679440689874915,2.445828399029055,93.07490232712433,1.5804066057664865,,0.6033110804847369,global_lstm_seed_ensemble_seed=2,20265610,2,20265610
4006,global_lstm,global LSTM,9.872689938398358,0.8573676039145821,0.41903379918487693,0.41639791868671183,3.148743276222441,104.4149376409472,1.5206253803242253,1.1583081835565543,0.3406255333005693,global_lstm_seed_ensemble_seed=2,20265610,2,20265610
41001,global_lstm,global LSTM,15.589322381930184,0.4804899651164082,0.11779639045784229,-0.1192582428349458,23.255405723545955,45.55685532338973,0.2920298173748844,1.0065056703915376,1.5359809781248916,global_lstm_seed_ensemble_seed=2,20265610,2,20265610
41003,global_lstm,global LSTM,15.123887748117728,0.6455320579144002,0.4024762033025894,0.25629080204681176,3.660827914649439,46.44031878918889,1.1033158779034824,0.5132812482734956,0.8543247660642853,global_lstm_seed_ensemble_seed=2,20265610,2,20265610
41004,global_lstm,global LSTM,14.442162902121835,0.41977134266684335,-0.32326237080397546,0.19252720249500532,15.878939457603197,45.04579339668968,0.4528327477415905,0.2398312383087413,0.8315301713570866,global_lstm_seed_ensemble_seed=2,20265610,2,20265610
41005,global_lstm,global LSTM,15.50444900752909,0.7656163079737399,0.608935272308488,0.5382778112710604,11.434282942656644,35.97117922801487,0.4977457406664177,0.34297900404847625,1.0438354928928917,global_lstm_seed_ensemble_seed=2,20265610,2,20265610
41006,global_lstm,global LSTM,15.542778918548938,0.586077462487523,0.34059814559062673,0.20949643073556812,6.757548912410737,56.82864315414275,0.9247780890266019,0.9113392903552764,1.699730708016082,global_lstm_seed_ensemble_seed=2,20265610,2,20265610
41009,global_lstm,global LSTM,13.763175906913073,0.48507308375449365,0.05309543334286215,0.5034821449155589,18.850414756937514,44.045032620825,0.3685760257443366,0.7637692089630855,0.21825227079870824,global_lstm_seed_ensemble_seed=2,20265610,2,20265610
41011,global_lstm,global LSTM,15.55920602327173,0.8010981232005825,0.48219680725274083,0.5562403409112364,13.104406303737061,40.94068167032563,0.49473771949523515,0.5566108085119781,1.2608293850583934,global_lstm_seed_ensemble_seed=2,20265610,2,20265610
41012,global_lstm,global LSTM,15.468856947296372,0.5506863797784542,0.30647108883572993,0.09715024609994516,8.198502226032563,42.760895866588804,0.717312276441291,0.18043827769328635,0.9681964427373833,global_lstm_seed_ensemble_seed=2,20265610,2,20265610
41013,global_lstm,global LSTM,15.381245722108146,0.5893650776745849,0.4120046408516117,0.298750474192903,7.369078113515271,44.373448292552645,0.7797100192196652,1.1012654878580193,1.6259505434022177,global_lstm_seed_ensemble_seed=2,20265610,2,20265610
41014,global_lstm,global LSTM,15.238877481177276,0.3755172942989067,0.481524144457921,0.2981142566402679,9.940338814166896,59.91350549267482,0.7801235430892763,0.9032274662401667,0.38082871231659343,global_lstm_seed_ensemble_seed=2,20265610,2,20265610
41016,global_lstm,global LSTM,15.597535934291582,0.6743032257082902,0.49929666989950305,0.4060766397048611,8.841911866310628,43.12494994155125,0.6881824222963455,1.0160721873047516,1.4941455902237537,global_lstm_seed_ensemble_seed=2,20265610,2,20265610
41019,global_lstm,global LSTM,15.509924709103354,0.5953666600607745,0.4846887944801995,0.3326172455371209,6.228551391717827,59.87014524080862,0.9828232595563169,0.09341402550655586,1.371004017804455,global_lstm_seed_ensemble_seed=2,20265610,2,20265610
41020,global_lstm,global LSTM,15.279945242984258,0.6418803088766605,0.4553651688486213,0.32157217301982544,7.347396971627009,26.19657701304565,0.5521110428298166,0.9275264217928201,1.3466211071998433,global_lstm_seed_ensemble_seed=2,20265610,2,20265610
41022,global_lstm,global LSTM,15.597535934291582,0.7177797142773539,0.5594611927346644,0.5026589048483264,6.368920326471463,41.65594635760071,0.8156111893965596,0.31892746057203414,1.377535112412982,global_lstm_seed_ensemble_seed=2,20265610,2,20265610
41023,global_lstm,global LSTM,15.545516769336071,-4.188903956884919,-3.311501479324363,-1.0204135652401871,51.47498254624672,38.75810203568828,0.12323370631061742,1.2213075676929948,1.146015076715829,global_lstm_seed_ensemble_seed=2,20265610,2,20265610
41025,global_lstm,global LSTM,15.21697467488022,0.49130763922953036,0.34302750495246626,0.1683243713152397,3.6655955957387265,46.01565149002212,1.098761025116313,0.3746322039621741,1.1407907121209733,global_lstm_seed_ensemble_seed=2,20265610,2,20265610
41027,global_lstm,global LSTM,14.959616700889802,0.6154789286622053,0.4256083030398,0.3410818917913683,8.642167333517653,41.72216091400937,0.6837441226705928,0.7662410098125638,1.5711163785441955,global_lstm_seed_ensemble_seed=2,20265610,2,20265610
41028,global_lstm,global LSTM,15.241615331964407,0.6446078167413756,0.4847145492005963,0.46905600715477647,7.11843824802587,43.767675374499866,0.7887687586981348,0.6863841542996141,1.3582272056629319,global_lstm_seed_ensemble_seed=2,20265610,2,20265610
41029,global_lstm,global LSTM,13.193702943189596,0.6711835090785256,0.43682799383369497,0.3507504477400045,9.98548260389911,48.85096725292423,0.6895041077976447,1.0912947246022018,1.6106895904727476,global_lstm_seed_ensemble_seed=2,20265610,2,20265610
42001,global_lstm,global LSTM,15.425051334702259,0.3558057691665705,0.25331178212601424,0.18223434881117795,14.741597476181719,62.543248500498386,0.6276358862948577,0.7957289763015714,1.4646043374968747,global_lstm_seed_ensemble_seed=2,20265610,2,20265610
42003,global_lstm,global LSTM,15.457905544147843,0.7175218009034956,0.5378966742643894,0.4659698769003724,7.397000967423645,56.88957065568157,0.8859769806678707,0.18660188626065177,1.2281618274911856,global_lstm_seed_ensemble_seed=2,20265610,2,20265610
42004,global_lstm,global LSTM,15.578370978781656,-2.4096274003848075,-2.190811050069257,-0.22999009642229096,77.20229317971317,60.09575577953606,0.10878639925774239,0.8989712388681975,0.6203598801027747,global_lstm_seed_ensemble_seed=2,20265610,2,20265610
42006,global_lstm,global LSTM,15.597535934291582,-0.18306330110931612,-0.32274430446323676,0.41582418989354064,58.53842482873409,56.987373000316914,0.011662394755140373,0.613988271339226,0.5856140229042307,global_lstm_seed_ensemble_seed=2,20265610,2,20265610
42008,global_lstm,global LSTM,15.597535934291582,-4.968944800512673,-2.9134923303956666,-0.406846230575161,61.588988861133004,35.59241486718387,0.2381456191772158,0.9551589833527472,0.923623974582075,global_lstm_seed_ensemble_seed=2,20265610,2,20265610
42010,global_lstm,global LSTM,15.523613963039015,-1.9974292763770678,-2.2246181737695223,0.03445134477728151,77.19777466321167,34.281957317798465,0.3525391714848692,1.0540179243268362,0.6021997960663312,global_lstm_seed_ensemble_seed=2,20265610,2,20265610
42011,global_lstm,global LSTM,15.02258726899384,0.30726461577059305,0.2359370770979422,0.6199104114227311,23.425638572774943,62.517977808347936,0.4263134835873339,0.860022004446983,1.5098342136169323,global_lstm_seed_ensemble_seed=2,20265610,2,20265610
42016,global_lstm,global LSTM,13.796030116358658,-3.469300254118213,-3.557355774551575,-0.1429999528071597,142.27334360560533,61.81724157821002,0.36201391612543143,0.9511651084555622,0.7526286079121688,global_lstm_seed_ensemble_seed=2,20265610,2,20265610
42017,global_lstm,global LSTM,11.301848049281315,0.5028913532537584,0.4703968372625055,0.3631090317020388,18.235727498592958,82.54038379352775,0.6557433901155757,0.6354127208066012,1.5206524250808493,global_lstm_seed_ensemble_seed=2,20265610,2,20265610
42024,global_lstm,global LSTM,10.001368925393566,-2.690409814568832,-2.1239106937462724,-0.10387158624373716,131.08009167980515,73.25258262786167,0.25271379547522455,1.1298693172235406,0.7274340598810236,global_lstm_seed_ensemble_seed=2,20265610,2,20265610
42026,global_lstm,global LSTM,6.787132101300479,0.3124589638804349,-0.38746866746272923,0.24281562053068728,65.62898670313531,49.722760965568995,0.12054046310446638,0.6340965670486589,0.7892860991124485,global_lstm_seed_ensemble_seed=2,20265610,2,20265610
42027,global_lstm,global LSTM,6.822724161533197,-0.9998228692007114,-1.754926736879448,0.06969115683998084,103.7723879365336,49.70097861380215,0.31971687043609787,0.9116689800998629,0.8992932410096426,global_lstm_seed_ensemble_seed=2,20265610,2,20265610
43005,global_lstm,global LSTM,15.597535934291582,0.33716496125833395,0.11596937283590902,0.5509024418627257,64.00882723825421,63.53397672530488,0.003233830587789417,0.26698760818862666,0.2685993849813578,global_lstm_seed_ensemble_seed=2,20265610,2,20265610
43006,global_lstm,global LSTM,15.594798083504449,0.5969416769813443,0.31261458219374894,0.6004443479864541,41.71684687121152,59.46546033965711,0.15395330998050089,0.49797557609987764,0.8370598257316869,global_lstm_seed_ensemble_seed=2,20265610,2,20265610
43007,global_lstm,global LSTM,14.921286789869953,0.7377361099126003,0.5095776683575478,0.5676984118752477,28.550565741418836,56.54622099201134,0.2967888677522194,0.6883995631725273,0.15307760972708673,global_lstm_seed_ensemble_seed=2,20265610,2,20265610
43008,global_lstm,global LSTM,15.597535934291582,-0.4494691805515132,-0.2908648883802092,0.42128836002339676,52.85186595411299,61.96270335968417,0.06907003241985124,0.44330275745831615,0.5253375579803962,global_lstm_seed_ensemble_seed=2,20265610,2,20265610
43009,global_lstm,global LSTM,15.597535934291582,0.6265111426557468,0.5004071931508126,0.38610006771843663,9.756995288345665,58.34637014300069,0.7766977475304102,0.7524007831309998,0.4597680836447544,global_lstm_seed_ensemble_seed=2,20265610,2,20265610
43014,global_lstm,global LSTM,15.268993839835728,-0.5467670660439052,-0.7309551127571874,0.08798504946882435,70.21072925372576,62.98953773479126,0.04713506274166381,1.1614537946453207,1.0488999638304843,global_lstm_seed_ensemble_seed=2,20265610,2,20265610
43017,global_lstm,global LSTM,15.290896646132786,0.8445339995304544,0.6436839523186758,0.7610233292437931,33.47203655316744,65.8715332583164,0.2940156352887569,0.07868024185827993,0.727277761559502,global_lstm_seed_ensemble_seed=2,20265610,2,20265610
43018,global_lstm,global LSTM,14.3709787816564,0.2463733589890943,0.04634046144752446,0.5348518176657369,55.97530395016957,55.349038499611524,0.00488637961178108,0.6025514345010518,0.6065307134375899,global_lstm_seed_ensemble_seed=2,20265610,2,20265610
43021,global_lstm,global LSTM,14.283367556468173,0.37415164847486204,-0.033736890604276315,0.4990057256687388,55.30018913430317,64.82761654749316,0.06903343796861608,0.42662566186041284,0.389402908556322,global_lstm_seed_ensemble_seed=2,20265610,2,20265610
44001,global_lstm,global LSTM,15.597535934291582,-0.27803658171198364,-0.7044869297673124,0.1674582460301235,52.586876827728055,32.37478684518424,0.2106704608047584,0.13525129367282296,0.19778094307146,global_lstm_seed_ensemble_seed=2,20265610,2,20265610
44002,global_lstm,global LSTM,15.597535934291582,-0.5767566089060774,-0.23543164716957254,0.4212266773846213,58.509133106010566,32.571296807800344,0.2543886133842477,0.6527295559449173,0.19211074363953884,global_lstm_seed_ensemble_seed=2,20265610,2,20265610
44006,global_lstm,global LSTM,15.597535934291582,-1.4144985579272205,-0.6605706654560852,0.24383998419556063,51.65926017816728,31.10837162080953,0.22027090387134546,1.3488783082128604,1.237694694390547,global_lstm_seed_ensemble_seed=2,20265610,2,20265610
44009,global_lstm,global LSTM,14.149212867898699,-0.44336018369424424,-0.8741644562739119,-0.05408600012024922,69.08186924511797,41.374476158263406,0.2226315721484387,0.971073997359079,1.018208247988827,global_lstm_seed_ensemble_seed=2,20265610,2,20265610
44011,global_lstm,global LSTM,7.972621492128679,0.7211385223734192,0.1667041070526586,0.4037530470837979,13.499492069507763,53.39456872256488,0.5971796549045227,0.40021487841674297,1.2924762988063296,global_lstm_seed_ensemble_seed=2,20265610,2,20265610
45001,global_lstm,global LSTM,15.597535934291582,0.8688919068057387,0.6238384066055719,0.5699604837481208,11.225968747451525,47.10620997714992,0.6228543347956736,0.08429613370078126,0.523576811881273,global_lstm_seed_ensemble_seed=2,20265610,2,20265610
45003,global_lstm,global LSTM,15.597535934291582,0.7729821201924355,0.5563810393934521,0.5200543874882748,9.154193264378407,37.64958019811759,0.6141400610127025,0.42222375325293693,1.1573347549818478,global_lstm_seed_ensemble_seed=2,20265610,2,20265610
45004,global_lstm,global LSTM,15.597535934291582,0.7230277788017174,0.5035664897481148,0.46408999020725994,6.3175318043119235,33.294687459995835,0.721827505525702,0.3735804461576905,1.1932853064610744,global_lstm_seed_ensemble_seed=2,20265610,2,20265610
45005,global_lstm,global LSTM,15.597535934291582,0.725798670345346,0.5619284895067004,0.5868278678405479,7.848020881986274,34.925250503804776,0.6483793798623179,0.44264958048168634,1.2645241327046683,global_lstm_seed_ensemble_seed=2,20265610,2,20265610
45009,global_lstm,global LSTM,15.597535934291582,0.8274562602762364,0.5726229798304698,0.6294387305759725,11.622891567772184,43.12433127328113,0.5694081873475331,0.7159681409846721,0.40834000438280693,global_lstm_seed_ensemble_seed=2,20265610,2,20265610
45012,global_lstm,global LSTM,15.58110882956879,0.7444277005806665,0.5708259989150722,0.4563431764868989,10.438695532199015,56.99407967591126,0.7371835145833813,0.5037345849508594,1.3296304992174146,global_lstm_seed_ensemble_seed=2,20265610,2,20265610
46003,global_lstm,global LSTM,15.597535934291582,0.8784507674530886,0.5495608320711207,0.6031446023858225,10.534063604330836,38.281308879433084,0.5603908420723828,0.5834394465325583,0.8523514801701629,global_lstm_seed_ensemble_seed=2,20265610,2,20265610
46005,global_lstm,global LSTM,15.597535934291582,0.7983132399512094,0.4964223685539174,0.5261514276564427,5.074104954960063,41.57650658465479,0.9134885493516618,0.5590924621102265,1.0321966504278537,global_lstm_seed_ensemble_seed=2,20265610,2,20265610
46008,global_lstm,global LSTM,12.88432580424367,0.8850119350366693,0.5757627996688045,0.6142622062016785,13.008983203409576,41.290273678330024,0.5016044085067878,0.3966734778743566,0.7809345500731786,global_lstm_seed_ensemble_seed=2,20265610,2,20265610
47001,global_lstm,global LSTM,15.597535934291582,0.8440935755838996,0.5603521497287356,0.506897044833023,11.227923311116287,57.5361104327804,0.70964106163004,0.23147697701207137,0.8844457895509871,global_lstm_seed_ensemble_seed=2,20265610,2,20265610
47004,global_lstm,global LSTM,15.597535934291582,0.841722812826337,0.5184630072472717,0.5389287536256192,15.439230473002377,53.93913811787542,0.5432783523757561,0.15200290892113688,0.6279621793444071,global_lstm_seed_ensemble_seed=2,20265610,2,20265610
47005,global_lstm,global LSTM,12.542094455852157,0.7317486485610225,0.5074602952163344,0.44738962811076266,11.368243378930757,74.50913919135667,0.816516183311201,0.5576220715276353,1.3080179637585003,global_lstm_seed_ensemble_seed=2,20265610,2,20265610
47008,global_lstm,global LSTM,15.597535934291582,0.7830910660202415,0.5778749548707569,0.6187451026201434,11.224049921801917,56.64706486454379,0.7030278224015486,0.5650864736810208,1.1416379512291175,global_lstm_seed_ensemble_seed=2,20265610,2,20265610
47009,global_lstm,global LSTM,15.597535934291582,0.8057496025056177,0.5262986680700378,0.5962327741762738,15.672327200604878,53.43435695746133,0.5326870972399574,0.9223294515399396,0.5319558623756637,global_lstm_seed_ensemble_seed=2,20265610,2,20265610
47011,global_lstm,global LSTM,9.83709787816564,0.8545509743469833,0.421724702289452,0.5662800445175933,8.921552838348441,56.960815758692696,0.8051357484206131,0.3268510814843155,0.9813933960609081,global_lstm_seed_ensemble_seed=2,20265610,2,20265610
47014,global_lstm,global LSTM,13.763175906913073,0.8469652384306561,0.44719895768128815,0.46548682280456366,7.891577832528665,66.29796803266154,0.924336373706494,0.4005444542184201,1.0684350752744045,global_lstm_seed_ensemble_seed=2,20265610,2,20265610
47018,global_lstm,global LSTM,10.121834360027378,0.6770437022005888,0.4129270404323191,0.34057763244141215,5.526553205914527,72.05695478170296,1.1152215488666701,0.2791625671829815,1.1477574722308654,global_lstm_seed_ensemble_seed=2,20265610,2,20265610
48003,global_lstm,global LSTM,13.292265571526352,0.8136741438807572,0.5151215850800424,0.6304446756867266,26.89411062983871,46.489863441524946,0.2377010834675611,0.08533411024364779,0.5737977739160445,global_lstm_seed_ensemble_seed=2,20265610,2,20265610
48004,global_lstm,global LSTM,15.597535934291582,0.7541587814915919,0.46759283233125337,0.6048594360196924,18.259646069757306,57.91612394682754,0.5013071336130092,0.467189419605616,1.0691926611613536,global_lstm_seed_ensemble_seed=2,20265610,2,20265610
48005,global_lstm,global LSTM,15.597535934291582,0.8194093927540683,0.5249494973511537,0.5036990557774152,24.117124857613824,33.28531390378808,0.13992712521867795,0.6967519940118996,0.9749584193778831,global_lstm_seed_ensemble_seed=2,20265610,2,20265610
48011,global_lstm,global LSTM,15.597535934291582,0.8299826331698182,0.5553346229079652,0.7203091573150593,15.737184814230131,55.2318119804894,0.5452622461676349,0.20124508261497587,0.7412902412266819,global_lstm_seed_ensemble_seed=2,20265610,2,20265610
49001,global_lstm,global LSTM,14.532511978097194,0.8603165322048655,0.8339795813572869,0.7612309461927995,17.03457954781384,13.880213019702822,0.08893528737041587,1.1861205241498305,1.0971013188165177,global_lstm_seed_ensemble_seed=2,20265610,2,20265610
49002,global_lstm,global LSTM,15.553730321697467,0.5571289479181443,0.35717960789157466,0.5357506491678651,33.6482382722635,36.40732784210533,0.03422647384868007,0.8334046222521047,0.9037116230544505,global_lstm_seed_ensemble_seed=2,20265610,2,20265610
49004,global_lstm,global LSTM,15.597535934291582,0.8097629225554437,0.5356522747702257,0.4945984964490785,24.11427685990475,36.730826768203265,0.18275646110979618,1.1428804825486711,1.6283105309550403,global_lstm_seed_ensemble_seed=2,20265610,2,20265610
50001,global_lstm,global LSTM,15.597535934291582,0.8414041384502149,0.5903524225478995,0.5357493874395631,9.986902733364568,53.17438933115352,0.7262716909291577,0.1760476610018693,0.871212068077732,global_lstm_seed_ensemble_seed=2,20265610,2,20265610
50002,global_lstm,global LSTM,15.422313483915127,0.7858544431052107,0.5623139874683298,0.480019790654183,6.616952964778483,37.9620601647364,0.7586917255780314,0.3247218771286493,1.0724522583290899,global_lstm_seed_ensemble_seed=2,20265610,2,20265610
50006,global_lstm,global LSTM,15.597535934291582,0.8534068441453138,0.5672356035602804,0.540504209139047,9.79318068305884,49.53229093828842,0.7039646479157496,0.18582488652876128,0.5432198990526532,global_lstm_seed_ensemble_seed=2,20265610,2,20265610
50007,global_lstm,global LSTM,14.642026009582478,0.8431473110110546,0.5577172765759331,0.466735814524061,10.970442328327985,55.2050313521072,0.7017545221761384,0.7605679098907778,1.237565280662039,global_lstm_seed_ensemble_seed=2,20265610,2,20265610
50008,global_lstm,global LSTM,10.379192334017796,0.7329821411862689,0.42226628319700177,0.36388626698996906,5.779320327174734,82.75819040700121,1.15593421926944,0.5014018650821837,1.106853742720867,global_lstm_seed_ensemble_seed=2,20265610,2,20265610
50011,global_lstm,global LSTM,11.693360711841205,0.8548169354757353,0.5094199858578621,0.510895934661426,9.903865307937085,71.68405722212229,0.8596178525052917,0.7809606429281225,0.9992630142952683,global_lstm_seed_ensemble_seed=2,20265610,2,20265610
5003,global_lstm,global LSTM,9.897330595482547,0.5229371504299625,-0.024689250267023732,0.5040451317719037,12.171939631395968,39.49491698518974,0.5111814155729655,0.2696603576190354,0.4130950853426637,global_lstm_seed_ensemble_seed=2,20265610,2,20265610
51001,global_lstm,global LSTM,15.529089664613279,0.7890676055601809,0.6156122757363801,0.6301807056331136,28.041622412072275,53.0880945939675,0.2771940010638473,0.5925881377044329,1.2322478190057375,global_lstm_seed_ensemble_seed=2,20265610,2,20265610
52004,global_lstm,global LSTM,15.597535934291582,0.6644143045013686,0.4863044545332198,0.41827913336205025,10.071742624891558,34.62072374401492,0.5362315233297228,0.48282167326726766,1.2900674983126625,global_lstm_seed_ensemble_seed=2,20265610,2,20265610
52005,global_lstm,global LSTM,15.597535934291582,0.8847337802217976,0.677483031051729,0.6947661232298123,17.179993845257094,47.71927577053392,0.4436708399064164,0.4693993118120703,1.11944045737426,global_lstm_seed_ensemble_seed=2,20265610,2,20265610
52006,global_lstm,global LSTM,15.597535934291582,0.7605817841074717,0.5782924508984248,0.5361095457811775,10.563629887858324,37.2673485257813,0.5475153182758747,0.3948956026808441,1.1515974520762202,global_lstm_seed_ensemble_seed=2,20265610,2,20265610
52007,global_lstm,global LSTM,15.597535934291582,0.6515074316688361,0.42308937100809185,0.2693520322307409,9.72932825338511,32.5999020326693,0.52513343884936,0.255763144338816,1.0491095259771366,global_lstm_seed_ensemble_seed=2,20265610,2,20265610
52009,global_lstm,global LSTM,15.446954140999315,0.7399243364859736,0.4171330347154566,0.46166307749306223,24.32990609923466,76.59665815910023,0.4980693893983694,0.25447013593295975,0.7188597791075975,global_lstm_seed_ensemble_seed=2,20265610,2,20265610
52010,global_lstm,global LSTM,15.509924709103354,0.6752060313840651,0.43831097926160467,0.31789964922868474,11.611837866591253,71.63096827434218,0.7901998585420212,0.40822352223471137,1.318794361487301,global_lstm_seed_ensemble_seed=2,20265610,2,20265610
52011,global_lstm,global LSTM,15.597535934291582,0.5488961612536962,0.4682034054605223,0.32828866667161116,15.782010309120777,70.49593324552247,0.6500017414899522,0.8907772949726442,0.38161905546875907,global_lstm_seed_ensemble_seed=2,20265610,2,20265610
52015,global_lstm,global LSTM,13.790554414784394,0.746482524431678,0.5455076473518373,0.48306202414855215,26.284958585773147,65.91563042217533,0.3992811129734389,0.4856999354157856,1.207937405022717,global_lstm_seed_ensemble_seed=2,20265610,2,20265610
52016,global_lstm,global LSTM,15.397672826830938,0.7683426641338532,0.5180758262028324,0.6784501438092655,34.3031531338419,53.69981453530292,0.19463874369143572,0.5492693761305849,0.9086294394244009,global_lstm_seed_ensemble_seed=2,20265610,2,20265610
53005,global_lstm,global LSTM,15.548254620123203,0.875310018787761,0.567015358047639,0.5090565470318121,21.438148142474894,62.11584033724792,0.46201509730238427,0.5512930761243806,1.0873094182863647,global_lstm_seed_ensemble_seed=2,20265610,2,20265610
53006,global_lstm,global LSTM,15.597535934291582,0.6467403279517581,0.554073581801503,0.4217436175168354,8.399994631122155,43.55458489436021,0.7147548704835481,0.28143504652260165,0.8576714938176792,global_lstm_seed_ensemble_seed=2,20265610,2,20265610
53007,global_lstm,global LSTM,15.597535934291582,0.8543971592599773,0.6216920830237651,0.5931060272890939,14.876157459217513,66.22700560498315,0.6485443526779325,0.547584231939865,1.213095333126879,global_lstm_seed_ensemble_seed=2,20265610,2,20265610
53008,global_lstm,global LSTM,15.597535934291582,0.8126848733963983,0.6199575385377483,0.5478566088358809,21.657665217825524,52.22594138979476,0.38227464087819124,0.31924359140846437,1.1189231582431185,global_lstm_seed_ensemble_seed=2,20265610,2,20265610
53009,global_lstm,global LSTM,15.594798083504449,0.8424895662318277,0.566272719468862,0.5344533011390005,21.388632558422657,60.17441059547112,0.449228825414376,0.32166604737938775,0.7475128373531538,global_lstm_seed_ensemble_seed=2,20265610,2,20265610
53013,global_lstm,global LSTM,15.597535934291582,0.6582887361948631,0.4312689374122387,0.34716465765060445,19.74960426457942,67.68703445435226,0.5349470891252193,0.47094714914247704,1.4576884804972634,global_lstm_seed_ensemble_seed=2,20265610,2,20265610
53017,global_lstm,global LSTM,14.67214236824093,0.6876018572673737,0.5483548876091889,0.46860360749009433,14.528473239356892,46.37241322100037,0.5040397193913578,0.6930632629901796,1.4656918045456706,global_lstm_seed_ensemble_seed=2,20265610,2,20265610
53018,global_lstm,global LSTM,15.496235455167694,0.7687126172271675,0.6210882976572244,0.5142002492806954,24.548797761197417,43.75612396143343,0.25100861593215246,0.09262948994642173,0.2984492121530402,global_lstm_seed_ensemble_seed=2,20265610,2,20265610
53022,global_lstm,global LSTM,10.140999315537304,0.7912003166289594,0.5385941947662747,0.4914498358975341,21.76421315371412,79.2110734543413,0.5610429281757862,0.6628115550622977,0.259954342823873,global_lstm_seed_ensemble_seed=2,20265610,2,20265610
53023,global_lstm,global LSTM,13.705681040383299,0.743025591853294,0.542395593600977,0.5809861768123916,30.597995291006292,46.18208997876849,0.17878060964431775,0.7306958395628791,0.7716920889012462,global_lstm_seed_ensemble_seed=2,20265610,2,20265610
53028,global_lstm,global LSTM,12.2217659137577,0.6267058475163145,0.37972625041149954,0.3891093845854674,32.18153037059532,78.10883459863997,0.3850934652525866,1.453104730066278,0.6609604825505286,global_lstm_seed_ensemble_seed=2,20265610,2,20265610
54001,global_lstm,global LSTM,15.597535934291582,0.7283249870884119,0.39872907993375883,0.5268603124568342,16.047760994219463,40.535014107182235,0.402415880896956,1.645963315813041,0.7233444903262459,global_lstm_seed_ensemble_seed=2,20265610,2,20265610
54002,global_lstm,global LSTM,15.526351813826146,0.6868564803301738,0.4981786918253177,0.40303459327186764,15.723058226255215,61.940662069037714,0.5954388203943818,1.575991809555024,0.26255670800343367,global_lstm_seed_ensemble_seed=2,20265610,2,20265610
54003,global_lstm,global LSTM,15.575633127994525,0.039626479517274604,0.1870442796311419,0.5447208450458949,7.527525553273721,40.56112955111829,0.7314578023149212,0.2118747780435859,0.45841405398115376,global_lstm_seed_ensemble_seed=2,20265610,2,20265610
54004,global_lstm,global LSTM,15.211498973305956,0.37262706295025394,0.15995234265642744,0.18157269317235392,9.242274323648212,79.75238649892006,0.9359648328465898,0.8518574615773191,0.8098922995257645,global_lstm_seed_ensemble_seed=2,20265610,2,20265610
54005,global_lstm,global LSTM,15.597535934291582,0.7844131584758404,0.46844569270238956,0.5902693163234795,9.744089400482348,45.56177471747021,0.6698593724392412,1.4181672909840695,0.41256660263740874,global_lstm_seed_ensemble_seed=2,20265610,2,20265610
54007,global_lstm,global LSTM,15.553730321697467,0.5691916185709615,0.3720581978095242,0.23875334758682298,7.214232085800011,59.39079088124511,0.9155289989270409,0.13404285828060108,1.0874829935778103,global_lstm_seed_ensemble_seed=2,20265610,2,20265610
54008,global_lstm,global LSTM,15.594798083504449,0.8345864136294603,0.5669207587994429,0.5178587075732082,17.423217549893657,44.66401643526832,0.40882941530485234,0.7168816691694337,0.17391418993605468,global_lstm_seed_ensemble_seed=2,20265610,2,20265610
54011,global_lstm,global LSTM,13.122518822724162,0.7186921009150136,0.44458430650735725,0.3894081530005473,18.14609908606346,53.078440654117195,0.46613487761978917,0.26032400244423504,1.3496746212697233,global_lstm_seed_ensemble_seed=2,20265610,2,20265610
54012,global_lstm,global LSTM,15.540041067761807,0.8121837952909432,0.3175923702305018,0.619721968001323,27.71645051116639,46.27299244554685,0.22258997409492795,1.1264374946722315,0.5731070345726119,global_lstm_seed_ensemble_seed=2,20265610,2,20265610
54015,global_lstm,global LSTM,15.101984941820671,0.3785032695845236,0.24041900917529802,0.07494561802599786,9.591499648263232,50.36637753169926,0.7202542012957668,0.21604622438908117,1.3549572414930062,global_lstm_seed_ensemble_seed=2,20265610,2,20265610
54016,global_lstm,global LSTM,13.6290212183436,0.8139577230560725,0.4337997564070595,0.48626542635683045,28.94828423012725,52.995006529782025,0.26261212188584154,0.834042048959101,0.19472723760414756,global_lstm_seed_ensemble_seed=2,20265610,2,20265610
54017,global_lstm,global LSTM,15.5564681724846,0.6675630562446309,0.40075226957095755,0.3059209193847574,9.50625525999411,29.237022145209615,0.4879236649927703,0.2327067653856607,0.5500537427065485,global_lstm_seed_ensemble_seed=2,20265610,2,20265610
54018,global_lstm,global LSTM,15.170431211498974,0.7901366128794785,0.5475378168956933,0.49562353009242033,15.85782660594907,38.25161734851789,0.38240613780468924,0.20252768434668722,1.0135241065635563,global_lstm_seed_ensemble_seed=2,20265610,2,20265610
54019,global_lstm,global LSTM,15.586584531143053,0.6125516169044684,0.42537706753147375,0.37044875902939667,17.381763961707815,50.78171923589495,0.4656135519442297,0.6907838760398641,0.38593536315889176,global_lstm_seed_ensemble_seed=2,20265610,2,20265610
54020,global_lstm,global LSTM,15.597535934291582,0.8706405811630618,0.45014075427749645,0.6146046979106423,33.23827973964229,41.00442000193042,0.0911921346699012,0.37832077649442797,0.26953938244328257,global_lstm_seed_ensemble_seed=2,20265610,2,20265610
54022,global_lstm,global LSTM,11.72621492128679,0.8440715773016064,0.8620148095691297,0.8237655503199832,2.6343093204455665,4.481646395001709,0.23077081896353205,0.3983035409867689,0.6335970332343807,global_lstm_seed_ensemble_seed=2,20265610,2,20265610
54024,global_lstm,global LSTM,15.597535934291582,-0.24700031247135823,-0.23376898684705671,0.36922892145678055,32.2395376203247,59.22150391142743,0.2640906274416091,0.5666188131879504,0.10127710812085178,global_lstm_seed_ensemble_seed=2,20265610,2,20265610
54025,global_lstm,global LSTM,15.597535934291582,0.8548542760687275,0.5749108166045109,0.5810269263387491,4.533506956056714,39.84250266456668,0.9439123239230082,0.28292300582530494,0.6748511478605899,global_lstm_seed_ensemble_seed=2,20265610,2,20265610
54027,global_lstm,global LSTM,15.589322381930184,0.3182665791448027,0.13349804155434786,0.5480061670570853,52.74056785725209,42.1509435086475,0.09733750119052474,0.878204829835468,0.9403160808841133,global_lstm_seed_ensemble_seed=2,20265610,2,20265610
54028,global_lstm,global LSTM,15.597535934291582,0.8800329097520808,0.49264390054395546,0.5446206034783942,6.671494961929108,43.76954784027896,0.8169488977754396,0.1874275303145374,0.6917914968567872,global_lstm_seed_ensemble_seed=2,20265610,2,20265610
54029,global_lstm,global LSTM,15.597535934291582,0.8208051195965025,0.5793057457559305,0.5307224265831234,18.436503600526294,45.77140120819592,0.39491564522313416,0.6653237535359939,0.17780876022123437,global_lstm_seed_ensemble_seed=2,20265610,2,20265610
54032,global_lstm,global LSTM,15.586584531143053,0.7379149540473611,0.3778272772346293,0.5367602529180611,20.86188946331962,51.50255702306404,0.39247515166770175,1.8201585180262443,0.8948416983504607,global_lstm_seed_ensemble_seed=2,20265610,2,20265610
54034,global_lstm,global LSTM,15.29637234770705,0.6441034733517911,0.3779324480652707,0.3076471526835637,6.990650468430725,35.019581436861976,0.6997933629709021,0.478582254951025,0.9469800193943146,global_lstm_seed_ensemble_seed=2,20265610,2,20265610
54036,global_lstm,global LSTM,15.143052703627653,0.753238522405674,0.4786846629045086,0.453185894639039,18.360628351026502,41.847570832175705,0.3577827132674469,0.7055559508042479,1.616629587729338,global_lstm_seed_ensemble_seed=2,20265610,2,20265610
54038,global_lstm,global LSTM,14.699520876112253,0.8877297101505652,0.5117382295575951,0.5234382936748521,7.930793492443551,57.69179262791064,0.8617973922197751,0.34633013185895933,0.5655227447906743,global_lstm_seed_ensemble_seed=2,20265610,2,20265610
54044,global_lstm,global LSTM,15.011635865845312,0.6066408462373345,0.2383593854443289,0.5543814086810326,20.825595280463705,46.728210510907516,0.3509817255715611,0.2781545729804672,0.9284371579257945,global_lstm_seed_ensemble_seed=2,20265610,2,20265610
54048,global_lstm,global LSTM,13.908281998631075,0.5170565231802435,0.36524227539863374,0.2565592717909416,10.909580761043399,48.656795482999094,0.6493354414583062,0.8163119519780171,1.8471825694239041,global_lstm_seed_ensemble_seed=2,20265610,2,20265610
54049,global_lstm,global LSTM,12.843258042436688,0.5789081240318383,0.45495592320499045,0.4021822577563373,16.96044696979476,59.11993596672503,0.5422966616800639,0.7001885931375507,0.4928304248290257,global_lstm_seed_ensemble_seed=2,20265610,2,20265610
54052,global_lstm,global LSTM,15.586584531143053,0.7717813599871926,0.4136452851482263,0.5181304447556737,25.51465893584253,47.87425555651326,0.27331226643335205,0.24388148608489857,0.9310928865719273,global_lstm_seed_ensemble_seed=2,20265610,2,20265610
54057,global_lstm,global LSTM,15.274469541409994,0.7286304751670009,0.3827371248989757,0.5052708187889645,23.32239981355167,41.64879800822321,0.2518292359617645,1.6525548862950479,1.071908122724708,global_lstm_seed_ensemble_seed=2,20265610,2,20265610
54060,global_lstm,global LSTM,10.976043805612594,0.5281901505602001,0.5257886107758237,0.4130324178978938,18.775672684780336,31.485353612351222,0.22451306960569595,0.47467296011243304,1.1572164950918855,global_lstm_seed_ensemble_seed=2,20265610,2,20265610
54063,global_lstm,global LSTM,11.668720054757015,0.4599239189935116,0.314705530177259,0.41867757682499174,12.504276059677213,77.03678834578672,0.7896396156778294,0.36189466758483757,1.7252670855365233,global_lstm_seed_ensemble_seed=2,20265610,2,20265610
54080,global_lstm,global LSTM,12.714579055441478,0.7630255715134431,0.3950126780393327,0.5206652934174167,6.6534437555279835,67.92873714934275,1.0090070508270421,0.4360371295457254,0.46625322437048045,global_lstm_seed_ensemble_seed=2,20265610,2,20265610
54095,global_lstm,global LSTM,11.572895277207392,0.7085010239390239,0.2837420992135299,0.39294268500069085,16.759601307295537,48.77050096303409,0.46389353359683516,1.631299568786321,0.5547679094891094,global_lstm_seed_ensemble_seed=2,20265610,2,20265610
54096,global_lstm,global LSTM,10.351813826146476,0.7374358156572705,0.5090845961928934,0.4932454503419731,17.679657435392233,91.33990744377114,0.7131867214123544,0.15854026172165941,1.5034938839844845,global_lstm_seed_ensemble_seed=2,20265610,2,20265610
55002,global_lstm,global LSTM,15.548254620123203,0.8254718367967913,0.5013736193350042,0.5410925404638744,8.768061036124468,44.68129826251728,0.7072222191572468,0.34522116514898804,0.4592511383880047,global_lstm_seed_ensemble_seed=2,20265610,2,20265610
55007,global_lstm,global LSTM,15.597535934291582,0.8819498171683053,0.5727408159331888,0.5699680034930531,5.972452979082226,46.91566546515568,0.8951651416122378,0.170136955668446,0.6885744281018991,global_lstm_seed_ensemble_seed=2,20265610,2,20265610
55008,global_lstm,global LSTM,15.416837782340862,0.792293794908081,0.5348478060480713,0.5149310722083509,2.774400566777389,56.308149614053235,1.3074020913690052,0.13478241331768492,0.7558076554954369,global_lstm_seed_ensemble_seed=2,20265610,2,20265610
55013,global_lstm,global LSTM,15.597535934291582,0.8159082347686356,0.6056613898351395,0.6016740722270635,15.625465502810437,42.80370581632589,0.4376484061504244,0.1812991598388456,0.63778826369236,global_lstm_seed_ensemble_seed=2,20265610,2,20265610
55014,global_lstm,global LSTM,15.597535934291582,0.8200055946339315,0.48497139423698377,0.5301486301945849,18.955975830934076,44.60714804008964,0.3716583111952617,0.5946312323849757,0.18510676574475515,global_lstm_seed_ensemble_seed=2,20265610,2,20265610
55016,global_lstm,global LSTM,15.457905544147843,0.7719058501056317,0.47128362409906965,0.39718297813624504,6.68197244826841,37.62890075176768,0.7506168509340769,0.16887422035348398,0.9007986152985534,global_lstm_seed_ensemble_seed=2,20265610,2,20265610
55018,global_lstm,global LSTM,15.589322381930184,0.7170610543585654,0.5628898643736805,0.5619772679909965,13.817239828469042,50.09556274151996,0.5593779637668282,0.08735937113762327,0.8833879433335539,global_lstm_seed_ensemble_seed=2,20265610,2,20265610
55021,global_lstm,global LSTM,14.85284052019165,0.8003059269923478,0.5254160477274564,0.5463341879593246,25.852497989537643,48.128555301189984,0.26990031241327683,0.4500167553751955,0.35252882765288496,global_lstm_seed_ensemble_seed=2,20265610,2,20265610
55023,global_lstm,global LSTM,15.597535934291582,0.7776316678203782,0.49020636048128796,0.5635219198343682,13.05862413447599,46.2034964182026,0.5487774199522809,0.9992201545894459,0.40284771471395264,global_lstm_seed_ensemble_seed=2,20265610,2,20265610
55025,global_lstm,global LSTM,15.455167693360712,0.8579876480334105,0.539248355899244,0.5112685826228793,16.032854668105152,44.63369717865601,0.44465200672386784,0.6880745667991282,1.5885309053081498,global_lstm_seed_ensemble_seed=2,20265610,2,20265610
55026,global_lstm,global LSTM,15.597535934291582,0.844648064424453,0.5554639257253002,0.5321921527895737,4.296172503803402,52.767630059843604,1.089285878022848,0.26064944042310756,0.7064282563714227,global_lstm_seed_ensemble_seed=2,20265610,2,20265610
55029,global_lstm,global LSTM,15.597535934291582,0.7778383002780118,0.5507661165898892,0.4928991972483686,10.649172872125565,31.992573715424612,0.4777333021353937,0.5055590234401406,1.4080199583641622,global_lstm_seed_ensemble_seed=2,20265610,2,20265610
55032,global_lstm,global LSTM,15.550992470910336,0.4302406947494828,0.446715699625985,0.6271987954784882,5.201516984966788,56.625113370991585,1.036879063571171,0.34684133556590746,0.6605927605592729,global_lstm_seed_ensemble_seed=2,20265610,2,20265610
56001,global_lstm,global LSTM,15.597535934291582,0.883507452126711,0.534185982570426,0.5284117006713801,9.812592417541156,41.90262627330274,0.6304574834268728,0.18414663661000352,0.8720156387324739,global_lstm_seed_ensemble_seed=2,20265610,2,20265610
56002,global_lstm,global LSTM,14.754277891854894,0.8897148851461628,0.5198548686172467,0.5936237711328373,11.118473582940092,37.957406096676905,0.533251357754805,0.1343019363772341,0.7383152852373929,global_lstm_seed_ensemble_seed=2,20265610,2,20265610
56007,global_lstm,global LSTM,15.449691991786448,0.8189979490304933,0.5293963324998083,0.5218565285284024,5.144939911281147,31.212784051093024,0.7829522007412121,0.48983143336816026,0.874971465693765,global_lstm_seed_ensemble_seed=2,20265610,2,20265610
56012,global_lstm,global LSTM,14.480492813141684,0.809322712202809,0.5655650814021831,0.6791997011789719,17.453106100503824,39.017723444064686,0.34938919729571993,0.2096048341726241,0.8867298381385079,global_lstm_seed_ensemble_seed=2,20265610,2,20265610
56013,global_lstm,global LSTM,15.07460643394935,0.8474459665929199,0.5350670507536865,0.5103384910580436,6.886860299353922,41.933466972789624,0.7845394970944692,0.3522267830386825,0.9681792023395249,global_lstm_seed_ensemble_seed=2,20265610,2,20265610
57004,global_lstm,global LSTM,15.597535934291582,0.8929802047952197,0.5369466393518896,0.5290698134903339,6.413994540861153,29.963594527295154,0.6694653255365456,0.15993280814909994,0.7007580675970385,global_lstm_seed_ensemble_seed=2,20265610,2,20265610
57005,global_lstm,global LSTM,15.597535934291582,0.9053492806050444,0.5389503329409471,0.520072524429499,6.914892311713428,31.300115863654845,0.6557605241151053,0.1325885131729061,0.6202307787222677,global_lstm_seed_ensemble_seed=2,20265610,2,20265610
57006,global_lstm,global LSTM,15.34839151266256,0.9044664247726033,0.5182153738681381,0.5311135471336668,5.53426967517434,30.6259050353261,0.7430286138063702,0.2178682204944118,0.5869513395012198,global_lstm_seed_ensemble_seed=2,20265610,2,20265610
57007,global_lstm,global LSTM,14.822724161533197,0.890627504512201,0.5067189841718381,0.5520902777305029,6.905865120664399,42.27640123431231,0.7868799191890791,0.2169047864829633,0.8583039303146571,global_lstm_seed_ensemble_seed=2,20265610,2,20265610
57008,global_lstm,global LSTM,14.921286789869953,0.9027034140622726,0.5678161216503452,0.5637933860628364,9.28654442226982,36.78977464470208,0.5978729870487702,0.16249899612220764,0.8119988601138649,global_lstm_seed_ensemble_seed=2,20265610,2,20265610
57009,global_lstm,global LSTM,14.321697467488022,0.833065640046996,0.5083617271241089,0.49027935994462324,7.36998142932687,40.44250232365656,0.7393716255808057,0.13822369293513614,0.9087898934399152,global_lstm_seed_ensemble_seed=2,20265610,2,20265610
58001,global_lstm,global LSTM,15.597535934291582,0.872781341622325,0.5351982668634044,0.5876638108771534,5.503612858501508,44.75600617386363,0.9102034484277491,0.16385558571163167,0.7170113939765109,global_lstm_seed_ensemble_seed=2,20265610,2,20265610
58002,global_lstm,global LSTM,14.042436687200547,0.8465156803343306,0.40018883344205736,0.351921484814935,4.0702171887003855,46.25984271633441,1.0555865678329772,0.26300443195743245,0.8657610959765365,global_lstm_seed_ensemble_seed=2,20265610,2,20265610
58006,global_lstm,global LSTM,15.290896646132786,0.8746359376024915,0.4983208599417829,0.4617347260027693,4.496601722645278,40.36409651661984,0.953110813445568,0.38304573123853647,0.8575878134053834,global_lstm_seed_ensemble_seed=2,20265610,2,20265610
58008,global_lstm,global LSTM,15.159479808350445,0.7889197080636177,0.4266937543042576,0.3600114298687338,3.324390832620588,45.59648637288686,1.137219301559799,0.1713980402198646,1.0419658156532767,global_lstm_seed_ensemble_seed=2,20265610,2,20265610
58009,global_lstm,global LSTM,15.268993839835728,0.7787599026232837,0.538007993383111,0.6197413118535997,7.3078222916506235,43.95379156707211,0.7792083665541566,0.33451730726634465,1.1939235789396991,global_lstm_seed_ensemble_seed=2,20265610,2,20265610
58010,global_lstm,global LSTM,11.16769336071184,0.6529872580037888,0.34006820401914817,0.2408629042929712,1.75873034202255,74.45203111476864,1.6266772939724774,,1.065180959586266,global_lstm_seed_ensemble_seed=2,20265610,2,20265610
58012,global_lstm,global LSTM,13.401779603011637,0.8715515398259672,0.42868642071257046,0.4716473993670304,4.829533205536343,51.07158170014707,1.0242741518640297,0.19066003183228375,0.7445433793152292,global_lstm_seed_ensemble_seed=2,20265610,2,20265610
59001,global_lstm,global LSTM,15.496235455167694,0.7761279562688665,0.42979493653111056,0.34773890670716456,3.211161507134671,46.09151960914655,1.1569588775876711,0.1623788514895026,1.0044448157900918,global_lstm_seed_ensemble_seed=2,20265610,2,20265610
60002,global_lstm,global LSTM,15.594798083504449,0.8235608398382708,0.38656558727935264,0.32542672417335117,6.1874103053441445,60.9918587481194,0.993762952517692,0.3739875339215355,0.605528460598276,global_lstm_seed_ensemble_seed=2,20265610,2,20265610
60003,global_lstm,global LSTM,15.597535934291582,0.7980306709242859,0.5059273458615872,0.4978119584403098,8.3742031171687,48.30102771139818,0.7610128808864566,0.1894037865606153,0.8097663547730558,global_lstm_seed_ensemble_seed=2,20265610,2,20265610
60005,global_lstm,global LSTM,15.545516769336071,0.7922832675845878,0.46795158404491033,0.42196968152694025,5.387984289607073,49.146216441566786,0.9600637682395655,0.1876397971582051,0.7801045725882068,global_lstm_seed_ensemble_seed=2,20265610,2,20265610
60006,global_lstm,global LSTM,15.597535934291582,0.8544730264940718,0.39023626959115953,0.43592558461567465,9.354861673503505,57.61048564513184,0.789464166110126,0.22622338206372605,0.5246300634942747,global_lstm_seed_ensemble_seed=2,20265610,2,20265610
60010,global_lstm,global LSTM,15.589322381930184,0.8438753684308649,0.42177116809515025,0.427534883697377,7.169819512457054,60.3756572584742,0.9253536483714019,0.6366942009108338,0.3130930345939664,global_lstm_seed_ensemble_seed=2,20265610,2,20265610
60012,global_lstm,global LSTM,12.958247775496236,0.7739002374526751,0.40469765905486677,0.3508948332672712,3.9890575789505602,70.880122301656,1.249654153183639,0.10067577616795437,1.1048541316587668,global_lstm_seed_ensemble_seed=2,20265610,2,20265610
6007,global_lstm,global LSTM,15.019849418206707,0.6030811490918236,0.17085892922968826,0.5643110862626357,12.663549555642428,65.61522311096977,0.7144491556863319,1.7142313516015162,0.7453202101107945,global_lstm_seed_ensemble_seed=2,20265610,2,20265610
6008,global_lstm,global LSTM,12.848733744010952,0.7648770289368976,0.4986813784511668,0.5160792760592174,4.380087201644058,76.19671600325955,1.2404534973074586,1.0871906825446775,0.2962907915796881,global_lstm_seed_ensemble_seed=2,20265610,2,20265610
61001,global_lstm,global LSTM,10.275154004106776,0.8116297651024909,0.8290420619157088,0.7541622085285563,12.324802398572965,10.408218637395768,0.07340355849920144,1.296236655053038,1.1713979551290548,global_lstm_seed_ensemble_seed=2,20265610,2,20265610
61002,global_lstm,global LSTM,15.572895277207392,0.84850878887708,0.5388047409175136,0.5377385537238697,7.87593407443847,59.768728933285715,0.8801719478280439,0.3446835386972553,0.9648875603817686,global_lstm_seed_ensemble_seed=2,20265610,2,20265610
62001,global_lstm,global LSTM,15.597535934291582,0.8137523648392423,0.44568580910375766,0.45481088831966754,8.867743770350062,64.13484846355041,0.8592809370630079,0.99680832570913,0.22428425735951518,global_lstm_seed_ensemble_seed=2,20265610,2,20265610
63001,global_lstm,global LSTM,15.572895277207392,0.8016752183503746,0.4915602117780107,0.40924597040357047,4.167606330099104,62.42897755347412,1.175499533220094,0.4165008040464334,0.7137468522858387,global_lstm_seed_ensemble_seed=2,20265610,2,20265610
63004,global_lstm,global LSTM,11.50444900752909,0.5973131907578187,0.3898230300397014,0.29724162861799375,2.4294362791431916,82.68291920763409,1.5319102888641465,0.18677035913309414,0.878526764861884,global_lstm_seed_ensemble_seed=2,20265610,2,20265610
64001,global_lstm,global LSTM,14.395619438740589,0.843616852732602,0.5205266079048155,0.47627299742489615,4.673914293734241,59.988070889690945,1.1083841516129236,0.4081079649753154,0.4101928404873807,global_lstm_seed_ensemble_seed=2,20265610,2,20265610
64002,global_lstm,global LSTM,15.523613963039015,0.7882391244728247,0.4966942363659327,0.5581697933529677,4.757370343549268,61.62769052033123,1.112408932034416,0.5866702224852125,0.3373805312833549,global_lstm_seed_ensemble_seed=2,20265610,2,20265610
64006,global_lstm,global LSTM,12.974674880219029,0.8193888471622283,0.8355142196655847,0.7534829574661209,4.572203021264263,4.926071691250067,0.032375221730411394,0.30853323931854837,0.4032169870894,global_lstm_seed_ensemble_seed=2,20265610,2,20265610
65001,global_lstm,global LSTM,15.597535934291582,0.7544239323718243,0.44921755857576995,0.4448888506166587,3.571088033111136,61.88762634702583,1.2388032695887414,0.24820482298955093,0.6419647111583113,global_lstm_seed_ensemble_seed=2,20265610,2,20265610
65004,global_lstm,global LSTM,14.124572210814511,0.8354079874470357,0.42947461989753544,0.552641743170007,6.028863691743858,70.9623642904268,1.0707926117908608,1.124729152342904,0.06824690706473091,global_lstm_seed_ensemble_seed=2,20265610,2,20265610
65005,global_lstm,global LSTM,14.921286789869953,0.7186762984974671,0.4610176496440913,0.4873797042677227,5.468226997118626,61.83366306988317,1.0533784404640523,0.34155622284755716,1.2378796477453395,global_lstm_seed_ensemble_seed=2,20265610,2,20265610
65006,global_lstm,global LSTM,13.560574948665298,0.7740177070365066,0.4301586742717548,0.4836320942149457,6.869620994451691,71.12136706726172,1.0150673187291497,0.8949057489347313,0.08495566476546113,global_lstm_seed_ensemble_seed=2,20265610,2,20265610
65007,global_lstm,global LSTM,14.223134839151266,0.8462979101126609,0.4482056536354885,0.4452339783162724,4.2081016719654665,70.31471156228379,1.2229599753208165,0.14165091867108243,0.7013214363474088,global_lstm_seed_ensemble_seed=2,20265610,2,20265610
65008,global_lstm,global LSTM,15.151266255989048,0.5994135489947827,0.3290685692232297,0.22649952033220888,2.978471209301849,61.66863650221608,1.31607093980296,0.20646464219359217,0.8774830314086874,global_lstm_seed_ensemble_seed=2,20265610,2,20265610
66001,global_lstm,global LSTM,15.597535934291582,0.8455608355631979,0.4885154968482399,0.4740534080165839,16.449964273291613,40.3059122032741,0.38920379548296485,0.8589430760400032,0.4393321742668558,global_lstm_seed_ensemble_seed=2,20265610,2,20265610
66004,global_lstm,global LSTM,15.189596167008897,0.3813950460169411,0.027343231312934924,0.5398234441603853,38.28067635415983,37.68249517520189,0.006839950200397349,0.6299901022708663,0.647972709440692,global_lstm_seed_ensemble_seed=2,20265610,2,20265610
66006,global_lstm,global LSTM,14.590006844626968,0.8755242900820523,0.4893251885730332,0.40971173689646945,7.8737818723586495,36.17547656626874,0.6622308817643334,0.08292468325208102,0.9980702178459739,global_lstm_seed_ensemble_seed=2,20265610,2,20265610
66011,global_lstm,global LSTM,15.597535934291582,0.7773662686650372,0.4931242762469664,0.4229206565841622,3.4630492638915906,54.71211599739411,1.1986248418062284,0.055321997390985866,0.8864355131834709,global_lstm_seed_ensemble_seed=2,20265610,2,20265610
67001,global_lstm,global LSTM,15.496235455167694,0.5804446262225611,0.3223488971542968,0.5924383471886312,7.19249908145706,41.06357182074003,0.7565769076890831,1.3904953812917396,0.5747732732230164,global_lstm_seed_ensemble_seed=2,20265610,2,20265610
67005,global_lstm,global LSTM,13.713894592744696,0.8221329855218131,0.450838443519218,0.46387968563231385,10.585934431331015,66.1155752953952,0.795574581572467,0.5798282022673245,0.4128662157579953,global_lstm_seed_ensemble_seed=2,20265610,2,20265610
67006,global_lstm,global LSTM,15.597535934291582,0.8985740955712193,0.5711402976636508,0.590186580294175,6.489633376671902,36.175165711975765,0.7461903666250295,0.07333898884043322,0.8318734884875567,global_lstm_seed_ensemble_seed=2,20265610,2,20265610
67008,global_lstm,global LSTM,15.597535934291582,0.7560157826014922,0.49606542316002056,0.734339652894402,15.974205905753458,36.36780794548336,0.35729784678355603,0.5228924271645621,0.5994364596188797,global_lstm_seed_ensemble_seed=2,20265610,2,20265610
67010,global_lstm,global LSTM,13.801505817932922,0.6932867516513903,0.43767242239591275,0.3887083644816878,2.759336201043765,46.08436433207995,1.2227489826988454,0.08306768476719739,0.8726982746953458,global_lstm_seed_ensemble_seed=2,20265610,2,20265610
67015,global_lstm,global LSTM,15.597535934291582,0.8125641996799666,0.46115661758443927,0.6057770213199225,8.36366044509171,59.331669372704575,0.8508901752907185,0.9716465363742361,0.31044621969141983,global_lstm_seed_ensemble_seed=2,20265610,2,20265610
67018,global_lstm,global LSTM,15.597535934291582,0.7286009289115911,0.49730824821354835,0.4178751532102831,3.072039321821883,42.15439886604012,1.1374161301917118,0.12014058924282955,0.9309443211228119,global_lstm_seed_ensemble_seed=2,20265610,2,20265610
67025,global_lstm,global LSTM,13.500342231348391,0.8146677776860345,0.6776855316549006,0.7086767068625499,15.527322703999094,25.326084302119657,0.2124714691316771,0.44264310623490377,1.2029127700956348,global_lstm_seed_ensemble_seed=2,20265610,2,20265610
68001,global_lstm,global LSTM,15.523613963039015,0.7323652392208528,0.34741611140262707,0.33637643737869416,21.36445302642881,45.62306328397723,0.3294926634223273,0.7438564500819437,0.25642085254898483,global_lstm_seed_ensemble_seed=2,20265610,2,20265610
68003,global_lstm,global LSTM,15.512662559890487,0.7332206220292221,0.26714252339924693,0.26663382558364923,14.198916979016431,44.23572991744068,0.49351797792162594,0.1708971585839495,0.9653371757270262,global_lstm_seed_ensemble_seed=2,20265610,2,20265610
68004,global_lstm,global LSTM,15.58384668035592,0.6534254254281527,0.28604355353397093,0.2457081617535657,18.49958259788992,45.291817137759054,0.38885781559490146,0.4442414430342114,0.7986369843539185,global_lstm_seed_ensemble_seed=2,20265610,2,20265610
68005,global_lstm,global LSTM,15.247091033538672,0.7837070716488566,0.3159285249810878,0.24261626495741095,26.61473248447287,48.14166186372664,0.25739897290580405,0.3891564248066781,0.8377588512064823,global_lstm_seed_ensemble_seed=2,20265610,2,20265610
68020,global_lstm,global LSTM,12.922655715263518,0.6022932523091218,0.2889621011978831,0.26672007673381537,15.105649744067998,52.68838181204451,0.5425754500847252,0.5629836730322286,0.8078089828235796,global_lstm_seed_ensemble_seed=2,20265610,2,20265610
69002,global_lstm,global LSTM,15.290896646132786,0.7379065279834343,0.4536849772855941,0.43396942039494313,3.994613507970682,46.6955176058746,1.06780042753017,0.09659189408712826,1.2332185638245141,global_lstm_seed_ensemble_seed=2,20265610,2,20265610
69007,global_lstm,global LSTM,13.900068446269678,0.8673292689662813,0.4303997445827479,0.5339074839239661,10.015913107521408,49.62337587630689,0.6949957577918359,0.1464647928899675,1.021593780430911,global_lstm_seed_ensemble_seed=2,20265610,2,20265610
69012,global_lstm,global LSTM,14.017796030116358,0.7264704499718662,0.2263825400880347,0.33787356332972107,11.128619082624885,53.209567077998884,0.6795484480837847,0.14658764093222332,1.243036204650482,global_lstm_seed_ensemble_seed=2,20265610,2,20265610
69015,global_lstm,global LSTM,15.107460643394935,0.8098956637153074,0.5580572792265278,0.6463115014619509,5.649655694786627,41.788685865870654,0.8690367324923647,0.12871638830065635,0.8674174147381261,global_lstm_seed_ensemble_seed=2,20265610,2,20265610
69017,global_lstm,global LSTM,14.072553045859001,0.8661745943884115,0.487811058118083,0.49677672639047077,6.933226590272976,45.589245452668635,0.8179270103031837,0.16470679192578763,0.8976347702430326,global_lstm_seed_ensemble_seed=2,20265610,2,20265610
69023,global_lstm,global LSTM,14.023271731690622,0.8536287331453121,0.4691546717867229,0.5150750606445456,4.442369430421134,60.81405442990378,1.136389286548529,0.06807871459727821,1.073492696310482,global_lstm_seed_ensemble_seed=2,20265610,2,20265610
69027,global_lstm,global LSTM,14.817248459958932,0.7727917435272016,0.4607120987028419,0.46833489368961934,4.296086696446323,41.67492307260602,0.9868017698544082,0.17546380928171856,1.0902578157282043,global_lstm_seed_ensemble_seed=2,20265610,2,20265610
69030,global_lstm,global LSTM,13.689253935660506,0.611254661330513,0.2346895574090232,0.2486270633758514,11.150519558299418,52.242541989676816,0.6707291966490303,0.16979024056443154,1.1780317679282963,global_lstm_seed_ensemble_seed=2,20265610,2,20265610
69032,global_lstm,global LSTM,13.322381930184806,0.6145039132956943,0.15800060666829452,0.3026996166893865,10.447928266333353,51.14223394362147,0.6897495123688627,0.13266596749748727,1.2780478204956949,global_lstm_seed_ensemble_seed=2,20265610,2,20265610
69043,global_lstm,global LSTM,8.219028062970569,0.32054234393533987,-0.1803553936704363,0.21328535678812544,2.928557381475471,55.59818929439622,1.2784069099235238,0.31274440354691546,1.2255783958370627,global_lstm_seed_ensemble_seed=2,20265610,2,20265610
70002,global_lstm,global LSTM,13.555099247091034,0.6087242388918916,0.5435158354580927,0.43581833529992,9.505311708336315,18.156536848547784,0.28106665210220194,0.206815565354856,0.9794387967235336,global_lstm_seed_ensemble_seed=2,20265610,2,20265610
7001,global_lstm,global LSTM,15.597535934291582,0.4972551598044973,0.33799979435335803,0.31415200865478077,2.4002247947226305,81.51589900083027,1.5309904047744647,0.5393995102064764,0.9776395452510063,global_lstm_seed_ensemble_seed=2,20265610,2,20265610
7002,global_lstm,global LSTM,15.597535934291582,0.5970310220338197,0.3934075579270222,0.38677588150882614,2.7933775334397506,86.52553972701028,1.4910146811233607,0.7726466164400345,0.9049679519728272,global_lstm_seed_ensemble_seed=2,20265610,2,20265610
7003,global_lstm,global LSTM,15.597535934291582,0.7740260856281267,0.5476401799297199,0.6700386135087022,7.9311421453442525,50.01539027732673,0.7997679284570512,0.6736469337344638,0.5863003206062022,global_lstm_seed_ensemble_seed=2,20265610,2,20265610
7005,global_lstm,global LSTM,12.761122518822724,0.6178278579406236,0.3823053217638279,0.35888514448092457,5.555951432673113,86.08849435375102,1.1901866715845135,1.0612134450774975,0.5700769422105102,global_lstm_seed_ensemble_seed=2,20265610,2,20265610
7006,global_lstm,global LSTM,8.542094455852157,0.7279114106127192,0.6243420527990311,0.6377630257613472,3.1172955215726095,5.979404622841847,0.28287996725212505,0.1811139589723596,0.44700168754104674,global_lstm_seed_ensemble_seed=2,20265610,2,20265610
71001,global_lstm,global LSTM,15.597535934291582,0.7603906033830805,0.4981053437326033,0.45862142524656646,4.291129867955264,38.60315589680545,0.9540511523548517,0.12229743029123674,1.0673847301563968,global_lstm_seed_ensemble_seed=2,20265610,2,20265610
71004,global_lstm,global LSTM,14.822724161533197,0.7216211504027661,0.4268736930612136,0.3664623581654416,7.009553194139876,39.68646488198201,0.7529520794748302,0.08862544323953181,1.2230914724144597,global_lstm_seed_ensemble_seed=2,20265610,2,20265610
71006,global_lstm,global LSTM,15.597535934291582,0.7419539310720538,0.5233820073311405,0.45692594476821,4.199661805250724,37.68465843924493,0.9529502648434817,0.1798360080552429,0.9475261976755415,global_lstm_seed_ensemble_seed=2,20265610,2,20265610
71008,global_lstm,global LSTM,14.012320328542094,0.783975700361287,0.48699502985756915,0.5137448464333837,3.8479787056112214,44.648695853448935,1.0645761180516415,0.08888674330051183,1.0607813761458884,global_lstm_seed_ensemble_seed=2,20265610,2,20265610
71014,global_lstm,global LSTM,13.245722108145106,0.6465260592990192,0.5561711113789519,0.45151148396514507,3.9435298527417983,13.273356256562707,0.5270956181955954,0.3537902532384712,1.3381203742216832,global_lstm_seed_ensemble_seed=2,20265610,2,20265610
72002,global_lstm,global LSTM,15.597535934291582,0.748748439707285,0.4912544360537735,0.3901726132805958,4.5452453313991406,39.45907650912991,0.9385895875044363,0.18375240013579597,0.9278029909039724,global_lstm_seed_ensemble_seed=2,20265610,2,20265610
72004,global_lstm,global LSTM,14.99794661190965,0.7806499051711404,0.5271173164963103,0.4543157330836781,3.8468986817473394,57.954375061547445,1.1779754789069397,0.07187807042776084,0.9581135189526278,global_lstm_seed_ensemble_seed=2,20265610,2,20265610
72005,global_lstm,global LSTM,15.449691991786448,0.7594841923427771,0.522424324669449,0.40198299540238325,3.420133059310707,50.84403661468139,1.1721970203113616,0.14802680038358534,0.8929946904382249,global_lstm_seed_ensemble_seed=2,20265610,2,20265610
72007,global_lstm,global LSTM,13.240246406570842,0.7336375200382586,0.4892029162736139,0.5424899613729559,4.302370205887406,64.45781617052167,1.1755678101572278,0.008060877646867082,1.1614007048509183,global_lstm_seed_ensemble_seed=2,20265610,2,20265610
72009,global_lstm,global LSTM,14.017796030116358,0.6791959465542636,0.4740433070899116,0.38397132729428984,4.114038893861416,57.76269110921171,1.147379025232111,0.09922457568915766,1.0350565274407875,global_lstm_seed_ensemble_seed=2,20265610,2,20265610
72014,global_lstm,global LSTM,13.514031485284052,0.7633040465508558,0.37950669868329,0.33726971714703213,4.453119190849535,67.10106300806554,1.1780650807891972,0.15045756305592056,0.9656963784198169,global_lstm_seed_ensemble_seed=2,20265610,2,20265610
72015,global_lstm,global LSTM,12.826830937713895,0.7493893673339009,0.4746673104108984,0.3592918034974707,3.660235404497401,60.61490492611616,1.219070410790332,0.26824234593417806,0.9318395358271705,global_lstm_seed_ensemble_seed=2,20265610,2,20265610
73005,global_lstm,global LSTM,15.496235455167694,0.8676326794168497,0.6196848635947363,0.553854660845433,3.991638512633244,30.685561420728593,0.8857828693226855,0.16643451352562566,0.8395670039383578,global_lstm_seed_ensemble_seed=2,20265610,2,20265610
73009,global_lstm,global LSTM,13.99315537303217,0.8201205064913785,0.530607950588256,0.4525706402604389,3.1773663704936452,58.40826982286579,1.2644070470817634,0.10499181921322376,0.8747622103206768,global_lstm_seed_ensemble_seed=2,20265610,2,20265610
73010,global_lstm,global LSTM,15.597535934291582,0.5354442878624881,0.22827200737692233,0.5596434042646123,7.6541166322029826,58.30652330232047,0.881822070460573,2.2496730377955303,1.2678475428210607,global_lstm_seed_ensemble_seed=2,20265610,2,20265610
73011,global_lstm,global LSTM,14.874743326488707,0.8352063746398504,0.5991422033786724,0.5250660062843985,3.6720209346782524,54.91931472765213,1.1748199610511798,0.12795577169748246,0.88282058737984,global_lstm_seed_ensemble_seed=2,20265610,2,20265610
73014,global_lstm,global LSTM,12.895277207392198,0.7304198961872688,0.4408592639906792,0.39517255267017626,2.8323508293563098,67.60177643715636,1.377811062197583,0.44896443416243115,0.6227042297680632,global_lstm_seed_ensemble_seed=2,20265610,2,20265610
73015,global_lstm,global LSTM,10.376454483230663,0.773556903130462,0.4158678502157317,0.3727423154839451,4.9671102026451806,43.8633813900662,0.9459983124534077,0.0867127669594332,0.8194556329559255,global_lstm_seed_ensemble_seed=2,20265610,2,20265610
74001,global_lstm,global LSTM,15.597535934291582,0.7860235381916012,0.48215943109438986,0.4548069813872564,2.5728787958584762,68.64316623687101,1.4261779797992566,0.12450146786295557,0.942652342047144,global_lstm_seed_ensemble_seed=2,20265610,2,20265610
74005,global_lstm,global LSTM,14.617385352498289,0.8520780755146404,0.5469517352914166,0.6053356073790779,4.093589756668021,68.43356765775825,1.2231648644913917,0.8775604904402508,0.24336373911763087,global_lstm_seed_ensemble_seed=2,20265610,2,20265610
74006,global_lstm,global LSTM,15.099247091033538,0.7604410031651971,0.47830202506100805,0.4772035730938893,2.73695609152362,69.54757949516211,1.4050141894271795,0.15587244959411684,0.9761623912780187,global_lstm_seed_ensemble_seed=2,20265610,2,20265610
74007,global_lstm,global LSTM,14.023271731690622,0.7272383796655972,0.4308754738283359,0.39822817353827955,2.7857500699089317,74.31690886433638,1.4261454872380999,0.3046990283901527,0.8787292087820446,global_lstm_seed_ensemble_seed=2,20265610,2,20265610
75003,global_lstm,global LSTM,15.592060232717317,0.48382613992212753,0.27551510983489635,0.6295282555893986,7.929178344520942,57.11247049920515,0.8575027605422855,2.259066267307774,1.2855169101189232,global_lstm_seed_ensemble_seed=2,20265610,2,20265610
75004,global_lstm,global LSTM,15.597535934291582,0.8295804858649354,0.5610368489614095,0.6604683794781249,4.557483260257819,37.42657790149617,0.914455037065095,0.7082426281963534,0.15758190736536648,global_lstm_seed_ensemble_seed=2,20265610,2,20265610
75017,global_lstm,global LSTM,13.908281998631075,0.8155145452377446,0.549045310155315,0.48679568392290895,5.1360584760921375,36.797276032588215,0.8551857109290831,0.05990753576605723,1.0142272545692677,global_lstm_seed_ensemble_seed=2,20265610,2,20265610
76003,global_lstm,global LSTM,13.538672142368242,0.7931939754893333,0.8490355808440021,0.9221652910907461,7.616197712118212,6.179174644254948,0.09080773954750676,0.3725311452597886,0.33382694683025993,global_lstm_seed_ensemble_seed=2,20265610,2,20265610
76005,global_lstm,global LSTM,15.553730321697467,0.7699308641105925,0.5189805004831942,0.41032330575654996,4.404584941886804,58.45075499425215,1.1228851354913303,0.13240124653100183,0.9526750742874295,global_lstm_seed_ensemble_seed=2,20265610,2,20265610
76007,global_lstm,global LSTM,15.592060232717317,0.8832832825541592,0.5884915084521967,0.6356840262150477,6.175257984020211,61.64407702250377,0.9992362485607001,0.4628262941831398,0.6013988429516444,global_lstm_seed_ensemble_seed=2,20265610,2,20265610
76008,global_lstm,global LSTM,15.564681724845997,0.5838073853235807,0.4036230186084423,0.28935284327757604,3.0661040898730363,69.99693518291318,1.358492130390109,0.3850920822551607,1.1064370961814773,global_lstm_seed_ensemble_seed=2,20265610,2,20265610
76011,global_lstm,global LSTM,15.197809719370294,0.455678718248137,0.529082851816733,0.5108311880580045,2.0431537631943386,62.62913531258851,1.486475363771783,0.31650266254924364,0.9537075295456121,global_lstm_seed_ensemble_seed=2,20265610,2,20265610
76014,global_lstm,global LSTM,14.562628336755647,0.6464852478497733,0.4450267774667803,0.31493485477792416,3.6049146463837114,64.56553419558786,1.2531057622170394,0.2604640711697415,0.9735742277372348,global_lstm_seed_ensemble_seed=2,20265610,2,20265610
77002,global_lstm,global LSTM,15.597535934291582,0.8061864582007784,0.5884726926060049,0.5650821084064679,4.98484304138297,72.4085983369861,1.1621386524677837,0.17823064909016567,0.7007778690258211,global_lstm_seed_ensemble_seed=2,20265610,2,20265610
77003,global_lstm,global LSTM,14.699520876112253,0.6389250285197552,0.46953574789302077,0.38737414567116946,3.53805911301979,72.46015744290756,1.3113341886239451,0.12120983158615706,0.979042801061726,global_lstm_seed_ensemble_seed=2,20265610,2,20265610
77004,global_lstm,global LSTM,12.974674880219029,0.6611268553363783,0.43238176134538,0.38906606337306493,3.7568487213609423,89.56311238236692,1.377305469720571,0.27073265907239696,1.1238226434422613,global_lstm_seed_ensemble_seed=2,20265610,2,20265610
78003,global_lstm,global LSTM,15.597535934291582,0.8242734276538947,0.5528579431021678,0.5239204550235755,6.2685010790913225,80.03798808133203,1.106132458259627,0.4271350367091777,0.45896034992814505,global_lstm_seed_ensemble_seed=2,20265610,2,20265610
78004,global_lstm,global LSTM,15.597535934291582,0.6969557328954015,0.4141267493370613,0.306748794901593,4.134028708530746,77.47478920004248,1.2727869150123405,0.05396618658762442,0.9544780015795657,global_lstm_seed_ensemble_seed=2,20265610,2,20265610
78006,global_lstm,global LSTM,11.649555099247092,0.8674416482186008,0.4845290870625224,0.4992044357615001,5.811641278277314,107.09269851044664,1.2654610622474434,0.4406901682193648,0.7981773011631157,global_lstm_seed_ensemble_seed=2,20265610,2,20265610
79002,global_lstm,global LSTM,15.597535934291582,0.8426824949114665,0.57158713131586,0.5642278260880151,5.333603224649692,74.30363193085348,1.1439893377261676,0.2452399782154816,0.632887347277566,global_lstm_seed_ensemble_seed=2,20265610,2,20265610
79003,global_lstm,global LSTM,15.597535934291582,0.742373199055203,0.5652229320007004,0.5224312285569306,4.827896624166142,78.94404816342774,1.2135614304414957,0.6392919338570735,0.504335845106471,global_lstm_seed_ensemble_seed=2,20265610,2,20265610
79004,global_lstm,global LSTM,15.597535934291582,0.7936863522084584,0.5820937836630813,0.5526605480164097,4.15784480939005,67.54367074581401,1.2107163838656978,0.07477075691520646,0.7891118236340439,global_lstm_seed_ensemble_seed=2,20265610,2,20265610
79005,global_lstm,global LSTM,15.597535934291582,0.8040176346793878,0.5622612640265044,0.5578569171171253,5.089061964294954,70.49615603000026,1.1415276978364424,0.10817883573414994,0.6815071016310092,global_lstm_seed_ensemble_seed=2,20265610,2,20265610
79006,global_lstm,global LSTM,15.597535934291582,0.7938160007772017,0.5795100098067644,0.5390974154695815,4.650066174624623,76.70455722090388,1.2173620339658748,0.3672569544180792,0.6835541714190028,global_lstm_seed_ensemble_seed=2,20265610,2,20265610
80001,global_lstm,global LSTM,15.597535934291582,0.8054169675233062,0.5828584730378641,0.576761534865972,4.6871221351110695,70.03044164745054,1.1743805949021022,0.09765488809697742,0.7862124651360309,global_lstm_seed_ensemble_seed=2,20265610,2,20265610
80002,global_lstm,global LSTM,13.47296372347707,0.7396897744529924,0.43592630114595887,0.565187046754229,7.783636852345459,81.40768882128128,1.019482859612388,0.9250232634364433,0.23403364106417857,global_lstm_seed_ensemble_seed=2,20265610,2,20265610
80003,global_lstm,global LSTM,12.774811772758385,0.6832830294635516,0.4076103174362703,0.4112065172044088,2.646656573959259,94.09340616232696,1.5508615986090375,0.2746476320830177,0.9621180399493402,global_lstm_seed_ensemble_seed=2,20265610,2,20265610
80004,global_lstm,global LSTM,11.698836413415469,0.6057767388490204,0.41904986145754886,0.5005727013305232,1.584870609709879,103.25941214346254,1.813935836475575,,1.0407233826891917,global_lstm_seed_ensemble_seed=2,20265610,2,20265610
80005,global_lstm,global LSTM,11.175906913073238,0.5866627928082571,0.2955114732990728,0.26215336337640893,2.2977408078200745,105.45713317735839,1.661774923610656,,0.9660291577230904,global_lstm_seed_ensemble_seed=2,20265610,2,20265610
80006,global_lstm,global LSTM,11.819301848049282,0.6655939275374743,0.21134129034620153,0.5091181270378248,7.325073490357084,100.75527865525602,1.138455822268964,1.8615699527641418,0.5883024928128717,global_lstm_seed_ensemble_seed=2,20265610,2,20265610
8004,global_lstm,global LSTM,15.597535934291582,0.6075924511629132,0.33681421779452536,0.4297037562496486,3.2979479410411576,91.87916747944897,1.4449732554701777,0.6638751520133294,0.9504100482513806,global_lstm_seed_ensemble_seed=2,20265610,2,20265610
8005,global_lstm,global LSTM,15.597535934291582,0.41924438195762226,0.17518070958238396,0.6032407957663464,6.56821982321497,79.94564194857259,1.085347114977806,1.7258795707465666,0.27003244913389723,global_lstm_seed_ensemble_seed=2,20265610,2,20265610
8006,global_lstm,global LSTM,15.597535934291582,0.6602519473418351,0.36134429720566785,0.6687823392470704,5.6912818664198275,98.52324662150698,1.2383286196336107,1.2738418612172846,0.24663318366475706,global_lstm_seed_ensemble_seed=2,20265610,2,20265610
8009,global_lstm,global LSTM,15.597535934291582,0.6139506232580876,0.39016820243594297,0.4158993084618292,3.1875649793091245,80.41591485670651,1.4018829603536902,0.5496190672322891,1.0669211777150673,global_lstm_seed_ensemble_seed=2,20265610,2,20265610
8011,global_lstm,global LSTM,13.075975359342916,0.6845868256267423,0.3450103028562318,0.4404463810529813,6.99675911922662,91.08542772438882,1.1145519795485654,0.1032804016626454,1.1850385535461478,global_lstm_seed_ensemble_seed=2,20265610,2,20265610
8013,global_lstm,global LSTM,8.6652977412731,0.5810366378720033,0.16694646367728638,0.3227022323708384,3.6807434512940334,108.95587990815204,1.471315124259876,0.3667335458027521,0.9735421161395396,global_lstm_seed_ensemble_seed=2,20265610,2,20265610
81002,global_lstm,global LSTM,14.099931553730322,0.7714288843514739,0.5175321112649041,0.5825945669786811,3.906010629021637,88.1917774935986,1.3536946750850778,0.5637982779217802,0.5992132283966477,global_lstm_seed_ensemble_seed=2,20265610,2,20265610
81003,global_lstm,global LSTM,15.597535934291582,0.6296991423288,0.485164014000233,0.40814837610500454,2.229596213087028,86.80882895776242,1.5903376796047237,,1.0317708603291793,global_lstm_seed_ensemble_seed=2,20265610,2,20265610
81004,global_lstm,global LSTM,13.44832306639288,0.7528597436412583,0.511392161235541,0.5033521009190374,4.094474279519477,93.25403913356233,1.3574695042574954,1.1612450707416198,0.39918792570828476,global_lstm_seed_ensemble_seed=2,20265610,2,20265610
81006,global_lstm,global LSTM,10.847364818617386,0.7542051181204529,0.4262734140349669,0.4480886781542074,3.161911467991627,110.78869388987681,1.544545736687399,0.7489347675720858,0.8315090348371146,global_lstm_seed_ensemble_seed=2,20265610,2,20265610
81007,global_lstm,global LSTM,10.324435318275153,0.7143846617788046,0.42539929992688863,0.44301176298266487,3.002346563230458,106.20105579493375,1.5486680125386079,0.5178231361865424,0.973655096242162,global_lstm_seed_ensemble_seed=2,20265610,2,20265610
82001,global_lstm,global LSTM,15.597535934291582,0.8042662772935916,0.6081677637518849,0.6256139402737824,4.768529055897828,78.75343657152587,1.2178850809778752,0.5693733552034019,0.6752262582501793,global_lstm_seed_ensemble_seed=2,20265610,2,20265610
82003,global_lstm,global LSTM,14.921286789869953,0.7672636578037462,0.51384601227296,0.5171159211699683,3.6285298999905184,92.8666140958992,1.4081289053919763,0.4557784161496039,0.8626578487696497,global_lstm_seed_ensemble_seed=2,20265610,2,20265610
83003,global_lstm,global LSTM,15.512662559890487,0.6544876967204724,0.45389787483699995,0.4351529361650519,3.230202649110713,81.23176731158645,1.40049613305996,0.27691295757686624,1.1198773785887672,global_lstm_seed_ensemble_seed=2,20265610,2,20265610
83004,global_lstm,global LSTM,15.186858316221766,0.6614000446193341,0.5274617202058509,0.5256923158307047,3.4728412611293358,82.17096352808758,1.3740334467431188,0.41198665538890056,1.018616303574043,global_lstm_seed_ensemble_seed=2,20265610,2,20265610
83006,global_lstm,global LSTM,13.848049281314168,0.7089413485952785,0.4583347051211192,0.4110661063110055,3.3268366289050553,88.27096434406762,1.423786396724134,0.44606312670864157,0.9889961965419679,global_lstm_seed_ensemble_seed=2,20265610,2,20265610
83007,global_lstm,global LSTM,12.16974674880219,0.7163774452823806,0.7101608473315608,0.5954786183242615,3.3099118714271105,7.78514164936428,0.371450088337832,0.4024557838329175,1.0370465797310202,global_lstm_seed_ensemble_seed=2,20265610,2,20265610
83009,global_lstm,global LSTM,13.42094455852156,0.6033037754895135,0.48208678208943534,0.5067263448196773,3.6872630626651524,92.78978584850438,1.4007960495582175,0.1395754805049832,1.080176443683124,global_lstm_seed_ensemble_seed=2,20265610,2,20265610
83010,global_lstm,global LSTM,13.724845995893224,0.7000262242817428,0.47251418803744816,0.46500505888086385,3.046844707913755,82.89199394435782,1.434662267003817,0.34529275148596816,1.0779233489102764,global_lstm_seed_ensemble_seed=2,20265610,2,20265610
83013,global_lstm,global LSTM,12.084873374401095,0.6121917410565018,0.4553161782853652,0.41569057909998686,3.668280435124615,98.27686167026742,1.4279887499635908,0.46835993299852996,1.0894545187752604,global_lstm_seed_ensemble_seed=2,20265610,2,20265610
84001,global_lstm,global LSTM,15.586584531143053,0.8437077298086813,0.5824193606437433,0.6284779260087232,4.972622322891485,86.14269169953755,1.2386329627763055,0.7764108817552762,0.4887196458270088,global_lstm_seed_ensemble_seed=2,20265610,2,20265610
84004,global_lstm,global LSTM,15.597535934291582,0.8640811329982265,0.5744743515312293,0.6100857294567719,5.989714551496332,86.13778572716915,1.1577875775696789,0.45095158121145945,0.6434648415251492,global_lstm_seed_ensemble_seed=2,20265610,2,20265610
84005,global_lstm,global LSTM,15.455167693360712,0.8400673663144647,0.5421306189686157,0.5089012862189025,5.710310171997755,86.60057876764728,1.1808610956509127,0.8364039943261607,0.44722456363951824,global_lstm_seed_ensemble_seed=2,20265610,2,20265610
84008,global_lstm,global LSTM,15.520876112251882,0.6758993035949632,0.4933193936468404,0.38854880021162974,4.550581179691215,72.96967011886079,1.2050755165688907,0.19989118029868275,1.03181438700245,global_lstm_seed_ensemble_seed=2,20265610,2,20265610
84009,global_lstm,global LSTM,14.349075975359343,0.7690678524757351,0.46210379885354436,0.4285398271107369,4.611333641372801,82.56757897481596,1.252983004878095,0.19726284372779213,1.0210775423460525,global_lstm_seed_ensemble_seed=2,20265610,2,20265610
84012,global_lstm,global LSTM,15.597535934291582,0.8010482485553893,0.6185563811502122,0.6854095932748296,3.9923112998807673,73.0162779286041,1.2621952926370308,0.4363637067258681,0.8335231592549343,global_lstm_seed_ensemble_seed=2,20265610,2,20265610
84013,global_lstm,global LSTM,15.594798083504449,0.8305431411024392,0.5651675788827872,0.5726069981932123,5.665602224291429,86.48603611330282,1.1836999127683505,1.0440457182708627,0.38844579439941584,global_lstm_seed_ensemble_seed=2,20265610,2,20265610
84014,global_lstm,global LSTM,15.572895277207392,0.7000149599552299,0.4966142580465558,0.4405667511157,3.4684196584095037,75.02092670528819,1.3350507854590312,0.3407167484316428,0.9364601510122562,global_lstm_seed_ensemble_seed=2,20265610,2,20265610
84016,global_lstm,global LSTM,15.597535934291582,0.6139549771535733,0.5536650724486882,0.5809340534630352,3.6891914490465814,86.59415934502736,1.3705574071075672,0.3726071483827932,1.0228795095687642,global_lstm_seed_ensemble_seed=2,20265610,2,20265610
84017,global_lstm,global LSTM,15.597535934291582,0.8374528430901139,0.5274871905593209,0.6042013754606055,5.823148564431272,78.23284656384628,1.128231262392607,1.4268660371470583,0.3349958961863492,global_lstm_seed_ensemble_seed=2,20265610,2,20265610
84018,global_lstm,global LSTM,15.597535934291582,0.8309745597559889,0.5627675330352965,0.5969790807442925,5.920884925435825,86.33623820268504,1.163806501389052,0.5026686152707824,0.6302233565400088,global_lstm_seed_ensemble_seed=2,20265610,2,20265610
84019,global_lstm,global LSTM,15.550992470910336,0.7124605261581487,0.5396414588135664,0.546697409242831,4.240891365602789,86.66665659699434,1.3103948950481057,0.2828401116038739,1.0895380894317834,global_lstm_seed_ensemble_seed=2,20265610,2,20265610
84020,global_lstm,global LSTM,15.41409993155373,0.6983494205227243,0.44659406903083787,0.43006708327260423,2.899066529333563,82.08375116230368,1.4519990132424558,0.01903079122089113,1.0401852502332842,global_lstm_seed_ensemble_seed=2,20265610,2,20265610
84022,global_lstm,global LSTM,15.293634496919918,0.7258986230309703,0.5134143588788348,0.5322014238227077,4.187767075798831,87.08915657699796,1.3179815664489616,0.3240063751821012,0.8762636613897523,global_lstm_seed_ensemble_seed=2,20265610,2,20265610
84026,global_lstm,global LSTM,14.318959616700889,0.6771256126624255,0.5254104576755767,0.5052685200219494,4.312930066722387,75.85011959220802,1.2451838536645548,0.4994449069191178,0.6097827730231894,global_lstm_seed_ensemble_seed=2,20265610,2,20265610
84030,global_lstm,global LSTM,12.41889117043121,0.7614782175461464,0.48896841008914993,0.4527379076125143,3.4306807307186102,91.38286712886526,1.425484476672466,0.47015676012699914,0.9186943017897578,global_lstm_seed_ensemble_seed=2,20265610,2,20265610
85001,global_lstm,global LSTM,15.564681724845997,0.12355316829468643,-0.46061361942372625,0.3899896499770249,19.694671681354887,75.37025478837714,0.5828512380725779,0.900089781060831,0.6557821293610318,global_lstm_seed_ensemble_seed=2,20265610,2,20265610
85002,global_lstm,global LSTM,15.545516769336071,0.7608572077499762,0.5308743314705126,0.43843126309753555,4.106777745927661,77.09606987845291,1.2735310396390607,0.21404639243425239,0.998282658036727,global_lstm_seed_ensemble_seed=2,20265610,2,20265610
85003,global_lstm,global LSTM,15.51813826146475,0.6716842655617246,0.4950273168261773,0.5333869410265413,2.489272004415013,67.89436689215475,1.4357613880737952,0.4947732708354328,1.0430589802872863,global_lstm_seed_ensemble_seed=2,20265610,2,20265610
85004,global_lstm,global LSTM,13.388090349075975,0.6506314856053186,0.4904298324754708,0.6036647546206636,3.5518137142039192,71.88467838120054,1.3061861542110305,0.16771472047226788,0.8670294327164116,global_lstm_seed_ensemble_seed=2,20265610,2,20265610
88001,global_lstm,global LSTM,8.035592060232718,0.6065968174492846,0.28092779787416555,0.33050717806273255,1.712309266641499,130.75210784803684,1.8828664918431721,,1.107539436094563,global_lstm_seed_ensemble_seed=2,20265610,2,20265610
89002,global_lstm,global LSTM,12.153319644079398,0.6395540969895007,0.47588907905943445,0.47986946972736166,2.129947968373767,85.55462386487316,1.603874491921434,,0.8813342194635643,global_lstm_seed_ensemble_seed=2,20265610,2,20265610
89003,global_lstm,global LSTM,13.555099247091034,0.6493596105611066,0.4981345862776678,0.4180365833298686,2.8904977973387322,64.94081179495336,1.3515450704741572,0.8724886355019129,0.5697431113522268,global_lstm_seed_ensemble_seed=2,20265610,2,20265610
89005,global_lstm,global LSTM,13.114305270362765,0.4764831419035642,0.3677370868210974,0.25832964990375007,2.584756618758217,78.97123417288043,1.485049269184803,0.3699005711518034,1.1706291811866865,global_lstm_seed_ensemble_seed=2,20265610,2,20265610
89007,global_lstm,global LSTM,12.177960301163587,0.6308428251028966,0.5636199656325396,0.6896758119801709,14.868536794413597,98.60399797938467,0.821626292208834,0.2949279533108783,1.1130623393409467,global_lstm_seed_ensemble_seed=2,20265610,2,20265610
90003,global_lstm,global LSTM,11.997262149212867,0.708563046630424,0.4376656361435357,0.41377443849251705,2.75311134276741,85.72253502031425,1.4932712299730198,0.7259087666382109,0.924157531421654,global_lstm_seed_ensemble_seed=2,20265610,2,20265610
9002,global_lstm,global LSTM,15.597535934291582,0.8139787257707896,0.5465112282333262,0.5360174190591562,7.638738020358284,43.34379241405282,0.7539052920970523,0.20110896476702678,0.8242480507840042,global_lstm_seed_ensemble_seed=2,20265610,2,20265610
9003,global_lstm,global LSTM,15.299110198494182,0.7435199011486096,0.5109133294941293,0.47298312675385557,6.413112815891082,41.19871268086846,0.8078147661752516,0.20422664240200183,0.8142304621671598,global_lstm_seed_ensemble_seed=2,20265610,2,20265610
9004,global_lstm,global LSTM,12.54757015742642,0.7355605788568917,0.3798591161885464,0.6699880425792162,12.860282086794061,39.83378518515277,0.49100108215803967,0.1527536287768796,0.8841930477024901,global_lstm_seed_ensemble_seed=2,20265610,2,20265610
9005,global_lstm,global LSTM,15.597535934291582,0.6093099139309801,0.4024385571861533,0.38415921868430614,2.9263477678890917,66.81504935749105,1.3585483570458436,0.3537197420341712,0.9465447838897939,global_lstm_seed_ensemble_seed=2,20265610,2,20265610
92001,global_lstm,global LSTM,8.147843942505133,0.36575300799559496,-0.5228298932491531,0.3495330804193931,9.576661411266569,109.6196084163854,1.0586741134065643,2.171872208004052,0.9340997844971088,global_lstm_seed_ensemble_seed=2,20265610,2,20265610
93001,global_lstm,global LSTM,13.122518822724162,0.7514411619843687,0.4547522458931683,0.40426233586764493,2.79413052883643,84.97173975073756,1.4830278198116864,0.9013052683021163,0.6099789772859447,global_lstm_seed_ensemble_seed=2,20265610,2,20265610
94001,global_lstm,global LSTM,15.58384668035592,0.48487793649043565,0.051276422133229915,0.5214808709426604,9.880838808382485,74.98862958662808,0.8802016024980786,2.069148628021623,1.1080440310430872,global_lstm_seed_ensemble_seed=2,20265610,2,20265610
95001,global_lstm,global LSTM,13.54962354551677,0.5622409272855036,0.03219128811287131,0.5350974078532826,10.437046456854429,92.04426994910925,0.9454191408765007,1.06554937424905,0.41708123929421514,global_lstm_seed_ensemble_seed=2,20265610,2,20265610
96001,global_lstm,global LSTM,14.023271731690622,0.5068090119684513,0.44118308998283073,0.39450875263196483,2.494163601888898,92.97308835535488,1.5714323203366816,,1.1132836610680799,global_lstm_seed_ensemble_seed=2,20265610,2,20265610
96002,global_lstm,global LSTM,13.59069130732375,0.8098687193347408,0.4895634766135044,0.47956370548735594,4.547529043647091,111.3708832084428,1.388996182327805,1.3455279485893934,0.28216258112747106,global_lstm_seed_ensemble_seed=2,20265610,2,20265610
96004,global_lstm,global LSTM,10.447638603696099,0.6174247459075816,0.3170560007954686,0.3103508587822541,2.138835714380336,112.2610475673134,1.7200516631757383,,0.9182915123940254,global_lstm_seed_ensemble_seed=2,20265610,2,20265610
97002,global_lstm,global LSTM,15.222450376454484,0.7059176051031568,0.5129845086208271,0.47976513428425405,3.2390374705136487,100.53051514382916,1.4918819358597006,0.8811504142544077,0.8515040168168361,global_lstm_seed_ensemble_seed=2,20265610,2,20265610
10002,global_lstm,global LSTM,15.496235455167694,0.7192647503546536,0.4629271699350358,0.43717359222838525,9.369621400960744,86.55963891945684,0.9655933934513032,0.49472641123810646,0.6937770589791392,global_lstm_seed_ensemble_seed=3,20265611,3,20265611
10003,global_lstm,global LSTM,11.811088295687885,0.7650083025574153,0.5033199100742984,0.5780548571123686,13.222616882562223,39.632988728364076,0.4767394090725082,0.16838440034630553,0.47171395031623686,global_lstm_seed_ensemble_seed=3,20265611,3,20265611
1001,global_lstm,global LSTM,8.06570841889117,0.6787170978539251,0.3559647934958279,0.3100098648738565,4.422390586852748,127.17758586749375,1.4587534798309978,0.5504252018690209,1.027112286996008,global_lstm_seed_ensemble_seed=3,20265611,3,20265611
101002,global_lstm,global LSTM,15.173169062286105,0.659367389211919,0.5292163017079712,0.6799170941309993,17.994716206414683,48.386844417043,0.4295822983934384,0.834542975904493,1.3166547873118584,global_lstm_seed_ensemble_seed=3,20265611,3,20265611
101005,global_lstm,global LSTM,12.11772758384668,0.6959336658762685,0.5324561013033516,0.7428747881904547,12.739093304268954,73.87809151710266,0.7633771493372298,0.8182195870942071,1.3763200225126506,global_lstm_seed_ensemble_seed=3,20265611,3,20265611
102001,global_lstm,global LSTM,10.182067077344286,0.6535124550771738,0.3232273651899257,0.20742304260247157,3.9271899054016717,71.8526838855891,1.2623610920413135,0.22737954257248993,1.2452859802849536,global_lstm_seed_ensemble_seed=3,20265611,3,20265611
106001,global_lstm,global LSTM,7.72621492128679,0.7467602082352056,0.13897907222679928,0.41671155270348537,6.85031159820377,143.12207493643908,1.3199962972894068,1.29807005726402,0.23952136016135872,global_lstm_seed_ensemble_seed=3,20265611,3,20265611
107001,global_lstm,global LSTM,6.940451745379876,0.5904242233414944,0.10247585765774092,0.13049004936866193,2.6793960512889297,156.34805228980917,1.76605556237491,,0.6569225939083853,global_lstm_seed_ensemble_seed=3,20265611,3,20265611
11001,global_lstm,global LSTM,15.597535934291582,0.7884945168124615,0.5284107960745315,0.6044293939429302,11.4423369840309,42.72569355202777,0.5721743873444128,0.4013455226243938,0.4391193328002536,global_lstm_seed_ensemble_seed=3,20265611,3,20265611
11003,global_lstm,global LSTM,14.822724161533197,0.7386097363203202,0.44729200579821626,0.5728668026549243,6.642162233296286,76.72226927758916,1.0626119609017726,0.2396895471521951,0.9552255802165259,global_lstm_seed_ensemble_seed=3,20265611,3,20265611
11004,global_lstm,global LSTM,11.227926078028748,0.700470438569276,0.5127420833627183,0.6367249685768095,13.127964898529983,35.857963631369955,0.4363882155721619,0.3781292810753898,0.818917676772382,global_lstm_seed_ensemble_seed=3,20265611,3,20265611
12001,global_lstm,global LSTM,15.597535934291582,0.6690693232127776,0.42581335567155343,0.4785067785203939,5.6064840879852085,74.16468008669045,1.1215065338131724,0.08473152549468765,1.042562018207723,global_lstm_seed_ensemble_seed=3,20265611,3,20265611
12002,global_lstm,global LSTM,14.973305954825461,0.7340458489902748,0.47828768709669267,0.5201696188358553,5.930257265412479,72.99391938658601,1.0902131493260587,0.3036645946862312,0.9013989943620652,global_lstm_seed_ensemble_seed=3,20265611,3,20265611
12005,global_lstm,global LSTM,13.79876796714579,0.6024892213069304,0.4580161123439088,0.4744287848474821,5.968278540908192,54.36341910408907,0.9594576796473626,0.3562358576074658,0.7443549440472553,global_lstm_seed_ensemble_seed=3,20265611,3,20265611
12006,global_lstm,global LSTM,13.17180013689254,0.5949864585780739,0.3125044769949966,0.3552786875790096,4.127178854444125,78.41821054012193,1.2787636379512195,0.41239952774570754,0.9737491039030439,global_lstm_seed_ensemble_seed=3,20265611,3,20265611
12007,global_lstm,global LSTM,12.016427104722792,0.4985342254109675,0.25342446410524466,0.24471082406358668,3.817852400739543,104.38140022856933,1.4368039839857243,0.5076391094469948,0.9373755022757039,global_lstm_seed_ensemble_seed=3,20265611,3,20265611
12008,global_lstm,global LSTM,11.312799452429843,0.7463761858475623,0.5532070558077791,0.4563636530144647,5.396233609219593,34.27633578988081,0.8029036462484417,0.38831680829157833,1.2050533832538792,global_lstm_seed_ensemble_seed=3,20265611,3,20265611
12009,global_lstm,global LSTM,11.40041067761807,0.5576253632710682,0.5336151004359446,0.5068623163310543,3.1898214678530974,10.495931625247193,0.5172546163011127,0.4860545968832607,1.13396587363989,global_lstm_seed_ensemble_seed=3,20265611,3,20265611
13001,global_lstm,global LSTM,12.922655715263518,0.7651365550887947,0.4622102593466385,0.38566347536655954,5.787194426965098,36.97146363791132,0.8053985707050908,0.05067261200597395,1.080315509769318,global_lstm_seed_ensemble_seed=3,20265611,3,20265611
13004,global_lstm,global LSTM,11.323750855578371,0.7813220885795549,0.5233002148144759,0.4663304283948978,7.476978062031977,69.61317216951218,0.968965317971601,0.19103027878788792,1.210933816759957,global_lstm_seed_ensemble_seed=3,20265611,3,20265611
13005,global_lstm,global LSTM,12.498288843258042,0.7500066866591765,0.1903435973707408,0.48949402445800216,9.947715428814352,20.62863364850145,0.3167471100879854,0.18331751527684037,0.3284406236074676,global_lstm_seed_ensemble_seed=3,20265611,3,20265611
13007,global_lstm,global LSTM,14.023271731690622,0.7319655034189093,0.5477973321873422,0.48736068173360236,5.985865232992156,32.759736037288576,0.7382134589411457,0.29711070580272947,1.0813365145826777,global_lstm_seed_ensemble_seed=3,20265611,3,20265611
13008,global_lstm,global LSTM,11.9233401779603,0.8023936825005749,0.5104723209660673,0.5215407340259137,7.592111426602678,69.33135797791422,0.9605671332666695,0.19978171512546194,0.9447009616861259,global_lstm_seed_ensemble_seed=3,20265611,3,20265611
14001,global_lstm,global LSTM,15.597535934291582,0.8584993033523853,0.5341956186045889,0.58439574742182,14.768188088235641,36.86640209132224,0.39730354059433204,0.37957302923315983,0.1744325200266975,global_lstm_seed_ensemble_seed=3,20265611,3,20265611
14002,global_lstm,global LSTM,15.299110198494182,0.8217318626360162,0.21553157884348362,0.561477245302326,13.578408853621704,21.6311008743466,0.2022297412160447,0.3262219226499826,0.2731234949082556,global_lstm_seed_ensemble_seed=3,20265611,3,20265611
14005,global_lstm,global LSTM,11.62217659137577,0.7484443210702904,0.5334760795949426,0.5851856226502216,12.93424013092396,39.08897649138439,0.48031337939283975,0.7499306768150408,0.2759524869617449,global_lstm_seed_ensemble_seed=3,20265611,3,20265611
15006,global_lstm,global LSTM,15.597535934291582,0.7604267608926099,0.4571781320416014,0.6247855703127447,12.75089601312989,83.37845345762913,0.8155131313920834,0.427962666463394,0.5193261913581737,global_lstm_seed_ensemble_seed=3,20265611,3,20265611
15007,global_lstm,global LSTM,15.597535934291582,0.6902728992429574,0.3988632274021522,0.6340228958635483,13.197210717246277,72.31646828507185,0.7387550573264595,0.3915786207342167,0.6353377803725927,global_lstm_seed_ensemble_seed=3,20265611,3,20265611
15010,global_lstm,global LSTM,14.924024640657084,0.8134809094837407,0.6099361683117297,0.6841473794289104,7.264966910427983,70.1179443703014,0.984595534941225,0.2254735917322528,0.961364699682861,global_lstm_seed_ensemble_seed=3,20265611,3,20265611
15011,global_lstm,global LSTM,15.597535934291582,0.43906904769466293,0.41875260470857933,0.6990312112708986,5.30285145219421,68.69219834712024,1.1123979537890845,0.19101000873748764,1.0801485248791083,global_lstm_seed_ensemble_seed=3,20265611,3,20265611
15012,global_lstm,global LSTM,14.921286789869953,0.6827152975231529,0.41641389069215795,0.57351331287791,12.951216513352971,78.47005082676225,0.7823933701100614,0.31506329929284793,0.6152029347386845,global_lstm_seed_ensemble_seed=3,20265611,3,20265611
15013,global_lstm,global LSTM,15.58110882956879,0.7754993308106692,0.5711382275643926,0.5591271685069246,7.007287160222032,76.8536337250893,1.0401144909013351,0.13274369656972657,0.9767876000403439,global_lstm_seed_ensemble_seed=3,20265611,3,20265611
15014,global_lstm,global LSTM,11.323750855578371,0.63638200672232,0.35498828845409125,0.3362483474473178,4.930722193943647,104.58946084043727,1.326577389949711,0.218525165955746,1.1843424054458858,global_lstm_seed_ensemble_seed=3,20265611,3,20265611
15016,global_lstm,global LSTM,14.622861054072553,0.44943189365992475,0.0622811225467349,0.4310200574321498,14.072080101173524,74.73189527507309,0.7251476979852183,2.020790557312431,1.0617551837129842,global_lstm_seed_ensemble_seed=3,20265611,3,20265611
15021,global_lstm,global LSTM,11.143052703627653,0.5756447272839804,0.4881192464763575,0.5719827847535696,14.31833566112229,37.73015354604229,0.4207960333457433,0.8312196700207233,0.16380715578781113,global_lstm_seed_ensemble_seed=3,20265611,3,20265611
15023,global_lstm,global LSTM,11.9233401779603,0.8255149224131126,0.5139652933299639,0.4942053767246144,7.088442465992603,83.39328570714373,1.070580266718863,0.39147536395425386,0.6549386902936917,global_lstm_seed_ensemble_seed=3,20265611,3,20265611
15024,global_lstm,global LSTM,12.2217659137577,0.8346745989164823,0.5319566855165805,0.5774059962654717,3.715251216632258,83.53832155035646,1.3518975601134484,0.8249638897314931,0.5449370476504704,global_lstm_seed_ensemble_seed=3,20265611,3,20265611
15025,global_lstm,global LSTM,11.323750855578371,0.731841737007203,0.47073774946852354,0.43011333574164845,6.661093287485715,97.3054620663478,1.1645917033685895,0.14836634003581028,1.2257592832871809,global_lstm_seed_ensemble_seed=3,20265611,3,20265611
15030,global_lstm,global LSTM,9.963039014373717,0.7042727140292369,0.5382347070780618,0.4659240841467631,10.219457772267887,66.92209222909584,0.8161416566804028,0.7386165609681572,0.33927764643627134,global_lstm_seed_ensemble_seed=3,20265611,3,20265611
15039,global_lstm,global LSTM,9.22381930184805,0.4683645993696248,0.156342235846488,0.11912677710208852,3.8542447949737215,123.16711662336601,1.5045554800104421,0.350899902843264,1.1808979050959225,global_lstm_seed_ensemble_seed=3,20265611,3,20265611
16001,global_lstm,global LSTM,15.597535934291582,0.8401687940622816,0.528630776241741,0.5867880737978806,11.214157798450762,77.45901959555927,0.839305332868584,0.21337288021025613,0.7713854975761253,global_lstm_seed_ensemble_seed=3,20265611,3,20265611
16003,global_lstm,global LSTM,15.597535934291582,0.7227625794266821,0.4557190551981817,0.38508568523107023,2.9678059042926,70.7153016343035,1.3770779036851868,0.11299560616908988,0.976755633823944,global_lstm_seed_ensemble_seed=3,20265611,3,20265611
16004,global_lstm,global LSTM,14.99794661190965,0.8475680320094947,0.5015858724013394,0.5473005650897,11.908076256236738,77.78358335331494,0.8150463393646863,0.20804869332769083,0.5324627786884352,global_lstm_seed_ensemble_seed=3,20265611,3,20265611
17001,global_lstm,global LSTM,15.422313483915127,0.7949609555889163,0.5330980177431965,0.6243111309718463,4.545545637612084,78.51267150198146,1.2373537326086717,0.398658770859952,0.6982393240907331,global_lstm_seed_ensemble_seed=3,20265611,3,20265611
17003,global_lstm,global LSTM,15.597535934291582,0.7378682278019816,0.509012924763537,0.6301101974294807,4.125506337336148,76.97996162649183,1.270900431681688,0.2759955665278859,1.0044248142884027,global_lstm_seed_ensemble_seed=3,20265611,3,20265611
17004,global_lstm,global LSTM,14.047912388774812,0.8664144116585653,0.8405080763188967,0.8927446630043907,10.434396655594337,13.676432266554157,0.11750547687402402,0.22498485195903195,0.25316249761967113,global_lstm_seed_ensemble_seed=3,20265611,3,20265611
17005,global_lstm,global LSTM,15.597535934291582,0.6907225374097695,0.46207558797130577,0.3920370138818229,3.7846296407374274,73.92185787267535,1.2907494870562184,0.5893876300085712,0.8534462792087781,global_lstm_seed_ensemble_seed=3,20265611,3,20265611
17015,global_lstm,global LSTM,10.72142368240931,0.7104485013548344,0.423941223715844,0.4761047403596267,8.615160436903533,89.37122653119134,1.0159343486726982,0.32162293532512354,0.660707404821291,global_lstm_seed_ensemble_seed=3,20265611,3,20265611
17018,global_lstm,global LSTM,8.429842573579739,0.7509289841557185,0.1873978191426532,0.3819560215167709,15.69830126732494,70.68955175368393,0.6535025683783957,0.10076628364101703,0.7991573428684303,global_lstm_seed_ensemble_seed=3,20265611,3,20265611
18001,global_lstm,global LSTM,15.597535934291582,0.81789957019915,0.5368489669283711,0.540570194354145,4.560552916687968,72.6910062373511,1.2024631814250302,0.29894165624210484,0.8075370141751568,global_lstm_seed_ensemble_seed=3,20265611,3,20265611
18002,global_lstm,global LSTM,15.326488706365502,0.7964324391203212,0.562529235550824,0.5879822111018159,5.284382481221149,24.482337824293882,0.6658586422187194,0.5611713700140829,0.22020438275977694,global_lstm_seed_ensemble_seed=3,20265611,3,20265611
18003,global_lstm,global LSTM,15.597535934291582,0.7923901177441112,0.5109814102538748,0.6582777342753436,7.748613580127614,74.73334241099587,0.9842904029292839,1.5715870821248077,0.4266209585285313,global_lstm_seed_ensemble_seed=3,20265611,3,20265611
18008,global_lstm,global LSTM,14.360027378507871,0.7118335987538287,0.40011408280678284,0.4765351987700539,5.892946100449161,77.05730467669275,1.1164813452580122,2.458826899094722,1.018087917430842,global_lstm_seed_ensemble_seed=3,20265611,3,20265611
18010,global_lstm,global LSTM,14.77618069815195,0.8249936872175041,0.5096619720296356,0.5999738088248519,9.31844409702067,40.900418943321654,0.6423843523648689,1.0531125571051887,0.13606539499422887,global_lstm_seed_ensemble_seed=3,20265611,3,20265611
18011,global_lstm,global LSTM,12.399726214921287,0.8349859187962848,0.5134166007696467,0.6233095921914986,7.432134552620482,95.74934775500175,1.1100222606372396,2.1445272826418407,0.511567514866101,global_lstm_seed_ensemble_seed=3,20265611,3,20265611
18014,global_lstm,global LSTM,13.122518822724162,0.7353921967396451,0.44692682832657105,0.3785370373444824,6.337129350027229,83.95328253984759,1.1221451097492368,0.3099359323123172,0.836155062225495,global_lstm_seed_ensemble_seed=3,20265611,3,20265611
19001,global_lstm,global LSTM,15.597535934291582,0.6939829481192578,0.47866709872313773,0.4206103269809993,4.3210519397516505,79.92282656633093,1.2670813481998333,0.6096081860539648,0.9826577439692352,global_lstm_seed_ensemble_seed=3,20265611,3,20265611
19006,global_lstm,global LSTM,15.597535934291582,0.7499939319257063,0.5208483671434838,0.5406284857337913,10.007780300595602,74.02170469751444,0.8690213197612273,0.24430835154409558,0.9044789670081812,global_lstm_seed_ensemble_seed=3,20265611,3,20265611
19010,global_lstm,global LSTM,15.364818617385353,0.4773646364872738,0.4972928275042511,0.6483787657517149,28.346451315793523,35.77903636567477,0.10112994213669077,0.6499944685003143,0.9272943494523704,global_lstm_seed_ensemble_seed=3,20265611,3,20265611
19017,global_lstm,global LSTM,11.017111567419576,0.6217405039912101,0.4008722943595314,0.3611097529134698,8.23987374381974,48.716943923934636,0.7717594793989806,0.11776708948494696,1.1007134978019977,global_lstm_seed_ensemble_seed=3,20265611,3,20265611
19020,global_lstm,global LSTM,11.02258726899384,0.5375936453004234,0.38498424770251616,0.28835402897712403,4.184949949070712,101.04184004264457,1.3828109781162514,0.5194071047081973,1.1826663601842515,global_lstm_seed_ensemble_seed=3,20265611,3,20265611
20002,global_lstm,global LSTM,15.597535934291582,0.6615252663607045,0.5044958839542798,0.48320391428308607,12.960497794946914,34.57630844854114,0.42615694130287984,0.5708137579587496,0.16783475411179793,global_lstm_seed_ensemble_seed=3,20265611,3,20265611
20003,global_lstm,global LSTM,15.545516769336071,0.7426828075188321,0.552148491100388,0.5078527093355896,9.247773643664356,82.57506007473813,0.9508117072728777,0.536032141714714,0.8251319376432215,global_lstm_seed_ensemble_seed=3,20265611,3,20265611
20007,global_lstm,global LSTM,14.915811088295689,0.7306521051129924,0.6403051433885242,0.5821587736129641,12.399524836853942,41.92316348434173,0.5290490038357151,0.4235756805694627,0.5545718829035924,global_lstm_seed_ensemble_seed=3,20265611,3,20265611
2001,global_lstm,global LSTM,14.321697467488022,0.6659713871857658,0.4669868216746167,0.43646089893231155,3.218862615237065,103.25006918687104,1.506187910452463,0.6395534158478883,1.1356816267360972,global_lstm_seed_ensemble_seed=3,20265611,3,20265611
2002,global_lstm,global LSTM,8.824093086926762,0.6281184612486777,0.35077350455828993,0.3423217951646865,2.667990248549723,142.21302982373757,1.726755151179415,,0.6257522822796375,global_lstm_seed_ensemble_seed=3,20265611,3,20265611
21003,global_lstm,global LSTM,15.597535934291582,0.8975549129158285,0.5957920003219566,0.6680916620340628,7.9069655565343515,88.22110735028917,1.0475626577606572,0.28038467777270615,0.7767580399387339,global_lstm_seed_ensemble_seed=3,20265611,3,20265611
21006,global_lstm,global LSTM,15.597535934291582,0.8713597495215496,0.5861264013833891,0.6354733914902715,7.667748715743264,86.24143134316375,1.051048083936472,0.3486233368647157,0.6754510429599325,global_lstm_seed_ensemble_seed=3,20265611,3,20265611
21008,global_lstm,global LSTM,15.597535934291582,0.7455205827466589,0.5258458600303656,0.4398842068789838,6.282570508415334,77.14109559403342,1.0891484313092694,0.30270877392154283,1.0464480622952954,global_lstm_seed_ensemble_seed=3,20265611,3,20265611
21009,global_lstm,global LSTM,15.597535934291582,0.81261957526697,0.5532196848463193,0.5582147653067178,9.654143670866219,85.03813092957567,0.9448999485663616,0.5129507621633196,0.7548495020264171,global_lstm_seed_ensemble_seed=3,20265611,3,20265611
21011,global_lstm,global LSTM,15.597535934291582,0.8332168155970454,0.5475245110570723,0.6678771821647593,6.5546610596451895,81.20055773456343,1.0930087729322224,0.6018339089584319,0.42639019963286173,global_lstm_seed_ensemble_seed=3,20265611,3,20265611
21012,global_lstm,global LSTM,15.597535934291582,0.7493507502217268,0.5298490262836303,0.4559646710575852,5.6350004837586996,73.52099436469915,1.115517414544935,0.07624837755180591,1.0242334310638401,global_lstm_seed_ensemble_seed=3,20265611,3,20265611
21013,global_lstm,global LSTM,15.597535934291582,0.7517190819826158,0.49309280226210783,0.4614200436782555,7.321995864092805,85.49196102322787,1.0672957998564194,0.49155027450704686,0.8155189998376101,global_lstm_seed_ensemble_seed=3,20265611,3,20265611
21015,global_lstm,global LSTM,15.597535934291582,0.7109798065664569,0.4985180124441967,0.5103678206387362,6.530498635848376,79.30325389438835,1.0843446641628418,0.44260808009858565,0.9997573164396226,global_lstm_seed_ensemble_seed=3,20265611,3,20265611
21016,global_lstm,global LSTM,15.597535934291582,0.6496473515590158,0.5316898815210398,0.43518150593484894,7.62445306517465,30.85961562600851,0.60718181705279,0.3301546818507486,0.6527265074148613,global_lstm_seed_ensemble_seed=3,20265611,3,20265611
21017,global_lstm,global LSTM,15.597535934291582,0.6867231368448089,0.48879214541584326,0.4338988413651177,3.5220671885016444,75.0800249134565,1.3287267715565652,0.01926737449076954,0.9685366492691778,global_lstm_seed_ensemble_seed=3,20265611,3,20265611
21018,global_lstm,global LSTM,15.592060232717317,0.8496474488672312,0.5576661153587199,0.6186553495824489,9.619874606995836,87.819028225491,0.9604192159056255,0.4493640815054333,0.8048625759345437,global_lstm_seed_ensemble_seed=3,20265611,3,20265611
21022,global_lstm,global LSTM,15.597535934291582,0.740398057172327,0.5548576356089256,0.4739444520803404,8.26234433654277,35.55594849615209,0.6338089780237144,0.3258010749090827,0.7429425034260427,global_lstm_seed_ensemble_seed=3,20265611,3,20265611
21023,global_lstm,global LSTM,15.572895277207392,0.4120922936727731,0.2760005528057736,0.14350828103907332,4.993339331383671,33.858529609795234,0.8312770135497214,0.5819277935127557,0.9482902870217753,global_lstm_seed_ensemble_seed=3,20265611,3,20265611
21024,global_lstm,global LSTM,15.34839151266256,0.5915163748926515,0.4710250873657026,0.3770662032278683,4.927024401437726,73.19105270455867,1.1718732804922265,0.18047209307914092,1.3394977324458561,global_lstm_seed_ensemble_seed=3,20265611,3,20265611
21026,global_lstm,global LSTM,14.198494182067078,0.5840195792233411,0.4012555810496755,0.2666081636964005,3.3579531532805404,84.10951267888915,1.398770483716197,0.020317513482179583,1.145340216322262,global_lstm_seed_ensemble_seed=3,20265611,3,20265611
21027,global_lstm,global LSTM,14.67214236824093,0.6583710452340286,0.5275570409026773,0.4455202783481167,7.983276099819803,61.735630981382805,0.8883547417890331,0.44531657145395265,0.8839956730666019,global_lstm_seed_ensemble_seed=3,20265611,3,20265611
22001,global_lstm,global LSTM,15.501711156741958,0.7127729868295999,0.5936011638109204,0.47434113832616964,6.162983982031184,29.093471957104693,0.6740045132054335,0.5354194889362973,0.731289792147503,global_lstm_seed_ensemble_seed=3,20265611,3,20265611
22006,global_lstm,global LSTM,15.597535934291582,0.6575364387196321,0.5861696796917826,0.48984547318635085,7.351530702991001,26.256420508339158,0.5528577438224285,0.5286391329150659,0.6901373725051078,global_lstm_seed_ensemble_seed=3,20265611,3,20265611
22007,global_lstm,global LSTM,15.594798083504449,0.5959447550046042,0.524244353746901,0.38726756129389683,6.000770021201829,28.12000583749108,0.6708084237032907,0.45680243768919415,0.7777213176140365,global_lstm_seed_ensemble_seed=3,20265611,3,20265611
22009,global_lstm,global LSTM,15.096509240246407,0.7079670170064394,0.591690352507223,0.4899511776696355,4.8353425338038605,29.47627030898478,0.7850452857574199,0.5064085690971856,0.8501049981280672,global_lstm_seed_ensemble_seed=3,20265611,3,20265611
23001,global_lstm,global LSTM,15.561943874058864,0.6920448043994278,0.592233412255917,0.53026368097675,5.587304826162167,67.50731807345358,1.082148488929931,0.3434138929883993,0.9674325377763872,global_lstm_seed_ensemble_seed=3,20265611,3,20265611
23004,global_lstm,global LSTM,15.597535934291582,0.6310135398845955,0.5238944847351334,0.42479719929561066,3.9319999153009086,66.28495906830457,1.2268014926314372,0.38164604211886904,1.020739037102068,global_lstm_seed_ensemble_seed=3,20265611,3,20265611
23006,global_lstm,global LSTM,15.498973305954825,0.6373646190379152,0.4790207872201472,0.3993537959104244,3.4944389847848707,69.66340678111318,1.299627247333929,0.27891328987571884,1.1162795267472752,global_lstm_seed_ensemble_seed=3,20265611,3,20265611
23007,global_lstm,global LSTM,15.501711156741958,0.6527904054914553,0.6281034520089512,0.7439185797960923,12.509223550567489,27.89337865365213,0.3482707686280555,0.24450637198384984,0.7494963277281097,global_lstm_seed_ensemble_seed=3,20265611,3,20265611
23008,global_lstm,global LSTM,15.460643394934976,0.6282415741295472,0.49118355570931993,0.3872211432549024,4.081205956745483,66.00662148246221,1.2087989923062985,0.5860433891623278,1.0869349569177136,global_lstm_seed_ensemble_seed=3,20265611,3,20265611
23011,global_lstm,global LSTM,15.279945242984258,0.5042148284181287,0.4426545558531594,0.38363403484030967,2.9482734320398314,73.19647216287838,1.3949223910755553,0.0916548282425712,1.09460529491463,global_lstm_seed_ensemble_seed=3,20265611,3,20265611
23016,global_lstm,global LSTM,9.78507871321013,0.672055252182591,0.4808188219541647,0.5205235539014912,6.135549618679133,29.626275611947747,0.6838235861090902,0.2865942482899628,0.9938124862602191,global_lstm_seed_ensemble_seed=3,20265611,3,20265611
24001,global_lstm,global LSTM,15.43874058863792,0.678604331241399,0.5719113276515375,0.49221028718380666,5.748000679510907,35.33354980575081,0.7886704604727669,0.30914203889179825,0.9085089050054601,global_lstm_seed_ensemble_seed=3,20265611,3,20265611
24003,global_lstm,global LSTM,15.394934976043805,0.6990743804487423,0.5478300547703933,0.5593309121333576,4.281921634400991,44.26995596632964,1.0144703752129216,0.2729933512031183,0.9535728393128303,global_lstm_seed_ensemble_seed=3,20265611,3,20265611
24004,global_lstm,global LSTM,15.545516769336071,0.7106458582696658,0.6136609600573869,0.5784866502257568,8.063903538613342,33.18760610698811,0.6144306028989528,0.2078318097700269,0.8715450412083835,global_lstm_seed_ensemble_seed=3,20265611,3,20265611
24005,global_lstm,global LSTM,15.523613963039015,0.73345466136002,0.6233063020590639,0.6218457702611129,11.345288784201392,30.88077455169483,0.4348726298358979,0.20240543464382665,0.8655637908569,global_lstm_seed_ensemble_seed=3,20265611,3,20265611
25001,global_lstm,global LSTM,15.592060232717317,0.7475661259728335,0.542947195553011,0.5019744961377851,5.440826644393534,61.327636873199,1.0519913417822164,0.2192344154107274,1.0474348209338424,global_lstm_seed_ensemble_seed=3,20265611,3,20265611
25003,global_lstm,global LSTM,12.19438740588638,0.3921004945762936,0.27562554177189935,0.2628082721945205,1.6302537230858292,76.46723213871249,1.6712201697483202,,1.063982283822515,global_lstm_seed_ensemble_seed=3,20265611,3,20265611
25006,global_lstm,global LSTM,15.594798083504449,0.5216558676200485,0.40616828255285586,0.2832653557596053,3.833007149020166,57.40233473541195,1.1753899276275892,0.4754057179365601,0.9949797582262423,global_lstm_seed_ensemble_seed=3,20265611,3,20265611
25012,global_lstm,global LSTM,15.597535934291582,0.5517917898985024,0.42594475697109424,0.38790332492329715,2.8319251711078737,62.632879200182096,1.344720602783691,0.13800995369382352,1.112579778182148,global_lstm_seed_ensemble_seed=3,20265611,3,20265611
25020,global_lstm,global LSTM,14.94318959616701,0.6767384934356073,0.5492077849910338,0.6436627314798327,17.517342401118498,38.00271736891239,0.3363464328271616,0.6684351011357061,0.24601839986208007,global_lstm_seed_ensemble_seed=3,20265611,3,20265611
25021,global_lstm,global LSTM,14.72142368240931,0.6286386410704705,0.5139421056568064,0.619893931185254,14.020932300724079,37.84978335630374,0.43128650569206867,1.0038439475128405,0.17650936429668712,global_lstm_seed_ensemble_seed=3,20265611,3,20265611
26003,global_lstm,global LSTM,15.422313483915127,-0.15307953893702542,-0.5704564008636492,0.238449423867916,72.92905077603154,23.80376569904966,0.4862548941008534,1.4729659635771473,0.9744738376715819,global_lstm_seed_ensemble_seed=3,20265611,3,20265611
26005,global_lstm,global LSTM,12.386036960985626,-55.79581887087685,-21.841024933501203,-5.819506170206723,58.31353116426574,41.30160407297716,0.1498024217067052,1.8263189138454923,1.8594008115380494,global_lstm_seed_ensemble_seed=3,20265611,3,20265611
26006,global_lstm,global LSTM,12.739219712525667,-0.5692316086534852,-0.4797835943211346,-0.4106174738125552,59.79747226985516,40.56205542967449,0.1685628718939949,1.8542265908965632,1.9305371804869882,global_lstm_seed_ensemble_seed=3,20265611,3,20265611
26008,global_lstm,global LSTM,11.02258726899384,-0.31858209628658973,-0.2257379381588278,0.45563547681015937,54.49271222807411,36.88585188847372,0.16947860622513714,1.3120245340568097,0.9855570665592633,global_lstm_seed_ensemble_seed=3,20265611,3,20265611
26009,global_lstm,global LSTM,10.094455852156058,-0.10295509577287687,-0.406244903091336,0.2845517081987011,65.91614587295979,43.610835437824555,0.1793973997835929,1.4742795310021477,1.259588308620001,global_lstm_seed_ensemble_seed=3,20265611,3,20265611
27001,global_lstm,global LSTM,15.364818617385353,0.8301628560232126,0.5149863891183143,0.4518723069787096,8.19224545048298,33.27602677551117,0.6087285092177133,0.1689482295754442,1.0918235933311797,global_lstm_seed_ensemble_seed=3,20265611,3,20265611
27002,global_lstm,global LSTM,12.536618754277892,0.7817556194568274,0.6111172561475827,0.602358060130648,4.647347951351212,36.723920126248245,0.8977438444032763,0.0762943216331633,1.0179198753085363,global_lstm_seed_ensemble_seed=3,20265611,3,20265611
27003,global_lstm,global LSTM,15.578370978781656,0.7839035118401256,0.4348808790401597,0.439984723460224,11.293552201059349,34.4303640352627,0.4841110509656163,0.7384733858175385,0.49892834166373645,global_lstm_seed_ensemble_seed=3,20265611,3,20265611
27006,global_lstm,global LSTM,15.597535934291582,0.790466658875439,0.5726762990114211,0.6607766739606006,8.630075833218681,31.41876203565258,0.5611744570233558,0.08644394804916988,0.7653389133035507,global_lstm_seed_ensemble_seed=3,20265611,3,20265611
27007,global_lstm,global LSTM,15.066392881587953,0.7507652032303184,0.4686894327422546,0.4161036803365674,5.844222570823611,35.078595018689654,0.7783154433060876,0.3304229467292761,0.8731499500068066,global_lstm_seed_ensemble_seed=3,20265611,3,20265611
27009,global_lstm,global LSTM,15.436002737850787,0.7363317085684284,0.4233923626646595,0.4941557849477447,15.090761938818755,35.93569912579674,0.37681493039767655,0.9163046870021483,0.3286224987728774,global_lstm_seed_ensemble_seed=3,20265611,3,20265611
27021,global_lstm,global LSTM,15.08829568788501,0.7680236519968461,0.44822484185141653,0.38752924986640525,12.029158132803982,31.413486614933827,0.41688090779436854,0.39119310512469574,0.32027607490770593,global_lstm_seed_ensemble_seed=3,20265611,3,20265611
27023,global_lstm,global LSTM,15.597535934291582,0.7198855758230591,0.4688903882998132,0.33690863790635617,4.853552757397793,26.399044164441314,0.7355284478635727,0.1624797078723556,1.0357560137706927,global_lstm_seed_ensemble_seed=3,20265611,3,20265611
27025,global_lstm,global LSTM,14.822724161533197,0.7121562232352824,0.3729411150902572,0.31388895026573904,10.769457463986292,32.91555246348076,0.48520732353185997,0.259624911411764,0.6566078910867775,global_lstm_seed_ensemble_seed=3,20265611,3,20265611
27026,global_lstm,global LSTM,15.441478439425051,0.7113655706820705,0.5221517397285479,0.42476988584624775,5.802190060146819,29.7289173164411,0.7095871424051295,0.2867039715644356,1.1260937794685861,global_lstm_seed_ensemble_seed=3,20265611,3,20265611
27029,global_lstm,global LSTM,15.211498973305956,0.8893629926994697,0.5213091962252615,0.5405923994453674,9.38966518040358,35.67117053952103,0.579667254489857,0.11421649320137794,1.0505645855191705,global_lstm_seed_ensemble_seed=3,20265611,3,20265611
27030,global_lstm,global LSTM,15.449691991786448,0.7247325837268703,0.4239519599075815,0.3236048785751213,11.522261077683835,18.296495986487695,0.2008302132499982,0.31109713679478257,0.34996383484742655,global_lstm_seed_ensemble_seed=3,20265611,3,20265611
27032,global_lstm,global LSTM,15.4798083504449,-8.690444729493107,-6.202098724549562,-1.763949784631098,3.9798508887790915,38.07114673070203,0.9807291574085951,0.11618598500012922,0.9988000215769488,global_lstm_seed_ensemble_seed=3,20265611,3,20265611
27034,global_lstm,global LSTM,15.594798083504449,0.7661822737355359,0.5297104318976779,0.4645995062780581,4.575320192121428,52.73655293279179,1.0616902467421176,0.24907651518878826,0.84516693525685,global_lstm_seed_ensemble_seed=3,20265611,3,20265611
27035,global_lstm,global LSTM,15.597535934291582,0.7988342878821284,0.5235932347829554,0.4449732883508145,6.233677489611691,34.076905781999024,0.7377158239755933,0.6958435804998662,0.5674310275065916,global_lstm_seed_ensemble_seed=3,20265611,3,20265611
27038,global_lstm,global LSTM,15.474332648870636,-7.037730139204809,-1.8529006924130087,-0.41228150508684225,35.5830247715253,38.90689523033129,0.03878371252810194,0.47107959777817066,0.5904609441189761,global_lstm_seed_ensemble_seed=3,20265611,3,20265611
27041,global_lstm,global LSTM,14.72142368240931,0.7144819705890688,0.4253118969295695,0.6530469609166081,29.975556427281948,41.33448391345526,0.13954526603878417,0.8258688478392484,0.3674602832649101,global_lstm_seed_ensemble_seed=3,20265611,3,20265611
27042,global_lstm,global LSTM,15.208761122518823,0.7509829116454273,0.5127098416377911,0.4872747348970954,11.964118058243209,38.72291480684033,0.5100873508395657,0.1176446577108195,1.2121333946917847,global_lstm_seed_ensemble_seed=3,20265611,3,20265611
27043,global_lstm,global LSTM,14.55441478439425,0.7717671361433891,0.5357848409490507,0.511671954644787,4.047431716361988,59.064160628342954,1.1641445059370377,0.23184437020048315,0.9932213834007141,global_lstm_seed_ensemble_seed=3,20265611,3,20265611
27047,global_lstm,global LSTM,15.353867214236825,0.6124472479088733,0.4749378067165554,0.4157176758016621,2.4600194664634727,50.08318237359409,1.3087533731678664,0.10885218127910667,0.9865052338357672,global_lstm_seed_ensemble_seed=3,20265611,3,20265611
27049,global_lstm,global LSTM,14.433949349760438,0.7776615293683827,0.5100715926967039,0.5588507462425891,21.653713443811117,41.99387155945579,0.2876535303761421,0.18663561985907773,1.097720025108083,global_lstm_seed_ensemble_seed=3,20265611,3,20265611
27051,global_lstm,global LSTM,15.173169062286105,0.5855082738902635,0.4250080278642159,0.3369273764542856,5.227466591550636,31.382975487399946,0.7784028516502934,0.035787199078255005,1.4681795810018532,global_lstm_seed_ensemble_seed=3,20265611,3,20265611
27062,global_lstm,global LSTM,12.013689253935661,0.7308319235876809,0.5029423193102669,0.5264695186983919,13.932877369066183,44.178984846246514,0.5011749176799555,0.7096660184110325,0.6144198302372049,global_lstm_seed_ensemble_seed=3,20265611,3,20265611
27064,global_lstm,global LSTM,12.876112251882272,0.6775279158743521,0.36838821706713465,0.29514874547368297,10.019476957408678,35.42682376319616,0.5484871660274997,0.43125794092137304,0.7271570720468035,global_lstm_seed_ensemble_seed=3,20265611,3,20265611
27065,global_lstm,global LSTM,12.854209445585216,0.8784805887272435,0.4590096487066331,0.5502661264977573,4.756568211813743,38.11873284397259,0.9038447260896837,0.11356464445897563,1.1598521132441801,global_lstm_seed_ensemble_seed=3,20265611,3,20265611
27071,global_lstm,global LSTM,15.548254620123203,0.6853631102998481,0.4078575303584111,0.4275994319039438,14.310960917341582,36.5522348359381,0.4072451395733759,0.9738772975174521,0.27702740507794876,global_lstm_seed_ensemble_seed=3,20265611,3,20265611
27073,global_lstm,global LSTM,12.46817248459959,-0.7097726638953115,-0.6645701374484716,-0.13362171724723115,49.607417356127335,41.26634531586469,0.07995060951488123,1.4271448045791595,1.3967310737633876,global_lstm_seed_ensemble_seed=3,20265611,3,20265611
27077,global_lstm,global LSTM,11.709787816563997,0.5991751303122833,0.2129816554486812,0.6168882246002868,5.550869580630687,41.715752977574155,0.8759390635209295,0.13947216347608515,1.307569762333497,global_lstm_seed_ensemble_seed=3,20265611,3,20265611
27079,global_lstm,global LSTM,9.957563312799453,0.7852006160279653,0.2970990532077745,0.3332308649506257,6.5159807889001575,40.56831893469565,0.7942072166270129,0.30160192843068256,0.9364746786002542,global_lstm_seed_ensemble_seed=3,20265611,3,20265611
27080,global_lstm,global LSTM,11.118412046543463,0.7400784345523143,0.29956009349909585,0.36262536115327626,7.753007884333265,42.51493403159931,0.7390712839184334,0.8385820623937708,0.6269822859704836,global_lstm_seed_ensemble_seed=3,20265611,3,20265611
27084,global_lstm,global LSTM,10.379192334017796,0.6567106792040962,0.4381114363469665,0.3833561625544496,4.611632371603775,38.50769246947092,0.9216928157135619,0.4899171582446231,1.1428512154040424,global_lstm_seed_ensemble_seed=3,20265611,3,20265611
27087,global_lstm,global LSTM,9.848049281314168,-0.3036216934769558,-0.2793668867323422,0.4100740747910433,52.377584124849506,39.58132180681379,0.12165516980607961,0.6119635286838132,0.41800628809433615,global_lstm_seed_ensemble_seed=3,20265611,3,20265611
27089,global_lstm,global LSTM,9.349760438056126,0.8107557780157175,0.332242299828422,0.43737079584213356,6.433509244241692,53.87191159369844,0.9229144570188716,0.4418959675187296,0.8572565829813479,global_lstm_seed_ensemble_seed=3,20265611,3,20265611
27090,global_lstm,global LSTM,8.936344969199178,0.7294967342043548,0.3673824963419273,0.367067646137922,7.5316271259744445,52.59508501147433,0.8440563504859433,0.116773951592411,1.023189911740463,global_lstm_seed_ensemble_seed=3,20265611,3,20265611
28001,global_lstm,global LSTM,15.597535934291582,0.15982325794575747,-0.007226989907442416,0.35707548752930507,5.782578754909499,36.89834651504894,0.8048853487475549,0.1644864254709406,0.8365490534086427,global_lstm_seed_ensemble_seed=3,20265611,3,20265611
28003,global_lstm,global LSTM,12.396988364134154,0.40127699213875345,0.24038733513566257,0.31735092930804054,8.627604565200315,52.721399351716954,0.7860966973748582,0.4212718661787971,1.6764465237802004,global_lstm_seed_ensemble_seed=3,20265611,3,20265611
28008,global_lstm,global LSTM,15.597535934291582,0.8491683580096134,0.42261213440039314,0.5459278471040074,14.152938081559462,36.85490614926531,0.41564870295393375,0.25626867894840966,1.1817816366548897,global_lstm_seed_ensemble_seed=3,20265611,3,20265611
28009,global_lstm,global LSTM,15.597535934291582,0.7339663789922328,0.371528820819624,0.46513830535320666,22.88843340018494,41.5395631626582,0.25884585671889354,1.2375834097228302,0.49821462729272215,global_lstm_seed_ensemble_seed=3,20265611,3,20265611
28012,global_lstm,global LSTM,15.597535934291582,0.7182468276572738,0.34802194682549614,0.4755447832150824,29.05394412674642,40.042752662637376,0.13931882757007996,0.5108356294388687,0.2550477985107662,global_lstm_seed_ensemble_seed=3,20265611,3,20265611
28015,global_lstm,global LSTM,11.906913073237508,-1.6148148643232578,-1.295511448961721,0.042412077675231585,46.53938610687407,35.374612376465656,0.11912896058357483,0.4168567670390113,0.6367530298688872,global_lstm_seed_ensemble_seed=3,20265611,3,20265611
28018,global_lstm,global LSTM,15.597535934291582,0.8316814663087214,0.4560704566813769,0.5405598239465192,13.601735962228014,38.872094349876164,0.4560436001309161,0.32755505240442573,0.7488601682926787,global_lstm_seed_ensemble_seed=3,20265611,3,20265611
28022,global_lstm,global LSTM,15.597535934291582,0.6931586841983355,0.3355200618792933,0.4621370982646924,25.323159098364886,41.170520984020904,0.21106847917449123,1.0639659228352523,0.570076617722342,global_lstm_seed_ensemble_seed=3,20265611,3,20265611
28023,global_lstm,global LSTM,10.47501711156742,0.5867210773507336,-0.05444870273301983,0.4959527202100724,22.614993802604854,73.65635968149678,0.5128137778434664,0.4257511590726474,0.5193543927558035,global_lstm_seed_ensemble_seed=3,20265611,3,20265611
28024,global_lstm,global LSTM,15.241615331964407,0.5709558056005956,0.4528498965557889,0.3733573883393022,17.263893054472476,43.39153956528098,0.4002663225048921,0.5142268422263232,0.49738516672049826,global_lstm_seed_ensemble_seed=3,20265611,3,20265611
28026,global_lstm,global LSTM,15.597535934291582,0.6090319709773162,0.4132939607442415,0.3110635587902211,14.086661020019202,41.4759145328504,0.46898790697000436,0.39390444440187455,0.6905579999847036,global_lstm_seed_ensemble_seed=3,20265611,3,20265611
28031,global_lstm,global LSTM,15.597535934291582,0.6988929751011621,0.36486135448532353,0.33016025502498536,5.422403202160893,35.960692197247084,0.8216362347911118,0.13128725760025484,1.250407842588903,global_lstm_seed_ensemble_seed=3,20265611,3,20265611
28033,global_lstm,global LSTM,12.424366872005475,0.6771407115255137,0.5166601184641963,0.49125713329066545,4.784631550891265,38.79520117514864,0.9089295084961744,0.5303017417976197,0.6647771016760785,global_lstm_seed_ensemble_seed=3,20265611,3,20265611
28039,global_lstm,global LSTM,15.578370978781656,0.4770152989607943,0.4500910988350939,0.4512377391856638,4.107641671942934,37.15267475411382,0.956397534520551,0.2626577640046608,1.4018297821918113,global_lstm_seed_ensemble_seed=3,20265611,3,20265611
28040,global_lstm,global LSTM,15.597535934291582,0.677196552641872,0.48447135467964664,0.5426594987976476,8.368106932902947,40.29513546569073,0.6826253988929175,0.2618512045152299,1.066880038943569,global_lstm_seed_ensemble_seed=3,20265611,3,20265611
28043,global_lstm,global LSTM,15.597535934291582,0.7939927500723681,0.5212773298334675,0.6790207887217545,7.101775054143145,35.564543523381666,0.6996503267492118,0.15256506185382268,0.763188989341785,global_lstm_seed_ensemble_seed=3,20265611,3,20265611
28044,global_lstm,global LSTM,13.891854893908283,-0.9934001964312436,-0.7417960207513641,0.3424376543835561,73.75517516747897,33.569197055465466,0.3418515453453253,1.4740501203738554,1.0275400193910906,global_lstm_seed_ensemble_seed=3,20265611,3,20265611
28046,global_lstm,global LSTM,15.597535934291582,0.7149903295394551,0.1919364810110934,0.5348676960017476,24.591995238787867,39.236210598018076,0.2028932908452273,0.32739115796315654,0.9544975730146,global_lstm_seed_ensemble_seed=3,20265611,3,20265611
28048,global_lstm,global LSTM,15.512662559890487,0.7126848421119081,0.4590520443222136,0.380012485859197,6.829815663601007,30.949405201643955,0.6562433247345973,0.18075276966525922,1.2442755285333256,global_lstm_seed_ensemble_seed=3,20265611,3,20265611
28050,global_lstm,global LSTM,15.323750855578371,0.7194707391519346,0.29805706470526494,0.5925282729755944,21.072198798895915,16.022198158320908,0.11898775617562302,0.5930116739149134,0.833022478706709,global_lstm_seed_ensemble_seed=3,20265611,3,20265611
28052,global_lstm,global LSTM,15.364818617385353,0.7784028672182433,0.492224524689733,0.5639732709578646,22.794814204647494,41.80162389506138,0.26335709670818885,0.3289870026114685,0.2258087823214452,global_lstm_seed_ensemble_seed=3,20265611,3,20265611
28055,global_lstm,global LSTM,12.914442162902121,0.7562242137982947,0.43482073886100403,0.4186487808169518,12.403512114055006,41.48993649355839,0.5243980949329591,0.6783133595704018,1.4753967303044755,global_lstm_seed_ensemble_seed=3,20265611,3,20265611
28056,global_lstm,global LSTM,14.817248459958932,0.639316641261259,0.522730725223453,0.4542773814728419,14.383025116310417,43.76799112143095,0.48330637483160566,0.0947032149917999,0.8593142591764853,global_lstm_seed_ensemble_seed=3,20265611,3,20265611
28060,global_lstm,global LSTM,14.33264887063655,-6.786894434285035,-0.9356312528463047,-0.02260822665064044,24.55020706990352,36.51616380824642,0.17242998706423035,1.037688011121915,1.5540386018098657,global_lstm_seed_ensemble_seed=3,20265611,3,20265611
28066,global_lstm,global LSTM,14.67214236824093,0.5525901380961108,0.4678293631908439,0.4874346148331412,7.68346049067461,46.42801457836137,0.7812232497200028,0.24715588684877698,1.5361245887062522,global_lstm_seed_ensemble_seed=3,20265611,3,20265611
28067,global_lstm,global LSTM,14.822724161533197,0.8422242466069132,0.48064195690250244,0.5583332366210784,15.752544511774172,40.24419403751418,0.40735251881577206,0.30403674270362835,0.5828190498398914,global_lstm_seed_ensemble_seed=3,20265611,3,20265611
28072,global_lstm,global LSTM,14.340862422997947,0.5320105545795386,0.4312707733424045,0.684651285721297,21.17426782165349,36.28129762497136,0.23387440956949776,0.7815020906030277,1.4344435861402478,global_lstm_seed_ensemble_seed=3,20265611,3,20265611
28074,global_lstm,global LSTM,11.049965776865161,0.5917038146257864,0.3861395393570839,0.32311520166244023,24.076734184046806,50.054858776939035,0.317848662392439,0.9763487807830903,0.3149377373641822,global_lstm_seed_ensemble_seed=3,20265611,3,20265611
28080,global_lstm,global LSTM,15.597535934291582,-0.10234869660988499,-0.08416805294610086,0.23224703336698604,13.108455831995466,40.82366366623265,0.4933604422372909,0.15228530473177504,0.8558298907835201,global_lstm_seed_ensemble_seed=3,20265611,3,20265611
28081,global_lstm,global LSTM,9.49760438056126,0.37015201749739923,-0.41452572596180004,0.12893528772716034,7.455821383390131,51.51931999380516,0.8394746268905974,0.38774100671270495,1.6770344535554342,global_lstm_seed_ensemble_seed=3,20265611,3,20265611
28082,global_lstm,global LSTM,15.34839151266256,0.601316049797683,0.5120581480604669,0.4236715956761482,16.428201534491354,43.29970341867735,0.4208948997011858,0.09453991914195092,0.9013650378846371,global_lstm_seed_ensemble_seed=3,20265611,3,20265611
28085,global_lstm,global LSTM,15.597535934291582,0.8635853389032636,0.49280261301412376,0.6355220367734189,15.961256619021361,37.27904975632859,0.36839775357479837,0.2948218846497829,0.5928907781308824,global_lstm_seed_ensemble_seed=3,20265611,3,20265611
28091,global_lstm,global LSTM,11.43874058863792,0.748040937442239,0.48898364847956377,0.6962519848274407,20.52912044039168,31.671093343715384,0.18829271362025762,0.14510889300227436,0.16883150278515502,global_lstm_seed_ensemble_seed=3,20265611,3,20265611
28093,global_lstm,global LSTM,10.765229295003422,0.5705593336697299,0.40124363683203057,0.3308756058730915,21.119965040587093,52.540405687871875,0.3958002268598313,0.9603873002835903,0.17218001504727587,global_lstm_seed_ensemble_seed=3,20265611,3,20265611
28115,global_lstm,global LSTM,9.10609171800137,-1.1026746336423052,-2.0674836967254406,0.07277775377164664,13.850885221173538,34.39870589031911,0.395064573941265,0.6499159872887115,1.5187615060492814,global_lstm_seed_ensemble_seed=3,20265611,3,20265611
28116,global_lstm,global LSTM,7.709787816563997,-1.4866698760572974,-1.5024229674474352,-0.009291648992800772,37.84069732035484,33.6176957833356,0.05139118808292266,1.2553578258160512,1.1173555737285703,global_lstm_seed_ensemble_seed=3,20265611,3,20265611
28117,global_lstm,global LSTM,7.723477070499658,0.8356371149887624,0.11084769060211142,0.47530389812815654,16.13304691262754,56.60456951632253,0.5451350952136949,0.2881662103054359,0.3423262066462984,global_lstm_seed_ensemble_seed=3,20265611,3,20265611
29002,global_lstm,global LSTM,15.553730321697467,0.2039941157454107,-0.3907323160441476,0.3324780151974682,48.19143252044984,17.503733355786075,0.4398391473163345,1.5705571773685911,0.8453073197891643,global_lstm_seed_ensemble_seed=3,20265611,3,20265611
29003,global_lstm,global LSTM,15.597535934291582,0.18866697145188238,-0.14692248686549103,0.4753267509357356,49.73290963451553,17.289006027110585,0.45887384276687554,2.680569184825262,1.7711497578314124,global_lstm_seed_ensemble_seed=3,20265611,3,20265611
29005,global_lstm,global LSTM,15.592060232717317,0.561647001627076,0.17145738767297736,-0.0065757892887301495,29.800756914339992,19.471778669911757,0.18482167051950377,1.4535791249507195,1.0854362003456277,global_lstm_seed_ensemble_seed=3,20265611,3,20265611
29009,global_lstm,global LSTM,14.255989048596852,0.7019202452901829,0.5409032037827464,0.46842390502951337,20.641017724870515,35.01573174055134,0.22953209965642787,0.27286874568127883,1.0587978090119863,global_lstm_seed_ensemble_seed=3,20265611,3,20265611
30001,global_lstm,global LSTM,15.597535934291582,0.7509735830656374,0.5222177140457271,0.5476821812444077,29.4762791777436,32.08208867453547,0.03678997368103105,0.7386172850434422,0.9314741289618609,global_lstm_seed_ensemble_seed=3,20265611,3,20265611
30004,global_lstm,global LSTM,15.570157426420261,0.7742695817128762,0.5462369462298429,0.5936641159754728,11.270357904691709,18.12391194724225,0.20631423570268373,0.5607611376579678,1.187657432950513,global_lstm_seed_ensemble_seed=3,20265611,3,20265611
30005,global_lstm,global LSTM,15.564681724845997,0.60728379834911,0.3689770522444563,0.6216377035827332,41.49766756794897,36.162136334388016,0.05976960811187833,1.7462287942332617,1.548073849669408,global_lstm_seed_ensemble_seed=3,20265611,3,20265611
30011,global_lstm,global LSTM,15.321013004791238,0.32458689983799294,0.3780978703557505,0.5731053605013394,23.33586342370632,18.38820334142896,0.10348457671032502,1.3055555216620793,1.0128152927104317,global_lstm_seed_ensemble_seed=3,20265611,3,20265611
30012,global_lstm,global LSTM,14.976043805612594,0.5435029987615534,0.4975193516723575,0.3700601156194787,8.05044534241417,18.002001884875206,0.3495008970777406,0.2655705744739544,1.4464858936645355,global_lstm_seed_ensemble_seed=3,20265611,3,20265611
30014,global_lstm,global LSTM,15.123887748117728,0.340613405552448,0.32893342617506305,0.22690394088879462,14.551341217745058,40.93848387344381,0.4492287301436867,0.6359524422389842,1.574390448488616,global_lstm_seed_ensemble_seed=3,20265611,3,20265611
30015,global_lstm,global LSTM,13.921971252566735,0.1552561534363699,0.020462313844325286,0.5123435947101326,56.96714244222262,39.45561724372636,0.15951559326218365,1.7281525030369016,1.5192163419670675,global_lstm_seed_ensemble_seed=3,20265611,3,20265611
3003,global_lstm,global LSTM,13.47296372347707,0.6939832294760268,0.4626218433636191,0.44615640370706733,2.557893491349639,97.51022362728648,1.5811676955961353,,0.838557306123822,global_lstm_seed_ensemble_seed=3,20265611,3,20265611
31002,global_lstm,global LSTM,15.227926078028748,0.45186810053542903,0.14731848033944284,-0.004056880318948686,29.913937440210773,39.80025796494855,0.1240123058887435,0.6129693172358499,1.0735472892111857,global_lstm_seed_ensemble_seed=3,20265611,3,20265611
31006,global_lstm,global LSTM,15.542778918548938,-1.18042282717728,-2.0080288030073405,-0.07509610434535952,52.4747036850148,42.00975191233681,0.0965998780513429,1.113480830362871,0.8191141059662984,global_lstm_seed_ensemble_seed=3,20265611,3,20265611
31010,global_lstm,global LSTM,15.597535934291582,0.6314270942444502,0.46670269554554267,0.41571517131583946,17.653714994425396,40.841603305940836,0.36426667175163446,0.6732138194834094,1.4452311131706455,global_lstm_seed_ensemble_seed=3,20265611,3,20265611
31021,global_lstm,global LSTM,15.512662559890487,0.5877492501253039,0.38001644840319493,0.29825628344521804,16.511099595876598,44.85986989420291,0.43408201257890483,0.11869092683082316,0.7359240923444889,global_lstm_seed_ensemble_seed=3,20265611,3,20265611
31023,global_lstm,global LSTM,14.833675564681725,0.39873278329932604,0.4102341292450191,0.09376901772640112,5.60065534600794,28.06459772441096,0.6999199736493867,0.48982991530426073,1.699905055257154,global_lstm_seed_ensemble_seed=3,20265611,3,20265611
31025,global_lstm,global LSTM,13.22381930184805,0.421712935788221,0.35311777645411746,0.2824292183561755,10.207112045260875,50.62412225031602,0.6954546241205957,0.6050344509018049,1.605006421776347,global_lstm_seed_ensemble_seed=3,20265611,3,20265611
32003,global_lstm,global LSTM,15.477070499657769,0.5099879431728352,0.34347154639047306,0.2752231836714194,9.015847639802827,44.28777222078675,0.6912772709084997,0.8275638689693949,1.6301584165030008,global_lstm_seed_ensemble_seed=3,20265611,3,20265611
32004,global_lstm,global LSTM,15.071868583162217,0.7127499943866338,0.43019452303307815,0.340662158911303,17.100666720874138,43.54854530191008,0.40596060939081113,0.45997058195100005,0.38727957404719904,global_lstm_seed_ensemble_seed=3,20265611,3,20265611
32006,global_lstm,global LSTM,15.512662559890487,0.7589172009880207,0.5595009891468342,0.5478925717741412,22.71600650722935,38.05425104257695,0.2240711944587272,0.31157425886965284,0.8621297450493567,global_lstm_seed_ensemble_seed=3,20265611,3,20265611
32008,global_lstm,global LSTM,15.578370978781656,0.7333106411115302,0.5580876426173511,0.5402618912206782,20.367743471752615,40.87341724237287,0.30249803215635945,0.3909533387332653,1.1889847348018852,global_lstm_seed_ensemble_seed=3,20265611,3,20265611
33006,global_lstm,global LSTM,15.597535934291582,0.4306179984052353,0.01898417169988642,0.403585447320832,60.644247802554226,43.703778405963675,0.1422706281948067,0.39356147318489065,0.5833899599522607,global_lstm_seed_ensemble_seed=3,20265611,3,20265611
33007,global_lstm,global LSTM,15.594798083504449,-0.17887166209690553,-0.3185045794734003,0.4213547665009115,84.4904565649933,45.77949609383684,0.26613664895640354,0.6357593889557931,0.08925769059083999,global_lstm_seed_ensemble_seed=3,20265611,3,20265611
33012,global_lstm,global LSTM,15.597535934291582,0.48765896442615975,0.3544182889917147,0.2545845265571396,8.736647440447221,42.53921839428361,0.6874446955120977,0.08546270310133897,1.2235916988652307,global_lstm_seed_ensemble_seed=3,20265611,3,20265611
33013,global_lstm,global LSTM,15.597535934291582,0.3875122405757898,0.06106974604291415,0.2939647426527976,22.808410680319405,46.21651198965663,0.3067021415763746,1.8082298762270355,0.9404504999745418,global_lstm_seed_ensemble_seed=3,20265611,3,20265611
33014,global_lstm,global LSTM,15.5564681724846,0.43654281719997756,0.10159251130359548,0.5751242104143841,37.147046030398435,48.58624940710043,0.11658909125088533,0.1323410605448595,0.14523995460387895,global_lstm_seed_ensemble_seed=3,20265611,3,20265611
33018,global_lstm,global LSTM,15.597535934291582,0.6952712999086237,0.4791399216735265,0.4071949307922029,14.922312485839607,47.80250046298576,0.5056144841285721,0.25129134479021764,1.1820698339218678,global_lstm_seed_ensemble_seed=3,20265611,3,20265611
33019,global_lstm,global LSTM,15.597535934291582,0.5251491736512708,0.15981546857190332,0.4516283243078445,51.19811342473748,45.69099041010242,0.0494233861162179,0.8965799086341697,0.9522429237179744,global_lstm_seed_ensemble_seed=3,20265611,3,20265611
33020,global_lstm,global LSTM,14.313483915126625,0.46307737240433733,0.2324395689432981,0.1374507831120415,8.525822800901013,47.26975922382109,0.7438470880492148,0.23034716481118767,1.0621119577562084,global_lstm_seed_ensemble_seed=3,20265611,3,20265611
33021,global_lstm,global LSTM,15.597535934291582,0.449779677149431,0.20249159781235582,0.3984472904180738,34.54311353082286,68.5192483301553,0.29745111005339614,1.3711151136267996,0.5711722832624031,global_lstm_seed_ensemble_seed=3,20265611,3,20265611
33022,global_lstm,global LSTM,15.597535934291582,0.7882760364486446,0.5277180131585167,0.6375068070063017,25.68292696907184,69.70758382908852,0.433635512860082,0.4926423489952392,0.541268112717773,global_lstm_seed_ensemble_seed=3,20265611,3,20265611
33023,global_lstm,global LSTM,15.597535934291582,-1.7121273489876438,-3.1570454679880635,-1.5273383400852953,32.56425862789318,51.08242346304864,0.19553029768488184,0.32472216013287697,0.9151644999507292,global_lstm_seed_ensemble_seed=3,20265611,3,20265611
33024,global_lstm,global LSTM,15.597535934291582,0.5601315557578647,0.215458467883767,0.5183983314721594,34.16079566032879,74.26268126004429,0.337242647852665,0.3069223996620323,0.6894762830438513,global_lstm_seed_ensemble_seed=3,20265611,3,20265611
33026,global_lstm,global LSTM,14.981519507186858,0.6827776785949887,0.48723855038372776,0.4756425637597087,21.76522348712616,56.5701628822434,0.4148242983163758,0.6396538867802759,0.7942323817998074,global_lstm_seed_ensemble_seed=3,20265611,3,20265611
33028,global_lstm,global LSTM,15.597535934291582,0.6713440069504653,0.3606417144769043,0.4663163544537893,11.734011754219798,67.99316846201235,0.763018760720146,0.054950056290006044,1.2220776840821985,global_lstm_seed_ensemble_seed=3,20265611,3,20265611
33029,global_lstm,global LSTM,15.592060232717317,0.4157833778901282,0.2853637847109216,0.5343126432418187,47.681818005473644,46.950230153753274,0.006715080211818846,0.3109853297825085,0.29995095044258224,global_lstm_seed_ensemble_seed=3,20265611,3,20265611
33031,global_lstm,global LSTM,15.40041067761807,0.49949425335487585,0.3018886321596256,0.21890811757289919,4.168440772523138,67.16260009339385,1.2071538656282264,0.9629868127429757,0.8997126134420522,global_lstm_seed_ensemble_seed=3,20265611,3,20265611
33032,global_lstm,global LSTM,15.561943874058864,-5.62866754915721,-5.249293212459855,-0.6014561803922596,83.61911677251047,41.066801168382035,0.30881470049071763,1.7229117220701422,1.677399126372403,global_lstm_seed_ensemble_seed=3,20265611,3,20265611
33033,global_lstm,global LSTM,14.844626967830253,0.40010220170306476,0.17277060611871076,0.6137277255543284,36.524450736309035,48.2682221495947,0.121077609233785,0.6018789103550173,1.0999577804639509,global_lstm_seed_ensemble_seed=3,20265611,3,20265611
33034,global_lstm,global LSTM,15.597535934291582,0.4745895579583832,0.0993798678455039,0.5187383899825991,44.95941164541749,46.70775100674878,0.01656833710332855,0.9630711529625509,0.8625777112073008,global_lstm_seed_ensemble_seed=3,20265611,3,20265611
33035,global_lstm,global LSTM,14.973305954825461,0.4201082098301008,0.2447187906082896,0.531286670606301,44.94288783713861,35.992453303743346,0.09644952500463395,1.2211819496127791,1.0705712675221226,global_lstm_seed_ensemble_seed=3,20265611,3,20265611
33039,global_lstm,global LSTM,14.869267624914443,0.6378866298646253,0.43194001238972846,0.4291902619853797,24.657844269080574,56.290386390928546,0.3584791243819375,1.0870465701852114,0.6771012681876778,global_lstm_seed_ensemble_seed=3,20265611,3,20265611
33053,global_lstm,global LSTM,15.323750855578371,-0.6503268667397251,-0.603357435892397,-0.40530617236379607,23.614559845402137,72.44854958458502,0.48684984022445343,0.28677266701751025,0.741624288845689,global_lstm_seed_ensemble_seed=3,20265611,3,20265611
33054,global_lstm,global LSTM,13.828884325804244,-0.39195743675109873,-1.0389889018300882,0.15396365703001014,71.55113605497364,48.968154527202024,0.16470279668999468,1.2138844048913917,1.008722309920868,global_lstm_seed_ensemble_seed=3,20265611,3,20265611
33058,global_lstm,global LSTM,13.322381930184806,0.5974786839581225,0.23230984384847875,0.11994354076021452,16.81009288293885,72.37790795129624,0.6340359127714652,0.27810349565902337,0.8198527354687797,global_lstm_seed_ensemble_seed=3,20265611,3,20265611
34002,global_lstm,global LSTM,15.381245722108146,0.6782564726609259,0.4391989013133375,0.5344302339070581,17.977505871701826,45.04799076925697,0.39894598607011633,0.7465144161202093,0.24401298642263747,global_lstm_seed_ensemble_seed=3,20265611,3,20265611
34003,global_lstm,global LSTM,15.597535934291582,0.09384577352322943,-0.07599973160465634,0.4121267831231742,42.23518285269033,40.8100804501499,0.014906927842068153,0.11626787777342362,0.09578427166502324,global_lstm_seed_ensemble_seed=3,20265611,3,20265611
34004,global_lstm,global LSTM,15.381245722108146,0.4147509890765494,0.029216498793336765,0.552669913534007,48.0728282886435,44.34624680050313,0.03504280425639333,0.5148005334720052,0.6234862662793135,global_lstm_seed_ensemble_seed=3,20265611,3,20265611
34005,global_lstm,global LSTM,15.496235455167694,0.5977385114625281,0.46269645555508,0.702234930831521,17.803937582645002,43.38502438976203,0.3868237828792692,0.5861529151823324,0.36923271603956875,global_lstm_seed_ensemble_seed=3,20265611,3,20265611
34006,global_lstm,global LSTM,15.597535934291582,0.6075292250546787,0.3773333108274969,0.34541274595734806,12.34952942434431,48.22382867971791,0.5916112785289565,1.3020379021880104,0.15957992230578966,global_lstm_seed_ensemble_seed=3,20265611,3,20265611
34007,global_lstm,global LSTM,15.490759753593428,0.49770890406908386,0.31789987531796504,0.25314445049453127,8.15474589223511,49.71238373104938,0.7850541555952926,0.7625267852393454,0.5149206249644401,global_lstm_seed_ensemble_seed=3,20265611,3,20265611
34008,global_lstm,global LSTM,15.143052703627653,-1.0367146379942564,-0.805016205412938,0.17957460246269374,81.1618410100906,46.50983571809872,0.2418070841600914,1.1495200279583964,0.5880163003682499,global_lstm_seed_ensemble_seed=3,20265611,3,20265611
34010,global_lstm,global LSTM,15.468856947296372,0.5682661983864986,0.27000402001341606,0.30269922650853676,12.046520429887812,46.086777444828236,0.5827147202458597,0.916935773203128,0.39981907248533,global_lstm_seed_ensemble_seed=3,20265611,3,20265611
34011,global_lstm,global LSTM,15.457905544147843,-0.6397541573344512,-0.5322796244627579,0.33445975200425326,68.2677383612197,40.382988756305544,0.2280170573146583,0.9225111696458775,0.25497848483971364,global_lstm_seed_ensemble_seed=3,20265611,3,20265611
34012,global_lstm,global LSTM,15.594798083504449,-7.140783203927386,-6.323006049887265,-0.7517632659568512,112.03120226031177,40.30122178156409,0.44402078410170076,1.839364056834808,1.2608125973150928,global_lstm_seed_ensemble_seed=3,20265611,3,20265611
35003,global_lstm,global LSTM,15.537303216974674,0.4405602838143301,0.20385124649541186,0.10024979406220025,2.941591945369118,47.46241377905923,1.2077673935200015,0.8304251836185892,1.0768926075286018,global_lstm_seed_ensemble_seed=3,20265611,3,20265611
35008,global_lstm,global LSTM,15.501711156741958,0.5039240933227764,0.39017291842516366,0.31164254347014575,4.473098631050828,42.82197574686358,0.9810582267723147,0.22306118331863445,1.085917636500542,global_lstm_seed_ensemble_seed=3,20265611,3,20265611
36003,global_lstm,global LSTM,15.592060232717317,0.5844040738481426,0.4162005233894991,0.4564777686103473,10.536537698989953,66.8714955444094,0.8025431106977519,0.1931576427978492,1.2271538107875375,global_lstm_seed_ensemble_seed=3,20265611,3,20265611
36006,global_lstm,global LSTM,15.597535934291582,0.5990340299076622,0.4276043316477153,0.46926395237960405,11.487951160252289,71.29620716704333,0.7928238462155601,1.339693030771849,0.21702474984890574,global_lstm_seed_ensemble_seed=3,20265611,3,20265611
36009,global_lstm,global LSTM,15.589322381930184,0.48446780883563356,0.3134453774545668,0.24997058201249767,8.277688353762434,35.2860762034666,0.6296942960415745,0.18710340118218993,1.155761845799228,global_lstm_seed_ensemble_seed=3,20265611,3,20265611
36010,global_lstm,global LSTM,15.578370978781656,0.369260201931109,0.2624539480600394,0.18173120540588728,6.095820328311826,77.7140095073032,1.1054671582637015,0.22275946486236292,1.422000803495346,global_lstm_seed_ensemble_seed=3,20265611,3,20265611
36011,global_lstm,global LSTM,15.542778918548938,0.45426045555430683,0.2662638099336151,0.16220685630257659,6.429029358479854,71.51669868520693,1.0462620495926298,0.17936773731198108,1.2945012473873934,global_lstm_seed_ensemble_seed=3,20265611,3,20265611
36012,global_lstm,global LSTM,15.586584531143053,0.11364234437150911,0.20512960436930638,0.13458381003046438,6.146998234645002,67.360970902153,1.0397452498107433,0.19880551949933806,1.235037649056864,global_lstm_seed_ensemble_seed=3,20265611,3,20265611
37001,global_lstm,global LSTM,15.597535934291582,0.6133963772493779,0.44076806245212174,0.3519295532849749,12.06117513291141,59.441986485875084,0.6927036910081058,1.7529365366001959,0.5843071142176373,global_lstm_seed_ensemble_seed=3,20265611,3,20265611
37003,global_lstm,global LSTM,15.594798083504449,0.582077047363718,0.3876126161528338,0.2714083614215974,11.906118677926345,71.19738107535373,0.7766938116392387,0.8716328872973316,0.2111074614222368,global_lstm_seed_ensemble_seed=3,20265611,3,20265611
37005,global_lstm,global LSTM,15.58384668035592,0.6225734122987234,0.5260175138595652,0.492554985885006,11.390516320761016,72.73530741550924,0.8052018680574733,1.2397229172243158,0.18773687081307244,global_lstm_seed_ensemble_seed=3,20265611,3,20265611
37008,global_lstm,global LSTM,15.597535934291582,0.6470047553748406,0.46019932386684914,0.42221265781369655,12.088918812968346,73.58808760337674,0.7844200557433435,0.63610149623727,0.37906574709824004,global_lstm_seed_ensemble_seed=3,20265611,3,20265611
37009,global_lstm,global LSTM,15.597535934291582,0.5977828057113002,0.4248654421250585,0.3806823397191821,10.26388040936226,73.52159303611785,0.8551033254266482,0.3768792029616358,0.8449642106274894,global_lstm_seed_ensemble_seed=3,20265611,3,20265611
37010,global_lstm,global LSTM,15.578370978781656,0.6222306435001272,0.5084655050711797,0.5078854905880816,5.428403628493438,71.67437788581007,1.1206917999585675,1.744387116447096,0.12479076033858871,global_lstm_seed_ensemble_seed=3,20265611,3,20265611
37011,global_lstm,global LSTM,15.592060232717317,0.5714770814100949,0.44799190902488384,0.3813973016956561,7.642050825128624,75.26792011426643,0.9933999935662285,0.11187083951164767,1.2816497446282573,global_lstm_seed_ensemble_seed=3,20265611,3,20265611
37018,global_lstm,global LSTM,15.572895277207392,0.5104061312908752,0.2966301803993485,0.1971808293887738,6.145176042137651,60.330099652086844,0.9919997139510525,0.48803372908175746,1.6164303663788413,global_lstm_seed_ensemble_seed=3,20265611,3,20265611
37019,global_lstm,global LSTM,15.597535934291582,0.48112277212565824,0.316642905465777,0.23704945079662332,3.775256780723519,43.98425862899984,1.0663507799017187,0.31735147446471507,1.5227515937436815,global_lstm_seed_ensemble_seed=3,20265611,3,20265611
37020,global_lstm,global LSTM,15.592060232717317,0.6258841610764756,0.3509646992338804,0.26204008542088875,9.28754242384545,75.02090395945943,0.9072814822958154,0.3478133994783999,0.8024073221416151,global_lstm_seed_ensemble_seed=3,20265611,3,20265611
37031,global_lstm,global LSTM,13.81245722108145,0.42370623974751764,0.24428303985580369,0.15983070949097422,3.3559324421658863,71.03208604466451,1.325641359543299,0.2609859536784789,1.7529991996000605,global_lstm_seed_ensemble_seed=3,20265611,3,20265611
37033,global_lstm,global LSTM,13.607118412046544,0.37008937636509853,0.24099965115855349,0.22414717867779144,3.1233979824644713,75.81627190019611,1.3851350996986687,0.5695298366840862,1.8675044643811387,global_lstm_seed_ensemble_seed=3,20265611,3,20265611
38001,global_lstm,global LSTM,15.597535934291582,0.5362522473665192,0.42795186985374856,0.602186136636302,33.47774822196493,71.57167723717069,0.3299849559332608,0.3413526267504634,0.7183907830424281,global_lstm_seed_ensemble_seed=3,20265611,3,20265611
38003,global_lstm,global LSTM,15.597535934291582,-8.688272447382413,-7.1305570644684835,-1.0552404220593603,151.69132059229537,66.60277103249982,0.3574684336997111,1.9879298311457256,1.6077344411590355,global_lstm_seed_ensemble_seed=3,20265611,3,20265611
38004,global_lstm,global LSTM,12.85968514715948,0.5166145488323413,0.3385342623541764,0.39343392348387607,21.02246501164776,84.54996862117572,0.6044298124125654,0.4887974826273539,1.4926880953075674,global_lstm_seed_ensemble_seed=3,20265611,3,20265611
38007,global_lstm,global LSTM,15.567419575633128,0.3482306136328498,0.15345123276164252,0.24700484064129746,5.600730237671716,38.88709253497553,0.8415608184012272,0.6463390204702171,1.3813997726591183,global_lstm_seed_ensemble_seed=3,20265611,3,20265611
38012,global_lstm,global LSTM,14.543463381245722,-0.4493047957004843,-0.32947666248672003,-0.33317698424694697,2.13097462510078,71.57483764203982,1.5261820932372607,0.23553782785065158,1.8426012965943928,global_lstm_seed_ensemble_seed=3,20265611,3,20265611
38014,global_lstm,global LSTM,15.43874058863792,0.5040575541708703,0.4014459667306215,0.35482281176879715,3.2314120514736735,43.87269689824862,1.1328019914023875,0.33767591259169394,1.5009436416175053,global_lstm_seed_ensemble_seed=3,20265611,3,20265611
38017,global_lstm,global LSTM,15.597535934291582,-27.147504144461596,-25.52294034616002,-2.8104959360077335,230.14954158618545,65.82293147730587,0.5436328941555578,1.7096918063834476,1.3742749588690266,global_lstm_seed_ensemble_seed=3,20265611,3,20265611
38018,global_lstm,global LSTM,15.597535934291582,0.40483555549954564,0.06793745344588542,0.5697653522162739,89.49620723029905,65.01845629189506,0.1387679766955304,0.998994974054786,0.5625860491394699,global_lstm_seed_ensemble_seed=3,20265611,3,20265611
38021,global_lstm,global LSTM,15.323750855578371,0.5747777679130686,0.4476034248562236,0.3638062259373023,5.997288557841565,43.243607932451056,0.8579669758724658,0.3585063442444656,1.416470217880118,global_lstm_seed_ensemble_seed=3,20265611,3,20265611
38026,global_lstm,global LSTM,14.444900752908966,0.6340115054764612,0.41975190730656,0.35805036660493794,12.07314941476622,70.1112786073108,0.7639673119347618,0.14665469490408212,0.9272244688116408,global_lstm_seed_ensemble_seed=3,20265611,3,20265611
38029,global_lstm,global LSTM,13.325119780971937,0.3548013302920703,0.10785613023697194,-0.27088700045116965,12.301210871220647,83.29747863707803,0.8306839924067508,0.41686085465201533,1.5228247674772182,global_lstm_seed_ensemble_seed=3,20265611,3,20265611
38030,global_lstm,global LSTM,12.950034223134839,-0.8651217167474916,-0.6593724341496747,0.17870037345840817,43.966691621131986,77.32161708305406,0.24517714084479916,0.9084219371610041,1.6746607881020825,global_lstm_seed_ensemble_seed=3,20265611,3,20265611
39001,global_lstm,global LSTM,15.597535934291582,0.6285626609204937,0.4728278340060479,0.7121692186506619,43.639671638347686,60.989278835344074,0.14537202396473847,0.8273988995799886,0.41350208720705695,global_lstm_seed_ensemble_seed=3,20265611,3,20265611
39002,global_lstm,global LSTM,13.574264202600958,0.6970098505033944,0.579196639072219,0.6403308190460324,44.49343084822944,25.398321795153567,0.24349087371759331,0.46077447545167427,0.7046004259290334,global_lstm_seed_ensemble_seed=3,20265611,3,20265611
39004,global_lstm,global LSTM,12.109514031485284,-67.61674706005051,-75.50540597302908,-6.885801225330517,90.24895022207781,20.188301347323744,0.6503423801338616,1.963585134949792,1.9827536890358468,global_lstm_seed_ensemble_seed=3,20265611,3,20265611
39005,global_lstm,global LSTM,14.781656399726215,-0.039608360274172805,-0.30420674669898795,0.080586195882833,33.424686690732216,59.02433106546038,0.24696372877727743,0.8978774962968512,1.6493092418889042,global_lstm_seed_ensemble_seed=3,20265611,3,20265611
39006,global_lstm,global LSTM,15.597535934291582,0.23696936096447951,-0.09295951362827615,0.49717855300821234,51.229119200436465,33.92655238368384,0.17897716008739095,0.869168197237062,1.042492841923706,global_lstm_seed_ensemble_seed=3,20265611,3,20265611
39007,global_lstm,global LSTM,15.594798083504449,0.8062512132994163,0.5181332985623153,0.6224694287910627,16.039473420506834,41.01549161097868,0.40775781516700454,0.42678276490214184,0.4978713079546826,global_lstm_seed_ensemble_seed=3,20265611,3,20265611
39008,global_lstm,global LSTM,14.075290896646132,0.6823520356825589,0.521591189674744,0.7142415021679474,52.333646293217136,25.969836042122054,0.30431178705257134,0.389368782899711,0.7623327574365351,global_lstm_seed_ensemble_seed=3,20265611,3,20265611
39010,global_lstm,global LSTM,15.597535934291582,-3.2427463062846043,-2.939589169459225,-0.3485246104046156,137.23941867092992,62.81337990413337,0.3394267069315225,0.8148289281629508,0.4172054071304959,global_lstm_seed_ensemble_seed=3,20265611,3,20265611
39011,global_lstm,global LSTM,15.597535934291582,-0.9480154348553231,-0.07108565607777528,0.35616231366088036,18.21518013326848,35.85226773719901,0.2940831605657782,0.2522469057312018,0.7718514401229482,global_lstm_seed_ensemble_seed=3,20265611,3,20265611
39012,global_lstm,global LSTM,15.301848049281315,-0.03391903615288272,-0.8340112800067845,0.1603709084083862,11.595442824406229,42.7266318116267,0.5664113194558669,0.3954757228860146,1.4957453699466552,global_lstm_seed_ensemble_seed=3,20265611,3,20265611
39014,global_lstm,global LSTM,15.597535934291582,-12.402211660923781,-8.548632016645286,-1.2208482575165376,197.24633633957149,66.30953422930305,0.47343296799907597,1.2995556522180216,0.6194422681266462,global_lstm_seed_ensemble_seed=3,20265611,3,20265611
39015,global_lstm,global LSTM,13.79876796714579,-3.9209274326687567,-1.5276745606657127,-0.028042363545105475,158.7255323404661,20.75487146764584,0.883526744113396,1.372129968304324,1.1601400036738254,global_lstm_seed_ensemble_seed=3,20265611,3,20265611
39016,global_lstm,global LSTM,15.597535934291582,-0.004984833152996915,-0.5226532739588905,0.2543043580466169,105.16283776810788,55.14457958306191,0.28035946676645557,0.7879852360275159,0.20930601917156144,global_lstm_seed_ensemble_seed=3,20265611,3,20265611
39017,global_lstm,global LSTM,14.69678302532512,0.44008536282804944,0.26400721866017207,0.17619649504802803,7.938889983672919,70.93267810144022,0.9510865736025104,0.30435603712404047,1.5867839833598154,global_lstm_seed_ensemble_seed=3,20265611,3,20265611
39019,global_lstm,global LSTM,14.72416153319644,-3.3729479886927836,-1.730812473904546,-0.026110094275848983,136.36475960799868,21.1084242753271,0.8102463363912111,0.7292066709723484,0.779514744047778,global_lstm_seed_ensemble_seed=3,20265611,3,20265611
39020,global_lstm,global LSTM,15.597535934291582,-0.12410842907046327,-0.15428195773686193,0.43772803815525796,73.10468631229826,33.50732283326456,0.3388054879417517,1.1497770348018257,0.8896643434092174,global_lstm_seed_ensemble_seed=3,20265611,3,20265611
39021,global_lstm,global LSTM,15.597535934291582,0.6780538177294684,0.46679027509608884,0.6717035459521437,34.118284810515796,45.38820085070034,0.12395577776895843,0.953166837593787,0.6168773467566465,global_lstm_seed_ensemble_seed=3,20265611,3,20265611
39022,global_lstm,global LSTM,15.597535934291582,0.6811557131274542,0.29288438742142475,0.470603134167328,24.964560890751766,57.8473262165781,0.3649593585393928,0.21243781913145776,0.5822824753802383,global_lstm_seed_ensemble_seed=3,20265611,3,20265611
39023,global_lstm,global LSTM,15.597535934291582,-6.141207325596237,-11.865946244273275,-1.8074247589906611,159.57527370869454,65.96362103372545,0.3836611100544728,1.7012362505081404,1.379508342351827,global_lstm_seed_ensemble_seed=3,20265611,3,20265611
39025,global_lstm,global LSTM,15.572895277207392,0.83688055968033,0.6423439387337848,0.6486537079535968,17.88332838828547,37.10065518934551,0.31693322773460547,0.18348863467255394,0.9062310544193288,global_lstm_seed_ensemble_seed=3,20265611,3,20265611
39027,global_lstm,global LSTM,15.597535934291582,-7.082164825290688,-5.339899980832421,-0.8937090784041728,101.95414242705179,57.84406843603026,0.24614604472228527,0.49007120117404956,0.6850592843653498,global_lstm_seed_ensemble_seed=3,20265611,3,20265611
39028,global_lstm,global LSTM,15.597535934291582,-3.7873847647845382,-3.812100265882881,-0.6278793340526285,120.82486722365726,54.80883644892148,0.3433057441388794,1.15739704815695,0.898960055990109,global_lstm_seed_ensemble_seed=3,20265611,3,20265611
39029,global_lstm,global LSTM,15.597535934291582,-4.513308261828216,-3.073194875080766,-0.6598587565092875,58.74585582820648,36.57450367162737,0.205798793809334,1.1674515684718325,0.6726639097366426,global_lstm_seed_ensemble_seed=3,20265611,3,20265611
39034,global_lstm,global LSTM,15.597535934291582,0.7345669987025675,0.3795134604001942,0.568487819961126,42.32708825798007,42.28574912728448,0.0004243648678157021,0.30794810269180006,0.30794810269180006,global_lstm_seed_ensemble_seed=3,20265611,3,20265611
39035,global_lstm,global LSTM,15.597535934291582,-0.5769541641907097,-1.5732258854388768,0.03959508105881138,57.61643628709627,36.086545582157406,0.20320108182430566,0.628883929827757,0.5123807790301803,global_lstm_seed_ensemble_seed=3,20265611,3,20265611
39036,global_lstm,global LSTM,15.378507871321013,-27.10903763701961,-25.209820942055124,-3.6291755371014673,61.898145594506595,38.11227335524251,0.21061278346038406,1.4559255237838449,1.1015009826408706,global_lstm_seed_ensemble_seed=3,20265611,3,20265611
39037,global_lstm,global LSTM,15.197809719370294,-1.1355992708211584,-0.4330148339365869,0.37792037269646717,68.37953276760273,59.358572222029295,0.061442682848461855,1.0738333282554873,0.9171746896817239,global_lstm_seed_ensemble_seed=3,20265611,3,20265611
39042,global_lstm,global LSTM,14.984257357973991,0.40062156767462376,0.20866541509308656,0.5262013935099659,50.934274598037696,39.464160446497665,0.11080725721390693,0.9930764146846772,0.8840438328364163,global_lstm_seed_ensemble_seed=3,20265611,3,20265611
39049,global_lstm,global LSTM,14.573579739904176,0.4979301937322336,0.3551302083736898,0.3440891807762758,3.455076324811765,49.675302757215384,1.157682877039754,0.2173797293977056,1.5070543010766704,global_lstm_seed_ensemble_seed=3,20265611,3,20265611
39052,global_lstm,global LSTM,15.594798083504449,0.6519219136999452,0.4578959082371957,0.39268563403951817,7.346267864821156,61.327560549993436,0.9215889300811843,0.06454152685217418,1.2139038462119864,global_lstm_seed_ensemble_seed=3,20265611,3,20265611
39054,global_lstm,global LSTM,13.505817932922655,0.6071287387460989,0.5176228474051785,0.4011359657966973,9.891090400297358,37.57082549321271,0.5796065661916223,0.2633319228644887,1.353017042246543,global_lstm_seed_ensemble_seed=3,20265611,3,20265611
39056,global_lstm,global LSTM,13.44832306639288,-3.2263807554482566,-2.513347592955004,-0.8935703305257614,6.257269234572009,42.288559439014264,0.829838049165121,0.5107009374842613,1.6564246918274836,global_lstm_seed_ensemble_seed=3,20265611,3,20265611
39061,global_lstm,global LSTM,15.249828884325805,-0.3773239797190884,-0.9465792004034272,-0.15394914116187008,100.44378014442023,56.32703264005913,0.251206175968956,0.955241048865187,0.9872024921120802,global_lstm_seed_ensemble_seed=3,20265611,3,20265611
39065,global_lstm,global LSTM,14.157426420260096,-9.871088009769077,-6.221582235066902,-0.848647451382972,132.53891826839637,66.25117236785651,0.3011498538577497,1.0419127030546478,0.974966017706607,global_lstm_seed_ensemble_seed=3,20265611,3,20265611
39069,global_lstm,global LSTM,14.496919917864476,0.5004963605588353,0.3134422157342328,0.11325760558692233,8.663505383253279,36.31238568922718,0.6223611329953013,0.03596375081253367,0.9902722692276478,global_lstm_seed_ensemble_seed=3,20265611,3,20265611
39072,global_lstm,global LSTM,12.958247775496236,0.6344999392567827,0.4515683791750109,0.6256663614478527,52.19520589610095,71.56486560277533,0.13706924491973052,0.7294640961874571,0.7932097882755034,global_lstm_seed_ensemble_seed=3,20265611,3,20265611
39078,global_lstm,global LSTM,13.330595482546201,-8.426407636669259,-3.867958966165511,-0.9318920987502406,32.625396474702484,58.59047233165012,0.2542712010505366,0.4693998688266766,1.0182213617445797,global_lstm_seed_ensemble_seed=3,20265611,3,20265611
39081,global_lstm,global LSTM,15.34839151266256,0.7188822032696586,0.5045735686621555,0.5665591142332576,34.40060955269163,58.056925308600015,0.22728789388577977,0.9327024419445658,0.4474312709002539,global_lstm_seed_ensemble_seed=3,20265611,3,20265611
39087,global_lstm,global LSTM,14.231348391512663,0.35116881215684415,0.08899972387557309,0.08854426121792114,16.54515924983498,63.78228105520572,0.5860290952521899,0.01825603723346414,1.0145321622724341,global_lstm_seed_ensemble_seed=3,20265611,3,20265611
39088,global_lstm,global LSTM,14.47501711156742,-7.682035014127866,-8.417605604954781,-1.144831712029668,171.4744556707587,52.730377853079325,0.5121385495150822,1.5875624912801842,0.7456067977338906,global_lstm_seed_ensemble_seed=3,20265611,3,20265611
39095,global_lstm,global LSTM,11.718001368925394,0.36914914017794975,0.3269226136393064,0.4075258677695649,6.151400032103671,21.10143211323637,0.5353379604460052,0.4547879824272344,1.4537606882439325,global_lstm_seed_ensemble_seed=3,20265611,3,20265611
39099,global_lstm,global LSTM,11.824777549623546,0.37796075037399357,0.19699148963790447,0.1959508939872503,48.483524081780615,46.98310845262398,0.013652432730226307,1.5927250486170061,1.578195417426737,global_lstm_seed_ensemble_seed=3,20265611,3,20265611
39101,global_lstm,global LSTM,10.075290896646132,-4.113658489103827,-2.1316713640207126,-0.3665375069479251,69.16520568319403,21.572244718736957,0.505992334435138,1.2091585695055325,1.337074525974792,global_lstm_seed_ensemble_seed=3,20265611,3,20265611
39105,global_lstm,global LSTM,9.96577686516085,0.6378531057753176,0.4104822325183787,0.3745762458725742,27.262784857255046,81.66542616234246,0.476468016358249,1.7990717177771727,0.5084843847705747,global_lstm_seed_ensemble_seed=3,20265611,3,20265611
39108,global_lstm,global LSTM,9.412731006160165,-0.1039567377145112,0.13483293461110923,0.42706643687474,66.08352628106474,44.629034109968664,0.17047572164151453,1.3021415285511926,1.178533917470207,global_lstm_seed_ensemble_seed=3,20265611,3,20265611
39114,global_lstm,global LSTM,8.999315537303216,-12.407830639182597,-5.688721314786399,-1.0275091496861601,174.3424213064177,83.30924791045317,0.32070985945576047,1.5883420037811469,1.3824468792489113,global_lstm_seed_ensemble_seed=3,20265611,3,20265611
39120,global_lstm,global LSTM,9.284052019164955,-103.89952734052474,-55.61018045502071,-8.959391723115798,32.49963114126014,47.813745088833485,0.16767432991920875,0.5033917505854089,0.9142790799340595,global_lstm_seed_ensemble_seed=3,20265611,3,20265611
39125,global_lstm,global LSTM,8.88432580424367,-23.901428810216032,-13.229305362457072,-3.6281124160352505,136.7279946660435,59.9977434736344,0.3577225274318137,1.2780910344744743,0.9796269910461363,global_lstm_seed_ensemble_seed=3,20265611,3,20265611
39127,global_lstm,global LSTM,8.681724845995893,-16.223151138077505,-10.2496179846183,-1.5319529098878957,129.40416113449393,44.99134891097703,0.45881922759025423,1.1111796419976736,0.5640553259523454,global_lstm_seed_ensemble_seed=3,20265611,3,20265611
39141,global_lstm,global LSTM,7.477070499657769,0.3968693739342163,0.12177564230540727,0.5675727773853383,13.46037389649059,48.1758212347522,0.5537720029408159,0.3994866877138452,0.39303528994403913,global_lstm_seed_ensemble_seed=3,20265611,3,20265611
39142,global_lstm,global LSTM,8.098562628336756,-1.2731017993614655,-1.5401601859378484,0.1342588844924849,79.0965518764858,40.835011284328075,0.28712487140293685,1.119217181901931,0.9774217350794545,global_lstm_seed_ensemble_seed=3,20265611,3,20265611
39143,global_lstm,global LSTM,8.098562628336756,0.3602616051573908,-0.09770626760116397,0.36777737552722245,58.690555488398296,39.229850371054056,0.17495156833541803,1.7179067663825864,1.534501801110836,global_lstm_seed_ensemble_seed=3,20265611,3,20265611
39144,global_lstm,global LSTM,8.202600958247775,0.7848871397423318,0.16683123695738944,0.38004546394024896,44.18315320183365,38.583897031040784,0.0588506168536523,1.1273900261725038,1.0065152278957061,global_lstm_seed_ensemble_seed=3,20265611,3,20265611
40003,global_lstm,global LSTM,15.537303216974674,0.7070490721746568,0.5517617432043713,0.4634884350988814,14.683459602570874,37.05242317357481,0.4019882227345829,0.49086254554221576,0.35431302850929525,global_lstm_seed_ensemble_seed=3,20265611,3,20265611
40004,global_lstm,global LSTM,15.263518138261464,0.7137553135768122,0.5250002861968575,0.4061465482201999,10.787992628990848,32.71334368378194,0.48178429529062844,0.21810206324963943,0.799934418032693,global_lstm_seed_ensemble_seed=3,20265611,3,20265611
40005,global_lstm,global LSTM,15.359342915811089,0.5760880020894689,0.4359462860346298,0.31977092532664464,9.957915513863615,42.19816976274054,0.6271251777002089,0.5677301526069458,0.6028991823664641,global_lstm_seed_ensemble_seed=3,20265611,3,20265611
40006,global_lstm,global LSTM,12.826830937713895,0.549455936869973,-0.9055641873625451,-0.11066605231347038,21.747459710214873,60.15159939781864,0.44183864454634764,0.6007290551300377,1.405935851673572,global_lstm_seed_ensemble_seed=3,20265611,3,20265611
40007,global_lstm,global LSTM,15.545516769336071,0.77748541581232,0.6018460307900304,0.5421234239493193,11.124913243846002,25.635684728795837,0.36254828905262554,0.5342474813897626,1.1574680858785014,global_lstm_seed_ensemble_seed=3,20265611,3,20265611
40009,global_lstm,global LSTM,15.249828884325805,0.7224091857184604,0.5448573894192944,0.6071315239256467,10.659465399431664,33.58971845126476,0.49847093939201625,0.6037733475947118,1.3892763236346728,global_lstm_seed_ensemble_seed=3,20265611,3,20265611
40010,global_lstm,global LSTM,14.872005475701574,0.735447637681685,0.6015388304628633,0.5434734996367924,11.281858531882957,55.39752129469759,0.6911096834850952,0.33083203209629075,0.838820768237238,global_lstm_seed_ensemble_seed=3,20265611,3,20265611
40011,global_lstm,global LSTM,15.597535934291582,0.7511183958088936,0.4768773111174913,0.6904284204204199,36.35424765589164,41.79757647255912,0.06059593959806944,0.16544493571245844,0.1487415412407831,global_lstm_seed_ensemble_seed=3,20265611,3,20265611
40012,global_lstm,global LSTM,15.597535934291582,-5.485629965079196,-3.1807500326049505,-0.6379684166992694,103.92745073965884,37.351569663923776,0.4444214171633195,0.8381783713600326,0.2976744905605837,global_lstm_seed_ensemble_seed=3,20265611,3,20265611
40013,global_lstm,global LSTM,15.592060232717317,0.5429488016296962,0.6339409869873815,0.6073446365273966,32.487037259018074,36.72320103501681,0.0532304236131073,0.3401754652590946,0.4686419665474204,global_lstm_seed_ensemble_seed=3,20265611,3,20265611
40016,global_lstm,global LSTM,15.493497604380561,-3.8906950117053185,-1.8756441061372309,-0.18504796429711834,61.24909056883633,36.67343913254325,0.22274800585477808,1.9756110391565231,1.5820075120584935,global_lstm_seed_ensemble_seed=3,20265611,3,20265611
40017,global_lstm,global LSTM,14.327173169062286,0.538554398029264,0.44125767838292684,0.4188710734174401,6.151440746677355,38.899166092178696,0.8009634461078724,1.161998712093876,1.6788450030428177,global_lstm_seed_ensemble_seed=3,20265611,3,20265611
40018,global_lstm,global LSTM,15.378507871321013,-1.5078785015741087,-0.15419617987418577,0.31366540737964954,64.95664242069051,44.11803142798705,0.16800744259882594,0.6245632730654158,0.2771116513994103,global_lstm_seed_ensemble_seed=3,20265611,3,20265611
4001,global_lstm,global LSTM,14.023271731690622,0.6091807792644728,0.09318985525286394,0.5174908575427772,10.739908747545533,83.37862013689555,0.8900541121894455,0.5571097973298706,0.39543148913238,global_lstm_seed_ensemble_seed=3,20265611,3,20265611
40020,global_lstm,global LSTM,13.702943189596168,0.5822517639765459,0.3882038565536722,0.2663884656883069,10.066745973908164,39.80007930646419,0.5969948277747366,0.9988301790594021,1.6373782437563102,global_lstm_seed_ensemble_seed=3,20265611,3,20265611
40021,global_lstm,global LSTM,12.281998631074606,0.690547171511779,0.45392299414777937,0.3804099147929101,11.78509574306548,43.87268083584315,0.5708610576193563,0.6366267270158992,1.7196445272432552,global_lstm_seed_ensemble_seed=3,20265611,3,20265611
40022,global_lstm,global LSTM,6.458590006844627,0.685985664699504,0.10345128192964237,0.08803804351628741,29.893109712003735,53.455236550982725,0.25241915968026973,0.15544338202885077,0.0828450109417338,global_lstm_seed_ensemble_seed=3,20265611,3,20265611
40033,global_lstm,global LSTM,12.668035592060233,-3.210427669027972,-2.802382974544087,-0.21102972546955012,122.6769072459989,33.68468121656498,0.5613303769863848,0.9661240975624175,1.1751088164879033,global_lstm_seed_ensemble_seed=3,20265611,3,20265611
4003,global_lstm,global LSTM,14.622861054072553,0.7463660569726975,0.45029413765055293,0.5235619687101138,3.498236498720867,90.56136430855426,1.413093789878995,1.1466760800437141,0.3867781383129675,global_lstm_seed_ensemble_seed=3,20265611,3,20265611
4005,global_lstm,global LSTM,11.02258726899384,0.7686543804396144,0.43571233593717473,0.41312340621374755,2.445828399029055,93.01713510652293,1.5801369758963006,,0.7004314524343095,global_lstm_seed_ensemble_seed=3,20265611,3,20265611
4006,global_lstm,global LSTM,9.872689938398358,0.8574066573191391,0.4145571044713653,0.40736288923047537,3.148743276222441,104.07967078030396,1.5192286566952973,1.1134809170217068,0.4245140716852994,global_lstm_seed_ensemble_seed=3,20265611,3,20265611
41001,global_lstm,global LSTM,15.589322381930184,0.48179087122500974,0.1320424219362739,-0.10087491344548294,23.255405723545955,39.83509669148737,0.23374195486620036,1.0145105100624567,1.562150234378004,global_lstm_seed_ensemble_seed=3,20265611,3,20265611
41003,global_lstm,global LSTM,15.123887748117728,0.6530081217105033,0.4194497805140869,0.27575503578957794,3.660827914649439,41.30152370280767,1.0523867596333265,0.4494354548995594,0.8563190331185102,global_lstm_seed_ensemble_seed=3,20265611,3,20265611
41004,global_lstm,global LSTM,14.442162902121835,0.43447428847864056,-0.3234235765713638,0.15279314805113897,15.878939457603197,40.223168517850354,0.40365478562533214,0.29112820903904923,0.8775347250206066,global_lstm_seed_ensemble_seed=3,20265611,3,20265611
41005,global_lstm,global LSTM,15.50444900752909,0.7689250863937417,0.6192720304859547,0.5535119091543947,11.434282942656644,24.869133958043147,0.3374517269970632,0.5026823652891572,1.0781539983543305,global_lstm_seed_ensemble_seed=3,20265611,3,20265611
41006,global_lstm,global LSTM,15.542778918548938,0.5950378313150317,0.35147535467585067,0.22404731157750035,6.757548912410737,42.25155667655268,0.7960535164299267,1.09256703078769,1.7168073086935305,global_lstm_seed_ensemble_seed=3,20265611,3,20265611
41009,global_lstm,global LSTM,13.763175906913073,0.4577164797738774,0.08035308716352263,0.5189752847149831,18.850414756937514,41.04443475522053,0.3379333689153498,0.7309796648807131,0.230264733533305,global_lstm_seed_ensemble_seed=3,20265611,3,20265611
41011,global_lstm,global LSTM,15.55920602327173,0.8023590735436378,0.4909422587042216,0.5685622876692608,13.104406303737061,24.466647305759277,0.27115711155216166,0.6584209457255781,1.2350476982718215,global_lstm_seed_ensemble_seed=3,20265611,3,20265611
41012,global_lstm,global LSTM,15.468856947296372,0.5656785960909063,0.32354836400366194,0.11431489713546561,8.198502226032563,24.352243621917086,0.4728044609087588,0.3617956106052771,0.9732020693021314,global_lstm_seed_ensemble_seed=3,20265611,3,20265611
41013,global_lstm,global LSTM,15.381245722108146,0.5865291607759018,0.42122452905865493,0.31818833737093977,7.369078113515271,39.51326744852262,0.7293297838924868,1.1124325110714999,1.6594470180519023,global_lstm_seed_ensemble_seed=3,20265611,3,20265611
41014,global_lstm,global LSTM,15.238877481177276,0.393625674223792,0.4911192900799688,0.3078640984467298,9.940338814166896,42.63598948242479,0.6323751589265584,0.7441198542264531,0.35171196987985565,global_lstm_seed_ensemble_seed=3,20265611,3,20265611
41016,global_lstm,global LSTM,15.597535934291582,0.6750913273992718,0.5047159278481581,0.42054828402821676,8.841911866310628,39.54326444658079,0.6505263374493794,0.9976000532096211,1.5441126763879243,global_lstm_seed_ensemble_seed=3,20265611,3,20265611
41019,global_lstm,global LSTM,15.509924709103354,0.6170234608601364,0.5005237979421766,0.3445501194436055,6.228551391717827,53.28508154618845,0.9322185825888927,0.05710627444959804,1.3548510540626015,global_lstm_seed_ensemble_seed=3,20265611,3,20265611
41020,global_lstm,global LSTM,15.279945242984258,0.6575677669883317,0.4674473433863112,0.3366077908327667,7.347396971627009,23.604395540150264,0.5068593786017914,0.9126533542144841,1.3894282601216856,global_lstm_seed_ensemble_seed=3,20265611,3,20265611
41022,global_lstm,global LSTM,15.597535934291582,0.7289488497478822,0.5684229247161641,0.5091544099057976,6.368920326471463,33.3382906624672,0.7188775126894792,0.3395467692880544,1.350955397662665,global_lstm_seed_ensemble_seed=3,20265611,3,20265611
41023,global_lstm,global LSTM,15.545516769336071,-4.448734625757296,-3.5585707891385674,-1.0921653614758458,51.47498254624672,23.58447668685627,0.33896996385265254,1.3251331696589141,1.1465502935861505,global_lstm_seed_ensemble_seed=3,20265611,3,20265611
41025,global_lstm,global LSTM,15.21697467488022,0.5099131562203212,0.3509348159823221,0.1793570203531767,3.6655955957387265,40.17553085826299,1.0398170739762806,0.42392808771843016,1.1081320927434555,global_lstm_seed_ensemble_seed=3,20265611,3,20265611
41027,global_lstm,global LSTM,14.959616700889802,0.6296281584566437,0.4192174983953535,0.34210732906690455,8.642167333517653,38.52103024798917,0.6490752227869153,0.7622704912039102,1.5489074519624064,global_lstm_seed_ensemble_seed=3,20265611,3,20265611
41028,global_lstm,global LSTM,15.241615331964407,0.6560749603601508,0.5066521189435036,0.48785104453913075,7.11843824802587,23.87861922669059,0.5256244883331028,0.8005114407251276,1.3632839678423254,global_lstm_seed_ensemble_seed=3,20265611,3,20265611
41029,global_lstm,global LSTM,13.193702943189596,0.678177070900754,0.44830052852687974,0.37033952484628874,9.98548260389911,44.05164856582535,0.6445931064548758,1.101577542381718,1.6206243140235084,global_lstm_seed_ensemble_seed=3,20265611,3,20265611
42001,global_lstm,global LSTM,15.425051334702259,0.3134441670464485,0.23747995897284635,0.1277478443765252,14.741597476181719,28.331894285618997,0.28373106417050836,0.9115228140604252,1.436066662185573,global_lstm_seed_ensemble_seed=3,20265611,3,20265611
42003,global_lstm,global LSTM,15.457905544147843,0.7351910411987914,0.5590573564575231,0.4869616509283925,7.397000967423645,34.66561591915646,0.6708432454017881,0.3260289330855759,1.1734219299225273,global_lstm_seed_ensemble_seed=3,20265611,3,20265611
42004,global_lstm,global LSTM,15.578370978781656,-2.7155583915070314,-2.1480968693464417,-0.19890825515195742,77.20229317971317,53.041112661304524,0.1630175747672803,0.8566693319324963,0.5409313951513602,global_lstm_seed_ensemble_seed=3,20265611,3,20265611
42006,global_lstm,global LSTM,15.597535934291582,-0.33689813076218655,-0.3835497237954173,0.40279081201433775,58.53842482873409,53.036784782616486,0.042863843896399724,0.6616642983829348,0.552953305189129,global_lstm_seed_ensemble_seed=3,20265611,3,20265611
42008,global_lstm,global LSTM,15.597535934291582,-5.4425735731182945,-2.9606176249157574,-0.3979469284976509,61.588988861133004,34.03663870900978,0.2575564093638427,0.8110535326875141,0.9053220809555081,global_lstm_seed_ensemble_seed=3,20265611,3,20265611
42010,global_lstm,global LSTM,15.523613963039015,-2.1892227747847284,-2.1996573114768756,0.039271369851398674,77.19777466321167,31.739558699087425,0.38600389724243034,0.9320242972034407,0.5450062412542127,global_lstm_seed_ensemble_seed=3,20265611,3,20265611
42011,global_lstm,global LSTM,15.02258726899384,0.23653979919500712,0.23698581176990874,0.6274980981884042,23.425638572774943,59.05650057414967,0.4015762706290449,0.82916311725475,1.4784625753442735,global_lstm_seed_ensemble_seed=3,20265611,3,20265611
42016,global_lstm,global LSTM,13.796030116358658,-3.6313053819778682,-3.4842031618392717,-0.13707626018538832,142.27334360560533,57.00180533377119,0.39723492745019484,0.7661787245607998,0.6828292614581052,global_lstm_seed_ensemble_seed=3,20265611,3,20265611
42017,global_lstm,global LSTM,11.301848049281315,0.5228267976175518,0.48151754052842255,0.3743273301820159,18.235727498592958,75.6512041624018,0.6178927514083153,0.6430386214636002,1.4055017184287468,global_lstm_seed_ensemble_seed=3,20265611,3,20265611
42024,global_lstm,global LSTM,10.001368925393566,-2.9452215622985554,-2.053093491820363,-0.07064151096005866,131.08009167980515,67.1992438368526,0.2901723503048866,1.1009039762991555,0.6725213208973295,global_lstm_seed_ensemble_seed=3,20265611,3,20265611
42026,global_lstm,global LSTM,6.787132101300479,0.23668147110088822,-0.4482107710278507,0.2181015442615034,65.62898670313531,46.86839065610771,0.14621565771452827,0.5550223502909533,0.8151582603621259,global_lstm_seed_ensemble_seed=3,20265611,3,20265611
42027,global_lstm,global LSTM,6.822724161533197,-1.2110622371719555,-1.8072433626853548,0.04871976710671666,103.7723879365336,46.00665183089375,0.35326118222204106,0.8325081046198961,0.8356254333517339,global_lstm_seed_ensemble_seed=3,20265611,3,20265611
43005,global_lstm,global LSTM,15.597535934291582,0.2432475562207096,0.07208484253080993,0.5426323921053275,64.00882723825421,54.982881285841295,0.06601237560036921,0.28398493289244864,0.26995985372711495,global_lstm_seed_ensemble_seed=3,20265611,3,20265611
43006,global_lstm,global LSTM,15.594798083504449,0.5400210410512625,0.30788914072904283,0.6144522528004812,41.71684687121152,53.16714851040074,0.10533189336605739,0.5100212688146668,0.8213865092633162,global_lstm_seed_ensemble_seed=3,20265611,3,20265611
43007,global_lstm,global LSTM,14.921286789869953,0.712119658501392,0.5037600552330685,0.5780495994502184,28.550565741418836,34.968753350447884,0.08806543142514012,0.3140397914362021,0.1808645472262007,global_lstm_seed_ensemble_seed=3,20265611,3,20265611
43008,global_lstm,global LSTM,15.597535934291582,-0.573046483318985,-0.3615944669268958,0.4097529103162757,52.85186595411299,54.49182128135725,0.013270998744027894,0.47465223441208926,0.4889183407533467,global_lstm_seed_ensemble_seed=3,20265611,3,20265611
43009,global_lstm,global LSTM,15.597535934291582,0.6497390849469102,0.5217910891288029,0.39951694846191665,9.756995288345665,34.83441351547539,0.5526924077272738,0.6100888507659472,0.4060217890701908,global_lstm_seed_ensemble_seed=3,20265611,3,20265611
43014,global_lstm,global LSTM,15.268993839835728,-0.5580993363710565,-0.6725531378600964,0.13412100294782392,70.21072925372576,54.67906941393863,0.1085823692422777,1.2369219703365164,1.0306376214322692,global_lstm_seed_ensemble_seed=3,20265611,3,20265611
43017,global_lstm,global LSTM,15.290896646132786,0.8045216423656909,0.6269192604659781,0.746066868129766,33.47203655316744,57.690820998975575,0.2364245823305839,0.11384575258107266,0.6919546408504101,global_lstm_seed_ensemble_seed=3,20265611,3,20265611
43018,global_lstm,global LSTM,14.3709787816564,0.13773317779510885,-0.007499031911129883,0.5264497476607329,55.97530395016957,34.9213183023528,0.20490583026904044,0.8070460642377512,0.6296088726907095,global_lstm_seed_ensemble_seed=3,20265611,3,20265611
43021,global_lstm,global LSTM,14.283367556468173,0.30771066187089935,-0.06679195267911542,0.5027590990008803,55.30018913430317,58.52835115219605,0.02463967278363331,0.42550625797652586,0.4100342839984481,global_lstm_seed_ensemble_seed=3,20265611,3,20265611
44001,global_lstm,global LSTM,15.597535934291582,-0.36609556316360536,-0.7720568369960128,0.15728566218924533,52.586876827728055,30.11789063004239,0.2420528266548381,0.17532122272949235,0.24087060170723273,global_lstm_seed_ensemble_seed=3,20265611,3,20265611
44002,global_lstm,global LSTM,15.597535934291582,-0.7297325576074261,-0.2899352232001011,0.4147049022020507,58.509133106010566,30.342800728399318,0.2851679985434912,0.7073378397540013,0.19916088144676503,global_lstm_seed_ensemble_seed=3,20265611,3,20265611
44006,global_lstm,global LSTM,15.597535934291582,-1.5022329420466445,-0.7236428992227084,0.2337667377828454,51.65926017816728,29.357333658738643,0.24543157346072897,1.355102145332258,1.2271779976838357,global_lstm_seed_ensemble_seed=3,20265611,3,20265611
44009,global_lstm,global LSTM,14.149212867898699,-0.457760935153694,-0.8825507313455669,-0.060062643738612254,69.08186924511797,35.03882037887791,0.294814603637771,0.8432162927773912,0.9243189397893328,global_lstm_seed_ensemble_seed=3,20265611,3,20265611
44011,global_lstm,global LSTM,7.972621492128679,0.7358412361902571,0.19559463216129402,0.42590157227573944,13.499492069507763,52.01594267289008,0.5858190454303698,0.34280050893338654,1.3373458866724057,global_lstm_seed_ensemble_seed=3,20265611,3,20265611
45001,global_lstm,global LSTM,15.597535934291582,0.859277362775021,0.6170150012896187,0.557783137619936,11.225968747451525,45.98156844723431,0.6123599522904803,0.08221069123468538,0.5466215006267021,global_lstm_seed_ensemble_seed=3,20265611,3,20265611
45003,global_lstm,global LSTM,15.597535934291582,0.7881206491693192,0.5754193872376416,0.5293211963983997,9.154193264378407,43.043976379500755,0.6722923073403819,0.3727960530826637,1.1517488922242463,global_lstm_seed_ensemble_seed=3,20265611,3,20265611
45004,global_lstm,global LSTM,15.597535934291582,0.7421546157839938,0.5212381018909771,0.4764853550565692,6.3175318043119235,31.2952910135507,0.6949315574300765,0.34953058497445444,1.1414079396762984,global_lstm_seed_ensemble_seed=3,20265611,3,20265611
45005,global_lstm,global LSTM,15.597535934291582,0.745939205335936,0.5778369395051439,0.5944384325700189,7.848020881986274,32.82822450620721,0.6214872448790288,0.4431623118861211,1.208272075887232,global_lstm_seed_ensemble_seed=3,20265611,3,20265611
45009,global_lstm,global LSTM,15.597535934291582,0.8106452356296566,0.5608179820426159,0.6161603807407312,11.622891567772184,42.63184719264521,0.5644199643687999,0.730456493499898,0.440963147696775,global_lstm_seed_ensemble_seed=3,20265611,3,20265611
45012,global_lstm,global LSTM,15.58110882956879,0.7490260493269826,0.5795329884145981,0.46370796098326517,10.438695532199015,45.55698039309469,0.6399086998578914,0.5300718303710682,1.322400689751002,global_lstm_seed_ensemble_seed=3,20265611,3,20265611
46003,global_lstm,global LSTM,15.597535934291582,0.8788744280465908,0.550133818214184,0.6001267883912668,10.534063604330836,36.55235311925393,0.5403194043468662,0.5311721862301775,0.8789917984653391,global_lstm_seed_ensemble_seed=3,20265611,3,20265611
46005,global_lstm,global LSTM,15.597535934291582,0.8123486464241099,0.5027968645105549,0.5203486304385911,5.074104954960063,40.86843903990182,0.9060286041444796,0.522376242852985,1.067851724217121,global_lstm_seed_ensemble_seed=3,20265611,3,20265611
46008,global_lstm,global LSTM,12.88432580424367,0.8759776462747757,0.5780463602947735,0.6180199182958005,13.008983203409576,37.74990957791395,0.4626725627554589,0.3192657885412924,0.7687084948305662,global_lstm_seed_ensemble_seed=3,20265611,3,20265611
47001,global_lstm,global LSTM,15.597535934291582,0.8406767736993371,0.564954639159944,0.5072679637652175,11.227923311116287,54.50060682647659,0.6861019002141795,0.21780234794853193,0.8829032766762211,global_lstm_seed_ensemble_seed=3,20265611,3,20265611
47004,global_lstm,global LSTM,15.597535934291582,0.8297707840882306,0.515236543037286,0.5383090312893666,15.439230473002377,50.42264371465277,0.5139999621780849,0.15965641025351895,0.6272125265485916,global_lstm_seed_ensemble_seed=3,20265611,3,20265611
47005,global_lstm,global LSTM,12.542094455852157,0.73285949044896,0.5121968703077546,0.4496671553179239,11.368243378930757,69.24762080154672,0.7847114938892387,0.5519384365718749,1.3449988194433287,global_lstm_seed_ensemble_seed=3,20265611,3,20265611
47008,global_lstm,global LSTM,15.597535934291582,0.7860459031290188,0.5874730619295698,0.6216327255175609,11.224049921801917,36.34646092639805,0.5103125401173448,0.5217069985149132,1.1352251363968975,global_lstm_seed_ensemble_seed=3,20265611,3,20265611
47009,global_lstm,global LSTM,15.597535934291582,0.7938118392031948,0.5226859017498935,0.6010227649553177,15.672327200604878,49.49440942134538,0.49942265640929867,0.9287672248105319,0.5592619751170728,global_lstm_seed_ensemble_seed=3,20265611,3,20265611
47011,global_lstm,global LSTM,9.83709787816564,0.8575129904704799,0.42506454541017336,0.5697529176403779,8.921552838348441,53.10687199124407,0.7747102701547867,0.29161958796446574,1.0083790083823203,global_lstm_seed_ensemble_seed=3,20265611,3,20265611
47014,global_lstm,global LSTM,13.763175906913073,0.846051950158896,0.45003007450700894,0.47064167924513645,7.891577832528665,64.08056314109751,0.9095624754756948,0.42215237020479746,1.0762173240468327,global_lstm_seed_ensemble_seed=3,20265611,3,20265611
47018,global_lstm,global LSTM,10.121834360027378,0.678174771507049,0.42418813014668966,0.3488917693281065,5.526553205914527,54.450009212084005,0.9935436020954992,0.4693847760820361,1.16743561544162,global_lstm_seed_ensemble_seed=3,20265611,3,20265611
48003,global_lstm,global LSTM,13.292265571526352,0.8030214417646822,0.5170714098244266,0.634084353302832,26.89411062983871,44.55051864022232,0.21919557726505412,0.10937737944141057,0.5599632253291115,global_lstm_seed_ensemble_seed=3,20265611,3,20265611
48004,global_lstm,global LSTM,15.597535934291582,0.7435593951236419,0.463985326812805,0.6020834453727599,18.259646069757306,54.160337782186495,0.47218900898707017,0.4345278026072988,1.0529992890903532,global_lstm_seed_ensemble_seed=3,20265611,3,20265611
48005,global_lstm,global LSTM,15.597535934291582,0.8022032070264771,0.5189152569786764,0.4955784394864642,24.117124857613824,32.72547042306987,0.13256036638794563,0.7016012780847615,0.9611003880937959,global_lstm_seed_ensemble_seed=3,20265611,3,20265611
48011,global_lstm,global LSTM,15.597535934291582,0.8194854703929972,0.550588558775871,0.7165427038049088,15.737184814230131,51.281835176426505,0.5130365133771514,0.184272175994729,0.7330552402233483,global_lstm_seed_ensemble_seed=3,20265611,3,20265611
49001,global_lstm,global LSTM,14.532511978097194,0.8466383530763717,0.8245039475854014,0.7567004074472194,17.03457954781384,14.825651373361492,0.06031763523143322,1.1613753290620403,1.0747198797055466,global_lstm_seed_ensemble_seed=3,20265611,3,20265611
49002,global_lstm,global LSTM,15.553730321697467,0.5203109461071502,0.33659538017419055,0.5198357885824016,33.6482382722635,33.544746604444164,0.0013378151269976058,0.8745673639598511,0.8826946905200042,global_lstm_seed_ensemble_seed=3,20265611,3,20265611
49004,global_lstm,global LSTM,15.597535934291582,0.7983956119633387,0.5242566024147426,0.4803729585048484,24.11427685990475,41.47010980531343,0.2354609424890482,1.0459886114359842,1.5632610485569993,global_lstm_seed_ensemble_seed=3,20265611,3,20265611
50001,global_lstm,global LSTM,15.597535934291582,0.8369571174557016,0.5930066307790913,0.527352057271314,9.986902733364568,51.11944079205543,0.7091552742030273,0.1946461459365696,0.8863772588589118,global_lstm_seed_ensemble_seed=3,20265611,3,20265611
50002,global_lstm,global LSTM,15.422313483915127,0.7853166996908835,0.564337930876665,0.4742810430046934,6.616952964778483,35.77677356305701,0.7329431246953169,0.32249294458412203,1.089836536235818,global_lstm_seed_ensemble_seed=3,20265611,3,20265611
50006,global_lstm,global LSTM,15.597535934291582,0.8421091541115282,0.5567177492776838,0.5267445079254651,9.79318068305884,48.66745830879981,0.6963148982469505,0.17326401434412453,0.5646759469227006,global_lstm_seed_ensemble_seed=3,20265611,3,20265611
50007,global_lstm,global LSTM,14.642026009582478,0.8422377978358364,0.5623985228891979,0.467419854064273,10.970442328327985,53.91145462827398,0.6914569113501465,0.7504258897801261,1.2655529844236466,global_lstm_seed_ensemble_seed=3,20265611,3,20265611
50008,global_lstm,global LSTM,10.379192334017796,0.7315615474016486,0.4298762925255304,0.367936436238515,5.779320327174734,78.52241448983584,1.133116878744753,0.36401002336670474,1.1449142806366792,global_lstm_seed_ensemble_seed=3,20265611,3,20265611
50011,global_lstm,global LSTM,11.693360711841205,0.8535154117146254,0.5104057810467835,0.5101757061571708,9.903865307937085,55.57818765374739,0.7490996554524968,0.7149556989600465,1.0312695604921258,global_lstm_seed_ensemble_seed=3,20265611,3,20265611
5003,global_lstm,global LSTM,9.897330595482547,0.5013149056908045,-0.029933048117926964,0.5014761032237273,12.171939631395968,39.32580084605412,0.5093177857874958,0.3279050725941859,0.5244552707349692,global_lstm_seed_ensemble_seed=3,20265611,3,20265611
51001,global_lstm,global LSTM,15.529089664613279,0.7661367391375493,0.6142203308626487,0.6375995014503166,28.041622412072275,48.04866500326882,0.23387818850010353,0.7645861834497045,1.2055744215180102,global_lstm_seed_ensemble_seed=3,20265611,3,20265611
52004,global_lstm,global LSTM,15.597535934291582,0.6836360723811921,0.5011124170468149,0.42748733180566434,10.071742624891558,31.879165513011223,0.5004023253330294,0.45333767175855255,1.2652551449771252,global_lstm_seed_ensemble_seed=3,20265611,3,20265611
52005,global_lstm,global LSTM,15.597535934291582,0.8773566152112064,0.6847718295044977,0.7056045115177692,17.179993845257094,44.51116494245925,0.41344595684086205,0.4699944383135992,1.1131188448263891,global_lstm_seed_ensemble_seed=3,20265611,3,20265611
52006,global_lstm,global LSTM,15.597535934291582,0.7790524029354985,0.5943091919996981,0.5432211797026452,10.563629887858324,33.695135815554906,0.5037540345669457,0.37707266454680644,1.1388072674076992,global_lstm_seed_ensemble_seed=3,20265611,3,20265611
52007,global_lstm,global LSTM,15.597535934291582,0.6678869829157861,0.4347269832966484,0.2780774094060766,9.72932825338511,29.64635856476964,0.48388850087630414,0.23873094251012117,1.010692494181351,global_lstm_seed_ensemble_seed=3,20265611,3,20265611
52009,global_lstm,global LSTM,15.446954140999315,0.7227273543431886,0.4259067167407078,0.46324302540060336,24.32990609923466,70.96931641284476,0.46493018927555346,0.25895487058496935,0.7040032017025635,global_lstm_seed_ensemble_seed=3,20265611,3,20265611
52010,global_lstm,global LSTM,15.509924709103354,0.6811324018330182,0.4554290506985852,0.3265516503846645,11.611837866591253,63.15118558369469,0.7354805450494114,0.4996216075669556,1.2691400452280401,global_lstm_seed_ensemble_seed=3,20265611,3,20265611
52011,global_lstm,global LSTM,15.597535934291582,0.572836405482805,0.47581626847224323,0.3302152856917403,15.782010309120777,60.419729288875814,0.5830164523455063,0.8583369906121032,0.3509834117926911,global_lstm_seed_ensemble_seed=3,20265611,3,20265611
52015,global_lstm,global LSTM,13.790554414784394,0.7392779107993219,0.5601500579782198,0.4975751527066329,26.284958585773147,61.087102414334595,0.3662422283515028,0.523288145105483,1.2541566208541446,global_lstm_seed_ensemble_seed=3,20265611,3,20265611
52016,global_lstm,global LSTM,15.397672826830938,0.7602297802385758,0.5208209712213785,0.6860277030731735,34.3031531338419,49.62267105336992,0.1603460953811738,0.5842163409609586,0.9037692770710645,global_lstm_seed_ensemble_seed=3,20265611,3,20265611
53005,global_lstm,global LSTM,15.548254620123203,0.8593925603083531,0.5819656291250874,0.5214006708177203,21.438148142474894,56.49557215415634,0.4208271436118791,0.5473891272766216,1.1059772097633198,global_lstm_seed_ensemble_seed=3,20265611,3,20265611
53006,global_lstm,global LSTM,15.597535934291582,0.647231873401864,0.5753222390895041,0.43598730755611526,8.399994631122155,39.076916763619906,0.6676412813305138,0.26041043499488226,0.8774975198271532,global_lstm_seed_ensemble_seed=3,20265611,3,20265611
53007,global_lstm,global LSTM,15.597535934291582,0.8557791685868412,0.6417959341864212,0.610087147647322,14.876157459217513,61.99538432687136,0.6198685900846722,0.5028709465503809,1.2088611120876935,global_lstm_seed_ensemble_seed=3,20265611,3,20265611
53008,global_lstm,global LSTM,15.597535934291582,0.7953783293107606,0.6219021570679661,0.5495700386727316,21.657665217825524,38.06416481220212,0.24490466898232988,0.4521441185581866,1.0609475158468642,global_lstm_seed_ensemble_seed=3,20265611,3,20265611
53009,global_lstm,global LSTM,15.594798083504449,0.826736103056839,0.5805780345664999,0.5465431085757058,21.388632558422657,56.092523774556874,0.41872196102221776,0.3131584814214663,0.7662768327593085,global_lstm_seed_ensemble_seed=3,20265611,3,20265611
53013,global_lstm,global LSTM,15.597535934291582,0.6487669204370599,0.43234163822965266,0.3476654815076795,19.74960426457942,41.29087396755955,0.3202956774866936,0.5604902347567682,1.3847287464394056,global_lstm_seed_ensemble_seed=3,20265611,3,20265611
53017,global_lstm,global LSTM,14.67214236824093,0.6785955153725427,0.5580231656434207,0.4740924545751185,14.528473239356892,42.64073935836012,0.4676047486404367,0.7212498024076573,1.4935342516568526,global_lstm_seed_ensemble_seed=3,20265611,3,20265611
53018,global_lstm,global LSTM,15.496235455167694,0.7586776834299944,0.62888779484951,0.5174453566969377,24.548797761197417,39.07480465234333,0.2018665874274627,0.1244686221157022,0.30519815244874193,global_lstm_seed_ensemble_seed=3,20265611,3,20265611
53022,global_lstm,global LSTM,10.140999315537304,0.7844572950495641,0.5515394270121756,0.5020886388870931,21.76421315371412,72.11167961276219,0.5202626405553575,0.6041137085801176,0.2628168098353829,global_lstm_seed_ensemble_seed=3,20265611,3,20265611
53023,global_lstm,global LSTM,13.705681040383299,0.7179760082897686,0.5397074919979452,0.5944266239957706,30.597995291006292,64.96648429266492,0.3269963917913367,0.6312576003878044,0.7903632503855876,global_lstm_seed_ensemble_seed=3,20265611,3,20265611
53028,global_lstm,global LSTM,12.2217659137577,0.6008386707331858,0.3863324287661466,0.4013843582674024,32.18153037059532,72.38288816797427,0.3520292151819744,1.4025550045354445,0.653495805158079,global_lstm_seed_ensemble_seed=3,20265611,3,20265611
54001,global_lstm,global LSTM,15.597535934291582,0.7212854492620153,0.4019568146361526,0.5120667642704021,16.047760994219463,38.75649112318993,0.3829300030574383,1.616838972403583,0.7603645792077669,global_lstm_seed_ensemble_seed=3,20265611,3,20265611
54002,global_lstm,global LSTM,15.526351813826146,0.681607995422367,0.4952879881185178,0.4029387269052155,15.723058226255215,36.79199498722117,0.36921631467305244,1.3580171150409206,0.7202268884587849,global_lstm_seed_ensemble_seed=3,20265611,3,20265611
54003,global_lstm,global LSTM,15.575633127994525,0.053856951629537075,0.1932890790890669,0.5448529635539479,7.527525553273721,40.24913250968862,0.7281042859849035,0.2982768322971019,0.5162943018118574,global_lstm_seed_ensemble_seed=3,20265611,3,20265611
54004,global_lstm,global LSTM,15.211498973305956,0.4071070098676227,0.18467861295132704,0.18666423175530356,9.242274323648212,67.96455075649867,0.8665035957291917,0.7715208711621999,0.6923069776222284,global_lstm_seed_ensemble_seed=3,20265611,3,20265611
54005,global_lstm,global LSTM,15.597535934291582,0.7783925674407537,0.46318337067749815,0.5695652023842102,9.744089400482348,33.90054107840412,0.5414653700380412,1.3007057074058679,0.4062451159526663,global_lstm_seed_ensemble_seed=3,20265611,3,20265611
54007,global_lstm,global LSTM,15.553730321697467,0.576771542236275,0.37343938980349,0.23693883376699432,7.214232085800011,36.119102081707815,0.6995468355473498,0.08802039309529613,0.772756223938939,global_lstm_seed_ensemble_seed=3,20265611,3,20265611
54008,global_lstm,global LSTM,15.594798083504449,0.8212164711757277,0.5586195354274752,0.5016982085002971,17.423217549893657,33.60819951155204,0.2853168873339137,0.3960196806896157,0.15856871137541473,global_lstm_seed_ensemble_seed=3,20265611,3,20265611
54011,global_lstm,global LSTM,13.122518822724162,0.7299727720320393,0.45257971759260174,0.38969301131720735,18.14609908606346,50.38422622357396,0.4435113152695167,0.25517367238752786,1.2876447041993389,global_lstm_seed_ensemble_seed=3,20265611,3,20265611
54012,global_lstm,global LSTM,15.540041067761807,0.8257793039567862,0.35326178707848044,0.6296972099258817,27.71645051116639,39.19445366341109,0.15048700327162365,1.0026920766452632,0.672974276161418,global_lstm_seed_ensemble_seed=3,20265611,3,20265611
54015,global_lstm,global LSTM,15.101984941820671,0.3928349003823094,0.2400340024322677,0.07864729084929001,9.591499648263232,43.481248092659875,0.6564154864462055,0.17839266967629053,1.2514421907055526,global_lstm_seed_ensemble_seed=3,20265611,3,20265611
54016,global_lstm,global LSTM,13.6290212183436,0.7951188629020642,0.4299040413519488,0.4705323712956796,28.94828423012725,48.14004204974926,0.2208836371738953,0.6925378868554318,0.219996121611171,global_lstm_seed_ensemble_seed=3,20265611,3,20265611
54017,global_lstm,global LSTM,15.5564681724846,0.6715645701354792,0.40247917899271823,0.31516383285293537,9.50625525999411,22.982280277614578,0.3833836450299868,0.35032737350269016,0.23286764979758268,global_lstm_seed_ensemble_seed=3,20265611,3,20265611
54018,global_lstm,global LSTM,15.170431211498974,0.7799143624522655,0.5317100450829846,0.46900679379612664,15.85782660594907,34.61323555584532,0.33899853307780314,0.18734562625191709,0.912806295286658,global_lstm_seed_ensemble_seed=3,20265611,3,20265611
54019,global_lstm,global LSTM,15.586584531143053,0.6000481495731609,0.42148691079334355,0.36608237233576824,17.381763961707815,43.71896321527373,0.40057600615045813,0.623503844111347,0.2863260481853491,global_lstm_seed_ensemble_seed=3,20265611,3,20265611
54020,global_lstm,global LSTM,15.597535934291582,0.8577139320259102,0.44816248546928683,0.6068104229932083,33.23827973964229,36.62689375535372,0.04216155007560992,0.3414637796009785,0.23253019269608521,global_lstm_seed_ensemble_seed=3,20265611,3,20265611
54022,global_lstm,global LSTM,11.72621492128679,0.8592472816807145,0.8702565329693221,0.8330683023585995,2.6343093204455665,4.229515878719378,0.20562389130245,0.3215836036464447,0.6447118351617959,global_lstm_seed_ensemble_seed=3,20265611,3,20265611
54024,global_lstm,global LSTM,15.597535934291582,-0.2628224817412159,-0.2369109948909287,0.37295859564740497,32.2395376203247,44.40315936427081,0.13902506752057067,0.3257610739175305,0.06934403285521329,global_lstm_seed_ensemble_seed=3,20265611,3,20265611
54025,global_lstm,global LSTM,15.597535934291582,0.8524563768932376,0.5679589880789728,0.5602858139614295,4.533506956056714,38.761019566187024,0.9319609057369512,0.29625894543781994,0.7334570341852622,global_lstm_seed_ensemble_seed=3,20265611,3,20265611
54027,global_lstm,global LSTM,15.589322381930184,0.24697315499124217,0.10214944349606736,0.5397839832748181,52.74056785725209,38.89181831469928,0.1322865532739826,0.8282099076530363,0.8774807625143507,global_lstm_seed_ensemble_seed=3,20265611,3,20265611
54028,global_lstm,global LSTM,15.597535934291582,0.8761508759729496,0.49206796118825036,0.5354873849025799,6.671494961929108,31.558440125838963,0.6748923663134255,0.1801740897039723,0.7604704685111398,global_lstm_seed_ensemble_seed=3,20265611,3,20265611
54029,global_lstm,global LSTM,15.597535934291582,0.8095412213449054,0.5687260919174317,0.5155065403636356,18.436503600526294,33.437305795486644,0.258552714438636,0.4206706944471321,0.12024295741516666,global_lstm_seed_ensemble_seed=3,20265611,3,20265611
54032,global_lstm,global LSTM,15.586584531143053,0.7282194539644928,0.3810697585895748,0.522790896704253,20.86188946331962,38.12390350315671,0.26184372165255915,1.5203561034517326,1.0019115180846223,global_lstm_seed_ensemble_seed=3,20265611,3,20265611
54034,global_lstm,global LSTM,15.29637234770705,0.6492119293605466,0.394303498198043,0.32268005516279585,6.990650468430725,28.20354396181041,0.6057860957149416,0.48317579944090316,0.8205210383931859,global_lstm_seed_ensemble_seed=3,20265611,3,20265611
54036,global_lstm,global LSTM,15.143052703627653,0.7501579323340755,0.46630981846706643,0.42606975708190686,18.360628351026502,37.01131356079417,0.30444695895625273,0.6863896976384696,1.5373073342155474,global_lstm_seed_ensemble_seed=3,20265611,3,20265611
54038,global_lstm,global LSTM,14.699520876112253,0.8787289107915383,0.509603197875673,0.5159056273967695,7.930793492443551,55.81626313914715,0.8474441158447586,0.38868331448076265,0.6391939576276999,global_lstm_seed_ensemble_seed=3,20265611,3,20265611
54044,global_lstm,global LSTM,15.011635865845312,0.6679093150853543,0.24413330304021275,0.5268338855930297,20.825595280463705,42.870995155167876,0.31356614064772753,0.2338822726884091,0.8053477953320644,global_lstm_seed_ensemble_seed=3,20265611,3,20265611
54048,global_lstm,global LSTM,13.908281998631075,0.5141589178951901,0.3578792019275645,0.25142397218980717,10.909580761043399,42.59540912374011,0.5915547323279751,0.7721162504443979,1.7287090470380824,global_lstm_seed_ensemble_seed=3,20265611,3,20265611
54049,global_lstm,global LSTM,12.843258042436688,0.5625227021172938,0.44170533489491204,0.3853143418134505,16.96044696979476,46.19177137931091,0.4351273237338436,0.5513375728359715,0.35851082265275414,global_lstm_seed_ensemble_seed=3,20265611,3,20265611
54052,global_lstm,global LSTM,15.586584531143053,0.7789658804066653,0.40972266584820904,0.5023984549445246,25.51465893584253,44.254025228413305,0.2391630117738489,0.21863238021020287,0.7943684996025361,global_lstm_seed_ensemble_seed=3,20265611,3,20265611
54057,global_lstm,global LSTM,15.274469541409994,0.716787993818855,0.3819590952541908,0.49090165557464005,23.32239981355167,37.64850882497402,0.20797454327826265,1.6570863094970867,1.3128097795776905,global_lstm_seed_ensemble_seed=3,20265611,3,20265611
54060,global_lstm,global LSTM,10.976043805612594,0.5341054670409484,0.5083282267321755,0.3973323444929149,18.775672684780336,17.008476757934066,0.042930084737909886,1.1952384150737383,1.066011640351998,global_lstm_seed_ensemble_seed=3,20265611,3,20265611
54063,global_lstm,global LSTM,11.668720054757015,0.5117332647568085,0.335923633788511,0.4152794944036349,12.504276059677213,53.29111120973565,0.6295962229766574,0.4808869468587704,1.681990184524336,global_lstm_seed_ensemble_seed=3,20265611,3,20265611
54080,global_lstm,global LSTM,12.714579055441478,0.752049719574344,0.391948994751805,0.5190109295536071,6.6534437555279835,66.92241666761157,1.002525125640775,0.49666039131664674,0.510468979129432,global_lstm_seed_ensemble_seed=3,20265611,3,20265611
54095,global_lstm,global LSTM,11.572895277207392,0.6992370633577655,0.2836128845651892,0.38298139878988846,16.759601307295537,47.683136017105596,0.45410112726039203,1.6500551483749348,0.588061134325176,global_lstm_seed_ensemble_seed=3,20265611,3,20265611
54096,global_lstm,global LSTM,10.351813826146476,0.7282773659811104,0.5081170326273491,0.48299359280542553,17.679657435392233,79.23853033239361,0.6514625661327077,0.16183249769282615,1.4680087916802658,global_lstm_seed_ensemble_seed=3,20265611,3,20265611
55002,global_lstm,global LSTM,15.548254620123203,0.8230056436831638,0.49924924692176553,0.528610692648356,8.768061036124468,42.92407706713444,0.6897974015857077,0.36279517452710797,0.5425835787152462,global_lstm_seed_ensemble_seed=3,20265611,3,20265611
55007,global_lstm,global LSTM,15.597535934291582,0.8773471452654581,0.5709820414748918,0.5621108570770934,5.972452979082226,44.80695421771601,0.8751926842125496,0.21121157535043444,0.7399697063645074,global_lstm_seed_ensemble_seed=3,20265611,3,20265611
55008,global_lstm,global LSTM,15.416837782340862,0.8084390466835336,0.5420641096722604,0.5179506422024639,2.774400566777389,45.51340441733277,1.2149701575713812,0.1524344629165128,0.7287857077836346,global_lstm_seed_ensemble_seed=3,20265611,3,20265611
55013,global_lstm,global LSTM,15.597535934291582,0.801119214385257,0.6064508100818065,0.5908312828516176,15.625465502810437,41.69302207614448,0.4262304112567134,0.21071838837264556,0.632408354396534,global_lstm_seed_ensemble_seed=3,20265611,3,20265611
55014,global_lstm,global LSTM,15.597535934291582,0.800902425031699,0.47808638879913146,0.5172235928662571,18.955975830934076,43.40319826870655,0.35977558642384655,0.6139746475535026,0.1862584472876837,global_lstm_seed_ensemble_seed=3,20265611,3,20265611
55016,global_lstm,global LSTM,15.457905544147843,0.7703199044484311,0.46993795760276313,0.3839172845755172,6.68197244826841,36.54554969268702,0.7379298180417044,0.14925237854322837,0.9368525750216414,global_lstm_seed_ensemble_seed=3,20265611,3,20265611
55018,global_lstm,global LSTM,15.589322381930184,0.6981157250132198,0.5522625968537692,0.5627106566024744,13.817239828469042,32.84062817821568,0.3759901599584315,0.15832238971840606,0.5752165889756785,global_lstm_seed_ensemble_seed=3,20265611,3,20265611
55021,global_lstm,global LSTM,14.85284052019165,0.7805781099906199,0.5230499700265077,0.5360567716062032,25.852497989537643,44.91955491141095,0.23993293134710936,0.4014706028986663,0.3374478519249018,global_lstm_seed_ensemble_seed=3,20265611,3,20265611
55023,global_lstm,global LSTM,15.597535934291582,0.770182033384694,0.49017807589869566,0.5544885317861115,13.05862413447599,44.37524059426069,0.5312432989457456,0.989443590601279,0.4084194034621409,global_lstm_seed_ensemble_seed=3,20265611,3,20265611
55025,global_lstm,global LSTM,15.455167693360712,0.8442723886254215,0.5402930103219445,0.5095977877255917,16.032854668105152,42.56792819947672,0.42407165751247883,0.6794855501391057,1.6020672004105616,global_lstm_seed_ensemble_seed=3,20265611,3,20265611
55026,global_lstm,global LSTM,15.597535934291582,0.839763652342129,0.5531274201857743,0.5279596695795139,4.296172503803402,52.595084404605394,1.0878634451761624,0.2844590452025255,0.7374716314687851,global_lstm_seed_ensemble_seed=3,20265611,3,20265611
55029,global_lstm,global LSTM,15.597535934291582,0.7712203933009626,0.551481461225118,0.4850100448382848,10.649172872125565,31.30062704983819,0.4682371607532805,0.5040809770405986,1.374866059086592,global_lstm_seed_ensemble_seed=3,20265611,3,20265611
55032,global_lstm,global LSTM,15.550992470910336,0.4370058347166901,0.4333034163199735,0.6164346320682504,5.201516984966788,57.054911375654264,1.0401630141431877,0.3732713212733024,0.6992180765309747,global_lstm_seed_ensemble_seed=3,20265611,3,20265611
56001,global_lstm,global LSTM,15.597535934291582,0.8786025995916941,0.5342845817071485,0.5195743680226297,9.812592417541156,39.53466314270909,0.6051942826483808,0.15870433234604464,0.9172056077226955,global_lstm_seed_ensemble_seed=3,20265611,3,20265611
56002,global_lstm,global LSTM,14.754277891854894,0.8848155600043743,0.5191896321826055,0.5899643285091759,11.118473582940092,38.90770184716204,0.5439904106425534,0.12635403984965743,0.7798545091206506,global_lstm_seed_ensemble_seed=3,20265611,3,20265611
56007,global_lstm,global LSTM,15.449691991786448,0.8222902881462645,0.5365529775601067,0.5198320787548254,5.144939911281147,30.88296444947878,0.7783386745823466,0.4285683036824802,0.8929558444269283,global_lstm_seed_ensemble_seed=3,20265611,3,20265611
56012,global_lstm,global LSTM,14.480492813141684,0.8141399582421228,0.5696181057399713,0.6703979116746994,17.453106100503824,37.63900279353854,0.33376537987815025,0.20855824745525553,0.8792717904328239,global_lstm_seed_ensemble_seed=3,20265611,3,20265611
56013,global_lstm,global LSTM,15.07460643394935,0.841688548226939,0.5314818397916319,0.4996773460281656,6.886860299353922,43.53574195913322,0.8008246769668699,0.32838222571009834,1.0063930406183412,global_lstm_seed_ensemble_seed=3,20265611,3,20265611
57004,global_lstm,global LSTM,15.597535934291582,0.8938378137311782,0.5393322771785363,0.5259091264252076,6.413994540861153,29.418071855965493,0.6614856184779033,0.1357852818387585,0.7084571664858215,global_lstm_seed_ensemble_seed=3,20265611,3,20265611
57005,global_lstm,global LSTM,15.597535934291582,0.9022776340395064,0.5391789255813257,0.5164803531607796,6.914892311713428,38.669846266331,0.7475870244573228,0.13167932324482157,0.6295183989446089,global_lstm_seed_ensemble_seed=3,20265611,3,20265611
57006,global_lstm,global LSTM,15.34839151266256,0.9077088117617689,0.5209379179024913,0.527721792649515,5.53426967517434,37.95468428572464,0.8362050655101391,0.16379897639016688,0.5729902234587294,global_lstm_seed_ensemble_seed=3,20265611,3,20265611
57007,global_lstm,global LSTM,14.822724161533197,0.8916579177833136,0.5060808665649039,0.5478478739789785,6.905865120664399,41.603003382428085,0.7799065922851671,0.19193572674029868,0.8748959969488067,global_lstm_seed_ensemble_seed=3,20265611,3,20265611
57008,global_lstm,global LSTM,14.921286789869953,0.8995118257786212,0.5684203651321074,0.5590369274053719,9.28654442226982,37.87279513617557,0.6104732181319906,0.13162912678152372,0.8603192783291678,global_lstm_seed_ensemble_seed=3,20265611,3,20265611
57009,global_lstm,global LSTM,14.321697467488022,0.8319327373621005,0.5036474727726008,0.4851787366358813,7.36998142932687,40.857790041731526,0.7438084788267031,0.13476400767623664,0.9439337471945898,global_lstm_seed_ensemble_seed=3,20265611,3,20265611
58001,global_lstm,global LSTM,15.597535934291582,0.8683997111935624,0.533770791569375,0.5917942597555771,5.503612858501508,44.0479256056858,0.9032775838951024,0.15766032313328276,0.6858929861027534,global_lstm_seed_ensemble_seed=3,20265611,3,20265611
58002,global_lstm,global LSTM,14.042436687200547,0.8461259266347381,0.4075594399723542,0.35537892261486803,4.0702171887003855,45.58455664840563,1.0492001512432574,0.2296618536755093,0.8757235296655996,global_lstm_seed_ensemble_seed=3,20265611,3,20265611
58006,global_lstm,global LSTM,15.290896646132786,0.8759398958198286,0.5019894552548518,0.45802821536801774,4.496601722645278,40.29778319187486,0.9523967334462982,0.34891825479863825,0.8724149138292587,global_lstm_seed_ensemble_seed=3,20265611,3,20265611
58008,global_lstm,global LSTM,15.159479808350445,0.7887563565892887,0.43626133964192804,0.36941010205037794,3.324390832620588,43.620808780848826,1.1179816376209406,0.15883607460332605,1.005224035376282,global_lstm_seed_ensemble_seed=3,20265611,3,20265611
58009,global_lstm,global LSTM,15.268993839835728,0.7763051784097669,0.5322145572314292,0.6113102533718591,7.3078222916506235,40.25877982549376,0.7410726302016744,0.346823372024642,1.1842450483178135,global_lstm_seed_ensemble_seed=3,20265611,3,20265611
58010,global_lstm,global LSTM,11.16769336071184,0.6561496731062316,0.3485729470724048,0.2426993456353116,1.75873034202255,73.48214287042894,1.620982556420223,,1.1054894517649057,global_lstm_seed_ensemble_seed=3,20265611,3,20265611
58012,global_lstm,global LSTM,13.401779603011637,0.8664138044632196,0.43339653963278524,0.47959738111012606,4.829533205536343,50.056922999860795,1.0155589935888107,0.20502106123736896,0.7034718250567007,global_lstm_seed_ensemble_seed=3,20265611,3,20265611
59001,global_lstm,global LSTM,15.496235455167694,0.7764170877924269,0.4382074303097313,0.35408557544930763,3.211161507134671,44.77803544259859,1.14440288656013,0.15066987441707264,0.9807839108410393,global_lstm_seed_ensemble_seed=3,20265611,3,20265611
60002,global_lstm,global LSTM,15.594798083504449,0.8167559961430056,0.3887594732960946,0.32764465994619496,6.1874103053441445,57.737227318720436,0.9699470078570512,0.36626157661475,0.5711439504652785,global_lstm_seed_ensemble_seed=3,20265611,3,20265611
60003,global_lstm,global LSTM,15.597535934291582,0.7883515018197308,0.5052933277483009,0.49771715122239846,8.3742031171687,44.45431617255328,0.7249704434700082,0.18595676052724663,0.7783633655760474,global_lstm_seed_ensemble_seed=3,20265611,3,20265611
60005,global_lstm,global LSTM,15.545516769336071,0.7822577983722939,0.4697074388493563,0.4211249954904652,5.387984289607073,45.60587728966502,0.9275944936465879,0.1940268557384932,0.7809256054645544,global_lstm_seed_ensemble_seed=3,20265611,3,20265611
60006,global_lstm,global LSTM,15.597535934291582,0.847770926069833,0.39193222781269144,0.44079114323547197,9.354861673503505,43.399499818311945,0.6664473541234915,0.1806376777911659,0.4637479657429846,global_lstm_seed_ensemble_seed=3,20265611,3,20265611
60010,global_lstm,global LSTM,15.589322381930184,0.8379776849574774,0.4223400267543955,0.4295369372356247,7.169819512457054,57.96786782409269,0.9076791032226124,0.6563372864374643,0.2858277887509145,global_lstm_seed_ensemble_seed=3,20265611,3,20265611
60012,global_lstm,global LSTM,12.958247775496236,0.7724405946567829,0.4133015907575557,0.35664880180908143,3.9890575789505602,67.03669770425083,1.2254423073033909,0.07550765436290746,1.1339280159017182,global_lstm_seed_ensemble_seed=3,20265611,3,20265611
6007,global_lstm,global LSTM,15.019849418206707,0.5968405074693985,0.1790467381632782,0.5650976090680275,12.663549555642428,70.83467546505645,0.7476904542793348,1.7803451838096476,0.6687186190908245,global_lstm_seed_ensemble_seed=3,20265611,3,20265611
6008,global_lstm,global LSTM,12.848733744010952,0.7611935540503176,0.49559155713088154,0.49589323441930955,4.380087201644058,75.32954356896985,1.2354825791874398,1.1197691395662308,0.404361176221817,global_lstm_seed_ensemble_seed=3,20265611,3,20265611
61001,global_lstm,global LSTM,10.275154004106776,0.8014232084529649,0.8218175398163763,0.7510623007003592,12.324802398572965,10.016435408822815,0.09006677022275585,1.3051332488355065,1.1684680687451476,global_lstm_seed_ensemble_seed=3,20265611,3,20265611
61002,global_lstm,global LSTM,15.572895277207392,0.842781789653815,0.5380290055832864,0.537728343656309,7.87593407443847,55.80076942984461,0.8503381151949867,0.35408036708819723,0.937698960727094,global_lstm_seed_ensemble_seed=3,20265611,3,20265611
62001,global_lstm,global LSTM,15.597535934291582,0.7987626572925157,0.43957805078794243,0.4488366126566289,8.867743770350062,58.89962023246963,0.8222993587211871,0.9166789196733381,0.2472900188220486,global_lstm_seed_ensemble_seed=3,20265611,3,20265611
63001,global_lstm,global LSTM,15.572895277207392,0.7979219133139273,0.4926247875958434,0.40832327430315185,4.167606330099104,60.221377028886536,1.1598639929168817,0.44239507133816447,0.6796800593781096,global_lstm_seed_ensemble_seed=3,20265611,3,20265611
63004,global_lstm,global LSTM,11.50444900752909,0.6079495423133879,0.39910427153175787,0.3039248590267465,2.4294362791431916,82.3132341323007,1.5299641531067345,0.1862166632439607,0.8919368572727926,global_lstm_seed_ensemble_seed=3,20265611,3,20265611
64001,global_lstm,global LSTM,14.395619438740589,0.8342345165405023,0.5230545337266577,0.48158039599122315,4.673914293734241,59.474453182385766,1.1046497133485575,0.4161422695460336,0.42489356182899773,global_lstm_seed_ensemble_seed=3,20265611,3,20265611
64002,global_lstm,global LSTM,15.523613963039015,0.7813458718292814,0.5018938759506393,0.5655651681253113,4.757370343549268,61.19662428530673,1.1093605054072633,0.5883113834582314,0.30630468797266086,global_lstm_seed_ensemble_seed=3,20265611,3,20265611
64006,global_lstm,global LSTM,12.974674880219029,0.805555670442356,0.8400028779620925,0.7517009782858458,4.572203021264263,5.02052764446498,0.040623856476068775,0.20861576467061704,0.2998272969873459,global_lstm_seed_ensemble_seed=3,20265611,3,20265611
65001,global_lstm,global LSTM,15.597535934291582,0.7679128892717741,0.4577917787939144,0.44553085509401125,3.571088033111136,61.9155691351902,1.238999312976274,0.2615106050453715,0.6077870566553571,global_lstm_seed_ensemble_seed=3,20265611,3,20265611
65004,global_lstm,global LSTM,14.124572210814511,0.8274363183138679,0.42796584529631265,0.557837483052284,6.028863691743858,69.94219332595205,1.0645037823899115,1.1502098239431153,0.12188543788367057,global_lstm_seed_ensemble_seed=3,20265611,3,20265611
65005,global_lstm,global LSTM,14.921286789869953,0.7204760733547566,0.463506444164982,0.4903982793146482,5.468226997118626,48.4852887276659,0.9477634514487099,0.3330614395675724,1.2128642111278547,global_lstm_seed_ensemble_seed=3,20265611,3,20265611
65006,global_lstm,global LSTM,13.560574948665298,0.7640500813064365,0.4302872839415416,0.48376112984200226,6.869620994451691,71.66005781638043,1.0183443770724683,0.898101421280482,0.12637229976913422,global_lstm_seed_ensemble_seed=3,20265611,3,20265611
65007,global_lstm,global LSTM,14.223134839151266,0.8500517362796451,0.4525079662403566,0.4536212522748252,4.2081016719654665,70.00294815157775,1.2210301063078208,0.1391941458867299,0.6630891467642378,global_lstm_seed_ensemble_seed=3,20265611,3,20265611
65008,global_lstm,global LSTM,15.151266255989048,0.6202644218255737,0.34627214309419774,0.23657683373547667,2.978471209301849,58.59510154422386,1.2938679047701795,0.11806410025148073,0.8507884053819712,global_lstm_seed_ensemble_seed=3,20265611,3,20265611
66001,global_lstm,global LSTM,15.597535934291582,0.8367909810265035,0.48821776118623506,0.4583437380847053,16.449964273291613,38.115736391629625,0.36493935563797375,0.8163305535330025,0.4123789135476681,global_lstm_seed_ensemble_seed=3,20265611,3,20265611
66004,global_lstm,global LSTM,15.189596167008897,0.36010837868443324,0.04030444154555213,0.5506298880329299,38.28067635415983,36.17726162682076,0.02454391179118766,0.5817588668193141,0.5879166781779844,global_lstm_seed_ensemble_seed=3,20265611,3,20265611
66006,global_lstm,global LSTM,14.590006844626968,0.868926006282255,0.48267419186396987,0.3942694216301499,7.8737818723586495,34.5872085007437,0.6427321326059808,0.11665483329831328,1.0250285001663195,global_lstm_seed_ensemble_seed=3,20265611,3,20265611
66011,global_lstm,global LSTM,15.597535934291582,0.7783959600664196,0.5003183920484258,0.42679958656023154,3.4630492638915906,54.142870949508804,1.1940826110154747,0.05801298382657677,0.9391888831045875,global_lstm_seed_ensemble_seed=3,20265611,3,20265611
67001,global_lstm,global LSTM,15.496235455167694,0.5651140301853543,0.31514595351284047,0.5890298325858356,7.19249908145706,41.00485870482114,0.7559555046368766,1.4470828586276039,0.48305968099399654,global_lstm_seed_ensemble_seed=3,20265611,3,20265611
67005,global_lstm,global LSTM,13.713894592744696,0.8079488425548971,0.4496882461473851,0.4571561719498084,10.585934431331015,64.19133962279739,0.7827472394947537,0.6080775133486374,0.45014808510935955,global_lstm_seed_ensemble_seed=3,20265611,3,20265611
67006,global_lstm,global LSTM,15.597535934291582,0.8941697895345327,0.5679114822944417,0.5792694736210181,6.489633376671902,31.83841063429042,0.6907312171358195,0.07466584454281022,0.8808040625877744,global_lstm_seed_ensemble_seed=3,20265611,3,20265611
67008,global_lstm,global LSTM,15.597535934291582,0.7742796227751809,0.5176595782573151,0.7479895233346834,15.974205905753458,35.47998865250109,0.3465641941195772,0.4485469902904272,0.4558170750664037,global_lstm_seed_ensemble_seed=3,20265611,3,20265611
67010,global_lstm,global LSTM,13.801505817932922,0.6988537796555194,0.44330085807307684,0.3901032010870379,2.759336201043765,45.12334436812483,1.2135966617020424,0.07125881166676179,0.9572496224764917,global_lstm_seed_ensemble_seed=3,20265611,3,20265611
67015,global_lstm,global LSTM,15.597535934291582,0.8065088806582801,0.45752230942554983,0.5991629094717461,8.36366044509171,56.49791135608372,0.8296360002423173,0.9905548537059948,0.3561917729525257,global_lstm_seed_ensemble_seed=3,20265611,3,20265611
67018,global_lstm,global LSTM,15.597535934291582,0.7290816648393332,0.49923774707524937,0.4149005536293492,3.072039321821883,42.4700938256015,1.140656450117329,0.10088122428479879,0.9902836491279927,global_lstm_seed_ensemble_seed=3,20265611,3,20265611
67025,global_lstm,global LSTM,13.500342231348391,0.8288370496562761,0.6901921155872905,0.6902620217297246,15.527322703999094,22.743108908806715,0.16575325201802832,0.5052295488946363,0.9920419949215431,global_lstm_seed_ensemble_seed=3,20265611,3,20265611
68001,global_lstm,global LSTM,15.523613963039015,0.7268657030155719,0.34860196096258655,0.3244581398816305,21.36445302642881,41.13163644410759,0.2844842100196002,0.5812663907681763,0.13904771435339736,global_lstm_seed_ensemble_seed=3,20265611,3,20265611
68003,global_lstm,global LSTM,15.512662559890487,0.7298937757572668,0.26457419228921697,0.2532925406537374,14.198916979016431,42.13809935325838,0.47241972290334505,0.17923512955493326,0.9265001375109341,global_lstm_seed_ensemble_seed=3,20265611,3,20265611
68004,global_lstm,global LSTM,15.58384668035592,0.6530728821838938,0.2860452603302809,0.23686502613998028,18.49958259788992,41.79449896567365,0.353957193636165,0.4004891319211328,0.6829066430209929,global_lstm_seed_ensemble_seed=3,20265611,3,20265611
68005,global_lstm,global LSTM,15.247091033538672,0.7772280340602706,0.3069068873294716,0.23011410504361218,26.61473248447287,43.18028484556482,0.21016339763995195,0.33940716248602454,0.6792329953044512,global_lstm_seed_ensemble_seed=3,20265611,3,20265611
68020,global_lstm,global LSTM,12.922655715263518,0.6144464214496352,0.2908063711882619,0.2568487448213259,15.105649744067998,50.106134800271896,0.5207514919936437,0.5593862841125828,0.7124309279801696,global_lstm_seed_ensemble_seed=3,20265611,3,20265611
69002,global_lstm,global LSTM,15.290896646132786,0.729427004919748,0.4506048917054156,0.42521963725636214,3.994613507970682,43.50995337645601,1.0371138516607803,0.13355745414427517,1.2882879284868771,global_lstm_seed_ensemble_seed=3,20265611,3,20265611
69007,global_lstm,global LSTM,13.900068446269678,0.8695656480374953,0.4232893836826743,0.5130682813199585,10.015913107521408,46.14836191287606,0.6634657416868918,0.13705337981541765,1.0446464482868956,global_lstm_seed_ensemble_seed=3,20265611,3,20265611
69012,global_lstm,global LSTM,14.017796030116358,0.7047703222391168,0.21950501744622153,0.32485056425564907,11.128619082624885,46.32427134853097,0.6193673195050816,0.16054467096493763,1.192891390267971,global_lstm_seed_ensemble_seed=3,20265611,3,20265611
69015,global_lstm,global LSTM,15.107460643394935,0.812392362116156,0.55721014771393,0.6369467271366367,5.649655694786627,40.86068938939082,0.8592837080934036,0.13603922768544519,0.9013256521738565,global_lstm_seed_ensemble_seed=3,20265611,3,20265611
69017,global_lstm,global LSTM,14.072553045859001,0.8568027373412744,0.48300693377783377,0.48241717608895285,6.933226590272976,42.00662767058082,0.7823824234374143,0.21246864709596647,0.8395273123685507,global_lstm_seed_ensemble_seed=3,20265611,3,20265611
69023,global_lstm,global LSTM,14.023271731690622,0.849413380046061,0.46513207413173496,0.5029530146574908,4.442369430421134,44.011508708674754,0.9959515844406573,0.15824739932263365,1.1183070670456408,global_lstm_seed_ensemble_seed=3,20265611,3,20265611
69027,global_lstm,global LSTM,14.817248459958932,0.766585584423733,0.45240937389439184,0.4505342959105205,4.296086696446323,39.93345086762034,0.9682638045886589,0.1881000542490513,1.1568221509410717,global_lstm_seed_ensemble_seed=3,20265611,3,20265611
69030,global_lstm,global LSTM,13.689253935660506,0.6197615209891878,0.25214995197597545,0.25536608357805257,11.150519558299418,51.51001715288813,0.6645965907002906,0.17816212193287195,1.1402223191806762,global_lstm_seed_ensemble_seed=3,20265611,3,20265611
69032,global_lstm,global LSTM,13.322381930184806,0.6345969828434338,0.17893260749912143,0.3036677168978512,10.447928266333353,50.95166512868863,0.6881281994085082,0.12765154462069417,1.2322147621437236,global_lstm_seed_ensemble_seed=3,20265611,3,20265611
69043,global_lstm,global LSTM,8.219028062970569,0.308086033749411,-0.19375086330840396,0.20072404543540268,2.928557381475471,51.05234578627295,1.2413619642128366,0.28454573701227415,1.2795754022287347,global_lstm_seed_ensemble_seed=3,20265611,3,20265611
70002,global_lstm,global LSTM,13.555099247091034,0.6146369431801868,0.5340156530868679,0.424842788428744,9.505311708336315,17.98732677537395,0.27700026126431265,0.21490398159369506,0.9886643748601958,global_lstm_seed_ensemble_seed=3,20265611,3,20265611
7001,global_lstm,global LSTM,15.597535934291582,0.48601038104142313,0.32657519218072095,0.2890550344185656,2.4002247947226305,84.85906267631803,1.548446312623159,0.5596178769643192,1.01169716941045,global_lstm_seed_ensemble_seed=3,20265611,3,20265611
7002,global_lstm,global LSTM,15.597535934291582,0.5924894138017757,0.3812348295489061,0.36143729063632246,2.7933775334397506,87.20495872773773,1.4944115449995161,0.8084739367205451,0.8101552889894891,global_lstm_seed_ensemble_seed=3,20265611,3,20265611
7003,global_lstm,global LSTM,15.597535934291582,0.7819947938359242,0.5258812536810605,0.6355199341330351,7.9311421453442525,45.00876044334269,0.7539613189245048,0.7242636036636314,0.25975117087758215,global_lstm_seed_ensemble_seed=3,20265611,3,20265611
7005,global_lstm,global LSTM,12.761122518822724,0.6149951078054654,0.3743415673289925,0.3318264572657481,5.555951432673113,78.70249892241829,1.1512300813806402,1.0407035374758156,0.31762197726029007,global_lstm_seed_ensemble_seed=3,20265611,3,20265611
7006,global_lstm,global LSTM,8.542094455852157,0.7392985253855631,0.6275628511214346,0.6269374756696457,3.1172955215726095,7.192816007901725,0.3631209755801354,0.3766053696393825,0.25012375277561705,global_lstm_seed_ensemble_seed=3,20265611,3,20265611
71001,global_lstm,global LSTM,15.597535934291582,0.7591737555668431,0.5002600828786103,0.45771569036322923,4.291129867955264,37.3911084550643,0.9401966816131846,0.11951798797062141,1.095071654691812,global_lstm_seed_ensemble_seed=3,20265611,3,20265611
71004,global_lstm,global LSTM,14.822724161533197,0.7157044894344311,0.42770531902966147,0.36132849352249063,7.009553194139876,37.25596773521688,0.7255055129437145,0.07703475611287458,1.202576961914576,global_lstm_seed_ensemble_seed=3,20265611,3,20265611
71006,global_lstm,global LSTM,15.597535934291582,0.7406000792748535,0.5249442797150397,0.45621640623951853,4.199661805250724,36.60159568246816,0.9402857008144224,0.15861313757891504,0.9867463228142495,global_lstm_seed_ensemble_seed=3,20265611,3,20265611
71008,global_lstm,global LSTM,14.012320328542094,0.7899316113870007,0.494259815417433,0.5236171207061721,3.8479787056112214,43.98439521482209,1.0580659647777737,0.07000925178801282,1.0227302380092866,global_lstm_seed_ensemble_seed=3,20265611,3,20265611
71014,global_lstm,global LSTM,13.245722108145106,0.6381864127775727,0.5560599458101552,0.44599748828168984,3.9435298527417983,13.390883936693983,0.5309241130731281,0.3175297197331413,1.3528803437441264,global_lstm_seed_ensemble_seed=3,20265611,3,20265611
72002,global_lstm,global LSTM,15.597535934291582,0.7490122918140127,0.4927002215422679,0.38437635630648237,4.5452453313991406,37.7575768177893,0.9194467852344326,0.14276824690212564,0.9315849758596135,global_lstm_seed_ensemble_seed=3,20265611,3,20265611
72004,global_lstm,global LSTM,14.99794661190965,0.7836991484502416,0.5425771716388016,0.47137313467833175,3.8468986817473394,55.96839264759585,1.162832086449126,0.09619372723021513,0.8898570548447311,global_lstm_seed_ensemble_seed=3,20265611,3,20265611
72005,global_lstm,global LSTM,15.449691991786448,0.7633144208418964,0.5449303488102868,0.4197240506796107,3.420133059310707,48.84728931848541,1.154797465940693,0.14244686264437723,0.8424455586944313,global_lstm_seed_ensemble_seed=3,20265611,3,20265611
72007,global_lstm,global LSTM,13.240246406570842,0.7387981589677239,0.4980089324982572,0.5455588259998599,4.302370205887406,62.43874225566343,1.1617463688210206,0.02354738524469041,1.157253029487614,global_lstm_seed_ensemble_seed=3,20265611,3,20265611
72009,global_lstm,global LSTM,14.017796030116358,0.6784055048836453,0.4729351212292682,0.37899699298945677,4.114038893861416,56.371567201393894,1.1367917157575216,0.07528325444844275,1.0438904728144323,global_lstm_seed_ensemble_seed=3,20265611,3,20265611
72014,global_lstm,global LSTM,13.514031485284052,0.7630828154675633,0.3865050001992092,0.3385443407355453,4.453119190849535,62.03807116156463,1.1439939671300416,0.14414958464709127,0.9094766876489089,global_lstm_seed_ensemble_seed=3,20265611,3,20265611
72015,global_lstm,global LSTM,12.826830937713895,0.7598930433175217,0.49707876088632486,0.3773657806112761,3.660235404497401,57.62869399981834,1.1971297600483697,0.2502149002748414,0.8434171084596689,global_lstm_seed_ensemble_seed=3,20265611,3,20265611
73005,global_lstm,global LSTM,15.496235455167694,0.8682073031836126,0.6357229744955084,0.5686369804715686,3.991638512633244,30.247066439828465,0.8795320560959935,0.13124447827334562,0.7910008243336855,global_lstm_seed_ensemble_seed=3,20265611,3,20265611
73009,global_lstm,global LSTM,13.99315537303217,0.8242334518563954,0.5480310145834663,0.4642665692337199,3.1773663704936452,56.31585899659257,1.2485634182542524,0.12380419949073151,0.8386607520115804,global_lstm_seed_ensemble_seed=3,20265611,3,20265611
73010,global_lstm,global LSTM,15.597535934291582,0.5010285902615188,0.18986775768151498,0.5509375743882291,7.6541166322029826,56.360962989133036,0.8670833292516634,2.3125404378644676,1.2697463626260235,global_lstm_seed_ensemble_seed=3,20265611,3,20265611
73011,global_lstm,global LSTM,14.874743326488707,0.837344045967148,0.6145461972906919,0.5423182439334024,3.6720209346782524,53.276135592614516,1.1616275670611536,0.1442026591208161,0.7863262235950088,global_lstm_seed_ensemble_seed=3,20265611,3,20265611
73014,global_lstm,global LSTM,12.895277207392198,0.7477808131976059,0.4599838882681453,0.408419250153077,2.8323508293563098,64.16586607267632,1.3551570142207767,0.49750022484468315,0.6524228241973822,global_lstm_seed_ensemble_seed=3,20265611,3,20265611
73015,global_lstm,global LSTM,10.376454483230663,0.7726406394249821,0.4256408213763143,0.37704582100640716,4.9671102026451806,41.016063952327876,0.9168501860217549,0.11448744328877486,0.7436122464790023,global_lstm_seed_ensemble_seed=3,20265611,3,20265611
74001,global_lstm,global LSTM,15.597535934291582,0.7960622832914849,0.49458162423021157,0.4651739309545452,2.5728787958584762,68.20522484801837,1.423398317190857,0.12202049399788584,0.9253114043839594,global_lstm_seed_ensemble_seed=3,20265611,3,20265611
74005,global_lstm,global LSTM,14.617385352498289,0.8510697433499246,0.5488890938995552,0.6177734377057386,4.093589756668021,68.0199493346287,1.220531986871576,0.8851339211423976,0.22456335913273928,global_lstm_seed_ensemble_seed=3,20265611,3,20265611
74006,global_lstm,global LSTM,15.099247091033538,0.765379588633799,0.48832987733598865,0.49099010311318114,2.73695609152362,69.22792409882491,1.403013478686977,0.15302340522211,0.9640934642008988,global_lstm_seed_ensemble_seed=3,20265611,3,20265611
74007,global_lstm,global LSTM,14.023271731690622,0.7361384638097922,0.44162086803145983,0.4072915662180393,2.7857500699089317,73.87678530962819,1.4235658391063444,0.3085133551030358,0.8726154908217203,global_lstm_seed_ensemble_seed=3,20265611,3,20265611
75003,global_lstm,global LSTM,15.592060232717317,0.4515691999144321,0.23974035620521517,0.618743768576687,7.929178344520942,54.31357466023609,0.8356802007314342,2.3504719639785634,1.292492599001955,global_lstm_seed_ensemble_seed=3,20265611,3,20265611
75004,global_lstm,global LSTM,15.597535934291582,0.8171774474111294,0.5636266051746748,0.6742084224486558,4.557483260257819,36.39952170073693,0.9023705947869436,0.7528246855667615,0.20540888643986,global_lstm_seed_ensemble_seed=3,20265611,3,20265611
75017,global_lstm,global LSTM,13.908281998631075,0.8035178860905658,0.5430431911487482,0.468165025165577,5.1360584760921375,35.9628297743469,0.845223897632698,0.07107672400521847,1.0295251213227483,global_lstm_seed_ensemble_seed=3,20265611,3,20265611
76003,global_lstm,global LSTM,13.538672142368242,0.787508105421679,0.840418037625878,0.9192610731872709,7.616197712118212,5.855744717246846,0.11415607427884387,0.4072072894941928,0.37572958599308603,global_lstm_seed_ensemble_seed=3,20265611,3,20265611
76005,global_lstm,global LSTM,15.553730321697467,0.7698024175738681,0.5185931846769872,0.40594353947163386,4.404584941886804,56.840689090155315,1.1107543445999908,0.12216770317277503,0.9004673079401035,global_lstm_seed_ensemble_seed=3,20265611,3,20265611
76007,global_lstm,global LSTM,15.592060232717317,0.8867588469750319,0.586400570245352,0.6265127083207328,6.175257984020211,61.08354443608572,0.9952691236536859,0.4900044965971926,0.611747394536992,global_lstm_seed_ensemble_seed=3,20265611,3,20265611
76008,global_lstm,global LSTM,15.564681724845997,0.5809147397092331,0.39919365086592506,0.28056334504780744,3.0661040898730363,68.83000823697843,1.3511909270777294,0.39594093046193135,1.1816606292017426,global_lstm_seed_ensemble_seed=3,20265611,3,20265611
76011,global_lstm,global LSTM,15.197809719370294,0.4518184087149565,0.5330266291672076,0.510875631022254,2.0431537631943386,62.77123921081961,1.4874596505493984,0.3372243672247428,0.9476372901273575,global_lstm_seed_ensemble_seed=3,20265611,3,20265611
76014,global_lstm,global LSTM,14.562628336755647,0.6540584929126163,0.44742213420071897,0.3148256405305325,3.6049146463837114,64.62367630162018,1.2534966740807119,0.26487545305085963,0.9532472612148695,global_lstm_seed_ensemble_seed=3,20265611,3,20265611
77002,global_lstm,global LSTM,15.597535934291582,0.8036013370320071,0.5869278999763148,0.5624210273715581,4.98484304138297,74.87567713600312,1.1766892747872952,0.17932347475460958,0.7919301591958787,global_lstm_seed_ensemble_seed=3,20265611,3,20265611
77003,global_lstm,global LSTM,14.699520876112253,0.6357872106568001,0.46276485969591796,0.38137973523081437,3.53805911301979,74.70648639048781,1.324593226350241,0.11713939578701016,1.0831742477614377,global_lstm_seed_ensemble_seed=3,20265611,3,20265611
77004,global_lstm,global LSTM,12.974674880219029,0.6647704045948823,0.4330840258641573,0.3872270735914367,3.7568487213609423,86.7084275466504,1.3632376028910569,0.30096949907338066,1.156718888559888,global_lstm_seed_ensemble_seed=3,20265611,3,20265611
78003,global_lstm,global LSTM,15.597535934291582,0.821091169339007,0.5554314351774573,0.5252763786922581,6.2685010790913225,81.2103481023197,1.1124476671052868,0.4422834019752292,0.554784665450322,global_lstm_seed_ensemble_seed=3,20265611,3,20265611
78004,global_lstm,global LSTM,15.597535934291582,0.6977713666967769,0.412473602759607,0.30541060005926757,4.134028708530746,79.63058935542682,1.2847064417676288,0.03451776604048806,1.0467930169173252,global_lstm_seed_ensemble_seed=3,20265611,3,20265611
78006,global_lstm,global LSTM,11.649555099247092,0.8607054663896624,0.4811695755263612,0.492766679920865,5.811641278277314,110.49900387650253,1.2790595632088533,0.485739911965415,0.8666709812363032,global_lstm_seed_ensemble_seed=3,20265611,3,20265611
79002,global_lstm,global LSTM,15.597535934291582,0.8408111690447284,0.5702636191722916,0.5621848749431977,5.333603224649692,76.08088527989679,1.1542548527366339,0.24784791380135818,0.7443092935961887,global_lstm_seed_ensemble_seed=3,20265611,3,20265611
79003,global_lstm,global LSTM,15.597535934291582,0.7400124212933773,0.5668497995146948,0.5218721919985957,4.827896624166142,81.27090305012696,1.226177123158692,0.6404755478018116,0.6192561629455814,global_lstm_seed_ensemble_seed=3,20265611,3,20265611
79004,global_lstm,global LSTM,15.597535934291582,0.7917147987746851,0.5799228239597447,0.5475298031524716,4.15784480939005,69.17632084021263,1.2210891848773888,0.07477290761915284,0.8698556621990716,global_lstm_seed_ensemble_seed=3,20265611,3,20265611
79005,global_lstm,global LSTM,15.597535934291582,0.8007354173589077,0.562116968779892,0.5592438983200918,5.089061964294954,71.31725956837005,1.146556907792418,0.10389344461721212,0.7652862449927067,global_lstm_seed_ensemble_seed=3,20265611,3,20265611
79006,global_lstm,global LSTM,15.597535934291582,0.7907567833164665,0.5780725185183225,0.5367111114290204,4.650066174624623,78.72263149525057,1.2286404696792281,0.37462215600147675,0.796866682065609,global_lstm_seed_ensemble_seed=3,20265611,3,20265611
80001,global_lstm,global LSTM,15.597535934291582,0.8033313489395333,0.5817875164439732,0.5799481024547514,4.6871221351110695,68.91020006561136,1.1673772404594458,0.09322259387410259,0.8436336182954558,global_lstm_seed_ensemble_seed=3,20265611,3,20265611
80002,global_lstm,global LSTM,13.47296372347707,0.7368451167223968,0.4308647897922345,0.5645744705928453,7.783636852345459,82.64613301329152,1.0260399722719078,0.9482705690098888,0.2708720455797591,global_lstm_seed_ensemble_seed=3,20265611,3,20265611
80003,global_lstm,global LSTM,12.774811772758385,0.6902185106653462,0.4114594030832043,0.41463029955583564,2.646656573959259,92.61726037357239,1.5439943387995387,0.3046806146568999,0.9225172966533188,global_lstm_seed_ensemble_seed=3,20265611,3,20265611
80004,global_lstm,global LSTM,11.698836413415469,0.6091232448930187,0.42509809195964454,0.5073785692295134,1.584870609709879,102.18675978888895,1.8094008166478794,,1.0165136520307914,global_lstm_seed_ensemble_seed=3,20265611,3,20265611
80005,global_lstm,global LSTM,11.175906913073238,0.590904050532806,0.3033766161846332,0.26843939900606695,2.2977408078200745,102.52595825358921,1.6495327997181477,,0.9486903093738326,global_lstm_seed_ensemble_seed=3,20265611,3,20265611
80006,global_lstm,global LSTM,11.819301848049282,0.643872330127229,0.18968948871035984,0.5037265156526329,7.325073490357084,99.5976262653294,1.1334370017003434,1.8519995918717216,0.6100268570928089,global_lstm_seed_ensemble_seed=3,20265611,3,20265611
8004,global_lstm,global LSTM,15.597535934291582,0.6114467070788201,0.3301668909713914,0.4069433658866959,3.2979479410411576,93.68424253363304,1.4534227538210456,0.6982658569778832,0.8934548215924997,global_lstm_seed_ensemble_seed=3,20265611,3,20265611
8005,global_lstm,global LSTM,15.597535934291582,0.492365788329045,0.2055841845630123,0.6193484770139757,6.56821982321497,82.55843852444971,1.099313791105479,1.761063465936577,0.33125844030810847,global_lstm_seed_ensemble_seed=3,20265611,3,20265611
8006,global_lstm,global LSTM,15.597535934291582,0.7029249285061732,0.36552053597816314,0.6572560436275887,5.6912818664198275,99.18377318989451,1.2412305308696403,1.3199091502596263,0.24370133866054233,global_lstm_seed_ensemble_seed=3,20265611,3,20265611
8009,global_lstm,global LSTM,15.597535934291582,0.6080082773078715,0.38006125639248833,0.38734568850316076,3.1875649793091245,81.24339075860863,1.4063289940085515,0.5894132850295629,1.0420800480744838,global_lstm_seed_ensemble_seed=3,20265611,3,20265611
8011,global_lstm,global LSTM,13.075975359342916,0.6860392688675545,0.3326360888554982,0.4132729725055557,6.99675911922662,90.55233334841797,1.1120027231691536,0.1111520909320256,1.0841436686454606,global_lstm_seed_ensemble_seed=3,20265611,3,20265611
8013,global_lstm,global LSTM,8.6652977412731,0.5803331574233224,0.14760577832182376,0.29810616826381975,3.6807434512940334,112.28817269618042,1.4843984663975724,0.3530913570726181,0.9795842235504364,global_lstm_seed_ensemble_seed=3,20265611,3,20265611
81002,global_lstm,global LSTM,14.099931553730322,0.7725504116198808,0.5194107264561763,0.5928700956544336,3.906010629021637,88.66747487888082,1.3560309198097407,0.5547526615464377,0.6258204853076628,global_lstm_seed_ensemble_seed=3,20265611,3,20265611
81003,global_lstm,global LSTM,15.597535934291582,0.629578207575499,0.49242688479897,0.4159168631571363,2.229596213087028,85.02018204032682,1.581295812450838,,0.9819677465439591,global_lstm_seed_ensemble_seed=3,20265611,3,20265611
81004,global_lstm,global LSTM,13.44832306639288,0.7492520715859101,0.507663037694699,0.5028469923055037,4.094474279519477,88.71623513367359,1.3358049559745522,1.1556205424386012,0.3970988419061605,global_lstm_seed_ensemble_seed=3,20265611,3,20265611
81006,global_lstm,global LSTM,10.847364818617386,0.7595792536964783,0.43020481587822057,0.4538234425027946,3.161911467991627,110.24355782428502,1.5424035147865984,0.7661844504447431,0.8334669767520173,global_lstm_seed_ensemble_seed=3,20265611,3,20265611
81007,global_lstm,global LSTM,10.324435318275153,0.7166346392263854,0.4323837374377103,0.4542284770820123,3.002346563230458,105.63630500703718,1.5463523801026866,0.5028873859490901,0.9488561589342221,global_lstm_seed_ensemble_seed=3,20265611,3,20265611
82001,global_lstm,global LSTM,15.597535934291582,0.8050560106549123,0.6081843065148603,0.6257119850815738,4.768529055897828,77.91752734008085,1.2132507287995447,0.572777796673027,0.7340688750562913,global_lstm_seed_ensemble_seed=3,20265611,3,20265611
82003,global_lstm,global LSTM,14.921286789869953,0.7676882345759029,0.5181589343959342,0.5261596123605556,3.6285298999905184,92.63239562429813,1.4070321896306839,0.4557139334685524,0.8717534413860331,global_lstm_seed_ensemble_seed=3,20265611,3,20265611
83003,global_lstm,global LSTM,15.512662559890487,0.653738651764737,0.4534922460977142,0.4323521277853706,3.230202649110713,81.94410253479863,1.4042879341664545,0.2971302945384944,1.1994166823417562,global_lstm_seed_ensemble_seed=3,20265611,3,20265611
83004,global_lstm,global LSTM,15.186858316221766,0.6631878239630419,0.5257891730327537,0.5218541766499077,3.4728412611293358,82.2574751199403,1.3744904420261497,0.41437689409178535,1.114280273850072,global_lstm_seed_ensemble_seed=3,20265611,3,20265611
83006,global_lstm,global LSTM,13.848049281314168,0.7115203716186258,0.45598469853146106,0.40424838126992546,3.3268366289050553,87.3635825462788,1.419298960501544,0.4483249732391048,1.0807285212721456,global_lstm_seed_ensemble_seed=3,20265611,3,20265611
83007,global_lstm,global LSTM,12.16974674880219,0.7173393778917008,0.7076880397443499,0.5933970212884114,3.3099118714271105,9.123765613471534,0.44035768931152025,0.3678419298831428,1.0615440583682723,global_lstm_seed_ensemble_seed=3,20265611,3,20265611
83009,global_lstm,global LSTM,13.42094455852156,0.6061037955921882,0.48782480761099867,0.5161022605794153,3.6872630626651524,91.28165801331586,1.3936793970312171,0.12978619885608333,1.0750505553933412,global_lstm_seed_ensemble_seed=3,20265611,3,20265611
83010,global_lstm,global LSTM,13.724845995893224,0.7021821868841895,0.4712808442703823,0.4607927395432301,3.046844707913755,83.43009547374156,1.4374724209780718,0.3602505208267788,1.1455958133860198,global_lstm_seed_ensemble_seed=3,20265611,3,20265611
83013,global_lstm,global LSTM,12.084873374401095,0.6126618814173979,0.45191351235415567,0.4081483629739193,3.668280435124615,96.28304756263329,1.4190872986634349,0.4978331755520541,1.1338321827088234,global_lstm_seed_ensemble_seed=3,20265611,3,20265611
84001,global_lstm,global LSTM,15.586584531143053,0.8426353118939249,0.5793015013176407,0.6222823715690791,4.972622322891485,85.07082736488913,1.233195181343937,0.7725112783666618,0.5852047108160575,global_lstm_seed_ensemble_seed=3,20265611,3,20265611
84004,global_lstm,global LSTM,15.597535934291582,0.8610746036870356,0.5711500735652094,0.6028320276457064,5.989714551496332,88.10660007033367,1.1676023167032752,0.4540033643762173,0.7682402756693504,global_lstm_seed_ensemble_seed=3,20265611,3,20265611
84005,global_lstm,global LSTM,15.455167693360712,0.8372029785946087,0.5369974054748814,0.4988516434813822,5.710310171997755,86.21499092497601,1.1789230879754906,0.8532178429849522,0.5526547296235306,global_lstm_seed_ensemble_seed=3,20265611,3,20265611
84008,global_lstm,global LSTM,15.520876112251882,0.6746880601978253,0.48848818558199836,0.3791362022896456,4.550581179691215,71.0048214838889,1.1932209735540202,0.16661685337995202,1.1320910798317145,global_lstm_seed_ensemble_seed=3,20265611,3,20265611
84009,global_lstm,global LSTM,14.349075975359343,0.7686880856504834,0.45272617368961365,0.41528073895368345,4.611333641372801,82.82081643519427,1.2543129617632705,0.1876952303663007,1.1128581973951266,global_lstm_seed_ensemble_seed=3,20265611,3,20265611
84012,global_lstm,global LSTM,15.597535934291582,0.8024555724119662,0.6158717887059391,0.6799758182627063,3.9923112998807673,71.41242541117633,1.2525493854736929,0.42688998286979646,0.9032770716654708,global_lstm_seed_ensemble_seed=3,20265611,3,20265611
84013,global_lstm,global LSTM,15.594798083504449,0.8260470772313302,0.5597756692462688,0.5612762973011949,5.665602224291429,85.7885803472781,1.1801834011464905,1.0436338648722254,0.47420249849863705,global_lstm_seed_ensemble_seed=3,20265611,3,20265611
84014,global_lstm,global LSTM,15.572895277207392,0.7001115342916029,0.49195256103270857,0.4330455991785924,3.4684196584095037,75.03370744200258,1.3351247665589778,0.370310024619833,1.0267904883551306,global_lstm_seed_ensemble_seed=3,20265611,3,20265611
84016,global_lstm,global LSTM,15.597535934291582,0.6113664184535055,0.5492878207325125,0.5644049315788857,3.6891914490465814,84.66193291353943,1.3607569862708195,0.379924098568471,1.1139394323388299,global_lstm_seed_ensemble_seed=3,20265611,3,20265611
84017,global_lstm,global LSTM,15.597535934291582,0.8317072247950392,0.5234181931884989,0.6087777305627446,5.823148564431272,78.1722196991983,1.1278945736302857,1.4320312408715903,0.3516998432703814,global_lstm_seed_ensemble_seed=3,20265611,3,20265611
84018,global_lstm,global LSTM,15.597535934291582,0.8260651692412246,0.5594660315713607,0.5896714971502752,5.920884925435825,87.71903413936812,1.1707072205909497,0.5122702920443261,0.7491226140219307,global_lstm_seed_ensemble_seed=3,20265611,3,20265611
84019,global_lstm,global LSTM,15.550992470910336,0.7069722973360109,0.5315105344805493,0.5236857000406491,4.240891365602789,84.90984867883519,1.3015009191653135,0.2963135912548198,1.1548769906723277,global_lstm_seed_ensemble_seed=3,20265611,3,20265611
84020,global_lstm,global LSTM,15.41409993155373,0.6985722444605894,0.44325614723996354,0.4257211296694251,2.899066529333563,82.64868186232854,1.4549777496453962,0.004979526484311769,1.1141718196383124,global_lstm_seed_ensemble_seed=3,20265611,3,20265611
84022,global_lstm,global LSTM,15.293634496919918,0.723767562568607,0.5097074409764152,0.5281321700888109,4.187767075798831,88.95702235848013,1.3271977192669262,0.3601800078640156,0.9959962402471633,global_lstm_seed_ensemble_seed=3,20265611,3,20265611
84026,global_lstm,global LSTM,14.318959616700889,0.6734302157729473,0.524765350778673,0.5050661000468677,4.312930066722387,75.22393038583495,1.241583604986369,0.49818201843080945,0.6812324480274586,global_lstm_seed_ensemble_seed=3,20265611,3,20265611
84030,global_lstm,global LSTM,12.41889117043121,0.7620635704644045,0.48643212861005947,0.4477445683900665,3.4306807307186102,90.68689292238624,1.4221642193211212,0.4719819164583934,0.9941275676834864,global_lstm_seed_ensemble_seed=3,20265611,3,20265611
85001,global_lstm,global LSTM,15.564681724845997,0.13513164206782835,-0.43971932284953463,0.39697924732848244,19.694671681354887,77.14684342648454,0.5929694156526253,0.9265389767395362,0.7476985566968344,global_lstm_seed_ensemble_seed=3,20265611,3,20265611
85002,global_lstm,global LSTM,15.545516769336071,0.759829742508713,0.530494552809669,0.43767461052375545,4.106777745927661,76.92188914135738,1.2725487416563424,0.19030896874928682,1.0769036110868158,global_lstm_seed_ensemble_seed=3,20265611,3,20265611
85003,global_lstm,global LSTM,15.51813826146475,0.6864522905641357,0.49697241837897554,0.5351886979280609,2.489272004415013,66.2848836187792,1.4253421432463127,0.5133054109721719,1.1103704351708723,global_lstm_seed_ensemble_seed=3,20265611,3,20265611
85004,global_lstm,global LSTM,13.388090349075975,0.6496714151734375,0.49168599173042293,0.5961356203932681,3.5518137142039192,71.72240637681294,1.3052046724660842,0.1773784606075518,0.9065107592554765,global_lstm_seed_ensemble_seed=3,20265611,3,20265611
88001,global_lstm,global LSTM,8.035592060232718,0.61057837991277,0.2858237520443817,0.3384053635135439,1.712309266641499,128.31042340949952,1.874679731108521,,1.0922024464338618,global_lstm_seed_ensemble_seed=3,20265611,3,20265611
89002,global_lstm,global LSTM,12.153319644079398,0.6604520232007587,0.48700419408896267,0.49718837377794833,2.129947968373767,68.78331189907956,1.5091140887925978,0.6520358788465573,0.9700954344264867,global_lstm_seed_ensemble_seed=3,20265611,3,20265611
89003,global_lstm,global LSTM,13.555099247091034,0.6640902850521027,0.5055135154353694,0.4223173206080725,2.8904977973387322,62.887128473091764,1.3375891218368003,0.9035431109258332,0.6621590874776999,global_lstm_seed_ensemble_seed=3,20265611,3,20265611
89005,global_lstm,global LSTM,13.114305270362765,0.49654596249950167,0.3743491780970347,0.26086322696650344,2.584756618758217,76.9272354391095,1.4736604692330828,0.3936387511646037,1.2416999664172825,global_lstm_seed_ensemble_seed=3,20265611,3,20265611
89007,global_lstm,global LSTM,12.177960301163587,0.6357068804646862,0.5734528643946484,0.6988187114648285,14.868536794413597,98.34700433728436,0.8204929038769055,0.22630170901792768,1.0821801015384862,global_lstm_seed_ensemble_seed=3,20265611,3,20265611
90003,global_lstm,global LSTM,11.997262149212867,0.7311837752269723,0.4385081169533328,0.420027783458641,2.75311134276741,81.43072548409621,1.470964528321488,0.751773765518788,0.9865344237731677,global_lstm_seed_ensemble_seed=3,20265611,3,20265611
9002,global_lstm,global LSTM,15.597535934291582,0.805685202289842,0.5256660549277457,0.49281338108732853,7.638738020358284,40.37407584885107,0.723080978940127,0.2124726549590522,0.6342327682135339,global_lstm_seed_ensemble_seed=3,20265611,3,20265611
9003,global_lstm,global LSTM,15.299110198494182,0.7347522265330793,0.4945918062243352,0.43588384081779896,6.413112815891082,37.424258754385484,0.7660843273731434,0.2590699290377543,0.5366491219590113,global_lstm_seed_ensemble_seed=3,20265611,3,20265611
9004,global_lstm,global LSTM,12.54757015742642,0.7561671091843898,0.387767938940759,0.654254825921607,12.860282086794061,38.87747758614941,0.480447584836623,0.13826387277413488,0.827199370934774,global_lstm_seed_ensemble_seed=3,20265611,3,20265611
9005,global_lstm,global LSTM,15.597535934291582,0.6151237333838764,0.39666272075294984,0.36283938270362615,2.9263477678890917,65.74454260463277,1.3515337717440796,0.3942712638837297,0.8228368560492274,global_lstm_seed_ensemble_seed=3,20265611,3,20265611
92001,global_lstm,global LSTM,8.147843942505133,0.34995630102122754,-0.564995985651966,0.33677077713786885,9.576661411266569,107.66955264832488,1.050878775680998,2.238559589527126,0.9063361615960978,global_lstm_seed_ensemble_seed=3,20265611,3,20265611
93001,global_lstm,global LSTM,13.122518822724162,0.7679307597085665,0.4499320525597459,0.3923148770469309,2.79413052883643,85.57275328161674,1.4860888150501248,0.8592988807059613,0.6902694874914455,global_lstm_seed_ensemble_seed=3,20265611,3,20265611
94001,global_lstm,global LSTM,15.58384668035592,0.450974261808889,0.041652266478083844,0.5154925274035913,9.880838808382485,75.69335388670065,0.8842639342946935,2.10045729813054,1.0357990902740446,global_lstm_seed_ensemble_seed=3,20265611,3,20265611
95001,global_lstm,global LSTM,13.54962354551677,0.5447662069315466,0.04320624573636045,0.5384500217129571,10.437046456854429,93.18248335999074,0.9507566638513067,1.045313242719405,0.5334547657263531,global_lstm_seed_ensemble_seed=3,20265611,3,20265611
96001,global_lstm,global LSTM,14.023271731690622,0.5009310195091325,0.43449480596457635,0.37641179796677937,2.494163601888898,86.6950516572748,1.541069372570076,0.8850367061205089,1.0015869960511634,global_lstm_seed_ensemble_seed=3,20265611,3,20265611
96002,global_lstm,global LSTM,13.59069130732375,0.7975431760921537,0.478143051281246,0.46104351787840514,4.547529043647091,107.16437382700427,1.3722749492274218,1.302055010701809,0.33917394427479686,global_lstm_seed_ensemble_seed=3,20265611,3,20265611
96004,global_lstm,global LSTM,10.447638603696099,0.6282663768914987,0.31763040760222805,0.30297114859504304,2.138835714380336,112.35163587447036,1.7204019729040536,,0.9795859765563126,global_lstm_seed_ensemble_seed=3,20265611,3,20265611
97002,global_lstm,global LSTM,15.222450376454484,0.7022513324314577,0.5024691945373609,0.4570942173750844,3.2390374705136487,92.74672627414975,1.4568826169203148,0.9005514269254257,0.7200443982675134,global_lstm_seed_ensemble_seed=3,20265611,3,20265611
10002,global_lstm,global LSTM,15.496235455167694,0.6995300400866586,0.4430177111273954,0.4344542032150067,9.369621400960744,89.0836458137437,0.9780759398763529,0.49989819291928117,0.4962842536185387,global_lstm_seed_ensemble_seed=4,20265612,4,20265612
10003,global_lstm,global LSTM,11.811088295687885,0.7369075975091115,0.4706856860501073,0.5688647004165801,13.222616882562223,41.58985314137485,0.497669972128342,0.21905065163159976,0.2207154812577924,global_lstm_seed_ensemble_seed=4,20265612,4,20265612
1001,global_lstm,global LSTM,8.06570841889117,0.6796062829096225,0.35207994791041675,0.29898549380351835,4.422390586852748,142.2527901899587,1.507403696581596,0.5589098144588192,0.9350702539935417,global_lstm_seed_ensemble_seed=4,20265612,4,20265612
101002,global_lstm,global LSTM,15.173169062286105,0.6941116013885346,0.5220012708337671,0.65297990076149,17.994716206414683,63.94197182769083,0.5506410230038115,0.7673575233394108,1.2435534584204995,global_lstm_seed_ensemble_seed=4,20265612,4,20265612
101005,global_lstm,global LSTM,12.11772758384668,0.7170174892747696,0.535827557976118,0.7221340347100721,12.739093304268954,83.65235131773497,0.8173396342054593,0.8172227522686858,1.2927632098265143,global_lstm_seed_ensemble_seed=4,20265612,4,20265612
102001,global_lstm,global LSTM,10.182067077344286,0.6541238152682187,0.3235195239070373,0.21188767616155502,3.9271899054016717,82.18004980251276,1.3206844973496101,0.14754089968787798,1.1389080603836432,global_lstm_seed_ensemble_seed=4,20265612,4,20265612
106001,global_lstm,global LSTM,7.72621492128679,0.7325831805038694,0.12028817690894755,0.3805699068366981,6.85031159820377,153.125582543995,1.3493374273487986,1.263450480701567,0.23055154047654725,global_lstm_seed_ensemble_seed=4,20265612,4,20265612
107001,global_lstm,global LSTM,6.940451745379876,0.605434733192438,0.09975037824785349,0.12018629104422951,2.6793960512889297,167.99822656505253,1.7972677842172464,,0.5682220936122068,global_lstm_seed_ensemble_seed=4,20265612,4,20265612
11001,global_lstm,global LSTM,15.597535934291582,0.7613804778957256,0.48398814203415264,0.5779115994798723,11.4423369840309,45.38837680553766,0.5984299177705897,0.471567848445247,0.3123223888468488,global_lstm_seed_ensemble_seed=4,20265612,4,20265612
11003,global_lstm,global LSTM,14.822724161533197,0.7139496640853027,0.4080195849613145,0.5280323338965724,6.642162233296286,84.61382549124014,1.1051318515265667,0.31195842957545306,0.9184249480573955,global_lstm_seed_ensemble_seed=4,20265612,4,20265612
11004,global_lstm,global LSTM,11.227926078028748,0.6521587938791211,0.4802093848441106,0.6265545669916803,13.127964898529983,37.55031771026129,0.45641620905418057,0.3370733420726244,0.6888430268873288,global_lstm_seed_ensemble_seed=4,20265612,4,20265612
12001,global_lstm,global LSTM,15.597535934291582,0.6392074490342778,0.38538876558268154,0.41681377975392353,5.6064840879852085,80.91124043857172,1.1593182654302425,0.17052305296525017,1.0223023034510748,global_lstm_seed_ensemble_seed=4,20265612,4,20265612
12002,global_lstm,global LSTM,14.973305954825461,0.7062542972578374,0.44327393644803426,0.4610541450402911,5.930257265412479,79.44234771511618,1.1269785358757347,0.3288429083995261,0.9062217219732086,global_lstm_seed_ensemble_seed=4,20265612,4,20265612
12005,global_lstm,global LSTM,13.79876796714579,0.6041703101579461,0.4236534028293073,0.4072042625360335,5.968278540908192,57.71180604703045,0.9854155818772719,0.4031494486016658,0.783487241059349,global_lstm_seed_ensemble_seed=4,20265612,4,20265612
12006,global_lstm,global LSTM,13.17180013689254,0.5620384966404939,0.27914168859145505,0.30669639822669825,4.127178854444125,86.9354676165983,1.3235437047203202,0.46012419449264985,0.9529366192383276,global_lstm_seed_ensemble_seed=4,20265612,4,20265612
12007,global_lstm,global LSTM,12.016427104722792,0.44675473135131694,0.21512791195977354,0.19574682729142523,3.817852400739543,103.69952115181023,1.4339576165394434,0.5520013748045746,0.8595088254721601,global_lstm_seed_ensemble_seed=4,20265612,4,20265612
12008,global_lstm,global LSTM,11.312799452429843,0.7337650050788045,0.5285631425384766,0.41050590554184063,5.396233609219593,37.97891015130298,0.8474517554786812,0.3129095025355555,1.1525041927760853,global_lstm_seed_ensemble_seed=4,20265612,4,20265612
12009,global_lstm,global LSTM,11.40041067761807,0.5496952103938328,0.5249051001155871,0.45783469405738997,3.1898214678530974,12.72951108496804,0.6010453470231281,0.3324043889672835,1.0570078717251712,global_lstm_seed_ensemble_seed=4,20265612,4,20265612
13001,global_lstm,global LSTM,12.922655715263518,0.7656820114121338,0.4529505087660719,0.373874333339552,5.787194426965098,39.05284503804228,0.8291846049498925,0.10775186142168203,1.0271259260240706,global_lstm_seed_ensemble_seed=4,20265612,4,20265612
13004,global_lstm,global LSTM,11.323750855578371,0.751896019339338,0.482806010121425,0.4062599041432393,7.476978062031977,73.93893260199344,0.9951470703170544,0.10045401882376503,1.190964420137001,global_lstm_seed_ensemble_seed=4,20265612,4,20265612
13005,global_lstm,global LSTM,12.498288843258042,0.7375836991927309,0.2324244732505626,0.49638881891308984,9.947715428814352,22.354932314097717,0.3516500062071262,0.2276748295154143,0.14154091902028276,global_lstm_seed_ensemble_seed=4,20265612,4,20265612
13007,global_lstm,global LSTM,14.023271731690622,0.7131030589730185,0.5291477696552787,0.44369268591342625,5.985865232992156,35.586197318039986,0.7741546476774975,0.20505611071583085,0.9941790728172065,global_lstm_seed_ensemble_seed=4,20265612,4,20265612
13008,global_lstm,global LSTM,11.9233401779603,0.781833179497951,0.4798339428413245,0.46785591057798326,7.592111426602678,74.49971850122563,0.9917920583154406,0.29364563732020876,0.8423839326761493,global_lstm_seed_ensemble_seed=4,20265612,4,20265612
14001,global_lstm,global LSTM,15.597535934291582,0.8370298786807722,0.5241624561687445,0.5962253028334716,14.768188088235641,38.730402493789505,0.4187247953722981,0.4449703869909172,0.13408682408801464,global_lstm_seed_ensemble_seed=4,20265612,4,20265612
14002,global_lstm,global LSTM,15.299110198494182,0.8015723196610156,0.2381025551377456,0.5700084479554086,13.578408853621704,25.799855689742945,0.27876839537526527,0.5165304230078231,0.3952561412744027,global_lstm_seed_ensemble_seed=4,20265612,4,20265612
14005,global_lstm,global LSTM,11.62217659137577,0.7291575541176706,0.5175326970815004,0.5919308234966547,12.93424013092396,41.2312729187906,0.503485823241419,0.7920381951405542,0.21772172905264786,global_lstm_seed_ensemble_seed=4,20265612,4,20265612
15006,global_lstm,global LSTM,15.597535934291582,0.7159024908646291,0.40297025934469466,0.5578186304249468,12.75089601312989,86.00428425996816,0.8289793819659586,0.4415925221013973,0.519111337383731,global_lstm_seed_ensemble_seed=4,20265612,4,20265612
15007,global_lstm,global LSTM,15.597535934291582,0.6703678956810795,0.3554361744749295,0.5817264929662981,13.197210717246277,73.61124890892636,0.7464620351093907,0.41337851340698784,0.6154722770739841,global_lstm_seed_ensemble_seed=4,20265612,4,20265612
15010,global_lstm,global LSTM,14.924024640657084,0.807462655712671,0.5873561732357946,0.6212194902590294,7.264966910427983,75.07355305974401,1.0142533299505812,0.1900187896733707,0.9163022564503721,global_lstm_seed_ensemble_seed=4,20265612,4,20265612
15011,global_lstm,global LSTM,15.597535934291582,0.5780942654245891,0.49063644246328275,0.7485820578777334,5.30285145219421,69.902814776806,1.1199852023574606,0.20393615368989793,1.0536934679822942,global_lstm_seed_ensemble_seed=4,20265612,4,20265612
15012,global_lstm,global LSTM,14.921286789869953,0.6226114689476776,0.3539199335089841,0.5019906146560955,12.951216513352971,80.68951062516321,0.7945065177151576,0.3630479880270858,0.603564471659212,global_lstm_seed_ensemble_seed=4,20265612,4,20265612
15013,global_lstm,global LSTM,15.58110882956879,0.759740436987256,0.5419655383491228,0.490480897783821,7.007287160222032,80.02615108744443,1.0576820143607102,0.12377451844187293,0.9451273482958891,global_lstm_seed_ensemble_seed=4,20265612,4,20265612
15014,global_lstm,global LSTM,11.323750855578371,0.6087553560170775,0.32471377801256907,0.28293894005843145,4.930722193943647,111.52385107595336,1.3544572235523722,0.27929237187769673,1.1969331808408343,global_lstm_seed_ensemble_seed=4,20265612,4,20265612
15016,global_lstm,global LSTM,14.622861054072553,0.37222447657548796,-0.017762836657359893,0.36240349196569044,14.072080101173524,75.85798891380747,0.731643026302292,2.047986646791268,1.1170083559018888,global_lstm_seed_ensemble_seed=4,20265612,4,20265612
15021,global_lstm,global LSTM,11.143052703627653,0.5597096486632568,0.4579426035919656,0.5313981868373703,14.31833566112229,39.64617384567641,0.44230874173119294,0.8333299035881223,0.06654489036676225,global_lstm_seed_ensemble_seed=4,20265612,4,20265612
15023,global_lstm,global LSTM,11.9233401779603,0.7905058026096858,0.4736501533434385,0.4223582773519823,7.088442465992603,87.80602797755702,1.0929735129909974,0.41506745947695617,0.6330111916820453,global_lstm_seed_ensemble_seed=4,20265612,4,20265612
15024,global_lstm,global LSTM,12.2217659137577,0.8019454040092906,0.503523860523907,0.4995367026783274,3.715251216632258,83.35543618455478,1.3509457433641743,0.8568077963278661,0.469554109336324,global_lstm_seed_ensemble_seed=4,20265612,4,20265612
15025,global_lstm,global LSTM,11.323750855578371,0.6974710069897786,0.42593216843466475,0.36666073072127947,6.661093287485715,104.24607098348494,1.194514179549531,0.12752849925438853,1.2316485346941541,global_lstm_seed_ensemble_seed=4,20265612,4,20265612
15030,global_lstm,global LSTM,9.963039014373717,0.6911246714389085,0.5130896686430392,0.4535896231526567,10.219457772267887,76.7092582644124,0.8754199299274124,0.7978983829023958,0.29554317820094134,global_lstm_seed_ensemble_seed=4,20265612,4,20265612
15039,global_lstm,global LSTM,9.22381930184805,0.4248563543432903,0.12019263746898468,0.0735764390598147,3.8542447949737215,124.2041262046171,1.5081967292674618,0.3858930257760119,1.1381174842533914,global_lstm_seed_ensemble_seed=4,20265612,4,20265612
16001,global_lstm,global LSTM,15.597535934291582,0.8050339777845961,0.49091377194496,0.5214165639772812,11.214157798450762,80.07827853431472,0.8537480654993225,0.17086999493238553,0.7551384318808901,global_lstm_seed_ensemble_seed=4,20265612,4,20265612
16003,global_lstm,global LSTM,15.597535934291582,0.6972678046270373,0.4252855921242219,0.3236162966410987,2.9678059042926,72.21106279181024,1.3861682424232613,0.1355731081065361,0.9557148647574154,global_lstm_seed_ensemble_seed=4,20265612,4,20265612
16004,global_lstm,global LSTM,14.99794661190965,0.8033935256570561,0.4614783204597892,0.48601286326112625,11.908076256236738,81.25695199746758,0.8340189205268932,0.2230743165233135,0.4952330529429756,global_lstm_seed_ensemble_seed=4,20265612,4,20265612
17001,global_lstm,global LSTM,15.422313483915127,0.7874151429468743,0.5194548454497467,0.5715473320124043,4.545545637612084,81.18359490247902,1.251882255992393,0.42988868556622173,0.6074442968518406,global_lstm_seed_ensemble_seed=4,20265612,4,20265612
17003,global_lstm,global LSTM,15.597535934291582,0.7355252393322399,0.5164064885252312,0.6136569294052003,4.125506337336148,83.01986086321229,1.303704742602299,0.29789345819970436,0.9177203637880521,global_lstm_seed_ensemble_seed=4,20265612,4,20265612
17004,global_lstm,global LSTM,14.047912388774812,0.8536737106799789,0.8345281898329064,0.8754335712152701,10.434396655594337,14.50318600310636,0.1429960747544425,0.247888742235975,0.25028036763967876,global_lstm_seed_ensemble_seed=4,20265612,4,20265612
17005,global_lstm,global LSTM,15.597535934291582,0.6832447510911461,0.45700720866555844,0.3842426996624927,3.7846296407374274,79.5283297826941,1.3224984753114932,0.6293998984647502,0.7730074383817236,global_lstm_seed_ensemble_seed=4,20265612,4,20265612
17015,global_lstm,global LSTM,10.72142368240931,0.6888117810110883,0.40482897232530446,0.43524090763653567,8.615160436903533,96.75546675806511,1.05041214279273,0.2969164706704529,0.5653882961913048,global_lstm_seed_ensemble_seed=4,20265612,4,20265612
17018,global_lstm,global LSTM,8.429842573579739,0.7625299229666651,0.18169045326418687,0.3653553784840021,15.69830126732494,75.1608106540385,0.6801387961714378,0.12518888173550902,0.7857080955907545,global_lstm_seed_ensemble_seed=4,20265612,4,20265612
18001,global_lstm,global LSTM,15.597535934291582,0.7959289596278695,0.5138717878674173,0.48732052981882945,4.560552916687968,75.83490544756572,1.2208516503483946,0.31942086886066434,0.7396421812282101,global_lstm_seed_ensemble_seed=4,20265612,4,20265612
18002,global_lstm,global LSTM,15.326488706365502,0.7837483507271922,0.5361359375443993,0.533352040839127,5.284382481221149,25.56778957625524,0.6846989392719071,0.6110523222392101,0.12494771376494274,global_lstm_seed_ensemble_seed=4,20265612,4,20265612
18003,global_lstm,global LSTM,15.597535934291582,0.7739850119478123,0.48193127918704437,0.5816838969927691,7.748613580127614,76.7051817061414,0.9956006997046347,1.5986004063870407,0.46189305471690023,global_lstm_seed_ensemble_seed=4,20265612,4,20265612
18008,global_lstm,global LSTM,14.360027378507871,0.6587032716138861,0.35464233047268023,0.4013346357422106,5.892946100449161,78.45996659741648,1.1243156500428313,2.4879484298577883,1.0782332458688668,global_lstm_seed_ensemble_seed=4,20265612,4,20265612
18010,global_lstm,global LSTM,14.77618069815195,0.8048165873525378,0.49108128406149465,0.5445407770304931,9.31844409702067,43.66637091290957,0.670803695308203,1.1091970789245016,0.2688463402665455,global_lstm_seed_ensemble_seed=4,20265612,4,20265612
18011,global_lstm,global LSTM,12.399726214921287,0.8059164873787958,0.4869416885435397,0.5544854125718208,7.432134552620482,99.3565815843149,1.1260830773609483,2.217142250462059,0.587657422068814,global_lstm_seed_ensemble_seed=4,20265612,4,20265612
18014,global_lstm,global LSTM,13.122518822724162,0.7083170970507068,0.4180261609417698,0.3419321417321787,6.337129350027229,88.44962664354787,1.1448034322429075,0.36458660582542984,0.7524120104426496,global_lstm_seed_ensemble_seed=4,20265612,4,20265612
19001,global_lstm,global LSTM,15.597535934291582,0.6898895489106048,0.4798022021150079,0.42330285587569283,4.3210519397516505,84.3014372744474,1.2902454924402509,0.512161822058475,0.9034258715429846,global_lstm_seed_ensemble_seed=4,20265612,4,20265612
19006,global_lstm,global LSTM,15.597535934291582,0.7538975373544821,0.5144771358098508,0.53962488093831,10.007780300595602,76.23501770372977,0.8818167427047284,0.29376223358768017,0.7958317855326789,global_lstm_seed_ensemble_seed=4,20265612,4,20265612
19010,global_lstm,global LSTM,15.364818617385353,0.4959949170798935,0.4859015138639792,0.6592697194387165,28.346451315793523,35.568580652697875,0.0985678377879384,0.5174922352478313,0.77242854614791,global_lstm_seed_ensemble_seed=4,20265612,4,20265612
19017,global_lstm,global LSTM,11.017111567419576,0.6389398789842302,0.41452424051757064,0.3854580939224649,8.23987374381974,47.82675321196551,0.7637503419329447,0.10050960974363266,0.9834141447237024,global_lstm_seed_ensemble_seed=4,20265612,4,20265612
19020,global_lstm,global LSTM,11.02258726899384,0.5404982397670364,0.38074268449969983,0.2782063121981986,4.184949949070712,107.08456554267245,1.4080366107137157,0.4286238758715062,1.0809495330274665,global_lstm_seed_ensemble_seed=4,20265612,4,20265612
20002,global_lstm,global LSTM,15.597535934291582,0.6759849103760658,0.510454966546103,0.5066529449016303,12.960497794946914,35.160559047371166,0.4334340891603369,0.5647950231263681,0.15813377592628575,global_lstm_seed_ensemble_seed=4,20265612,4,20265612
20003,global_lstm,global LSTM,15.545516769336071,0.7443703544744757,0.5482902199259917,0.5263835832607818,9.247773643664356,46.03346504681203,0.6970364754407802,0.3935101487051364,0.6888628425882328,global_lstm_seed_ensemble_seed=4,20265612,4,20265612
20007,global_lstm,global LSTM,14.915811088295689,0.743671358283665,0.6220418870022268,0.589662557757489,12.399524836853942,40.877146607848125,0.5180755298033606,0.4617550756222525,0.4679917847197954,global_lstm_seed_ensemble_seed=4,20265612,4,20265612
2001,global_lstm,global LSTM,14.321697467488022,0.6679769141393078,0.44774217941917294,0.402704590359797,3.218862615237065,109.33890632319796,1.531072284596948,0.6499730973721483,1.0019262953650716,global_lstm_seed_ensemble_seed=4,20265612,4,20265612
2002,global_lstm,global LSTM,8.824093086926762,0.6025219042567161,0.32257538741245273,0.2982105758280136,2.667990248549723,149.93352137882147,1.7497145031592616,,0.5423355595667101,global_lstm_seed_ensemble_seed=4,20265612,4,20265612
21003,global_lstm,global LSTM,15.597535934291582,0.8735337277521653,0.5718948088336513,0.6109381217342316,7.9069655565343515,91.91080243910012,1.0653567108090956,0.3380846313546919,0.6913708739669944,global_lstm_seed_ensemble_seed=4,20265612,4,20265612
21006,global_lstm,global LSTM,15.597535934291582,0.8440114395245597,0.5598828529196139,0.5774338268269463,7.667748715743264,89.66178622040857,1.0679395146035804,0.40693763007046607,0.597579686181189,global_lstm_seed_ensemble_seed=4,20265612,4,20265612
21008,global_lstm,global LSTM,15.597535934291582,0.7306342541801124,0.5138272916728888,0.4226515404582639,6.282570508415334,82.3685998998515,1.117624312597188,0.3315848377511663,1.0026315437579436,global_lstm_seed_ensemble_seed=4,20265612,4,20265612
21009,global_lstm,global LSTM,15.597535934291582,0.792075906393668,0.5334632155744113,0.5319107070165404,9.654143670866219,89.82848954999153,0.9687003395515017,0.5358090826444937,0.7274802147534281,global_lstm_seed_ensemble_seed=4,20265612,4,20265612
21011,global_lstm,global LSTM,15.597535934291582,0.8072584650306045,0.5291696605432632,0.6035890775940074,6.5546610596451895,83.27838737761226,1.1039820674863667,0.6400672377053411,0.34949297829834236,global_lstm_seed_ensemble_seed=4,20265612,4,20265612
21012,global_lstm,global LSTM,15.597535934291582,0.7273173059098625,0.512178703661285,0.4159096835704319,5.6350004837586996,76.25716084672045,1.1313866742243972,0.10025457411247907,0.986629814680516,global_lstm_seed_ensemble_seed=4,20265612,4,20265612
21013,global_lstm,global LSTM,15.597535934291582,0.7265979783326725,0.46388643427757503,0.43710707504646984,7.321995864092805,88.40290751743628,1.0818370696975244,0.4916472453387051,0.7326197012463851,global_lstm_seed_ensemble_seed=4,20265612,4,20265612
21015,global_lstm,global LSTM,15.597535934291582,0.6962759064807358,0.485826486020842,0.5024052817600915,6.530498635848376,80.62718533469875,1.0915351559324504,0.44730876871696057,0.9124237598201956,global_lstm_seed_ensemble_seed=4,20265612,4,20265612
21016,global_lstm,global LSTM,15.597535934291582,0.6388294859331773,0.5270527238055137,0.4396802304104852,7.62445306517465,30.639794614988496,0.6040771544784582,0.34197880313135487,0.646429815653264,global_lstm_seed_ensemble_seed=4,20265612,4,20265612
21017,global_lstm,global LSTM,15.597535934291582,0.6499473769258154,0.4638870443308062,0.37395398812418934,3.5220671885016444,75.92435253912133,1.3335834605659018,0.030440561159858492,0.8986837732752839,global_lstm_seed_ensemble_seed=4,20265612,4,20265612
21018,global_lstm,global LSTM,15.592060232717317,0.8272371547006071,0.5461335506263558,0.5919601308620512,9.619874606995836,92.29036005460526,0.9819869291745603,0.4830928093873883,0.7213692297627469,global_lstm_seed_ensemble_seed=4,20265612,4,20265612
21022,global_lstm,global LSTM,15.597535934291582,0.724370389905852,0.5441384728221507,0.47006722321634653,8.26234433654277,35.74946703924848,0.6361662812137652,0.3549391779478084,0.7017901393595244,global_lstm_seed_ensemble_seed=4,20265612,4,20265612
21023,global_lstm,global LSTM,15.572895277207392,0.41255128182241896,0.2849090649182603,0.15571639365681422,4.993339331383671,32.69624874865551,0.8161068484469365,0.546907208532975,0.8659016070514537,global_lstm_seed_ensemble_seed=4,20265612,4,20265612
21024,global_lstm,global LSTM,15.34839151266256,0.5804095183315856,0.4646975436873183,0.3702664163822046,4.927024401437726,77.24003303978547,1.1952577377244402,0.15628910402301555,1.2603207947194994,global_lstm_seed_ensemble_seed=4,20265612,4,20265612
21026,global_lstm,global LSTM,14.198494182067078,0.5587355587422677,0.3762950616819407,0.22131657936245475,3.3579531532805404,85.93465332863755,1.4080936962964763,0.06848645049741331,1.063417006300117,global_lstm_seed_ensemble_seed=4,20265612,4,20265612
21027,global_lstm,global LSTM,14.67214236824093,0.6556254816939636,0.5305583617712941,0.4521983320881191,7.983276099819803,38.590432988625444,0.6842985019190798,0.30952914471572235,0.863836641850766,global_lstm_seed_ensemble_seed=4,20265612,4,20265612
22001,global_lstm,global LSTM,15.501711156741958,0.7007933319151674,0.5900354189523238,0.4744792161223431,6.162983982031184,29.180470322657772,0.6753012484763471,0.5641636038542499,0.7228550829176551,global_lstm_seed_ensemble_seed=4,20265612,4,20265612
22006,global_lstm,global LSTM,15.597535934291582,0.6441041625443296,0.6056938996402772,0.5245032352747114,7.351530702991001,27.16697381385945,0.5676634887766998,0.5637023412833855,0.6197877988311972,global_lstm_seed_ensemble_seed=4,20265612,4,20265612
22007,global_lstm,global LSTM,15.594798083504449,0.5782186550127408,0.542011050055137,0.4075292022412883,6.000770021201829,26.938050114819156,0.6521591737303101,0.46466557004163267,0.7506039438864505,global_lstm_seed_ensemble_seed=4,20265612,4,20265612
22009,global_lstm,global LSTM,15.096509240246407,0.6939805892655578,0.5826609587172408,0.47559173450821546,4.8353425338038605,30.04913075653888,0.7934046687441554,0.5188319611644138,0.8447537837082558,global_lstm_seed_ensemble_seed=4,20265612,4,20265612
23001,global_lstm,global LSTM,15.561943874058864,0.6715977260407677,0.5844406214116422,0.5120588263351282,5.587304826162167,69.76872009155406,1.0964583901346507,0.35915500265398614,0.9524468366453122,global_lstm_seed_ensemble_seed=4,20265612,4,20265612
23004,global_lstm,global LSTM,15.597535934291582,0.6095890442182514,0.5133192877829786,0.4008383434298375,3.9319999153009086,66.90028684490115,1.2308144800688383,0.4057210142994881,1.0164008380303295,global_lstm_seed_ensemble_seed=4,20265612,4,20265612
23006,global_lstm,global LSTM,15.498973305954825,0.6102735433552697,0.4619787385096833,0.3599353056166431,3.4944389847848707,69.38476199154043,1.2978866410738106,0.2962306010422291,1.040960056697017,global_lstm_seed_ensemble_seed=4,20265612,4,20265612
23007,global_lstm,global LSTM,15.501711156741958,0.6624393795959104,0.5993811460343756,0.7341556147108677,12.509223550567489,26.542856042545086,0.32671729783544373,0.2157947230642958,0.7312381926582971,global_lstm_seed_ensemble_seed=4,20265612,4,20265612
23008,global_lstm,global LSTM,15.460643394934976,0.6075575751785403,0.4817480472885539,0.3706464827795495,4.081205956745483,69.61940292488732,1.2319417824779437,0.5853463954360738,1.1106670941410188,global_lstm_seed_ensemble_seed=4,20265612,4,20265612
23011,global_lstm,global LSTM,15.279945242984258,0.48525905561816873,0.43079991110612237,0.3433955649438054,2.9482734320398314,74.00368326706659,1.3996855768394445,0.12506276605551098,1.0054826668303662,global_lstm_seed_ensemble_seed=4,20265612,4,20265612
23016,global_lstm,global LSTM,9.78507871321013,0.6977892128513197,0.4851970425365858,0.5284332256750306,6.135549618679133,31.40898221642293,0.7092003910200873,0.24863382132420697,1.0713493922470823,global_lstm_seed_ensemble_seed=4,20265612,4,20265612
24001,global_lstm,global LSTM,15.43874058863792,0.6532540919541212,0.5630108769190889,0.48211498882727977,5.748000679510907,36.240868924795556,0.7996817911354023,0.32715253152913126,0.8895200485113153,global_lstm_seed_ensemble_seed=4,20265612,4,20265612
24003,global_lstm,global LSTM,15.394934976043805,0.6853196883199699,0.5381681763287227,0.5150761769860512,4.281921634400991,45.0440241237244,1.0219984676011504,0.30728807546324943,0.9518411028103453,global_lstm_seed_ensemble_seed=4,20265612,4,20265612
24004,global_lstm,global LSTM,15.545516769336071,0.6908194311104648,0.610985571979096,0.5643195084279975,8.063903538613342,34.38252451732084,0.6297924372977071,0.2005639893847575,0.8989077797290053,global_lstm_seed_ensemble_seed=4,20265612,4,20265612
24005,global_lstm,global LSTM,15.523613963039015,0.7133385750908818,0.624131070655934,0.6369557037292806,11.345288784201392,30.804551935598273,0.43379934125009795,0.21562102000792605,0.7851127908409307,global_lstm_seed_ensemble_seed=4,20265612,4,20265612
25001,global_lstm,global LSTM,15.592060232717317,0.7206672222578944,0.5247340650329745,0.4694268961192195,5.440826644393534,63.11633889759015,1.0644769107744736,0.23826982209233982,0.9979659099691539,global_lstm_seed_ensemble_seed=4,20265612,4,20265612
25003,global_lstm,global LSTM,12.19438740588638,0.37332879825875454,0.26199463245316623,0.22065429115220925,1.6302537230858292,76.08105964165765,1.6690213520384285,,0.9656860197004902,global_lstm_seed_ensemble_seed=4,20265612,4,20265612
25006,global_lstm,global LSTM,15.594798083504449,0.5005547430510716,0.3947453964867351,0.25958906883842525,3.833007149020166,58.38025348278834,1.1827263470643041,0.4914751389274385,0.911654939035085,global_lstm_seed_ensemble_seed=4,20265612,4,20265612
25012,global_lstm,global LSTM,15.597535934291582,0.5264594005186949,0.40944138146841824,0.3381173154156911,2.8319251711078737,63.59880674075842,1.351367193702824,0.15083620774327966,1.0589546944336328,global_lstm_seed_ensemble_seed=4,20265612,4,20265612
25020,global_lstm,global LSTM,14.94318959616701,0.6705224282538196,0.5230877574725472,0.6670544971079138,17.517342401118498,38.251711441759696,0.33918265199185565,0.7357253153022789,0.26750176159823824,global_lstm_seed_ensemble_seed=4,20265612,4,20265612
25021,global_lstm,global LSTM,14.72142368240931,0.6400448242557046,0.4940787363071387,0.6412785664747596,14.020932300724079,37.878887874672664,0.4316203272722693,1.0390981722632249,0.1353214793943472,global_lstm_seed_ensemble_seed=4,20265612,4,20265612
26003,global_lstm,global LSTM,15.422313483915127,-0.110356849984381,-0.5970475279781688,0.22930113860229884,72.92905077603154,34.196589313344994,0.3289177682299971,1.342414326938562,0.9384793911155601,global_lstm_seed_ensemble_seed=4,20265612,4,20265612
26005,global_lstm,global LSTM,12.386036960985626,-53.053635220547164,-21.156844867914028,-5.618508050194519,58.31353116426574,43.45915389183095,0.12768807406464797,1.930660734790997,1.9098019463822997,global_lstm_seed_ensemble_seed=4,20265612,4,20265612
26006,global_lstm,global LSTM,12.739219712525667,-0.5736642532407432,-0.4835582014095794,-0.407524230143417,59.79747226985516,44.001434468323495,0.13321599115793312,2.0539735717443093,1.9844500802140637,global_lstm_seed_ensemble_seed=4,20265612,4,20265612
26008,global_lstm,global LSTM,11.02258726899384,-0.1864311780069554,-0.279699248014176,0.42885206680639254,54.49271222807411,39.43096261504436,0.14050104479077774,1.1511102785349174,0.8810047080833986,global_lstm_seed_ensemble_seed=4,20265612,4,20265612
26009,global_lstm,global LSTM,10.094455852156058,-0.11400173596881946,-0.44420414270612985,0.27191483226347635,65.91614587295979,45.47638423839859,0.16120587890561489,1.5311063842723605,1.3084624646396068,global_lstm_seed_ensemble_seed=4,20265612,4,20265612
27001,global_lstm,global LSTM,15.364818617385353,0.8154463727486891,0.5106904496051801,0.4531909562641848,8.19224545048298,34.798506729556266,0.628157652077629,0.18531570310613155,0.9911684280663966,global_lstm_seed_ensemble_seed=4,20265612,4,20265612
27002,global_lstm,global LSTM,12.536618754277892,0.7627708837267593,0.5922822224136174,0.5726967632355704,4.647347951351212,51.30317595846457,1.0429390615070684,0.057054702058651485,0.8620558479277273,global_lstm_seed_ensemble_seed=4,20265612,4,20265612
27003,global_lstm,global LSTM,15.578370978781656,0.7743106134476653,0.43829538280986957,0.4493532061376282,11.293552201059349,36.82696345187536,0.5133353472084191,0.7745904713620062,0.3604494673750789,global_lstm_seed_ensemble_seed=4,20265612,4,20265612
27006,global_lstm,global LSTM,15.597535934291582,0.7864857941024321,0.5631875961736079,0.6523391848392637,8.630075833218681,32.93602223958606,0.5816565353258275,0.10401002737501264,0.7277401696387683,global_lstm_seed_ensemble_seed=4,20265612,4,20265612
27007,global_lstm,global LSTM,15.066392881587953,0.7230629158773283,0.4491448970059063,0.38844501887125726,5.844222570823611,36.48906075030785,0.7954359373079384,0.3344817614771258,0.7760860828312371,global_lstm_seed_ensemble_seed=4,20265612,4,20265612
27009,global_lstm,global LSTM,15.436002737850787,0.7203798186306144,0.41732511341957645,0.5014923302272317,15.090761938818755,36.97412493915172,0.3891867363733952,1.044738221568974,0.30873177170527044,global_lstm_seed_ensemble_seed=4,20265612,4,20265612
27021,global_lstm,global LSTM,15.08829568788501,0.7495278601138154,0.447364590099506,0.39810892521024976,12.029158132803982,34.07603797246038,0.45221385945933623,0.506190375325412,0.23437082596412584,global_lstm_seed_ensemble_seed=4,20265612,4,20265612
27023,global_lstm,global LSTM,15.597535934291582,0.7018813957312673,0.4691732237397931,0.3387425659016098,4.853552757397793,28.909444850350468,0.7749799972677289,0.21829309859201507,0.9677341393296688,global_lstm_seed_ensemble_seed=4,20265612,4,20265612
27025,global_lstm,global LSTM,14.822724161533197,0.68901103581269,0.3762312714136796,0.32707407936713784,10.769457463986292,35.52822147908722,0.5183796422461109,0.27173330670885487,0.5393114316659828,global_lstm_seed_ensemble_seed=4,20265612,4,20265612
27026,global_lstm,global LSTM,15.441478439425051,0.696562433900241,0.530285901861179,0.43905729169467,5.802190060146819,32.79414015637468,0.7522042977142049,0.21441003144964604,1.0720769126545169,global_lstm_seed_ensemble_seed=4,20265612,4,20265612
27029,global_lstm,global LSTM,15.211498973305956,0.8724354854890388,0.5019377189982457,0.5068142258326319,9.38966518040358,38.11308461621774,0.6084239927284454,0.11191176086464094,0.8656335322099751,global_lstm_seed_ensemble_seed=4,20265612,4,20265612
27030,global_lstm,global LSTM,15.449691991786448,0.6961193205576051,0.4225515462099131,0.3235071421185396,11.522261077683835,27.161648430904346,0.37241841210435145,0.31031819473455846,0.23477346857839276,global_lstm_seed_ensemble_seed=4,20265612,4,20265612
27032,global_lstm,global LSTM,15.4798083504449,-6.96634659878525,-4.876769981496495,-1.4852696263833725,3.9798508887790915,39.71616153019745,0.999100467483556,0.11164200947067138,0.8544634810283658,global_lstm_seed_ensemble_seed=4,20265612,4,20265612
27034,global_lstm,global LSTM,15.594798083504449,0.7331937925521133,0.5018733746988089,0.41421075137114405,4.575320192121428,54.4979009196542,1.0759582825418479,0.2776857688120311,0.7690589140823737,global_lstm_seed_ensemble_seed=4,20265612,4,20265612
27035,global_lstm,global LSTM,15.597535934291582,0.7814019138961289,0.5102470369411719,0.4233909905910537,6.233677489611691,37.665237526628914,0.78119638102456,0.6612405110396151,0.4292637335638755,global_lstm_seed_ensemble_seed=4,20265612,4,20265612
27038,global_lstm,global LSTM,15.474332648870636,-7.103037071928361,-1.844675973679617,-0.3896476546082204,35.5830247715253,42.3224271521143,0.07532770316373835,0.28073902293276987,0.5315512077057152,global_lstm_seed_ensemble_seed=4,20265612,4,20265612
27041,global_lstm,global LSTM,14.72142368240931,0.7081171652539864,0.39759707479483686,0.6435590790218711,29.975556427281948,44.16175256001395,0.16827904652395514,0.9887819294652164,0.4448739944530993,global_lstm_seed_ensemble_seed=4,20265612,4,20265612
27042,global_lstm,global LSTM,15.208761122518823,0.735380133864989,0.5055744315359283,0.4750968317292744,11.964118058243209,40.432997866096954,0.5288552530129594,0.12424367580016604,1.1245447471800127,global_lstm_seed_ensemble_seed=4,20265612,4,20265612
27043,global_lstm,global LSTM,14.55441478439425,0.7412755087879008,0.5066631478465631,0.4506525528107448,4.047431716361988,62.366382540972445,1.187771023679929,0.2401185681945004,0.8488323076760153,global_lstm_seed_ensemble_seed=4,20265612,4,20265612
27047,global_lstm,global LSTM,15.353867214236825,0.5855603473463511,0.4513472731593994,0.3531252402765651,2.4600194664634727,50.997905761190026,1.3166137983303023,0.10853864876750863,0.9401653285359386,global_lstm_seed_ensemble_seed=4,20265612,4,20265612
27049,global_lstm,global LSTM,14.433949349760438,0.7536246823225419,0.4892050407404732,0.5466569264619456,21.653713443811117,43.450450089837595,0.30246189432122733,0.13799519259714232,1.054409682635614,global_lstm_seed_ensemble_seed=4,20265612,4,20265612
27051,global_lstm,global LSTM,15.173169062286105,0.5770288049456914,0.4421865166944522,0.35567045197211633,5.227466591550636,32.829982376682544,0.7979793836510987,0.08648401469164846,1.3885825506081146,global_lstm_seed_ensemble_seed=4,20265612,4,20265612
27062,global_lstm,global LSTM,12.013689253935661,0.7145837797170494,0.4925819216449451,0.5273499514191464,13.932877369066183,45.782852799299356,0.5166620360697707,0.7335486742907502,0.5381963795186401,global_lstm_seed_ensemble_seed=4,20265612,4,20265612
27064,global_lstm,global LSTM,12.876112251882272,0.6588983623520157,0.361315253028327,0.2870156511952472,10.019476957408678,40.26870362175716,0.6041225976767576,0.5595095904187095,0.6412832051128003,global_lstm_seed_ensemble_seed=4,20265612,4,20265612
27065,global_lstm,global LSTM,12.854209445585216,0.8664225049584786,0.44803427422174813,0.5237265036321457,4.756568211813743,41.05706651113908,0.9360941870599767,0.1525471030078588,0.9913741661794548,global_lstm_seed_ensemble_seed=4,20265612,4,20265612
27071,global_lstm,global LSTM,15.548254620123203,0.6641730603498841,0.40643197825044586,0.4436707126185374,14.310960917341582,36.718624233651056,0.4092176050912611,1.035265055479694,0.2534090303568153,global_lstm_seed_ensemble_seed=4,20265612,4,20265612
27073,global_lstm,global LSTM,12.46817248459959,-0.7395616733556374,-0.6789830806988277,-0.1366216636489621,49.607417356127335,44.092322522122274,0.05118364205136495,1.4782813007684663,1.4687760732077415,global_lstm_seed_ensemble_seed=4,20265612,4,20265612
27077,global_lstm,global LSTM,11.709787816563997,0.6251129286455694,0.22502156947870022,0.6217533326995028,5.550869580630687,43.75228105877509,0.896639676654174,0.15801387566501435,1.1600969134272892,global_lstm_seed_ensemble_seed=4,20265612,4,20265612
27079,global_lstm,global LSTM,9.957563312799453,0.7742443700971621,0.2916562421344352,0.3302719848020884,6.5159807889001575,44.02328778935943,0.8297026786194596,0.3252133281332481,0.7909862571153888,global_lstm_seed_ensemble_seed=4,20265612,4,20265612
27080,global_lstm,global LSTM,11.118412046543463,0.7348603560343541,0.30260200948517024,0.36183772800681635,7.753007884333265,45.91801673312029,0.7725128963550915,0.817978040306479,0.5060131805324958,global_lstm_seed_ensemble_seed=4,20265612,4,20265612
27084,global_lstm,global LSTM,10.379192334017796,0.6507553432715549,0.42175673552230797,0.3624346895142525,4.611632371603775,42.15512133617662,0.9609956646039998,0.5037405965600862,0.9522490575896199,global_lstm_seed_ensemble_seed=4,20265612,4,20265612
27087,global_lstm,global LSTM,9.848049281314168,-0.27158510962799043,-0.3130843308395619,0.4006939983977943,52.377584124849506,40.33620627299057,0.11345041380599671,0.696838897384388,0.5208406059565452,global_lstm_seed_ensemble_seed=4,20265612,4,20265612
27089,global_lstm,global LSTM,9.349760438056126,0.795664425974661,0.31787080524589784,0.40582693038794193,6.433509244241692,59.93135644625193,0.969206178010289,0.4317553868566033,0.6701354736673274,global_lstm_seed_ensemble_seed=4,20265612,4,20265612
27090,global_lstm,global LSTM,8.936344969199178,0.7103709880602216,0.3547746915898057,0.3295197408654096,7.5316271259744445,55.83799129001794,0.8700409757047327,0.10727190537117615,1.0254641566825666,global_lstm_seed_ensemble_seed=4,20265612,4,20265612
28001,global_lstm,global LSTM,15.597535934291582,0.18204348679478055,0.023934477499553353,0.37585432472525526,5.782578754909499,39.08022368886846,0.8298354845977013,0.19478098498663743,0.7495179396442075,global_lstm_seed_ensemble_seed=4,20265612,4,20265612
28003,global_lstm,global LSTM,12.396988364134154,0.38393415088083993,0.24884032223549657,0.3401963617572835,8.627604565200315,55.99767732855682,0.8122797821392087,0.4056138118416206,1.6251816056297796,global_lstm_seed_ensemble_seed=4,20265612,4,20265612
28008,global_lstm,global LSTM,15.597535934291582,0.8390604534152168,0.4158590027727813,0.5508935151616714,14.152938081559462,43.36560547416289,0.48629880776838885,0.1419911930627511,1.0785122552554207,global_lstm_seed_ensemble_seed=4,20265612,4,20265612
28009,global_lstm,global LSTM,15.597535934291582,0.7226164177930029,0.37050089437916045,0.49662788030427096,22.88843340018494,44.1139520494138,0.28495989839983643,1.3212443318049036,0.5353806191925682,global_lstm_seed_ensemble_seed=4,20265612,4,20265612
28012,global_lstm,global LSTM,15.597535934291582,0.71544481229312,0.3560503931037171,0.5158713376366059,29.05394412674642,43.2630399059378,0.17291193515348469,0.6680342314573089,0.2635146933853687,global_lstm_seed_ensemble_seed=4,20265612,4,20265612
28015,global_lstm,global LSTM,11.906913073237508,-1.335661073088605,-1.4438846979076616,-0.008843285718788563,46.53938610687407,39.31352845276347,0.0732786260822947,0.6187485858619174,0.733676217271173,global_lstm_seed_ensemble_seed=4,20265612,4,20265612
28018,global_lstm,global LSTM,15.597535934291582,0.8198532903539804,0.4454956787870348,0.5590643435675682,13.601735962228014,42.63228740646431,0.4961442950085151,0.4165026108985508,0.6715295827158595,global_lstm_seed_ensemble_seed=4,20265612,4,20265612
28022,global_lstm,global LSTM,15.597535934291582,0.6838428904614784,0.3331294537970202,0.49277726614977435,25.323159098364886,43.92543972530367,0.23919823424045875,1.189469332727959,0.6364283329435716,global_lstm_seed_ensemble_seed=4,20265612,4,20265612
28023,global_lstm,global LSTM,10.47501711156742,0.5884824067610843,-0.07260055900727092,0.4841071956186751,22.614993802604854,80.50470062166262,0.5514247662368856,0.43527561384750957,0.4918656540422872,global_lstm_seed_ensemble_seed=4,20265612,4,20265612
28024,global_lstm,global LSTM,15.241615331964407,0.5544161461004893,0.4584006738599845,0.3825213628290526,17.263893054472476,47.54314744591933,0.43994919245591557,0.574769291817796,0.43028707052233095,global_lstm_seed_ensemble_seed=4,20265612,4,20265612
28026,global_lstm,global LSTM,15.597535934291582,0.587703960359865,0.425928752878327,0.3308939057053859,14.086661020019202,45.34060427743468,0.5076792399844303,0.4239508349653247,0.6327988539286535,global_lstm_seed_ensemble_seed=4,20265612,4,20265612
28031,global_lstm,global LSTM,15.597535934291582,0.6799328449133297,0.360085238036953,0.32733729970551895,5.422403202160893,42.366708008685855,0.892832911662274,0.08530553540534402,1.1532024408276222,global_lstm_seed_ensemble_seed=4,20265612,4,20265612
28033,global_lstm,global LSTM,12.424366872005475,0.6397787526413335,0.48929112652105267,0.45182799084639713,4.784631550891265,42.599680755576486,0.9495578447101573,0.5645937078601758,0.5548980666928398,global_lstm_seed_ensemble_seed=4,20265612,4,20265612
28039,global_lstm,global LSTM,15.578370978781656,0.47512517547897204,0.47316206360424984,0.49250318165584306,4.107641671942934,40.33537676103623,0.9920935667997961,0.2586841830777262,1.3117066800010009,global_lstm_seed_ensemble_seed=4,20265612,4,20265612
28040,global_lstm,global LSTM,15.597535934291582,0.6886083197330928,0.49013363774747365,0.5787703084829023,8.368106932902947,43.693288232302926,0.7177875084588983,0.318581534331889,0.9382908595642688,global_lstm_seed_ensemble_seed=4,20265612,4,20265612
28043,global_lstm,global LSTM,15.597535934291582,0.7710347704351642,0.5004353169001045,0.6492009169618055,7.101775054143145,38.45140833541787,0.733545338976992,0.19668335045515917,0.6980862370271016,global_lstm_seed_ensemble_seed=4,20265612,4,20265612
28044,global_lstm,global LSTM,13.891854893908283,-0.9160088199055343,-0.8676216671338877,0.3073337453613426,73.75517516747897,37.45460014783073,0.2942873337339368,1.3151000565710382,0.8917395858756407,global_lstm_seed_ensemble_seed=4,20265612,4,20265612
28046,global_lstm,global LSTM,15.597535934291582,0.6957322428713255,0.162078606875673,0.5201086196277632,24.591995238787867,42.71230283243568,0.23975922095840016,0.27670429187963774,0.8604478705048288,global_lstm_seed_ensemble_seed=4,20265612,4,20265612
28048,global_lstm,global LSTM,15.512662559890487,0.6936916139850311,0.4685955914518545,0.3983387944474902,6.829815663601007,34.863095176702274,0.7079569592849557,0.15011537245955808,1.2616020205340552,global_lstm_seed_ensemble_seed=4,20265612,4,20265612
28050,global_lstm,global LSTM,15.323750855578371,0.682094182091556,0.2937799987195028,0.581775183376265,21.072198798895915,18.573235837548026,0.05482228153629962,0.8882179855576884,0.9848843222217842,global_lstm_seed_ensemble_seed=4,20265612,4,20265612
28052,global_lstm,global LSTM,15.364818617385353,0.7904811705417645,0.5105973135263209,0.6205077224391027,22.794814204647494,44.53569511454325,0.2908721784699475,0.3988175870468982,0.12584419284039006,global_lstm_seed_ensemble_seed=4,20265612,4,20265612
28055,global_lstm,global LSTM,12.914442162902121,0.7502004376095721,0.4389384260525898,0.43125534928099596,12.403512114055006,45.23202427561812,0.561901349082394,0.5631835332771593,1.5890801819462328,global_lstm_seed_ensemble_seed=4,20265612,4,20265612
28056,global_lstm,global LSTM,14.817248459958932,0.6247364907995074,0.5348530897443045,0.4790598446229992,14.383025116310417,45.365062977898944,0.49887127928271957,0.10218094676408673,0.8105350592698524,global_lstm_seed_ensemble_seed=4,20265612,4,20265612
28060,global_lstm,global LSTM,14.33264887063655,-6.004782639962409,-1.0244697559446148,-0.04445881759211323,24.55020706990352,41.31000468605381,0.22600008468919247,0.8633900188479333,1.5681904647001934,global_lstm_seed_ensemble_seed=4,20265612,4,20265612
28066,global_lstm,global LSTM,14.67214236824093,0.5330229654279076,0.4919788294056392,0.5374499977641927,7.68346049067461,48.45411107503015,0.7997737681226275,0.3075328317697573,1.508329303433336,global_lstm_seed_ensemble_seed=4,20265612,4,20265612
28067,global_lstm,global LSTM,14.822724161533197,0.8276994338617629,0.4573616852485647,0.5561809932565975,15.752544511774172,43.140337365528175,0.43753282157454254,0.37026942020082143,0.49968295810536467,global_lstm_seed_ensemble_seed=4,20265612,4,20265612
28072,global_lstm,global LSTM,14.340862422997947,0.6161934714309532,0.4340104492601421,0.7071499634003914,21.17426782165349,40.58312805779211,0.2825371165159181,0.5333132015161093,1.4539274608112693,global_lstm_seed_ensemble_seed=4,20265612,4,20265612
28074,global_lstm,global LSTM,11.049965776865161,0.5643334835681442,0.38495614704421355,0.3325435256378142,24.076734184046806,51.295858448274906,0.32848472421706226,0.9989520799205259,0.3373018892432149,global_lstm_seed_ensemble_seed=4,20265612,4,20265612
28080,global_lstm,global LSTM,15.597535934291582,-0.16342753527406995,-0.053961233923524476,0.26036822621306344,13.108455831995466,44.92145896831871,0.5349023178420828,0.1596814270767941,0.763987338234323,global_lstm_seed_ensemble_seed=4,20265612,4,20265612
28081,global_lstm,global LSTM,9.49760438056126,0.3914555017721655,-0.4305882114939046,0.14489782921857386,7.455821383390131,56.44238715683365,0.8791098781635518,0.41061293016147216,1.5905154715472751,global_lstm_seed_ensemble_seed=4,20265612,4,20265612
28082,global_lstm,global LSTM,15.34839151266256,0.5805160878018438,0.5158946898208898,0.43645744722395896,16.428201534491354,48.07541818144679,0.466333048651935,0.031170971811141146,0.8454623576516956,global_lstm_seed_ensemble_seed=4,20265612,4,20265612
28085,global_lstm,global LSTM,15.597535934291582,0.8478895792583766,0.4654979333801954,0.6299736254435314,15.961256619021361,40.21580342792772,0.40132966934993153,0.3298404078014572,0.5430879993913783,global_lstm_seed_ensemble_seed=4,20265612,4,20265612
28091,global_lstm,global LSTM,11.43874058863792,0.7540294013025051,0.43292192424287046,0.6648029809245877,20.52912044039168,33.27199439026878,0.20970849148843895,0.3282275531251218,0.05813047970822105,global_lstm_seed_ensemble_seed=4,20265612,4,20265612
28093,global_lstm,global LSTM,10.765229295003422,0.5575598300488644,0.3956613463677149,0.33636936922872007,21.119965040587093,55.36141959726579,0.4185140229411992,1.0878960182534914,0.1766095641712443,global_lstm_seed_ensemble_seed=4,20265612,4,20265612
28115,global_lstm,global LSTM,9.10609171800137,-1.128957061246814,-2.10834689785602,0.07561777755499766,13.850885221173538,37.09174184712438,0.42779969810216845,0.5933532249431906,1.4842821352351363,global_lstm_seed_ensemble_seed=4,20265612,4,20265612
28116,global_lstm,global LSTM,7.709787816563997,-1.3761971788778258,-1.6109312012786732,-0.04403577861548724,37.84069732035484,35.00418812580715,0.033839121651026885,1.1685003973373664,1.0421545668943075,global_lstm_seed_ensemble_seed=4,20265612,4,20265612
28117,global_lstm,global LSTM,7.723477070499658,0.8038956461493151,0.0864360241234905,0.4547364361799715,16.13304691262754,61.16027382503585,0.5787530244809478,0.43689154406889763,0.2795893777713665,global_lstm_seed_ensemble_seed=4,20265612,4,20265612
29002,global_lstm,global LSTM,15.553730321697467,0.28747778016379166,-0.3760467213221015,0.3408116798493742,48.19143252044984,28.2848786924321,0.23141551568021634,1.0261042413829262,0.6384884843733868,global_lstm_seed_ensemble_seed=4,20265612,4,20265612
29003,global_lstm,global LSTM,15.597535934291582,0.23611509348775617,-0.1486169097924035,0.47313365844628463,49.73290963451553,27.92073373911305,0.25071704138339834,2.3021009097593277,1.637948549430422,global_lstm_seed_ensemble_seed=4,20265612,4,20265612
29005,global_lstm,global LSTM,15.592060232717317,0.554090332967552,0.1811012725210085,-0.0021841219205434026,29.800756914339992,31.908720766386203,0.02968209856629772,0.8878057866079453,0.9990470584184276,global_lstm_seed_ensemble_seed=4,20265612,4,20265612
29009,global_lstm,global LSTM,14.255989048596852,0.7072016796604685,0.5474518088515092,0.49904085720091385,20.641017724870515,37.659990069453336,0.2611490943791021,0.12117068980912116,0.953056812705227,global_lstm_seed_ensemble_seed=4,20265612,4,20265612
30001,global_lstm,global LSTM,15.597535934291582,0.7409101000962981,0.5151847889853975,0.5525222144533539,29.4762791777436,36.67378227927813,0.09488304119826937,0.4431953528971957,0.8470449232018995,global_lstm_seed_ensemble_seed=4,20265612,4,20265612
30004,global_lstm,global LSTM,15.570157426420261,0.7623302985394199,0.5255942962081568,0.5678854004447602,11.270357904691709,28.502438055308325,0.40294430264430875,0.15574341291932337,0.9189063239465742,global_lstm_seed_ensemble_seed=4,20265612,4,20265612
30005,global_lstm,global LSTM,15.564681724845997,0.6389972468671274,0.3490854654183979,0.6265630071569679,41.49766756794897,40.120752087765936,0.014654621756911687,1.538088902434578,1.4829712776579997,global_lstm_seed_ensemble_seed=4,20265612,4,20265612
30011,global_lstm,global LSTM,15.321013004791238,0.41037736896431654,0.33086269210722785,0.5524971146913442,23.33586342370632,28.893672184057888,0.09277886679530595,0.5809092920887449,0.9416728212270101,global_lstm_seed_ensemble_seed=4,20265612,4,20265612
30012,global_lstm,global LSTM,14.976043805612594,0.5203061219736691,0.4897780944685163,0.3679455642762396,8.05044534241417,25.725581264988982,0.5045452905932644,0.10617121522402795,1.3902537370652326,global_lstm_seed_ensemble_seed=4,20265612,4,20265612
30014,global_lstm,global LSTM,15.123887748117728,0.3298337180377462,0.33273427541265743,0.2202789744180761,14.551341217745058,42.30413404960469,0.46347978492092196,0.6059130986602616,1.5446534700716907,global_lstm_seed_ensemble_seed=4,20265612,4,20265612
30015,global_lstm,global LSTM,13.921971252566735,0.21644289269999195,-0.00809832535706323,0.512578625032506,56.96714244222262,43.63534107173045,0.1157860601969888,1.6790971679078535,1.4715996804145077,global_lstm_seed_ensemble_seed=4,20265612,4,20265612
3003,global_lstm,global LSTM,13.47296372347707,0.6686749901014758,0.44003862655273795,0.38987371509390223,2.557893491349639,98.74383585271231,1.5866275371907435,,0.7608337655930656,global_lstm_seed_ensemble_seed=4,20265612,4,20265612
31002,global_lstm,global LSTM,15.227926078028748,0.5449722168496391,0.2058832463604907,0.12156383231302559,29.913937440210773,42.33240035140322,0.15079931367025853,0.5190833053445494,1.0248531704292696,global_lstm_seed_ensemble_seed=4,20265612,4,20265612
31006,global_lstm,global LSTM,15.542778918548938,-0.8566326426849213,-2.0915321541920657,-0.09600067720754613,52.4747036850148,46.48601652371027,0.05262766263351591,0.9275647207173061,0.7801645336942137,global_lstm_seed_ensemble_seed=4,20265612,4,20265612
31010,global_lstm,global LSTM,15.597535934291582,0.6125098961461488,0.4582837268714508,0.4163535698734945,17.653714994425396,46.0726539589202,0.41660711901666597,0.6174208955626729,1.4094064231097563,global_lstm_seed_ensemble_seed=4,20265612,4,20265612
31021,global_lstm,global LSTM,15.512662559890487,0.5865563828896228,0.3842239217497109,0.30505895661984495,16.511099595876598,49.635573287154756,0.4780170452152369,0.08876086631430147,0.6870818382155789,global_lstm_seed_ensemble_seed=4,20265612,4,20265612
31023,global_lstm,global LSTM,14.833675564681725,0.3899306150010302,0.42558550785854854,0.15713416114694556,5.60065534600794,34.73766019701796,0.7925617147825285,0.45168825645419086,1.6384569841170469,global_lstm_seed_ensemble_seed=4,20265612,4,20265612
31025,global_lstm,global LSTM,13.22381930184805,0.4164659383960907,0.35828606747468383,0.28711618801857897,10.207112045260875,53.454484340119976,0.7190812622661407,0.5842964719763997,1.5792818954672476,global_lstm_seed_ensemble_seed=4,20265612,4,20265612
32003,global_lstm,global LSTM,15.477070499657769,0.5174171766068308,0.33971084518893435,0.2685888380032192,9.015847639802827,49.78758362998256,0.7421144850271935,0.7637445070168751,1.5848840024248365,global_lstm_seed_ensemble_seed=4,20265612,4,20265612
32004,global_lstm,global LSTM,15.071868583162217,0.6971669021135962,0.4193305267124965,0.3234576540178139,17.100666720874138,48.90542198022402,0.4563439675689626,0.5094652182036998,0.35857804754125755,global_lstm_seed_ensemble_seed=4,20265612,4,20265612
32006,global_lstm,global LSTM,15.512662559890487,0.7363489671226615,0.5497669888964598,0.5447987586591077,22.71600650722935,44.27400290926158,0.2898168048467742,0.17166225837936877,0.7527288196228362,global_lstm_seed_ensemble_seed=4,20265612,4,20265612
32008,global_lstm,global LSTM,15.578370978781656,0.7219624589053812,0.5509645968648755,0.5387314020785767,20.367743471752615,46.88803312177955,0.36211909868070435,0.29061655372844764,1.0972101050920637,global_lstm_seed_ensemble_seed=4,20265612,4,20265612
33006,global_lstm,global LSTM,15.597535934291582,0.45074022983888673,-0.002909498222902762,0.40760587601398857,60.644247802554226,47.96247263074103,0.10188804929503013,0.48024706320866595,0.5823688377071694,global_lstm_seed_ensemble_seed=4,20265612,4,20265612
33007,global_lstm,global LSTM,15.594798083504449,-0.07180426549987451,-0.3589411192907501,0.41548904561580746,84.4904565649933,50.85197710824787,0.22049981412063738,0.46638231076537284,0.09701063847492808,global_lstm_seed_ensemble_seed=4,20265612,4,20265612
33012,global_lstm,global LSTM,15.597535934291582,0.4838457379919804,0.35825905003463165,0.27049505646401484,8.736647440447221,46.21731004186339,0.7234598543976533,0.10509555428876144,1.1747439685377785,global_lstm_seed_ensemble_seed=4,20265612,4,20265612
33013,global_lstm,global LSTM,15.597535934291582,0.5116973825555846,0.17327058545092056,0.41802358496207404,22.808410680319405,45.58554272185965,0.300732105562283,1.87225206344624,1.0524937791883553,global_lstm_seed_ensemble_seed=4,20265612,4,20265612
33014,global_lstm,global LSTM,15.5564681724846,0.5562733072871969,0.16868487749577366,0.6124463801539266,37.147046030398435,53.58699290824473,0.15913510287959967,0.33253434588503294,0.10727769764049111,global_lstm_seed_ensemble_seed=4,20265612,4,20265612
33018,global_lstm,global LSTM,15.597535934291582,0.6799631659039962,0.487112257199115,0.4134681125197932,14.922312485839607,65.01465477380582,0.6391751305549274,0.09874907131257071,0.9776927333403252,global_lstm_seed_ensemble_seed=4,20265612,4,20265612
33019,global_lstm,global LSTM,15.597535934291582,0.5557070244356637,0.15625209765970327,0.46064409028160036,51.19811342473748,50.71172315354897,0.004145590295761527,0.962443854098608,0.9648849757038251,global_lstm_seed_ensemble_seed=4,20265612,4,20265612
33020,global_lstm,global LSTM,14.313483915126625,0.4622703559040542,0.2475780495269685,0.15520321922738867,8.525822800901013,49.81573607845628,0.76663024973667,0.3329344337931628,0.9650911221134503,global_lstm_seed_ensemble_seed=4,20265612,4,20265612
33021,global_lstm,global LSTM,15.597535934291582,0.5680230670422652,0.21819209495639558,0.46505325943895437,34.54311353082286,72.34675630703919,0.32105758417256214,1.6023402069858081,0.7323869330986612,global_lstm_seed_ensemble_seed=4,20265612,4,20265612
33022,global_lstm,global LSTM,15.597535934291582,0.8141267059839945,0.48132366886756295,0.6071896193018633,25.68292696907184,75.04309549371625,0.46566622336145985,0.5915892772764253,0.3628214049060764,global_lstm_seed_ensemble_seed=4,20265612,4,20265612
33023,global_lstm,global LSTM,15.597535934291582,-1.1829680380677825,-2.4614309971413615,-1.21000188005327,32.56425862789318,49.377229805543266,0.18078552591395503,0.3295247449261781,0.8187175161422375,global_lstm_seed_ensemble_seed=4,20265612,4,20265612
33024,global_lstm,global LSTM,15.597535934291582,0.6731960462928102,0.2822875695295859,0.6054028531866791,34.16079566032879,80.5265343236374,0.3724110309039604,0.3900069867163335,0.5410839395713419,global_lstm_seed_ensemble_seed=4,20265612,4,20265612
33026,global_lstm,global LSTM,14.981519507186858,0.6874392031770471,0.4872715910040628,0.47933285142025694,21.76522348712616,76.11118239191234,0.5436853378971636,0.6499883795993229,0.7353368528525221,global_lstm_seed_ensemble_seed=4,20265612,4,20265612
33028,global_lstm,global LSTM,15.597535934291582,0.6361268091788839,0.2840098238845933,0.4317390722955413,11.734011754219798,73.45502430177888,0.7965749878324838,0.04168802164310659,1.0544684401956612,global_lstm_seed_ensemble_seed=4,20265612,4,20265612
33029,global_lstm,global LSTM,15.592060232717317,0.5315726814465946,0.2866906160221414,0.5542943606917718,47.681818005473644,49.01687432367247,0.01199280822429807,0.2934873544384975,0.2854012167341481,global_lstm_seed_ensemble_seed=4,20265612,4,20265612
33031,global_lstm,global LSTM,15.40041067761807,0.5078353864542811,0.3073225571476246,0.2219976123042653,4.168440772523138,74.60439381571987,1.2527907707565302,0.9960999909551917,0.7750241018033116,global_lstm_seed_ensemble_seed=4,20265612,4,20265612
33032,global_lstm,global LSTM,15.561943874058864,-4.847947496965966,-4.835244897210065,-0.5614335896109213,83.61911677251047,46.423720059470725,0.2555656372829872,1.6626779846183946,1.606965997953498,global_lstm_seed_ensemble_seed=4,20265612,4,20265612
33033,global_lstm,global LSTM,14.844626967830253,0.4740230726194833,0.09510096523997147,0.5779297944651431,36.524450736309035,43.41589999272879,0.07506511455978247,0.6212130359816629,0.9266409824865927,global_lstm_seed_ensemble_seed=4,20265612,4,20265612
33034,global_lstm,global LSTM,15.597535934291582,0.5476787060458237,0.13199899033766882,0.5416895371471004,44.95941164541749,49.45194466998722,0.04136275538718291,1.0450025932473017,0.8947872734017139,global_lstm_seed_ensemble_seed=4,20265612,4,20265612
33035,global_lstm,global LSTM,14.973305954825461,0.5401357520162332,0.29008133630788147,0.5889403058970781,44.94288783713861,40.047018643248464,0.050090784920894686,1.0392964636321809,0.9723679128793747,global_lstm_seed_ensemble_seed=4,20265612,4,20265612
33039,global_lstm,global LSTM,14.869267624914443,0.6262178424332074,0.4183551260911412,0.4205160273589129,24.657844269080574,75.32215077895609,0.4849676071491632,1.1667186389863593,0.6259387458909522,global_lstm_seed_ensemble_seed=4,20265612,4,20265612
33053,global_lstm,global LSTM,15.323750855578371,-0.29608919486440466,-0.391647927531549,-0.19337092206385154,23.614559845402137,49.14114579000092,0.31826542328372065,0.19056807487654193,0.5831640668650654,global_lstm_seed_ensemble_seed=4,20265612,4,20265612
33054,global_lstm,global LSTM,13.828884325804244,-0.41635356233733933,-1.1534891386197161,0.14812221754944677,71.55113605497364,51.631818699082906,0.1416991105992841,1.202703620730162,0.9907557044360833,global_lstm_seed_ensemble_seed=4,20265612,4,20265612
33058,global_lstm,global LSTM,13.322381930184806,0.5813942630963096,0.22057153485609926,0.09751472489878554,16.81009288293885,76.66945055420166,0.6590522378204451,0.3693453185601353,0.6896623401921669,global_lstm_seed_ensemble_seed=4,20265612,4,20265612
34002,global_lstm,global LSTM,15.381245722108146,0.6972120341541057,0.44352257703010967,0.5429452785530899,17.977505871701826,48.01168494535786,0.42661750830584694,0.9588394148805945,0.16862514489629543,global_lstm_seed_ensemble_seed=4,20265612,4,20265612
34003,global_lstm,global LSTM,15.597535934291582,0.1589369982467066,-0.1073364640678911,0.40414528791951854,42.23518285269033,44.826242492377666,0.025857957407753596,0.06792251893328016,0.022548918065804613,global_lstm_seed_ensemble_seed=4,20265612,4,20265612
34004,global_lstm,global LSTM,15.381245722108146,0.4258476335463286,0.0017216022522319463,0.5413378104458278,48.0728282886435,49.68768162630307,0.014349059597924388,0.7534480295527619,0.65739430693095,global_lstm_seed_ensemble_seed=4,20265612,4,20265612
34005,global_lstm,global LSTM,15.496235455167694,0.6840932504390376,0.46282445104276415,0.7214446979711442,17.803937582645002,47.55138285524847,0.4266470882420768,0.8075461861801669,0.34740604500402306,global_lstm_seed_ensemble_seed=4,20265612,4,20265612
34006,global_lstm,global LSTM,15.597535934291582,0.6066895465830704,0.3771095083017245,0.3554597353296298,12.34952942434431,51.306841785734484,0.618524873067334,1.3012273458415162,0.12021155886319057,global_lstm_seed_ensemble_seed=4,20265612,4,20265612
34007,global_lstm,global LSTM,15.490759753593428,0.48600835863618086,0.3092387363068998,0.24186104072734627,8.15474589223511,51.496070701679606,0.8003636597294114,0.7913257028588228,0.4017297274518262,global_lstm_seed_ensemble_seed=4,20265612,4,20265612
34008,global_lstm,global LSTM,15.143052703627653,-0.8129880236687255,-0.852781518590723,0.18667925299555155,81.1618410100906,48.13060329011807,0.22693058431142882,1.0507369882300748,0.5173139795080881,global_lstm_seed_ensemble_seed=4,20265612,4,20265612
34010,global_lstm,global LSTM,15.468856947296372,0.5586590374685345,0.28157133152010394,0.3207024114505589,12.046520429887812,49.42706784411012,0.613103226136692,0.9698548337727555,0.3124286157443089,global_lstm_seed_ensemble_seed=4,20265612,4,20265612
34011,global_lstm,global LSTM,15.457905544147843,-0.46429231024577966,-0.4253778450798329,0.363928500128032,68.2677383612197,46.979725961882544,0.16230503620841316,0.6945737914427115,0.27068491224923696,global_lstm_seed_ensemble_seed=4,20265612,4,20265612
34012,global_lstm,global LSTM,15.594798083504449,-6.286714209075062,-5.865882357366532,-0.7113466567197606,112.03120226031177,46.077138190998475,0.3858534989998407,1.7580205341492678,1.206493461357715,global_lstm_seed_ensemble_seed=4,20265612,4,20265612
35003,global_lstm,global LSTM,15.537303216974674,0.43881734541491835,0.1952349001882686,0.07702613641021205,2.941591945369118,50.453053394003085,1.2343050269743312,0.751404414159881,0.9401519424659244,global_lstm_seed_ensemble_seed=4,20265612,4,20265612
35008,global_lstm,global LSTM,15.501711156741958,0.4878289941063567,0.3804206767235745,0.2992935966352517,4.473098631050828,41.576598541723094,0.9682404816190924,0.20787768427115494,0.9505773800264702,global_lstm_seed_ensemble_seed=4,20265612,4,20265612
36003,global_lstm,global LSTM,15.592060232717317,0.6294686786739849,0.43387525901162793,0.48946901357968053,10.536537698989953,69.97207745720841,0.8222268428520244,0.1519538246394012,0.9898670966159084,global_lstm_seed_ensemble_seed=4,20265612,4,20265612
36006,global_lstm,global LSTM,15.597535934291582,0.5942089041276826,0.4201453543398399,0.46244840445854296,11.487951160252289,74.5674712679596,0.8123068349987407,1.3692401393262366,0.4346422225184914,global_lstm_seed_ensemble_seed=4,20265612,4,20265612
36009,global_lstm,global LSTM,15.589322381930184,0.47697999166339833,0.30616615338548114,0.2434638346579031,8.277688353762434,35.0392070259259,0.6266451974235215,0.1767949674192566,1.089833177313769,global_lstm_seed_ensemble_seed=4,20265612,4,20265612
36010,global_lstm,global LSTM,15.578370978781656,0.3658048965572607,0.25597787485450985,0.17096027591269758,6.095820328311826,82.0588730801943,1.1290933906009586,0.1669632191913908,1.2521610176452282,global_lstm_seed_ensemble_seed=4,20265612,4,20265612
36011,global_lstm,global LSTM,15.542778918548938,0.43640339922418314,0.24523529955108625,0.134716032459967,6.429029358479854,77.10717721319017,1.0789493955040763,0.2061593351039624,1.195583274726302,global_lstm_seed_ensemble_seed=4,20265612,4,20265612
36012,global_lstm,global LSTM,15.586584531143053,0.08146366350529743,0.17784141588468838,0.1043044137527791,6.146998234645002,72.36316102928112,1.0708544414279462,0.2215196940286832,1.1583780959690348,global_lstm_seed_ensemble_seed=4,20265612,4,20265612
37001,global_lstm,global LSTM,15.597535934291582,0.5965600434275293,0.4300586319045293,0.3329562233534805,12.06117513291141,48.91753583670928,0.6080749482105663,1.816694219919669,0.7425329715290037,global_lstm_seed_ensemble_seed=4,20265612,4,20265612
37003,global_lstm,global LSTM,15.594798083504449,0.5911185702517131,0.3732141654779433,0.2432839474799835,11.906118677926345,75.99641329601238,0.8050228887299091,0.9600720118561705,0.1336273161384245,global_lstm_seed_ensemble_seed=4,20265612,4,20265612
37005,global_lstm,global LSTM,15.58384668035592,0.6321522625396586,0.5299549375174442,0.5001154093172412,11.390516320761016,77.37806349095341,0.8320744459497816,1.4322260147947499,0.4619330736979508,global_lstm_seed_ensemble_seed=4,20265612,4,20265612
37008,global_lstm,global LSTM,15.597535934291582,0.6328363781950166,0.44304568343086825,0.39511247030208385,12.088918812968346,79.48470051765307,0.8178960812920296,0.6964770893179346,0.1736684952654437,global_lstm_seed_ensemble_seed=4,20265612,4,20265612
37009,global_lstm,global LSTM,15.597535934291582,0.556282352115424,0.36648043236795913,0.3313885475756193,10.26388040936226,79.43941782561394,0.8887244695871982,0.3752823202810257,0.5708105693005606,global_lstm_seed_ensemble_seed=4,20265612,4,20265612
37010,global_lstm,global LSTM,15.578370978781656,0.6026530038388511,0.47550973666456464,0.47354430479661125,5.428403628493438,77.09799161513118,1.1523709328095724,1.8742956564235551,0.3100151654766343,global_lstm_seed_ensemble_seed=4,20265612,4,20265612
37011,global_lstm,global LSTM,15.592060232717317,0.5700503023852946,0.4430187251359141,0.3783060386907976,7.642050825128624,84.2676062827466,1.0424507357351374,0.136181113405618,1.1002661709590855,global_lstm_seed_ensemble_seed=4,20265612,4,20265612
37018,global_lstm,global LSTM,15.572895277207392,0.4893887946852632,0.2846261460675852,0.17549594929324308,6.145176042137651,62.00312501642433,1.003879250179359,0.41056320876410235,1.4975386080055226,global_lstm_seed_ensemble_seed=4,20265612,4,20265612
37019,global_lstm,global LSTM,15.597535934291582,0.4638443626061246,0.3022866399222154,0.21672365061251875,3.775256780723519,60.060336142092346,1.2016412622309804,0.1601123595692857,1.3845270828938885,global_lstm_seed_ensemble_seed=4,20265612,4,20265612
37020,global_lstm,global LSTM,15.592060232717317,0.616279838614948,0.33744963366514213,0.235587384485077,9.28754242384545,82.2455812756877,0.9472117637996061,0.450100264583126,0.596727888761604,global_lstm_seed_ensemble_seed=4,20265612,4,20265612
37031,global_lstm,global LSTM,13.81245722108145,0.42308934088047845,0.24076045432928583,0.14637016981397188,3.3559324421658863,77.88868677175726,1.365661172037348,0.2606604506720849,1.6811406210129953,global_lstm_seed_ensemble_seed=4,20265612,4,20265612
37033,global_lstm,global LSTM,13.607118412046544,0.36349863451466413,0.2349717271074484,0.21439457090147362,3.1233979824644713,82.92167654708922,1.424040748835388,0.5206050063323722,1.791345734280648,global_lstm_seed_ensemble_seed=4,20265612,4,20265612
38001,global_lstm,global LSTM,15.597535934291582,0.6380280378418519,0.46854943165552576,0.6768094312343035,33.47774822196493,77.21992544949441,0.3629731391893598,0.33129875171726864,0.5790204226198938,global_lstm_seed_ensemble_seed=4,20265612,4,20265612
38003,global_lstm,global LSTM,15.597535934291582,-7.302110653264858,-6.438269874736423,-1.0074525302172344,151.69132059229537,72.06641800866974,0.32322779581533345,1.7813402006947503,1.4717034134634044,global_lstm_seed_ensemble_seed=4,20265612,4,20265612
38004,global_lstm,global LSTM,12.85968514715948,0.5644846498739868,0.37707242199947344,0.49421831101252467,21.02246501164776,92.3461743671873,0.6427352702519425,0.4615348227619489,1.3667987821614267,global_lstm_seed_ensemble_seed=4,20265612,4,20265612
38007,global_lstm,global LSTM,15.567419575633128,0.3278063582128976,0.1407122093452472,0.21757703728576105,5.600730237671716,41.3190979482412,0.8679061765814902,0.6804836223423522,1.0857181245052336,global_lstm_seed_ensemble_seed=4,20265612,4,20265612
38012,global_lstm,global LSTM,14.543463381245722,-0.2593387357079573,-0.2164715648076181,-0.13860435560517725,2.13097462510078,76.2763055446039,1.5538113714402964,0.21402129374334178,1.7208758147135448,global_lstm_seed_ensemble_seed=4,20265612,4,20265612
38014,global_lstm,global LSTM,15.43874058863792,0.4950924788107792,0.38990890239517273,0.336499061480273,3.2314120514736735,47.21598288911963,1.1646966944331318,0.23138767725524395,1.3761476532636272,global_lstm_seed_ensemble_seed=4,20265612,4,20265612
38017,global_lstm,global LSTM,15.597535934291582,-23.795917466242003,-23.126505596993148,-2.6903275162318026,230.14954158618545,72.40163916758465,0.5022617154970381,1.5602623315319892,1.2561054581067088,global_lstm_seed_ensemble_seed=4,20265612,4,20265612
38018,global_lstm,global LSTM,15.597535934291582,0.4352305768058905,0.004035308311119867,0.5426331729969822,89.49620723029905,70.43438782755001,0.10401988635836192,0.7527800878251355,0.41372527953051086,global_lstm_seed_ensemble_seed=4,20265612,4,20265612
38021,global_lstm,global LSTM,15.323750855578371,0.579261208714678,0.44805112133970126,0.3972339323377063,5.997288557841565,46.94878750465373,0.8936694353984633,0.44332419901040365,1.2876598345469534,global_lstm_seed_ensemble_seed=4,20265612,4,20265612
38026,global_lstm,global LSTM,14.444900752908966,0.6210014068130812,0.40873533105160575,0.3367781232086938,12.07314941476622,76.65102169901203,0.8026973726365209,0.08684375426839663,0.7816385180579682,global_lstm_seed_ensemble_seed=4,20265612,4,20265612
38029,global_lstm,global LSTM,13.325119780971937,0.39607431499895507,0.17745224260679404,-0.07481209987324844,12.301210871220647,91.55314693345964,0.8717254134151954,0.47094768618370286,1.4122046234954184,global_lstm_seed_ensemble_seed=4,20265612,4,20265612
38030,global_lstm,global LSTM,12.950034223134839,-0.5209916682815197,-0.4683314214086458,0.2906637573348524,43.966691621131986,82.49317985273296,0.27329425729127504,0.8384184371940782,1.5423584972199111,global_lstm_seed_ensemble_seed=4,20265612,4,20265612
39001,global_lstm,global LSTM,15.597535934291582,0.6931927582351207,0.46237790703736215,0.720832781170214,43.639671638347686,70.45765468319372,0.20804670863934943,0.9323965404621312,0.47514157770262255,global_lstm_seed_ensemble_seed=4,20265612,4,20265612
39002,global_lstm,global LSTM,13.574264202600958,0.7052927890213201,0.57188887587675,0.6520526568367965,44.49343084822944,30.665409615511287,0.1616471249107079,0.8208023090986356,0.9375936844710833,global_lstm_seed_ensemble_seed=4,20265612,4,20265612
39004,global_lstm,global LSTM,12.109514031485284,-61.96852076805069,-72.17379441485421,-6.715625173580727,90.24895022207781,21.65183538135596,0.6199474423875448,1.9171863583410522,1.8929659966659873,global_lstm_seed_ensemble_seed=4,20265612,4,20265612
39005,global_lstm,global LSTM,14.781656399726215,-0.10127891832902347,-0.36551160115972525,0.06204600429977136,33.424686690732216,62.28704346309125,0.2703303719460957,0.8283478208681844,1.5824065985263909,global_lstm_seed_ensemble_seed=4,20265612,4,20265612
39006,global_lstm,global LSTM,15.597535934291582,0.30260002397060826,-0.11564662457715325,0.4890922394820707,51.229119200436465,38.80034160770801,0.12068133972270055,1.0819132535288156,1.1927432532635454,global_lstm_seed_ensemble_seed=4,20265612,4,20265612
39007,global_lstm,global LSTM,15.594798083504449,0.7983702140537241,0.49150671363128307,0.598930965774929,16.039473420506834,44.20857286762971,0.4403163891265497,0.4915367807641362,0.45945335117524344,global_lstm_seed_ensemble_seed=4,20265612,4,20265612
39008,global_lstm,global LSTM,14.075290896646132,0.7032042155622377,0.5192528714115713,0.7247452679646056,52.333646293217136,30.226645524472605,0.23839104185191648,0.7554103010864041,0.9326159879577925,global_lstm_seed_ensemble_seed=4,20265612,4,20265612
39010,global_lstm,global LSTM,15.597535934291582,-2.7050103684576787,-2.8431853436065366,-0.33200370025646975,137.23941867092992,68.93349300659061,0.29904858409459983,0.6190990452221634,0.376424193286782,global_lstm_seed_ensemble_seed=4,20265612,4,20265612
39011,global_lstm,global LSTM,15.597535934291582,-0.6755868037726778,-0.06929870871030386,0.37226660243085175,18.21518013326848,58.32040749973653,0.5053870794309069,0.17046332219926763,0.7138599924074395,global_lstm_seed_ensemble_seed=4,20265612,4,20265612
39012,global_lstm,global LSTM,15.301848049281315,-0.1075127456837961,-0.9213776852147584,0.1427082714330501,11.595442824406229,56.87302378419904,0.690618980335098,0.3089372150921261,1.4631650910316343,global_lstm_seed_ensemble_seed=4,20265612,4,20265612
39014,global_lstm,global LSTM,15.597535934291582,-11.010628133888064,-7.967736306756633,-1.1679169946066188,197.24633633957149,73.55477877151269,0.42839805174955387,1.090753892349787,0.511121486690778,global_lstm_seed_ensemble_seed=4,20265612,4,20265612
39015,global_lstm,global LSTM,13.79876796714579,-3.3846929201950005,-1.4255712267809466,-0.002769425897080957,158.7255323404661,23.48884622749572,0.829785107554621,1.5482836148514636,1.079696187681023,global_lstm_seed_ensemble_seed=4,20265612,4,20265612
39016,global_lstm,global LSTM,15.597535934291582,0.09625217034930256,-0.56814232080113,0.2306846192092189,105.16283776810788,64.73610365397337,0.21071574034444723,0.2646175088697552,0.07760313363956428,global_lstm_seed_ensemble_seed=4,20265612,4,20265612
39017,global_lstm,global LSTM,14.69678302532512,0.44436283900268925,0.2719268366978034,0.19823410261604146,7.938889983672919,79.75448999945996,1.0019953586482653,0.24326660644102194,1.4785269180569918,global_lstm_seed_ensemble_seed=4,20265612,4,20265612
39019,global_lstm,global LSTM,14.72416153319644,-2.946713048206349,-1.760187928734962,-0.04635508365207075,136.36475960799868,26.579118896077247,0.7101615713377177,0.5691909835661175,0.579410255839534,global_lstm_seed_ensemble_seed=4,20265612,4,20265612
39020,global_lstm,global LSTM,15.597535934291582,-0.07576295467554983,-0.18126420788807196,0.4337373154410503,73.10468631229826,36.95980075628919,0.29621559656996954,1.1517973646365798,0.7174011550003847,global_lstm_seed_ensemble_seed=4,20265612,4,20265612
39021,global_lstm,global LSTM,15.597535934291582,0.6896325400279172,0.4402782202549437,0.6660670278454897,34.118284810515796,63.29264611406935,0.26836606261227647,1.5131881588784577,0.8453039445729265,global_lstm_seed_ensemble_seed=4,20265612,4,20265612
39022,global_lstm,global LSTM,15.597535934291582,0.6585214407243389,0.2679987294066878,0.46118159692243244,24.964560890751766,65.9676282817245,0.42200693875537815,0.2826529321934592,0.4992121536948979,global_lstm_seed_ensemble_seed=4,20265612,4,20265612
39023,global_lstm,global LSTM,15.597535934291582,-5.512831921554543,-11.755267737672144,-1.810921661952018,159.57527370869454,75.43332799718081,0.32540232950540665,1.6290589181621828,1.318783013636012,global_lstm_seed_ensemble_seed=4,20265612,4,20265612
39025,global_lstm,global LSTM,15.572895277207392,0.8326816253408799,0.6344392081041978,0.6457329848650986,17.88332838828547,60.95432537557419,0.5325561774954872,0.030899323435251924,0.7321071095764713,global_lstm_seed_ensemble_seed=4,20265612,4,20265612
39027,global_lstm,global LSTM,15.597535934291582,-6.063911994659611,-5.293875574924645,-0.9144620323033199,101.95414242705179,66.65344149642215,0.18458229786551447,0.36499513678969553,0.5693742399415971,global_lstm_seed_ensemble_seed=4,20265612,4,20265612
39028,global_lstm,global LSTM,15.597535934291582,-3.3945879498698126,-3.7907036655127166,-0.633953490678342,120.82486722365726,65.10570963902279,0.26853724957234315,0.9725464651417046,0.7293722896681487,global_lstm_seed_ensemble_seed=4,20265612,4,20265612
39029,global_lstm,global LSTM,15.597535934291582,-3.988462263960467,-3.032303126065166,-0.6398639784526032,58.74585582820648,40.44752412459577,0.16208529241247144,0.9565275165465246,0.5878016469845985,global_lstm_seed_ensemble_seed=4,20265612,4,20265612
39034,global_lstm,global LSTM,15.597535934291582,0.7386203715718951,0.35493054588436723,0.5658338543211413,42.32708825798007,57.88683398708549,0.13596140353403066,0.6980531191627066,0.5332740300760344,global_lstm_seed_ensemble_seed=4,20265612,4,20265612
39035,global_lstm,global LSTM,15.597535934291582,-0.4867161707141683,-1.660090115342021,0.011406808129011514,57.61643628709627,38.67132953035129,0.1731572891470616,0.41074411762390795,0.2847237429356628,global_lstm_seed_ensemble_seed=4,20265612,4,20265612
39036,global_lstm,global LSTM,15.378507871321013,-24.799254589239673,-24.60280878495372,-3.573017714131616,61.898145594506595,42.04976187190192,0.1679140974658191,1.3244138762943656,1.0115595481244504,global_lstm_seed_ensemble_seed=4,20265612,4,20265612
39037,global_lstm,global LSTM,15.197809719370294,-1.04266236312963,-0.4209344871756957,0.38692198255212507,68.37953276760273,67.50903351412279,0.0055642384652571375,0.8684027159020813,0.8618160795297503,global_lstm_seed_ensemble_seed=4,20265612,4,20265612
39042,global_lstm,global LSTM,14.984257357973991,0.42202557699272136,0.197666274296997,0.5304934842948648,50.934274598037696,43.89450542589389,0.06459996530319498,0.9041338715188828,0.839768927440986,global_lstm_seed_ensemble_seed=4,20265612,4,20265612
39049,global_lstm,global LSTM,14.573579739904176,0.48431223956354175,0.32908600986658476,0.313251703018143,3.455076324811765,66.78693949379253,1.286233896755733,0.15823871937587375,1.4012617153385682,global_lstm_seed_ensemble_seed=4,20265612,4,20265612
39052,global_lstm,global LSTM,15.594798083504449,0.6312727238442222,0.44526433823768274,0.3764536113610517,7.346267864821156,67.97634638615766,0.9662910584282902,0.06446459446314257,1.006790170195027,global_lstm_seed_ensemble_seed=4,20265612,4,20265612
39054,global_lstm,global LSTM,13.505817932922655,0.5993937889445147,0.5041797706556315,0.3726908202243405,9.891090400297358,41.08076209220403,0.6183943204833955,0.19619717632637235,1.2731302609605897,global_lstm_seed_ensemble_seed=4,20265612,4,20265612
39056,global_lstm,global LSTM,13.44832306639288,-2.7792683276786323,-2.306597740750813,-0.7572502250275537,6.257269234572009,58.35232885809143,0.9696733515641245,0.367926481393291,1.5676859279689095,global_lstm_seed_ensemble_seed=4,20265612,4,20265612
39061,global_lstm,global LSTM,15.249828884325805,-0.3878999880447205,-0.9646600641980245,-0.15162230424739698,100.44378014442023,64.6479989360297,0.19136796216353522,0.9227265969385683,0.8950076621004864,global_lstm_seed_ensemble_seed=4,20265612,4,20265612
39065,global_lstm,global LSTM,14.157426420260096,-9.10403297557967,-5.924362845608146,-0.8067822634954651,132.53891826839637,74.76783891847191,0.24862859369788673,1.0289419721056579,0.9068660468410049,global_lstm_seed_ensemble_seed=4,20265612,4,20265612
39069,global_lstm,global LSTM,14.496919917864476,0.4766959430647404,0.2933191213821038,0.09090717456176256,8.663505383253279,39.20191224245634,0.655613602535221,0.04586852796521701,0.9062989104124788,global_lstm_seed_ensemble_seed=4,20265612,4,20265612
39072,global_lstm,global LSTM,12.958247775496236,0.6457042835269249,0.432805617079033,0.6093349299172303,52.19520589610095,80.36207948427169,0.18742055111505915,0.7239340267794936,0.7960183629197339,global_lstm_seed_ensemble_seed=4,20265612,4,20265612
39078,global_lstm,global LSTM,13.330595482546201,-7.56053976476902,-3.497285255415174,-0.8406875994141589,32.625396474702484,65.65636086033516,0.3037210093202134,0.3826470129092461,0.943439779644326,global_lstm_seed_ensemble_seed=4,20265612,4,20265612
39081,global_lstm,global LSTM,15.34839151266256,0.7234016420295952,0.4926084251643127,0.5706488897591669,34.40060955269163,68.23168087141774,0.29741993214584855,1.1825319628537985,0.6818238540567627,global_lstm_seed_ensemble_seed=4,20265612,4,20265612
39087,global_lstm,global LSTM,14.231348391512663,0.3266536720913581,0.08689447070745615,0.09073811953337885,16.54515924983498,73.7887984266517,0.6493194867008136,0.035918888916803504,0.9431755689896592,global_lstm_seed_ensemble_seed=4,20265612,4,20265612
39088,global_lstm,global LSTM,14.47501711156742,-7.009946465268943,-7.870603606521815,-1.0916941624544445,171.4744556707587,71.57105453910438,0.37946201668259993,1.4179475718978842,0.7107181119257558,global_lstm_seed_ensemble_seed=4,20265612,4,20265612
39095,global_lstm,global LSTM,11.718001368925394,0.4380670237210106,0.3586693142263164,0.4942782066848127,6.151400032103671,24.073133763719007,0.5925586584492583,0.41218898252226666,1.3900133189045687,global_lstm_seed_ensemble_seed=4,20265612,4,20265612
39099,global_lstm,global LSTM,11.824777549623546,0.3785675079406702,0.1912766596715989,0.1908972501109032,48.483524081780615,51.63259515128286,0.02732977454375207,1.4694555515961547,1.5169623598169526,global_lstm_seed_ensemble_seed=4,20265612,4,20265612
39101,global_lstm,global LSTM,10.075290896646132,-3.8462271283135685,-2.1403676110673264,-0.35133500383321037,69.16520568319403,27.372706457870734,0.4025699326732752,1.0681835310280554,1.1948948174989775,global_lstm_seed_ensemble_seed=4,20265612,4,20265612
39105,global_lstm,global LSTM,9.96577686516085,0.6305062297420656,0.40390387086361734,0.36073697570612173,27.262784857255046,83.53562483656648,0.4863015090598334,1.8450141866425303,0.568983229014733,global_lstm_seed_ensemble_seed=4,20265612,4,20265612
39108,global_lstm,global LSTM,9.412731006160165,-0.11933889078361637,0.10756733618755521,0.41829549722657167,66.08352628106474,47.9760411791373,0.1390688007088651,1.1385399673403565,1.1203784885581218,global_lstm_seed_ensemble_seed=4,20265612,4,20265612
39114,global_lstm,global LSTM,8.999315537303216,-11.417352379530737,-5.49343211803054,-0.9621838639154463,174.3424213064177,90.97489424459332,0.2824815138650109,1.5189453090251206,1.3410391256707537,global_lstm_seed_ensemble_seed=4,20265612,4,20265612
39120,global_lstm,global LSTM,9.284052019164955,-96.48723604066643,-51.660353972537706,-8.55302634787803,32.49963114126014,50.2155708757824,0.18895997240817017,0.4835491533577878,0.8169618850047073,global_lstm_seed_ensemble_seed=4,20265612,4,20265612
39125,global_lstm,global LSTM,8.88432580424367,-22.11294658176413,-12.182659291088541,-3.254082857231695,136.7279946660435,60.99608656922717,0.3505554720988393,1.1405340530218935,0.874787754497314,global_lstm_seed_ensemble_seed=4,20265612,4,20265612
39127,global_lstm,global LSTM,8.681724845995893,-15.075006531841485,-9.23323065827053,-1.3944786039730812,129.40416113449393,47.923430476888036,0.4314003434185978,1.1345306638180936,0.518711036037874,global_lstm_seed_ensemble_seed=4,20265612,4,20265612
39141,global_lstm,global LSTM,7.477070499657769,0.4355792338747313,0.14017449525833336,0.5568652203166665,13.46037389649059,51.849187856570964,0.5856848344746518,0.48479167811071733,0.4227577189689511,global_lstm_seed_ensemble_seed=4,20265612,4,20265612
39142,global_lstm,global LSTM,8.098562628336756,-1.2409831087434937,-1.6852723643671683,0.10167579412352734,79.0965518764858,42.9105825377113,0.2655931409511823,1.0432173144084405,0.9150052635856838,global_lstm_seed_ensemble_seed=4,20265612,4,20265612
39143,global_lstm,global LSTM,8.098562628336756,0.3714276620206963,-0.12242947324657183,0.36571456783644263,58.690555488398296,40.46097234303391,0.161531904635647,1.6383788107371435,1.4542072178335774,global_lstm_seed_ensemble_seed=4,20265612,4,20265612
39144,global_lstm,global LSTM,8.202600958247775,0.778488736459754,0.14761754224354684,0.3611861287778485,44.18315320183365,37.25967284359091,0.07401766948675984,1.1279829731139361,0.9646320294442652,global_lstm_seed_ensemble_seed=4,20265612,4,20265612
40003,global_lstm,global LSTM,15.537303216974674,0.7012893100910509,0.5403668364383807,0.44032347572048425,14.683459602570874,38.65471665303159,0.420374101425839,0.6038270335686033,0.3154544636542913,global_lstm_seed_ensemble_seed=4,20265612,4,20265612
40004,global_lstm,global LSTM,15.263518138261464,0.6973280267664119,0.5068931864496719,0.37859733151158115,10.787992628990848,39.621634022020366,0.5649917411147607,0.24848502445976028,0.7815613512322185,global_lstm_seed_ensemble_seed=4,20265612,4,20265612
40005,global_lstm,global LSTM,15.359342915811089,0.5694919761739032,0.4310289916919311,0.3020854377234823,9.957915513863615,37.76499686855994,0.5789210157599274,0.5537097028913527,0.6096087967829934,global_lstm_seed_ensemble_seed=4,20265612,4,20265612
40006,global_lstm,global LSTM,12.826830937713895,0.5664787944401892,-0.7417100929476219,-0.025633887740409866,21.747459710214873,66.02035463418413,0.4822693179183013,0.5400392537474292,1.3505602406181327,global_lstm_seed_ensemble_seed=4,20265612,4,20265612
40007,global_lstm,global LSTM,15.545516769336071,0.7650319117009994,0.5870483049405695,0.5135339937015211,11.124913243846002,28.542816197424656,0.4092001879906056,0.5008483529621841,1.0580849946545208,global_lstm_seed_ensemble_seed=4,20265612,4,20265612
40009,global_lstm,global LSTM,15.249828884325805,0.716390432250922,0.5342985444543789,0.5822413495712238,10.659465399431664,28.372534444042184,0.4251627077027404,0.6262066524504217,1.3711339095925588,global_lstm_seed_ensemble_seed=4,20265612,4,20265612
40010,global_lstm,global LSTM,14.872005475701574,0.7255056123680022,0.5864148851324711,0.5251508141316825,11.281858531882957,60.410236702361196,0.728729887790146,0.3918172253613288,0.7344238554474642,global_lstm_seed_ensemble_seed=4,20265612,4,20265612
40011,global_lstm,global LSTM,15.597535934291582,0.7666095768517088,0.4758253601979242,0.6678003295904686,36.35424765589164,53.5023946245116,0.16781805888637463,0.353819931645984,0.121270787409409,global_lstm_seed_ensemble_seed=4,20265612,4,20265612
40012,global_lstm,global LSTM,15.597535934291582,-4.745764540497212,-2.7448334005923507,-0.536522107086548,103.92745073965884,39.36093844310034,0.4216648301802515,0.6627319832458709,0.36377810169496305,global_lstm_seed_ensemble_seed=4,20265612,4,20265612
40013,global_lstm,global LSTM,15.592060232717317,0.5713831923393078,0.6174425722300546,0.5745910141568626,32.487037259018074,57.91707412380424,0.251096507372775,0.2190468388645248,0.435331233634066,global_lstm_seed_ensemble_seed=4,20265612,4,20265612
40016,global_lstm,global LSTM,15.493497604380561,-3.37188217498744,-1.6799273629357083,-0.122059776969063,61.24909056883633,31.17706159840456,0.2932644636123291,1.9773188832678184,1.5228450720538635,global_lstm_seed_ensemble_seed=4,20265612,4,20265612
40017,global_lstm,global LSTM,14.327173169062286,0.536767638745149,0.42811834788864633,0.3845521768410982,6.151440746677355,40.70805345953453,0.8207034911274909,1.1744059506125617,1.6663107368985286,global_lstm_seed_ensemble_seed=4,20265612,4,20265612
40018,global_lstm,global LSTM,15.378507871321013,-1.1741869806528689,-0.044815037510608,0.3686071680170032,64.95664242069051,48.819003957605844,0.12403465396327082,0.4700063140292765,0.2402284993568914,global_lstm_seed_ensemble_seed=4,20265612,4,20265612
4001,global_lstm,global LSTM,14.023271731690622,0.5458075675310434,0.03170694743274938,0.474799028276798,10.739908747545533,83.52136609820082,0.8907969977920568,0.5854933539504641,0.33082045385585035,global_lstm_seed_ensemble_seed=4,20265612,4,20265612
40020,global_lstm,global LSTM,13.702943189596168,0.5703463864755141,0.369131437176359,0.2350019889943663,10.066745973908164,52.862031142821934,0.7202547365345381,0.9766028663535308,1.5558440015924049,global_lstm_seed_ensemble_seed=4,20265612,4,20265612
40021,global_lstm,global LSTM,12.281998631074606,0.6834996085054301,0.4474320998141962,0.3549292977268441,11.78509574306548,48.30545556702796,0.6126630671626635,0.5780866583197097,1.697262498886271,global_lstm_seed_ensemble_seed=4,20265612,4,20265612
40022,global_lstm,global LSTM,6.458590006844627,0.674609691440013,0.0824027989959506,0.05977574623124082,29.893109712003735,54.6418602442072,0.261954380125876,0.30033064084032457,0.08185552116264683,global_lstm_seed_ensemble_seed=4,20265612,4,20265612
40033,global_lstm,global LSTM,12.668035592060233,-2.805399711255961,-2.563842186496272,-0.15696726458604648,122.6769072459989,35.2135842270894,0.5420525865026572,1.030800610548943,1.1472329667989651,global_lstm_seed_ensemble_seed=4,20265612,4,20265612
4003,global_lstm,global LSTM,14.622861054072553,0.7361027013758588,0.4248562158067579,0.4648428905187567,3.498236498720867,92.55386653404648,1.4225453999030981,1.2092663830643429,0.3089018932083373,global_lstm_seed_ensemble_seed=4,20265612,4,20265612
4005,global_lstm,global LSTM,11.02258726899384,0.7392538130121756,0.4085878943885769,0.3527254620684498,2.445828399029055,90.81838797079504,1.5697478055176186,,0.6144766972017661,global_lstm_seed_ensemble_seed=4,20265612,4,20265612
4006,global_lstm,global LSTM,9.872689938398358,0.8232339143051028,0.38142265039634415,0.34345242509123763,3.148743276222441,104.61093749608901,1.5214398410261247,1.1849417770699557,0.3556108013478536,global_lstm_seed_ensemble_seed=4,20265612,4,20265612
41001,global_lstm,global LSTM,15.589322381930184,0.46634797266206796,0.12088479152687093,-0.116652514938959,23.255405723545955,41.894414710448615,0.25563220665335806,1.0099482218546303,1.5577911732865037,global_lstm_seed_ensemble_seed=4,20265612,4,20265612
41003,global_lstm,global LSTM,15.123887748117728,0.6378390710037369,0.4054602832175449,0.2517287326982006,3.660827914649439,43.32000373078534,1.0731091709711842,0.5022784589267855,0.8603263696914888,global_lstm_seed_ensemble_seed=4,20265612,4,20265612
41004,global_lstm,global LSTM,14.442162902121835,0.46610122157555245,-0.2168135568395939,0.2337394101293,15.878939457603197,43.579170229657365,0.4384574639347878,0.23397850235416762,0.8317233682633666,global_lstm_seed_ensemble_seed=4,20265612,4,20265612
41005,global_lstm,global LSTM,15.50444900752909,0.7599659265951564,0.6035666714536086,0.5242016155629774,11.434282942656644,35.395361152400554,0.4907374132815853,0.3378634230204307,1.0139285418477935,global_lstm_seed_ensemble_seed=4,20265612,4,20265612
41006,global_lstm,global LSTM,15.542778918548938,0.5828823187686378,0.3397222247972186,0.20372622684386932,6.757548912410737,30.14689881377547,0.6494534453770382,1.1429147691029777,1.6852139722495174,global_lstm_seed_ensemble_seed=4,20265612,4,20265612
41009,global_lstm,global LSTM,13.763175906913073,0.5530681760691447,0.12671043409816407,0.5420490539379015,18.850414756937514,57.65320870791174,0.4855025728756205,0.9952125640395493,0.13286619536376376,global_lstm_seed_ensemble_seed=4,20265612,4,20265612
41011,global_lstm,global LSTM,15.55920602327173,0.8044871534178684,0.48816605282965553,0.5565730702796834,13.104406303737061,54.82237272234114,0.6215404779758529,0.44115720436412953,1.1473385606348363,global_lstm_seed_ensemble_seed=4,20265612,4,20265612
41012,global_lstm,global LSTM,15.468856947296372,0.5514737353442087,0.30853138479606557,0.09556033478302017,8.198502226032563,27.93987061434322,0.5324898717030477,0.30921020459363824,0.9520592134642822,global_lstm_seed_ensemble_seed=4,20265612,4,20265612
41013,global_lstm,global LSTM,15.381245722108146,0.5750359171174872,0.41005203279554525,0.2909640314955194,7.369078113515271,41.0456811430489,0.7458543069280097,1.1181491439598155,1.6602000922783922,global_lstm_seed_ensemble_seed=4,20265612,4,20265612
41014,global_lstm,global LSTM,15.238877481177276,0.37607245326771666,0.4858764829678598,0.29482539126073537,9.940338814166896,58.63484822620634,0.7707546178593875,0.9135301794706181,0.2742590910109668,global_lstm_seed_ensemble_seed=4,20265612,4,20265612
41016,global_lstm,global LSTM,15.597535934291582,0.6700091459236648,0.4917793166258787,0.39091591991199726,8.841911866310628,41.72505329821129,0.673850718438887,0.9865774863839872,1.5375687301521976,global_lstm_seed_ensemble_seed=4,20265612,4,20265612
41019,global_lstm,global LSTM,15.509924709103354,0.6008639495505004,0.4895155411240326,0.3255185460067306,6.228551391717827,59.77678653696459,0.9821455124959748,0.0782186028274503,1.2761952356680868,global_lstm_seed_ensemble_seed=4,20265612,4,20265612
41020,global_lstm,global LSTM,15.279945242984258,0.6464160648037551,0.45117737235014344,0.31046964913097497,7.347396971627009,26.355551962514156,0.5547386111231281,0.9134115497521174,1.3810771117900151,global_lstm_seed_ensemble_seed=4,20265612,4,20265612
41022,global_lstm,global LSTM,15.597535934291582,0.7105781316115258,0.5638054657597042,0.49584408247487266,6.368920326471463,36.03544540777455,0.7526640784157729,0.3115906362116094,1.2934062166353368,global_lstm_seed_ensemble_seed=4,20265612,4,20265612
41023,global_lstm,global LSTM,15.545516769336071,-3.932973478182542,-3.2563376477327264,-1.009601260331071,51.47498254624672,54.980341528000565,0.028611225242340183,1.0806874126373835,1.1413615148291223,global_lstm_seed_ensemble_seed=4,20265612,4,20265612
41025,global_lstm,global LSTM,15.21697467488022,0.48798781309310113,0.34147629998207274,0.1653520033378043,3.6655955957387265,55.38383799723899,1.1792384982192878,0.5322797376482454,1.0398614930745822,global_lstm_seed_ensemble_seed=4,20265612,4,20265612
41027,global_lstm,global LSTM,14.959616700889802,0.6201185323935914,0.421639229945305,0.3322413217833605,8.642167333517653,55.48797749253301,0.8075762242371647,0.6683228190879077,1.4676336550831963,global_lstm_seed_ensemble_seed=4,20265612,4,20265612
41028,global_lstm,global LSTM,15.241615331964407,0.6457548881338977,0.4914301000340521,0.4622248833465403,7.11843824802587,41.7155411403526,0.7679131597759575,0.6754169182365843,1.3463129650851167,global_lstm_seed_ensemble_seed=4,20265612,4,20265612
41029,global_lstm,global LSTM,13.193702943189596,0.6669427459443722,0.4337110518605257,0.3416252272297424,9.98548260389911,46.57488019750231,0.6687826870467315,1.0637760232593738,1.6322231609236657,global_lstm_seed_ensemble_seed=4,20265612,4,20265612
42001,global_lstm,global LSTM,15.425051334702259,0.4221363582228266,0.25111568488590486,0.16522004834244053,14.741597476181719,63.02671978886403,0.630980156475099,0.7949251205992397,1.3696286491772587,global_lstm_seed_ensemble_seed=4,20265612,4,20265612
42003,global_lstm,global LSTM,15.457905544147843,0.7314392913737628,0.5553319220837902,0.47785365821531456,7.397000967423645,38.61348870080111,0.7176833660878167,0.33867950010951703,1.1184687872974841,global_lstm_seed_ensemble_seed=4,20265612,4,20265612
42004,global_lstm,global LSTM,15.578370978781656,-2.351255045264053,-2.2603237066213735,-0.2260011951430294,77.20229317971317,61.31731476395866,0.10004707282620516,0.707049290329489,0.4614613441680494,global_lstm_seed_ensemble_seed=4,20265612,4,20265612
42006,global_lstm,global LSTM,15.597535934291582,-0.2086456685787892,-0.3778738452212753,0.4061525791345263,58.53842482873409,60.321625129567614,0.013032001264888658,0.44865008513032656,0.49417161710855817,global_lstm_seed_ensemble_seed=4,20265612,4,20265612
42008,global_lstm,global LSTM,15.597535934291582,-4.7704458795285785,-2.936692112920159,-0.38143450382977595,61.588988861133004,58.34723210918079,0.023482815409465507,0.8436412382890979,0.8638117764803704,global_lstm_seed_ensemble_seed=4,20265612,4,20265612
42010,global_lstm,global LSTM,15.523613963039015,-2.0197745479489457,-2.2262142110575276,0.038378993213533774,77.19777466321167,30.06220194800871,0.4095839934312291,0.866509680605744,0.4987542832280334,global_lstm_seed_ensemble_seed=4,20265612,4,20265612
42011,global_lstm,global LSTM,15.02258726899384,0.3577116946782527,0.2406792660678334,0.6277704704895938,23.425638572774943,64.66876781633529,0.4410031476789735,0.8420867574549603,1.4243862414648156,global_lstm_seed_ensemble_seed=4,20265612,4,20265612
42016,global_lstm,global LSTM,13.796030116358658,-3.455392331007796,-3.5284713943678474,-0.12722371539773492,142.27334360560533,64.81220504754158,0.34146674079024947,0.7820760397220269,0.6312518379356659,global_lstm_seed_ensemble_seed=4,20265612,4,20265612
42017,global_lstm,global LSTM,11.301848049281315,0.5000208365792772,0.4826575145853256,0.3714000185216094,18.235727498592958,82.91018065143176,0.6576847676235484,0.6020030471456677,1.268515311467069,global_lstm_seed_ensemble_seed=4,20265612,4,20265612
42024,global_lstm,global LSTM,10.001368925393566,-2.7300665645727715,-2.127852045957685,-0.0871356746979981,131.08009167980515,78.01913560833418,0.22533560210837644,1.0342915532419426,0.6452911235401346,global_lstm_seed_ensemble_seed=4,20265612,4,20265612
42026,global_lstm,global LSTM,6.787132101300479,0.24131354819585016,-0.4155026702507625,0.21515930172364073,65.62898670313531,50.83633419200101,0.11092147286262809,0.6481554785392045,0.8539424756637854,global_lstm_seed_ensemble_seed=4,20265612,4,20265612
42027,global_lstm,global LSTM,6.822724161533197,-1.1749663191470554,-1.806174333105119,0.055558395223799906,103.7723879365336,51.250888692270955,0.3063804100501947,1.0078517082650589,0.8252578803228183,global_lstm_seed_ensemble_seed=4,20265612,4,20265612
43005,global_lstm,global LSTM,15.597535934291582,0.2839377285241813,0.04688969817695776,0.5310965562268535,64.00882723825421,65.10753004189374,0.007391349825438678,0.2740133442230116,0.2670465677780989,global_lstm_seed_ensemble_seed=4,20265612,4,20265612
43006,global_lstm,global LSTM,15.594798083504449,0.5767982948737558,0.28675884458534295,0.6051365339558032,41.71684687121152,62.013413574910096,0.17217416281732967,0.4364199482069575,0.7182269987014723,global_lstm_seed_ensemble_seed=4,20265612,4,20265612
43007,global_lstm,global LSTM,14.921286789869953,0.7185039538152309,0.5032682488160529,0.5736442325598687,28.550565741418836,38.74967846816531,0.13265338483313982,0.5220126089441652,0.29268789880225676,global_lstm_seed_ensemble_seed=4,20265612,4,20265612
43008,global_lstm,global LSTM,15.597535934291582,-0.47331502329719566,-0.3863699296652423,0.4017786177788625,52.85186595411299,63.95904877729149,0.08284167129671635,0.28752060734841434,0.36774810023597826,global_lstm_seed_ensemble_seed=4,20265612,4,20265612
43009,global_lstm,global LSTM,15.597535934291582,0.6377470486321135,0.5237363524181935,0.4030645921840812,9.756995288345665,39.663945058879456,0.609079812585376,0.6527734719005371,0.3559898180790283,global_lstm_seed_ensemble_seed=4,20265612,4,20265612
43014,global_lstm,global LSTM,15.268993839835728,-0.43658683695850886,-0.7443874487202755,0.11089838513015982,70.21072925372576,64.34807443243234,0.03786792841929519,1.0580764077787466,0.9477206944039235,global_lstm_seed_ensemble_seed=4,20265612,4,20265612
43017,global_lstm,global LSTM,15.290896646132786,0.8237537427971146,0.6055561677361884,0.7414018384070635,33.47203655316744,66.75298783365888,0.2997885721738969,0.13284836708025116,0.6477140323896838,global_lstm_seed_ensemble_seed=4,20265612,4,20265612
43018,global_lstm,global LSTM,14.3709787816564,0.20967736537741233,0.004850386819091335,0.5255225067495122,55.97530395016957,38.11438392150706,0.16690755625540418,0.6954270202989572,0.5629423563812477,global_lstm_seed_ensemble_seed=4,20265612,4,20265612
43021,global_lstm,global LSTM,14.283367556468173,0.34602360603852955,-0.07437285801361426,0.496795914153104,55.30018913430317,66.78618576495141,0.0819600244665398,0.4159896900768987,0.35531819012356103,global_lstm_seed_ensemble_seed=4,20265612,4,20265612
44001,global_lstm,global LSTM,15.597535934291582,-0.1979729760643183,-0.6643036591900191,0.2018183795646319,52.586876827728055,33.9794067169889,0.1896615867343602,0.07962394398091055,0.23500849897187137,global_lstm_seed_ensemble_seed=4,20265612,4,20265612
44002,global_lstm,global LSTM,15.597535934291582,-0.5244107935420912,-0.26788598063416447,0.42481528463246065,58.509133106010566,33.500750308809955,0.24216912954092323,0.5221454326462409,0.13889257918982,global_lstm_seed_ensemble_seed=4,20265612,4,20265612
44006,global_lstm,global LSTM,15.597535934291582,-1.2495759207930615,-0.6211394847724969,0.2832527046890918,51.65926017816728,33.34905347992172,0.19006467008293756,1.2543447183612644,1.183566137675748,global_lstm_seed_ensemble_seed=4,20265612,4,20265612
44009,global_lstm,global LSTM,14.149212867898699,-0.47347837371967505,-0.8909073832410086,-0.06584495894345976,69.08186924511797,40.182519508837196,0.23532691613885176,0.8834903138260983,0.9454916131903823,global_lstm_seed_ensemble_seed=4,20265612,4,20265612
44011,global_lstm,global LSTM,7.972621492128679,0.7535628282465162,0.18547013193032458,0.40278293031244106,13.499492069507763,55.07012430849776,0.6105986287219571,0.35246730214585387,1.3076796851872454,global_lstm_seed_ensemble_seed=4,20265612,4,20265612
45001,global_lstm,global LSTM,15.597535934291582,0.841582419025537,0.6008190667465869,0.5377511067133056,11.225968747451525,49.510962301769105,0.6444775385891678,0.09822991264819692,0.5076031721534675,global_lstm_seed_ensemble_seed=4,20265612,4,20265612
45003,global_lstm,global LSTM,15.597535934291582,0.7866508020903169,0.5755260345802162,0.5280294357195681,9.154193264378407,40.22978889274132,0.6429276765383906,0.41241043219607,1.0607246564733122,global_lstm_seed_ensemble_seed=4,20265612,4,20265612
45004,global_lstm,global LSTM,15.597535934291582,0.741399170843015,0.5147783654760726,0.4603276440077516,6.3175318043119235,35.19622757257878,0.7459486801449942,0.3484867802236414,1.07356489895064,global_lstm_seed_ensemble_seed=4,20265612,4,20265612
45005,global_lstm,global LSTM,15.597535934291582,0.7525427015496466,0.5861577743466763,0.5922788337777142,7.848020881986274,36.015601866958434,0.6617305268492102,0.39779864468131887,1.0759528016882085,global_lstm_seed_ensemble_seed=4,20265612,4,20265612
45009,global_lstm,global LSTM,15.597535934291582,0.7907825896978923,0.5428415904797829,0.5831612685401882,11.622891567772184,45.670816418619516,0.59432458898761,0.7695458156783368,0.4022213805518047,global_lstm_seed_ensemble_seed=4,20265612,4,20265612
45012,global_lstm,global LSTM,15.58110882956879,0.7381018887621378,0.5776833375102328,0.4621457406962701,10.438695532199015,40.03776674979607,0.5838236145441498,0.5279517382340235,1.2741994728386095,global_lstm_seed_ensemble_seed=4,20265612,4,20265612
46003,global_lstm,global LSTM,15.597535934291582,0.8584275560056264,0.5300073426737469,0.5458049807588716,10.534063604330836,50.02243729315217,0.6765689121884058,0.5777794995739806,0.8399842587261277,global_lstm_seed_ensemble_seed=4,20265612,4,20265612
46005,global_lstm,global LSTM,15.597535934291582,0.7918558252952262,0.4828646136197031,0.459232431728648,5.074104954960063,52.481250032961825,1.0146447246909815,0.43855709045351243,1.0147908850025764,global_lstm_seed_ensemble_seed=4,20265612,4,20265612
46008,global_lstm,global LSTM,12.88432580424367,0.8620353574513935,0.5581573811334334,0.5660644419748293,13.008983203409576,44.46018149464571,0.5337278782880617,0.38367376463914027,0.7559923266080577,global_lstm_seed_ensemble_seed=4,20265612,4,20265612
47001,global_lstm,global LSTM,15.597535934291582,0.829750053587887,0.5519332836081735,0.4950479399119655,11.227923311116287,61.356435674344354,0.737560684927522,0.2398994113793259,0.8620890401070861,global_lstm_seed_ensemble_seed=4,20265612,4,20265612
47004,global_lstm,global LSTM,15.597535934291582,0.806176561800999,0.4914687017746565,0.5065390878648688,15.439230473002377,58.26560938806297,0.5767866427141862,0.18060672164833136,0.6048008790355012,global_lstm_seed_ensemble_seed=4,20265612,4,20265612
47005,global_lstm,global LSTM,12.542094455852157,0.7224337348508044,0.4996897015303836,0.4309462190666834,11.368243378930757,77.95130498832854,0.8361300274558111,0.5876837777904653,1.3119422312571078,global_lstm_seed_ensemble_seed=4,20265612,4,20265612
47008,global_lstm,global LSTM,15.597535934291582,0.7863613683314545,0.5801046006786994,0.6122573701231556,11.224049921801917,60.508268552123425,0.7316651360873648,0.5824513040201079,1.1281610474358414,global_lstm_seed_ensemble_seed=4,20265612,4,20265612
47009,global_lstm,global LSTM,15.597535934291582,0.7790273104184743,0.5012530060130111,0.5705395292145017,15.672327200604878,58.2285543884045,0.570002518118459,0.9435418070681552,0.5412077883095762,global_lstm_seed_ensemble_seed=4,20265612,4,20265612
47011,global_lstm,global LSTM,9.83709787816564,0.8528957598923181,0.4104959713691583,0.521302729266103,8.921552838348441,81.99904962119496,0.9633683669296109,0.22413232942634742,0.9373720212834262,global_lstm_seed_ensemble_seed=4,20265612,4,20265612
47014,global_lstm,global LSTM,13.763175906913073,0.8295974209060095,0.42260658204750434,0.4190659769379508,7.891577832528665,70.30680575411245,0.9498335228975721,0.3751928233166697,1.0679965979140662,global_lstm_seed_ensemble_seed=4,20265612,4,20265612
47018,global_lstm,global LSTM,10.121834360027378,0.6752422258869994,0.4074948909059263,0.32588058762857386,5.526553205914527,75.37597539760435,1.134778589670235,0.26462500520801346,1.2060181093845883,global_lstm_seed_ensemble_seed=4,20265612,4,20265612
48003,global_lstm,global LSTM,13.292265571526352,0.8084247922530481,0.5077469543655375,0.6243616800528411,26.89411062983871,48.34587856872218,0.25470226985661304,0.07283104624881287,0.5221513118321353,global_lstm_seed_ensemble_seed=4,20265612,4,20265612
48004,global_lstm,global LSTM,15.597535934291582,0.7311536272047274,0.4486666785943011,0.5820216691757054,18.259646069757306,61.62507230268655,0.5282650865630004,0.4334419448812723,0.99320517627527,global_lstm_seed_ensemble_seed=4,20265612,4,20265612
48005,global_lstm,global LSTM,15.597535934291582,0.7988890879148556,0.5034193023899709,0.4858119927186547,24.117124857613824,48.30104502684513,0.3016309953285999,0.49001128784192116,0.8552513757663459,global_lstm_seed_ensemble_seed=4,20265612,4,20265612
48011,global_lstm,global LSTM,15.597535934291582,0.8071855827538772,0.5379307833848004,0.6985743901765609,15.737184814230131,59.205772327718826,0.5754370056611051,0.1855146761442792,0.6762206095030296,global_lstm_seed_ensemble_seed=4,20265612,4,20265612
49001,global_lstm,global LSTM,14.532511978097194,0.8353811423001716,0.8138332664144426,0.7461141968877565,17.03457954781384,13.890613121102323,0.08861000307118108,1.0728045880211943,1.0119334745487127,global_lstm_seed_ensemble_seed=4,20265612,4,20265612
49002,global_lstm,global LSTM,15.553730321697467,0.5269258474572107,0.3350300527695763,0.5166567350103126,33.6482382722635,36.99983444133044,0.041237450076859805,0.7876216340806182,0.8604485038450876,global_lstm_seed_ensemble_seed=4,20265612,4,20265612
49004,global_lstm,global LSTM,15.597535934291582,0.8030912059454707,0.5209447328570314,0.4807628445968888,24.11427685990475,45.494155389414075,0.2756813638441348,0.9615794764900552,1.501078410483592,global_lstm_seed_ensemble_seed=4,20265612,4,20265612
50001,global_lstm,global LSTM,15.597535934291582,0.8277415046603903,0.584960462924113,0.523569763990919,9.986902733364568,63.20858137651502,0.8013452232165595,0.20261302341635767,0.8666218358589852,global_lstm_seed_ensemble_seed=4,20265612,4,20265612
50002,global_lstm,global LSTM,15.422313483915127,0.7749192334146953,0.5573810018836001,0.4678152482372909,6.616952964778483,39.41581985475386,0.7750125168175057,0.29833189264280446,1.0705258577186338,global_lstm_seed_ensemble_seed=4,20265612,4,20265612
50006,global_lstm,global LSTM,15.597535934291582,0.8251859739798059,0.5450402859467975,0.5116959884115737,9.79318068305884,52.925451964444,0.7327408081636285,0.18467440452353268,0.5406336026573334,global_lstm_seed_ensemble_seed=4,20265612,4,20265612
50007,global_lstm,global LSTM,14.642026009582478,0.8292880289543003,0.5431520740894855,0.4431227992293598,10.970442328327985,58.901758689954164,0.7299041234695579,0.771816549886966,1.2211651065095077,global_lstm_seed_ensemble_seed=4,20265612,4,20265612
50008,global_lstm,global LSTM,10.379192334017796,0.7294308783688407,0.41855445134743663,0.3481650320328712,5.779320327174734,86.4911895984664,1.1750951038961432,0.4155680485788543,1.1299288889210082,global_lstm_seed_ensemble_seed=4,20265612,4,20265612
50011,global_lstm,global LSTM,11.693360711841205,0.8301934165812612,0.4895864656743488,0.4692768625580568,9.903865307937085,76.60353787139535,0.8884441022958488,0.6069465175746754,0.9734779644143643,global_lstm_seed_ensemble_seed=4,20265612,4,20265612
5003,global_lstm,global LSTM,9.897330595482547,0.4929837244340056,-0.048679111024542365,0.48727251254433157,12.171939631395968,38.61609745339052,0.5014085920766086,0.3335289298956361,0.47884834599007026,global_lstm_seed_ensemble_seed=4,20265612,4,20265612
51001,global_lstm,global LSTM,15.529089664613279,0.7642780589150289,0.598470351221813,0.6309461462076593,28.041622412072275,53.45927273515902,0.2802199091587001,0.5783645737198375,1.0774505935525485,global_lstm_seed_ensemble_seed=4,20265612,4,20265612
52004,global_lstm,global LSTM,15.597535934291582,0.6792936092735211,0.5150588121044593,0.4303445120581797,10.071742624891558,35.7451639444291,0.5501126740861384,0.4309604759471197,1.1802571637307429,global_lstm_seed_ensemble_seed=4,20265612,4,20265612
52005,global_lstm,global LSTM,15.597535934291582,0.8744727557673495,0.6785991252032674,0.7010621846229874,17.179993845257094,50.171277623848574,0.4654321566747124,0.4692057357912466,1.0052346441718603,global_lstm_seed_ensemble_seed=4,20265612,4,20265612
52006,global_lstm,global LSTM,15.597535934291582,0.7756589942317017,0.6031439565661973,0.5509605012519289,10.563629887858324,38.38855805219182,0.5603886228283178,0.36019478003118843,1.0805370183926848,global_lstm_seed_ensemble_seed=4,20265612,4,20265612
52007,global_lstm,global LSTM,15.597535934291582,0.6647157670523627,0.4433994620374777,0.2811362267326727,9.72932825338511,33.616388713550265,0.5384682008276319,0.21858405373526968,0.9390932812500455,global_lstm_seed_ensemble_seed=4,20265612,4,20265612
52009,global_lstm,global LSTM,15.446954140999315,0.7330213831243388,0.43061145354236363,0.4766622113205412,24.32990609923466,78.67090904700216,0.5096737357129678,0.2478062024479255,0.6370545270546726,global_lstm_seed_ensemble_seed=4,20265612,4,20265612
52010,global_lstm,global LSTM,15.509924709103354,0.68777988351091,0.46323699759219694,0.3409325431713959,11.611837866591253,74.42273599900433,0.8068046686749865,0.4109499252003471,1.1992446600953692,global_lstm_seed_ensemble_seed=4,20265612,4,20265612
52011,global_lstm,global LSTM,15.597535934291582,0.5630881773948573,0.5065051297989667,0.35555863855835923,15.782010309120777,71.23736019939936,0.6545454949604776,0.9239844963757469,0.3087362295468825,global_lstm_seed_ensemble_seed=4,20265612,4,20265612
52015,global_lstm,global LSTM,13.790554414784394,0.7295615208169193,0.5563780638108811,0.5053944768350196,26.284958585773147,68.09022357764195,0.4133774631218111,0.5002358002487228,1.167528436154826,global_lstm_seed_ensemble_seed=4,20265612,4,20265612
52016,global_lstm,global LSTM,15.397672826830938,0.7706190059655791,0.5203658800343556,0.6949658323415442,34.3031531338419,45.6305886276249,0.12392202906675691,0.6097436943170749,0.7436757450692236,global_lstm_seed_ensemble_seed=4,20265612,4,20265612
53005,global_lstm,global LSTM,15.548254620123203,0.8570332148819072,0.5743227893432635,0.5254601776831358,21.438148142474894,65.87720975309475,0.48754792855788026,0.5589248818946204,1.0506293188714602,global_lstm_seed_ensemble_seed=4,20265612,4,20265612
53006,global_lstm,global LSTM,15.597535934291582,0.6495063437439579,0.5794935037261874,0.4464563218568417,8.399994631122155,67.93421526268081,0.9078095545638373,0.4871965861716183,0.789970559729208,global_lstm_seed_ensemble_seed=4,20265612,4,20265612
53007,global_lstm,global LSTM,15.597535934291582,0.8538469446692887,0.630488388605918,0.6042921821405343,14.876157459217513,70.50891662970064,0.6757532752136581,0.48175513019574107,1.1403361400919287,global_lstm_seed_ensemble_seed=4,20265612,4,20265612
53008,global_lstm,global LSTM,15.597535934291582,0.7940107481370443,0.6210832988949934,0.557002547233861,21.657665217825524,43.685993971116375,0.3047305853546688,0.3071799613939852,0.9235040309423092,global_lstm_seed_ensemble_seed=4,20265612,4,20265612
53009,global_lstm,global LSTM,15.594798083504449,0.8260370785682465,0.5710574659933207,0.5453023177565943,21.388632558422657,63.94945502527025,0.4756538281233569,0.33292851081437214,0.7085076581214923,global_lstm_seed_ensemble_seed=4,20265612,4,20265612
53013,global_lstm,global LSTM,15.597535934291582,0.6420041438678223,0.43459052627836214,0.3528049925133775,19.74960426457942,68.97871192211682,0.5431566824704325,0.42689500074709064,1.239483821735197,global_lstm_seed_ensemble_seed=4,20265612,4,20265612
53017,global_lstm,global LSTM,14.67214236824093,0.6895126915442971,0.5654473370648196,0.4855448254414111,14.528473239356892,48.12956022641513,0.520191915639198,0.6799875647467764,1.3878086291709457,global_lstm_seed_ensemble_seed=4,20265612,4,20265612
53018,global_lstm,global LSTM,15.496235455167694,0.7572968250043156,0.6226700199891361,0.5188166569532601,24.548797761197417,45.83674580086304,0.2711835490436918,0.14566428705289036,0.2769373429124401,global_lstm_seed_ensemble_seed=4,20265612,4,20265612
53022,global_lstm,global LSTM,10.140999315537304,0.7818768933107044,0.5451612143572797,0.4946737777418396,21.76421315371412,83.8344895459466,0.5856797536985687,0.7108069364114349,0.23334524163969206,global_lstm_seed_ensemble_seed=4,20265612,4,20265612
53023,global_lstm,global LSTM,13.705681040383299,0.7176970282131898,0.5365465357823563,0.5854927991928781,30.597995291006292,48.17008781188831,0.1970844645580436,0.6439472069101098,0.7575868644481433,global_lstm_seed_ensemble_seed=4,20265612,4,20265612
53028,global_lstm,global LSTM,12.2217659137577,0.6102466781282849,0.37763753863928773,0.39556154072251415,32.18153037059532,82.0840192467724,0.40665192070216644,1.4467096568326419,0.703258920455178,global_lstm_seed_ensemble_seed=4,20265612,4,20265612
54001,global_lstm,global LSTM,15.597535934291582,0.7214196869167094,0.3917771052064871,0.5280397126937324,16.047760994219463,41.64428759008733,0.41414098939582844,1.724647099439176,0.8391626351881514,global_lstm_seed_ensemble_seed=4,20265612,4,20265612
54002,global_lstm,global LSTM,15.526351813826146,0.6668040866507616,0.49019148938288504,0.41303891535380466,15.723058226255215,42.474740995523,0.43159371656595236,1.4687123888199551,0.9186146601629477,global_lstm_seed_ensemble_seed=4,20265612,4,20265612
54003,global_lstm,global LSTM,15.575633127994525,0.13012080145226168,0.2210443951473563,0.5302567870939904,7.527525553273721,41.87654299841253,0.7453185840502666,0.3166042032445262,0.3387360525635079,global_lstm_seed_ensemble_seed=4,20265612,4,20265612
54004,global_lstm,global LSTM,15.211498973305956,0.3593637004117891,0.18011824072542004,0.19558783446029415,9.242274323648212,75.06081993212621,0.9096344493066173,0.6990901820522579,0.5981131503491978,global_lstm_seed_ensemble_seed=4,20265612,4,20265612
54005,global_lstm,global LSTM,15.597535934291582,0.7688632089885372,0.45325527455739023,0.5619821134724475,9.744089400482348,47.223590471415996,0.6854177440857464,1.4599431783631105,0.5080585872000078,global_lstm_seed_ensemble_seed=4,20265612,4,20265612
54007,global_lstm,global LSTM,15.553730321697467,0.5615988880339524,0.39346382766140253,0.2600097918445552,7.214232085800011,41.642762014845204,0.7613494172884516,0.11283360512645846,0.6130706192635829,global_lstm_seed_ensemble_seed=4,20265612,4,20265612
54008,global_lstm,global LSTM,15.594798083504449,0.8040174920305185,0.5501653435346758,0.5056428624812879,17.423217549893657,36.55516373401699,0.3218203741432758,0.5974628523602455,0.12030112525593295,global_lstm_seed_ensemble_seed=4,20265612,4,20265612
54011,global_lstm,global LSTM,13.122518822724162,0.7334106658982641,0.4610040308440403,0.4009365004150661,18.14609908606346,55.477827340869666,0.4853361666126465,0.203030511645107,1.2487730489900337,global_lstm_seed_ensemble_seed=4,20265612,4,20265612
54012,global_lstm,global LSTM,15.540041067761807,0.8238276275506942,0.2775340421532637,0.6252437293088349,27.71645051116639,40.93418812809687,0.16934856932602702,1.049573162568488,0.6772760065741579,global_lstm_seed_ensemble_seed=4,20265612,4,20265612
54015,global_lstm,global LSTM,15.101984941820671,0.3841913841704234,0.251022997880323,0.08605430197350039,9.591499648263232,50.023517252666934,0.7172877093692078,0.1628752110130277,1.239437302966829,global_lstm_seed_ensemble_seed=4,20265612,4,20265612
54016,global_lstm,global LSTM,13.6290212183436,0.7974269064652284,0.41988851431607,0.4997674424393638,28.94828423012725,49.01954420234997,0.22874644062504138,0.7190617046469319,0.26987798808458596,global_lstm_seed_ensemble_seed=4,20265612,4,20265612
54017,global_lstm,global LSTM,15.5564681724846,0.6758596724940462,0.399134391282837,0.32454667738593457,9.50625525999411,27.650430856689216,0.4636924312899766,0.3060433558836728,0.08192924426599513,global_lstm_seed_ensemble_seed=4,20265612,4,20265612
54018,global_lstm,global LSTM,15.170431211498974,0.76548107603,0.536396807119343,0.4860023714839009,15.85782660594907,37.77829277452228,0.37699866314064767,0.23001382411701665,0.7981254623635281,global_lstm_seed_ensemble_seed=4,20265612,4,20265612
54019,global_lstm,global LSTM,15.586584531143053,0.5846131660336675,0.4115211463416718,0.3640753416548381,17.381763961707815,49.28389344926886,0.45261116190698664,0.7429899767169843,0.2607698633219482,global_lstm_seed_ensemble_seed=4,20265612,4,20265612
54020,global_lstm,global LSTM,15.597535934291582,0.8538802839074436,0.42261330682870335,0.6177433831141321,33.23827973964229,39.88010015810762,0.07911770175280135,0.42404978632200574,0.25137865662062,global_lstm_seed_ensemble_seed=4,20265612,4,20265612
54022,global_lstm,global LSTM,11.72621492128679,0.8327757194039974,0.8507043034369484,0.7539680683380686,2.6343093204455665,3.9599614447295823,0.17702418908349804,0.34828366966046265,0.5524369835323153,global_lstm_seed_ensemble_seed=4,20265612,4,20265612
54024,global_lstm,global LSTM,15.597535934291582,-0.10598792853986705,-0.3493548911069444,0.32380491086881713,32.2395376203247,55.348677660349544,0.23471844505154668,0.6020708133246235,0.06440913838413476,global_lstm_seed_ensemble_seed=4,20265612,4,20265612
54025,global_lstm,global LSTM,15.597535934291582,0.8392568162471269,0.5647342529311797,0.5358432585960686,4.533506956056714,42.5969167603452,0.9729438788099685,0.2980475878682891,0.5532935768887159,global_lstm_seed_ensemble_seed=4,20265612,4,20265612
54027,global_lstm,global LSTM,15.589322381930184,0.2696618579252449,0.0671514353169913,0.5330456006893438,52.74056785725209,40.033960432265005,0.11971624592667575,0.7955629077911044,0.7645040333328598,global_lstm_seed_ensemble_seed=4,20265612,4,20265612
54028,global_lstm,global LSTM,15.597535934291582,0.8520256291848114,0.4753890639948971,0.5033374110750466,6.671494961929108,57.20252513085005,0.9331920381820337,0.3167842022639291,0.6251119630199671,global_lstm_seed_ensemble_seed=4,20265612,4,20265612
54029,global_lstm,global LSTM,15.597535934291582,0.7914275149388852,0.5599830088005826,0.5213672529440079,18.436503600526294,36.75930677407615,0.29968875009915524,0.5223482846017262,0.13905280736606906,global_lstm_seed_ensemble_seed=4,20265612,4,20265612
54032,global_lstm,global LSTM,15.586584531143053,0.7223609635088685,0.3697500835064488,0.5396895751327491,20.86188946331962,41.24729604942172,0.2960418438473356,1.627065809282263,1.0606293154863802,global_lstm_seed_ensemble_seed=4,20265612,4,20265612
54034,global_lstm,global LSTM,15.29637234770705,0.6313103630534904,0.39736954177397443,0.3304003170119335,6.990650468430725,33.68664148179883,0.6829401264876083,0.5340786016872952,0.6936422188600584,global_lstm_seed_ensemble_seed=4,20265612,4,20265612
54036,global_lstm,global LSTM,15.143052703627653,0.7617459274140748,0.4877663999766474,0.4587083108516541,18.360628351026502,41.86683350851949,0.3579825755075553,0.6732180811286952,1.452195421617893,global_lstm_seed_ensemble_seed=4,20265612,4,20265612
54038,global_lstm,global LSTM,14.699520876112253,0.8559194284156089,0.49167128104228686,0.484691600447929,7.930793492443551,60.50165909436235,0.8824506426063576,0.4019285585663046,0.49930341432879055,global_lstm_seed_ensemble_seed=4,20265612,4,20265612
54044,global_lstm,global LSTM,15.011635865845312,0.6472406337153997,0.20398264873156624,0.5609244243185665,20.825595280463705,43.9785017704874,0.3246430058653837,0.27484490117348837,0.7506308897772956,global_lstm_seed_ensemble_seed=4,20265612,4,20265612
54048,global_lstm,global LSTM,13.908281998631075,0.524249430754712,0.35562931369166406,0.2423728160570351,10.909580761043399,47.499122689374666,0.6388775266448973,0.7509358131502397,1.674846015141298,global_lstm_seed_ensemble_seed=4,20265612,4,20265612
54049,global_lstm,global LSTM,12.843258042436688,0.5655672231690203,0.442322766246534,0.3896443649524497,16.96044696979476,50.6469839045517,0.4751162943315219,0.6244690968219613,0.3215436734474052,global_lstm_seed_ensemble_seed=4,20265612,4,20265612
54052,global_lstm,global LSTM,15.586584531143053,0.7760231411940564,0.39957384050688194,0.5497736516724407,25.51465893584253,42.920159420776066,0.2258715590940618,0.2263550099713526,0.8002567450251,global_lstm_seed_ensemble_seed=4,20265612,4,20265612
54057,global_lstm,global LSTM,15.274469541409994,0.7108732520084615,0.37320733297030806,0.5107301168143388,23.32239981355167,40.57143601238486,0.2404471435387546,1.7899143534209783,1.4386992877668532,global_lstm_seed_ensemble_seed=4,20265612,4,20265612
54060,global_lstm,global LSTM,10.976043805612594,0.5690275208461562,0.5538521441074749,0.4548952675114256,18.775672684780336,29.67002186090338,0.1987223606797335,0.46519252340742273,1.0413677615125045,global_lstm_seed_ensemble_seed=4,20265612,4,20265612
54063,global_lstm,global LSTM,11.668720054757015,0.4806468620395469,0.34853637667134907,0.44520571151211985,12.504276059677213,56.521338873217196,0.6551538877007224,0.4538164127382498,1.651144855687317,global_lstm_seed_ensemble_seed=4,20265612,4,20265612
54080,global_lstm,global LSTM,12.714579055441478,0.7476758159246248,0.3742555118513271,0.47210307188980183,6.6534437555279835,71.72896602076264,1.0326480805382037,0.4959840578499466,0.3783157140712513,global_lstm_seed_ensemble_seed=4,20265612,4,20265612
54095,global_lstm,global LSTM,11.572895277207392,0.6976125588181767,0.27647173205317743,0.38575447716523537,16.759601307295537,50.54400441331784,0.4794059634587702,1.706282107174022,0.618350240907314,global_lstm_seed_ensemble_seed=4,20265612,4,20265612
54096,global_lstm,global LSTM,10.351813826146476,0.75668370863525,0.5209312851149619,0.5074686642540327,17.679657435392233,90.61688432148934,0.709735279980319,0.1207126906033496,1.4346580912624,global_lstm_seed_ensemble_seed=4,20265612,4,20265612
55002,global_lstm,global LSTM,15.548254620123203,0.8064883768346207,0.48387920767566217,0.5052037322159737,8.768061036124468,47.323143792309146,0.7321700238035227,0.4018440021506038,0.43755934059483625,global_lstm_seed_ensemble_seed=4,20265612,4,20265612
55007,global_lstm,global LSTM,15.597535934291582,0.8478990497002385,0.5501750969404815,0.52352266276577,5.972452979082226,49.59202122688659,0.9192590699849527,0.22821214459446681,0.625436628610037,global_lstm_seed_ensemble_seed=4,20265612,4,20265612
55008,global_lstm,global LSTM,15.416837782340862,0.7775756040764596,0.5120291270091746,0.4524689287771997,2.774400566777389,45.87102238785176,1.2183692554152186,0.14873615531744883,0.6070242373160901,global_lstm_seed_ensemble_seed=4,20265612,4,20265612
55013,global_lstm,global LSTM,15.597535934291582,0.7813817336143841,0.5936850526434154,0.5805681424165077,15.625465502810437,40.14619638125851,0.40981144028343547,0.2451371172743051,0.5517854010323381,global_lstm_seed_ensemble_seed=4,20265612,4,20265612
55014,global_lstm,global LSTM,15.597535934291582,0.7806600665745091,0.4551636267588456,0.5040078664007335,18.955975830934076,41.025451914096756,0.335307227405876,0.6030059719697508,0.19212596007430793,global_lstm_seed_ensemble_seed=4,20265612,4,20265612
55016,global_lstm,global LSTM,15.457905544147843,0.7563536345126873,0.46405028135289794,0.3753572540366543,6.68197244826841,39.94874619947909,0.7765984728501082,0.12273747212095976,0.8186446058856135,global_lstm_seed_ensemble_seed=4,20265612,4,20265612
55018,global_lstm,global LSTM,15.589322381930184,0.6894936662092386,0.548273513479727,0.5720657168651856,13.817239828469042,39.19795649728881,0.4528421307959199,0.05746410359581833,0.44991862275486183,global_lstm_seed_ensemble_seed=4,20265612,4,20265612
55021,global_lstm,global LSTM,14.85284052019165,0.7644850868143009,0.5109155562809624,0.530583903084338,25.852497989537643,43.88859423404162,0.22984915744811865,0.44820145840583414,0.3254752173841231,global_lstm_seed_ensemble_seed=4,20265612,4,20265612
55023,global_lstm,global LSTM,15.597535934291582,0.7613548544477271,0.4780170542038715,0.5508972364628342,13.05862413447599,48.05216408760418,0.5658155296374707,1.0214726296703975,0.37987588085071744,global_lstm_seed_ensemble_seed=4,20265612,4,20265612
55025,global_lstm,global LSTM,15.455167693360712,0.8372446750001354,0.5335572375922886,0.5017348043506286,16.032854668105152,45.69583205492309,0.4548657337401559,0.662626479600742,1.5582350008356762,global_lstm_seed_ensemble_seed=4,20265612,4,20265612
55026,global_lstm,global LSTM,15.597535934291582,0.8067479860592359,0.5299199973615363,0.47712610266358824,4.296172503803402,56.38114200831475,1.118052157096835,0.293477392041819,0.5987566601154576,global_lstm_seed_ensemble_seed=4,20265612,4,20265612
55029,global_lstm,global LSTM,15.597535934291582,0.7563973023018125,0.5393449226438056,0.4749269921835778,10.649172872125565,34.082867942544226,0.505220254683926,0.48861257523431845,1.2956561759978587,global_lstm_seed_ensemble_seed=4,20265612,4,20265612
55032,global_lstm,global LSTM,15.550992470910336,0.4489336305723882,0.4261568118740553,0.5822726116149409,5.201516984966788,60.16162496770373,1.0631895370861657,0.38894524318277013,0.5752574136793326,global_lstm_seed_ensemble_seed=4,20265612,4,20265612
56001,global_lstm,global LSTM,15.597535934291582,0.8470484475164196,0.5081467103802378,0.48450761404287124,9.812592417541156,44.034465357218686,0.6520089676706867,0.13234619962590244,0.8288832930885589,global_lstm_seed_ensemble_seed=4,20265612,4,20265612
56002,global_lstm,global LSTM,14.754277891854894,0.8609761883647554,0.49717958812786944,0.5455924194031312,11.118473582940092,43.71815211529264,0.5946166283080803,0.1346940235631635,0.6952040006795246,global_lstm_seed_ensemble_seed=4,20265612,4,20265612
56007,global_lstm,global LSTM,15.449691991786448,0.7936052093610666,0.5125819035920158,0.4589983054200011,5.144939911281147,32.85688602418972,0.805246094338587,0.4224769797103455,0.8105044577075793,global_lstm_seed_ensemble_seed=4,20265612,4,20265612
56012,global_lstm,global LSTM,14.480492813141684,0.8182800906819864,0.5548796105044569,0.6415094960883824,17.453106100503824,40.406614675286235,0.36457973729970605,0.20535984962521592,0.8214750940909777,global_lstm_seed_ensemble_seed=4,20265612,4,20265612
56013,global_lstm,global LSTM,15.07460643394935,0.8232712653267411,0.5212962768578553,0.4731191155560568,6.886860299353922,47.73126585540416,0.8407816788430171,0.3287603895551968,0.9236001787335247,global_lstm_seed_ensemble_seed=4,20265612,4,20265612
57004,global_lstm,global LSTM,15.597535934291582,0.8668557569587205,0.5129553061956068,0.46919333607894087,6.413994540861153,40.650281660780365,0.8019349731615222,0.10563105574636145,0.6297603573168925,global_lstm_seed_ensemble_seed=4,20265612,4,20265612
57005,global_lstm,global LSTM,15.597535934291582,0.8710171416831898,0.5055331390445589,0.4559145115483918,6.914892311713428,42.844666199579045,0.7921113425533146,0.12370706639555173,0.5506832591586273,global_lstm_seed_ensemble_seed=4,20265612,4,20265612
57006,global_lstm,global LSTM,15.34839151266256,0.880344362073507,0.4884061354702177,0.4556190480139237,5.53426967517434,41.0718403231124,0.8704838451813262,0.1846002925553103,0.4919875769152115,global_lstm_seed_ensemble_seed=4,20265612,4,20265612
57007,global_lstm,global LSTM,14.822724161533197,0.8759689518429232,0.48340525453383765,0.4910508822643791,6.905865120664399,45.83444205744778,0.8219738572174499,0.15938519044257948,0.7831881071584846,global_lstm_seed_ensemble_seed=4,20265612,4,20265612
57008,global_lstm,global LSTM,14.921286789869953,0.8828362096120443,0.5475476309560916,0.5226246030849104,9.28654442226982,52.37227122224644,0.7512472677834324,0.16081915351248743,0.7970344148965359,global_lstm_seed_ensemble_seed=4,20265612,4,20265612
57009,global_lstm,global LSTM,14.321697467488022,0.8201562177911039,0.48504727868484376,0.45766705141165953,7.36998142932687,48.08519503876192,0.8145449883938368,0.15006329196138757,0.8941060527715802,global_lstm_seed_ensemble_seed=4,20265612,4,20265612
58001,global_lstm,global LSTM,15.597535934291582,0.8529981026058246,0.5085130879026172,0.5322414826778195,5.503612858501508,60.67423189772855,1.0423564104531053,0.22086637282739546,0.6503587529182038,global_lstm_seed_ensemble_seed=4,20265612,4,20265612
58002,global_lstm,global LSTM,14.042436687200547,0.8124281948657665,0.38023024333462985,0.30571637266957086,4.0702171887003855,49.40041348950159,1.0841130000533479,0.2207101856905303,0.8069114894657561,global_lstm_seed_ensemble_seed=4,20265612,4,20265612
58006,global_lstm,global LSTM,15.290896646132786,0.8512760992811321,0.47268785194661733,0.4000955618062124,4.496601722645278,43.177350396686236,0.9823715655607699,0.3487970108038838,0.79086802153449,global_lstm_seed_ensemble_seed=4,20265612,4,20265612
58008,global_lstm,global LSTM,15.159479808350445,0.7645201756418536,0.40595223294180127,0.3211587011172413,3.324390832620588,60.881881720578725,1.262775991000851,0.20065053074951322,0.9515734999082573,global_lstm_seed_ensemble_seed=4,20265612,4,20265612
58009,global_lstm,global LSTM,15.268993839835728,0.7782063193697222,0.5272515587315807,0.5933330419421643,7.3078222916506235,48.237964974016045,0.8196010000083988,0.37924766090260764,1.1362348137601144,global_lstm_seed_ensemble_seed=4,20265612,4,20265612
58010,global_lstm,global LSTM,11.16769336071184,0.6356325624566834,0.3278536771315582,0.19933256393918386,1.75873034202255,77.79034078352947,1.645726417847851,,1.019510651627659,global_lstm_seed_ensemble_seed=4,20265612,4,20265612
58012,global_lstm,global LSTM,13.401779603011637,0.828442947067189,0.39643240629925025,0.41595221836591245,4.829533205536343,55.212055565732484,1.0581287599764515,0.23310103154268585,0.647184838745314,global_lstm_seed_ensemble_seed=4,20265612,4,20265612
59001,global_lstm,global LSTM,15.496235455167694,0.7427592026204926,0.40459829599362984,0.3037704662141508,3.211161507134671,49.927954929355046,1.1916816283337324,0.13714947374103742,0.9178962808551818,global_lstm_seed_ensemble_seed=4,20265612,4,20265612
60002,global_lstm,global LSTM,15.594798083504449,0.7858953799890783,0.36542196543349503,0.2977182807640446,6.1874103053441445,64.73506903296774,1.0196306991489898,0.39896456258130875,0.5306722818110923,global_lstm_seed_ensemble_seed=4,20265612,4,20265612
60003,global_lstm,global LSTM,15.597535934291582,0.7715376057032288,0.4847097047520945,0.47139441413265093,8.3742031171687,63.38266867537755,0.8790270303120267,0.1510759464526692,0.7573656022010468,global_lstm_seed_ensemble_seed=4,20265612,4,20265612
60005,global_lstm,global LSTM,15.545516769336071,0.7599899021437919,0.45523359539242236,0.39422444926356615,5.387984289607073,51.929072316975464,0.983984243514887,0.21042859487385912,0.6930160281670291,global_lstm_seed_ensemble_seed=4,20265612,4,20265612
60006,global_lstm,global LSTM,15.597535934291582,0.8254249394541122,0.3673503378281584,0.40155290493457585,9.354861673503505,62.89812811141899,0.8276003506062148,0.2577098965242368,0.44691015866249484,global_lstm_seed_ensemble_seed=4,20265612,4,20265612
60010,global_lstm,global LSTM,15.589322381930184,0.8176678454796893,0.39933037051581344,0.3947120633579314,7.169819512457054,65.24502894495062,0.9590392049237639,0.6760260050449898,0.23438534991467153,global_lstm_seed_ensemble_seed=4,20265612,4,20265612
60012,global_lstm,global LSTM,12.958247775496236,0.7528788700226225,0.3998825781161346,0.3264694813235548,3.9890575789505602,74.8787518741495,1.2734882916395287,0.06874554266402388,1.059395651120432,global_lstm_seed_ensemble_seed=4,20265612,4,20265612
6007,global_lstm,global LSTM,15.019849418206707,0.5817663376897031,0.15040398635081031,0.5329579224958044,12.663549555642428,71.06130185235757,0.749077705348825,1.8088515587152831,0.7310860739338536,global_lstm_seed_ensemble_seed=4,20265612,4,20265612
6008,global_lstm,global LSTM,12.848733744010952,0.7347600618778652,0.4733674346458048,0.4420399968252712,4.380087201644058,78.46007529702639,1.2531659637709127,1.1199314948932866,0.34410198435159334,global_lstm_seed_ensemble_seed=4,20265612,4,20265612
61001,global_lstm,global LSTM,10.275154004106776,0.7883577463386698,0.8271599190677279,0.7454677973727926,12.324802398572965,10.376838694651026,0.07471489924875958,1.2432123553572916,1.1292134618149563,global_lstm_seed_ensemble_seed=4,20265612,4,20265612
61002,global_lstm,global LSTM,15.572895277207392,0.8260216518856113,0.5160377759933085,0.5068943999273976,7.87593407443847,63.80355492275419,0.9085428046290955,0.31256794491191053,0.9272234619447757,global_lstm_seed_ensemble_seed=4,20265612,4,20265612
62001,global_lstm,global LSTM,15.597535934291582,0.7826343030974443,0.4222627372772354,0.4264342342273042,8.867743770350062,66.95821500349345,0.8779907316877906,1.010378932325038,0.23325842686002685,global_lstm_seed_ensemble_seed=4,20265612,4,20265612
63001,global_lstm,global LSTM,15.572895277207392,0.774778838352829,0.4695513841477694,0.3779429035490801,4.167606330099104,66.34885039019885,1.2019467133540294,0.44449379191448257,0.5303545623051198,global_lstm_seed_ensemble_seed=4,20265612,4,20265612
63004,global_lstm,global LSTM,11.50444900752909,0.5672679302149033,0.3784221379804765,0.260828641268648,2.4294362791431916,84.05796666899157,1.5390733677878428,0.22037511053949832,0.7462765530670419,global_lstm_seed_ensemble_seed=4,20265612,4,20265612
64001,global_lstm,global LSTM,14.395619438740589,0.7927457456644754,0.4841004249473866,0.42188739282155285,4.673914293734241,64.49255606509374,1.139828845478249,0.47303351765590257,0.30162723205300634,global_lstm_seed_ensemble_seed=4,20265612,4,20265612
64002,global_lstm,global LSTM,15.523613963039015,0.7465511689455067,0.4658591137914099,0.494566347762175,4.757370343549268,65.6430359874795,1.1398216980033538,0.6117431833531739,0.2081222196414737,global_lstm_seed_ensemble_seed=4,20265612,4,20265612
64006,global_lstm,global LSTM,12.974674880219029,0.814110451417146,0.8294079556151726,0.7184280717141854,4.572203021264263,4.822429652150253,0.023140394738254216,0.1457169286323352,0.1826528444438581,global_lstm_seed_ensemble_seed=4,20265612,4,20265612
65001,global_lstm,global LSTM,15.597535934291582,0.711249746117694,0.41729715130274236,0.3697133086912493,3.571088033111136,63.9238249043668,1.2528621968572602,0.2804675244900519,0.5181410090627725,global_lstm_seed_ensemble_seed=4,20265612,4,20265612
65004,global_lstm,global LSTM,14.124572210814511,0.8115392141778764,0.4018734710462034,0.48915580104301903,6.028863691743858,74.62941959930515,1.092674599188931,1.1598634665126581,0.12251896827662057,global_lstm_seed_ensemble_seed=4,20265612,4,20265612
65005,global_lstm,global LSTM,14.921286789869953,0.7169095179341515,0.447911549735479,0.46082704205594793,5.468226997118626,66.15659592845861,1.0827266158936841,0.2916945082495322,1.1990656008807101,global_lstm_seed_ensemble_seed=4,20265612,4,20265612
65006,global_lstm,global LSTM,13.560574948665298,0.7166108119069331,0.38335728104052047,0.4134685432011618,6.869620994451691,75.12165559716462,1.0388323735746743,1.0055147137747769,0.02832241084296594,global_lstm_seed_ensemble_seed=4,20265612,4,20265612
65007,global_lstm,global LSTM,14.223134839151266,0.816237730873403,0.41407945103694,0.3880298534867803,4.2081016719654665,76.93269726656271,1.2620247348406022,0.14584532184802523,0.6290621280464386,global_lstm_seed_ensemble_seed=4,20265612,4,20265612
65008,global_lstm,global LSTM,15.151266255989048,0.5719234162518557,0.31297303144258004,0.1835887021715339,2.978471209301849,57.55815732481401,1.2861134754719599,0.10290409077604334,0.7651288550987662,global_lstm_seed_ensemble_seed=4,20265612,4,20265612
66001,global_lstm,global LSTM,15.597535934291582,0.8238808020535695,0.48149716373856,0.4690123607349599,16.449964273291613,40.314639409888244,0.3892978205823699,0.957586686474734,0.39718743485859653,global_lstm_seed_ensemble_seed=4,20265612,4,20265612
66004,global_lstm,global LSTM,15.189596167008897,0.3399219130383607,-0.05896171068724443,0.5163785586275293,38.28067635415983,37.812312200113695,0.005346367393728519,0.5000284556690335,0.502193167573139,global_lstm_seed_ensemble_seed=4,20265612,4,20265612
66006,global_lstm,global LSTM,14.590006844626968,0.8541990933064982,0.4779235579088197,0.38718990202002934,7.8737818723586495,36.80628828517835,0.6697386440622031,0.12279183285301998,0.8958170848735663,global_lstm_seed_ensemble_seed=4,20265612,4,20265612
66011,global_lstm,global LSTM,15.597535934291582,0.7455767784467608,0.4664663467545591,0.3639352131631378,3.4630492638915906,56.91777535929659,1.2157892475867969,0.10961241791217491,0.8177125831643874,global_lstm_seed_ensemble_seed=4,20265612,4,20265612
67001,global_lstm,global LSTM,15.496235455167694,0.549630012324697,0.30914894710620855,0.5440024946010682,7.19249908145706,43.79271292470334,0.7845220351335565,1.4652354817164106,0.6534082242857994,global_lstm_seed_ensemble_seed=4,20265612,4,20265612
67005,global_lstm,global LSTM,13.713894592744696,0.7745371215192124,0.4256458905320878,0.42511570056143577,10.585934431331015,68.6934027870642,0.8121858303931786,0.6075697841281844,0.35405328607710695,global_lstm_seed_ensemble_seed=4,20265612,4,20265612
67006,global_lstm,global LSTM,15.597535934291582,0.874298646494473,0.5472829495807194,0.5420178414297312,6.489633376671902,36.7861520637688,0.753464199171658,0.09447507679299538,0.7292230117502132,global_lstm_seed_ensemble_seed=4,20265612,4,20265612
67008,global_lstm,global LSTM,15.597535934291582,0.7523748309836807,0.4791780161899498,0.7273775237834832,15.974205905753458,36.39321675221401,0.357601165903903,0.4813654859818849,0.3314117694049452,global_lstm_seed_ensemble_seed=4,20265612,4,20265612
67010,global_lstm,global LSTM,13.801505817932922,0.6788279027652624,0.4206790391812868,0.3320587591852938,2.759336201043765,47.48549677523325,1.2357563670906537,0.09315856370044256,0.805043954543194,global_lstm_seed_ensemble_seed=4,20265612,4,20265612
67015,global_lstm,global LSTM,15.597535934291582,0.7861559184179345,0.4409828658469802,0.5622905699230207,8.36366044509171,61.79327585830682,0.8685448265066142,1.0227362290959503,0.303113306663531,global_lstm_seed_ensemble_seed=4,20265612,4,20265612
67018,global_lstm,global LSTM,15.597535934291582,0.6996355724641472,0.46858429831344794,0.35518778961042485,3.072039321821883,44.74553512649646,1.1633229359939898,0.10228166670919009,0.8425669109705471,global_lstm_seed_ensemble_seed=4,20265612,4,20265612
67025,global_lstm,global LSTM,13.500342231348391,0.8185993041626229,0.6973707080305439,0.7104560084968354,15.527322703999094,25.64594782511754,0.21792217535991312,0.3319726801269297,0.8830733715759997,global_lstm_seed_ensemble_seed=4,20265612,4,20265612
68001,global_lstm,global LSTM,15.523613963039015,0.7406180126053815,0.3665648913192535,0.36841977478384025,21.36445302642881,43.3057086234257,0.3068533710056073,0.725352681615727,0.15336928745895273,global_lstm_seed_ensemble_seed=4,20265612,4,20265612
68003,global_lstm,global LSTM,15.512662559890487,0.739293823815693,0.28388728482286796,0.28810014459556477,14.198916979016431,44.00267621967842,0.49122387097414016,0.2392050984810138,0.7641523348747019,global_lstm_seed_ensemble_seed=4,20265612,4,20265612
68004,global_lstm,global LSTM,15.58384668035592,0.6628727260946399,0.3086459218056741,0.27636552428711836,18.49958259788992,44.31168488519814,0.3793563341199002,0.4729290272626516,0.6108136202001613,global_lstm_seed_ensemble_seed=4,20265612,4,20265612
68005,global_lstm,global LSTM,15.247091033538672,0.7991221419395582,0.3282019347264966,0.26474910555460673,26.61473248447287,44.2918788376571,0.22120199795382894,0.4081143692963808,0.7148287273175241,global_lstm_seed_ensemble_seed=4,20265612,4,20265612
68020,global_lstm,global LSTM,12.922655715263518,0.6388606948213915,0.2966371125235936,0.28568854804736343,15.105649744067998,49.8310612771078,0.5183607262006412,0.6249340474220705,0.7084215503141019,global_lstm_seed_ensemble_seed=4,20265612,4,20265612
69002,global_lstm,global LSTM,15.290896646132786,0.715452862341468,0.43499719063882103,0.4034853603251837,3.994613507970682,60.33038904570958,1.1790613596513957,0.12676416726825374,1.1705701719306099,global_lstm_seed_ensemble_seed=4,20265612,4,20265612
69007,global_lstm,global LSTM,13.900068446269678,0.8691846989358479,0.4225020903862321,0.5096680371829214,10.015913107521408,49.91959665106079,0.6975805194154484,0.17955688292109517,0.9270511461529993,global_lstm_seed_ensemble_seed=4,20265612,4,20265612
69012,global_lstm,global LSTM,14.017796030116358,0.7185042498845138,0.24204170849177498,0.3503141896251285,11.128619082624885,49.41027682116183,0.6473760096695741,0.15246712906969695,1.0552539003111974,global_lstm_seed_ensemble_seed=4,20265612,4,20265612
69015,global_lstm,global LSTM,15.107460643394935,0.7950100506741503,0.541196044741018,0.5981659367043466,5.649655694786627,43.66413564410967,0.8881028859262827,0.2386463070969309,0.7429821332519146,global_lstm_seed_ensemble_seed=4,20265612,4,20265612
69017,global_lstm,global LSTM,14.072553045859001,0.8316236290213147,0.4652146420342129,0.4657752919132838,6.933226590272976,45.36500812654467,0.8157855990585852,0.21280836120107893,0.741296529812913,global_lstm_seed_ensemble_seed=4,20265612,4,20265612
69023,global_lstm,global LSTM,14.023271731690622,0.8414035620203243,0.45810165444432505,0.4847275992458855,4.442369430421134,43.10144989397635,0.9868772077472564,0.1359678570192715,0.9540925845413688,global_lstm_seed_ensemble_seed=4,20265612,4,20265612
69027,global_lstm,global LSTM,14.817248459958932,0.7525274993014253,0.4443307010861771,0.4359683892317249,4.296086696446323,43.36306967794272,1.0040469814016297,0.21914078669729875,1.0114675728438491,global_lstm_seed_ensemble_seed=4,20265612,4,20265612
69030,global_lstm,global LSTM,13.689253935660506,0.6507216971468248,0.2862631671801129,0.2907545764576748,11.150519558299418,53.9022088171625,0.6843114583701557,0.1811769141706645,1.176551732927292,global_lstm_seed_ensemble_seed=4,20265612,4,20265612
69032,global_lstm,global LSTM,13.322381930184806,0.6682120230165858,0.2144902338622935,0.34616851911695146,10.447928266333353,52.62867429697259,0.7021922482361223,0.17244870591380468,1.2423700215255558,global_lstm_seed_ensemble_seed=4,20265612,4,20265612
69043,global_lstm,global LSTM,8.219028062970569,0.3648199138702204,-0.1583843398873026,0.219673093820702,2.928557381475471,57.762303568551495,1.2949907667172724,0.3413679431811184,1.1424783900721946,global_lstm_seed_ensemble_seed=4,20265612,4,20265612
70002,global_lstm,global LSTM,13.555099247091034,0.6366888007355418,0.5617523357745943,0.44340458795102,9.505311708336315,18.833302108318154,0.2969601097703486,0.19206074656800842,0.9537380832014801,global_lstm_seed_ensemble_seed=4,20265612,4,20265612
7001,global_lstm,global LSTM,15.597535934291582,0.4519020184067277,0.3035248315371464,0.2494453345958194,2.4002247947226305,86.35192826454058,1.556020122170029,0.5811966628911314,0.9259360513046647,global_lstm_seed_ensemble_seed=4,20265612,4,20265612
7002,global_lstm,global LSTM,15.597535934291582,0.5711508246951102,0.35921006041206816,0.3271619287850863,2.7933775334397506,90.16288489830318,1.5088981632879255,0.8160738442274945,0.6839391760762802,global_lstm_seed_ensemble_seed=4,20265612,4,20265612
7003,global_lstm,global LSTM,15.597535934291582,0.7730785045741856,0.5000033282474691,0.6358549617976503,7.9311421453442525,45.04500009422926,0.7543108586030652,0.7433786093208568,0.12423620144037495,global_lstm_seed_ensemble_seed=4,20265612,4,20265612
7005,global_lstm,global LSTM,12.761122518822724,0.612183857463396,0.354490626694856,0.31233697548676653,5.555951432673113,61.13834699585528,1.041555251782887,0.9279854116898114,0.22649218467576748,global_lstm_seed_ensemble_seed=4,20265612,4,20265612
7006,global_lstm,global LSTM,8.542094455852157,0.7302558908185421,0.616270188565284,0.6186634479159083,3.1172955215726095,5.663059275702426,0.2592731318279625,0.3071515469893411,0.08363232840018242,global_lstm_seed_ensemble_seed=4,20265612,4,20265612
71001,global_lstm,global LSTM,15.597535934291582,0.7443731274910002,0.4802947535417649,0.42014803250974064,4.291129867955264,40.99057025493994,0.9801123018598207,0.13727472336547697,0.9807471158792589,global_lstm_seed_ensemble_seed=4,20265612,4,20265612
71004,global_lstm,global LSTM,14.822724161533197,0.7080159612640137,0.4153878447435667,0.34229369837423385,7.009553194139876,40.84292069880157,0.7654264552837273,0.1050012714995886,1.0627174516160829,global_lstm_seed_ensemble_seed=4,20265612,4,20265612
71006,global_lstm,global LSTM,15.597535934291582,0.7214923154241857,0.5061013501876833,0.4179249167450445,4.199661805250724,57.21434662451782,1.1342906242682542,0.2999717929504945,0.8784328237540429,global_lstm_seed_ensemble_seed=4,20265612,4,20265612
71008,global_lstm,global LSTM,14.012320328542094,0.7718881413762498,0.4782115275742329,0.4692430432294933,3.8479787056112214,47.5419093095517,1.0918439592271467,0.050451619141842485,0.9530385011447047,global_lstm_seed_ensemble_seed=4,20265612,4,20265612
71014,global_lstm,global LSTM,13.245722108145106,0.642377211487277,0.5546963328540466,0.43186560861278456,3.9435298527417983,13.850567696039189,0.5455824414736257,0.3601903425187066,1.2754462664242614,global_lstm_seed_ensemble_seed=4,20265612,4,20265612
72002,global_lstm,global LSTM,15.597535934291582,0.7471050506125505,0.4787134862423934,0.3660317395244519,4.5452453313991406,61.003726891994575,1.127799038706568,0.23405544988203486,0.8748740984132998,global_lstm_seed_ensemble_seed=4,20265612,4,20265612
72004,global_lstm,global LSTM,14.99794661190965,0.7542540541899623,0.512894462722086,0.41761575075928703,3.8468986817473394,58.984244659847356,1.185625274138767,0.11854346433354718,0.8476739571211382,global_lstm_seed_ensemble_seed=4,20265612,4,20265612
72005,global_lstm,global LSTM,15.449691991786448,0.7285843090071196,0.5131667215471122,0.36342773113368554,3.420133059310707,32.15699607800893,0.9732324701845696,0.14117623435984583,0.8282164350395029,global_lstm_seed_ensemble_seed=4,20265612,4,20265612
72007,global_lstm,global LSTM,13.240246406570842,0.7376631005765767,0.490568329718965,0.5110678408716112,4.302370205887406,69.78776918528187,1.2100715386414878,0.04962421389634314,1.114046561626188,global_lstm_seed_ensemble_seed=4,20265612,4,20265612
72009,global_lstm,global LSTM,14.017796030116358,0.6575679731377777,0.46000608674444976,0.35302937428801184,4.114038893861416,60.648412972598734,1.1685510477079666,0.12197478459684902,0.9619558930938376,global_lstm_seed_ensemble_seed=4,20265612,4,20265612
72014,global_lstm,global LSTM,13.514031485284052,0.7630796502222903,0.3825195057036027,0.32895045647207777,4.453119190849535,68.73763899517617,1.1885302914003941,0.17687521234472764,0.831079808234098,global_lstm_seed_ensemble_seed=4,20265612,4,20265612
72015,global_lstm,global LSTM,12.826830937713895,0.7271248178701266,0.4709527087936026,0.3271268846459555,3.660235404497401,58.707318101072666,1.2051832236374271,0.3583905023648351,0.8366661155183359,global_lstm_seed_ensemble_seed=4,20265612,4,20265612
73005,global_lstm,global LSTM,15.496235455167694,0.8336908183773921,0.6044549111957418,0.5006978969639876,3.991638512633244,31.34786875464792,0.8950568156327451,0.12808386030649643,0.77416788547289,global_lstm_seed_ensemble_seed=4,20265612,4,20265612
73009,global_lstm,global LSTM,13.99315537303217,0.7835593015783996,0.5168325615504378,0.39872014191198124,3.1773663704936452,57.23671005034992,1.255607368060539,0.12648836474165714,0.8183958128908947,global_lstm_seed_ensemble_seed=4,20265612,4,20265612
73010,global_lstm,global LSTM,15.597535934291582,0.5032065574823675,0.19447428410543688,0.5018529855179383,7.6541166322029826,57.83561755951422,0.8783003016214518,2.3340216103168276,1.3587023576145905,global_lstm_seed_ensemble_seed=4,20265612,4,20265612
73011,global_lstm,global LSTM,14.874743326488707,0.8100722357152279,0.5856838782400924,0.47992867951701235,3.6720209346782524,56.23881564094117,1.185131017594339,0.16660684443041263,0.7809092115253283,global_lstm_seed_ensemble_seed=4,20265612,4,20265612
73014,global_lstm,global LSTM,12.895277207392198,0.689048725484398,0.42503517101768185,0.33928044652827627,2.8323508293563098,64.07039515346,1.354510356237116,0.5146285837796543,0.5751478245836432,global_lstm_seed_ensemble_seed=4,20265612,4,20265612
73015,global_lstm,global LSTM,10.376454483230663,0.7756899556862322,0.4267499772047998,0.3751048033352451,4.9671102026451806,44.518932002665856,0.9524409416146358,0.15691834568084373,0.7179642417018146,global_lstm_seed_ensemble_seed=4,20265612,4,20265612
74001,global_lstm,global LSTM,15.597535934291582,0.7583463710338365,0.46461879077150303,0.3947970151383905,2.5728787958584762,70.0831342451438,1.435194188248419,0.14436694003351747,0.8300798450723683,global_lstm_seed_ensemble_seed=4,20265612,4,20265612
74005,global_lstm,global LSTM,14.617385352498289,0.8287661955683525,0.5186012034492876,0.5470948227326171,4.093589756668021,73.10120158737348,1.251820198414659,0.8993234195758897,0.1400189823850757,global_lstm_seed_ensemble_seed=4,20265612,4,20265612
74006,global_lstm,global LSTM,15.099247091033538,0.7510233047744321,0.46522734384636666,0.42785531271148414,2.73695609152362,73.31863061396976,1.427946514804567,0.22294955515704062,0.893109977377805,global_lstm_seed_ensemble_seed=4,20265612,4,20265612
74007,global_lstm,global LSTM,14.023271731690622,0.6945128184467328,0.40278082271756654,0.3361059940159964,2.7857500699089317,75.94311309414695,1.435546245873584,0.3206643581563783,0.7809958190876045,global_lstm_seed_ensemble_seed=4,20265612,4,20265612
75003,global_lstm,global LSTM,15.592060232717317,0.4756743931292581,0.2582817053314407,0.5856316928351558,7.929178344520942,54.40072361996563,0.8363764903827532,2.372031296618976,1.382294759436248,global_lstm_seed_ensemble_seed=4,20265612,4,20265612
75004,global_lstm,global LSTM,15.597535934291582,0.7985502083710239,0.5484957874688654,0.6014519013551989,4.557483260257819,37.16632621046727,0.9114245522412566,0.775662431368528,0.17771549547123788,global_lstm_seed_ensemble_seed=4,20265612,4,20265612
75017,global_lstm,global LSTM,13.908281998631075,0.799154550790329,0.5396587475757127,0.45995090324378585,5.1360584760921375,38.19639495812472,0.871392415674585,0.0903521035560525,0.93398495823711,global_lstm_seed_ensemble_seed=4,20265612,4,20265612
76003,global_lstm,global LSTM,13.538672142368242,0.7932015646524351,0.8272399707781585,0.8644721895662177,7.616197712118212,5.460028327308507,0.1445433136735008,0.36292392292382947,0.35767600418263235,global_lstm_seed_ensemble_seed=4,20265612,4,20265612
76005,global_lstm,global LSTM,15.553730321697467,0.7483801177929608,0.5096275320892987,0.3831802454727343,4.404584941886804,35.70319079751282,0.9088020410658223,0.07076654865461296,0.8671278920793993,global_lstm_seed_ensemble_seed=4,20265612,4,20265612
76007,global_lstm,global LSTM,15.592060232717317,0.8702778393590183,0.571593919525347,0.5953150301332939,6.175257984020211,64.01315772764201,1.015614145339849,0.524051444610965,0.5311992053325703,global_lstm_seed_ensemble_seed=4,20265612,4,20265612
76008,global_lstm,global LSTM,15.564681724845997,0.5750596995414976,0.39297250373480375,0.26983728641869187,3.0661040898730363,73.29192385332628,1.3784692272706605,0.5099610248960592,1.1412597434728093,global_lstm_seed_ensemble_seed=4,20265612,4,20265612
76011,global_lstm,global LSTM,15.197809719370294,0.44141355762702583,0.5218007379267944,0.47230861811577096,2.0431537631943386,64.6777826382589,1.5004540705861686,0.35664830207715637,0.8745769510292697,global_lstm_seed_ensemble_seed=4,20265612,4,20265612
76014,global_lstm,global LSTM,14.562628336755647,0.6222698913270088,0.42236943716048814,0.2706314446362216,3.6049146463837114,64.7792262115608,1.2545407696732107,0.3140778988964362,0.8951810715234783,global_lstm_seed_ensemble_seed=4,20265612,4,20265612
77002,global_lstm,global LSTM,15.597535934291582,0.7756825812778617,0.5610968324585233,0.5021166134513704,4.98484304138297,77.3092921107652,1.1905802084763861,0.2136124483624302,0.7296283362932175,global_lstm_seed_ensemble_seed=4,20265612,4,20265612
77003,global_lstm,global LSTM,14.699520876112253,0.6197819463035252,0.44686424125304536,0.3424637671524938,3.53805911301979,77.51961392309815,1.3406465163783448,0.1429529201630989,1.0116965953453194,global_lstm_seed_ensemble_seed=4,20265612,4,20265612
77004,global_lstm,global LSTM,12.974674880219029,0.663745149345704,0.42819410516294343,0.3705337743820133,3.7568487213609423,95.30473723038496,1.4042907807828688,0.35542203474627876,1.1159576902518367,global_lstm_seed_ensemble_seed=4,20265612,4,20265612
78003,global_lstm,global LSTM,15.597535934291582,0.7914651142181341,0.5249518192151506,0.4763626388819544,6.2685010790913225,85.65621379667695,1.1355951687004449,0.5130443307388599,0.5151697252492922,global_lstm_seed_ensemble_seed=4,20265612,4,20265612
78004,global_lstm,global LSTM,15.597535934291582,0.6738776832015245,0.385866586839562,0.2649207183088851,4.134028708530746,83.21150724273967,1.3038099003924943,0.08392278089460636,0.9973884929166241,global_lstm_seed_ensemble_seed=4,20265612,4,20265612
78006,global_lstm,global LSTM,11.649555099247092,0.825519704172346,0.4490668956446391,0.4280689686785968,5.811641278277314,112.64170951838334,1.2874004331990003,0.507571406214362,0.7936272247689427,global_lstm_seed_ensemble_seed=4,20265612,4,20265612
79002,global_lstm,global LSTM,15.597535934291582,0.8078274857900527,0.5395781104153791,0.49921498423244604,5.333603224649692,79.29280567359949,1.1722130803848052,0.32489101401049125,0.6665095791450804,global_lstm_seed_ensemble_seed=4,20265612,4,20265612
79003,global_lstm,global LSTM,15.597535934291582,0.6982533553275968,0.5276736901897073,0.45608181041186924,4.827896624166142,84.06267580899934,1.2408452476391383,0.6682160952411172,0.5228836521696385,global_lstm_seed_ensemble_seed=4,20265612,4,20265612
79004,global_lstm,global LSTM,15.597535934291582,0.7638700230622357,0.5531427810627043,0.48082173388515814,4.15784480939005,71.47946868188988,1.2353130403111572,0.118881236830017,0.7997870892712339,global_lstm_seed_ensemble_seed=4,20265612,4,20265612
79005,global_lstm,global LSTM,15.597535934291582,0.7758108589115811,0.5361871649647243,0.5006507138180373,5.089061964294954,75.50787565605008,1.1713545131034653,0.17565505047383773,0.7040472294822422,global_lstm_seed_ensemble_seed=4,20265612,4,20265612
79006,global_lstm,global LSTM,15.597535934291582,0.755260365720702,0.5448344484403106,0.47220092632224986,4.650066174624623,81.72289357998568,1.2448846020552518,0.4081346000697709,0.7124859677675742,global_lstm_seed_ensemble_seed=4,20265612,4,20265612
80001,global_lstm,global LSTM,15.597535934291582,0.7861706341813215,0.5632061153663572,0.5311332294405552,4.6871221351110695,74.76614172101092,1.202798699283817,0.05661215926503743,0.7923987564591441,global_lstm_seed_ensemble_seed=4,20265612,4,20265612
80002,global_lstm,global LSTM,13.47296372347707,0.6903653265857416,0.39621124897492455,0.4956961104822336,7.783636852345459,86.6398133256179,1.0465349422781804,1.0151453137355615,0.23761709298038092,global_lstm_seed_ensemble_seed=4,20265612,4,20265612
80003,global_lstm,global LSTM,12.774811772758385,0.658787086785832,0.3854637902373509,0.34349929378844957,2.646656573959259,94.79520617466049,1.5540887838952275,0.30523819750961023,0.8866442875434335,global_lstm_seed_ensemble_seed=4,20265612,4,20265612
80004,global_lstm,global LSTM,11.698836413415469,0.5696903811156315,0.4184370835313559,0.4357754473946075,1.584870609709879,105.12009223262892,1.8216919214657057,,0.9714724311538435,global_lstm_seed_ensemble_seed=4,20265612,4,20265612
80005,global_lstm,global LSTM,11.175906913073238,0.5497498533919207,0.26937725628709774,0.2068736440402923,2.2977408078200745,105.35594104861428,1.6613579932408273,,0.9038224755357365,global_lstm_seed_ensemble_seed=4,20265612,4,20265612
80006,global_lstm,global LSTM,11.819301848049282,0.5937574247043156,0.15330445771745105,0.4313011547791711,7.325073490357084,102.59182443593417,1.1463007669363992,1.882199963323404,0.6494281463394111,global_lstm_seed_ensemble_seed=4,20265612,4,20265612
8004,global_lstm,global LSTM,15.597535934291582,0.5887634891244962,0.3025551535405313,0.36692562929141437,3.2979479410411576,98.48126686943074,1.4751098308394952,0.7169149571554677,0.7876313213401792,global_lstm_seed_ensemble_seed=4,20265612,4,20265612
8005,global_lstm,global LSTM,15.597535934291582,0.5921170747008209,0.2610302634327336,0.640854588387352,6.56821982321497,85.04423086889804,1.112197178594186,1.7534425508261853,0.2926603181470241,global_lstm_seed_ensemble_seed=4,20265612,4,20265612
8006,global_lstm,global LSTM,15.597535934291582,0.7256081934688824,0.36383861398239337,0.6185901510020265,5.6912818664198275,103.52390573954274,1.2598305536433885,1.3038888304951899,0.21101108790487033,global_lstm_seed_ensemble_seed=4,20265612,4,20265612
8009,global_lstm,global LSTM,15.597535934291582,0.5847967561486802,0.3579851993469956,0.3448597092722202,3.1875649793091245,87.14123297605157,1.4367646538154697,0.6004309731744689,0.9661891881312147,global_lstm_seed_ensemble_seed=4,20265612,4,20265612
8011,global_lstm,global LSTM,13.075975359342916,0.6726525746718959,0.3037836839271929,0.37598511129529766,6.99675911922662,95.34100175122836,1.134382788256636,0.15565721968499102,1.031911000942588,global_lstm_seed_ensemble_seed=4,20265612,4,20265612
8013,global_lstm,global LSTM,8.6652977412731,0.5599226134447854,0.12002800162975069,0.2519234863237312,3.6807434512940334,113.69750876154302,1.4898154008469962,0.39091816675204616,0.9479191831017264,global_lstm_seed_ensemble_seed=4,20265612,4,20265612
81002,global_lstm,global LSTM,14.099931553730322,0.7412074120994159,0.49514460543526484,0.5216019104741476,3.906010629021637,95.07190031920268,1.3863187540216155,0.6125266466411946,0.6037789990724544,global_lstm_seed_ensemble_seed=4,20265612,4,20265612
81003,global_lstm,global LSTM,15.597535934291582,0.6149176845553486,0.4769928654811937,0.37918813487977965,2.229596213087028,91.0103882614706,1.6108647490571886,,0.9500580153323117,global_lstm_seed_ensemble_seed=4,20265612,4,20265612
81004,global_lstm,global LSTM,13.44832306639288,0.7353841637116457,0.4946137343025442,0.47576910238844217,4.094474279519477,96.68799277505391,1.3731743971250023,1.1896907597846245,0.3554892598472469,global_lstm_seed_ensemble_seed=4,20265612,4,20265612
81006,global_lstm,global LSTM,10.847364818617386,0.7209707621484795,0.3966791684863614,0.38211255230838626,3.161911467991627,114.42858876801583,1.5585848361502257,0.7880846767073577,0.78545264104746,global_lstm_seed_ensemble_seed=4,20265612,4,20265612
81007,global_lstm,global LSTM,10.324435318275153,0.6962482069366486,0.41105439815812095,0.39628625992876265,3.002346563230458,111.80867567949863,1.5710146817375217,,0.9306529363952984,global_lstm_seed_ensemble_seed=4,20265612,4,20265612
82001,global_lstm,global LSTM,15.597535934291582,0.792224374516732,0.5892983322387016,0.5772550069400388,4.768529055897828,84.29668214702193,1.2474260482136026,0.6068241168343306,0.6899282233078183,global_lstm_seed_ensemble_seed=4,20265612,4,20265612
82003,global_lstm,global LSTM,14.921286789869953,0.756552051790797,0.4973476320776872,0.4734650001832269,3.6285298999905184,98.65238273625995,1.4343768730375654,0.4705672593040381,0.8386714947730842,global_lstm_seed_ensemble_seed=4,20265612,4,20265612
83003,global_lstm,global LSTM,15.512662559890487,0.6404347238668462,0.43945313477857706,0.39356407341705124,3.230202649110713,86.95055669142457,1.4300425979048073,0.3430458951274432,1.099048105506922,global_lstm_seed_ensemble_seed=4,20265612,4,20265612
83004,global_lstm,global LSTM,15.186858316221766,0.6522265703964047,0.5149651656714237,0.4813315147058298,3.4728412611293358,87.6959036385404,1.4022943747678231,0.42301547442654774,1.0435156145839741,global_lstm_seed_ensemble_seed=4,20265612,4,20265612
83006,global_lstm,global LSTM,13.848049281314168,0.698759320568888,0.4423875470629388,0.3748067558686532,3.3268366289050553,93.79842719190711,1.4501640817319168,0.48132331074185186,1.0177457905498224,global_lstm_seed_ensemble_seed=4,20265612,4,20265612
83007,global_lstm,global LSTM,12.16974674880219,0.7052462424394971,0.6956308956860279,0.555610581788575,3.3099118714271105,7.64187200448113,0.36338332875802853,0.385286108911734,1.0135140040493849,global_lstm_seed_ensemble_seed=4,20265612,4,20265612
83009,global_lstm,global LSTM,13.42094455852156,0.5859256149004275,0.4703784048140487,0.46887935134695835,3.6872630626651524,98.54568790799745,1.4269335026342718,0.18190747051898004,1.052066047905654,global_lstm_seed_ensemble_seed=4,20265612,4,20265612
83010,global_lstm,global LSTM,13.724845995893224,0.6921091467517353,0.46487443224916336,0.4268835258613771,3.046844707913755,88.09094512991379,1.4610809499737856,0.39757668281837477,1.0235076035634076,global_lstm_seed_ensemble_seed=4,20265612,4,20265612
83013,global_lstm,global LSTM,12.084873374401095,0.5972528370560688,0.44722718459343413,0.3870515992774386,3.668280435124615,103.5335622160638,1.4506186272748687,0.5243986417214647,1.0363455029644097,global_lstm_seed_ensemble_seed=4,20265612,4,20265612
84001,global_lstm,global LSTM,15.586584531143053,0.8507916912940771,0.5718123528254694,0.5889063921191364,4.972622322891485,91.31062559727107,1.2639358430202283,0.7897751675666882,0.5024241951047139,global_lstm_seed_ensemble_seed=4,20265612,4,20265612
84004,global_lstm,global LSTM,15.597535934291582,0.8298824157301965,0.544923515447258,0.5442197053323495,5.989714551496332,92.04544083565503,1.1865961560908018,0.4790159217551482,0.6833565380581663,global_lstm_seed_ensemble_seed=4,20265612,4,20265612
84005,global_lstm,global LSTM,15.455167693360712,0.8098850887924067,0.5108966894874956,0.45828804620854435,5.710310171997755,91.55742076731231,1.2050338509676901,0.9127942489019877,0.46263095945690913,global_lstm_seed_ensemble_seed=4,20265612,4,20265612
84008,global_lstm,global LSTM,15.520876112251882,0.6627503130138467,0.47441952255524256,0.35095441318368914,4.550581179691215,76.58883827012679,1.2260986156923486,0.21849228390669173,1.0252192277634,global_lstm_seed_ensemble_seed=4,20265612,4,20265612
84009,global_lstm,global LSTM,14.349075975359343,0.7563996422770352,0.435331542905145,0.38230388514534586,4.611333641372801,87.61330901670641,1.2787435376285181,0.12587245292918792,0.9935380902926847,global_lstm_seed_ensemble_seed=4,20265612,4,20265612
84012,global_lstm,global LSTM,15.597535934291582,0.789511923761751,0.611887838498484,0.6411027598476517,3.9923112998807673,77.13653396623806,1.286035722505191,0.4058515657831524,0.8160121557871124,global_lstm_seed_ensemble_seed=4,20265612,4,20265612
84013,global_lstm,global LSTM,15.594798083504449,0.8013706354997917,0.540303797057059,0.5216423050326835,5.665602224291429,91.27053349556316,1.2070845091643774,1.0910533091963939,0.3941756096491139,global_lstm_seed_ensemble_seed=4,20265612,4,20265612
84014,global_lstm,global LSTM,15.572895277207392,0.6805400797184609,0.4766862978083475,0.3983147905353124,3.4684196584095037,79.89027420128023,1.3623622726917282,0.46630361984805224,0.9236009148701945,global_lstm_seed_ensemble_seed=4,20265612,4,20265612
84016,global_lstm,global LSTM,15.597535934291582,0.6032012889606069,0.5507447071881739,0.5503999424320914,3.6891914490465814,91.28166900518976,1.3934523788340987,0.3011083330990151,0.998768713151399,global_lstm_seed_ensemble_seed=4,20265612,4,20265612
84017,global_lstm,global LSTM,15.597535934291582,0.7945924813883871,0.4908358893686682,0.5427606699117706,5.823148564431272,83.22813399336508,1.1551122874052262,1.4557799332840489,0.31556635911859565,global_lstm_seed_ensemble_seed=4,20265612,4,20265612
84018,global_lstm,global LSTM,15.597535934291582,0.7871562033467777,0.5333719866513582,0.5344529866282113,5.920884925435825,92.03489614137507,1.1915659060725172,0.5373751134266298,0.6661544797239275,global_lstm_seed_ensemble_seed=4,20265612,4,20265612
84019,global_lstm,global LSTM,15.550992470910336,0.7071930800212078,0.5309222235518896,0.5191346683054501,4.240891365602789,90.80557498824749,1.3306553650105295,0.2688522793032643,1.0406047460764523,global_lstm_seed_ensemble_seed=4,20265612,4,20265612
84020,global_lstm,global LSTM,15.41409993155373,0.6805618637261233,0.42572185254155903,0.3769303005154445,2.899066529333563,85.92947651022854,1.471883984149098,0.035852458217564775,1.0258417772817643,global_lstm_seed_ensemble_seed=4,20265612,4,20265612
84022,global_lstm,global LSTM,15.293634496919918,0.7111804156516451,0.4920570271463698,0.47415499170012876,4.187767075798831,93.0771328584117,1.3468604786858223,0.3542410220908754,0.9086938214438272,global_lstm_seed_ensemble_seed=4,20265612,4,20265612
84026,global_lstm,global LSTM,14.318959616700889,0.6436708281004715,0.5018252733870752,0.4558771893946645,4.312930066722387,80.28525920295462,1.2698633976335216,0.5096054040646785,0.593194858539587,global_lstm_seed_ensemble_seed=4,20265612,4,20265612
84030,global_lstm,global LSTM,12.41889117043121,0.7446800645407021,0.46895581762460337,0.40951835734626296,3.4306807307186102,95.62563083986862,1.445194009991317,0.5029321366465076,0.8880418306037463,global_lstm_seed_ensemble_seed=4,20265612,4,20265612
85001,global_lstm,global LSTM,15.564681724845997,0.15119540431367073,-0.4255822435379035,0.39559538141706396,19.694671681354887,79.97621759392213,0.6086121153713233,0.9161806674109296,0.6683124381750943,global_lstm_seed_ensemble_seed=4,20265612,4,20265612
85002,global_lstm,global LSTM,15.545516769336071,0.740758547012541,0.5023663679826478,0.38951370522868556,4.106777745927661,81.49453499481902,1.2976272860527627,0.22972426013730896,1.016645016180724,global_lstm_seed_ensemble_seed=4,20265612,4,20265612
85003,global_lstm,global LSTM,15.51813826146475,0.6654408036241791,0.4869448610795015,0.47287794604711486,2.489272004415013,65.38035126195507,1.4193748946879683,0.5437457192242197,1.031616364124131,global_lstm_seed_ensemble_seed=4,20265612,4,20265612
85004,global_lstm,global LSTM,13.388090349075975,0.6109828279740198,0.4750840946384438,0.5211892522863244,3.5518137142039192,90.60261985970268,1.4066905760966992,0.3157735620229457,0.8357778543729671,global_lstm_seed_ensemble_seed=4,20265612,4,20265612
88001,global_lstm,global LSTM,8.035592060232718,0.5993972640917913,0.27658346176610016,0.2983613957775705,1.712309266641499,134.56168973819783,1.8953392250840893,,0.9629499633597642,global_lstm_seed_ensemble_seed=4,20265612,4,20265612
89002,global_lstm,global LSTM,12.153319644079398,0.6248371101392783,0.4709262306790023,0.43727436285153676,2.129947968373767,76.43867428162133,1.554944151871544,0.6939011663355946,0.850757679077774,global_lstm_seed_ensemble_seed=4,20265612,4,20265612
89003,global_lstm,global LSTM,13.555099247091034,0.6171896937046186,0.47357491613395675,0.3581012931196861,2.8904977973387322,61.34336197199689,1.3267949313914817,0.9398794848819958,0.5350771970337119,global_lstm_seed_ensemble_seed=4,20265612,4,20265612
89005,global_lstm,global LSTM,13.114305270362765,0.4599096673264853,0.34835894026437475,0.20974388355744478,2.584756618758217,75.10545345090986,1.4632518164326374,0.4337637807926912,1.1361112228280277,global_lstm_seed_ensemble_seed=4,20265612,4,20265612
89007,global_lstm,global LSTM,12.177960301163587,0.6225956516055433,0.6148799271846405,0.7153852407681247,14.868536794413597,98.95489160720928,0.823169035507987,0.2173895062654307,1.0377794792753812,global_lstm_seed_ensemble_seed=4,20265612,4,20265612
90003,global_lstm,global LSTM,11.997262149212867,0.6949429308056765,0.4093480833000538,0.36019847563411633,2.75311134276741,78.60272950791762,1.4556138516197397,0.7894427429788289,0.9234758050516331,global_lstm_seed_ensemble_seed=4,20265612,4,20265612
9002,global_lstm,global LSTM,15.597535934291582,0.7811173532442311,0.4998307452710814,0.4798672333531028,7.638738020358284,40.643331607752124,0.7259676850077055,0.28153170397216876,0.48446499028675305,global_lstm_seed_ensemble_seed=4,20265612,4,20265612
9003,global_lstm,global LSTM,15.299110198494182,0.7267148644236161,0.4894920634713169,0.44124116347609965,6.413112815891082,36.818691477092756,0.7589994699244116,0.31074374812705474,0.3981024867561177,global_lstm_seed_ensemble_seed=4,20265612,4,20265612
9004,global_lstm,global LSTM,12.54757015742642,0.7254624072887925,0.3481977915703497,0.6280303969343886,12.860282086794061,41.837730775762935,0.5123176261045959,0.0902961818509529,0.6980639714774426,global_lstm_seed_ensemble_seed=4,20265612,4,20265612
9005,global_lstm,global LSTM,15.597535934291582,0.59561261054674,0.37344567187194877,0.3300667832735561,2.9263477678890917,70.24007123561017,1.3802590068287277,0.4607404268898978,0.7499762897368338,global_lstm_seed_ensemble_seed=4,20265612,4,20265612
92001,global_lstm,global LSTM,8.147843942505133,0.34861750225922616,-0.5380140873769039,0.32791331325398687,9.576661411266569,107.63164322889205,1.050725837823176,2.2379066293759395,0.9823613967330276,global_lstm_seed_ensemble_seed=4,20265612,4,20265612
93001,global_lstm,global LSTM,13.122518822724162,0.7238471824260471,0.4135262463856989,0.3309232865502818,2.79413052883643,84.58107913737712,1.4810265313633855,0.9236121276750896,0.6028501446276417,global_lstm_seed_ensemble_seed=4,20265612,4,20265612
94001,global_lstm,global LSTM,15.58384668035592,0.42861746458167094,0.0004558205569799023,0.47530004516047286,9.880838808382485,75.29743309907087,0.8819863568231798,2.1257243816532903,1.1363392249131623,global_lstm_seed_ensemble_seed=4,20265612,4,20265612
95001,global_lstm,global LSTM,13.54962354551677,0.5266270755174662,0.02364528467489524,0.516891071205176,10.437046456854429,94.12902110205307,0.9551459256700875,1.101723877242292,0.3854144550260734,global_lstm_seed_ensemble_seed=4,20265612,4,20265612
96001,global_lstm,global LSTM,14.023271731690622,0.5008567663381449,0.4272435020634413,0.35314490255986075,2.494163601888898,92.79502008524672,1.5705997329626207,,0.8681365861283641,global_lstm_seed_ensemble_seed=4,20265612,4,20265612
96002,global_lstm,global LSTM,13.59069130732375,0.7673202514753499,0.437483587415035,0.40910436277963,4.547529043647091,111.98474072035059,1.3913833673616185,1.3540612716183202,0.23433189058342452,global_lstm_seed_ensemble_seed=4,20265612,4,20265612
96004,global_lstm,global LSTM,10.447638603696099,0.6007123817986372,0.2974720617490394,0.252001584222172,2.138835714380336,112.0478662631546,1.7192261632851165,,0.8719089955672636,global_lstm_seed_ensemble_seed=4,20265612,4,20265612
97002,global_lstm,global LSTM,15.222450376454484,0.6859500440566424,0.48468687049374093,0.43090953745339444,3.2390374705136487,99.94879533746112,1.4893615918865697,0.9156750135953515,0.635497930585805,global_lstm_seed_ensemble_seed=4,20265612,4,20265612
