gauge_id,raw_residual_sq,raw_n_bins,de_residual_sq,de_n_bins,ar1_residual_de_reduction,archive
01013500,2.440579016080426,24,1.2354705793653822,18,0.49377972553842975,CAMELS-US
01022500,0.9716957484880177,24,0.9791787230853112,16,-0.007700944054697345,CAMELS-US
01030500,5.671285466217827,24,4.304154397698418,18,0.24106193854338764,CAMELS-US
01031500,0.04710187025697809,24,0.1633452669501046,14,-2.4679146721547682,CAMELS-US
01047000,0.0156186266986379,24,0.08178554303065518,14,-4.236410640238152,CAMELS-US
01052500,0.2837148646773305,24,0.8319316623015597,12,-1.9322808420620374,CAMELS-US
01054200,0.21420468876628973,24,0.0025424525284567004,10,0.9881307335376274,CAMELS-US
01055000,0.12502639088522202,24,0.0037100369734185666,12,0.9703259692041779,CAMELS-US
01057000,0.01628485317981339,24,0.09437367283362393,14,-4.795181067435658,CAMELS-US
01073000,0.030369345009502075,24,0.12390516372460982,14,-3.0799419179386947,CAMELS-US
01078000,0.9704072808518518,24,1.641026427648736,14,-0.6910697807297934,CAMELS-US
01118300,0.030657150267483016,24,0.015535862074044992,16,0.49323854505409315,CAMELS-US
01121000,0.070492809426569,24,0.02000687096326235,15,0.716185648919226,CAMELS-US
01123000,0.04840070070939002,24,0.02559135375206996,16,0.47126067645741565,CAMELS-US
01134500,0.2129608299492988,24,0.6876358224589095,12,-2.228930985208032,CAMELS-US
01137500,0.06254200660053207,24,0.027885404420602996,12,0.554133198848056,CAMELS-US
01139000,0.003933880696893628,24,0.03191876526700713,18,-7.1138112023101385,CAMELS-US
01139800,0.2973361444690477,24,0.5691741594918341,18,-0.9142447700336156,CAMELS-US
01142500,0.0995182056445937,24,0.18824015584370749,18,-0.8915147698297914,CAMELS-US
01144000,0.010259671488755081,24,0.02570460103163872,17,-1.5054019575394553,CAMELS-US
01162500,0.7895175246181473,24,0.9879470575855427,16,-0.2513301184332375,CAMELS-US
01169000,0.17537010109673057,24,0.08880020978205488,15,0.4936411097061836,CAMELS-US
01170100,0.16666420425262526,24,0.13737964234287664,16,0.17570996748263856,CAMELS-US
01181000,0.22504423035213442,24,0.05981968272321561,13,0.7341869967978574,CAMELS-US
01187300,0.16532654510304873,24,0.01927112878898921,13,0.8834359674244845,CAMELS-US
01195100,0.05137342819608035,24,0.019334083393806566,13,0.6236559623778095,CAMELS-US
01333000,0.03216764123090358,24,0.056778030582644,16,-0.7650666449269252,CAMELS-US
01350000,0.22740796966793128,24,0.055353521015346914,13,0.7565893530636768,CAMELS-US
01350080,0.17196761392492335,24,0.07237434458501998,14,0.5791396825647837,CAMELS-US
01350140,0.142999729589915,24,0.05344508527261248,14,0.6262574382072001,CAMELS-US
01365000,0.12939949212059212,24,0.1007122996388825,16,0.22169478420344169,CAMELS-US
01411300,0.6012301454698902,24,0.39313453592605735,18,0.3461163933840944,CAMELS-US
01413500,0.0834057233026344,24,0.04338637025486792,14,0.4798154306816311,CAMELS-US
01414500,0.10059959030437539,24,0.02320262358285621,13,0.7693566791608787,CAMELS-US
01415000,0.09939197036331987,24,0.05540151203494897,14,0.4425956962878097,CAMELS-US
01423000,0.031079786243581795,24,0.12375337194641685,14,-2.9817961094237844,CAMELS-US
01434025,0.26102617124516964,24,0.014036188043177548,11,0.9462268937393484,CAMELS-US
01435000,0.28729848397381097,24,0.0642672913984434,12,0.776304801509841,CAMELS-US
01439500,0.17207405769447606,24,0.0868400916269007,18,0.49533303979447885,CAMELS-US
01440000,0.03964751544136908,24,0.060109667050106674,18,-0.5161017375476431,CAMELS-US
01440400,0.029775527655905857,24,0.031617714250755415,16,-0.06186915026791029,CAMELS-US
01451800,0.006545951706622412,24,0.009186905952145585,16,-0.40344847684277463,CAMELS-US
01466500,0.03268552420069603,24,0.5414444738827122,17,-15.565268176766224,CAMELS-US
01484100,0.33714086295937373,24,0.8071071803511071,18,-1.3939761358692535,CAMELS-US
01485500,0.785138469054616,24,0.4978423290225391,18,0.365917798395498,CAMELS-US
01486000,0.14580279349175104,24,0.2491497790155046,19,-0.7088134805153823,CAMELS-US
01487000,0.053855226020145426,24,0.46532894629057303,18,-7.640367531212462,CAMELS-US
01491000,0.19885751156265893,24,0.1833438917463686,18,0.07801374810728279,CAMELS-US
01510000,0.031720831830700985,24,0.14654888461562157,14,-3.6199571750758546,CAMELS-US
01516500,0.2926570576873413,24,0.10740018502221485,13,0.6330169315890707,CAMELS-US
01518862,0.13455371783091855,24,0.10262056693550035,16,0.2373264106722468,CAMELS-US
01532000,0.19347466350628797,24,0.038220705900398236,13,0.802451105443292,CAMELS-US
01539000,0.030548194527484664,24,0.010433164563391537,14,0.6584687008587475,CAMELS-US
01542810,0.025972833524791693,24,0.15085718373495424,12,-4.808268227298243,CAMELS-US
01543000,0.02994102599198389,24,0.13904771276509525,13,-3.644053039542549,CAMELS-US
01543500,0.06284854304428333,24,0.21725067427961636,14,-2.456733660898721,CAMELS-US
01544500,0.17979169849929114,24,0.43424419082472066,14,-1.415262742659015,CAMELS-US
01545600,0.10430476265883386,24,0.12636828399575406,16,-0.21152937578782338,CAMELS-US
01547700,0.04654797217888404,24,0.02759856622792442,16,0.40709412384576016,CAMELS-US
01548500,0.0920186778500068,24,0.07910067203007859,17,0.1403846058404028,CAMELS-US
01549500,0.038242618112585676,24,0.016812275750116724,14,0.5603785363067548,CAMELS-US
01550000,0.1061480127957626,24,0.05185944633259334,15,0.5114421366288304,CAMELS-US
01552000,0.04475433020193457,24,0.006414737083269023,14,0.8566677893664078,CAMELS-US
01552500,0.14871253480533483,24,0.010706805862244156,12,0.9280033396225853,CAMELS-US
01557500,0.014667112799501066,24,0.01930088263787918,17,-0.3159292426342928,CAMELS-US
01567500,0.40409546899921306,24,0.38611832532537693,17,0.0444873675974603,CAMELS-US
01568000,0.15764332270065723,24,0.15707030258566687,17,0.0036349152325242384,CAMELS-US
01580000,0.6338719603983455,24,1.1964590302897375,18,-0.8875405524135258,CAMELS-US
01583500,0.7739315078523322,24,1.2014419097394617,18,-0.5523879019649622,CAMELS-US
01586610,0.804639490302388,24,1.217097723155021,18,-0.5126000374374231,CAMELS-US
01591400,0.9693955489891626,24,1.0364756978709826,18,-0.06919791302092104,CAMELS-US
01594950,0.15082726255384127,24,0.11607385444597396,16,0.2304186094702957,CAMELS-US
01596500,0.025726977679014353,24,0.15803746120844206,14,-5.142869293867897,CAMELS-US
01605500,0.06591937847117708,24,0.0381536803757188,14,0.42120691577210023,CAMELS-US
01606500,0.06580628934355247,24,0.035194858965097456,16,0.4651748439825113,CAMELS-US
01613050,0.043454415605630355,24,0.03714351874849521,17,0.14523027796322374,CAMELS-US
01620500,0.03249951076668006,24,0.22626981430667176,13,-5.962252937624329,CAMELS-US
01632000,0.03627772240857809,24,0.02562869875765979,12,0.2935416818890558,CAMELS-US
01632900,0.40712088416946574,24,0.5947744317368698,18,-0.4609283258711252,CAMELS-US
01634500,0.25176698856106633,24,0.17846755257260835,16,0.29113997989724183,CAMELS-US
01638480,0.59762375356384,24,0.5705711120763642,17,0.045267011771455534,CAMELS-US
01639500,0.532068440573105,24,0.5950370881910931,18,-0.11834689452763447,CAMELS-US
01644000,0.2847370792074385,24,0.4656805014763554,18,-0.6354754455323144,CAMELS-US
01658500,0.6871856804428251,24,0.4257145273900122,14,0.3804956367605331,CAMELS-US
01664000,0.09016204465565109,24,0.18097519129708214,18,-1.0072214642898425,CAMELS-US
01666500,0.2357248144480446,24,0.18403474615645138,16,0.21928140409242358,CAMELS-US
01667500,0.13793620284887795,24,0.1405122880125362,17,-0.018675917637667627,CAMELS-US
01669000,0.13869953440445068,24,0.5265696216030187,18,-2.7964772114341128,CAMELS-US
01669520,1.5620023819545235,24,0.9632689117133943,18,0.38331149629358297,CAMELS-US
02011400,0.0577544427251109,24,0.024102324498186774,16,0.5826758365082901,CAMELS-US
02011460,0.1023941180620004,24,0.00835422692379841,12,0.918411066163587,CAMELS-US
02013000,0.11848426835272298,24,0.02908928924703738,14,0.7544881725526656,CAMELS-US
02014000,0.02310247134887237,24,0.015990712271803206,16,0.30783542460345004,CAMELS-US
02015700,0.1652780866397148,24,0.05806911004654892,14,0.6486581420008075,CAMELS-US
02016000,0.026286392034193348,24,0.03471535474672617,14,-0.320658791878643,CAMELS-US
02017500,0.06714219503675063,24,0.08078366345084322,17,-0.20317280968585938,CAMELS-US
02018000,0.01886376213199917,24,0.01397918598147578,16,0.25893965988033407,CAMELS-US
02027000,0.12502459549128786,24,0.1837746039475303,18,-0.46990760678235,CAMELS-US
02027500,0.07558856858536249,24,0.049369582050380376,16,0.34686444029394337,CAMELS-US
02028500,0.09654381425382498,24,0.2109637659081793,18,-1.1851608778738623,CAMELS-US
02038850,0.7259842703773834,24,0.6852799715116689,17,0.05606774213517818,CAMELS-US
02046000,0.12371019806421933,24,0.1388499148427876,18,-0.12238050714872406,CAMELS-US
02051000,0.7062251596633575,24,0.41097505366124387,13,0.4180679517887087,CAMELS-US
02051500,0.5432242867143179,24,0.4839034084473808,17,0.10920144720652747,CAMELS-US
02053200,1.268328619207521,24,0.9967974376679534,17,0.21408582714882374,CAMELS-US
02053800,0.1560981772445341,24,0.22185296805276467,18,-0.42123996557130217,CAMELS-US
02055100,0.9736889481341867,24,0.7600150982133727,15,0.21944775108135162,CAMELS-US
02056900,0.27824810222222146,24,0.3632150637802574,18,-0.30536402900666504,CAMELS-US
02059500,0.5800787796143375,24,0.5468752779141349,17,0.05723964204013421,CAMELS-US
02064000,0.42745472865545403,24,0.3179393649437142,16,0.2562034207838034,CAMELS-US
02065500,0.18132644967170794,24,0.1980182004156334,17,-0.09205359049463513,CAMELS-US
02069700,0.457033702354626,24,0.9673306769679874,18,-1.1165412353275577,CAMELS-US
02070000,0.5571155998778534,24,0.6309473206786664,18,-0.13252495678993825,CAMELS-US
02074500,0.6862697004232521,24,0.45439624529556255,14,0.3378751167138564,CAMELS-US
02077200,0.5519149610146945,24,0.2456700694598588,12,0.554876952405503,CAMELS-US
02081500,0.17297065492972574,24,0.10136995296133582,15,0.41394710563754156,CAMELS-US
02082950,1.615508459415614,24,1.9026141960396,16,-0.17771849782070603,CAMELS-US
02092500,2.4002352130806517,24,1.725105162569237,18,0.28127662107119045,CAMELS-US
02096846,0.5233954806324072,24,0.25937439785324073,13,0.5044389807496152,CAMELS-US
02102908,0.4726997498072813,24,1.0374579317978594,19,-1.194750329825283,CAMELS-US
02108000,4.086445602975382,24,2.6713191603000186,18,0.3462976337296636,CAMELS-US
02111180,0.40567206659723426,24,0.7467710588056341,18,-0.8408244498309398,CAMELS-US
02111500,0.5954470396993591,24,1.3100934124434385,18,-1.2001846093733275,CAMELS-US
02112120,0.5129941388685232,24,1.188983515349266,18,-1.3177331381830744,CAMELS-US
02112360,0.4365311650690567,24,1.0754086740368587,18,-1.4635324120941862,CAMELS-US
02118500,0.46854639834718353,24,0.7637561385419298,19,-0.6300544433509907,CAMELS-US
02125000,0.6511330935084377,24,0.419718761239455,14,0.3554025046124981,CAMELS-US
02128000,0.40082833193660167,24,0.21610530322349808,15,0.46085322317565347,CAMELS-US
02137727,0.38270338618608474,24,0.8260612065575512,18,-1.1584894107936878,CAMELS-US
02140991,0.28443069553192507,24,0.459359918146081,18,-0.61501527564391,CAMELS-US
02143000,0.45300722099410934,24,0.6719316623035106,18,-0.48326920888585145,CAMELS-US
02143040,0.46018550356290994,24,0.6864694573030856,18,-0.4917233419745075,CAMELS-US
02149000,0.34698586830294587,24,1.0972342339889143,18,-2.162187092388854,CAMELS-US
02152100,0.5196321073015261,24,0.7472145419101806,18,-0.4379683845759661,CAMELS-US
02177000,0.172680986307271,24,0.8978157870348196,18,-4.199274142650734,CAMELS-US
02178400,0.1349444433625521,24,0.6138199394575392,18,-3.548686290167602,CAMELS-US
02193340,0.6938829436595745,24,0.4959075296610604,15,0.2853152910120279,CAMELS-US
02196000,0.2509569713472711,24,0.26882914398596497,16,-0.07121608354909026,CAMELS-US
02198100,0.17361641663099536,24,0.29474178760288466,18,-0.6976608164268785,CAMELS-US
02202600,0.6354055921976905,24,0.22001203301157513,18,0.6537455198488025,CAMELS-US
02212600,0.21377471503890047,24,0.09808491332371855,15,0.5411762644339388,CAMELS-US
02215100,0.10077527922018766,24,0.16157161750605983,18,-0.6032862300786683,CAMELS-US
02216180,0.16649948357001884,24,0.1670619209149624,18,-0.003378012549252185,CAMELS-US
02221525,0.3363985795528352,24,0.3236720983939443,19,0.037831554389462174,CAMELS-US
02231000,2.6866905863943837,24,1.7137161727107417,18,0.36214606125873305,CAMELS-US
02231342,1.2892522854276915,24,0.9608797021043762,18,0.25470002034115635,CAMELS-US
02235200,1.627684277282509,24,0.43078060710013105,17,0.7353414214829559,CAMELS-US
02245500,0.14905584987807585,24,0.1537572264634297,17,-0.03154104041672623,CAMELS-US
02246000,0.6777881358193106,24,0.9619048477685361,15,-0.419182185308961,CAMELS-US
02296500,2.118724179819726,24,0.8500522563473668,18,0.5987905058884566,CAMELS-US
02297155,0.05140192553516851,24,0.028303254478860965,17,0.44937365314269684,CAMELS-US
02297310,0.9983478972592637,24,0.40381497042394876,18,0.5955167817425864,CAMELS-US
02298123,1.4056867961079014,24,0.6041121403314245,18,0.5702370243470278,CAMELS-US
02298608,1.3183397097909604,24,1.1484230541388458,17,0.1288868524479605,CAMELS-US
02299950,0.01850058595131514,24,0.04803677827230279,15,-1.5965003702430312,CAMELS-US
02300700,0.3133385772868328,24,0.6858096220303391,13,-1.1887174824392694,CAMELS-US
02310947,3.1597720283114072,24,1.1289453669517586,18,0.6427130321945818,CAMELS-US
02312200,2.2965138101939466,24,0.35949827883448376,15,0.8434591260724345,CAMELS-US
02314500,4.481646080099396,24,1.5975164708427132,16,0.6435424747312303,CAMELS-US
02315500,3.0580226581592878,24,1.0706250411979759,17,0.6498963019971814,CAMELS-US
02324400,0.9234569611345806,24,0.08147597422095494,17,0.9117706859658606,CAMELS-US
02327100,0.5913126128381867,24,0.4052895341031345,18,0.3145934564834957,CAMELS-US
02342933,0.24820484562232056,24,0.08491582387265231,14,0.6578800721648119,CAMELS-US
02349900,0.08581152230170884,24,0.14656891024796,18,-0.7080329810795263,CAMELS-US
02350900,1.4812499746241032,24,0.6579843677273384,19,0.5557911365403971,CAMELS-US
02361000,0.43862233527905187,24,0.3374620825602813,18,0.2306317863508075,CAMELS-US
02363000,1.0905560562956451,24,0.7610419061940826,18,0.30215241866689757,CAMELS-US
02369800,0.16605958436871113,24,0.20910896977181945,15,-0.2592405946742793,CAMELS-US
02371500,1.2812050842128804,24,0.681337616169373,19,0.4682056568734593,CAMELS-US
02372250,1.5961839075087845,24,1.2138736683954858,18,0.2395151569407704,CAMELS-US
02374500,0.281282365472221,24,0.2990142688594392,18,-0.06303951318615231,CAMELS-US
02381600,0.4876131737737603,24,0.8538834481510766,18,-0.7511492594481382,CAMELS-US
02384540,0.20691863728624324,24,0.20788870183155939,17,-0.004688144857508458,CAMELS-US
02395120,0.34524431691505447,24,0.4337786176381073,18,-0.2564395600024787,CAMELS-US
02408540,0.27801555990372273,24,0.3979220081114787,19,-0.43129401911633924,CAMELS-US
02415000,0.3257023452345193,24,0.5073892105970667,18,-0.5578310012834731,CAMELS-US
02422500,0.1860685563515834,24,0.2761414645308815,18,-0.4840845221000265,CAMELS-US
02427250,0.7430771762381237,24,1.32546693111207,14,-0.7837540614856884,CAMELS-US
02430085,0.21193633819724703,24,0.05694695533855533,13,0.7313015982867678,CAMELS-US
02430615,0.4218839005313975,24,0.47836716563481946,18,-0.133883433409705,CAMELS-US
02450250,0.13011617960685395,24,0.018107533891141083,10,0.8608356474509704,CAMELS-US
02464000,0.12154347673333447,24,0.24285126202241142,14,-0.9980608466156136,CAMELS-US
02464146,0.40848839704671586,24,0.18777756222930234,13,0.5403111481577099,CAMELS-US
02464360,0.14342172484178273,24,0.035215099660370654,14,0.7544646761205906,CAMELS-US
02465493,0.1557797414962339,24,0.1731814040483977,17,-0.11170683931700154,CAMELS-US
02469800,0.17514176603891654,24,0.19124211976832883,16,-0.09192755156890908,CAMELS-US
02472000,1.2923335844976542,24,1.1287972143035014,17,0.12654346536828676,CAMELS-US
02472500,0.9018731862464618,24,1.2122897605077512,15,-0.3441909339307705,CAMELS-US
02479155,0.15080727528111382,24,0.022411139061202647,12,0.8513921890079446,CAMELS-US
02479300,2.2636390944725613,24,2.1749997311828717,17,0.03915790441423839,CAMELS-US
02479560,1.8721948468850378,24,1.3593102785309616,18,0.2739482854615345,CAMELS-US
02481000,0.2690325430957666,24,0.5509290958308217,14,-1.0478158125082637,CAMELS-US
02481510,0.5772368085098313,24,0.7499315731864122,15,-0.29917490037130867,CAMELS-US
03010655,0.28741563674040244,24,0.5750054108578102,14,-1.0006058730101821,CAMELS-US
03011800,0.05670266044670739,24,0.06333754212666297,14,-0.11701182321403492,CAMELS-US
03015500,0.5063975019467793,24,1.2162157237960456,13,-1.4017016654317258,CAMELS-US
03021350,0.05473733130888967,24,0.36615740397785573,11,-5.689354325872836,CAMELS-US
03026500,0.11807920446078439,24,0.050224514171674665,13,0.5746540264983334,CAMELS-US
03028000,0.06847846691375638,24,0.09800799973802816,14,-0.43122362627454947,CAMELS-US
03049000,0.005689711952480557,24,0.006094275018277806,15,-0.07110431409816287,CAMELS-US
03049800,0.2886263883332792,24,0.14082229228243343,14,0.5120948812212389,CAMELS-US
03050000,0.019321274949153523,24,0.11548233113158991,11,-4.976951905891141,CAMELS-US
03066000,0.1076982808936411,24,0.45765508037644453,12,-3.2494186219036125,CAMELS-US
03069500,0.02563508056276229,24,0.08878531977408287,12,-2.4634304954380792,CAMELS-US
03070500,0.012582264974650677,24,0.11339370395212746,12,-8.012185340284937,CAMELS-US
03076600,0.04760695056463688,24,0.21448445443796071,13,-3.505318065830556,CAMELS-US
03078000,0.03723723126914785,24,0.03260035106927676,13,0.12452268984114534,CAMELS-US
03140000,0.23346235200299295,24,0.12408549979603885,15,0.4684988875874595,CAMELS-US
03144000,0.04325617273865378,24,0.04873519142857066,12,-0.12666443522454363,CAMELS-US
03159540,0.05064630016897173,24,0.20066207157016613,12,-2.9620282409711147,CAMELS-US
03161000,0.16625052390941406,24,0.4962900135629421,18,-1.985193681755606,CAMELS-US
03164000,0.0657722048166133,24,0.21366228122400374,18,-2.2485193680178273,CAMELS-US
03165000,0.6388082385515123,24,0.8494291705810703,18,-0.3297091667244896,CAMELS-US
03170000,0.18590864823684952,24,0.46398397114942586,18,-1.4957632447432219,CAMELS-US
03173000,0.048838491237966526,24,0.06631707478706683,17,-0.3578854118145369,CAMELS-US
03180500,0.00826367186293051,24,0.12453705549926851,12,-14.07042602428607,CAMELS-US
03182500,0.017592919690855472,24,0.07117984506155407,12,-3.0459370196836772,CAMELS-US
03186500,0.08195387995689045,24,0.05447649073545431,11,0.33527868645010894,CAMELS-US
03187500,0.07731099390692199,24,0.06433929419686478,11,0.16778596490008124,CAMELS-US
03213700,0.0300966733993762,24,0.02930593896336863,17,0.02627315070721259,CAMELS-US
03237280,0.341295345775079,24,0.16097545044297343,14,0.528339743170539,CAMELS-US
03237500,0.19209830792384786,24,0.005783797639370986,10,0.9698914701442148,CAMELS-US
03238500,0.1803256031344395,23,0.01992562991494051,10,0.8895019366712712,CAMELS-US
03241500,0.05193351273086475,24,0.09586734520059798,16,-0.8459630431203777,CAMELS-US
03280700,0.265712119909378,24,0.1278693031348382,14,0.5187675173475397,CAMELS-US
03281100,0.08723704847339518,24,0.03834656793220261,10,0.560432538660484,CAMELS-US
03281500,0.30079083444511795,24,1.0678208285598119,12,-2.5500444371241158,CAMELS-US
03285000,0.03286438140286743,24,0.05750734602212971,12,-0.7498380790186474,CAMELS-US
03291780,0.2984974166165824,23,0.01852523800097014,10,0.9379383640536975,CAMELS-US
03300400,0.1415936082563579,24,0.7849606175844901,11,-4.543757428395384,CAMELS-US
03338780,0.15666688002380746,24,0.1836629098786585,16,-0.17231484951221754,CAMELS-US
03340800,0.2631623335697241,24,0.0794088546563798,13,0.6982514420691568,CAMELS-US
03346000,0.5438449649620493,24,1.2040153048415407,13,-1.2138943677184906,CAMELS-US
03357350,0.5759503308219113,24,0.16316970477184406,10,0.7166948328009599,CAMELS-US
03364500,0.14747936508814322,24,0.026623997118920554,13,0.8194730693137421,CAMELS-US
03366500,0.11679697718082334,24,0.048773130996712016,10,0.5824110163296248,CAMELS-US
03368000,0.467111585602283,22,0.04911279233228754,9,0.8948585437696592,CAMELS-US
03384450,0.38551331058351573,22,0.0378824293770303,9,0.9017350936088532,CAMELS-US
03439000,0.2083567845894204,24,0.6201391897640463,18,-1.9763330768713288,CAMELS-US
03450000,0.06414874075809815,24,0.20333649866671094,18,-2.1697660197802358,CAMELS-US
03455500,0.35478729674996684,24,0.432874504293428,17,-0.22009583843271718,CAMELS-US
03456500,0.2155852240002516,24,0.3336785590165124,19,-0.5477802830129164,CAMELS-US
03460000,0.032490326195246305,24,0.19426072868140787,18,-4.979032882403944,CAMELS-US
03463300,0.257107564084365,24,0.17417820822355776,16,0.32254732044209933,CAMELS-US
03471500,0.017887873325888443,24,0.03090244145623834,17,-0.7275637463014906,CAMELS-US
03473000,0.022145898979218172,24,0.0345811910061423,18,-0.5615166960977049,CAMELS-US
03479000,0.3299943108986347,24,0.2642230850209709,16,0.1993101811317799,CAMELS-US
03488000,0.03162386841077263,24,0.014071750040224481,16,0.555027555217408,CAMELS-US
03498500,0.07798308925484888,24,0.08429885545234712,17,-0.08098892026267768,CAMELS-US
03500000,0.06429031130635453,24,0.5687953363576572,18,-7.847294791391636,CAMELS-US
03500240,0.10553628835699026,24,0.6510922532496576,18,-5.1693685023984655,CAMELS-US
03504000,0.05089762672639894,24,0.4213254336778222,18,-7.277899398780699,CAMELS-US
03574500,0.42516345892209695,24,1.3709829335069341,11,-2.2246019848054264,CAMELS-US
03592718,0.21959796805039872,23,0.007911242393243756,10,0.9639739726943735,CAMELS-US
03604000,0.03658546687087514,24,0.3158591808458311,10,-7.633460438283471,CAMELS-US
04015330,0.09022636950064054,24,0.11325983880794573,11,-0.25528533880709525,CAMELS-US
04024430,0.23372344573869508,24,0.45906085320340395,15,-0.9641198244040872,CAMELS-US
04027000,0.7013169511875645,24,1.0283268381969835,15,-0.4662797419279281,CAMELS-US
04040500,1.8301287263917259,24,2.1362867978062323,15,-0.16728772517446155,CAMELS-US
04043050,0.19053326600164702,24,0.33536691180193895,14,-0.7601488644982339,CAMELS-US
04045500,4.653513540601944,24,3.836165103305887,18,0.1756411430126259,CAMELS-US
04056500,5.641593276979225,24,2.9334124840079836,19,0.48003829060526126,CAMELS-US
04057510,1.4572815403474513,24,0.4639634654450681,19,0.6816240015402597,CAMELS-US
04057800,1.4032315052997912,24,1.7891792348723599,15,-0.275042092566268,CAMELS-US
04059500,1.8685735633408997,24,0.8170373323797269,18,0.5627481045386771,CAMELS-US
04063700,2.7080799926506227,24,1.054299253611126,18,0.6106838585003556,CAMELS-US
04074950,1.4391120737143064,24,0.1269976713245216,16,0.9117527580762044,CAMELS-US
04105700,1.0340930994035615,24,0.3101802379101418,17,0.7000461195524408,CAMELS-US
04115265,0.15316709787341817,24,0.18233737008727616,18,-0.19044737818278157,CAMELS-US
04122200,0.7461905846947713,24,0.1646242501864321,18,0.7793804243003528,CAMELS-US
04122500,3.221348003726465,24,1.1661243654751754,17,0.6380011212305534,CAMELS-US
04124000,1.214384942311274,24,0.20282078515613522,18,0.8329847661235676,CAMELS-US
04127918,0.3516246668936671,24,0.16331987544740711,19,0.5355278203596684,CAMELS-US
04127997,0.16166844177730222,24,0.7276045214141277,15,-3.5005971073587796,CAMELS-US
04161580,0.6176241772090127,24,0.12694137281115753,18,0.7944682583755157,CAMELS-US
04185000,2.5723181316711634,24,2.726430511142219,16,-0.05991186609991073,CAMELS-US
04196800,1.7593542668519808,24,2.0005920596648874,15,-0.137117235202751,CAMELS-US
04197100,0.6741347244427173,24,0.9406417216328739,15,-0.39533195298679846,CAMELS-US
04197170,0.03655317743853445,22,0.24906885123902026,9,-5.813876896415884,CAMELS-US
04213000,0.28102950867856924,24,1.1951981716413322,11,-3.2529276632239856,CAMELS-US
04213075,0.3307206056487038,24,0.08316480877723459,12,0.7485345413718387,CAMELS-US
04216418,0.07392868120999839,24,0.05755814042925773,11,0.22143693777303108,CAMELS-US
04221000,0.008236599848490895,24,0.016790169459243578,15,-1.0384830838079213,CAMELS-US
04224775,0.03285157479917838,24,0.014857912901873481,14,0.5477260072705836,CAMELS-US
04233000,0.08445353378490338,24,0.14282443598577912,18,-0.691159973832971,CAMELS-US
04256000,0.2468460481879051,24,0.7897341321242973,12,-2.1992982586585015,CAMELS-US
04296000,0.4154996987085559,24,0.7194554043937071,14,-0.731542541739254,CAMELS-US
05056000,2.528277940250496,24,0.435209671206665,16,0.8278632011623115,CAMELS-US
05057000,1.6224921475087795,24,0.23597831693476298,15,0.8545581146281104,CAMELS-US
05057200,1.002799599538686,24,0.30347511213746725,18,0.697372124722553,CAMELS-US
05062500,0.32661144450536583,24,0.04351903135396001,18,0.8667559508826549,CAMELS-US
05087500,2.0525311960300336,24,1.3203460500264168,18,0.3567230293112208,CAMELS-US
05120500,1.7990633313248765,24,0.376809165307909,17,0.7905525843659895,CAMELS-US
05123400,1.549587958595368,24,0.32486319285853776,18,0.7903551127533208,CAMELS-US
05129115,3.6325169444066847,24,1.3800681059924735,18,0.6200793755091798,CAMELS-US
05131500,3.207555647248899,24,2.331732049339823,18,0.273050164744691,CAMELS-US
05291000,0.13222923625226513,24,0.053028625995555335,19,0.5989644385876354,CAMELS-US
05362000,1.746256489642697,24,2.142850796958817,16,-0.22711114298980628,CAMELS-US
05393500,0.4990769768539311,24,0.9879227857103349,14,-0.979499819723157,CAMELS-US
05399500,0.03281313723082305,24,0.16163339295371737,11,-3.9258744086769886,CAMELS-US
05408000,0.12691317116114303,24,0.1881949449020573,18,-0.4828637814360821,CAMELS-US
05412500,0.1838511358345318,24,0.07109709744579777,18,0.6132898656128728,CAMELS-US
05413500,0.40636414851125474,24,1.42375853500032,18,-2.5036519343952097,CAMELS-US
05414000,0.5799615472072792,24,1.4043196264632505,18,-1.4214012691454254,CAMELS-US
05444000,0.16911478630430632,24,0.5069214970951461,18,-1.997499557389311,CAMELS-US
05454000,0.6094786568162969,24,0.6732032044822147,18,-0.1045558313703594,CAMELS-US
05458000,0.20281462072229764,24,0.15460515950687004,18,0.23770209979801227,CAMELS-US
05466500,0.270976968508213,24,0.09313897376879707,18,0.6562845385659626,CAMELS-US
05487980,0.13905347118700537,24,0.14627185207633714,17,-0.051910828458386016,CAMELS-US
05488200,0.13221930844040544,24,0.09515238083474796,16,0.28034428589047167,CAMELS-US
05489000,0.2269687687538027,24,0.15014830807048662,16,0.3384626929295488,CAMELS-US
05495000,0.4608015216761194,24,0.4770727508250984,17,-0.03531071054148027,CAMELS-US
05495500,0.11077589068477811,24,0.27533539598344325,13,-1.4855173294605475,CAMELS-US
05501000,0.08329327911157063,24,0.004846341158778391,13,0.9418159398876977,CAMELS-US
05503800,0.06538443535208334,24,0.17922207161972384,12,-1.7410509956176181,CAMELS-US
05507600,0.23918549774560594,24,0.0208751730491144,11,0.9127239182731851,CAMELS-US
05508805,0.1921114996835883,24,0.010221422079427923,11,0.9467943246694611,CAMELS-US
05514500,0.07228837254003816,24,0.1899211093194906,12,-1.6272705090199606,CAMELS-US
05525500,0.5068344153104302,24,0.5309910111002012,16,-0.047661711715009325,CAMELS-US
05556500,0.0539561673147907,24,0.10842881595144026,18,-1.0095722388665158,CAMELS-US
05584500,1.505307381060626,24,1.2871930963751472,18,0.14489684128951608,CAMELS-US
05585000,1.2481083857064421,24,0.6700059288910869,18,0.4631828961618132,CAMELS-US
05591550,0.11042335847650615,24,0.04449187916435255,15,0.5970790983157905,CAMELS-US
05592050,0.09100731383485099,24,0.014420458934724139,14,0.8415461535224231,CAMELS-US
05592575,0.24983066668837584,22,0.011683558838285079,9,0.9532340885402253,CAMELS-US
05593575,0.03313580991275034,23,0.39176181716870845,10,-10.82291358503847,CAMELS-US
05593900,0.12146709610231127,24,0.027558507526684577,12,0.7731195656190533,CAMELS-US
05595730,0.025249674155126352,22,0.3080921511575031,9,-11.201826814266125,CAMELS-US
06037500,0.6371844736928686,22,0.2371195120229472,11,0.6278636379058382,CAMELS-US
06043500,1.1824815432098201,24,0.33214425925312585,18,0.7191125213239882,CAMELS-US
06154410,0.25306272209472264,24,0.08231509099091865,18,0.674724549275544,CAMELS-US
06188000,1.0688953555223695,24,0.8439230061468299,17,0.21047181860528852,CAMELS-US
06191500,1.0414229207466088,24,0.15553515151625383,18,0.8506513075353203,CAMELS-US
06221400,0.530177062202808,24,0.29559721195265626,19,0.44245567561053445,CAMELS-US
06224000,1.1799541339774864,24,0.6393894900455916,19,0.45812343748456985,CAMELS-US
06278300,0.6963809914360651,24,1.0012321768043682,15,-0.43776494349686956,CAMELS-US
06280300,0.5224159492717139,24,0.1047459925584574,18,0.799496947395115,CAMELS-US
06289000,0.9975282261766864,24,0.11604575764186582,17,0.8836666927344556,CAMELS-US
06291500,0.3015513788970201,24,0.15709391432190734,18,0.4790476007886041,CAMELS-US
06311000,0.28951617024758486,24,0.2720312484800818,18,0.06039359305060754,CAMELS-US
06332515,0.02236752335061237,24,0.042351023173447425,15,-0.8934158471455427,CAMELS-US
06339100,0.0021559512435196273,24,0.08757449752446099,13,-39.619887758451405,CAMELS-US
06339500,0.6200246963409767,24,0.5292570309579766,17,0.14639362902584008,CAMELS-US
06344600,0.13041479277305648,24,0.14633770623690492,13,-0.1220943815135831,CAMELS-US
06350000,0.7600783203327088,24,1.0224869264271894,15,-0.34523890377456956,CAMELS-US
06352000,1.293563587071052,24,1.4354900036836464,16,-0.10971738693878286,CAMELS-US
06353000,1.5737898109601298,24,1.048325967623912,18,0.33388438511725105,CAMELS-US
06354000,1.159374000502502,24,0.7229394910112174,18,0.37643979363184177,CAMELS-US
06360500,0.96273197911932,24,0.5258240453726009,18,0.4538209420927205,CAMELS-US
06404000,0.10268809371740216,24,0.6202633112232373,18,-5.04026512489562,CAMELS-US
06406000,0.09230998609229187,24,1.232369902418615,13,-12.350342195767281,CAMELS-US
06409000,0.0032130245948396438,16,1.8320141542277266,7,-569.1836696706516,CAMELS-US
06431500,0.2897692021890762,24,0.4773686477329377,12,-0.6474098838890812,CAMELS-US
06440200,0.04244824721229192,24,0.16134233603403525,13,-2.800918686397837,CAMELS-US
06441500,0.10114149350862582,24,0.016551685452975317,18,0.8363511860583341,CAMELS-US
06447000,0.036180698871205556,24,0.09285552389118822,16,-1.5664380951216885,CAMELS-US
06447500,0.360183743268043,24,0.1267202669775023,18,0.6481788272070927,CAMELS-US
06450500,0.07074378077820248,24,0.4348983244368901,18,-5.147513175757361,CAMELS-US
06452000,0.1829097824192163,24,0.06124668013171746,18,0.6651536111319383,CAMELS-US
06453600,0.03761552333344953,24,0.24973175302542464,18,-5.639060975215814,CAMELS-US
06464500,1.1932914077998402,24,0.26516734575290224,16,0.7777849199117164,CAMELS-US
06468170,2.2597347232088656,24,0.8846308789681689,18,0.6085244564848848,CAMELS-US
06468250,3.752174917918131,24,2.221161521869414,18,0.4080335883962972,CAMELS-US
06470800,1.4920154003636925,24,0.6006533875218165,18,0.5974214559880537,CAMELS-US
06477500,0.9395446579158871,24,0.5195811283412232,19,0.4469862353389713,CAMELS-US
06479215,0.2014733918685698,24,0.0985480174117403,18,0.5108633626616679,CAMELS-US
06479438,0.1989747085144968,24,0.07708350318362205,18,0.6125964764109408,CAMELS-US
06601000,0.7598105826281184,24,1.3599289323221413,18,-0.7898262585633724,CAMELS-US
06614800,0.7797655942872094,24,0.655823472204788,18,0.1589479235689002,CAMELS-US
06622700,0.5948236976644742,24,0.4727563726458544,18,0.20521597491476384,CAMELS-US
06623800,0.9207576262959956,24,0.6905626795984192,18,0.25000601691848023,CAMELS-US
06632400,0.6203944225533536,24,0.5573207120909303,18,0.10166711396732309,CAMELS-US
06746095,0.9535510965291923,24,0.685998374865625,18,0.28058561584945585,CAMELS-US
06775500,0.04298695822102549,24,0.8287066645404839,12,-18.278095004525177,CAMELS-US
06784000,0.03508877401339445,24,0.0576378922970969,18,-0.6426305540083779,CAMELS-US
06803510,0.17038205480672836,22,0.021405746468955305,9,0.8743661913618969,CAMELS-US
06803530,0.33832113732040625,22,0.016866859214308916,9,0.9501454170203525,CAMELS-US
06814000,0.4491479514951155,24,0.4443459072451282,17,0.010691453081334013,CAMELS-US
06846500,0.03432177599284259,24,0.08435670799258693,18,-1.4578188497640259,CAMELS-US
06847900,0.19435844727654517,24,0.1370864827771178,15,0.2946718565719827,CAMELS-US
06853800,0.17095348134517954,24,0.1862784935518228,17,-0.08964434117430975,CAMELS-US
06876700,0.24107548375588037,24,0.05526791964846767,18,0.7707443378836751,CAMELS-US
06878000,0.13252163204033104,24,0.13210198708255602,17,0.00316661477310598,CAMELS-US
06879650,0.536345958314225,24,0.46892867616014516,16,0.12569738078380865,CAMELS-US
06885500,0.13684576356352565,24,0.17207478773247373,18,-0.2574359867018776,CAMELS-US
06888500,0.6165577142792085,24,0.4533208888326019,15,0.264755142407779,CAMELS-US
06889200,0.5467883569229512,24,0.2629220482524617,13,0.5191520724178287,CAMELS-US
06889500,0.2890700955099929,24,0.10668332693315209,14,0.6309430529472941,CAMELS-US
06892000,0.46166947914790524,24,0.485989994067452,16,-0.05267949478582534,CAMELS-US
06903400,0.05469440903529784,24,0.047936211684820235,16,0.1235628553206618,CAMELS-US
06906800,0.05357269040389879,24,0.35864012954393265,10,-5.694458068841589,CAMELS-US
06910800,0.5523953631733387,24,0.196439029452187,11,0.6443868965088588,CAMELS-US
06911900,0.4501128910761684,23,0.08048710612901716,10,0.8211846234028497,CAMELS-US
06917000,0.09726562304045944,24,0.5392771563245611,11,-4.544375694794437,CAMELS-US
06918460,0.15390322638874215,24,0.15717802685298315,17,-0.021278309370651005,CAMELS-US
06919500,0.5899842239466764,24,0.8914082090588787,14,-0.510901771399646,CAMELS-US
06921070,0.14242699984638485,24,0.015543029768328904,13,0.890870201681613,CAMELS-US
06921200,0.30132577623619994,24,0.040398615911807476,11,0.8659304344406957,CAMELS-US
06934000,1.323736340111327,24,1.0636619579001974,17,0.19646992707721322,CAMELS-US
07014500,1.309746665939644,24,1.3322190498263868,16,-0.017157809575808702,CAMELS-US
07056000,0.0451032021775099,24,0.030847359261286036,13,0.3160716363356646,CAMELS-US
07057500,0.2894843727356037,24,0.38367563893640766,17,-0.32537599632997183,CAMELS-US
07060710,0.5014776382186159,22,0.09372153699603805,9,0.8131092398676792,CAMELS-US
07066000,0.18394749837416183,24,0.13271109021942673,16,0.27853821665199674,CAMELS-US
07067000,0.10538566619471218,24,0.10424562381705638,18,0.01081781250544489,CAMELS-US
07068000,0.4836503177882118,24,0.3475095681351417,18,0.2814859096457484,CAMELS-US
07071500,0.049098573256308904,24,0.227115581500957,18,-3.6257063380507475,CAMELS-US
07083000,0.9654909899352381,24,0.1793978597302673,18,0.814190021864108,CAMELS-US
07142300,0.05170086168075721,24,0.2853014557942466,18,-4.518311426914463,CAMELS-US
07145700,0.09544979609497384,24,0.19868623194247512,11,-1.081578380165209,CAMELS-US
07148400,0.10864858927048676,24,0.4203984446974305,18,-2.8693410335114886,CAMELS-US
07149000,0.4515663898406163,24,0.39105920648990194,19,0.1339939922722566,CAMELS-US
07151500,0.1366006636390353,24,0.06139882210280027,15,0.5505232517387653,CAMELS-US
07167500,0.5872429731180427,22,0.14057616837971418,9,0.7606166871043057,CAMELS-US
07180500,0.6029806898837585,24,0.22152727833891228,11,0.6326129807214591,CAMELS-US
07184000,0.017125490695795453,24,0.18255757046355878,11,-9.659990636553218,CAMELS-US
07195800,0.2959192375145215,24,0.19988424844829814,15,0.3245310777117377,CAMELS-US
07196900,0.3532076925780128,24,0.10866980598454885,12,0.6923345434767194,CAMELS-US
07197000,0.09321577789341229,24,0.010670382675405595,14,0.8855302941567825,CAMELS-US
07208500,0.3073391081500424,24,0.2590879761611131,18,0.1569963948921631,CAMELS-US
07226500,0.08734435200259245,24,0.0360746433257,10,0.5869836744037065,CAMELS-US
07261000,0.056112727699916015,24,0.005216866368604376,13,0.9070288224713734,CAMELS-US
07263295,0.22958501131245787,24,0.02608067478713364,11,0.8864007949036417,CAMELS-US
07290650,0.135966434095135,24,0.11952913334407723,16,0.12089234273480087,CAMELS-US
07291000,0.21394284646730066,22,0.014931993056598876,9,0.9302056913649548,CAMELS-US
07292500,0.11362184255792329,24,0.013982619895731742,11,0.8769372192797917,CAMELS-US
07295000,0.26112932109993187,23,0.008543767738208174,10,0.9672814691884465,CAMELS-US
07299670,0.021631790450199237,19,0.4177399812280152,7,-18.31139182351721,CAMELS-US
07301410,0.18980012795308498,24,0.6615976424511023,18,-2.485759728331884,CAMELS-US
07301500,0.07317541929918553,24,0.1548078161954017,18,-1.1155712898952226,CAMELS-US
07315200,0.037377738708821044,24,0.14096089285921298,11,-2.771252561780753,CAMELS-US
07315700,0.06598516303938289,24,0.21711841980657523,14,-2.290412720159368,CAMELS-US
07335700,0.2752758888782969,24,0.03304128078425425,11,0.8799703057216819,CAMELS-US
07340300,0.1816624166426429,24,0.004936184468168689,10,0.9728277066913686,CAMELS-US
07346045,2.9134074059887176,24,1.536003931895007,19,0.47278093385166764,CAMELS-US
07359610,0.2981751481769103,22,0.02075662801544064,9,0.9303878001156369,CAMELS-US
07362100,0.523735998364293,24,0.5143531177444354,17,0.01791528680320187,CAMELS-US
07362587,0.40111236849833637,22,0.041870926373971135,9,0.8956129761574659,CAMELS-US
07373000,0.2353213101164314,23,0.014945917371155226,10,0.9364871912205471,CAMELS-US
07375000,0.03650507003001604,24,0.14767394979097392,13,-3.0452997260257284,CAMELS-US
07376000,1.0647118572294885,24,1.056172159788041,16,0.00802066529405332,CAMELS-US
08013000,0.8760232515011962,24,0.8784008755043781,17,-0.0027141106119128455,CAMELS-US
08014500,0.9311503991487569,24,0.9265626158540481,16,0.004927005668367679,CAMELS-US
08023080,0.0920222615132269,24,0.573261719084915,11,-5.229598247838288,CAMELS-US
08025500,0.22997946774402667,24,0.8952170112780083,11,-2.8925953697501767,CAMELS-US
08029500,0.08482969779569527,24,0.008526716445937063,13,0.8994843001035687,CAMELS-US
08050800,0.32941506705803997,24,0.0567118178752949,11,0.8278408502022077,CAMELS-US
08066200,0.23594308103947223,22,0.006256599569689599,9,0.9734825893511033,CAMELS-US
08066300,0.2771327432629556,24,0.36389204298177796,16,-0.3130604442380933,CAMELS-US
08070000,0.1746172603342021,24,0.4605560675602469,13,-1.637517429140642,CAMELS-US
08070200,0.04748437717619839,24,0.04097873081857585,15,0.1370060374485338,CAMELS-US
08079600,0.5724972512272894,18,0.03605077674644316,6,0.9370289085770117,CAMELS-US
08082700,0.08176855800318845,21,0.15774128359832953,8,-0.9291190581125159,CAMELS-US
08086212,0.09741113881677689,24,0.05664098323917382,11,0.4185368949878381,CAMELS-US
08086290,0.4058395548176917,19,0.006825817895650441,7,0.9831809940292373,CAMELS-US
08101000,0.45084546070239284,24,0.34827433754209713,16,0.22750838613412105,CAMELS-US
08103900,1.0350662804003814,24,1.1016736129302713,18,-0.0643507896944775,CAMELS-US
08104900,1.04687176642637,24,0.8383486850411946,15,0.19918684224047367,CAMELS-US
08109700,0.06784853417701922,24,0.047528245771586396,17,0.2994948771098942,CAMELS-US
08150800,1.0048715624695579,24,0.6189032180886418,12,0.38409719092096295,CAMELS-US
08155200,0.535063368408343,24,0.6012704737048191,18,-0.12373694258574064,CAMELS-US
08158700,0.5319082149328139,24,0.7376341208148335,18,-0.3867695593082823,CAMELS-US
08158810,0.6338488513492334,24,0.5440528056600756,15,0.1416679157783669,CAMELS-US
08164000,0.16308891044449045,24,0.23094580439434859,15,-0.41607301051259493,CAMELS-US
08164300,0.06802159425037613,24,0.14675194552843138,13,-1.1574317265817378,CAMELS-US
08164600,0.03410478600081738,24,0.15736605775236845,12,-3.6141927924308606,CAMELS-US
08165300,1.1734353115041107,19,0.38215262190848925,7,0.6743300477137972,CAMELS-US
08171300,0.4649657870728861,24,0.5187839046986622,18,-0.11574640354633181,CAMELS-US
08175000,0.08728993870864378,24,0.0176395519851109,12,0.7979199865864477,CAMELS-US
08176900,0.14593401076172616,24,0.014142141310943664,12,0.9030922179338012,CAMELS-US
08178880,0.22357796336642466,24,0.14504807970383532,14,0.3512416093257177,CAMELS-US
08189500,0.961124910728098,24,1.994182559899338,12,-1.074842237091378,CAMELS-US
08190000,0.7045655778668006,24,0.597611574094643,16,0.15180134700304282,CAMELS-US
08190500,0.7302511347731174,18,0.11915849377107153,7,0.8368253220063903,CAMELS-US
08194200,0.07735409398541679,22,0.8393720450338962,9,-9.85103582484127,CAMELS-US
08195000,1.2120696565985358,24,1.1825848481781704,17,0.024326001612076875,CAMELS-US
08196000,1.1901945471422986,24,0.9451912599271479,14,0.20585146168196844,CAMELS-US
08198500,0.916229979837138,24,0.82950975313104,15,0.09464897309026354,CAMELS-US
08200000,0.3465191844336119,24,0.18703317878085107,14,0.4602515901491626,CAMELS-US
08267500,1.1729668602778067,24,0.05155530603784724,15,0.9560470906862306,CAMELS-US
08269000,1.5171588458750476,24,0.1301476930624405,15,0.9142161722773494,CAMELS-US
08271000,1.186754891134713,24,0.07753333075661832,15,0.9346677807390497,CAMELS-US
08324000,0.48892191257615797,24,0.0254842174332283,15,0.9478767124611975,CAMELS-US
08377900,0.7639972766932429,24,0.3667463856381945,19,0.5199637527170806,CAMELS-US
08378500,0.5092253172947041,24,0.20593537154921862,18,0.5955908621290376,CAMELS-US
08380500,0.1971067001688295,24,0.4236019855912013,18,-1.14909987954935,CAMELS-US
09034900,1.0977935313712497,24,0.7775109367460316,18,0.291751213204139,CAMELS-US
09035800,1.4237974752614626,24,0.5272550306027813,19,0.6296839685672588,CAMELS-US
09035900,1.1109107340296624,24,0.43555209271293305,18,0.6079324113351277,CAMELS-US
09047700,0.901004366738011,24,0.3382010719937443,18,0.624639919095881,CAMELS-US
09065500,0.5376923774241787,24,0.3445062013410933,18,0.3592875484092707,CAMELS-US
09066000,1.4656579540878008,24,0.600512419910882,18,0.5902779238252556,CAMELS-US
09066200,0.663455716879886,24,0.4220576491907724,18,0.36384955551271114,CAMELS-US
09066300,1.012152916410652,24,0.23162193346513138,18,0.7711591502531843,CAMELS-US
09081600,1.1317613517576688,24,0.19497756832631694,18,0.8277220122214729,CAMELS-US
09107000,0.6364152671860256,24,0.10881735781764797,18,0.8290151675669333,CAMELS-US
09210500,0.7120211755302597,24,0.0842382949107327,17,0.8816913066553135,CAMELS-US
09223000,1.227928169893803,24,0.37800078305781976,18,0.692163766313374,CAMELS-US
09306242,1.1250630264885935,24,1.5206875777717674,14,-0.351646567319831,CAMELS-US
09312600,2.4030396606443216,24,0.6802031370759042,17,0.7169405281918972,CAMELS-US
09352900,0.4195925140978313,24,0.13063907599858335,18,0.6886525102110763,CAMELS-US
09378170,0.40562173520427397,24,0.4685415367121975,19,-0.1551194032445935,CAMELS-US
09378630,0.592117934788935,24,0.06465735382760111,19,0.8908032504527181,CAMELS-US
09386900,0.18048220363266845,24,0.21882243663817447,18,-0.21243220790643202,CAMELS-US
09404450,0.05755905119454524,24,0.7166751123329763,16,-11.451127971353603,CAMELS-US
09430500,0.05249320664606275,24,0.07444467670281338,17,-0.4181773501618822,CAMELS-US
09430600,0.4589414985538543,24,0.31183863981282917,15,0.3205263834378739,CAMELS-US
09447800,0.3986922086035572,24,0.10580057407782122,12,0.7346309463924717,CAMELS-US
09480000,0.6044381691771351,24,0.35699494630897544,12,0.40937722911347874,CAMELS-US
09484000,0.1868124207616825,24,0.18152160286812039,17,0.028321553095827845,CAMELS-US
09484600,0.7400170535095896,24,0.43435529161418285,12,0.41304691621062184,CAMELS-US
09492400,0.3138823687707193,24,0.15052930029367068,17,0.5204276656787072,CAMELS-US
09494000,0.030942813473786777,24,0.6083767758622761,17,-18.661327059921778,CAMELS-US
09497800,0.49757739908066895,24,0.7899019461214657,18,-0.5874956289833495,CAMELS-US
09497980,0.13938123330496302,24,0.12502458576972264,17,0.10300272995739934,CAMELS-US
09505200,0.19976665759363543,24,0.14948714672643912,16,0.25169120549373514,CAMELS-US
09505350,0.18638008493728656,24,0.1366329006116954,16,0.26691255314284346,CAMELS-US
09505800,0.23203869451112544,24,0.1466366664386307,15,0.3680508039938142,CAMELS-US
09508300,0.1689059244961377,24,0.023906254031163074,13,0.8584640882048532,CAMELS-US
09510200,0.17179351249291383,24,0.1564263375514672,16,0.08945142757984237,CAMELS-US
09512280,0.15774891306576033,24,0.024582194397021834,12,0.8441688508701526,CAMELS-US
09513780,0.2751926309428497,24,0.060475249435118617,12,0.7802439359370864,CAMELS-US
10023000,1.1891321862769,19,0.09739744924332291,9,0.9180936733801913,CAMELS-US
10166430,0.3569425617070588,24,0.15137146614242936,15,0.5759220603491403,CAMELS-US
10172700,0.10652311675629855,19,0.9277428426630551,9,-7.709309968704037,CAMELS-US
10172800,0.4180706263985194,24,0.12162739940881792,13,0.7090745158142766,CAMELS-US
10173450,1.765268701149082,24,0.6449695992875639,17,0.6346337535652629,CAMELS-US
10205030,1.1769094115025551,24,0.09327497165462874,14,0.9207458358791226,CAMELS-US
10234500,0.7286862414214893,24,0.11481162913368383,16,0.8424402402470035,CAMELS-US
10242000,0.2967729601541031,24,0.3222238862968476,18,-0.08575891189523732,CAMELS-US
10244950,1.166965185453886,22,0.06784036388273391,11,0.9418659916093832,CAMELS-US
10249300,1.2423539088164979,24,0.1370596375562988,17,0.8896774610007339,CAMELS-US
10258000,0.09852757490852432,24,0.673682503231531,18,-5.837502129297267,CAMELS-US
10258500,0.22401579727760848,24,0.34803008862244517,19,-0.5535961876436495,CAMELS-US
10259000,0.0606293145305273,24,0.5871990961277195,18,-8.685069024358844,CAMELS-US
10259200,0.3801382960398822,24,0.3705928624400594,17,0.02511042349393111,CAMELS-US
10263500,0.0254042746044264,24,0.3779794770672194,18,-13.878577835926906,CAMELS-US
10310500,0.02706835755205204,21,1.7195119799520717,10,-62.52479926591321,CAMELS-US
10316500,0.9048852675563112,24,0.16655680489940308,18,0.8159359966714916,CAMELS-US
10329500,0.044033911965299315,24,0.3751187775330384,18,-7.518861050288894,CAMELS-US
10336645,0.006696954818190096,24,0.18439466242980554,18,-26.534105789239835,CAMELS-US
10336660,0.009631927651278661,24,0.21516732079227374,18,-21.338967710550627,CAMELS-US
10336740,0.17580482550520876,20,0.5245461468016137,10,-1.983684579158906,CAMELS-US
10343500,0.05535708958107488,24,0.4242849302388611,16,-6.664509341977994,CAMELS-US
10348850,0.7587202127525456,24,0.22027663997420016,17,0.7096734260247752,CAMELS-US
10396000,0.01904985566848596,24,0.4421424500103782,16,-22.209753276073968,CAMELS-US
11098000,0.02646701993009144,24,0.09028526487509947,18,-2.411236516750813,CAMELS-US
11124500,0.15310624137811588,24,0.40809708148722,18,-1.6654503292218568,CAMELS-US
11141280,0.217288465416858,24,0.7498250435501018,18,-2.4508276456902425,CAMELS-US
11143000,0.04403661454736427,24,0.16571533883112555,18,-2.7631262197253568,CAMELS-US
11148900,0.18726621393886567,24,0.14337580241119469,16,0.23437442667580877,CAMELS-US
11151300,0.395254534768907,24,0.30812459699563655,16,0.2204400711663248,CAMELS-US
11162500,0.243311816803393,24,0.5013404405905604,18,-1.0604853770652092,CAMELS-US
11176400,0.16887935757269004,24,0.21170841061430026,18,-0.2536073896608442,CAMELS-US
11180500,0.31833135789966155,24,0.7371961992723662,18,-1.315813949767184,CAMELS-US
11180960,0.29767882345260277,24,0.2729790078481694,17,0.08297471522480038,CAMELS-US
11224500,0.15049423868852288,24,0.1744743362159134,17,-0.15934229599992866,CAMELS-US
11230500,0.40086703471614005,24,0.03030305467036563,18,0.9244062194043376,CAMELS-US
11237500,0.15312917316879068,24,0.6318932109184884,18,-3.12653707874441,CAMELS-US
11253310,0.25679912684147593,24,0.3138850989699263,18,-0.2222981551011658,CAMELS-US
11264500,0.37437126129156034,24,0.027479592752162704,18,0.9265980175471813,CAMELS-US
11266500,0.1177852008876958,24,0.1468130166258661,18,-0.24644705378434884,CAMELS-US
11274500,0.1320941711733765,24,0.09136650287267258,16,0.30832297851544077,CAMELS-US
11274630,0.23178504479174647,24,0.40184334595588406,19,-0.7336897051185121,CAMELS-US
11284400,0.1419176199727677,24,0.1469574542330264,17,-0.03551239276155971,CAMELS-US
11299600,0.37500731989412267,24,0.23059696672477142,14,0.3850867583334725,CAMELS-US
11381500,0.07744171501473728,24,0.34111115530164027,18,-3.4047469149763314,CAMELS-US
11383500,0.030346540581351954,24,0.16839553499496823,18,-4.549085061064516,CAMELS-US
11451100,0.03249699300093787,24,0.06949149815946508,18,-1.1383977944500754,CAMELS-US
11468500,0.05761759947890927,24,0.06818221942429901,18,-0.1833575164695449,CAMELS-US
11473900,0.0869090246209037,24,0.22637301819772412,18,-1.6047124471268774,CAMELS-US
11475560,0.08516257586353633,24,0.051925837962277004,18,0.39027398554169557,CAMELS-US
11476600,0.11696687849677995,24,0.0973554614729943,18,0.16766641356788492,CAMELS-US
11478500,0.077549925307052,24,0.05811925476668825,16,0.25055692140810903,CAMELS-US
11480390,0.08755277436821553,24,0.07816731702056039,17,0.10719771492543773,CAMELS-US
11481200,0.10249798726089987,24,0.0936148048008759,17,0.08666689656463777,CAMELS-US
11482500,0.03918853156889674,24,0.022970709960073058,19,0.4138410131625214,CAMELS-US
11522500,0.1711427814952998,24,0.061296378250522934,18,0.6418407033298897,CAMELS-US
11523200,0.025485468111225137,24,0.13745517784603528,18,-4.393472752634778,CAMELS-US
11528700,0.07856117188535318,24,0.15225151905678633,18,-0.9379995919481932,CAMELS-US
11532500,0.011501578265373118,24,0.005365681115920621,17,0.5334830584012415,CAMELS-US
12010000,0.1041796581206889,24,0.4187978219725427,12,-3.0199577300146103,CAMELS-US
12013500,0.11143696470243587,24,0.2915294457066218,14,-1.616092842128976,CAMELS-US
12020000,0.05434172069622283,24,0.09889310469799266,12,-0.8198375655201968,CAMELS-US
12025000,0.07562596515337665,24,0.10981846883875523,16,-0.45212650993654013,CAMELS-US
12025700,0.04017309344315034,24,0.15778916488339592,14,-2.927732503514726,CAMELS-US
12035000,0.05274393527560866,24,0.10290503261932799,15,-0.9510306176739951,CAMELS-US
12040500,0.029712813887480333,24,0.20085956743388658,12,-5.760031823122613,CAMELS-US
12041200,0.018309599234642242,24,0.16798993471613066,13,-8.174965140596267,CAMELS-US
12043000,0.023773049025309714,24,0.08699150401581406,12,-2.659248921886272,CAMELS-US
12048000,0.017619234692890295,24,0.09900810438860215,19,-4.619319233459888,CAMELS-US
12054000,0.012784341791483349,24,0.003767027621151598,17,0.705340510869233,CAMELS-US
12056500,0.012216266396548115,24,0.029756465014005026,15,-1.435806820847747,CAMELS-US
12073500,0.046653058545656954,24,0.14053980677270259,18,-2.012445724971354,CAMELS-US
12082500,0.08596224420213117,24,0.08303861172012325,17,0.03401065792481295,CAMELS-US
12092000,0.0149539331232615,24,0.051324016579638546,15,-2.432141641706407,CAMELS-US
12095000,0.030220482190533613,24,0.0318841565389939,17,-0.055051217845274,CAMELS-US
12114500,0.06411618580576299,24,0.08137604722649408,16,-0.2691966342636014,CAMELS-US
12115000,0.18666537393484225,24,0.2900878141035438,15,-0.5540526236258598,CAMELS-US
12115500,0.013673259975797587,24,0.09888802442644622,13,-6.232220012014939,CAMELS-US
12117000,0.022674981182706822,24,0.010782169240219217,18,0.5244904878491239,CAMELS-US
12141300,0.017338537792443865,24,0.1930855542525647,13,-10.136207479774413,CAMELS-US
12143600,0.007374701905698143,24,0.05557268548019046,15,-6.535583972180845,CAMELS-US
12144000,0.03199773190706963,24,0.038777920163122155,16,-0.2118959017390385,CAMELS-US
12145500,0.028462238084067587,24,0.1811913907801894,13,-5.366027514948502,CAMELS-US
12147500,0.045835344845363696,24,0.0034508926082901506,14,0.9247111018814728,CAMELS-US
12147600,0.07418517642903912,23,0.08698371614692549,10,-0.17252152429843792,CAMELS-US
12167000,0.003962956998303806,24,0.11722744737401408,13,-28.58080227067537,CAMELS-US
12175500,0.024481037717604657,24,0.07719679665882674,15,-2.153330244792419,CAMELS-US
12178100,0.018830732137580266,24,0.05687268749636619,16,-2.02020585715125,CAMELS-US
12186000,0.059083791333621814,24,0.02725351540139717,16,0.5387311005905527,CAMELS-US
12189500,0.057948970847945924,24,0.05262320787875088,17,0.09190435811482267,CAMELS-US
12358500,1.6151948837064116,24,0.9661535699103353,19,0.401834676634631,CAMELS-US
12374250,0.963253534321823,24,0.09355744986108218,16,0.9028734943319454,CAMELS-US
12375900,0.14673732638801498,24,0.055090537363174964,18,0.62456357411406,CAMELS-US
12377150,0.41652087996466697,24,0.2807904162082655,18,0.3258671300413928,CAMELS-US
12381400,1.1406191875649054,24,0.27880709784318175,18,0.7555651343737222,CAMELS-US
12383500,0.8754657450034306,24,0.06995218365638486,17,0.9200971779242936,CAMELS-US
12388400,1.1385216034623054,24,0.5214612986945216,19,0.5419838349059607,CAMELS-US
12390700,0.6181341774753738,24,0.08067658518030496,18,0.869483700917801,CAMELS-US
12411000,0.43585641988920854,24,0.283577529016094,18,0.34937856579426474,CAMELS-US
12414500,0.5629061043962287,24,0.13812875279239076,18,0.7546149318445441,CAMELS-US
12447390,1.1726771898835568,24,0.8441801356873063,18,0.28012573027780074,CAMELS-US
12451000,0.40058555872034884,24,0.20078368127341586,18,0.4987745391650922,CAMELS-US
12488500,0.79143235085026,24,0.3225032458197708,18,0.5925068700144798,CAMELS-US
13011500,0.8125970748010994,24,0.45283531317520836,18,0.4427308106098591,CAMELS-US
13011900,0.9308171473818737,24,0.2508837935865419,18,0.730469303995734,CAMELS-US
13018300,1.4233014905247485,24,0.24581244605616479,17,0.8272941834933808,CAMELS-US
13023000,1.0798404919863671,24,0.09503242236978483,17,0.9119940184915898,CAMELS-US
13083000,0.3212710287862869,24,0.24502252366896307,13,0.23733389657131265,CAMELS-US
13161500,1.4275524294479836,24,0.11394774972690552,15,0.9201796393769105,CAMELS-US
13235000,1.419340654952771,24,0.13519248491259536,15,0.9047497974211879,CAMELS-US
13240000,0.36150889750673704,24,0.24015464942932038,18,0.3356881363484424,CAMELS-US
13310700,1.1642886759495108,24,0.17683226747405495,18,0.8481199112154525,CAMELS-US
13313000,1.0529631757668698,24,0.11587040691608921,17,0.8899577785978117,CAMELS-US
13331500,1.093089705653845,24,0.2972671350396502,18,0.7280487287529287,CAMELS-US
13337000,1.1207181314620145,24,0.39118095466286684,18,0.6509550941657756,CAMELS-US
13338500,0.27509306975861375,24,0.029485947592226818,18,0.8928146477186798,CAMELS-US
13340000,1.1721386586508076,24,0.3104884809035195,18,0.7351094270187216,CAMELS-US
13340600,0.755278199180247,24,0.13707783539741072,18,0.8185068289456914,CAMELS-US
14020000,0.24310056391876358,24,0.13063953079862023,18,0.46261115691086685,CAMELS-US
14092750,0.1420761878077766,24,0.054443972967368665,18,0.6167973408673578,CAMELS-US
14096850,0.21272063287629392,24,0.06586949014004685,18,0.6903474324545059,CAMELS-US
14137000,0.03111170613233392,24,0.04012195379745462,16,-0.2896095645412542,CAMELS-US
14138800,0.048195871666147916,24,0.3401342419036961,12,-6.05733147145467,CAMELS-US
14138870,0.043156119903045104,24,0.28927267117368094,12,-5.702935106853056,CAMELS-US
14138900,0.05021196185344403,24,0.3054751718260725,12,-5.083713134286148,CAMELS-US
14139800,0.017253593619297958,24,0.11455589236513089,14,-5.639538109730449,CAMELS-US
14141500,0.02012578084806859,24,0.09202336401700448,14,-3.5724121072219504,CAMELS-US
14154500,0.007869997185687492,24,0.02158097205872303,16,-1.7421829448643953,CAMELS-US
14158500,0.8386633055383915,24,0.07767058391666551,14,0.907387644834653,CAMELS-US
14158790,0.13233711202572748,24,0.2537138339726466,15,-0.9171782585320616,CAMELS-US
14166500,0.27779588804809113,24,0.10941841952675795,18,0.6061193695285518,CAMELS-US
14182500,0.03191336745617159,24,0.23435944126712369,12,-6.343613662487439,CAMELS-US
14185000,0.037150286987873704,24,0.1025196233494853,15,-1.7595916926011617,CAMELS-US
14185900,0.07051762628515652,24,0.33790329125845425,13,-3.791756459470908,CAMELS-US
14187000,0.07943711314979778,24,0.07383365839831459,17,0.07053950640069873,CAMELS-US
14216500,0.3860584617835156,24,0.3349748343060348,17,0.13232096310357844,CAMELS-US
14222500,0.13789683304315578,24,0.21761450074375158,15,-0.5780964358742569,CAMELS-US
14236200,0.12294995379746791,24,0.3762210953456889,14,-2.059953125036774,CAMELS-US
14301000,0.9436398978100606,24,0.8331043150595575,17,0.11713746208381726,CAMELS-US
14303200,0.21681107579649828,24,0.17943151207572708,17,0.17240615399121095,CAMELS-US
14305500,0.15906495285906994,24,0.44065686253224345,14,-1.7702951191433183,CAMELS-US
14306340,0.057224666838766425,24,0.0643714295009839,16,-0.12488954601262892,CAMELS-US
14306500,0.1499561666012771,24,0.10582723876635373,17,0.2942788471797835,CAMELS-US
14308990,0.07754294792359552,24,0.2054837990912269,18,-1.6499353531631766,CAMELS-US
14309500,0.015039562453103386,24,0.010528032996779525,17,0.29997744085918643,CAMELS-US
14316700,0.010869908580221707,24,0.016899991087051532,16,-0.5547500664174707,CAMELS-US
14325000,0.009037397226531052,24,0.01238681523923612,16,-0.37061754936168945,CAMELS-US
14362250,0.09281993311727128,24,0.36850996488679905,18,-2.970159776146502,CAMELS-US
14400000,0.05151400829886557,24,0.03995320309941325,17,0.22442061064983976,CAMELS-US
00001001,0.033165865879106866,24,0.08472801820584903,12,-1.5546752952174305,CAMELS-GB
00002001,0.006741589520010468,24,0.02619035587885997,12,-2.8848932883144895,CAMELS-GB
00002002,0.20410668748023628,24,0.4863675108524193,10,-1.3829082567395763,CAMELS-GB
00003003,0.01146666894971884,24,0.03687265634038878,10,-2.2156379940918147,CAMELS-GB
00004001,0.07648588211231916,24,0.026980324553941608,18,0.6472509199237433,CAMELS-GB
00004003,0.1340675029651789,24,0.24503226798364167,12,-0.8276783155071028,CAMELS-GB
00004005,0.008220986167063371,24,0.02972443728387034,11,-2.6156778128344964,CAMELS-GB
00004006,0.05434546669004431,24,0.13994853323753373,12,-1.5751648069510695,CAMELS-GB
00005003,0.031800631635738465,24,0.011546648187398329,17,0.636905067809349,CAMELS-GB
00006007,1.7525535501427936,24,1.2934894984342562,17,0.2619400997311232,CAMELS-GB
00006008,0.12177222919207094,24,0.20696264343734982,13,-0.6995881968368036,CAMELS-GB
00007001,0.018972655215252016,24,0.015862344472910083,11,0.16393650266946136,CAMELS-GB
00007002,0.0145592438224668,24,0.032098353654691936,11,-1.2046717567268166,CAMELS-GB
00007003,0.12466637747100755,24,0.12992812398252856,15,-0.04220662072854964,CAMELS-GB
00007005,0.0489274333703354,24,0.17052702733546504,10,-2.485304983090636,CAMELS-GB
00007006,0.12243711155062571,24,0.3514068763704191,10,-1.8701010005868866,CAMELS-GB
00008004,0.009981967084808358,24,0.013114897698275218,12,-0.31385904069298065,CAMELS-GB
00008005,0.844702855295414,24,0.8330632339994355,15,0.01377954534308734,CAMELS-GB
00008006,0.2290042293303435,24,0.25567309714064823,15,-0.11645578725026207,CAMELS-GB
00008009,0.019600599334461694,24,0.009577626450747665,12,0.5113605310064003,CAMELS-GB
00008011,0.03552425864083787,24,0.013838279805291603,14,0.6104554933798553,CAMELS-GB
00008013,0.015696753959522285,24,0.0026308281626944343,11,0.8323966745303752,CAMELS-GB
00009002,0.022276854953492076,24,0.009584483281339146,16,0.5697559955680951,CAMELS-GB
00009003,0.05425725502132234,24,0.024260534487039707,15,0.5528610049014522,CAMELS-GB
00009004,0.02448252275811294,24,0.03252203321015927,18,-0.3283775341077637,CAMELS-GB
00009005,0.015624256307879753,24,0.036032058819955776,11,-1.3061615292232371,CAMELS-GB
00010002,0.13660318259010157,24,0.08396963392441448,17,0.38530250663062504,CAMELS-GB
00010003,0.10399978216627964,24,0.05227024090040399,17,0.4974004770814623,CAMELS-GB
00011001,0.13889814692710503,24,0.06781051430951938,18,0.5117968395567801,CAMELS-GB
00011003,0.009268094505723475,24,0.009834607052945745,16,-0.061125029192615976,CAMELS-GB
00011004,0.002763643984269698,24,0.05254345700784148,17,-18.01238267552261,CAMELS-GB
00012001,0.0013121371129209954,24,0.015435824788023541,13,-10.763880951176892,CAMELS-GB
00012002,0.0050964789627093955,24,0.024497433020483298,14,-3.806736807848991,CAMELS-GB
00012005,0.00709029790437471,24,0.028425402451069986,13,-3.0090561545420433,CAMELS-GB
00012006,0.002787001977142488,24,0.02185010082071483,12,-6.8400019088317014,CAMELS-GB
00012007,0.00844542546409062,24,0.005945673595600882,12,0.29598886155807236,CAMELS-GB
00012008,0.03822731063288327,24,0.018357928219991153,13,0.5197692980212006,CAMELS-GB
00012009,0.08880658563003947,24,0.036696160214778846,11,0.5867855975495797,CAMELS-GB
00013001,0.014568540422034267,24,0.016609744877023228,16,-0.1401104294498665,CAMELS-GB
00013004,0.07420990779268503,24,0.08486903611298871,14,-0.14363484118699255,CAMELS-GB
00013005,0.0575752321904777,24,0.034530016924223486,17,0.40026265443469,CAMELS-GB
00013007,0.029051902551536654,24,0.027194473002761843,14,0.06393486779324764,CAMELS-GB
00013008,0.007359352675392217,24,0.027094721095226235,14,-2.6816717842350477,CAMELS-GB
00014001,0.11357639612012684,24,0.045159935304140524,17,0.6023827410725726,CAMELS-GB
00014002,0.13040922422053686,24,0.06481060939611424,17,0.5030212794877752,CAMELS-GB
00014005,0.4640864991860565,24,0.33699239653862423,17,0.2738586510711639,CAMELS-GB
00015006,0.17659942609780319,24,0.1638073691432548,16,0.07243543898870863,CAMELS-GB
00015007,0.24575345049482436,24,0.2292090937355641,16,0.06732095409422822,CAMELS-GB
00015010,0.011518879278544761,24,0.023540566351655565,15,-1.043650756502204,CAMELS-GB
00015011,0.05387583631741336,24,0.020350906059355807,13,0.6222628278203055,CAMELS-GB
00015012,0.1445564929333603,24,0.12382920305617005,17,0.14338539526374228,CAMELS-GB
00015013,0.04796239617909128,24,0.024269794919194846,13,0.49398285213750404,CAMELS-GB
00015014,0.064928845098908,24,0.030024032361380616,12,0.5375856090518146,CAMELS-GB
00015016,2.1726258301042516,24,1.8232117222102462,17,0.16082571745786478,CAMELS-GB
00015021,1.084435641560744,24,0.9451590162254382,17,0.12843235688459642,CAMELS-GB
00015023,0.013989983183787797,24,0.039686165763332296,13,-1.836755787478169,CAMELS-GB
00015024,0.012154101366448422,24,0.05789174919431923,12,-3.7631451679455514,CAMELS-GB
00015025,0.044571303155231466,24,0.025249133658256533,13,0.4335114328984351,CAMELS-GB
00015030,0.4756943059121814,24,0.29490842222679414,17,0.380046347913953,CAMELS-GB
00015039,0.04349852769649223,24,0.005933077879830503,10,0.8636027885534858,CAMELS-GB
00016001,0.038685258392706305,24,0.0654806579094234,15,-0.6926514292526758,CAMELS-GB
00016003,0.13307982449145064,24,0.07082225028794022,11,0.4678212827633388,CAMELS-GB
00016004,0.038927423392929976,24,0.06140828237000895,15,-0.5775069865312987,CAMELS-GB
00017001,0.008484164614792835,24,0.0044370468683313504,12,0.4770201817401095,CAMELS-GB
00017003,0.01879186219549447,24,0.0013368945212856777,12,0.9288577945401169,CAMELS-GB
00017004,0.14577648912336091,24,0.07587251039471153,18,0.47952848328988296,CAMELS-GB
00017005,0.008355145428662121,24,0.033371801905734556,12,-2.9941617043855886,CAMELS-GB
00017015,0.01646320831729468,24,0.026841445887193876,12,-0.6303897375213801,CAMELS-GB
00017018,0.08940753137198935,24,0.11224894767843957,17,-0.25547530455142664,CAMELS-GB
00018001,0.022416147004800834,24,0.005893607599149707,12,0.7370820418920575,CAMELS-GB
00018002,0.06815585773884587,24,0.11863893594500137,14,-0.7407005044172796,CAMELS-GB
00018003,0.9389774521606378,24,1.0190922048433124,15,-0.08532127422051117,CAMELS-GB
00018008,1.3773773575847519,24,1.7211674299457098,13,-0.24959759245919222,CAMELS-GB
00018010,0.45387626622890737,24,0.6083086808256241,13,-0.34025223631946955,CAMELS-GB
00018011,1.0453934344592637,24,1.2604524411826579,14,-0.20572064032010573,CAMELS-GB
00018014,0.06059794036656314,24,0.03514546386939209,13,0.42002213842923397,CAMELS-GB
00019001,0.008158484973930557,24,0.034033401408540435,12,-3.1715344843178626,CAMELS-GB
00019006,0.017956485151766777,24,0.004849742139837583,16,0.7299169576424367,CAMELS-GB
00019010,0.05156346727163963,24,0.20011211741078935,17,-2.8808894746465743,CAMELS-GB
00019017,0.007578507375903213,24,0.021014874143850313,12,-1.7729568767947188,CAMELS-GB
00019020,0.02189311694362238,24,0.0073392908928935794,10,0.6647672000385689,CAMELS-GB
00020002,0.2062870844282901,24,0.1145888974308659,17,0.4445173446101057,CAMELS-GB
00020003,0.04294110511678012,24,0.019297440424017164,16,0.5506068050289583,CAMELS-GB
00020007,0.05582612080870442,24,0.026059527457881863,16,0.5332018940169911,CAMELS-GB
00021003,0.01947757196787868,24,0.03457736347151412,15,-0.7752399287004135,CAMELS-GB
00021006,0.021303314254383088,24,0.04846031371644673,14,-1.274778146619894,CAMELS-GB
00021008,0.002951826223659758,24,0.006175579608792838,13,-1.0921216700677516,CAMELS-GB
00021009,0.047982615510710945,24,0.07603903591973092,14,-0.5847205307671706,CAMELS-GB
00021011,0.10576596177916066,24,0.17922448709616903,14,-0.6945384326045254,CAMELS-GB
00021012,0.04529486267936652,24,0.02827810963877802,13,0.37568836803958916,CAMELS-GB
00021013,0.028070098920077516,24,0.05642457887780107,14,-1.010131102083243,CAMELS-GB
00021015,0.013437820194473765,24,0.0010827301504395385,15,0.9194266529265807,CAMELS-GB
00021016,0.021216627910044816,24,0.015469289512991874,14,0.27088840042917084,CAMELS-GB
00021017,0.10610862834807534,24,0.042730381323874495,11,0.5972958845184284,CAMELS-GB
00021018,0.03167576376968293,24,0.0311299041758604,15,0.01723272082060978,CAMELS-GB
00021022,0.05404159134747034,24,0.027343842686010898,15,0.49402225204290084,CAMELS-GB
00021023,0.054537695437451045,24,0.05529069143165473,14,-0.013806890594915133,CAMELS-GB
00021024,0.06502205562194935,24,0.019884588786691405,11,0.694187017059193,CAMELS-GB
00021026,0.13316642722810978,24,0.061792060667918244,10,0.5359786850624861,CAMELS-GB
00021027,0.0669328356943966,24,0.04158894189700848,14,0.3786466468132895,CAMELS-GB
00022001,0.033173530856218304,24,0.06211759220754277,13,-0.872504692876217,CAMELS-GB
00022006,0.0725007988641012,24,0.07741485438711014,14,-0.06777932933153008,CAMELS-GB
00022007,0.0238079006018639,24,0.014710509354340354,12,0.3821164830808861,CAMELS-GB
00022009,0.016600203266222094,24,0.028398153259314152,12,-0.7107111764768805,CAMELS-GB
00023001,0.01681281934212895,24,0.0027516925459912284,12,0.8363336636172531,CAMELS-GB
00023004,0.039032256273242576,24,0.00432701267248552,11,0.8891426454521467,CAMELS-GB
00023006,0.05836325696863017,24,0.011045024211572904,10,0.8107538066713871,CAMELS-GB
00023007,0.03365093609352846,24,0.009928524892970953,17,0.704955462000347,CAMELS-GB
00023008,0.013389286746987139,24,0.014721981317873485,11,-0.09953439612354464,CAMELS-GB
00023011,0.09817199531377103,24,0.032178717082438364,9,0.6722210139501513,CAMELS-GB
00023016,0.06178529635339575,24,0.07408172169947749,13,-0.19901863504464568,CAMELS-GB
00024001,0.010742848835458044,24,0.017660521523626727,12,-0.6439327960509027,CAMELS-GB
00024003,0.048085854793505516,24,0.012040816054146856,11,0.7495975457678026,CAMELS-GB
00024004,0.014556274140698794,24,0.0033572451748500117,14,0.7693609544311013,CAMELS-GB
00024005,0.05739627442483211,24,0.03256944532840931,15,0.43255122993978934,CAMELS-GB
00025001,0.021081662482951,24,0.00252659545684245,12,0.8801519823739832,CAMELS-GB
00025003,0.1208294406868714,24,0.05148109885081383,9,0.5739358010915012,CAMELS-GB
00025006,0.027388266684506404,24,0.012605937159002456,10,0.5397322034207568,CAMELS-GB
00025012,0.098611462517172,24,0.022607598674039497,9,0.7707406614104049,CAMELS-GB
00025020,0.17866732636530266,24,0.10338810209027824,17,0.4213373861156279,CAMELS-GB
00025021,0.26542121607097674,24,0.1860691301889574,17,0.29896662767455506,CAMELS-GB
00026003,0.0840773855425799,22,0.6436282359930952,13,-6.655188512815232,CAMELS-GB
00026005,0.9532393458985449,24,0.879038960155325,16,0.0778402465891469,CAMELS-GB
00026006,2.902683138792849,24,3.5475238698936664,17,-0.22215333202679166,CAMELS-GB
00026008,0.04867273917033993,24,0.2483894571304902,16,-4.103256183326809,CAMELS-GB
00026009,0.8355479446205115,24,1.7580492446083782,16,-1.104067463665233,CAMELS-GB
00027001,0.006249907939363541,24,0.0038491149242165486,15,0.3841325405813061,CAMELS-GB
00027002,0.005955044463781847,24,0.019255743997336358,12,-2.233518089486722,CAMELS-GB
00027003,0.1178666805896758,24,0.07764381147937953,17,0.34125733336227915,CAMELS-GB
00027006,0.008998458309621104,24,0.005161079792950217,16,0.4264484409032582,CAMELS-GB
00027007,0.013785444071141219,24,0.045508449347729955,13,-2.30119574769437,CAMELS-GB
00027009,0.664606491445583,24,0.5411266834839926,16,0.18579386381407437,CAMELS-GB
00027021,0.13651973424081656,24,0.08864425223773328,16,0.3506854321781232,CAMELS-GB
00027023,0.09154586204665133,24,0.055166072445696976,14,0.3973941452691263,CAMELS-GB
00027025,0.026411174008321808,24,0.008645995009505539,16,0.6726387472673006,CAMELS-GB
00027026,0.03193204106899905,24,0.015171753574191765,14,0.524873667129248,CAMELS-GB
00027029,0.016939888192850288,24,0.021706536468895643,15,-0.28138605295265084,CAMELS-GB
00027030,0.03693663012485222,24,0.00862378166269824,17,0.766524947361241,CAMELS-GB
00027032,0.013101661233029985,24,0.0030345482502137787,12,0.768384466958776,CAMELS-GB
00027034,0.004349853752288138,24,0.010177977796566007,12,-1.3398436766321447,CAMELS-GB
00027035,0.11037369128210055,24,0.17810888312607753,13,-0.6136896488390047,CAMELS-GB
00027038,0.27295563748286816,24,0.18576818091148936,15,0.3194198785392408,CAMELS-GB
00027041,1.1532093099809024,24,0.7518876819250768,17,0.3480041520497885,CAMELS-GB
00027042,0.03202227468671004,24,0.03014437396908342,16,0.058643576572840694,CAMELS-GB
00027043,0.010630909596338152,24,0.008371784742874379,11,0.21250532073397888,CAMELS-GB
00027047,0.11946491032494443,24,0.0365784528525614,9,0.6938142526280893,CAMELS-GB
00027049,0.003002991180080083,24,0.03531316451807573,17,-10.759330081393715,CAMELS-GB
00027051,0.04735231560168412,24,0.014486991686673783,12,0.6940594878498709,CAMELS-GB
00027062,0.17114245200005518,24,0.20908539751253688,15,-0.22170387924832036,CAMELS-GB
00027064,0.14671011642934154,24,0.1011865178923462,16,0.3102962470820504,CAMELS-GB
00027065,0.02733165388860274,24,0.03422276805005002,13,-0.252129424349284,CAMELS-GB
00027071,0.23921233567171066,24,0.17337545332306808,16,0.2752236090324186,CAMELS-GB
00027073,2.9010936051877754,24,1.7487139944099297,17,0.39722248489919276,CAMELS-GB
00027077,0.06557634928454206,24,0.030163536855800626,12,0.5400241522302782,CAMELS-GB
00027079,0.007544539388272108,24,0.008827263914679936,17,-0.17002025708843238,CAMELS-GB
00027080,0.09063111414678887,24,0.12180797510091754,14,-0.34399732638874636,CAMELS-GB
00027084,0.039197396562989976,24,0.007232571424837417,11,0.8154833723914618,CAMELS-GB
00027087,0.5205953308616564,24,0.17456819559251266,17,0.6646758331397663,CAMELS-GB
00027089,0.014238006170501213,24,0.027612718432669024,14,-0.9393669381797287,CAMELS-GB
00027090,0.04134837823268579,24,0.009335342459600273,12,0.7742271194515506,CAMELS-GB
00028001,0.007411598658476269,24,0.015928232423235156,16,-1.1490953783660216,CAMELS-GB
00028003,0.16137073864275833,24,0.15664073622344898,16,0.02931140093360174,CAMELS-GB
00028008,0.020554703753470394,24,0.05820983979470337,18,-1.8319473971924989,CAMELS-GB
00028009,1.5887227373487811,24,1.0030606014513603,17,0.36863709578095316,CAMELS-GB
00028012,0.9560957755326043,24,0.5606950494095042,17,0.41355765420345836,CAMELS-GB
00028015,0.7407209301278946,24,0.36393333617498375,17,0.5086768560567796,CAMELS-GB
00028018,0.029325240381141676,24,0.005467227626911725,17,0.8135658035244082,CAMELS-GB
00028022,1.675362497356221,24,1.2051796269987278,17,0.28064545499822136,CAMELS-GB
00028024,0.35360619521092557,24,0.2175995680988167,17,0.38462738762532456,CAMELS-GB
00028026,0.11333270061151711,24,0.06703724725593596,17,0.40849157485687326,CAMELS-GB
00028031,0.06368844090001893,24,0.061821319547344794,15,0.02931648704676615,CAMELS-GB
00028033,0.052037135229921365,24,0.08548221855596885,14,-0.6427156909824767,CAMELS-GB
00028039,0.2224083407439421,24,0.15657240798811328,12,0.2960137759924457,CAMELS-GB
00028040,0.04163678290838504,24,0.014931139532647483,14,0.6413954563804551,CAMELS-GB
00028043,0.009508891830717235,24,0.01727850891024492,17,-0.8170896480732854,CAMELS-GB
00028044,0.0029094547047357542,24,0.15717411364042766,14,-53.02184587530903,CAMELS-GB
00028046,0.008538179887562258,24,0.06038231704510932,17,-6.072036176359961,CAMELS-GB
00028048,0.05323096032166016,24,0.03690603766920865,15,0.306680972009606,CAMELS-GB
00028050,0.3797278838954614,24,0.1782885755590662,17,0.5304833194494909,CAMELS-GB
00028052,0.24208661674873577,24,0.10816854102134597,17,0.553182482889522,CAMELS-GB
00028055,0.0986151060004594,24,0.11591913402275632,16,-0.17547035869145944,CAMELS-GB
00028056,0.040758531017504505,24,0.018964159911492934,17,0.5347192492450616,CAMELS-GB
00028060,0.1697450031163333,24,0.39833733692743256,17,-1.3466807836130257,CAMELS-GB
00028066,0.08287652648690322,24,0.04447208204358017,14,0.46339350925128375,CAMELS-GB
00028067,0.0944170698664243,24,0.03310488599365254,17,0.6493760498976786,CAMELS-GB
00028072,0.06861940761979642,24,0.10072485124223443,17,-0.46787701520722136,CAMELS-GB
00028074,1.310061948593196,24,0.8462467819267008,17,0.3540406369061867,CAMELS-GB
00028080,0.03246478258298393,24,0.01856756816223829,17,0.42807046020476724,CAMELS-GB
00028081,0.16299481152878245,24,0.18285441687911222,17,-0.12184194799858927,CAMELS-GB
00028082,0.06443069359436836,24,0.0290371661213439,17,0.54932712188152,CAMELS-GB
00028085,0.0680550158756902,24,0.0324895284008776,18,0.5225990622025096,CAMELS-GB
00028091,0.13666761499103766,24,0.06622356641404119,17,0.5154406812588046,CAMELS-GB
00028093,1.1114011698765918,24,0.8749154657474099,17,0.2127815864684045,CAMELS-GB
00028115,0.17471419409689506,24,0.23332225014267527,18,-0.33545102817047967,CAMELS-GB
00028116,0.03774413650440749,24,0.07371479974816969,18,-0.9530132776931273,CAMELS-GB
00028117,0.07806552854153319,24,0.05569679335858213,17,0.28653793295013974,CAMELS-GB
00029002,0.07061453816535375,24,0.2969291411373581,14,-3.2049293084953305,CAMELS-GB
00029003,0.22416308322775405,24,0.6877865658570611,14,-2.0682419065330957,CAMELS-GB
00029005,0.0477783736446492,24,0.07231774576202203,18,-0.513608359712785,CAMELS-GB
00029009,0.003161174304263091,24,0.03951125732956674,18,-11.498917657366352,CAMELS-GB
00030001,0.10794674350341758,24,0.08269906232530969,17,0.23389016063563384,CAMELS-GB
00030004,0.05988521733033467,24,0.09541260423191132,18,-0.5932580440612407,CAMELS-GB
00030005,0.0434365971095658,24,0.20245489243008513,17,-3.6609289378587073,CAMELS-GB
00030011,0.14596206355289176,24,0.12013137885424006,17,0.176968481192317,CAMELS-GB
00030012,0.05937769402309125,24,0.0605001853760953,17,-0.01890425978091237,CAMELS-GB
00030014,0.3748362155764864,24,0.40954996024559664,17,-0.09261043417515458,CAMELS-GB
00030015,0.05927860544981408,24,0.36446042883457797,17,-5.148262531970901,CAMELS-GB
00031002,0.11159097555902635,24,0.09456501720619638,17,0.15257468865682633,CAMELS-GB
00031006,0.15630067816253282,24,0.11107338290721942,17,0.28936083827021375,CAMELS-GB
00031010,0.04119575917458316,24,0.08065976164141873,17,-0.957962743193818,CAMELS-GB
00031021,0.038935114257262246,24,0.014687084069526915,17,0.6227805067558662,CAMELS-GB
00031023,0.16289823370922127,24,0.09760108438158992,13,0.4008462697280618,CAMELS-GB
00031025,0.11973497340084192,24,0.0697163581130493,13,0.41774440555762393,CAMELS-GB
00032003,0.11650327284015051,24,0.09615456175916554,16,0.17466214111344858,CAMELS-GB
00032004,0.4022257139524601,24,0.27681107160791063,17,0.3118016526396731,CAMELS-GB
00032006,0.030193595590207994,24,0.016745121054882964,17,0.4454081825116075,CAMELS-GB
00032008,0.01202634301101329,24,0.028910095702078926,17,-1.4038974836826212,CAMELS-GB
00033006,1.6274479251808769,24,0.8936003035828805,16,0.450919264600393,CAMELS-GB
00033007,1.072394350444295,24,0.4130061586239249,14,0.6148747347905967,CAMELS-GB
00033012,0.04926162696969888,24,0.028333101201184516,15,0.42484438813577197,CAMELS-GB
00033013,1.738704719988802,24,1.2570009558089112,17,0.27704748175008875,CAMELS-GB
00033014,0.38567567991120816,24,0.2603088283277345,16,0.3250577055113668,CAMELS-GB
00033018,0.04245052207022811,24,0.06964634938713161,17,-0.6406476526227882,CAMELS-GB
00033019,2.44567393626037,24,1.4989957913607312,17,0.38708273039340024,CAMELS-GB
00033020,0.07487189501693009,24,0.06413091256191564,16,0.14345813542699426,CAMELS-GB
00033021,0.7768632696424432,24,0.49305739950119176,17,0.3653228067686546,CAMELS-GB
00033022,0.2558304885584722,24,0.16302066580675734,17,0.3627785854401884,CAMELS-GB
00033023,0.189084518945287,24,0.2911297506645718,16,-0.5396805211155988,CAMELS-GB
00033024,0.21607861392870364,24,0.30121199303650426,16,-0.39399261944493436,CAMELS-GB
00033026,0.8969912963659009,24,0.48087024151481544,17,0.4639075725003927,CAMELS-GB
00033028,0.08597392724518009,24,0.08294753930005484,17,0.035201229513391996,CAMELS-GB
00033029,0.25639961938935557,24,0.10973496412591832,16,0.5720158852526207,CAMELS-GB
00033031,0.0586317465120754,24,0.0349204749972652,14,0.4044101178177728,CAMELS-GB
00033032,0.6823620620209199,22,0.5517108592379397,12,0.1914690309658139,CAMELS-GB
00033033,0.035213066379624215,24,0.12337634574169372,17,-2.5037092314426936,CAMELS-GB
00033034,2.3306038518028993,24,1.404894245804897,17,0.3971973208925642,CAMELS-GB
00033035,0.04895884050495273,24,0.10732169848140809,17,-1.1920800691869187,CAMELS-GB
00033039,1.457334929327951,24,0.9040643351816672,17,0.37964546310670266,CAMELS-GB
00033053,0.14527924642513274,24,0.21255358861791065,17,-0.4630691846783954,CAMELS-GB
00033054,0.17441134961044744,22,0.13666025976727778,13,0.21644858506907816,CAMELS-GB
00033058,0.12630475714213654,24,0.0681141432777571,17,0.46071593169602376,CAMELS-GB
00034002,0.7780014759194448,24,0.5121269665725285,17,0.34174036627977455,CAMELS-GB
00034003,0.40453092603205215,24,0.30384505698097647,17,0.24889535650260286,CAMELS-GB
00034004,1.0840586849950633,24,0.5557213903667036,17,0.4873696433055795,CAMELS-GB
00034005,0.5013601201975351,24,0.2827638094377954,17,0.4360065788112806,CAMELS-GB
00034006,1.0379198840844301,24,0.6675341203762488,17,0.35685390499566927,CAMELS-GB
00034007,0.5233302562686349,24,0.3892968994800492,16,0.2561162003975248,CAMELS-GB
00034008,0.2296494681400126,24,0.23810768181103617,15,-0.036830974352036305,CAMELS-GB
00034010,0.734765379548774,24,0.4887133956749236,17,0.33487149874284106,CAMELS-GB
00034011,0.6531279220781381,24,0.3369803950692852,16,0.4840514642260694,CAMELS-GB
00034012,0.06047735750723635,21,0.4133159366136332,12,-5.834226124449606,CAMELS-GB
00035003,0.156820888168344,24,0.12512897177586998,14,0.20208989224989848,CAMELS-GB
00035008,0.06998399118724334,24,0.04135480860041704,17,0.40908187860032796,CAMELS-GB
00036003,0.056569078175127706,24,0.07301676029067256,17,-0.29075393565060015,CAMELS-GB
00036006,0.8458606871514037,24,0.5783901303240027,17,0.3162111218670759,CAMELS-GB
00036009,0.05774269472122356,24,0.04508020752854928,17,0.21929158751263012,CAMELS-GB
00036010,0.1681074949836373,24,0.12706921554330944,15,0.2441192728755034,CAMELS-GB
00036011,0.09239662857830244,24,0.08599201460538973,16,0.06931653320537623,CAMELS-GB
00036012,0.057574048356429985,24,0.21722738648405868,17,-2.7730087198184368,CAMELS-GB
00037001,0.9412079703732074,24,0.7639630330636603,18,0.18831644321845886,CAMELS-GB
00037003,0.4772564096011395,24,0.2921801409513813,17,0.3877921069817233,CAMELS-GB
00037005,0.7744463023829798,24,0.5778643875030727,17,0.2538354360722266,CAMELS-GB
00037008,0.331640160659508,24,0.24394018704136097,17,0.26444316467506424,CAMELS-GB
00037009,0.157201263821238,24,0.11421937038971838,17,0.27341951576417756,CAMELS-GB
00037010,0.785691771801715,24,0.6356171300881066,17,0.19100956265516644,CAMELS-GB
00037011,0.052838948429498676,24,0.04675850116735263,17,0.11507509976772134,CAMELS-GB
00037018,0.17663964534080204,24,0.1541414450850139,15,0.12736778435204021,CAMELS-GB
00037019,0.1582027050222156,24,0.11416699043119083,14,0.27834994720754647,CAMELS-GB
00037020,0.09294470384139697,24,0.05843997532950079,17,0.37123931849603675,CAMELS-GB
00037031,0.2709556228929562,24,0.22077593130643935,13,0.18519523990960274,CAMELS-GB
00037033,0.31329179528421924,24,0.24568781540046844,12,0.2157859889768906,CAMELS-GB
00038001,0.26450853133640334,24,0.2661775991557531,17,-0.0063100717807360596,CAMELS-GB
00038003,0.15423058185024682,21,0.5200352180337681,12,-2.371803515198473,CAMELS-GB
00038004,0.1244152397770605,24,0.20361836096987043,17,-0.6366030506771831,CAMELS-GB
00038007,0.2149135349803961,24,0.17948346012767719,15,0.16485734533169705,CAMELS-GB
00038012,0.17636155485761487,24,0.10306111152848726,11,0.41562597578767413,CAMELS-GB
00038014,0.13265770052620954,24,0.11365197406150528,15,0.143268927392189,CAMELS-GB
00038017,0.010223626912514838,19,0.16147784142619015,11,-14.794574939792023,CAMELS-GB
00038018,0.2125166411935805,24,0.2633749557141945,14,-0.23931450372532193,CAMELS-GB
00038021,0.08413868591419266,24,0.07481704005692652,16,0.11078905922981319,CAMELS-GB
00038026,0.046554642972858766,24,0.02408366172565766,17,0.4826797030814226,CAMELS-GB
00038029,0.21633490078754677,24,0.23642171284648025,17,-0.09285053861309178,CAMELS-GB
00038030,0.18015654838382314,24,0.4350666495551425,17,-1.4149366395954366,CAMELS-GB
00039001,1.1505302651867975,24,0.6524135490230929,17,0.4329453394108077,CAMELS-GB
00039002,1.3303712230970763,24,0.7626736173019009,17,0.426721200774012,CAMELS-GB
00039004,0.546026688933459,24,0.8027219083063093,14,-0.4701147848180225,CAMELS-GB
00039005,0.23546152824935626,24,0.3016528840948671,17,-0.28111325165363543,CAMELS-GB
00039006,1.4996261111035603,24,0.8170844093649483,17,0.4551412493320326,CAMELS-GB
00039007,0.06365841685912964,24,0.024400746122110576,17,0.6166925392425759,CAMELS-GB
00039008,0.8821989292294384,24,0.4508253916115883,17,0.4889753584201647,CAMELS-GB
00039010,0.6133632453742754,22,0.16297121050647442,12,0.7342990279650208,CAMELS-GB
00039011,0.027421790291020126,24,0.06416036975383071,18,-1.339758603392188,CAMELS-GB
00039012,0.16085742698987476,24,0.42203061579958795,17,-1.6236315207637433,CAMELS-GB
00039014,0.03322182143402266,19,0.0963772044890616,11,-1.9010210858084124,CAMELS-GB
00039015,0.01642846522858987,22,0.20079168529583127,12,-11.222181591643796,CAMELS-GB
00039016,0.20769861271149503,24,0.07530285765719577,15,0.6374416917180105,CAMELS-GB
00039017,0.1908056525065366,24,0.15806055756568999,15,0.17161491030631204,CAMELS-GB
00039019,0.11827690910010476,24,0.37951679924123294,14,-2.2087142125097756,CAMELS-GB
00039020,2.299934547927442,24,1.5125265826020975,16,0.34236103198454393,CAMELS-GB
00039021,0.982206722992001,24,0.5948778460144446,17,0.3943455770671921,CAMELS-GB
00039022,0.03246643812315598,24,0.057825038648581135,17,-0.781071222818825,CAMELS-GB
00039023,0.08062231434868947,20,0.33532726687871645,12,-3.1592364296122106,CAMELS-GB
00039025,0.016701286561861765,24,0.05582997052702722,17,-2.3428544753263374,CAMELS-GB
00039027,0.5309917337431416,24,0.16278446648547723,14,0.6934331437931169,CAMELS-GB
00039028,0.13687721252599774,24,0.245947369307564,14,-0.7968467122374372,CAMELS-GB
00039029,0.1355913324757503,24,0.2126792587108481,15,-0.568531371641211,CAMELS-GB
00039034,0.6319024689913059,24,0.35470561417396806,17,0.4386703145183496,CAMELS-GB
00039035,0.7779255807878505,24,0.8631310496128269,17,-0.10952907441182735,CAMELS-GB
00039036,0.0072573449803152645,22,0.16949684492719652,12,-22.355213977968216,CAMELS-GB
00039037,0.23035690206802015,24,0.3089757402259382,16,-0.3412914371226583,CAMELS-GB
00039042,1.3685660532666695,24,0.9149413841852997,17,0.3314598283353588,CAMELS-GB
00039049,0.12327738773770926,24,0.08524021788492012,14,0.30854944731404277,CAMELS-GB
00039052,0.028611791975421578,24,0.03146672738712986,16,-0.0997817757853392,CAMELS-GB
00039054,0.06802838704048571,24,0.042684542338895105,14,0.3725480759452334,CAMELS-GB
00039056,0.2942214421156323,24,0.2973950821785777,16,-0.010786569599159801,CAMELS-GB
00039061,0.9799230799083848,24,0.7503031179695144,15,0.23432447571327542,CAMELS-GB
00039065,0.1592057252711578,22,0.15697020720724256,12,0.014041693915892384,CAMELS-GB
00039069,0.02365415654603839,24,0.00649263731723758,15,0.7255181217474029,CAMELS-GB
00039072,1.3942224219645913,24,0.7216416655710676,17,0.48240563757810884,CAMELS-GB
00039078,0.03969087914648291,24,0.13180146668042114,17,-2.3206991005161535,CAMELS-GB
00039081,1.0589692976742933,24,0.5925920230206169,17,0.4404067952469759,CAMELS-GB
00039087,0.012021196573675922,24,0.012102011861114552,17,-0.006722732378871443,CAMELS-GB
00039088,0.04145433564159245,19,0.13162890660988896,11,-2.175274783027074,CAMELS-GB
00039095,0.1753069082121066,24,0.15326136350382538,15,0.12575399870499093,CAMELS-GB
00039099,2.330585604862351,24,1.5571402406471415,17,0.3318673910117499,CAMELS-GB
00039101,1.4457769247520484,24,1.4768334304300912,16,-0.021480841993220423,CAMELS-GB
00039105,2.007303259693255,24,1.3425721637672081,17,0.33115628777867256,CAMELS-GB
00039108,0.990330809069618,24,0.9924456056559903,17,-0.0021354446080084077,CAMELS-GB
00039114,0.2554133905400073,23,0.43206314782753835,13,-0.6916229290643285,CAMELS-GB
00039120,0.006666946253056864,24,0.07522850161612858,17,-10.283802022798,CAMELS-GB
00039125,0.017348976654449042,22,0.13274154052440637,12,-6.6512605422387026,CAMELS-GB
00039127,0.16749153099933708,18,0.14763507172947804,10,0.11855201962383177,CAMELS-GB
00039141,0.3270906752712169,24,0.24119928447403396,17,0.2625919883713088,CAMELS-GB
00039142,1.1275210464818446,24,0.5839921038379365,14,0.4820565827483736,CAMELS-GB
00039143,0.20280463042093436,24,0.3602758125369704,17,-0.7764673902622155,CAMELS-GB
00039144,0.016151486688653006,24,0.03696040902543325,17,-1.2883595632963778,CAMELS-GB
00040003,0.4819582561065487,24,0.2993986739208374,17,0.3787871249690803,CAMELS-GB
00040004,0.0696565435549472,24,0.03628901274075691,17,0.4790293791690793,CAMELS-GB
00040005,0.31217626281746735,24,0.2657343377252986,16,0.14876827812921778,CAMELS-GB
00040006,0.16054151590894947,24,0.3568284314553131,18,-1.2226551769804335,CAMELS-GB
00040007,0.0285179457907238,24,0.05248097746717936,17,-0.8402790247343188,CAMELS-GB
00040009,0.07950160832077606,24,0.10657422441306279,17,-0.3405291624171063,CAMELS-GB
00040010,0.09318217527521244,24,0.05499108484502307,16,0.4098540339651059,CAMELS-GB
00040011,0.484912697063212,24,0.29673266616758953,17,0.38806991863752294,CAMELS-GB
00040012,1.0526527116145592,23,0.297321019891928,13,0.7175507015643394,CAMELS-GB
00040013,0.3056958978688557,24,0.24626954931518327,18,0.19439694470210545,CAMELS-GB
00040016,0.30560888874867576,24,0.7353675376195604,15,-1.4062373991494281,CAMELS-GB
00040017,0.3728717658406859,24,0.314914352563676,14,0.15543524231805983,CAMELS-GB
00040018,0.575795054555298,24,0.2203604818575739,14,0.6172935489559489,CAMELS-GB
00040020,0.23223546193129704,24,0.21417139352663508,15,0.07778341970015723,CAMELS-GB
00040021,0.13435261514312877,24,0.17334839053214285,17,-0.2902494703766729,CAMELS-GB
00040022,0.23029210777482167,24,0.09225474942982179,18,0.599401167841896,CAMELS-GB
00040033,0.2736196863240108,22,0.3237176817911183,12,-0.1830935344607596,CAMELS-GB
00041001,0.27712659889002805,24,0.5086148500900222,17,-0.8353158885764531,CAMELS-GB
00041003,0.03338426405235731,24,0.036652277724708374,16,-0.09789084064353681,CAMELS-GB
00041004,0.022325211752847313,24,0.11208468621681862,17,-4.020543028109176,CAMELS-GB
00041005,0.018145320436156086,24,0.02659842231428687,17,-0.46585575095644294,CAMELS-GB
00041006,0.2268145670289479,24,0.23308611670390605,16,-0.02765055947291839,CAMELS-GB
00041009,0.1735403337525815,24,0.060701165019861364,18,0.6502186914864199,CAMELS-GB
00041011,0.09110577799227026,24,0.1693802981589024,17,-0.8591608775161683,CAMELS-GB
00041012,0.03487931090710308,24,0.03490548230023024,16,-0.0007503414616436554,CAMELS-GB
00041013,0.2226901698088415,24,0.23551176374824065,16,-0.05757593139564854,CAMELS-GB
00041014,0.34893583970648473,24,0.35076524780833573,16,-0.005242820867555009,CAMELS-GB
00041016,0.23169512439679227,24,0.2408770580636102,16,-0.039629378005785254,CAMELS-GB
00041019,0.04039322211818349,24,0.025182729606723943,15,0.3765605147060641,CAMELS-GB
00041020,0.14574997295268846,24,0.13006189270792967,15,0.10763693417528974,CAMELS-GB
00041022,0.09006488918516685,24,0.07732915175861933,15,0.1414062410087883,CAMELS-GB
00041023,1.6878726302624072,24,1.3155090332170185,17,0.22061119445221333,CAMELS-GB
00041025,0.018988874846100134,24,0.014234440296396969,13,0.25038000346184874,CAMELS-GB
00041027,0.24195500123361977,24,0.24253548729440674,16,-0.00239914884101311,CAMELS-GB
00041028,0.10399950906973325,24,0.14887972364930865,17,-0.43154256189308104,CAMELS-GB
00041029,0.1440374930252254,24,0.15023898497770577,16,-0.043054706258975894,CAMELS-GB
00042001,0.12386506095840816,24,0.19015048260772274,17,-0.5351422034303293,CAMELS-GB
00042003,0.07320866515340528,24,0.06706275410225015,16,0.0839505957153659,CAMELS-GB
00042004,0.22799374706713982,24,0.07601672023077656,14,0.6665841883444676,CAMELS-GB
00042006,0.3418148838733048,24,0.325871176669424,15,0.04664427430196505,CAMELS-GB
00042008,0.6187639679110201,24,0.5792205848943343,14,0.06390705514121375,CAMELS-GB
00042010,0.29273672129368167,24,0.14833670509071126,14,0.4932760589953601,CAMELS-GB
00042011,0.2482683179275057,24,0.4306290471913475,17,-0.7345308124135721,CAMELS-GB
00042016,0.15144245632825293,22,0.159539286821161,12,-0.05346473300299692,CAMELS-GB
00042017,0.2249961965581906,24,0.3386005847782954,18,-0.5049169272989174,CAMELS-GB
00042024,0.1932479892527953,22,0.11976966672964016,12,0.3802281348813169,CAMELS-GB
00042026,0.9253728189465287,24,0.49241231456772705,16,0.46787683354660925,CAMELS-GB
00042027,0.4591735373167872,24,0.41506715728280363,14,0.09605601466435165,CAMELS-GB
00043005,0.61927622805147,24,0.32010072702594,16,0.48310509506698607,CAMELS-GB
00043006,0.019040329126711768,24,0.13651725113896412,17,-6.169899754907252,CAMELS-GB
00043007,0.8311393525403665,24,0.5294356263880595,17,0.3630001698633972,CAMELS-GB
00043008,0.9252798506705298,24,0.8979482183097465,18,0.02953877396225224,CAMELS-GB
00043009,0.1905412894909927,24,0.31318537616294057,14,-0.6436614709576924,CAMELS-GB
00043014,0.012648632444019653,24,0.14788473478310415,15,-10.69175683123158,CAMELS-GB
00043017,0.0628244686498192,24,0.012344550099905646,17,0.8035072899905669,CAMELS-GB
00043018,0.4236898823442072,24,0.7593735166021731,18,-0.7922861702542505,CAMELS-GB
00043021,0.6603546135180659,24,0.46701175928401506,17,0.2927864063885447,CAMELS-GB
00044001,0.2982976785692433,24,0.20732831251791037,17,0.3049616962748718,CAMELS-GB
00044002,0.17230784598785234,24,0.30876795018156133,17,-0.7919552554985185,CAMELS-GB
00044006,1.1984771816473758,24,0.9391171535697985,17,0.2164079817698924,CAMELS-GB
00044009,0.3896293686540895,24,0.7644102090897875,16,-0.961890633989724,CAMELS-GB
00044011,0.19597582025649304,24,0.265238232689867,17,-0.3534232556992152,CAMELS-GB
00045001,0.16848358535452965,24,0.1603035158884434,16,0.04855113599864003,CAMELS-GB
00045003,0.04375401679354721,24,0.035082970491902364,15,0.19817714891318594,CAMELS-GB
00045004,0.10989517176197698,24,0.07925327919255246,14,0.27882837870067756,CAMELS-GB
00045005,0.12828382233261396,24,0.09793544779567367,14,0.23657211006897738,CAMELS-GB
00045009,0.5514738004344036,24,0.4614680348251213,16,0.1632095043107824,CAMELS-GB
00045012,0.04286584492469217,24,0.06876598051094382,16,-0.6042138124596326,CAMELS-GB
00046003,0.14973890837838824,24,0.16154509946982307,14,-0.07884517938117153,CAMELS-GB
00046005,0.2372471735890086,24,0.18808432022492996,12,0.20722208243983187,CAMELS-GB
00046008,0.11643445280120235,24,0.15603108851222552,16,-0.3400766247309086,CAMELS-GB
00047001,0.037506492652095665,24,0.06724514895362171,15,-0.7928935551872887,CAMELS-GB
00047004,0.1588312401229693,24,0.17819290037415142,17,-0.12190083157565246,CAMELS-GB
00047005,0.10752894016010667,24,0.10771777527677548,14,-0.001756132966507895,CAMELS-GB
00047008,0.09676200408747403,24,0.10786045953657725,15,-0.1146984868055243,CAMELS-GB
00047009,0.816978068194982,24,0.5953830751955139,17,0.27123738277216725,CAMELS-GB
00047014,0.21015480426940822,24,0.20338097303746197,14,0.03223257852940886,CAMELS-GB
00047018,0.15470836575736832,24,0.18614029503339533,15,-0.20316890506956953,CAMELS-GB
00048003,0.08284306780183058,24,0.12027166072689315,18,-0.45180114544521377,CAMELS-GB
00048004,0.19868311387968396,24,0.3240146663436927,17,-0.6308112955180754,CAMELS-GB
00048005,0.3632000574390846,24,0.4300984497739829,17,-0.18419157972219868,CAMELS-GB
00048011,0.12962702953946828,24,0.17969399779588477,17,-0.3862386450903923,CAMELS-GB
00049001,0.15256395499807082,24,0.25309984731398344,18,-0.6589753937434559,CAMELS-GB
00049002,0.5701661261111375,24,0.6075276005183958,17,-0.06552734842752805,CAMELS-GB
00049004,0.3971797030844703,24,0.5401085687380384,17,-0.3598594403077304,CAMELS-GB
00050001,0.07842246870679247,24,0.09613540141653187,15,-0.22586553320534808,CAMELS-GB
00050002,0.01970206761226015,24,0.029183509158975694,13,-0.4812409404592368,CAMELS-GB
00050006,0.15869396507996367,24,0.17670745603857205,15,-0.113510875788702,CAMELS-GB
00050007,0.1177813897676407,24,0.13260744085688844,14,-0.1258777054549669,CAMELS-GB
00050008,0.12369153411950658,24,0.09791684250586224,12,0.20837878515389496,CAMELS-GB
00050011,0.13660127513601047,24,0.16771551021385747,15,-0.22777411884967647,CAMELS-GB
00051001,0.14039143960087824,24,0.22249759585095003,18,-0.5848373411049355,CAMELS-GB
00052004,0.0923797181975195,24,0.08782640355888625,15,0.04928911591717222,CAMELS-GB
00052005,0.059286397428100705,24,0.1162242201922898,17,-0.9603859440648281,CAMELS-GB
00052006,0.055507353921928064,24,0.05406875094151019,15,0.025917340294067892,CAMELS-GB
00052007,0.07207369112046551,24,0.06536009447024123,15,0.09314906099374087,CAMELS-GB
00052009,0.15346219686737103,24,0.09356505215021116,18,0.3903055341305044,CAMELS-GB
00052010,0.058398608347688875,24,0.07370313699071007,16,-0.26207009166900597,CAMELS-GB
00052011,0.4501073213763553,24,0.3355467858179162,17,0.25451826735039884,CAMELS-GB
00052015,0.05530220873415486,24,0.14401349522078727,17,-1.6041183257811542,CAMELS-GB
00052016,0.07013059424488084,24,0.08316678198323943,17,-0.18588446139268466,CAMELS-GB
00053005,0.05512031407015814,24,0.09945452693445389,17,-0.8043171308470114,CAMELS-GB
00053006,0.07935299383630277,24,0.12182066142190566,14,-0.5351741066406317,CAMELS-GB
00053007,0.0482443903657804,24,0.08945864864126787,17,-0.8542808389329473,CAMELS-GB
00053008,0.0419428352243531,24,0.06525336326459251,18,-0.5557690107392812,CAMELS-GB
00053009,0.12217874569777175,24,0.1029788359403207,17,0.15714607027432603,CAMELS-GB
00053013,0.04842093393088451,24,0.11471551879008486,17,-1.3691306523295999,CAMELS-GB
00053017,0.04834386594383539,24,0.06333797418497437,16,-0.31015534129104894,CAMELS-GB
00053018,0.3353475428662141,24,0.19350070752377113,17,0.42298456738367196,CAMELS-GB
00053022,0.42710713001625217,24,0.2519575852204013,17,0.41008340176663904,CAMELS-GB
00053023,0.7641506472173959,24,0.529007411892212,17,0.3077184272256295,CAMELS-GB
00053028,1.944932799274533,24,1.2688294561410536,17,0.3476229838818433,CAMELS-GB
00054001,1.6202034121979132,24,1.1818002542383732,17,0.270585257788599,CAMELS-GB
00054002,0.9891826243038707,24,0.6635599903659107,17,0.32918353591897587,CAMELS-GB
00054003,0.01895785005320949,24,0.011996046552553933,15,0.36722537002432676,CAMELS-GB
00054004,0.09376194999512753,24,0.06427272085763447,16,0.31451168772647664,CAMELS-GB
00054005,0.8821537397992097,24,0.9240999960294033,15,-0.04754982531700325,CAMELS-GB
00054007,0.10376013813533819,24,0.09303264808184682,16,0.10338739178911949,CAMELS-GB
00054008,0.31580306279728315,24,0.2124789848563322,17,0.3271788342574613,CAMELS-GB
00054011,0.05245940040877304,24,0.053172186240369484,17,-0.013587380451211661,CAMELS-GB
00054012,0.913091996186865,24,0.5516092987531993,17,0.3958885840016584,CAMELS-GB
00054015,0.1160765087155425,24,0.08470551787843657,15,0.270261323193169,CAMELS-GB
00054016,0.9697913614389823,24,0.5753824761912806,17,0.4066945746582805,CAMELS-GB
00054017,0.12405998453671262,24,0.06404109894818438,17,0.4837892396380806,CAMELS-GB
00054018,0.047581616538026304,24,0.025368191404211576,17,0.4668488956456994,CAMELS-GB
00054019,0.4500366437138874,24,0.32943938113527677,17,0.2679720957462318,CAMELS-GB
00054020,0.40406981653802077,24,0.17382610118974628,17,0.5698117155123112,CAMELS-GB
00054022,0.05056753217950888,24,0.002645263594372677,10,0.947688497334964,CAMELS-GB
00054024,0.5825086203917247,24,0.4274157752573637,18,0.2662498711693989,CAMELS-GB
00054025,0.06001846202340034,24,0.11728209125366328,12,-0.9541002434873567,CAMELS-GB
00054027,0.5009279748492961,24,0.39384944953320394,17,0.21376032222657693,CAMELS-GB
00054028,0.03318238456600308,24,0.059790214624097386,14,-0.8018661228269679,CAMELS-GB
00054029,0.26757694297211826,24,0.15021383366120833,17,0.43861443369258934,CAMELS-GB
00054032,2.261366439435616,24,1.6663904200075352,18,0.26310464728422034,CAMELS-GB
00054034,0.044684411950118165,24,0.02770867930016078,15,0.37990278732788585,CAMELS-GB
00054036,0.1306513778731328,24,0.2002572229195636,17,-0.5327601298933149,CAMELS-GB
00054038,0.1073175909661667,24,0.15075925408167865,14,-0.4047953622925389,CAMELS-GB
00054044,0.12894051769783907,24,0.12110721469016085,17,0.06075129173930327,CAMELS-GB
00054048,0.1313685216920683,24,0.10655438351408869,15,0.18888952892493294,CAMELS-GB
00054049,0.3910849533370246,24,0.24625552075678603,17,0.37032729422200283,CAMELS-GB
00054052,0.05958120836419658,24,0.03424379981157586,17,0.42525838680113814,CAMELS-GB
00054057,2.4703570337035203,24,1.8035000801795207,17,0.26994355246061663,CAMELS-GB
00054060,0.06672333066164936,24,0.0604842833885708,18,0.09350623254580093,CAMELS-GB
00054063,0.22040416327994697,24,0.2374357574198998,17,-0.07727437579443586,CAMELS-GB
00054080,0.07730653430335163,24,0.11765540441327148,13,-0.521933501139638,CAMELS-GB
00054095,1.7265676745753853,24,1.2528137103416073,17,0.274390613938888,CAMELS-GB
00054096,0.07097444271455448,24,0.0955565498838081,17,-0.34635153484921477,CAMELS-GB
00055002,0.13393163403318517,24,0.1849728126577813,14,-0.38109875230783263,CAMELS-GB
00055007,0.03565130970258902,24,0.07372168406203825,13,-1.0678534583172556,CAMELS-GB
00055008,0.08056888713959892,24,0.005736248402517001,9,0.9288031818960338,CAMELS-GB
00055013,0.10456979548164451,24,0.10786931863037535,16,-0.03155330976342996,CAMELS-GB
00055014,0.5283278253063876,24,0.34152829438403115,17,0.3535674669681229,CAMELS-GB
00055016,0.029092938781206144,24,0.05816670850104819,13,-0.9993411094867981,CAMELS-GB
00055018,0.02284294339999106,24,0.021225002187261303,16,0.07082892884681347,CAMELS-GB
00055021,0.49795295784747734,24,0.2879114884288787,17,0.42180986398103537,CAMELS-GB
00055023,0.7292460713674843,24,0.5341315656601684,17,0.2675564714958788,CAMELS-GB
00055025,0.1288144354999962,24,0.19792674825118872,16,-0.5365261469565232,CAMELS-GB
00055026,0.020948707387320256,24,0.04438547757170849,12,-1.118769275405219,CAMELS-GB
00055029,0.06541501305194776,24,0.05903337582136382,14,0.09755615619179214,CAMELS-GB
00055032,0.006352972981323737,24,0.024781899227890918,13,-2.900834979267807,CAMELS-GB
00056001,0.01959155069329676,24,0.046987417629587615,14,-1.3983511241743787,CAMELS-GB
00056002,0.040051004938080254,24,0.07565644802115021,15,-0.8890024891539368,CAMELS-GB
00056007,0.10934011641035037,24,0.05208450035216395,11,0.5236469279336389,CAMELS-GB
00056012,0.08876205403778509,24,0.10717517624799218,16,-0.20744362452866194,CAMELS-GB
00056013,0.03954856933046288,24,0.054248645762618515,13,-0.371696794119748,CAMELS-GB
00057004,0.022899059858738916,24,0.022117223612848368,13,0.0341427224835249,CAMELS-GB
00057005,0.01765869403076542,24,0.021427759014716257,13,-0.21343962228374735,CAMELS-GB
00057006,0.0198247699393429,24,0.017686187330108315,12,0.10787427121615667,CAMELS-GB
00057007,0.04374171181958788,24,0.03160073069480131,13,0.27756072224292205,CAMELS-GB
00057008,0.05494669742045832,24,0.0757569104835798,14,-0.37873455621689844,CAMELS-GB
00057009,0.025872372936128377,24,0.032483586474208785,13,-0.25553178111654606,CAMELS-GB
00058001,0.044427994839566054,24,0.07425457560190724,13,-0.6713465433235948,CAMELS-GB
00058002,0.05359503195755327,24,0.016927037205237395,11,0.6841677934133252,CAMELS-GB
00058006,0.08823140729827206,24,0.06165652736610477,12,0.3011952404015179,CAMELS-GB
00058008,0.0933860194644162,24,0.06370767424690175,12,0.31780287228992643,CAMELS-GB
00058009,0.13258560721145088,24,0.16267085309376433,16,-0.22691185351915877,CAMELS-GB
00058010,0.2127809463116136,23,0.10473161072158214,9,0.5077961042235204,CAMELS-GB
00058012,0.019762328985221272,24,0.03337480610352797,12,-0.6888093568569993,CAMELS-GB
00059001,0.08979858765474864,24,0.0409896174186208,11,0.5435382839626073,CAMELS-GB
00060002,0.03181980325558469,24,0.07318873930417748,13,-1.3001003091159,CAMELS-GB
00060003,0.06889495734884661,24,0.09756494865433031,14,-0.41614063508762267,CAMELS-GB
00060005,0.05280583283353138,24,0.09262272008640868,13,-0.7540244157951017,CAMELS-GB
00060006,0.035357230083256225,24,0.05883296078964461,14,-0.6639584223964863,CAMELS-GB
00060010,0.15669997928987128,24,0.24473381088111884,14,-0.561798616631584,CAMELS-GB
00060012,0.03435335535468643,24,0.018567755871552474,12,0.45950677365145665,CAMELS-GB
00061001,0.1251195405210114,24,0.18302100034368995,16,-0.4627691212864957,CAMELS-GB
00061002,0.11715550070396112,24,0.12672962773546795,14,-0.08172153227102474,CAMELS-GB
00062001,0.4626335750738652,24,0.5313443640094931,15,-0.14852097348243132,CAMELS-GB
00063001,0.022406374910164298,24,0.061533188182079486,12,-1.7462357667757282,CAMELS-GB
00063004,0.058132271700885994,24,0.0005165848597926865,9,0.9911136302663223,CAMELS-GB
00064001,0.04147199664723304,24,0.10252919925089604,12,-1.4722513392114833,CAMELS-GB
00064002,0.031697833560085174,24,0.08676985736486986,13,-1.7374065549430155,CAMELS-GB
00064006,0.057880656910450745,24,0.029527306663419434,17,0.4898588191716242,CAMELS-GB
00065001,0.028947288848382033,24,0.00047291950573962946,10,0.9836627358017308,CAMELS-GB
00065004,0.17060420808364893,24,0.28679734007472796,13,-0.681068382170904,CAMELS-GB
00065005,0.29431429454374775,24,0.25464901848093274,13,0.13477182997280157,CAMELS-GB
00065006,0.11633106478858098,24,0.2090706088079558,13,-0.7972036032500762,CAMELS-GB
00065007,0.033664871463068284,24,0.015174468098257204,12,0.5492491894732405,CAMELS-GB
00065008,0.147725056526025,24,0.07665492418651364,10,0.48109734401753845,CAMELS-GB
00066001,0.503501517343464,24,0.3766326937638634,17,0.251973071002797,CAMELS-GB
00066004,0.48141879281739625,24,0.22369533975147254,17,0.5353414883487506,CAMELS-GB
00066006,0.017282596204219496,24,0.038548892225916294,14,-1.230503552267494,CAMELS-GB
00066011,0.09202076749705507,24,0.04055744332854874,11,0.559257715060389,CAMELS-GB
00067001,1.0491523094657014,24,1.1564445976840516,14,-0.10226569321759449,CAMELS-GB
00067005,0.2376180226588782,24,0.26204386164311544,15,-0.10279455535787663,CAMELS-GB
00067006,0.022103408012167394,24,0.04516578417473124,14,-1.0433855335733098,CAMELS-GB
00067008,0.13670733676199862,24,0.08157425008607595,17,0.40329281501479985,CAMELS-GB
00067010,0.12000995975827533,24,0.04576705579653746,10,0.6186395205137832,CAMELS-GB
00067015,0.5917654192069236,24,0.6266310268816108,15,-0.05891795387674659,CAMELS-GB
00067018,0.1045537139148817,24,0.040275968184232167,10,0.6147820419175041,CAMELS-GB
00067025,0.007529593770390874,24,0.008077135546305325,16,-0.07271863431299397,CAMELS-GB
00068001,0.4053327262495221,24,0.23061014689124737,17,0.43105964074244485,CAMELS-GB
00068003,0.024342565643232627,24,0.05649252694934268,17,-1.3207301883171847,CAMELS-GB
00068004,0.06917981551161591,24,0.042396160920407155,17,0.3871599597820774,CAMELS-GB
00068005,0.11454812500405624,24,0.02830754319975659,17,0.7528764159277667,CAMELS-GB
00068020,0.07309381475625916,24,0.034051381742033184,17,0.5341414064160976,CAMELS-GB
00069002,0.026887421876888317,24,0.01118888817243135,12,0.5838616203642415,CAMELS-GB
00069007,0.009719227065338872,24,0.02134212980465256,17,-1.1958669821352141,CAMELS-GB
00069012,0.021609187018177906,24,0.05413508255068106,17,-1.5051883027872348,CAMELS-GB
00069015,0.017550703845459592,24,0.05427614668897048,17,-2.0925339044457667,CAMELS-GB
00069017,0.025182612651541047,24,0.03006289214358375,16,-0.19379559855732653,CAMELS-GB
00069023,0.035567129660592,24,0.022076688021673913,14,0.3792952022739511,CAMELS-GB
00069027,0.0409738987498466,24,0.03583151722427994,15,0.12550383738100868,CAMELS-GB
00069030,0.01311992222281498,24,0.0022793661962177206,15,0.826266790495602,CAMELS-GB
00069032,0.02326037827523809,24,0.026629927707850543,16,-0.14486219410281542,CAMELS-GB
00069043,0.08788265023324893,24,0.045676198446534505,11,0.48025920559626367,CAMELS-GB
00070002,0.010214344926924515,24,0.009928796372296078,17,0.027955640491025946,CAMELS-GB
00071001,0.019309994105007364,24,0.0033442274822509527,12,0.8268136456145398,CAMELS-GB
00071004,0.0458740782554583,24,0.019592582839967777,12,0.5729051441456141,CAMELS-GB
00071006,0.010310801452918808,24,0.005634320894947816,11,0.45355160598569777,CAMELS-GB
00071008,0.059845536291884,24,0.01668779453610413,11,0.7211522267139034,CAMELS-GB
00071014,0.09034687141654074,24,0.039035882436510454,11,0.567933213132118,CAMELS-GB
00072002,0.049291899415471456,24,0.017821231866401315,13,0.6384551604272792,CAMELS-GB
00072004,0.04086255533569066,24,0.00983463936238082,12,0.759323926719998,CAMELS-GB
00072005,0.07482145990475415,24,0.026953969165903535,11,0.6397561715553899,CAMELS-GB
00072007,0.1417523725934248,24,0.08878323963929298,12,0.3736736957910276,CAMELS-GB
00072009,0.04354528658561114,24,0.006189379011606153,11,0.8578633993041319,CAMELS-GB
00072014,0.06379077303743813,24,0.02830726584483012,13,0.5562482707614017,CAMELS-GB
00072015,0.09049633224731246,24,0.03428708623874833,11,0.6211218135885659,CAMELS-GB
00073005,0.0451145303220216,24,0.029410831623079184,12,0.34808516428856673,CAMELS-GB
00073009,0.07279921094972154,24,0.02683467906281734,11,0.6313877758736892,CAMELS-GB
00073010,2.2300410150416283,24,2.3320146506844117,15,-0.045727246698590296,CAMELS-GB
00073011,0.05771900504695749,24,0.033179197633975664,12,0.425159917310033,CAMELS-GB
00073014,0.03842477936314675,24,0.00022562711569918577,10,0.9941280829860644,CAMELS-GB
00073015,0.024066774798432777,24,0.004028132528317562,13,0.8326268242398698,CAMELS-GB
00074001,0.08519818473536063,24,0.023348636689391862,10,0.7259491295276241,CAMELS-GB
00074005,0.018880386178906906,24,0.06979204306408471,12,-2.696536840017399,CAMELS-GB
00074006,0.10845456682880901,24,0.04984481715940829,11,0.5404083145886678,CAMELS-GB
00074007,0.06978379646419501,24,0.01618166988791688,10,0.7681170886680055,CAMELS-GB
00075003,2.449026755302661,24,2.530598269681529,15,-0.03330772691733519,CAMELS-GB
00075004,0.23993202239407785,24,0.38482819211442365,13,-0.6039050905942025,CAMELS-GB
00075017,0.024024093253650236,24,0.01492417254749492,13,0.37878310786080005,CAMELS-GB
00076003,0.09963501997673868,24,0.1368946856835591,15,-0.3739615419911517,CAMELS-GB
00076005,0.03404344449021741,24,0.007227859126000093,12,0.787687196926355,CAMELS-GB
00076007,0.008989147952604908,24,0.03361329590984336,14,-2.739319464655466,CAMELS-GB
00076008,0.04099959852909706,24,0.005964010896891409,11,0.8545348951976005,CAMELS-GB
00076011,0.07095718481685565,23,0.0040831705894535785,8,0.9424558541887976,CAMELS-GB
00076014,0.0811875510630221,24,0.02175777595402827,10,0.7320060074587208,CAMELS-GB
00077002,0.031080583845689555,24,0.01464293221949627,13,0.5288720349593098,CAMELS-GB
00077003,0.09066722887499133,24,0.03166391113341276,11,0.6507678515567096,CAMELS-GB
00077004,0.08042099114837341,24,0.03306274107525293,11,0.5888792142059833,CAMELS-GB
00078003,0.012402638159212555,24,0.038998750759796245,14,-2.1443915608251753,CAMELS-GB
00078004,0.08104505374304792,24,0.03967183691396848,12,0.5104965067979668,CAMELS-GB
00078006,0.028617899920529506,24,0.024410111049147316,13,0.14703346098305647,CAMELS-GB
00079002,0.005947662643852,24,0.01290705008773514,13,-1.170104604214051,CAMELS-GB
00079003,0.00942970163495544,24,0.051325886466906195,12,-4.443002170571725,CAMELS-GB
00079004,0.05487599981620814,24,0.027366261205997115,12,0.5013072873815005,CAMELS-GB
00079005,0.02286873221447285,24,0.018618152308157308,13,0.18586862911558744,CAMELS-GB
00079006,0.0036803529095000534,24,0.006747963944948487,12,-0.8335100222399987,CAMELS-GB
00080001,0.03216457190543515,24,0.02536446278066612,13,0.21141612407469834,CAMELS-GB
00080002,0.2677453384944241,24,0.33169241745522837,14,-0.2388354520769218,CAMELS-GB
00080003,0.13457564553043602,24,0.054383422139760565,9,0.5958895688339013,CAMELS-GB
00080004,0.1813889158174048,24,0.09012138254304547,9,0.5031593736754776,CAMELS-GB
00080005,0.14128650954819014,24,0.06065954611379871,9,0.5706628586991251,CAMELS-GB
00080006,0.7801191704405741,24,0.9278758885616204,14,-0.18940275245075733,CAMELS-GB
00081002,0.015155181223563068,24,0.007798751323372975,11,0.4854069239866572,CAMELS-GB
00081003,0.0803198264979964,24,0.02182546856759527,10,0.7282679816528275,CAMELS-GB
00081004,0.04338165883502212,24,0.1321633195304258,12,-2.046525261586586,CAMELS-GB
00081006,0.052097157984074695,24,0.006054119730125364,10,0.8837917467210781,CAMELS-GB
00081007,0.1308972446358196,24,0.05254740889654021,10,0.598559854772063,CAMELS-GB
00082001,0.012243418251168767,24,0.005685912101312095,12,0.5355943916422757,CAMELS-GB
00082003,0.03544230912268726,24,0.004812108032488437,11,0.8642270170425177,CAMELS-GB
00083003,0.03302763686103217,24,0.004576976173674589,11,0.8614198105382841,CAMELS-GB
00083004,0.02919943972992862,24,0.0025162270233990533,11,0.9138261882189476,CAMELS-GB
00083006,0.01530183305352699,24,0.0020588776361101205,11,0.8654489544548023,CAMELS-GB
00083007,0.01765731478101418,24,0.001902676087306552,11,0.8922443128582392,CAMELS-GB
00083009,0.04417383129286334,24,0.006254965278207414,10,0.8584011145255142,CAMELS-GB
00083010,0.030961533578004,24,0.0015700019118720405,10,0.949291855717786,CAMELS-GB
00083013,0.02083321151864438,24,0.0025815145266574638,11,0.8760865781856448,CAMELS-GB
00084001,0.045568151704932475,24,0.10050462692557673,13,-1.2055892803459418,CAMELS-GB
00084004,0.004074667354330106,24,0.021108248574651784,14,-4.180361177758541,CAMELS-GB
00084005,0.09682521013110355,24,0.17843749247510246,14,-0.8428825740062325,CAMELS-GB
00084008,0.04279520948545596,24,0.018559983136185912,13,0.56630699184932,CAMELS-GB
00084009,0.028312559998199854,24,0.009652289398892002,14,0.6590810085875065,CAMELS-GB
00084012,0.009748561619007669,24,0.003665551068678203,12,0.6239905729752848,CAMELS-GB
00084013,0.1275320699340098,24,0.22420353283127853,14,-0.7580168889855736,CAMELS-GB
00084014,0.027123882365640544,24,0.0012277041991701112,11,0.9547371507286391,CAMELS-GB
00084016,0.009263283589360924,24,0.0113124223775055,11,-0.2212108447697807,CAMELS-GB
00084017,0.37041342694974566,24,0.49699011809836485,14,-0.34171734051582314,CAMELS-GB
00084018,0.0036081163805531786,24,0.01913737965262463,14,-4.303980701889273,CAMELS-GB
00084019,0.010939626685301391,24,0.004030354513861295,14,0.6315820795533611,CAMELS-GB
00084020,0.07879704434831651,24,0.025392284181887194,11,0.6777508040829238,CAMELS-GB
00084022,0.040452302493989754,24,0.010970730657945314,12,0.7287983629714204,CAMELS-GB
00084026,0.013277674215666382,24,0.0077946489284238625,12,0.41295073204711374,CAMELS-GB
00084030,0.041127897131676965,24,0.0087510905250158,11,0.7872225147568838,CAMELS-GB
00085001,1.0445086689908234,24,0.9453087373821575,17,0.09497281789390055,CAMELS-GB
00085002,0.05092739980105115,24,0.011574684613306267,11,0.7727218617380234,CAMELS-GB
00085003,0.1370009424746251,24,0.06647505936770698,10,0.5147839265410945,CAMELS-GB
00085004,0.11191384726023647,24,0.0549620213735068,11,0.5088898941549025,CAMELS-GB
00088001,0.13566482610049035,23,0.030052166269558353,8,0.7784822556194635,CAMELS-GB
00089002,0.05626742125830619,24,0.0049115187585368454,9,0.9127111453004112,CAMELS-GB
00089003,0.005993527642013686,24,0.01762906628481256,11,-1.9413506265050948,CAMELS-GB
00089005,0.1612822892354013,24,0.0807000790025288,9,0.49963458861411536,CAMELS-GB
00089007,0.16885364788959356,24,0.11770784234880653,12,0.3029002108040282,CAMELS-GB
00090003,0.05115743592959266,24,0.009694007856526373,11,0.8105063774136743,CAMELS-GB
00092001,2.222915120505024,24,1.8833670348317983,16,0.15274901076568492,CAMELS-GB
00093001,0.00987030320689006,24,0.035222316647517786,11,-2.5685141488794905,CAMELS-GB
00094001,2.2770272252887884,24,1.9128888408131095,17,0.15991832703251774,CAMELS-GB
00095001,0.595168050198618,24,0.5318892581413879,17,0.10632088203678414,CAMELS-GB
00096001,0.019854630780817166,24,0.03489531323985672,9,-0.7575402748648101,CAMELS-GB
00096002,0.40030164180770106,24,0.6233677970566696,13,-0.5572451670236371,CAMELS-GB
00096004,0.04719786581005326,23,0.0023810890131640582,8,0.9495509177735557,CAMELS-GB
00097002,0.06571926829812652,24,0.1633415656776079,12,-1.4854440700196343,CAMELS-GB
00101002,0.19208967002704389,24,0.4197316660354186,17,-1.1850819254170486,CAMELS-GB
00101005,0.23761803564332165,24,0.29375211773619103,17,-0.23623662211032603,CAMELS-GB
00102001,0.08790482350675459,24,0.044611360728222506,13,0.4925038359835331,CAMELS-GB
00106001,0.2606894205034646,24,0.3074448870854353,14,-0.1793531417257852,CAMELS-GB
00107001,0.05465568739452947,24,0.15177339685371136,11,-1.7769003389920308,CAMELS-GB
