gauge_id,n_years,missing_fraction,tau_acf_days,n_beta_rows,median_beta_all,gauge_name,gauge_lat,gauge_lon,area_ana,area_gsim,area_gsim_quality,elev_gauge,elev_mean,slope_mean,area,p_mean,pet_mean,et_mean,aridity,p_seasonality,asynchronicity,frac_snow,high_prec_freq,high_prec_dur,high_prec_timing,low_prec_freq,low_prec_dur,low_prec_timing,q_mean,runoff_ratio,stream_elas,slope_fdc,baseflow_index,hfd_mean,Q5,Q95,high_q_freq,high_q_dur,low_q_freq,low_q_dur,zero_q_freq,geol_class_1st,geol_class_1st_perc,geol_class_2nd,geol_class_2nd_perc,carb_rocks_perc,geol_porosity,geol_permeability,sand_perc,silt_perc,clay_perc,org_carbon_content,bedrock_depth,water_table_depth,consumptive_use,consumptive_use_perc,reservoirs_vol,regulation_degree
10500000,44.58316221765914,0.039732252517808896,39.15883829330447,125,2.549374611249698,estirao_do_repouso,-4.3408,-70.9056,61400.0,61581.51,high,74.0,154.4063,7.9614,61581.51,6.51179,3.07323,4.11203,0.47195,0.23414,0.08977,0.0,3.25,1.0,djf,91.5,2.19952,jja,3.61943,0.55336,0.72354,2.21211,0.81708,196.16667,0.724,6.342,0.0,0.0,18.09774,14.875,0.0,siliciclastic_sedimentary_rocks,54.97,mixed_sedimentary_rocks,31.01,0.04,0.1942,-11.989,36.9136,29.6613,33.4346,40.3485,1876.1318,42.6999,0.0081,0.0006,0.0,0.0
11400000,44.58316221765914,0.0,53.40712458599803,125,1.9285108892820102,sao_paulo_de_olivenca,-3.4569,-68.9119,1010000.0,1018679.0,high,61.0,1146.4831,89.9208,1018679.0,5.38941,2.91665,3.45637,0.54118,0.25555,0.11224,0.0,0.25,1.0,djf,46.65,2.16977,jja,3.9342,0.72594,0.99788,1.22903,0.88859,207.64706,1.8862,5.8777,0.0,0.0,0.0,0.0,0.0,mixed_sedimentary_rocks,34.16,unconsolidated_sediments,25.08,7.52,0.1653,-13.1926,41.1641,27.7385,31.1031,48.6037,2020.1474,332.128,0.0529,0.0037,1718.0,0.1174
11500000,44.58316221765914,6.140997297961189e-05,58.34061916516582,125,1.7949996612835297,santo_antonio_do_ica,-3.1017,-67.9356,1130000.0,1144059.0,high,48.0,1046.1913,81.8967,1144059.0,5.70191,2.92541,3.5356,0.51306,0.20522,0.10914,0.0,0.1,1.0,jja,38.75,2.08333,jja,4.33327,0.759,1.228,1.1453,0.88735,211.25,1.98124,6.57695,0.0,0.0,0.0,0.0,0.0,mixed_sedimentary_rocks,35.08,unconsolidated_sediments,24.74,6.74,0.1681,-13.2674,41.7772,27.4438,30.7843,49.0389,2019.4316,256.6982,0.0528,0.0033,1718.0,0.0949
12370000,44.58316221765914,0.10022107590272661,16.69055151280242,125,3.127393445910062,thaumaturgo,-8.9458,-72.7847,16100.0,16184.38,high,220.0,309.2044,12.9614,16184.38,5.19877,3.02499,3.71765,0.58187,0.60494,0.1123,0.0,9.45,1.03279,djf,155.8,2.86924,jja,2.04953,0.39463,1.55018,4.53379,0.55187,172.94444,0.1262,7.1554,5.16453,2.72973,110.29599,17.68033,0.0,mixed_sedimentary_rocks,55.68,siliciclastic_sedimentary_rocks,41.4,0.0,0.1909,-13.1659,35.4839,30.2176,34.2928,7.1955,2306.7625,340.8016,0.0801,0.0107,0.0,0.0
12500000,44.58316221765914,0.06104151314173422,23.694501394248977,125,2.8983035746693435,cruzeiro_do_sul,-7.6333,-72.6603,37800.0,38019.14,high,178.0,272.0713,10.7975,38019.14,5.49805,3.0414,3.84662,0.55318,0.51149,0.11145,0.0,6.6,1.02326,djf,130.8,2.70527,jja,2.12972,0.38579,1.39199,3.27328,0.67447,183.58824,0.2492,6.0865,0.0,0.0,56.07381,19.15789,0.0,siliciclastic_sedimentary_rocks,59.75,mixed_sedimentary_rocks,26.77,0.04,0.194,-11.8758,35.1103,30.4631,34.4231,9.6634,2485.3821,215.7023,0.1527,0.0196,0.0,0.0
12520000,44.668035592060235,0.08311369904995403,35.204805907409636,125,2.3611781021390708,ipixuna,-7.0556,-71.6892,56100.0,55632.32,high,149.0,254.7959,10.0169,55632.32,5.65542,3.06087,3.89811,0.54123,0.4944,0.11054,0.0,6.1,1.04274,mam,120.8,2.65787,jja,2.09555,0.36831,1.45899,3.68383,0.75618,187.23529,0.2351,4.8333,0.0,0.0,66.85311,32.85,0.0,siliciclastic_sedimentary_rocks,60.87,unconsolidated_sediments,20.77,0.03,0.1962,-11.4941,35.5863,30.3037,34.1095,11.1858,2594.9957,176.7996,0.1558,0.0204,0.0,0.0
12700000,44.83504449007529,0.05703468490473864,66.15387770622206,125,2.206620042043592,santos_dumont,-6.4403,-68.2461,144000.0,143941.2,high,94.0,238.5415,10.5135,143941.2,5.81787,3.07879,3.91967,0.5292,0.52884,0.11837,0.0,3.25,1.01562,djf,100.15,2.84517,jja,2.46211,0.41758,1.13611,4.26203,0.79709,198.6875,0.3076,5.4143,0.0,0.0,64.08809,51.25,0.0,siliciclastic_sedimentary_rocks,71.17,unconsolidated_sediments,19.92,0.01,0.196,-10.9912,34.8731,31.2232,33.9037,11.2273,2546.5349,178.8942,0.1204,0.0134,0.0,0.0
13150000,44.0848733744011,0.01565022978511986,97.05941769380068,125,1.6548145485739438,itapeua,-4.0578,-63.0278,1780000.0,1781442.0,high,20.0,741.5321,57.4735,1781442.0,6.41323,2.97787,3.73052,0.46433,0.1475,0.11085,0.0,0.0,0.0,,20.35,1.96618,jja,4.24817,0.66244,0.47511,0.86673,0.9218,216.72222,2.4751,5.793,0.0,0.0,0.0,0.0,0.0,unconsolidated_sediments,34.17,siliciclastic_sedimentary_rocks,27.19,5.03,0.1788,-12.8201,41.5696,27.6593,30.7762,39.8575,2088.2394,132.9009,0.0557,0.0036,1718.0,0.0622
13470000,44.41615331964408,0.07316772483511065,13.643485329738049,125,2.6559204412792954,brasileia,-11.0178,-68.745,7020.0,7215.198,high,191.0,300.152,12.2796,7215.198,5.07795,3.07908,3.55272,0.60636,0.65144,0.12874,0.0,12.95,1.06148,djf,179.85,3.28493,jja,1.43737,0.28566,1.68121,3.71034,,170.0,0.1261,5.3105,17.358,2.63492,77.43133,16.82955,0.0,siliciclastic_sedimentary_rocks,64.6,mixed_sedimentary_rocks,35.38,0.0,0.211,-12.1897,38.8579,28.6152,32.5411,7.1284,2522.7344,499.7036,0.5511,0.105,0.0,0.0
13600002,44.39151266255989,0.008017762427531763,18.278676021217507,125,3.4641243953009715,rio_branco,-9.975,-67.8008,23500.0,23517.72,high,135.0,250.9573,12.595,23517.72,4.89322,3.0922,3.59856,0.63194,0.65575,0.14043,0.0,9.45,1.03846,djf,156.35,3.31601,jja,1.28963,0.26568,2.0106,4.7789,0.66296,180.05556,0.1082,4.2124,5.52856,8.83333,97.01057,24.8,0.0,siliciclastic_sedimentary_rocks,81.49,mixed_sedimentary_rocks,10.9,0.0,0.1989,-11.0364,39.0352,28.4619,32.5151,7.0365,2462.6129,518.4595,1.3879,0.2949,0.0,0.0
13710001,44.83504449007529,0.015571568148510014,34.97854592299424,125,3.3673584021971266,valparaiso_-_montante,-8.6533,-67.375,105000.0,105814.3,high,104.0,250.9295,12.2913,105814.3,5.10046,3.09124,3.73284,0.60607,0.66773,0.12952,0.0,5.9,1.02609,djf,127.95,3.37154,jja,1.67835,0.3281,1.83214,5.53234,0.71149,185.0,0.0997,4.7811,0.0,0.0,116.82064,67.14706,0.0,siliciclastic_sedimentary_rocks,68.73,unconsolidated_sediments,17.66,0.0,0.1968,-11.162,36.4632,30.387,33.1572,8.1567,2444.0053,449.2015,0.6105,0.0997,7.0,0.0108
13750000,44.83504449007529,0.009342940889106009,47.92493836502413,125,2.325568120800548,seringal_fortaleza,-7.7156,-66.9997,154000.0,154834.0,high,112.0,225.7759,11.4357,154834.0,5.42786,3.10547,3.81651,0.57214,0.61902,0.13338,0.0,3.35,1.0,djf,108.6,3.23696,jja,2.15236,0.39397,2.17474,4.7409,0.76302,192.05263,0.24838,5.31479,0.0,0.0,83.70312,69.20833,0.0,siliciclastic_sedimentary_rocks,72.75,unconsolidated_sediments,17.93,0.0,0.1964,-10.9786,35.8294,30.938,33.2393,11.5069,2427.8616,320.9974,0.404,0.0514,7.0,0.0058
13870000,44.668035592060235,0.0,68.668378546939,125,1.555226954021048,labrea,-7.2581,-64.7975,226000.0,227861.4,high,51.0,194.3083,10.5582,227861.4,5.52056,3.12519,3.85387,0.5661,0.57175,0.14486,0.0,2.05,1.0,djf,98.25,3.39378,jja,2.15634,0.39041,1.29089,4.27399,0.80234,203.1,0.3516,4.5324,0.0,0.0,51.94221,47.09091,0.0,siliciclastic_sedimentary_rocks,61.3,unconsolidated_sediments,27.28,0.0,0.1907,-11.0904,36.2671,30.5682,33.1727,14.8151,2526.0642,209.6993,0.3237,0.0411,8.0,0.0045
13880000,44.668035592060235,0.002390438247011952,96.27799331446079,125,1.517248722900434,canutama,-6.5389,-64.3858,236000.0,237654.6,high,43.0,189.8427,10.3691,237654.6,5.55522,3.12795,3.86475,0.56306,0.56388,0.14555,0.0,1.75,1.0,djf,95.75,3.41355,jja,2.2888,0.41201,0.979,4.18361,0.81607,209.0,0.3955,4.6067,0.0,0.0,45.4,43.2381,0.0,siliciclastic_sedimentary_rocks,58.86,unconsolidated_sediments,30.13,0.0,0.1919,-11.0928,36.2074,30.6839,33.1165,15.0131,2526.3411,193.8999,0.312,0.0374,8.0,0.004
14100000,44.0848733744011,0.005713575953297727,110.58790933050904,125,1.7607676242885428,manacapuru,-3.3106,-60.6094,2200000.0,2200203.0,high,6.0,627.7019,48.2034,2200203.0,6.32973,3.00837,3.77217,0.47528,0.20203,0.11886,0.0,0.0,0.0,,21.15,2.07353,jja,3.99212,0.63124,0.61653,0.99346,0.91995,221.73684,2.3199,5.64412,0.0,0.0,0.0,0.0,0.0,unconsolidated_sediments,38.97,siliciclastic_sedimentary_rocks,28.42,4.07,0.1835,-12.5023,40.2847,28.523,31.1979,35.7359,2143.0416,115.5005,0.1099,0.0075,1726.0,0.0538
14110000,44.498288843258045,0.046945179351504336,43.01335543159489,125,2.629415434981653,cucui,1.2153,-66.8525,74300.0,74513.71,high,80.0,233.3013,21.7262,74513.71,8.53279,3.06426,4.30217,0.35912,-0.37261,0.13868,0.0,0.9,1.0,jja,41.7,1.75579,djf,5.86307,0.68731,0.82931,1.74231,0.81301,253.57895,1.3112,11.652,0.0,0.0,15.61412,23.92308,0.0,acid_plutonic_rocks,51.9,metamorphics,24.38,0.0,0.0554,-13.7294,52.6391,19.942,27.4226,24.4567,1755.7344,82.5,0.0104,0.0005,0.0,0.0
14230000,44.498288843258045,0.06091183166184704,24.325400739996184,125,3.348861715066534,missao_icana,1.0744,-67.5947,23600.0,23497.75,high,78.0,160.6365,10.1185,23497.75,9.81837,2.97093,4.3223,0.30259,-0.26914,0.12715,0.0,2.45,1.04255,jja,56.9,1.6119,djf,6.97804,0.71071,0.98189,1.51743,0.81639,239.55,2.4915,12.3288,0.0,0.0,2.9,14.5,0.0,metamorphics,40.76,acid_plutonic_rocks,30.92,0.0,0.0694,-12.9105,56.0614,20.5835,23.3626,15.0053,2047.7176,7.2,0.0105,0.0004,0.0,0.0
14250000,44.498288843258045,0.06472651202854858,44.42859523561634,125,2.571042568948385,sao_felipe,0.3717,-67.3128,124000.0,123844.4,high,80.0,194.0205,16.425,123844.4,8.97833,3.03108,4.30978,0.3376,-0.3057,0.1301,0.0,0.65,1.0,jja,31.65,1.65274,djf,5.78111,0.6439,1.25387,1.5995,0.82389,246.25,1.757,10.863,0.0,0.0,6.75,19.28571,0.0,acid_plutonic_rocks,44.23,metamorphics,28.73,0.0,0.0641,-13.3687,53.8648,20.533,25.6076,21.7934,1856.9586,39.3998,0.0105,0.0005,0.0,0.0
14260000,44.16427104722793,0.04382865290434567,25.10245425776301,125,3.7673647845183575,uaracu,0.4769,-69.1281,40200.0,39726.65,high,85.0,215.326,10.5374,39726.65,9.50349,2.98663,4.22307,0.31427,-0.28483,0.134,0.0,1.95,1.0,jja,53.65,1.91266,djf,5.31983,0.55952,0.33147,1.65955,0.79751,248.21053,1.1309,10.0653,0.0,0.0,16.81907,11.16667,0.0,siliciclastic_sedimentary_rocks,54.15,metamorphics,25.24,5.89,0.1287,-13.9088,53.0204,19.5341,27.4467,16.5533,2078.9496,5.2999,0.0105,0.0005,0.0,0.0
14280001,44.498288843258045,0.05986587091613856,30.268498087568936,125,3.550694841721576,taraqua,0.1303,-68.5386,44300.0,43867.04,high,73.0,206.6952,10.3668,43867.04,9.46242,2.98801,4.22936,0.31578,-0.27048,0.13053,0.0,1.65,1.0,jja,48.8,1.87692,djf,5.44826,0.57578,1.9201,1.50662,0.79733,246.1,1.3748,10.34618,0.0,0.0,12.55,13.21053,0.0,siliciclastic_sedimentary_rocks,49.04,metamorphics,22.88,5.34,0.1329,-13.7183,53.2452,19.7387,27.018,17.2327,2102.5795,8.3,0.0105,0.0005,0.0,0.0
14310000,43.65503080082136,0.11577296958294137,14.995969465209736,125,3.5352567873316305,cunuri,0.2094,-69.3781,4250.0,4556.995,medium,99.0,156.6731,7.5179,4556.995,8.95015,2.98206,4.25197,0.33319,-0.16094,0.09945,0.0,3.9,1.0,jja,94.8,1.64441,jja,6.46597,0.72202,1.23889,1.63293,0.72646,228.42105,2.10222,12.396,0.0,0.0,2.46995,6.125,0.0,acid_plutonic_rocks,73.44,metamorphics,16.33,0.0,0.0296,-13.0349,52.0347,20.688,27.288,18.0696,2005.2128,0.0,0.0105,0.0004,0.0,0.0
14330000,44.498288843258045,0.011320986894727127,40.54109578996074,125,3.0290092362577514,curicuriari,-0.2006,-66.8022,194000.0,193303.7,high,64.0,187.5934,14.0643,193303.7,9.07916,3.01794,4.28757,0.3324,-0.26986,0.12491,0.0,0.35,1.0,jja,23.75,1.79924,djf,5.73984,0.6322,1.4306,1.41012,0.83283,242.1,2.0788,10.2967,0.0,0.0,3.2,10.66667,0.0,acid_plutonic_rocks,33.64,metamorphics,26.18,1.21,0.0871,-13.3132,53.7106,20.6235,25.6713,20.8802,1951.5816,26.3,0.0105,0.0005,0.0,0.0
14350000,44.498288843258045,0.06558789146619086,28.893109046921087,125,2.831940504209388,jusante_da_cachoeira_do_caju,-0.2461,-67.0092,13100.0,13454.33,high,84.0,105.9621,7.1631,13454.33,8.92858,3.02776,4.33337,0.33911,-0.04646,0.08918,0.0,2.3,1.0,mam,68.85,1.44038,jja,6.05357,0.678,1.20526,1.36731,0.815,223.75,2.3504,10.6498,0.0,0.0,1.65,8.25,0.0,unconsolidated_sediments,87.53,metamorphics,8.05,0.0,0.1938,-11.633,54.8353,24.353,20.8215,27.4406,2362.1276,0.0,0.0093,0.0004,0.0,0.0
14440000,44.16427104722793,0.06602194532267064,53.16813381578523,125,3.2554494870112918,posto_ajuricaba,0.8842,-62.6219,16900.0,17771.58,high,52.0,217.0425,36.6135,17771.58,6.01697,3.04423,4.03526,0.50594,-0.55077,0.13458,0.0,8.55,1.03012,mam,134.4,2.56244,djf,2.49041,0.4139,1.81976,3.33438,0.69297,269.15,0.1293,7.3752,0.0,0.0,66.65,19.89552,0.0,acid_plutonic_rocks,67.3,metamorphics,25.44,0.0,0.023,-13.1426,43.1981,19.2531,37.5655,13.2162,2182.5191,128.4977,0.0071,0.0008,0.0,0.0
14515000,44.24914442162902,0.00569236480633585,120.91090282134525,125,3.2999311836080354,fazenda_passarao,3.2078,-60.5711,50200.0,49360.72,high,85.0,417.0651,42.7683,49360.72,5.69194,3.2531,3.89561,0.57153,-0.62206,0.18762,0.0,8.1,1.03846,mam,137.2,2.81148,djf,2.76839,0.48449,1.60483,2.14513,0.75878,258.125,0.5529,6.8798,0.0,0.0,18.37409,11.41935,0.0,metamorphics,46.21,acid_plutonic_rocks,26.22,0.0,0.0422,-13.6565,42.4019,21.1608,36.4416,17.2532,2361.676,690.8264,0.3701,0.0366,20.0,0.0401
14526000,44.24914442162902,0.10765994307635193,29.810589881569634,125,3.2881884387152502,bonfim,3.3811,-59.8111,9860.0,10020.33,high,80.0,187.8192,21.8202,10020.33,4.98781,3.23919,2.92415,0.64942,-0.90939,0.17905,0.0,18.4,1.16088,jja,197.55,3.82108,djf,1.77739,0.35456,2.09893,8.01508,0.50136,300.05263,0.015,8.96028,88.20749,13.38462,201.66058,53.75676,0.0,metamorphics,88.88,siliciclastic_sedimentary_rocks,6.28,0.0,0.025,-13.3607,50.83,18.4378,30.7317,11.7429,3358.3957,185.1009,0.5637,0.0869,0.0,0.0
14680001,44.33127994524298,0.009449110671936758,138.46727320478269,125,2.3383893800279116,fe_e_esperanca,2.8708,-61.4406,12200.0,12473.34,high,81.0,395.7454,36.665,12473.34,5.61945,3.05247,4.13321,0.5432,-0.62398,0.1756,0.0,11.95,1.03463,mam,163.4,2.85914,djf,2.29523,0.40526,1.39007,1.95911,0.77333,241.42105,0.4918,5.2297,0.0,0.0,14.19339,9.26667,0.0,metamorphics,88.88,acid_plutonic_rocks,7.6,0.0,0.0101,-14.0349,40.4319,19.4425,40.1456,15.2515,2083.746,872.6947,0.1372,0.0164,0.0,0.0
15030000,44.16427104722793,0.019155663009112887,138.04935322104618,125,1.742751341433192,jatuarana,-3.0633,-59.6478,2930000.0,2930404.0,high,6.0,512.2986,40.9004,2930404.0,6.55525,3.02733,3.81908,0.46182,0.04393,0.12295,0.0,0.0,0.0,,6.1,1.60526,jja,3.83614,0.5852,0.3373,1.05579,0.91758,223.2,2.11942,5.4386,0.0,0.0,0.0,0.0,0.0,unconsolidated_sediments,39.46,siliciclastic_sedimentary_rocks,23.93,3.14,0.1686,-12.5255,42.0387,26.9335,31.0332,32.4873,2136.9876,88.2,0.1456,0.0104,1934.0,0.0471
15130000,44.58316221765914,0.07792925571112749,69.67912385134466,125,2.215919655212315,pimenteiras,-13.4858,-61.05,54400.0,55983.24,high,170.0,343.3542,25.2993,55983.24,3.95258,3.21797,3.18818,0.81414,0.82544,0.19164,0.0,6.95,1.04511,djf,157.5,4.41176,jja,0.76205,0.19478,1.0243,2.54151,0.84392,197.55556,0.2591,1.4831,0.0,0.0,0.0,0.0,0.0,unconsolidated_sediments,40.21,acid_plutonic_rocks,21.43,0.0,0.1422,-12.9024,55.3283,16.5551,28.1182,9.3267,2472.1498,1128.2384,1.026,0.3689,35.0,0.2248
15400000,44.7501711156742,0.0,167.3245803345469,125,2.5386592681774682,porto_velho,-8.7483,-63.9169,976000.0,995526.5,high,52.0,642.3734,51.2862,995526.5,4.12762,3.03224,3.01028,0.73462,0.80765,0.17063,0.0,2.45,1.06522,djf,124.45,4.10726,jja,1.5957,0.38659,1.21019,2.66605,0.82005,198.5,0.3425,3.35174,0.0,0.0,13.4,14.88889,0.0,mixed_sedimentary_rocks,60.47,acid_plutonic_rocks,13.22,0.29,0.1661,-12.2969,44.6277,24.6645,30.7143,15.9792,2472.7461,426.1748,0.9096,0.1562,3482.0,0.6005
15550000,44.16427104722793,0.014134275618374558,82.01967136664473,125,1.9800874356788436,santa_isabel,-8.7986,-63.7106,12700.0,12376.43,high,68.0,155.1046,19.8123,12376.43,5.72703,3.1902,3.72504,0.55704,0.33931,0.20555,0.0,7.55,1.01342,djf,137.85,3.1836,jja,2.40317,0.42294,1.51266,4.40701,0.75814,204.23529,0.3197,6.4068,0.0,0.0,81.61112,50.67742,0.0,metamorphics,63.29,unconsolidated_sediments,19.57,0.0,0.0603,-13.1045,41.8931,19.5843,38.5174,10.5646,2352.7363,489.8935,1.5141,0.1726,7.0,0.0645
15700000,44.68446269678302,0.012254151093682985,166.366028475885,125,2.1402296172402537,manicore,-5.8167,-61.3019,1150000.0,1173701.0,high,26.0,570.896,45.9877,1173701.0,4.38349,3.056,3.1134,0.69716,0.784,0.1758,0.0,0.95,1.05556,djf,108.05,4.13985,jja,1.90246,0.4303,0.71397,2.53305,0.83465,208.83333,0.431,3.7273,0.0,0.0,10.19232,22.33333,0.0,mixed_sedimentary_rocks,51.97,unconsolidated_sediments,14.8,0.25,0.162,-12.3613,44.4469,24.3746,31.184,15.5016,2460.1005,402.5092,1.0288,0.1482,9127.0,1.1199
15800000,44.83504449007529,0.01746458231558378,49.52449339187814,125,2.804611751904384,boca_do_guariba,-7.7058,-60.5783,70100.0,70460.28,high,60.0,203.6962,22.6079,70460.28,6.05082,3.10724,3.78911,0.51352,-0.08711,0.22197,0.0,3.5,1.0,djf,115.6,4.20364,jja,1.73656,0.2862,3.0543,4.92152,0.74687,198.57895,0.167,4.6986,0.0,0.0,100.2883,60.60606,0.0,acid_plutonic_rocks,46.13,siliciclastic_sedimentary_rocks,17.28,0.0,0.0821,-13.0834,43.8507,20.6557,35.4885,11.0579,1861.1443,735.8965,0.2884,0.0455,54.0,0.1209
15910000,44.83504449007529,0.01844162188568637,59.58140223493226,125,3.141807163003582,santarem_sucunduri,-6.7956,-59.0422,12700.0,12688.68,high,43.0,169.063,24.8697,12688.68,6.24857,3.119,3.87893,0.49915,-0.48013,0.2265,0.0,4.95,1.0,djf,122.7,2.93541,jja,2.91953,0.46561,1.31683,5.32531,0.71906,200.88889,0.2152,8.78417,0.0,0.0,112.05787,38.87719,0.0,siliciclastic_sedimentary_rocks,81.16,intermediate_volcanic_rocks,10.43,0.0,0.2062,-13.4994,40.9999,20.285,38.7202,12.3441,2263.572,891.8287,0.0516,0.0048,0.0,0.0
15930000,44.83504449007529,0.18521006350757205,43.47790231608653,125,2.4964058186665565,acari_br-230,-7.1014,-59.6833,4990.0,5014.57,high,110.0,178.3697,24.9536,5014.57,6.63502,3.07472,3.82639,0.46341,-0.31307,0.2236,0.0,5.2,1.00971,djf,129.4,2.68465,jja,3.13735,0.47299,1.75093,4.97814,0.72352,199.36842,0.1671,8.82384,0.0,0.0,108.02453,44.27083,0.0,intermediate_volcanic_rocks,69.42,siliciclastic_sedimentary_rocks,28.77,0.0,0.1373,-12.9543,39.452,19.3829,41.1624,12.2216,2280.7355,816.0078,0.0516,0.0045,0.0,0.0
17050001,44.83504449007529,0.014960918417195896,132.85901976827316,125,1.5567252266240685,obidos,-1.9192,-55.5131,4670000.0,4720020.0,high,10.0,480.0521,39.4279,4720020.0,5.98117,3.04733,3.65489,0.50949,0.17439,0.14878,0.0,0.0,0.0,,5.3,1.60606,jja,3.18105,0.53184,1.11738,1.15021,0.914,223.6,1.721,4.6318,0.0,0.0,0.0,0.0,0.0,unconsolidated_sediments,30.87,mixed_sedimentary_rocks,22.66,2.01,0.1643,-12.5234,42.3309,25.5788,32.0944,25.693,2229.3997,169.2005,0.2768,0.0238,31145.0,0.5683
17090000,44.16427104722793,0.01140660839377596,90.14112693335532,125,2.4202305325599807,boca_do_inferno,-1.5031,-54.8728,19800.0,19697.75,high,19.0,356.6417,37.1895,19697.75,5.63451,3.23278,4.28535,0.57375,-0.83847,0.26105,0.0,12.3,1.10811,mam,153.25,2.9135,son,0.72156,0.12802,3.03285,4.6892,0.67288,248.33333,0.0146,2.87803,20.93423,8.0,128.53618,50.12245,0.0,acid_plutonic_rocks,83.44,siliciclastic_sedimentary_rocks,8.12,0.0,0.0328,-13.1566,37.4675,20.1487,42.3616,8.6755,2810.9055,1422.2612,0.1712,0.065,0.0,0.0
17200000,44.733744010951405,0.04645327131403391,45.21535412846779,125,2.8379255124806204,porto_roncador,-13.5575,-55.3347,10800.0,10878.8,high,350.0,473.7326,22.3925,10878.8,4.89851,3.28497,2.76866,0.67061,0.9733,0.20237,0.0,11.85,1.19697,djf,181.75,5.00689,jja,2.10008,0.4218,1.17544,3.79903,0.68188,169.22222,0.3835,6.3878,3.80308,12.33333,41.01161,18.55814,0.0,siliciclastic_sedimentary_rocks,92.96,unconsolidated_sediments,5.49,1.55,0.2079,-14.3825,59.1236,13.631,27.2382,8.7165,2703.7123,1039.513,0.7023,0.0916,0.0,0.0
17345000,39.748117727583846,0.0429811268769803,71.16340276802897,125,2.403976042347442,base_do_cachimbo,-9.3589,-54.9039,465.0,493.6863,medium,457.0,544.4778,23.8587,493.6863,6.293,3.15189,3.5843,0.50086,-0.21056,0.2453,0.0,8.8,1.07317,djf,168.9,3.787,jja,4.41234,0.70232,0.29386,1.52162,0.8004,173.89474,1.9426,9.3042,0.0,0.0,0.0,0.0,0.0,siliciclastic_sedimentary_rocks,100.0,,0.0,0.0,0.19,-15.2,55.9419,14.3083,29.7296,11.8267,2574.0707,1365.1327,0.2468,0.0153,0.0,0.0
17350000,44.58316221765914,0.049496438221567185,15.395517981255969,125,2.9070854146270855,cachimbo,-9.8172,-54.8858,1010.0,1009.803,high,300.0,446.0865,35.9705,1009.803,6.00854,3.14312,3.46734,0.52311,0.01465,0.2441,0.0,10.05,1.08065,djf,168.8,3.99527,jja,2.45633,0.40881,1.53395,5.15441,0.66832,178.9,0.2096,7.87576,4.85,3.88,117.1,47.79592,0.0,intermediate_volcanic_rocks,70.45,siliciclastic_sedimentary_rocks,29.43,0.0,0.1194,-13.3015,51.6551,17.2768,31.0655,10.292,1717.5154,1599.4112,1.0216,0.1139,0.0,0.0
18200000,44.498288843258045,0.011320986894727127,84.30121425173682,125,2.3702333117760017,arapari,-1.7789,-54.3972,12400.0,12420.47,high,16.0,350.7705,40.1595,12420.47,5.14721,3.18853,4.1601,0.61947,-0.90695,0.27298,0.0,13.8,1.1358,mam,167.45,3.03902,son,0.91776,0.17711,1.62759,4.02404,0.68263,246.44444,0.0271,3.22752,7.76581,4.31429,94.42397,31.11864,0.0,acid_plutonic_rocks,78.46,siliciclastic_sedimentary_rocks,19.9,0.0,0.0482,-13.7131,36.9133,20.4971,42.5634,8.8804,2947.713,1520.3602,0.3215,0.096,0.0,0.0
18850000,35.00068446269678,0.011889862327909888,52.60280910677325,125,1.8389273930898453,altamira,-3.2147,-52.2122,448000.0,452452.1,high,89.0,315.0084,23.6942,452452.1,5.40926,3.11404,3.48536,0.57569,-0.30785,0.23034,0.0,1.75,1.09375,djf,99.95,5.04798,jja,1.48547,0.27851,1.71112,4.61022,0.7512,209.58824,0.1852,4.2219,0.0,0.0,90.22009,56.6129,0.0,metamorphics,28.23,unconsolidated_sediments,27.48,0.0,0.1111,-12.9355,49.0234,17.3487,33.6206,10.0781,2649.1328,786.8968,0.4502,0.083,110.0,0.0448
19150000,35.00068446269678,0.0,99.90205434955232,125,2.8334006038502393,sao_francisco,-0.5692,-52.5692,51500.0,51766.67,high,37.0,275.5607,32.3007,51766.67,5.93668,3.21015,4.33831,0.54073,-0.76154,0.25329,0.0,6.95,1.07752,mam,132.75,2.9402,son,1.89225,0.31974,1.53491,2.60583,0.7707,245.36842,0.2554,4.8435,0.0,0.0,39.01363,33.73913,0.0,acid_plutonic_rocks,54.93,metamorphics,37.67,0.0,0.0166,-13.1449,36.9631,20.2425,42.7859,8.8287,3413.0655,949.7308,0.0626,0.0091,0.0,0.0
20200000,44.7501711156742,0.001896604466197614,72.04976358936209,125,2.567225443102263,uruana,-15.4961,-49.6908,3700.0,3668.815,high,568.0,729.731,36.1815,3668.815,4.48439,3.0556,2.61349,0.68139,0.60604,0.1575,0.0,16.15,1.25194,djf,211.85,5.25682,jja,1.42322,0.31737,2.61281,2.58382,0.70948,175.25,0.2378,4.0748,0.95,2.375,28.4,13.2093,0.0,acid_plutonic_rocks,46.61,metamorphics,39.77,0.0,0.0279,-12.993,43.2841,17.8375,38.85,9.5785,3213.0094,1790.6549,14.7654,2.8424,0.0,0.0
20250000,34.001368925393564,0.0,31.519789281054642,125,2.793665000623067,uhe_serra_da_mesa_ceres,-15.2753,-49.5519,10600.0,10616.05,high,550.0,730.4547,40.4111,10616.05,4.39034,3.07059,2.63605,0.6994,0.68769,0.16107,0.0,14.55,1.22269,djf,200.0,5.58659,jja,1.30661,0.29761,2.83826,2.50092,0.72378,172.65,0.2527,3.4308,0.5,2.5,20.3,11.6,0.0,metamorphics,50.23,acid_plutonic_rocks,37.41,0.0,0.0207,-13.2384,43.3983,18.276,38.3056,9.0248,3078.3278,1895.0686,9.4587,1.9833,6.0,0.1185
21500000,44.7501711156742,0.03279290302844907,22.900170508538675,125,2.4136278442643784,nova_roma_(faz.sucuri),-13.7625,-46.8375,22600.0,22854.52,high,419.0,656.0314,39.8514,22854.52,3.56126,3.25863,2.53345,0.91502,1.02266,0.18458,0.0,16.55,1.2214,djf,217.7,7.69258,jja,0.71246,0.20004,2.50879,2.11108,,170.78947,0.2083,2.3046,5.14955,8.16667,0.0,0.0,0.0,unconsolidated_sediments,37.84,carbonate_sedimentary_rocks,18.63,18.63,0.1609,-12.9244,42.5724,22.4384,34.9899,8.5061,3060.5644,858.1858,4.1195,1.5841,597.0,10.0449
21750000,44.7501711156742,0.020495564392780666,53.78385696328575,125,1.0586308265925435,lavandeira,-12.7936,-46.5122,1040.0,1077.9,high,396.0,671.7176,58.3348,1077.9,3.71648,3.18989,2.46659,0.85831,0.00388,0.23753,0.0,18.95,1.19937,djf,236.85,6.70014,jja,2.88593,0.77575,0.49326,0.38299,0.8721,173.66667,2.1643,5.2568,0.10128,2.0,0.0,0.0,0.0,mixed_sedimentary_rocks,30.48,siliciclastic_sedimentary_rocks,27.35,11.28,0.1418,-13.1689,44.885,22.3156,32.7958,9.1936,2599.3008,1204.481,2.9728,0.2822,0.0,0.0
22050001,44.7501711156742,0.009544203120220252,99.28982687689879,125,2.378736091730047,peixe,-12.0231,-48.5328,128000.0,129156.2,high,233.0,637.6209,45.5726,129156.2,3.91807,3.25277,2.60828,0.8302,0.84374,0.19717,0.0,10.65,1.20339,djf,187.65,8.6078,jja,0.99237,0.25328,2.6676,1.37914,0.76523,171.6,0.3744,2.3473,1.35,9.0,0.0,0.0,0.0,metamorphics,46.8,unconsolidated_sediments,14.44,6.64,0.0707,-13.4721,46.222,19.8191,33.9597,8.8961,2728.1102,1219.0686,4.3743,1.2077,61400.0,131.2466
22500000,35.00068446269678,0.0,54.32572128032722,125,2.1519877419755478,miracema_do_tocantins,-9.5681,-48.38,185000.0,187108.3,high,179.0,549.065,39.4378,187108.3,4.08362,3.30205,2.64271,0.80861,0.64467,0.21462,0.0,9.2,1.19481,djf,178.4,8.53589,jja,0.99754,0.24428,2.58029,2.30387,0.72807,178.95,0.2754,2.75286,1.95,19.5,0.5,2.0,0.0,metamorphics,50.08,unconsolidated_sediments,14.05,5.27,0.0684,-13.3657,49.4634,18.3904,32.1497,8.6477,2656.0623,962.8162,3.4919,0.959,67023.0,98.3802
22680000,44.7501711156742,0.001957785255429795,51.419788146631326,125,1.905509272035437,jatoba_(fazenda_boa_nova),-9.9953,-47.4725,16900.0,16951.1,high,224.0,474.7094,25.0511,16951.1,4.19154,3.46519,2.42262,0.82671,-0.20983,0.28478,0.0,13.35,1.13617,djf,203.05,6.98967,jja,1.42268,0.33942,0.71611,1.27927,0.80012,176.4,0.7438,2.8849,0.45,1.8,0.0,0.0,0.0,siliciclastic_sedimentary_rocks,83.14,mixed_sedimentary_rocks,16.78,0.0,0.1926,-11.6315,60.7787,13.4221,25.7851,7.8074,3410.0202,1101.2847,0.1074,0.0207,0.0,0.0
22700000,44.58316221765914,0.015045443380004913,45.041701497894216,125,2.184199881000536,novo_acordo,-9.9633,-47.6747,18000.0,18075.82,high,223.0,463.9241,24.7848,18075.82,4.21337,3.47097,2.44063,0.8238,-0.20881,0.28478,0.0,13.15,1.14348,djf,201.7,7.07719,jja,1.41876,0.33673,0.94374,1.31008,0.78729,176.35,0.7103,2.87296,1.1,2.75,0.0,0.0,0.0,siliciclastic_sedimentary_rocks,84.02,mixed_sedimentary_rocks,15.91,0.0,0.1925,-11.8534,60.7763,13.4729,25.7376,7.7703,3356.2307,1111.1865,0.1135,0.0219,0.0,0.0
22850000,30.28336755646817,0.02115541090317331,12.022374658827424,125,1.8561416228515513,dois_irmaos,-9.3186,-47.8086,9520.0,9412.25,high,201.0,317.2654,20.8257,9412.25,4.53338,3.54189,2.70732,0.78129,-0.57776,0.28873,0.0,11.9,1.11215,djf,196.5,5.91867,jja,1.43595,0.31675,2.0346,2.51377,0.64921,179.25,0.3228,4.42128,5.55,3.58065,12.55,10.91304,0.0,siliciclastic_sedimentary_rocks,58.38,mixed_sedimentary_rocks,41.16,0.0,0.1911,-14.9943,59.5039,15.2369,25.2606,7.1162,2351.4462,1050.2831,0.4751,0.0906,0.0,0.0
22900000,44.498288843258045,0.00406078877745647,35.98022734538211,125,2.1302497203549016,porto_real,-9.3069,-47.9292,44100.0,44065.08,high,198.0,406.2702,27.0346,44065.08,4.37235,3.48704,2.62726,0.79752,-0.3489,0.28295,0.0,10.05,1.09239,djf,188.35,7.20268,jja,1.38132,0.31592,1.69695,1.94029,0.76174,181.9,0.5359,3.3235,0.1,2.0,0.0,0.0,0.0,siliciclastic_sedimentary_rocks,77.53,mixed_sedimentary_rocks,18.47,0.03,0.1874,-13.2783,59.3429,14.3445,26.3125,7.766,2936.008,1168.2097,0.3941,0.0782,82.0,0.3691
23100000,44.7501711156742,0.010278372591006424,70.68392296907983,125,2.5187342438611497,tupiratins,-8.3917,-48.1114,242000.0,245742.3,high,168.0,507.8931,36.2178,245742.3,4.17203,3.34051,2.65564,0.80069,0.42456,0.23031,0.0,7.35,1.16667,djf,171.05,8.88571,jja,1.09122,0.26156,2.27548,2.22,0.75472,182.05,0.3286,2.899,0.75,15.0,0.3,3.0,0.0,metamorphics,38.91,siliciclastic_sedimentary_rocks,23.31,4.03,0.0962,-13.4122,51.5869,17.5856,30.8311,8.4949,2678.2978,1001.2703,2.8658,0.7195,67105.0,68.5597
23150000,44.58316221765914,0.018422991893883568,36.421250752134675,125,2.3085414142225336,itacaja,-8.3917,-47.7653,2800.0,2855.066,high,195.0,275.5202,17.5254,2855.066,4.57224,3.47293,2.80551,0.75957,-0.75712,0.2937,0.0,10.8,1.09645,djf,195.0,5.05181,jja,1.41608,0.30971,0.81056,2.17127,0.69382,186.05,0.4068,3.9273,2.2,3.38462,0.6,6.0,0.0,siliciclastic_sedimentary_rocks,81.78,unconsolidated_sediments,10.8,0.0,0.1932,-14.6985,58.1598,16.4187,25.4404,7.7353,2015.2401,959.754,0.4043,0.0782,0.0,0.0
23220000,34.997946611909654,0.11577876867714934,28.04017229348935,125,2.047708322343631,cachoeira_monte_lindo,-7.9939,-46.9269,3120.0,2980.43,high,254.0,386.5198,20.1096,2980.43,4.00277,3.43935,2.55485,0.85924,-0.66151,0.3153,0.0,13.3,1.10833,djf,204.7,5.5929,jja,0.89347,0.22321,0.76959,2.00911,0.76653,184.65,0.31,2.0767,0.25,1.25,0.0,0.0,0.0,mixed_sedimentary_rocks,100.0,,0.0,0.0,0.19,-13.0,54.9334,14.904,30.1636,7.704,2555.6629,1030.2627,4.6587,1.4285,52.0,5.3499
23230000,44.498288843258045,0.09850489140466376,19.565789093158603,125,2.177091053022385,jacare,-7.9633,-47.2611,4100.0,4071.937,high,208.0,332.0218,30.6068,4071.937,4.46923,3.42564,2.83016,0.76649,-0.74548,0.3053,0.0,10.05,1.08649,djf,194.75,5.52482,jja,1.60146,0.35833,0.62855,1.69094,0.747,183.75,0.6744,4.0167,0.45,1.8,0.0,0.0,0.0,mixed_sedimentary_rocks,61.73,siliciclastic_sedimentary_rocks,36.77,0.0,0.1905,-14.5178,55.3783,17.3527,27.2982,7.9954,1950.3911,1183.586,1.7102,0.2926,0.0,0.0
23250000,44.7501711156742,0.02178036096665647,54.28014617724295,125,2.67008349954928,goiatins,-7.7078,-47.3117,10100.0,10025.8,high,184.0,336.989,27.0438,10025.8,4.3244,3.43582,2.73277,0.79452,-0.75116,0.3091,0.0,10.55,1.07653,djf,189.75,5.82055,jja,1.28793,0.29783,0.16675,1.63916,0.77532,186.8,0.5395,3.0526,0.1,1.0,0.0,0.0,0.0,mixed_sedimentary_rocks,81.54,siliciclastic_sedimentary_rocks,16.23,0.0,0.1907,-13.7651,55.2127,16.7032,28.1016,7.9095,2163.4108,1196.8784,2.5691,0.5465,52.0,1.1033
23300000,31.000684462696782,0.0,35.34454594526499,125,3.605325865990538,carolina,-7.3375,-47.4731,275000.0,278649.7,high,177.0,481.253,34.48,278649.7,4.20605,3.35167,2.67157,0.79687,0.26174,0.23948,0.0,6.2,1.14815,djf,165.65,8.76455,jja,1.12702,0.26387,1.78675,2.24122,0.77126,183.88889,0.3627,2.8222,0.0,0.0,0.1017,2.0,0.0,metamorphics,34.54,siliciclastic_sedimentary_rocks,24.02,3.56,0.1074,-13.508,52.1253,17.5366,30.3416,8.4068,2644.1501,990.8184,2.7195,0.6611,67167.0,58.5967
23600000,34.997946611909654,0.0,32.754157919569806,125,2.509950792058517,tocantinopolis,-6.2886,-47.3919,289000.0,293998.4,high,148.0,471.2398,34.2136,293998.4,4.20282,3.35413,2.67469,0.79807,0.18917,0.24343,0.0,5.75,1.13861,djf,162.35,8.65867,jja,1.12714,0.26819,2.17023,2.20976,0.7635,185.2,0.36704,2.9276,0.0,0.0,0.15,3.0,0.0,metamorphics,32.81,siliciclastic_sedimentary_rocks,25.02,3.38,0.1109,-13.4695,52.1759,17.4948,30.3323,8.4264,2648.2835,997.6942,2.6409,0.6419,72567.0,59.996
23700000,44.7501711156742,0.01113490364025696,80.52604762663644,125,2.1555559949289123,descarreto,-5.7894,-47.4689,297000.0,302057.1,high,121.0,465.1658,33.8089,302057.1,4.19469,3.35408,2.67617,0.7996,0.16039,0.24551,0.0,5.7,1.14,djf,161.05,8.52116,jja,1.20459,0.28717,1.88946,2.28881,0.76451,185.4,0.4051,3.1069,0.0,0.0,0.0,0.0,0.0,metamorphics,31.97,siliciclastic_sedimentary_rocks,25.96,3.3,0.1123,-13.4807,52.1778,17.4976,30.3277,8.3863,2650.6414,990.7776,2.7252,0.6198,72567.0,54.6411
23710000,30.12183436002738,0.0,33.42154343199159,125,3.499227061363072,itaguatins,-5.7672,-47.4819,297000.0,302107.8,high,122.0,465.1257,33.8071,302107.8,4.19467,3.35408,2.67617,0.7996,0.16034,0.24551,0.0,5.7,1.14,djf,161.1,8.52381,jja,1.16956,0.27882,2.01322,2.23434,0.7583,186.1,0.373,3.1651,0.0,0.0,0.05,1.0,0.0,metamorphics,31.96,siliciclastic_sedimentary_rocks,25.97,3.3,0.1123,-13.4806,52.178,17.4977,30.3274,8.386,2650.6777,990.7657,2.7256,0.6385,72567.0,56.2679
24050000,39.97535934291581,0.006369426751592357,111.92653690223655,125,1.7791287833739624,alto_araguaia,-17.3011,-53.2172,2080.0,2094.74,high,655.0,776.751,30.2748,2094.74,4.31838,3.05056,2.73812,0.70641,0.91943,0.1408,0.0,13.75,1.18534,djf,198.45,4.55683,jja,2.33647,0.54394,-0.26491,0.67511,0.89901,176.57895,1.6159,3.5058,0.0,0.0,0.0,0.0,0.0,siliciclastic_sedimentary_rocks,85.06,unconsolidated_sediments,12.39,0.0,0.2562,-12.6983,56.0105,12.1527,31.8238,12.8515,2927.0217,2150.3176,4.0774,0.4781,0.0,0.0
24200000,44.7501711156742,0.039461609054756805,55.11358411309825,125,2.2947565570204977,torixoreu,-16.2006,-52.5497,18400.0,18467.51,high,313.0,640.9592,37.8708,18467.51,4.14053,3.11908,2.74367,0.7533,0.9641,0.1465,0.0,12.05,1.1699,djf,190.8,5.4359,jja,1.7075,0.41239,1.4901,2.51705,0.70182,171.65,0.4823,4.9908,1.25,2.08333,0.0,0.0,0.0,siliciclastic_sedimentary_rocks,90.21,unconsolidated_sediments,5.03,0.76,0.201,-12.974,57.2338,13.4141,29.3446,9.1532,2878.0595,2219.0348,1.9581,0.3142,3.0,0.0261
24500000,44.668035592060235,0.01765246705485749,41.62304068730276,125,1.1128764843600776,tesouro,-16.0778,-53.5481,5280.0,5188.323,high,395.0,602.2382,40.3344,5188.323,4.20797,3.24914,2.8607,0.77214,1.01913,0.16,0.0,13.55,1.23182,djf,197.75,5.07051,jja,1.73632,0.41263,1.12482,2.26538,0.66807,165.95,0.5059,5.1895,2.9,1.52632,0.0,0.0,0.0,siliciclastic_sedimentary_rocks,87.65,unconsolidated_sediments,9.72,0.0,0.1931,-14.5887,57.2533,13.6274,29.1212,9.8443,2660.9919,2523.9149,1.5916,0.2511,0.0,0.0
24700000,44.7501711156742,0.01859895992658305,24.844771748221564,125,2.3881058922983343,barra_do_garcas,-15.8914,-52.2278,36800.0,36855.57,high,294.0,576.0003,37.7197,36855.57,4.1708,3.17457,2.79206,0.76114,0.99404,0.15381,0.0,12.1,1.16346,djf,183.7,5.83175,jja,1.56822,0.376,1.00854,2.34843,0.69493,169.0,0.4488,4.7048,1.8,2.4,0.0,0.0,0.0,siliciclastic_sedimentary_rocks,90.31,unconsolidated_sediments,5.25,0.38,0.1955,-13.8297,58.0755,13.3779,28.5405,8.8583,2811.1617,2239.4165,1.6967,0.2964,3.0,0.0142
24750000,44.7501711156742,0.022453349648210462,41.410432568882946,125,1.9991022314126194,sao_ferreira,-16.3025,-51.4692,6430.0,6484.95,high,361.0,650.1693,45.8207,6484.95,4.08674,3.04121,2.63364,0.74417,0.92151,0.1414,0.0,15.65,1.25703,djf,208.9,5.24874,jja,1.60447,0.3926,1.94605,2.79179,0.63198,167.1,0.2853,5.3617,7.35,2.67273,32.85,9.95455,0.0,siliciclastic_sedimentary_rocks,76.95,metamorphics,11.28,0.1,0.16,-12.9751,54.2863,14.6555,31.0607,8.1466,2872.723,2439.0598,1.866,0.3186,244.0,6.4248
24780000,44.7501711156742,0.014866931783420006,26.046858911484705,125,1.8726978528365517,piranhas,-16.4306,-51.8164,1360.0,1334.368,high,349.0,650.9607,39.7787,1334.368,4.09701,3.02283,2.69601,0.73781,0.95362,0.1464,0.0,17.55,1.2952,djf,222.5,5.05682,jja,1.70973,0.41731,0.81855,3.56655,0.59383,173.5,0.1333,6.2287,13.35,2.96667,83.65,17.61053,0.0,siliciclastic_sedimentary_rocks,80.11,metamorphics,11.37,0.0,0.1602,-13.0,54.9922,14.3147,30.6932,8.4121,2972.4069,2125.6669,1.7731,0.2841,17.0,2.0415
24800000,44.7501711156742,0.01859895992658305,32.22359292183849,125,2.539712410615809,peres,-15.8897,-51.8528,12000.0,12082.53,high,293.0,578.2887,41.6315,12082.53,4.115,3.06283,2.62975,0.74431,0.94241,0.14735,0.0,15.85,1.26295,djf,204.25,5.28461,jja,1.44914,0.35216,1.36703,3.19363,0.63948,169.95,0.2339,4.65986,6.6,3.66667,45.25,11.90789,0.0,siliciclastic_sedimentary_rocks,55.09,metamorphics,24.64,0.05,0.1305,-12.9405,54.9242,14.5568,30.5211,7.8866,2957.4222,2041.6467,2.0076,0.3796,261.0,4.084
24850000,44.58316221765914,0.018668631785802015,32.73896416322607,125,2.8162529515248544,araguaiana,-15.7381,-51.8281,50100.0,50231.8,high,287.0,570.8806,38.2538,50231.8,4.15634,3.14844,2.74348,0.7575,0.9936,0.15229,0.0,11.75,1.21134,djf,183.55,5.81775,jja,1.50551,0.36222,1.00569,2.61992,0.6955,169.4,0.3889,4.5825,1.8,3.27273,0.25,5.0,0.0,siliciclastic_sedimentary_rocks,80.87,unconsolidated_sediments,7.04,0.29,0.1794,-13.573,57.3954,13.6308,28.9694,8.5684,2858.5119,2150.0063,1.7828,0.3244,264.0,0.9564
24900000,43.748117727583846,0.013267413480192752,62.009494439928204,125,1.5460452896858976,ivolândia,-16.5125,-50.9967,2060.0,2068.532,high,447.0,648.3031,39.0452,2068.532,4.10996,3.08406,2.67517,0.75039,0.88137,0.1395,0.0,17.85,1.26148,djf,223.8,5.06335,jja,1.36483,0.33208,2.28681,1.97387,0.69696,177.4,0.3877,3.7271,2.3,1.7037,0.0,0.0,0.0,siliciclastic_sedimentary_rocks,76.86,metamorphics,18.56,0.0,0.1554,-12.99,56.3565,14.3467,29.3003,7.8488,2815.0923,2520.8197,4.3655,0.8763,0.0,0.0
24950000,44.7501711156742,0.0022636892015907004,31.913547503825793,125,2.1339578698409856,montes_claros_de_goias,-15.9397,-51.3575,10100.0,9084.481,medium,304.0,557.7871,41.6624,9084.481,4.13192,3.10082,2.64093,0.75045,0.80202,0.14775,0.0,15.75,1.2753,djf,209.4,5.30798,jja,1.23668,0.2993,2.31536,2.58358,0.68884,173.25,0.2445,3.8754,1.75,2.1875,20.15,10.33333,0.0,metamorphics,51.41,siliciclastic_sedimentary_rocks,30.12,0.0,0.0762,-12.9802,52.3749,16.0754,31.5486,8.3034,3009.7284,1810.0998,4.3985,0.9744,0.0,0.0
25100000,44.7501711156742,0.030468033037626185,28.022655772057355,125,0.6117119282729478,balneario_cachoeira_grande,-15.9222,-50.1717,229.0,232.5548,high,434.0,658.962,67.2707,232.5548,4.72158,3.00816,2.83451,0.63711,0.57898,0.15843,0.0,19.6,1.26452,djf,241.95,5.32343,jja,2.24466,0.4754,3.62103,3.4726,0.49808,161.25,0.1252,8.8847,25.2,2.17241,104.15,19.65094,0.0,metamorphics,51.74,acid_plutonic_rocks,48.26,0.0,0.01,-13.0,45.9287,18.9453,35.1136,9.4344,2601.6433,2323.8642,4.9261,0.6013,0.0,0.0
25130000,44.7501711156742,0.001896604466197614,25.810883137442804,125,2.308825642402089,travessao,-15.5358,-50.7047,5310.0,5316.764,high,296.0,458.9577,37.8548,5316.764,4.42522,3.13477,2.74231,0.70839,0.62535,0.15455,0.0,17.5,1.27737,djf,214.1,5.43401,jja,1.25625,0.28388,2.57521,3.97187,0.59483,165.5,0.0756,4.4659,12.45,2.89535,99.9,25.94805,0.0,acid_plutonic_rocks,67.32,metamorphics,31.6,0.0,0.0118,-12.987,51.3274,16.826,31.845,7.8054,2874.3693,1367.9842,3.8288,0.835,0.0,0.0
25200000,44.69267624914442,0.018622886547414848,39.847593515652946,125,3.691603862229341,aruana,-14.9128,-51.0814,76300.0,77159.9,high,252.0,521.977,34.924,77159.9,4.15988,3.16192,2.71349,0.7601,0.9688,0.15338,0.0,11.15,1.29651,djf,180.25,6.02843,jja,1.38321,0.33251,1.33865,2.80175,0.72286,174.05,0.3476,3.86272,0.85,3.4,0.65,6.5,0.0,siliciclastic_sedimentary_rocks,59.99,unconsolidated_sediments,14.75,0.19,0.1554,-13.0995,56.3704,14.0205,29.6055,8.3229,3004.5244,1665.1419,3.7409,0.741,276.0,0.7085
25700000,44.7501711156742,0.020495564392780666,100.0269477770899,125,2.9986220500795677,bandeirantes,-13.6897,-50.8,92300.0,93500.15,high,244.0,484.7,31.6218,93500.15,4.18336,3.17866,2.70373,0.75984,0.94247,0.15828,0.0,10.15,1.30968,djf,176.55,6.39674,jja,1.2814,0.30631,2.09037,3.07648,0.75385,182.85,0.2851,3.4919,0.0,0.0,9.45,13.5,0.0,siliciclastic_sedimentary_rocks,50.24,unconsolidated_sediments,20.75,0.16,0.1496,-12.8697,56.6677,13.9104,29.4188,8.2795,3072.2578,1306.7644,3.7021,0.7915,276.0,0.6311
25950000,35.00068446269678,0.0,45.12405665547791,125,3.0061172557828506,luiz_alves,-13.2097,-50.585,117000.0,118346.0,high,215.0,453.1871,29.3953,118346.0,4.20944,3.19705,2.69047,0.7595,0.90854,0.16524,0.0,9.3,1.28276,djf,171.7,6.70703,jja,1.17318,0.2787,2.29302,3.03907,0.76745,183.35,0.2446,3.0043,0.0,0.0,13.4,12.7619,0.0,siliciclastic_sedimentary_rocks,39.89,metamorphics,22.14,0.15,0.132,-12.8501,57.0091,13.756,29.2327,8.0363,3031.1048,1096.8067,3.4391,0.8031,284.0,0.5604
26040000,30.272416153319643,0.009134484941665914,158.4161242872199,125,2.5461533339587903,rio_das_mortes,-15.3147,-54.1758,5230.0,5241.032,high,555.0,676.1027,17.2794,5241.032,4.53432,3.17913,2.65989,0.70113,0.94508,0.191,0.0,9.4,1.13939,djf,177.75,4.79111,jja,1.94284,0.42848,1.47278,0.88458,0.90022,184.75,1.1674,3.20986,0.0,0.0,0.0,0.0,0.0,unconsolidated_sediments,90.22,siliciclastic_sedimentary_rocks,9.78,0.0,0.2171,-13.2161,52.0284,11.0467,36.9188,12.1506,3420.4366,1181.5571,8.4092,1.1858,4.0,0.1076
26050000,44.33127994524298,0.036623023715415016,110.66738197465632,125,2.6243988824685958,toriqueje,-15.2492,-53.0558,17700.0,17517.37,high,346.0,612.3477,19.1696,17517.37,4.57261,3.17422,2.66915,0.69418,1.01304,0.18478,0.0,10.15,1.18023,djf,174.25,5.3698,jja,1.88602,0.41246,1.18175,1.35205,0.85548,179.85,1.0074,3.6,0.0,0.0,0.0,0.0,0.0,unconsolidated_sediments,57.39,siliciclastic_sedimentary_rocks,42.53,0.0,0.2071,-13.9347,54.1445,11.3788,34.4643,11.133,3429.6917,1050.9465,7.9698,1.1577,4.0,0.0332
26100000,44.7501711156742,0.024411134903640257,119.27136589336304,125,2.0933818050260276,xavantina,-14.6725,-52.355,25300.0,25171.6,high,263.0,564.0911,22.966,25171.6,4.4776,3.18262,2.72472,0.71079,1.01855,0.18373,0.0,9.95,1.16374,djf,173.6,5.85497,jja,1.83427,0.40965,1.36933,1.39413,0.8423,178.7,0.9527,3.7037,0.0,0.0,0.0,0.0,0.0,siliciclastic_sedimentary_rocks,56.56,unconsolidated_sediments,41.46,0.0,0.1989,-14.1253,55.3014,11.8937,32.7974,10.4272,3253.2545,1228.5114,6.2651,0.9358,23.0,0.1365
26200000,44.7501711156742,0.05365555215662282,73.40188753376916,125,2.7530064243791474,trecho_medio,-14.0867,-51.6964,41100.0,40779.91,high,229.0,479.3043,20.6384,40779.91,4.34927,3.23081,2.72424,0.74284,0.99447,0.18044,0.0,10.0,1.24224,djf,173.15,6.01215,jja,1.55678,0.35794,1.17787,1.82715,0.80322,178.25,0.6587,3.6438,0.0,0.0,0.0,0.0,0.0,unconsolidated_sediments,47.59,siliciclastic_sedimentary_rocks,43.74,0.01,0.1887,-13.1826,56.857,12.1808,30.9567,9.2621,3318.117,658.1897,4.5393,0.7988,23.0,0.0993
26300000,44.7501711156742,0.037870908534720096,90.64964413795498,125,2.217485753940593,santo_antonio_do_leverger,-12.2919,-50.9636,59300.0,59545.41,high,200.0,413.0677,17.4362,59545.41,4.34702,3.24672,2.71546,0.74688,0.92764,0.18881,0.0,8.9,1.19463,djf,166.0,6.32381,jja,1.34233,0.30879,1.64463,2.22824,0.81545,187.3,0.5061,3.0853,0.0,0.0,0.0,0.0,0.0,unconsolidated_sediments,51.74,siliciclastic_sedimentary_rocks,40.83,0.01,0.1928,-12.742,57.5416,12.4702,29.981,9.4348,3365.0044,339.9003,3.3089,0.6754,23.0,0.0788
26350000,44.7501711156742,0.02789843988987458,56.901996906110185,125,2.1801692889852133,sao_felix_do_araguaia,-11.6181,-50.6625,194000.0,198426.9,high,190.0,418.8878,23.248,198426.9,4.24774,3.23106,2.68035,0.76065,0.88219,0.1777,0.0,8.55,1.28571,djf,166.45,6.76626,jja,1.18822,0.27902,2.11043,2.90872,0.77557,191.0,0.3323,3.1604,0.0,0.0,0.0,0.0,0.0,unconsolidated_sediments,37.71,siliciclastic_sedimentary_rocks,36.4,0.11,0.1579,-12.6095,57.0336,13.5197,29.4439,8.9369,3253.9675,606.7061,3.1438,0.7249,307.0,0.3567
26720000,44.7501711156742,0.16488222698072805,24.601484605360994,125,2.0512922823115547,praia_alta,-12.4178,-49.5892,6610.0,6688.959,high,208.0,267.1905,13.0954,6688.959,4.24023,3.37266,2.62752,0.7954,0.43643,0.23223,0.0,15.7,1.15018,djf,207.4,5.29757,jja,0.90372,0.21313,3.0135,6.72326,0.57567,176.45,0.01002,3.798,45.55,17.51923,163.8,68.25,0.0,metamorphics,83.74,siliciclastic_sedimentary_rocks,6.67,0.0,0.0319,-12.884,61.5856,12.4679,25.943,6.3803,2185.0569,462.396,1.2227,0.3707,0.0,0.0
27500000,44.7501711156742,0.007953502600183543,67.98416382191408,125,2.5738621398662866,conceicao_do_araguaia,-8.2694,-49.2594,332000.0,330989.3,high,162.0,342.5109,19.0738,330989.3,4.43948,3.28149,2.75784,0.73916,0.55653,0.20568,0.0,4.5,1.07143,djf,147.65,7.57179,jja,1.29307,0.29127,2.91412,4.09989,0.7648,204.05,0.2348,3.5105,0.0,0.0,37.75,32.82609,0.0,unconsolidated_sediments,39.72,metamorphics,26.96,0.07,0.1406,-12.4755,56.0709,14.9818,28.9467,9.7509,3233.3105,333.5959,2.9083,0.6162,328.0,0.21
27550000,43.00068446269678,0.13969183751432573,22.902269135436327,125,2.0881061980603226,arapoema,-7.6136,-49.0453,1150.0,1198.717,high,173.0,239.4183,18.6574,1198.717,4.97361,3.35769,2.9571,0.6751,-0.93893,0.27593,0.0,9.65,1.06044,djf,181.25,3.90205,jja,1.99208,0.40053,3.18505,3.70429,0.67436,188.45,0.262,5.9273,0.95,2.375,63.2,18.58824,0.0,siliciclastic_sedimentary_rocks,64.65,metamorphics,23.59,0.0,0.1928,-13.2228,52.2827,17.5675,30.1392,6.9615,2386.7696,665.7981,1.5809,0.2174,0.0,0.0
28150000,44.7501711156742,0.03536249617620067,39.156849887992216,125,2.7066290700889635,muricilândia,-7.1464,-48.6108,1580.0,1587.485,high,164.0,253.9218,23.6983,1587.485,4.89544,3.28862,3.03011,0.67177,-0.9448,0.2861,0.0,10.4,1.07216,djf,181.45,3.83615,jja,1.77207,0.36198,2.35161,3.17789,0.70851,191.5,0.2981,5.0037,0.5,1.66667,36.0,15.0,0.0,siliciclastic_sedimentary_rocks,52.49,metamorphics,39.68,0.0,0.1577,-13.1245,51.514,17.8688,30.6086,7.551,2408.6508,1029.707,1.6356,0.2529,0.0,0.0
28300000,44.7501711156742,0.027286631997552768,67.1059133607103,125,2.0368387335032883,xambioa,-6.4097,-48.5422,377000.0,377622.0,high,124.0,327.9812,19.1372,377622.0,4.50511,3.28684,2.79054,0.72958,0.36702,0.21379,0.0,3.4,1.04615,djf,139.75,7.53369,jja,1.2946,0.28736,2.44494,4.52687,0.76337,204.05,0.1935,3.44356,0.0,0.0,59.6,42.57143,0.0,unconsolidated_sediments,36.5,metamorphics,28.9,0.06,0.1334,-12.6208,55.1936,15.5309,29.2744,9.5786,3153.2875,379.202,2.7487,0.5817,408.0,0.2287
28850000,44.7501711156742,0.013092688895686754,56.96327203319556,125,2.435426502914921,araguatins,-5.6514,-48.1325,388000.0,389438.2,high,102.0,324.438,19.3063,389438.2,4.51041,3.28828,2.7934,0.72904,0.31981,0.21624,0.0,3.25,1.04839,djf,138.75,7.54076,jja,1.33604,0.29621,2.62135,4.52426,0.76234,205.25,0.2081,3.5362,0.0,0.0,59.25,51.52174,0.0,unconsolidated_sediments,35.55,metamorphics,28.57,0.06,0.1344,-12.662,55.0362,15.6117,29.351,9.5272,3138.8162,390.7871,2.7079,0.5553,416.0,0.219
29050000,44.16427104722793,0.17940611245428056,36.01808892712582,125,2.145014733474821,maraba,-5.3386,-49.1244,703000.0,709486.9,high,83.0,380.3649,25.4031,709486.9,4.37991,3.31849,2.7469,0.75766,0.21369,0.23002,0.0,2.95,1.11321,djf,141.6,8.58182,jja,1.2463,0.28455,2.45642,3.18366,0.78672,202.25,0.3092,3.189,0.0,0.0,1.45,9.66667,0.0,metamorphics,29.61,siliciclastic_sedimentary_rocks,25.84,1.44,0.126,-13.029,53.6307,16.5163,29.8535,9.0023,2936.0204,635.7006,2.7333,0.6009,72983.0,22.6131
29100000,44.83504449007529,0.02851734245236932,65.84173068756128,125,2.7374036959549133,fazenda_alegria,-5.4867,-49.2214,37500.0,37541.79,high,103.0,270.185,38.1928,37541.79,5.05129,3.09848,3.32458,0.6134,-0.91876,0.25575,0.0,9.4,1.04444,djf,145.2,3.44893,jja,1.47254,0.29115,2.23936,4.19137,0.69427,202.58824,0.1353,4.8526,3.33419,16.0,92.26326,45.41026,0.0,metamorphics,67.67,acid_plutonic_rocks,14.62,0.0,0.0367,-13.4384,40.2449,21.826,37.9469,9.999,2618.0582,787.7973,3.5549,0.6614,2.0,0.0099
29700000,36.224503764544835,0.023429823898420375,33.5408723455809,125,1.9872137146636861,tucurui,-3.7578,-49.6533,764000.0,774134.6,high,26.0,366.8549,25.7725,774134.6,4.44669,3.30698,2.79137,0.7437,0.07381,0.23204,0.0,2.45,1.08889,djf,134.75,8.14199,jja,1.27622,0.28164,2.15485,2.47337,0.78962,201.88889,0.4776,3.27915,0.0,0.0,0.0,0.0,0.0,metamorphics,32.65,siliciclastic_sedimentary_rocks,24.65,1.32,0.1197,-13.0513,52.6018,16.9102,30.4896,9.0726,2937.2827,645.7947,2.7294,0.5859,122521.0,33.9762
30080000,44.24914442162902,0.02908055933671575,83.26880167141103,125,3.620228935942365,capivara,0.9861,-51.7064,10600.0,10153.8,high,75.0,173.5921,13.9765,10153.8,7.79335,3.08772,4.4665,0.3962,-0.77333,0.27507,0.0,7.5,1.09489,djf,140.05,2.85525,son,2.6987,0.34717,1.42223,4.15932,,240.82353,0.131,7.9863,0.0,0.0,92.14309,26.49254,0.0,acid_plutonic_rocks,85.75,metamorphics,13.61,0.0,0.0105,-13.0,37.962,21.3069,40.7276,7.8426,3601.9571,335.3971,0.0707,0.0072,0.0,0.0
30400000,36.167008898015055,0.0,80.95542887316788,125,3.182644955293534,porto_platon,0.7075,-51.4389,30400.0,30519.53,high,74.0,176.4571,18.741,30519.53,7.27845,3.11529,4.43764,0.42802,-0.75009,0.27433,0.0,6.0,1.08108,djf,122.4,2.78815,son,2.70255,0.37368,0.98888,3.0248,0.76412,238.38889,0.3199,6.5848,0.0,0.0,46.85423,18.11765,0.0,acid_plutonic_rocks,58.23,metamorphics,40.23,0.0,0.0119,-12.989,38.1859,20.8716,40.9387,8.3674,3540.1245,467.9997,0.1628,0.0165,0.0,0.0
31490000,44.7501711156742,0.001957785255429795,113.45459036805009,125,3.0788348208139094,vila_capoeira,-1.8669,-47.0547,3440.0,3421.235,high,40.0,79.5555,14.8944,3421.235,6.33146,3.24687,3.48441,0.51281,-0.82477,0.2842,0.0,4.6,1.06977,djf,150.05,3.17903,son,2.22924,0.35209,1.46766,2.75209,0.76476,230.15,0.4989,5.9947,0.0,0.0,11.55,14.4375,0.0,siliciclastic_sedimentary_rocks,75.58,unconsolidated_sediments,20.58,0.0,0.2347,-11.5574,47.4415,18.5692,33.9681,4.5169,6017.4777,285.3977,1.3956,0.1715,0.0,0.0
31520000,44.7501711156742,0.009054756806362802,82.67144224636466,125,2.3769174733031044,bom_jardim,-1.5406,-47.0656,5220.0,4937.209,high,19.0,75.1045,14.2938,4937.209,6.38134,3.22261,3.54194,0.50501,-0.81555,0.2842,0.0,3.85,1.02667,djf,138.4,3.04176,son,2.36819,0.37111,1.72747,2.98758,0.75934,230.35,0.4752,6.2962,0.0,0.0,17.75,13.65385,0.0,siliciclastic_sedimentary_rocks,71.72,unconsolidated_sediments,14.26,0.0,0.2076,-11.8925,47.2829,18.6904,34.0054,4.9836,6127.142,265.9974,1.3722,0.1588,0.0,0.0
31600000,38.95687885010267,0.018975332068311195,67.29723300215242,125,1.0340909909944338,marambaia,-1.6522,-47.1167,32.7,36.0891,medium,64.0,79.3964,8.033,36.0891,6.61727,3.22339,3.43655,0.48712,-0.76648,0.2988,0.0,6.35,1.05833,djf,191.75,3.65586,son,2.7532,0.41303,0.97508,1.2698,0.86951,210.58824,1.312,4.9653,0.0,0.0,0.51278,3.33333,0.0,siliciclastic_sedimentary_rocks,65.32,metamorphics,34.68,0.0,0.1762,-11.4151,51.2641,16.7478,31.9852,3.2671,8383.6736,18.7002,1.6181,0.161,0.0,0.0
31680000,44.498288843258045,0.06454193072048237,148.769071875675,125,2.2938938182086694,fazenda_maringa,-3.1372,-48.0847,25900.0,26257.79,high,40.0,162.6515,24.0823,26257.79,5.60033,3.30387,3.24107,0.58994,-1.09956,0.2675,0.0,9.9,1.09392,mam,168.0,4.09257,jja,1.51008,0.26964,1.23009,1.52174,0.85685,218.25,0.59,3.3063,0.0,0.0,0.0,0.0,0.0,siliciclastic_sedimentary_rocks,68.36,unconsolidated_sediments,31.64,0.0,0.2003,-12.6695,43.0429,17.9982,38.9459,8.5173,3973.1531,1276.1338,1.0863,0.1971,69.0,0.4768
31700000,44.41615331964408,0.0,188.9770753692151,125,2.646706089427171,badajos,-2.5128,-47.7681,32200.0,32913.4,high,37.0,145.9951,22.8619,32913.4,5.69057,3.30639,3.28685,0.58103,-1.07757,0.2673,0.0,8.75,1.06061,mam,155.05,3.90554,jja,1.55462,0.27319,1.03446,1.42132,0.87159,219.65,0.6696,3.1023,0.0,0.0,0.0,0.0,0.0,siliciclastic_sedimentary_rocks,68.36,unconsolidated_sediments,31.64,0.0,0.2003,-12.2655,43.6008,17.8568,38.5275,8.4361,4173.4584,1117.312,1.1489,0.2025,69.0,0.3695
32400000,32.7501711156742,0.023909045310148806,34.92699779275027,125,2.5391276026097236,sete_ilhas,-1.8581,-46.7089,1800.0,1777.996,high,35.0,82.7406,14.7702,1777.996,6.15553,3.16308,3.73525,0.51386,-0.74449,0.3014,0.0,4.75,1.04396,mam,153.25,3.27807,son,2.56306,0.4189,0.72172,4.73828,0.64657,224.57895,0.1633,8.9899,9.80098,3.75,119.62227,22.66667,0.0,metamorphics,58.9,siliciclastic_sedimentary_rocks,30.19,0.0,0.0834,-13.6313,45.9333,18.3829,35.6616,5.484,5159.2629,287.351,0.5781,0.0618,0.0,0.0
32550000,44.498288843258045,0.1247154371500646,155.60529057717994,125,3.0309832522262017,cafezal,-2.7717,-46.8028,4690.0,4640.44,high,53.0,129.4223,23.4846,4640.44,5.16382,3.25288,3.36135,0.62994,-0.9308,0.27915,0.0,9.65,1.08427,mam,180.3,4.03807,son,1.32846,0.25726,0.84879,1.87331,0.79267,220.85,0.4883,3.4459,0.0,0.0,0.0,0.0,0.0,unconsolidated_sediments,66.41,siliciclastic_sedimentary_rocks,33.59,0.0,0.21,-11.0555,44.3877,17.8099,37.7895,6.7984,4731.9678,1309.6172,0.6036,0.1245,0.0,0.0
32620000,44.498288843258045,0.00024610841075493753,111.5325046881824,125,3.2426476976074463,alto_bonito,-1.8006,-46.3161,32900.0,32825.99,high,11.0,144.3745,19.6898,32825.99,4.86056,3.24253,3.24668,0.66711,-0.92413,0.28994,0.0,7.75,1.0473,djf,150.4,3.67277,son,1.2521,0.2576,1.44783,3.18407,0.74982,224.95,0.3081,3.70994,0.4,8.0,0.85,17.0,0.0,siliciclastic_sedimentary_rocks,57.68,unconsolidated_sediments,32.14,0.0,0.1833,-12.7864,43.3483,18.0402,38.5991,7.1297,4389.5109,761.1111,1.1879,0.2599,0.0,0.0
32830000,44.83504449007529,0.007266731802638007,54.70985351598106,125,2.8944556872701903,alto_turi,-2.9442,-45.6672,3870.0,3892.607,high,20.0,72.5495,11.7025,3892.607,5.4399,3.28741,3.3237,0.60432,-0.89039,0.31415,0.0,10.6,1.09278,mam,184.75,3.91005,son,2.01513,0.36818,1.2655,5.23807,0.65865,228.57895,0.0621,7.41315,8.76479,10.875,128.34878,60.66667,0.0,siliciclastic_sedimentary_rocks,99.45,unconsolidated_sediments,0.55,0.0,0.1902,-15.1789,42.6008,20.2606,37.1583,6.8086,4337.9314,270.3471,0.8035,0.1092,0.0,0.0
33025000,44.83504449007529,0.06375183194919394,263.66880264150274,125,2.46418860815664,vale_do_pindare,-4.6969,-46.9347,5480.0,5496.676,high,136.0,265.7085,28.3379,5496.676,3.61359,3.30773,2.62916,0.91536,-0.69689,0.30382,0.0,16.85,1.22545,djf,212.45,4.88953,jja,0.36527,0.09918,2.49699,3.11949,0.74221,205.53333,0.0452,1.2487,3.40718,9.28571,54.46251,45.17391,0.0,unconsolidated_sediments,79.85,siliciclastic_sedimentary_rocks,20.13,0.0,0.2139,-12.9585,49.2512,14.671,36.0677,6.1668,4253.3877,1849.1465,1.6631,1.2474,0.0,0.0
33170000,44.83504449007529,0.014716658524670249,46.910555368741306,125,2.7920127250054008,esperantina,-4.0339,-45.7786,5930.0,5872.543,high,34.0,229.8363,42.4752,5872.543,3.6656,3.26429,2.72976,0.89052,-0.70017,0.31603,0.0,17.6,1.23509,mam,212.9,4.95116,jja,0.34089,0.0945,2.01853,3.46283,0.58929,212.61111,0.0373,1.3598,28.53914,6.29213,104.98326,25.75,0.0,unconsolidated_sediments,60.53,siliciclastic_sedimentary_rocks,39.47,0.0,0.2082,-13.1387,44.4701,16.5237,38.9866,7.0334,4176.7084,2967.1019,0.8401,0.6752,33.0,4.5163
33190000,44.83504449007529,0.00134342940889106,98.85029540909213,125,2.1144334308472508,pindare-mirim,-3.6597,-45.4661,35400.0,35353.15,high,10.0,198.4955,30.4645,35353.15,4.00601,3.28767,2.80056,0.82068,-0.79109,0.30594,0.0,13.3,1.20909,mam,190.15,4.60412,jja,0.53492,0.13353,1.23908,4.39669,0.69625,224.25,0.0705,1.8909,8.05,16.1,95.75,37.54902,0.0,unconsolidated_sediments,53.78,siliciclastic_sedimentary_rocks,46.19,0.0,0.2061,-13.3865,44.0157,16.901,39.0738,7.1669,4332.756,1780.3188,1.1268,0.5771,49.0,0.7099
33205000,44.83504449007529,0.0,35.293602790709166,125,2.8113844199077747,fazenda_remanso,-5.7658,-45.98,3730.0,3757.069,high,173.0,338.0899,28.2745,3757.069,3.05746,3.35445,2.44574,1.09714,-0.70282,0.3271,0.0,16.6,1.16084,djf,218.5,5.13514,jja,0.58022,0.18977,0.79434,1.15288,0.77593,192.4,0.2823,1.4486,0.15,3.0,0.0,0.0,0.0,siliciclastic_sedimentary_rocks,84.21,basic_volcanic_rocks,15.79,0.0,0.2002,-13.7577,57.8437,14.6721,27.4835,7.0542,3382.0257,1459.6727,1.0228,0.4829,0.0,0.0
33215000,44.83504449007529,0.052332681973619934,390.69418909591474,125,1.9451838926620166,rio_corda_ii,-5.735,-45.3183,3000.0,3030.531,high,142.0,287.4907,27.4452,3030.531,2.89985,3.42147,2.27762,1.17988,-0.57809,0.328,0.0,17.7,1.22069,djf,231.15,5.47101,jja,0.62477,0.21545,-0.24007,0.54175,0.93557,191.5,0.4399,0.9025,0.0,0.0,0.0,0.0,0.0,siliciclastic_sedimentary_rocks,87.18,basic_volcanic_rocks,9.53,0.0,0.2238,-13.4754,62.5765,13.5285,23.8917,6.6351,3484.1142,1522.6763,0.3947,0.1731,0.0,0.0
33250000,44.83504449007529,0.00012212994626282364,117.55007304509046,125,2.464580326432582,barra_do_corda,-5.5006,-45.2436,13200.0,13186.4,high,85.0,273.4849,26.3317,13186.4,2.98654,3.36161,2.37046,1.12559,-0.56847,0.32648,0.0,17.1,1.1875,djf,218.85,5.49874,jja,0.36274,0.12146,0.31389,0.71333,0.87359,194.25,0.2192,0.6623,0.0,0.0,0.0,0.0,0.0,siliciclastic_sedimentary_rocks,87.92,basic_volcanic_rocks,8.3,0.0,0.2011,-14.2826,59.0145,14.2816,26.7004,6.4965,3178.7931,1467.1646,0.7278,0.5497,0.0,0.0
33260000,44.83504449007529,0.0017708842208109428,132.50392831942136,125,3.0483046778538316,santa_vitoria,-5.1019,-44.9614,15400.0,15465.18,high,59.0,259.6246,26.5292,15465.18,3.02361,3.36452,2.39289,1.11275,-0.56455,0.32686,0.0,17.15,1.19512,djf,215.95,5.43955,jja,0.3124,0.10332,0.578,0.67796,0.86312,196.4,0.1894,0.631,0.0,0.0,0.0,0.0,0.0,siliciclastic_sedimentary_rocks,87.69,basic_volcanic_rocks,7.65,0.0,0.1989,-14.3993,57.9541,14.6856,27.3564,6.4174,3178.4531,1463.6749,0.805,0.706,0.0,0.0
33270000,38.97056810403833,0.0796683996065758,99.31647673302145,125,2.1967647155631873,flores,-5.4194,-44.9278,1320.0,1332.01,high,105.0,212.1461,26.3259,1332.01,3.16653,3.36555,2.4589,1.06285,-0.57708,0.33327,0.0,21.35,1.19944,mam,241.05,5.38058,jja,0.11534,0.03548,1.14231,2.33116,,198.66667,0.0111,0.3389,5.8852,3.6129,57.27557,45.41667,0.0,siliciclastic_sedimentary_rocks,97.88,basic_volcanic_rocks,2.05,0.0,0.1879,-15.1433,58.9122,14.8174,26.2683,6.0093,2486.2883,1662.3807,0.9603,2.281,0.0,0.0
33281000,44.83504449007529,0.0032975085490962383,78.14686755125162,125,3.252886918605163,pedreiras_ii,-4.57,-44.6106,24000.0,24096.01,high,27.0,221.4075,26.0267,24096.01,3.21903,3.38986,2.50892,1.05307,-0.632,0.33,0.0,16.2,1.17818,mam,210.55,5.35751,jja,0.31074,0.09653,1.05834,1.02686,0.78875,200.95,0.1401,0.84696,1.45,4.83333,0.0,0.0,0.0,siliciclastic_sedimentary_rocks,85.65,mixed_sedimentary_rocks,9.1,0.0,0.1957,-14.6623,55.8779,16.0633,28.0548,6.2704,3188.4679,1350.7456,1.1981,1.0564,1033.0,37.798
33286000,44.83504449007529,0.21708597948216904,61.70239806764797,125,3.00423821371962,sao_luiz_gonzaga,-4.37,-44.6758,25200.0,25382.44,high,22.0,213.7954,25.5277,25382.44,3.28508,3.39534,2.52881,1.03356,-0.65214,0.33,0.0,16.0,1.17647,mam,207.45,5.45204,jja,0.33869,0.1031,1.28019,1.36329,0.76598,206.3,0.1293,1.0091,1.95,6.5,0.0,0.0,0.0,siliciclastic_sedimentary_rocks,86.36,mixed_sedimentary_rocks,8.65,0.0,0.1954,-14.6821,55.5235,16.4604,28.0123,6.2685,3198.2496,1297.5554,1.2657,1.0238,1033.0,32.9211
33290000,44.83504449007529,0.0018319491939423546,88.3950159693319,125,2.6456013402629264,bacabal,-4.2194,-44.7653,25500.0,25685.92,high,16.0,211.7081,25.3264,25685.92,3.29953,3.39534,2.52881,1.02904,-0.65564,0.33156,0.0,15.75,1.16236,mam,206.95,5.46764,jja,0.34956,0.10594,1.32632,1.41377,0.76436,210.3,0.1315,1.05726,1.7,17.0,0.0,0.0,0.0,siliciclastic_sedimentary_rocks,86.52,mixed_sedimentary_rocks,8.55,0.0,0.1953,-14.6824,55.4204,16.5719,28.0038,6.3107,3207.5951,1272.347,1.2727,0.9975,1033.0,31.5199
33321000,44.83504449007529,0.006778212017586712,22.349651115732907,125,1.9228517814488755,grajau_ii,-5.8222,-46.1422,4510.0,4509.103,high,144.0,308.1946,23.2741,4509.103,3.22459,3.34504,2.53489,1.03736,-0.49437,0.3245,0.0,15.9,1.13571,djf,214.45,4.96412,jja,0.40363,0.12449,2.37956,2.80964,0.51791,194.16667,0.0496,1.5979,22.40952,4.12037,88.53019,24.41667,0.0,siliciclastic_sedimentary_rocks,56.07,basic_volcanic_rocks,41.25,0.0,0.1497,-13.7506,54.6396,15.3882,29.9604,6.8817,3049.9405,1237.2539,0.8681,0.5892,0.0,0.0
33330000,44.83504449007529,0.03902051783097216,25.03753340176163,125,2.984296373165933,fortaleza,-5.5944,-46.2403,3590.0,3610.739,high,124.0,245.2226,24.8559,3610.739,3.3196,3.35109,2.5675,1.00948,-0.44431,0.3131,0.0,18.75,1.15741,djf,225.0,4.77707,jja,0.36038,0.107,3.16453,3.47225,0.44778,197.11111,0.0233,1.6702,55.01183,13.83333,193.22969,74.31373,0.0,siliciclastic_sedimentary_rocks,43.91,mixed_sedimentary_rocks,42.78,0.0,0.1938,-13.6033,54.7009,15.242,30.0688,6.0578,3265.3685,1260.7314,0.7189,0.5465,0.0,0.0
33380000,44.83504449007529,0.027723497801660966,61.71920968816527,125,2.9246994916501006,aratoi_grande,-3.7722,-45.2181,20300.0,20359.21,high,16.0,211.6917,29.4605,20359.21,3.54794,3.3318,2.60187,0.93908,-0.62049,0.32227,0.0,14.1,1.18487,mam,195.0,4.80888,jja,0.4241,0.11888,1.84014,5.08194,0.59607,220.29412,0.0178,1.9726,59.12582,27.7561,166.51867,128.2,0.0,siliciclastic_sedimentary_rocks,69.58,unconsolidated_sediments,11.18,0.0,0.1841,-14.2537,50.4582,17.1856,32.3536,6.8414,3611.9862,1327.9942,1.0026,0.6477,0.0,0.0
33450000,44.7501711156742,0.0,410.2150509230978,125,2.431116894437655,campo_largo,-6.0669,-44.7083,5750.0,5793.192,high,207.0,379.3048,32.1763,5793.192,2.98149,3.36574,2.37501,1.12888,-0.52538,0.33475,0.0,18.45,1.19417,djf,227.15,5.76523,jja,0.47346,0.1588,-0.1112,0.54063,0.9499,189.3,0.358,0.6389,0.0,0.0,0.0,0.0,0.0,siliciclastic_sedimentary_rocks,89.99,mixed_sedimentary_rocks,9.41,0.0,0.2318,-13.7504,61.5419,12.9884,25.4566,7.4017,3359.9499,1638.9081,0.2431,0.1407,0.0,0.0
33460000,44.83504449007529,0.0036638983878847092,320.6813091727168,125,2.3010071196940256,porto_do_lopes,-6.0072,-44.34,6890.0,6895.587,high,193.0,358.3748,31.3348,6895.587,3.02326,3.36678,2.45359,1.11363,-0.5435,0.33475,0.0,17.4,1.19588,djf,225.25,5.73885,jja,0.39381,0.13026,-0.10119,0.43266,0.94055,189.7,0.3024,0.5512,0.0,0.0,0.0,0.0,0.0,siliciclastic_sedimentary_rocks,83.4,mixed_sedimentary_rocks,16.1,0.0,0.2255,-13.9704,61.104,13.1042,25.7797,7.203,3279.6488,1667.4686,0.3217,0.2238,0.0,0.0
33480000,44.83504449007529,0.0025036638983878846,282.64072479765076,125,2.4129223711731447,colinas,-6.0208,-44.2486,15000.0,14955.43,high,135.0,365.0068,34.2259,14955.43,2.98676,3.36543,2.5332,1.12678,-0.54106,0.3334,0.0,17.25,1.17747,djf,226.8,6.06417,jja,0.307,0.10279,0.04835,0.71332,0.90937,191.95,0.1925,0.51118,0.0,0.0,0.0,0.0,0.0,siliciclastic_sedimentary_rocks,75.62,mixed_sedimentary_rocks,22.11,0.0,0.2123,-14.2718,60.3726,13.2913,26.3271,7.2063,3120.6157,2156.8237,0.4184,0.3734,0.0,0.0
33520000,44.83504449007529,0.00403028822667318,37.971231447697434,125,2.7131105088667056,mendes,-5.7061,-43.5861,5320.0,5308.43,high,121.0,281.6609,34.2441,5308.43,3.25385,3.40956,2.76459,1.04785,-0.60791,0.3509,0.0,19.55,1.17771,djf,238.5,6.18677,jja,0.09106,0.02799,2.56565,1.9198,0.51036,201.95,0.0112,0.4035,33.3,12.10909,84.85,41.39024,0.0,mixed_sedimentary_rocks,58.36,siliciclastic_sedimentary_rocks,19.83,0.0,0.1718,-14.5365,57.0957,13.8266,29.0735,7.2327,2838.12,2039.6461,0.7452,2.242,0.0,0.0
33530000,44.83504449007529,0.0032975085490962383,123.19436453290689,125,3.4975335925740954,montevideu,-5.3372,-43.8844,27300.0,27258.15,high,97.0,307.7968,31.3565,27258.15,3.16607,3.38172,2.62651,1.06811,-0.60739,0.34062,0.0,16.3,1.1769,djf,220.4,6.29714,jja,0.18901,0.0597,0.61772,0.78744,0.85927,199.4,0.1119,0.3839,0.1,2.0,0.0,0.0,0.0,siliciclastic_sedimentary_rocks,66.35,mixed_sedimentary_rocks,27.09,0.0,0.1977,-14.5303,59.1474,13.5775,27.2701,6.8838,3097.8196,1907.5638,0.6533,0.947,0.0,0.0
33550000,44.83504449007529,0.009342940889106009,125.44792411820187,125,1.7743177677609359,caxias,-4.865,-43.3675,32700.0,32625.93,high,62.0,282.2293,29.2691,32625.93,3.25758,3.39582,2.67213,1.04244,-0.6398,0.34493,0.0,15.25,1.15094,djf,215.2,6.2924,jja,0.18114,0.05561,0.83129,0.94385,0.81995,200.85,0.0954,0.44496,0.35,3.5,0.0,0.0,0.0,siliciclastic_sedimentary_rocks,70.71,mixed_sedimentary_rocks,23.67,0.0,0.1963,-14.636,59.0501,13.9107,27.0351,6.6144,3105.1324,1743.3834,0.7106,1.0748,0.0,0.0
33620000,44.7501711156742,0.0336494340776996,65.0302740824548,125,1.8425151536525355,fazenda_sobral,-4.4653,-43.9333,5560.0,5493.113,high,48.0,123.2289,18.2052,5493.113,4.27692,3.4174,2.94997,0.79903,-0.83166,0.3581,0.0,18.55,1.24497,mam,221.35,5.56855,jja,0.57196,0.13053,2.25775,5.10975,0.52362,217.46667,0.0067,3.1033,79.5938,23.61538,208.65503,56.67606,0.0,siliciclastic_sedimentary_rocks,77.99,mixed_sedimentary_rocks,22.01,0.0,0.19,-15.2,52.7214,20.4289,26.8795,5.3974,3173.119,829.7146,2.0119,0.9637,23.0,2.0056
33630000,44.83504449007529,0.004885197850512946,73.4699130170531,125,2.255270697188758,coroata,-4.1258,-44.1297,43800.0,43754.68,high,33.0,238.4379,25.9865,43754.68,3.49543,3.41498,2.7104,0.97698,-0.70392,0.34941,0.0,13.9,1.16318,mam,204.25,5.9635,jja,0.29658,0.08485,1.60268,1.98059,0.65873,211.6,0.0753,1.15278,16.4,5.125,0.0,0.0,0.0,siliciclastic_sedimentary_rocks,67.29,mixed_sedimentary_rocks,26.52,0.0,0.1953,-14.6858,57.7771,15.4819,26.7444,6.39,3147.2175,1411.2633,0.9623,0.8889,23.0,0.4856
33680000,44.83504449007529,0.002442598925256473,61.770273684136875,125,2.656398534286683,cantanhede,-3.6278,-44.3792,49900.0,49821.12,high,20.0,217.7804,24.5752,49821.12,3.65647,3.4214,2.74963,0.93571,-0.73594,0.35081,0.0,12.65,1.18224,mam,196.7,5.91579,jja,0.3752,0.10167,1.63489,2.59704,0.62197,214.41176,0.0665,1.66394,32.99989,11.31579,42.36266,23.0,0.0,siliciclastic_sedimentary_rocks,70.73,mixed_sedimentary_rocks,23.32,0.0,0.1951,-14.7072,56.9993,16.3437,26.6618,6.4015,3230.3218,1273.2004,1.0068,0.7352,35.0,0.513
33730000,44.83504449007529,0.00201514411333659,102.7230437185631,125,2.9888467577513214,munim,-3.5775,-43.7028,4210.0,4226.614,high,22.0,88.4571,16.447,4226.614,4.35811,3.5889,2.86596,0.8235,-0.90974,0.378,0.0,15.2,1.21116,mam,215.55,5.77108,jja,0.53737,0.12296,2.52687,5.95482,0.52673,224.42105,0.0118,2.8187,77.35953,24.33333,200.69069,51.64935,0.0,siliciclastic_sedimentary_rocks,77.38,unconsolidated_sediments,16.04,0.0,0.2077,-13.6956,56.421,18.0738,25.518,6.761,3387.8586,1001.3147,2.6318,1.3418,0.0,0.0
33760000,44.83504449007529,0.009281875915974597,240.34920207606996,125,2.660897876481965,sao_benedito,-3.3353,-43.5264,3990.0,3977.097,high,50.0,88.1315,10.1177,3977.097,4.2159,3.49976,2.88972,0.83013,-0.99478,0.3716,0.0,14.4,1.13386,mam,210.35,5.55746,son,0.47403,0.11279,1.30334,2.79306,0.73869,231.57895,0.0768,1.4821,2.27775,15.0,30.01569,34.88235,0.0,siliciclastic_sedimentary_rocks,58.53,unconsolidated_sediments,41.47,0.0,0.2371,-11.6733,55.3389,19.9693,24.7008,5.9126,3238.6389,445.6933,1.5465,0.8938,0.0,0.0
33780000,44.83504449007529,0.0039081582804103565,110.45469342873751,125,2.8191223598370363,nina_rodrigues,-3.4606,-43.9008,12600.0,12610.42,high,20.0,82.5929,14.8538,12610.42,4.39431,3.5429,2.90979,0.80625,-0.95549,0.36665,0.0,13.5,1.17391,mam,202.5,5.70423,son,0.59617,0.13567,1.74392,4.06562,0.59609,227.25,0.0404,2.6897,36.3,19.62162,136.3,61.95455,0.0,siliciclastic_sedimentary_rocks,65.25,unconsolidated_sediments,25.62,0.0,0.2141,-13.2432,54.9134,19.4551,25.6472,6.4315,3395.1241,714.6794,1.712,0.7868,0.0,0.0
34020000,44.83504449007529,0.0017708842208109428,69.04173305803803,125,1.387089724033412,alto_parnaiba,-9.1131,-45.9261,12900.0,12958.82,high,276.0,471.5789,31.6634,12958.82,3.32013,3.47377,2.30009,1.04628,-0.23778,0.28933,0.0,17.1,1.23022,djf,225.85,6.88567,jja,0.72031,0.21695,0.35327,0.92024,0.84124,178.85,0.4617,1.3677,0.0,0.0,0.0,0.0,0.0,siliciclastic_sedimentary_rocks,56.29,mixed_sedimentary_rocks,38.43,0.0,0.2026,-12.2253,60.0124,13.9352,26.0451,7.5449,2635.6428,1699.2217,0.229,0.0871,0.0,0.0
34060000,44.83504449007529,0.0,97.67633061905917,125,2.0448223159531227,ribeiro_goncalves,-7.5667,-45.2544,31300.0,31450.87,high,199.0,446.6561,31.4946,31450.87,3.42637,3.50959,2.41105,1.02429,-0.441,0.30121,0.0,13.7,1.1913,djf,210.75,7.29239,jja,0.58287,0.17011,0.40487,0.95522,0.84886,180.05,0.3573,1.064,0.0,0.0,0.0,0.0,0.0,mixed_sedimentary_rocks,73.43,siliciclastic_sedimentary_rocks,24.22,0.0,0.1958,-12.6795,58.6523,14.0698,27.2725,7.5305,2785.3626,1654.6292,0.5313,0.2497,0.0,0.0
34070000,44.83504449007529,0.09055935515388373,73.1507018928059,125,1.913435619993298,sitio_do_velho,-7.3808,-44.8267,35300.0,35393.5,high,184.0,439.1138,30.5738,35393.5,3.38392,3.50924,2.41104,1.03704,-0.45082,0.30261,0.0,13.8,1.19481,djf,210.35,7.3549,jja,0.53266,0.15741,0.44864,0.99348,0.84733,179.85,0.3269,1.00178,0.0,0.0,0.0,0.0,0.0,mixed_sedimentary_rocks,76.38,siliciclastic_sedimentary_rocks,21.53,0.0,0.1951,-12.7151,58.5035,14.0277,27.4643,7.4827,2805.7141,1639.3175,0.5017,0.2581,0.0,0.0
34090000,44.83504449007529,0.0017708842208109428,138.5702586267843,125,1.7083705709346049,fazenda_bandeira,-7.3908,-44.6142,15600.0,15632.27,high,185.0,474.8772,27.546,15632.27,2.76593,3.54422,2.2897,1.28138,-0.44071,0.3062,0.0,17.8,1.21918,djf,233.55,7.29844,jja,0.19391,0.07011,0.43726,0.91908,0.89472,184.05,0.126,0.3123,0.0,0.0,0.0,0.0,0.0,mixed_sedimentary_rocks,100.0,,0.0,0.0,0.19,-13.0,59.4198,13.4345,27.1314,8.0436,3209.2429,1970.5549,0.1418,0.2003,0.0,0.0
34130000,44.83504449007529,0.0017708842208109428,92.27002619371271,125,1.6423590427791408,balsas,-7.5344,-46.0358,9040.0,8993.618,high,240.0,456.6601,28.4625,8993.618,3.9895,3.52716,2.43057,0.88411,-0.57093,0.31393,0.0,11.6,1.11538,djf,200.55,6.06808,jja,0.91844,0.23021,0.83371,0.96163,0.85737,184.95,0.5541,1.64886,0.0,0.0,0.0,0.0,0.0,mixed_sedimentary_rocks,100.0,,0.0,0.0,0.19,-13.0415,56.5467,14.5103,28.9409,7.8246,2628.8906,934.0677,1.7533,0.523,0.0,0.0
34170000,44.83504449007529,0.0017708842208109428,55.30941412299063,125,2.0013816045762103,sao_felix_de_balsas,-7.0819,-44.8139,24700.0,24771.65,high,178.0,382.8255,26.2066,24771.65,3.44415,3.48194,2.41455,1.01097,-0.54889,0.31667,0.0,12.5,1.13636,djf,199.65,6.66611,jja,0.62324,0.18095,1.23465,1.25771,0.78357,185.35,0.3104,1.4654,0.0,0.0,0.0,0.0,0.0,mixed_sedimentary_rocks,70.5,siliciclastic_sedimentary_rocks,16.9,0.0,0.1951,-12.9851,57.6161,14.7788,27.6015,7.2316,2791.4558,1063.0892,2.0187,0.8874,1.0,0.0177
34251000,44.83504449007529,0.01276257938446507,69.08264743073505,125,2.4109487637721094,cristino_castro_ii,-8.7925,-44.2058,31000.0,31120.6,high,249.0,475.9706,29.0143,31120.6,2.55489,3.48892,2.13797,1.36559,0.31276,0.26073,0.0,21.45,1.33645,djf,246.95,8.23167,jja,0.05385,0.02082,2.10255,3.53101,0.63457,184.11765,0.004,0.1946,9.56898,18.8,92.83946,44.4878,2e-05,siliciclastic_sedimentary_rocks,40.33,unconsolidated_sediments,21.02,0.0,0.1642,-12.6518,57.3917,15.1983,27.4041,7.5978,2523.3764,2364.4916,0.5573,2.835,247.0,40.3782
34311000,44.83504449007529,0.07791890571568148,104.97120313227853,125,1.7660139598584457,barao_de_grajau,-6.7614,-43.0278,140000.0,140746.6,high,108.0,417.5982,28.416,140746.6,2.93564,3.49116,2.27939,1.18923,-0.29038,0.29924,0.0,13.3,1.17181,djf,210.3,7.96591,jja,0.28992,0.09876,0.41359,0.79036,0.8298,181.2,0.1777,0.54072,0.0,0.0,0.0,0.0,0.0,mixed_sedimentary_rocks,60.24,siliciclastic_sedimentary_rocks,24.52,0.0,0.1875,-12.8834,58.6605,14.2892,27.0422,7.4486,2789.6008,1969.0846,0.8736,0.8255,5308.0,35.6381
34571000,44.83504449007529,0.04604298974108451,16.18462949726542,125,2.683066474254989,sao_francisco_do_piaui,-7.2342,-42.5439,34400.0,34622.28,high,143.0,388.7437,22.8031,34622.28,1.86236,3.47912,1.67973,1.86813,-0.11309,0.28695,0.0,23.6,1.36416,djf,272.7,9.33904,jja,0.01097,0.00589,2.05149,,0.32462,180.26316,0.0,0.0487,76.90003,12.54098,224.46766,46.52083,0.00391,siliciclastic_sedimentary_rocks,32.53,unconsolidated_sediments,29.65,0.06,0.138,-12.7167,61.8496,14.0403,24.1053,5.9171,2229.7456,3523.7877,0.5952,14.8701,196.0,141.4284
34660000,44.83504449007529,0.0,62.11417691144437,125,2.248412112092133,fazenda_veneza,-5.5719,-43.0242,235000.0,236206.3,high,85.0,392.778,26.8428,236206.3,2.60177,3.47469,2.09622,1.33551,-0.27033,0.30469,0.0,14.4,1.23077,djf,214.6,8.11342,jja,0.18877,0.07254,0.87374,1.09261,0.79275,184.6,0.10253,0.42225,0.0,0.0,0.0,0.0,0.0,mixed_sedimentary_rocks,41.54,siliciclastic_sedimentary_rocks,29.31,0.09,0.1728,-12.973,59.4709,14.3968,26.1261,6.7681,2575.9687,2379.6765,0.8557,1.2419,6019.0,36.984
34690000,44.83504449007529,0.029616511968734733,63.321307345693135,125,2.2655847867738137,teresina_-_chesf,-5.135,-42.8111,237000.0,238641.9,high,60.0,390.4897,26.8127,238641.9,2.61107,3.4764,2.10537,1.33141,-0.27841,0.30551,0.0,14.4,1.23077,djf,213.9,8.11765,jja,0.21152,0.08101,1.10752,1.09311,0.77536,186.05,0.1092,0.4865,0.5,2.0,0.0,0.0,0.0,mixed_sedimentary_rocks,41.93,siliciclastic_sedimentary_rocks,29.18,0.09,0.1729,-12.9899,59.4372,14.4273,26.1296,6.7614,2579.0919,2369.4658,0.8835,1.1444,6019.0,32.6685
34730000,44.7501711156742,0.2993576017130621,51.949165118803435,125,1.81216990758958,croata,-4.4156,-40.9108,1030.0,1009.62,high,542.0,777.3219,38.8105,1009.62,2.44986,3.63429,1.86876,1.48347,-0.96696,0.41785,0.0,21.85,1.45667,mam,261.7,7.59652,son,0.29652,0.11655,1.30752,5.43455,,228.6,0.0,0.8275,4.25871,2.45455,121.97783,38.66667,0.00198,siliciclastic_sedimentary_rocks,100.0,,0.0,0.0,0.19,-13.1942,58.793,14.4629,26.7417,5.8188,2361.9318,2937.4372,23.47,21.6856,0.0,0.0
34750000,44.83504449007529,0.0052515876893014166,38.86285812747177,125,1.8571706086667419,fazenda_boa_esperanca,-5.2231,-41.7375,19200.0,19171.48,high,126.0,419.3835,30.2136,19171.48,2.00638,3.47846,1.6946,1.73369,-0.73836,0.40888,0.0,22.6,1.60854,mam,261.1,8.82095,son,0.09491,0.0473,3.59607,9.69295,0.2939,213.15,0.0,0.37362,77.1,14.01818,257.8,46.87273,0.00238,siliciclastic_sedimentary_rocks,48.07,metamorphics,35.93,0.0,0.1007,-13.9926,55.4285,18.7674,25.8178,5.0307,1435.1773,1883.6357,2.5631,7.3991,340.0,51.1959
34770000,44.83504449007529,0.0017708842208109428,38.93498926198419,125,1.5774402335693167,prata_do_piaui,-5.6664,-42.2136,43400.0,43338.1,high,90.0,391.5857,28.1013,43338.1,2.31795,3.49248,1.79183,1.50671,-0.71625,0.39075,0.0,20.1,1.50562,mam,241.9,7.8539,jja,0.12629,0.05448,2.98581,4.77648,0.32731,200.4,0.0019,0.63158,70.85,9.02548,247.95,36.73333,0.0,siliciclastic_sedimentary_rocks,65.66,metamorphics,15.88,0.0,0.1516,-14.0428,57.6033,17.1338,25.2659,5.603,1621.3921,2266.6842,1.4815,3.214,406.0,20.3235
34789000,44.83504449007529,0.19382022471910113,15.044720881932713,125,1.999160457629797,fazenda_cantinho_ii,-5.1997,-42.6956,51400.0,51466.67,high,66.0,361.7232,27.5462,51466.67,2.48879,3.50707,1.8807,1.40915,-0.74346,0.38634,0.0,19.35,1.43866,mam,235.9,7.51274,jja,0.15827,0.06359,2.61228,5.1659,0.39165,203.85,0.0029,0.7825,65.55,9.36429,213.5,37.13043,0.0,siliciclastic_sedimentary_rocks,61.47,mixed_sedimentary_rocks,14.24,0.0,0.1576,-14.1723,57.6414,17.0938,25.269,5.6768,1722.4473,2104.9236,1.5329,2.6535,410.0,13.7898
34879500,44.83504449007529,0.046409379579872984,75.62764020537774,125,2.828655664492322,luzilândia,-3.4539,-42.37,298000.0,300471.0,high,16.0,375.8376,26.6311,300471.0,2.64138,3.48636,2.09222,1.3199,-0.37568,0.32157,0.0,12.3,1.21782,djf,203.85,8.00982,jja,0.19644,0.07437,1.60326,1.42323,0.75578,197.9,0.084,0.5389,1.15,7.66667,0.0,0.0,0.0,mixed_sedimentary_rocks,37.74,siliciclastic_sedimentary_rocks,34.94,0.07,0.1713,-13.2335,59.0235,15.0381,25.9345,6.569,2439.4713,2257.3633,1.1408,1.5911,6429.0,29.8408
34930000,44.83504449007529,0.1575476306790425,39.01510862198842,125,2.5972283519036337,fazenda_alegria,-4.4097,-42.1814,4910.0,4700.512,high,97.0,161.9803,10.8322,4700.512,3.60435,3.62106,2.29135,1.00464,-0.85625,0.3966,0.0,18.95,1.32056,mam,229.85,6.32325,jja,0.60854,0.16556,2.64579,5.87841,0.4105,216.94118,0.0,3.5049,89.34851,20.30952,247.4629,60.57692,0.00092,siliciclastic_sedimentary_rocks,49.76,mixed_sedimentary_rocks,47.71,0.0,0.1874,-15.1308,57.1335,19.2171,23.6501,4.7708,2057.222,374.099,1.9238,0.8661,63.0,6.0341
34940000,44.83504449007529,0.010319980459208598,46.653104325561316,125,2.116634704334821,esperantina,-3.9028,-42.2297,11200.0,11256.86,high,60.0,150.8364,10.8924,11256.86,3.86248,3.66569,2.46497,0.94905,-0.91368,0.395,0.0,16.0,1.26482,mam,218.1,6.31259,jja,0.64593,0.16661,3.03137,5.43389,0.43492,218.22222,0.0021,3.87421,81.29009,21.18421,242.55751,57.19048,7e-05,siliciclastic_sedimentary_rocks,62.64,mixed_sedimentary_rocks,35.5,0.0,0.1958,-14.7038,58.5359,18.8942,22.5663,4.9549,1956.5019,362.5,2.5656,1.0882,73.0,2.7506
34980000,44.83504449007529,0.0017708842208109428,48.25302335285468,125,1.9407517088947248,tinguis,-3.7239,-41.9742,21800.0,21792.43,high,25.0,201.1572,17.7553,21792.43,3.56987,3.66128,2.34842,1.02561,-0.91866,0.39859,0.0,14.35,1.28125,mam,214.05,6.78447,son,0.48305,0.13531,2.92815,3.81316,0.45762,220.8,0.0132,2.7057,75.6,17.78824,230.8,64.11111,0.0,siliciclastic_sedimentary_rocks,71.36,mixed_sedimentary_rocks,20.06,0.0,0.1905,-14.2393,58.3839,18.3229,23.2913,5.3063,1843.3767,583.6997,4.045,2.2942,306.0,7.964
35235000,44.7501711156742,0.023065157540532275,40.171985291527534,125,1.9710886866108916,varzea_do_grosso,-4.1442,-40.43,3640.0,3702.399,high,110.0,297.2833,31.8812,3702.399,2.24844,3.46744,1.6985,1.54216,-0.98146,0.4221,0.0,24.15,1.50467,mam,266.0,8.58065,son,0.18985,0.08431,0.98781,1.55664,0.59838,173.89474,0.0265,0.231,9.07485,36.2,39.45803,15.74,0.0,acid_plutonic_rocks,59.57,metamorphics,33.6,0.0,0.0233,-14.1282,53.6883,18.954,27.3986,5.4229,1634.1326,1166.6373,6.625,9.5607,1069.0,416.674
35240000,44.7501711156742,0.14359131232792904,18.92506811937459,125,1.17176539862738,trapia,-4.195,-40.3178,1530.0,1542.994,high,146.0,358.3864,50.8436,1542.994,1.98393,3.55019,1.40755,1.78947,-0.87216,0.417,0.0,25.0,1.63934,mam,275.25,9.15973,son,0.35582,0.17935,2.44916,,0.22023,209.2,0.0,0.9283,117.0,68.82353,296.75,70.65476,0.0068,acid_plutonic_rocks,100.0,,0.0,0.0,0.01,-14.1,54.078,19.26,26.6856,5.9718,1296.1052,1392.5932,0.5292,0.4075,6.0,2.9941
35258000,44.7501711156742,0.19535026001835423,51.748392358071385,125,1.4629680522548774,fazenda_parana,-4.0969,-40.1264,2370.0,2378.059,high,151.0,334.3847,41.9544,2378.059,1.68126,3.5523,1.52722,2.11288,-0.8367,0.40805,0.0,25.25,1.66118,mam,279.45,9.22277,son,0.11093,0.0642,2.2645,2.57991,0.34112,190.11765,0.0,0.1656,16.85133,7.40909,183.96897,37.8617,0.00051,metamorphics,52.2,acid_plutonic_rocks,46.93,0.0,0.0117,-14.0909,54.3941,18.9513,26.6812,5.341,1704.8932,1255.0376,0.588,1.4523,251.0,260.677
35260000,44.7501711156742,0.05555215662282043,21.45771954922587,125,1.403656121245071,groairas,-3.9092,-40.3797,2800.0,2814.468,high,88.0,307.408,38.5262,2814.468,1.7468,3.5523,1.52722,2.0336,-0.8734,0.40864,0.0,24.75,1.61765,mam,275.2,9.06755,son,0.13889,0.07924,2.76675,3.8384,0.29914,203.57895,0.0,0.46455,47.70243,8.7963,272.75749,54.32,0.0014,metamorphics,54.91,acid_plutonic_rocks,44.36,0.0,0.0115,-14.0923,54.5966,18.9092,26.5155,5.2278,1718.8534,1174.6311,0.6183,1.2197,251.0,175.9224
35263000,40.83504449007529,0.19939658062353335,22.010423670737524,125,1.0374484950563496,ararius,-3.8919,-40.6025,578.0,585.2845,high,110.0,274.488,52.5181,585.2845,3.12923,3.55394,2.0841,1.13572,-0.97754,0.4165,0.0,23.05,1.40979,mam,260.0,7.35502,son,0.49592,0.15848,2.53225,,0.36065,217.05,0.0,2.8984,166.2,100.72727,257.95,52.64286,0.00545,siliciclastic_sedimentary_rocks,61.04,acid_plutonic_rocks,28.82,0.0,0.1504,-13.3993,52.926,19.6247,27.4651,6.788,2289.0665,741.0884,3.5576,1.9654,321.0,302.9924
35740000,44.459958932238195,0.10314674548925426,43.78320644159524,125,0.7666431975811633,barra_nova,-4.1933,-38.7797,223.0,221.5844,high,177.0,530.6712,90.2606,221.5844,3.52747,3.53146,2.26491,1.00113,-0.40749,0.351,0.0,25.3,1.35294,mam,272.1,6.05339,son,0.66496,0.1882,2.58204,2.16845,0.4633,223.84211,0.0113,2.78985,32.63851,6.84211,120.96333,14.33929,0.00044,metamorphics,83.31,acid_plutonic_rocks,16.69,0.0,0.01,-14.1,47.8362,16.8146,35.3212,12.6315,3505.0085,3476.3161,3.0456,1.2548,32.0,59.5011
35830000,44.46543463381246,0.11587956406625208,15.080064231666604,125,0.5109932678455034,caio_prado,-4.6578,-38.9433,1610.0,1629.97,high,121.0,250.5467,37.2737,1629.97,1.96297,3.50269,1.70856,1.78439,-0.68382,0.3815,0.0,25.25,1.43875,mam,285.7,7.96932,son,0.16529,0.08317,2.54776,,0.25666,220.66667,0.0,0.489,169.59144,96.44118,239.41408,71.21538,0.00536,metamorphics,93.68,acid_plutonic_rocks,6.07,0.0,0.0106,-14.0903,54.4089,17.5162,28.0524,5.8714,1944.6373,1897.8695,0.8056,1.3353,206.0,209.4794
36020000,44.7501711156742,0.007219333129397369,19.286233663449938,125,1.8059172247427977,arneiroz,-6.3244,-40.1617,5870.0,5804.538,high,340.0,491.3795,22.5671,5804.538,1.51999,3.39569,1.38103,2.23403,-0.59012,0.3283,0.0,23.95,1.50157,mam,289.4,8.57481,son,0.03675,0.02441,3.4718,,0.16154,208.05882,0.0,0.04408,70.28534,21.60938,318.34228,89.48571,0.00808,metamorphics,73.31,acid_plutonic_rocks,23.39,0.0,0.0131,-14.0742,53.4222,19.9722,26.6137,4.3352,1175.3011,2121.3089,0.8659,6.4556,283.0,363.4641
36045000,44.7501711156742,0.04808810033649434,15.846236583460444,125,1.0947694382893136,malhada,-6.6461,-39.9617,3460.0,3411.952,high,311.0,575.7683,27.4362,3411.952,1.62129,3.39287,1.36412,2.0927,-0.20255,0.3311,0.0,23.15,1.48875,mam,282.65,7.85139,jja,0.03246,0.02002,3.93676,,0.20237,207.78947,0.0,0.0767,92.55,54.44118,304.7,81.25333,0.00747,metamorphics,50.05,acid_plutonic_rocks,23.44,0.0,0.06,-13.4171,52.7867,18.299,28.9269,5.7609,2031.6337,4267.2043,0.5693,4.8051,112.0,277.0768
36125000,44.7501711156742,0.024349954114408077,24.83677507378877,125,1.635123545289788,sitio_poco_dantas,-6.5578,-39.5086,3530.0,3532.893,high,246.0,557.4843,39.4042,3532.893,1.97856,3.41128,1.75902,1.72412,-0.18891,0.34955,0.0,24.85,1.42816,mam,280.5,7.65348,jja,0.09631,0.04892,4.91319,,0.33869,219.05556,0.0,0.5321,124.70233,45.88889,283.22224,87.9375,0.00659,acid_plutonic_rocks,53.16,metamorphics,13.76,2.37,0.0556,-13.501,51.6842,17.9357,30.3977,6.7789,2158.7497,3382.0076,0.8823,2.5097,34.0,27.3757
36130000,44.7501711156742,0.10633221168553074,16.941648647214624,125,1.7764246847312144,carius,-6.5344,-39.4997,6000.0,5953.49,high,239.0,541.525,39.91,5953.49,2.13724,3.38995,1.78953,1.58613,-0.15969,0.34763,0.0,24.75,1.44737,mam,275.75,7.33378,jja,0.12716,0.06027,3.24226,,0.31264,205.29412,0.0,0.5178,155.12568,66.28261,267.36158,67.37179,0.00575,acid_plutonic_rocks,38.25,metamorphics,28.71,5.86,0.0494,-13.5809,50.9421,18.166,30.9076,6.96,2173.4571,2761.5479,1.7355,3.7394,34.0,12.3047
36160000,44.7501711156742,0.024288773325175896,19.469186141413818,125,2.4900367326538295,iguatu,-6.3744,-39.2933,20700.0,20477.87,high,217.0,503.3639,31.5891,20477.87,1.77849,3.41455,1.51756,1.91992,-0.34589,0.33699,0.0,23.55,1.54934,mam,274.0,7.61111,jja,0.08659,0.04876,4.00845,,0.34043,205.52632,0.0,0.2798,141.10907,97.10345,266.23313,94.875,0.00614,metamorphics,52.81,acid_plutonic_rocks,26.77,1.92,0.0409,-13.7752,51.7065,19.405,28.8981,5.7814,1707.0906,2610.2093,1.2001,3.7971,435.0,67.2087
36210000,44.7501711156742,0.10412970327317222,17.901515046164093,125,2.0047760638362924,sitio_lapinha,-7.2222,-39.1439,1260.0,1275.882,high,337.0,531.199,45.7343,1275.882,2.71471,3.27278,2.12923,1.20557,-0.00656,0.3333,0.0,25.35,1.46957,mam,279.4,6.73253,jja,0.28166,0.10361,3.09242,9.42338,0.33898,203.31579,0.0,1.41657,81.47344,10.33758,221.02745,43.59406,0.00176,mixed_sedimentary_rocks,27.31,metamorphics,20.72,11.29,0.1312,-13.3027,50.7006,18.6518,30.6678,6.7296,2775.4635,1624.712,30.0185,29.1994,41.0,31.2578
36250000,44.7501711156742,0.0002447231569287244,14.46834672855284,125,1.8870046874248467,podimirim,-7.3,-38.9847,4230.0,4284.856,high,334.0,618.7565,27.8151,4284.856,2.23144,3.3864,1.78433,1.51759,0.16293,0.3255,0.0,23.55,1.44923,mam,271.45,6.39458,jja,0.0544,0.02438,3.48213,,0.21354,200.15,0.0,0.2167,75.9,15.0297,285.2,56.47525,0.0037,siliciclastic_sedimentary_rocks,45.77,metamorphics,21.0,18.95,0.1129,-13.1886,51.7248,19.0396,29.2664,6.7919,2492.7134,1589.1006,10.1114,50.9203,57.0,66.9915
36290000,44.7501711156742,0.0077699602324869995,22.93404230900445,125,2.0394582980338862,ico,-6.4067,-38.8672,12400.0,12472.62,high,152.0,463.9506,32.4221,12472.62,2.41216,3.42711,1.94665,1.42076,-0.08018,0.34022,0.0,23.95,1.43413,mam,264.95,6.54198,jja,0.15192,0.06298,3.5104,4.41122,0.35216,205.8,0.0,0.705,58.25,10.4955,234.9,49.97872,0.00267,metamorphics,45.24,siliciclastic_sedimentary_rocks,21.48,9.6,0.0754,-13.612,49.7809,20.0033,30.2298,6.5615,2305.4029,1376.8447,15.3229,27.6331,172.0,24.8691
36320000,44.7501711156742,0.0,27.528091068759743,125,1.9833862053185862,jaguaribe,-5.8997,-38.6331,39600.0,39537.25,high,118.0,457.6123,31.9609,39537.25,2.02799,3.45532,1.71319,1.70381,-0.29552,0.34417,0.0,23.3,1.53795,mam,264.7,7.363,son,0.0923,0.04551,3.1885,2.30225,0.46251,200.4,0.0038,0.35162,26.35,8.36508,139.1,36.60526,0.0,metamorphics,51.45,acid_plutonic_rocks,20.94,4.05,0.0524,-13.7362,50.9904,19.6923,29.3293,5.9974,1856.9181,1924.1979,6.1354,18.211,4350.0,326.5654
36390000,44.7501711156742,0.007525237075558275,30.240551665201615,125,2.3868618668474637,peixe_gordo,-5.2275,-38.1978,47800.0,48353.43,high,37.0,407.8396,30.5348,48353.43,2.02575,3.47331,1.70886,1.71458,-0.35854,0.34939,0.0,23.65,1.51603,mam,260.9,7.2979,son,0.08479,0.04183,2.1311,1.79317,0.42138,206.33333,0.0056,0.2979,27.63454,13.7,169.48851,36.53261,0.00021,metamorphics,54.47,acid_plutonic_rocks,20.45,3.31,0.0491,-13.7863,51.8178,19.5141,28.6816,5.6701,1816.2741,1739.3971,5.559,17.9621,11306.0,755.5143
36580000,44.7501711156742,0.00556745182012848,23.25647448455821,125,2.0889176347276637,morada_nova_ii,-5.1219,-38.4464,17300.0,17260.33,high,51.0,328.6463,31.7238,17260.33,1.82561,3.54695,1.6481,1.94288,-0.76116,0.38475,0.0,22.25,1.45902,mam,274.2,7.80085,son,0.07936,0.04347,1.99433,1.5272,0.54167,173.75,0.0076,0.0868,6.1,7.625,37.8,19.89474,3e-05,metamorphics,78.42,acid_plutonic_rocks,19.08,0.0,0.0137,-14.0437,52.9434,18.9237,28.1478,5.1372,1379.6694,1413.6997,1.4539,5.0193,2556.0,511.2342
37220000,44.83504449007529,0.10460429897410845,46.18208716123618,125,0.8491768804297622,varzea_grande,-6.9192,-38.3808,1110.0,1105.351,high,266.0,486.721,46.8586,1105.351,2.41778,3.60114,1.89779,1.48944,-0.0598,0.32958,0.0,25.1,1.53049,mam,284.4,7.20913,jja,0.14577,0.05949,0.97009,3.95733,0.4741,151.57895,0.012,0.4067,14.23778,3.37349,120.05503,20.00847,6e-05,metamorphics,59.96,acid_plutonic_rocks,38.47,0.0,0.0137,-14.0798,48.6898,21.1,30.2035,6.9789,2101.1933,1857.6229,3.7483,7.0449,398.0,676.7354
37380000,44.83504449007529,0.0018930141670737664,27.286600020004936,125,1.8926437232108335,pau_ferrado,-6.9658,-37.9242,8580.0,8566.277,high,209.0,457.2839,39.0641,8566.277,2.23729,3.5215,1.88185,1.57401,0.25844,0.31157,0.0,24.3,1.65306,mam,269.95,6.66543,son,0.13561,0.06032,1.99609,0.74959,0.60881,188.05263,0.0297,0.1624,11.07428,12.94118,15.15163,8.36111,4e-05,metamorphics,70.51,acid_plutonic_rocks,24.25,0.0,0.0178,-13.9962,48.0445,22.5606,29.3869,6.922,2194.2401,1874.0412,5.9911,12.104,3168.0,747.1578
37410000,44.83504449007529,0.0,22.942100478531728,125,1.700695276212167,sitio_vassouras,-6.7258,-37.7975,15200.0,15163.72,high,173.0,404.9194,35.905,15163.72,2.27715,3.55154,1.88645,1.55964,0.13961,0.31465,0.0,23.8,1.60269,mam,268.25,6.92258,son,0.16828,0.0739,2.90108,1.21698,0.42324,202.1,0.0154,0.6491,25.35,8.59322,114.8,13.83133,0.00017,metamorphics,55.34,acid_plutonic_rocks,32.13,0.0,0.0349,-13.8782,47.837,22.5471,29.6049,6.4606,2271.2459,1416.8085,8.2438,13.4216,3659.0,392.8544
37470000,43.997262149212865,0.007093963907902925,21.479400461130048,125,2.0749056721031116,jardim_de_piranhas,-6.3781,-37.3525,21600.0,21635.87,high,137.0,375.7596,35.9603,21635.87,2.18146,3.52758,1.79858,1.61708,0.0982,0.31797,0.0,23.9,1.64261,mam,268.35,7.44383,son,0.15459,0.0701,2.99762,3.06546,0.37395,206.83333,0.0053,0.5622,39.50426,8.48913,220.6371,44.5102,4e-05,metamorphics,49.04,acid_plutonic_rocks,40.76,0.0,0.0295,-13.9098,48.2548,22.4985,29.2377,6.0523,2243.8215,1321.4169,9.2936,16.4708,3833.0,313.9745
37710150,44.0,0.14292825586460084,29.219570469115915,125,2.401647163934277,sitio_acaua_ii,-5.6164,-36.8911,38100.0,38124.41,high,26.0,344.2399,34.9378,38124.41,1.94057,3.45729,1.64113,1.78158,-0.02854,0.31765,0.0,24.4,1.76812,mam,265.7,8.12538,son,0.14103,0.07354,3.33768,1.00555,0.38405,199.17647,0.0136,0.1021,13.73885,38.57143,211.93456,88.61702,5e-05,metamorphics,57.08,acid_plutonic_rocks,34.28,0.32,0.0258,-13.9197,50.7111,21.5463,27.7353,5.5542,2177.6629,1461.4293,7.7505,15.0566,6973.0,355.3155
38650000,44.780287474332646,0.04701638542430912,14.97956535934826,125,0.6068714457832572,fazenda_alagamar,-6.6053,-35.5289,2170.0,2184.545,high,131.0,482.8514,32.524,2184.545,1.59507,3.35091,1.3938,2.10079,-0.07631,0.2849,0.0,21.7,1.4183,mam,286.9,6.62587,son,0.04385,0.02698,3.14325,,0.24402,224.05882,0.0,0.1242,151.44386,97.3,249.70856,77.62903,0.00585,metamorphics,78.99,acid_plutonic_rocks,16.11,0.0,0.0182,-13.9241,57.7736,16.7246,25.4937,6.611,2036.391,2838.1571,1.5774,9.8562,23.0,65.7852
38790000,44.83504449007529,0.01606008793356131,29.08411387222613,125,1.8896783989924706,ponte_do_leitao,-6.8519,-35.1631,2950.0,2796.881,high,17.0,304.9908,36.6854,2796.881,2.73942,3.32041,1.93667,1.21208,-0.30224,0.28513,0.0,18.7,1.3169,mam,265.8,5.09195,son,0.28698,0.10302,2.56707,4.48971,0.35262,257.11111,0.0003,1.0981,41.76198,7.30631,188.41812,35.18269,0.00045,metamorphics,73.68,acid_plutonic_rocks,22.88,0.0,0.0168,-13.9896,56.1158,16.7328,27.1623,8.7728,2769.6513,2193.3783,7.5647,7.2219,82.0,27.99
38830000,42.41478439425051,0.009617867286341338,9.588995807435602,125,1.0191574234871927,caraubas,-7.7211,-36.5053,5030.0,5025.032,high,442.0,607.4867,25.6094,5025.032,1.56729,3.28098,1.4142,2.09341,0.32759,0.2299,0.0,23.2,1.53642,mam,284.95,6.80072,son,0.06327,0.04022,1.73937,,0.26562,192.33333,0.0,0.2184,122.94693,55.25,285.4938,68.01205,0.00663,metamorphics,81.4,acid_plutonic_rocks,10.91,0.0,0.01,-14.1,56.0373,18.0271,25.9719,5.5942,2781.5327,1795.3474,3.0963,13.4076,262.0,225.772
38860000,42.861054072553046,0.003577131906739061,47.02045376642058,125,2.0852200070789437,bodocongo,-7.5283,-35.9997,13700.0,13680.13,high,327.0,555.7937,21.4759,13680.13,1.36145,3.25871,1.24103,2.39356,0.26095,0.2558,0.0,23.4,1.55482,mam,284.9,7.54702,son,0.02165,0.01592,1.9886,3.77338,0.37386,222.21053,0.0,0.04132,23.55318,7.81667,205.04823,36.78378,0.0018,metamorphics,81.98,acid_plutonic_rocks,13.9,0.0,0.0114,-14.0719,56.7874,17.9173,25.3113,5.261,2112.9231,2224.1237,3.1678,40.0902,1287.0,1190.6006
39084010,44.83504449007529,0.03321934538348803,9.614714664506126,125,2.1818934292613377,nazare_da_mata,-7.7542,-35.2331,692.0,687.3298,high,66.0,272.3517,37.7784,687.3298,2.77274,3.33789,2.17111,1.20382,-0.44805,0.28305,0.0,18.1,1.22297,mam,272.65,5.12982,son,0.37049,0.13289,2.03942,6.19257,,260.52941,0.0,1.4822,50.0746,7.37984,200.03539,39.20619,0.0006,metamorphics,53.81,acid_plutonic_rocks,44.39,0.0,0.0143,-14.0415,52.0865,17.6012,30.3083,10.3087,2368.8971,2210.369,17.5588,12.9845,0.0,0.0
39084020,44.83504449007529,0.011907669760625305,24.204323306468584,125,2.624003432129455,engenho_itapissirica,-7.6131,-35.0647,1230.0,1235.138,high,18.0,199.353,31.4149,1235.138,2.9966,3.52279,2.28236,1.17559,-0.43833,0.2836,0.0,16.8,1.22182,mam,261.85,4.68007,djf,0.50347,0.16642,2.0692,3.21024,0.4627,259.84211,0.0239,2.0546,25.51454,4.86408,116.26684,17.29545,2e-05,acid_plutonic_rocks,60.7,metamorphics,32.86,0.0,0.0268,-13.8663,53.838,16.4364,29.7277,10.2369,2574.4829,1654.1534,14.9158,8.1167,0.0,0.0
39100000,44.83504449007529,0.24780166096726916,15.393032163677962,125,1.219216242442722,santa_cruz_do_capibaribe,-7.9619,-36.2022,1560.0,1562.695,high,437.0,626.4376,56.2791,1562.695,1.59749,3.28283,1.31547,2.05499,0.06815,0.24977,0.0,22.95,1.37838,mam,288.9,6.33553,son,0.03581,0.02306,2.15946,,0.16404,213.09091,0.0,0.0616,25.72038,9.57692,339.52962,124.03774,0.0093,acid_plutonic_rocks,61.64,metamorphics,38.36,0.0,0.01,-14.1,56.0797,17.8644,26.088,7.7321,2534.7168,3796.0606,5.9402,45.4468,43.0,210.5214
39130000,44.83504449007529,0.04219589643380557,16.7290622543701,125,0.7590826189765919,toritama,-8.0128,-36.0578,2450.0,2456.724,high,366.0,597.1786,53.4333,2456.724,1.64688,3.28778,1.30419,1.99637,0.01671,0.24977,0.0,22.25,1.37771,mam,283.95,5.90333,son,0.05723,0.03479,3.67858,,0.47326,196.26667,0.0,0.2365,136.61716,100.74074,271.12479,65.82927,0.00626,acid_plutonic_rocks,64.21,metamorphics,35.3,0.0,0.01,-14.1,55.5181,18.0184,26.4994,8.0085,2454.0951,3795.0737,6.6045,31.6183,57.0,111.0756
39140000,44.83504449007529,0.09477283829995115,35.810172728842296,125,0.9557472141167038,salgadinho,-7.9428,-35.6342,4910.0,4923.184,high,220.0,525.5985,47.766,4923.184,1.75842,3.2839,1.42227,1.86753,-0.0869,0.27555,0.0,22.35,1.35455,mam,273.3,5.2659,son,0.02888,0.01642,0.06111,,0.32734,229.47368,0.0,0.1311,172.2,34.44,250.9,53.38298,0.00529,acid_plutonic_rocks,65.41,metamorphics,34.12,0.22,0.0101,-14.0948,55.6018,17.7242,26.7047,8.1951,2267.4721,3414.8823,7.0681,67.0632,384.0,740.0558
39145000,44.83504449007529,0.007938446507083537,16.654935702165048,125,0.9141246092416593,limoeiro,-7.8789,-35.4519,5580.0,5609.093,high,142.0,496.4076,46.95,5609.093,1.79917,3.28763,1.45167,1.82731,-0.12107,0.27555,0.0,22.0,1.34969,mam,269.25,5.09943,son,0.03915,0.02171,1.36036,,0.30535,244.05556,0.0,0.12873,163.66669,55.01695,230.67625,60.19737,0.00552,acid_plutonic_rocks,65.18,metamorphics,34.41,0.19,0.0101,-14.0954,55.3747,17.725,26.9278,8.3638,2233.3454,3232.7505,7.0988,49.6762,384.0,479.0728
39150000,44.83504449007529,0.11345872007816317,40.86912055871201,125,1.421635163158935,paudalho,-7.8942,-35.1733,6190.0,6223.861,high,72.0,466.3069,45.0419,6223.861,1.84688,3.2882,1.52582,1.78041,-0.15164,0.27555,0.0,21.1,1.33123,mam,265.7,4.90221,son,0.06558,0.03538,-0.00899,3.34142,0.35463,246.10526,0.0007,0.22478,29.87679,4.50758,178.10582,20.26857,5e-05,acid_plutonic_rocks,62.53,metamorphics,36.57,0.17,0.0114,-14.078,55.3186,17.7043,27.0038,8.455,2224.5282,2989.9223,12.5115,52.2729,654.0,439.0198
39170000,43.05544147843943,0.12005595828564161,3.1873416218363944,125,0.9553536465192383,vitoria_de_santo_antao,-8.1136,-35.2839,264.0,266.2721,high,144.0,290.6783,49.0307,266.2721,2.3853,3.32394,2.10666,1.39351,-0.39134,0.2838,0.0,18.8,1.22476,mam,288.25,6.08765,son,0.51118,0.21224,2.25767,4.54683,0.30862,242.11765,0.0019,1.4543,42.2539,4.63068,201.10784,20.63298,0.00037,acid_plutonic_rocks,85.22,metamorphics,14.78,0.0,0.01,-13.857,52.088,17.6703,30.2312,11.3579,2491.6699,2649.7797,44.4109,23.8024,0.0,0.0
39185000,34.223134839151264,0.04584,16.42518827283871,125,1.0179002799894237,tiuma,-7.9806,-35.0792,7260.0,7291.783,high,52.0,424.8369,43.2818,7291.783,1.98817,3.30142,1.6754,1.66053,-0.20556,0.27555,0.0,20.75,1.32588,mam,260.75,4.67713,son,0.14646,0.0728,1.05148,1.39195,,248.0,0.0159,0.4538,14.28851,5.23077,23.8492,15.13333,0.00029,acid_plutonic_rocks,62.92,metamorphics,35.17,0.15,0.0142,-14.0244,55.1,17.492,27.4341,8.7532,2287.2657,2787.9767,15.0122,28.0818,826.0,211.8982
39187800,44.83504449007529,0.2267953102100635,14.331358298354758,125,0.958377638165696,sao_lourenco_da_mata_ii,-7.9986,-35.0392,7290.0,7326.816,high,41.0,423.1582,43.1906,7326.816,1.98817,3.30142,1.6754,1.66053,-0.20556,0.27555,0.0,20.75,1.32588,mam,260.75,4.67713,son,0.11443,0.05694,1.78836,3.68013,0.39836,255.41176,0.0024,0.4527,35.02749,4.61486,166.62416,14.12609,0.0,acid_plutonic_rocks,63.08,metamorphics,35.01,0.15,0.0142,-14.0241,55.1027,17.4706,27.4528,8.7602,2292.2073,2776.776,14.9858,35.8785,826.0,269.9111
39360000,44.83504449007529,0.008854421104054714,14.026793326626542,125,1.6729642438750398,engenho_tabocas,-8.2819,-35.3647,2960.0,2932.417,high,278.0,686.5217,45.3518,2932.417,1.85328,3.30687,1.39168,1.78433,-0.15817,0.26405,0.0,20.15,1.34333,mam,262.85,4.84963,son,0.20927,0.11233,1.85928,2.6945,0.57618,247.42105,0.0335,0.6965,12.89355,2.90909,45.53034,10.04444,0.0,acid_plutonic_rocks,66.78,metamorphics,33.22,0.0,0.01,-14.0529,55.7176,17.0939,27.2026,9.9535,2682.6477,3421.5572,9.5124,12.4532,80.0,35.7155
39480000,44.83504449007529,0.20633854421104056,28.463387530020437,125,2.8425008832313376,engenho_mato_grosso,-8.6375,-35.3056,1310.0,1312.683,high,62.0,354.0475,41.2522,1312.683,3.41303,3.3632,2.4903,0.9854,-0.41532,0.28275,0.0,16.05,1.21591,mam,261.25,4.79358,son,1.84016,0.53541,0.72731,1.95105,0.70835,237.26316,0.3579,4.94478,0.30299,1.2,18.33067,11.0,0.0,acid_plutonic_rocks,63.1,metamorphics,23.94,0.0,0.0434,-13.2173,48.2033,17.5229,34.2392,13.2897,2830.9393,1763.7672,25.7107,3.8279,13.0,1.4745
39540000,44.83504449007529,0.026257938446507083,10.493678622064454,125,0.9330126301961034,capivara,-8.4975,-35.9153,2610.0,2609.624,high,386.0,631.3418,32.158,2609.624,1.8353,3.26149,1.42301,1.77709,-0.1553,0.2924,0.0,22.05,1.29326,mam,273.25,5.17519,son,0.09185,0.04963,2.71359,17.29427,0.40817,216.375,0.0,0.3058,35.5154,6.66346,179.98569,39.90909,0.00333,acid_plutonic_rocks,77.68,metamorphics,22.32,0.0,0.01,-14.1,58.0288,16.3732,25.5999,9.6202,3010.1423,1950.5531,4.6718,13.9356,4.0,4.5722
39560000,44.83504449007529,0.0,19.83411184532707,125,1.7280240266536875,palmares,-8.6794,-35.5769,4910.0,4933.947,high,110.0,553.7925,42.8912,4933.947,2.31747,3.28501,1.7381,1.4175,-0.31468,0.2892,0.0,19.45,1.301,mam,254.85,4.46713,son,0.50671,0.21865,1.55662,2.14107,0.65966,249.25,0.1021,1.4678,4.45,2.11905,17.9,6.75472,0.0,acid_plutonic_rocks,72.45,metamorphics,26.93,0.0,0.0115,-13.8013,53.9679,16.9293,29.093,10.7525,3013.9698,2303.3189,9.5927,5.1867,403.0,44.1633
39580000,44.83504449007529,0.20236932095749877,16.699505649706325,125,2.6101072378816026,jacuipe,-8.8411,-35.4469,756.0,742.4262,high,72.0,292.5417,40.322,742.4262,3.27855,3.33277,2.61673,1.01654,-0.4743,0.2822,0.0,16.15,1.23282,mam,254.65,4.58004,djf,1.50778,0.45989,0.9862,1.68712,0.66356,248.1,0.3586,4.2812,3.9,2.51613,13.35,7.85294,0.0,metamorphics,91.27,siliciclastic_sedimentary_rocks,6.93,0.0,0.029,-13.0,48.5805,17.4736,33.9758,12.156,2852.3353,1947.6906,15.963,2.9006,0.0,0.0
39760000,44.83504449007529,0.10155105031753786,18.235039573551614,125,1.8933726645781614,murici_-_ponte,-9.3136,-35.9497,3290.0,3317.206,high,84.0,538.0773,46.553,3317.206,2.61846,3.32397,2.26773,1.26944,-0.45644,0.29205,0.0,18.05,1.24483,mam,255.4,4.54448,son,0.74477,0.28443,1.4802,2.86504,0.52071,265.6,0.0726,2.5477,13.65,2.11628,64.05,11.54054,0.0,metamorphics,75.33,acid_plutonic_rocks,18.44,0.0,0.026,-13.2687,52.7971,16.5108,30.666,11.6449,3563.7252,2665.2424,24.4268,8.9857,15.0,1.6634
39770000,44.83504449007529,0.001709819247679531,15.891309113286015,125,2.304735036068696,fazenda_boa_fortuna,-9.4672,-35.8597,3560.0,3579.766,high,49.0,509.593,46.1785,3579.766,2.67343,3.36293,2.38153,1.25791,-0.46119,0.29205,0.0,17.8,1.26241,mam,252.4,4.47518,son,0.74287,0.27787,1.15032,2.72162,0.56865,262.5,0.1029,2.29242,8.75,1.96629,42.35,11.92958,0.0,metamorphics,75.93,acid_plutonic_rocks,17.33,0.0,0.0274,-13.2245,52.576,16.6049,30.7944,11.6393,3523.7072,2604.2283,27.7252,10.2251,15.0,1.5454
39870000,44.83504449007529,0.012274059599413776,15.354013213532108,125,1.343237481216689,atalaia,-9.5067,-36.0228,2600.0,2590.348,high,56.0,499.5577,41.5425,2590.348,2.7408,3.32438,2.19654,1.21292,-0.49096,0.3002,0.0,17.05,1.24908,jja,247.5,4.60037,son,0.73155,0.2678,1.1895,3.66256,0.51701,267.47368,0.0467,2.3012,13.30042,2.32143,96.53036,20.29032,3e-05,metamorphics,77.49,acid_plutonic_rocks,19.22,0.0,0.0184,-13.6088,52.4559,16.9436,30.5781,10.7439,2986.5046,2721.6391,10.351,3.8765,25.0,3.6144
40025000,44.83504449007529,0.013861748900830483,15.110043017940129,125,0.7088266166710561,vargem_bonita,-20.3272,-46.3661,299.0,310.5112,high,760.0,1103.6045,95.5054,310.5112,4.62156,2.91006,2.65276,0.62967,1.1327,0.09355,0.0,21.15,1.30556,djf,245.3,5.66513,jja,2.28295,0.49426,0.94574,1.48283,0.68757,163.17647,0.8325,5.8619,4.02451,1.59184,0.0,0.0,0.0,metamorphics,86.08,mixed_sedimentary_rocks,11.85,0.0,0.0354,-14.1899,41.8963,18.2502,39.8435,17.2694,2602.1731,2245.5429,1.1506,0.1381,0.0,0.0
40037000,43.748117727583846,0.030665248138181365,5.977382310712296,125,1.1349277787876444,fazenda_da_barra,-20.2156,-46.2322,757.0,769.6448,high,738.0,1013.7697,61.3974,769.6448,4.56715,2.88266,2.63425,0.63117,1.12804,0.09355,0.0,20.25,1.31922,djf,235.7,5.48778,jja,2.4724,0.54135,2.0255,2.23612,0.60146,159.1,0.5869,8.0197,10.5,2.03883,3.35,4.1875,0.0,metamorphics,57.89,mixed_sedimentary_rocks,38.99,0.0,0.0861,-13.6871,41.5018,18.2151,40.2694,15.0627,2476.963,2232.8861,0.8334,0.0924,0.0,0.0
40040000,44.83504449007529,0.04048607718612604,25.59775421114474,125,1.3621263511078312,fazenda_ajudas,-20.0953,-46.0622,244.0,243.9665,high,750.0,849.125,38.1836,243.9665,4.36021,2.88393,2.58974,0.66142,1.13694,0.0902,0.0,20.25,1.31494,djf,245.35,5.62085,jja,1.85906,0.43472,2.71611,2.12199,,169.64706,0.4437,5.18804,3.99986,1.85366,8.31549,7.52381,0.0,mixed_sedimentary_rocks,60.63,metamorphics,33.98,0.0,0.1295,-13.0,39.3287,17.8194,42.8147,11.1397,2378.7536,1504.1481,4.7038,0.6932,0.0,0.0
40050000,44.83504449007529,0.0,33.716816975441006,125,3.1464576917551286,iguatama,-20.17,-45.7158,4846.0,5367.495,high,638.0,874.7217,46.4148,5367.495,4.33596,2.92438,2.62522,0.67445,1.12995,0.08775,0.0,19.4,1.31081,djf,226.7,5.66042,jja,1.85322,0.42955,1.84772,2.25977,0.69516,164.89474,0.5042,6.092,3.62881,4.8,1.4616,5.8,0.0,mixed_sedimentary_rocks,47.07,metamorphics,33.04,3.41,0.1298,-13.4217,41.1098,17.2152,41.6431,12.0787,2456.1527,1895.0275,4.024,0.5949,0.0,0.0
40053000,38.58179329226557,0.0056060175986375246,22.716259164671577,125,2.3413874852817846,calciolândia,-20.2372,-45.6597,296.0,300.6643,high,648.0,778.4833,42.2966,300.6643,4.01728,2.91759,2.65186,0.72626,1.13738,0.0838,0.0,22.65,1.33235,djf,254.5,5.73198,jja,1.17949,0.2883,2.21437,2.90369,0.54244,150.5,0.1032,4.94001,24.58315,6.54795,101.0069,29.31343,0.0,carbonate_sedimentary_rocks,68.55,mixed_sedimentary_rocks,29.13,68.55,0.1008,-13.0,33.9152,18.8552,47.1936,11.6608,2440.9362,2027.2438,4.8828,1.1342,0.0,0.0
40060001,44.668035592060235,0.0018387986515476554,60.8516296302254,125,1.303119526293771,tapirai_jusante,-19.8881,-46.0181,569.0,569.7409,high,673.0,980.4051,56.8684,569.7409,4.34424,2.84769,2.65923,0.65551,1.13868,0.0904,0.0,20.75,1.32588,djf,242.6,5.44557,jja,1.92701,0.44358,2.25647,1.63059,0.77452,174.9,0.6709,5.2561,0.0,0.0,0.0,0.0,0.0,metamorphics,60.59,mixed_sedimentary_rocks,35.58,0.21,0.078,-13.5798,41.5154,16.8407,41.6133,13.8605,2299.62,2535.728,11.8988,1.6917,0.0,0.0
40100000,44.83504449007529,6.106497313141182e-05,84.70978622386443,125,2.8352885320990757,porto_das_andorinhas,-19.2814,-45.2753,14000.0,13864.51,high,619.0,788.1524,38.3948,13864.51,4.17681,2.92919,2.5663,0.7013,1.1435,0.08783,0.0,18.3,1.37594,djf,218.9,5.60563,jja,1.4741,0.35293,2.36215,2.40896,0.7139,167.55,0.3774,4.4371,1.4,9.33333,1.8,7.2,0.0,mixed_sedimentary_rocks,48.73,unconsolidated_sediments,21.91,3.35,0.1417,-13.3307,42.1313,16.7796,41.057,10.9037,2394.7463,1709.2155,5.7119,1.0616,0.0,0.0
40150000,44.83504449007529,0.0018319491939423546,97.50434638801647,125,1.9790063553261499,carmo_do_cajuru,-20.1811,-44.7939,2507.0,2507.077,high,734.0,938.9681,53.2572,2507.077,4.05821,2.83117,2.6642,0.69764,1.173,0.0792,0.0,21.45,1.30793,djf,240.4,5.40225,jja,1.13474,0.28179,2.81236,1.15006,0.74998,159.0,0.57,2.88912,0.4643,3.0,4.12712,13.33333,0.0,acid_plutonic_rocks,89.87,basic_plutonic_rocks,4.4,0.0,0.0134,-13.6192,38.8401,17.2518,43.8706,20.4806,2254.823,2230.2816,3.122,0.7538,384.0,36.9808
40170000,44.7501711156742,0.007402875497093913,76.9844368642712,125,2.2645510074922064,marilândia_(ponte_br-494),-20.2161,-44.9183,1040.0,1064.494,high,736.0,846.4704,42.6929,1064.494,3.97574,2.91136,2.66357,0.73228,1.15845,0.07523,0.0,21.4,1.31288,djf,248.4,5.4895,jja,1.09476,0.27536,1.77899,1.98801,0.67899,157.4,0.2963,3.04306,2.85,3.16667,4.25,6.07143,0.0,acid_plutonic_rocks,85.14,unconsolidated_sediments,12.75,0.0,0.0369,-13.097,37.6305,17.2698,45.0388,13.9376,2353.63,1961.3456,4.3399,1.0861,0.0,0.0
40185000,44.83504449007529,0.0025647288715192965,94.09809661217938,125,2.5008096117612277,pari,-20.1847,-44.8933,1910.0,1947.981,high,704.0,850.8066,43.0971,1947.981,3.98369,2.87475,2.65908,0.72163,1.16499,0.07523,0.0,21.3,1.31077,djf,244.5,5.45759,jja,1.06585,0.26824,1.63274,1.84001,0.69769,159.52632,0.2813,2.7637,2.96013,2.56522,5.41854,8.30769,0.0,acid_plutonic_rocks,85.67,unconsolidated_sediments,10.49,0.0,0.0319,-13.2737,37.7069,17.3553,44.8831,14.5179,2362.1876,1993.1772,4.3239,1.1115,0.0,0.0
40330000,44.83504449007529,0.0018319491939423546,97.79787707269567,125,2.32008766320264,velho_da_taipa,-19.6939,-44.9308,7350.0,7377.735,high,644.0,864.8943,47.0801,7377.735,3.96022,2.89881,2.63119,0.73198,1.18671,0.0802,0.0,20.65,1.35855,djf,232.45,5.59446,jja,1.11052,0.27769,2.0825,1.91161,0.68609,155.66667,0.3041,3.2931,3.51555,2.79167,0.0,0.0,0.0,acid_plutonic_rocks,89.33,metamorphics,4.66,0.0,0.0171,-13.4681,38.501,17.2839,44.1729,17.5822,2323.2873,2133.8501,5.7543,1.4196,570.0,19.0605
40500000,39.162217659137575,0.011884787472035795,107.0845035530547,125,1.3465152268024236,martinho_campos,-19.3317,-45.2214,769.0,781.5616,high,604.0,687.0887,31.0919,781.5616,3.80206,3.00185,2.46803,0.78953,1.18521,0.084,0.0,22.4,1.44516,djf,252.8,5.92732,jja,0.94425,0.24592,1.86654,1.93792,0.68945,166.10526,0.2603,2.6386,3.19018,3.9375,0.20255,2.0,0.0,unconsolidated_sediments,59.24,mixed_sedimentary_rocks,32.01,0.0,0.1755,-12.9258,43.421,15.6923,40.8409,9.7913,2490.9709,1570.0133,11.3708,3.2992,0.0,0.0
40549998,44.83504449007529,0.05392037127503664,19.197138012703565,125,1.485190045204471,sao_bras_do_suacui_montante,-20.6039,-43.9086,462.0,462.5336,high,877.0,1004.5517,40.7982,462.5336,4.03638,2.76964,2.69529,0.68617,1.10884,0.0493,0.0,22.35,1.25562,djf,254.35,5.65222,jja,1.44868,0.35891,1.58941,1.71253,0.67021,155.65,0.4124,4.0634,3.35,1.76316,2.75,5.5,0.0,acid_plutonic_rocks,75.72,metamorphics,24.28,0.0,0.01,-13.0271,39.4295,16.7516,43.7872,30.3185,2312.9484,1774.4385,3.6276,0.686,0.0,0.0
40579995,44.6570841889117,0.203482312549813,18.60941727779188,125,1.8920791930467824,congonhas_linigrafo,-20.5194,-43.8356,569.0,573.2303,high,876.0,1020.9668,49.7036,573.2303,3.97132,2.80254,2.77171,0.70569,1.12235,0.0493,0.0,22.45,1.26479,djf,252.6,5.70847,jja,1.59159,0.40077,1.04263,1.9668,0.62968,149.75,0.3941,4.9153,6.15,2.5625,4.1,3.90476,0.0,metamorphics,52.25,acid_plutonic_rocks,38.93,0.0,0.01,-13.1839,40.8649,16.9394,42.1589,21.7034,2313.3711,1975.0031,19.2158,3.3078,61.0,18.318
40680000,44.58316221765914,0.006877916973716531,29.318447381987585,125,1.542580723911881,entre_rios_de_minas,-20.6603,-44.0719,469.0,496.1387,high,865.0,1000.7595,36.4271,496.1387,4.18833,2.77677,2.56386,0.66298,1.13879,0.061,0.0,23.7,1.27763,djf,256.05,5.60284,jja,1.47147,0.35133,2.46101,1.71842,0.71384,155.15,0.3955,3.9339,2.25,3.21429,3.7,6.72727,0.0,acid_plutonic_rocks,63.2,metamorphics,33.59,0.0,0.0163,-13.0,38.8462,16.9355,44.1873,22.4279,2154.6191,1713.2071,3.2378,0.6028,0.0,0.0
40710000,44.83504449007529,0.004885197850512946,37.32157270195865,125,2.619861266271667,belo_vale,-20.4083,-44.0217,2770.0,2792.967,high,810.0,1002.3368,45.9401,2792.967,4.06633,2.78033,2.64386,0.68374,1.12896,0.05515,0.0,21.9,1.27326,djf,241.1,5.45475,jja,1.58912,0.3908,2.08732,1.824,0.68403,154.6,0.4476,4.48186,2.65,2.20833,1.85,4.625,0.0,acid_plutonic_rocks,55.8,metamorphics,41.33,0.0,0.0111,-13.1693,39.7605,16.9438,43.2626,24.2648,2240.7062,1943.5331,11.155,1.9232,63.0,3.8889
40740000,44.7501711156742,0.001223615784643622,27.732169981507145,125,2.86474764049607,alberto_flores,-20.1667,-44.1606,4120.0,4152.992,high,749.0,993.7091,52.0616,4152.992,4.08363,2.8081,2.67558,0.68765,1.13917,0.05515,0.0,21.1,1.29052,djf,237.75,5.40341,jja,1.27752,0.31284,1.95003,1.75058,0.70231,156.35,0.3716,3.4377,1.85,2.3125,1.15,4.6,0.0,acid_plutonic_rocks,50.04,metamorphics,47.66,0.1,0.0113,-13.4441,39.8307,17.0634,43.075,24.6254,2246.7444,2075.5636,9.9263,2.1288,63.0,3.2533
40800001,44.7501711156742,0.0018354236769654328,51.30150860479496,125,2.659311349647716,ponte_nova_do_paraopeba,-19.9489,-44.3053,5680.0,5782.513,high,931.0,968.3332,52.4457,5782.513,4.092,2.8495,2.67387,0.69636,1.15815,0.061,0.0,20.95,1.33016,djf,235.15,5.38717,jja,1.21488,0.29689,2.2763,1.90115,0.69799,156.65,0.3376,3.3883,1.65,2.53846,2.0,6.66667,0.0,metamorphics,57.38,acid_plutonic_rocks,38.28,0.45,0.0129,-13.6169,39.9138,17.2669,42.7934,25.3755,2278.783,2098.466,13.9603,3.1482,244.0,9.5158
40810350,34.83367556468173,0.002908119154287511,36.64339359705412,125,0.8151984692779125,fazenda_laranjeiras,-20.0942,-44.4936,10.2,10.8335,medium,897.0,978.2593,69.0,10.8335,4.01132,2.92843,2.72582,0.73004,1.21131,0.07595,0.0,25.25,1.32546,djf,274.9,6.30505,jja,0.97698,0.24355,2.13415,1.80057,0.73633,168.0,0.2871,2.3208,2.35032,1.23684,1.30018,4.33333,0.0,acid_plutonic_rocks,100.0,,0.0,0.0,0.01,-13.0,37.4147,18.5991,43.9954,15.3733,2321.2258,5346.57,15.7252,4.4098,0.0,0.0
40810800,44.7501711156742,0.0011012542061792597,53.512801657230725,125,0.6795812883253659,fazenda_pasto_grande,-20.0869,-44.4381,54.7,56.7799,high,828.0,951.5265,74.7152,56.7799,4.02119,2.92843,2.72582,0.72825,1.21168,0.07595,0.0,25.55,1.34121,djf,277.55,6.45465,jja,1.03994,0.25861,2.36539,1.74777,0.69501,162.65,0.2876,2.6234,3.5,1.37255,3.9,3.9,0.0,acid_plutonic_rocks,50.42,metamorphics,40.08,0.0,0.0273,-13.0194,38.0683,18.4078,43.4938,34.6418,2246.8732,2448.3833,17.4771,4.6044,0.0,0.0
40811100,44.83504449007529,0.0,51.134180699156694,125,0.7328219660688354,jardim,-20.0475,-44.4089,113.0,110.5797,high,781.0,929.4374,70.52,110.5797,4.05789,2.92843,2.72582,0.72166,1.21372,0.07595,0.0,24.5,1.33152,djf,272.5,6.28604,jja,1.07079,0.26388,2.28409,1.8606,0.69476,160.85,0.2907,2.7722,3.2,1.45455,3.2,3.2,0.0,metamorphics,41.87,acid_plutonic_rocks,37.16,0.0,0.0474,-13.0105,37.7099,18.5662,43.694,33.2353,2237.6727,2497.1431,18.9132,4.8391,0.0,0.0
40822995,39.08555783709788,0.06395348837209303,20.7945433758467,125,0.7909309931539277,mateus_leme_aldeia,-19.985,-44.4389,113.0,116.4489,high,912.0,918.2948,66.8871,116.4489,3.98651,2.95903,2.66934,0.74226,1.22415,0.07815,0.0,24.35,1.35655,djf,270.75,6.20986,jja,0.76508,0.19192,1.54573,1.74759,0.6558,156.65,0.2011,1.9743,5.85,1.53947,2.9,4.46154,0.0,acid_plutonic_rocks,73.06,metamorphics,12.26,0.0,0.03,-13.2665,38.5,17.5942,43.8997,19.7342,2220.3185,2755.9844,19.1956,6.8738,0.0,0.0
40823500,42.32991101984942,0.01778668908867473,14.593892436746017,125,0.8033297340096904,suzana,-19.9614,-44.3661,154.0,166.4637,medium,741.0,892.62,62.3094,166.4637,3.9818,2.95903,2.66934,0.74314,1.22549,0.07815,0.0,23.4,1.3526,djf,266.0,6.06613,jja,1.02942,0.25853,1.06045,1.98743,0.65737,159.15,0.2673,2.82896,4.95,1.47761,2.8,6.22222,0.0,acid_plutonic_rocks,51.02,siliciclastic_sedimentary_rocks,37.12,0.0,0.0755,-13.7757,38.8002,17.8636,43.3241,20.0175,2198.1068,2758.7309,19.0472,5.0693,0.0,0.0
40850000,44.58316221765914,0.007307786784573815,68.0612275331686,125,2.737248604800475,ponte_da_taquara,-19.4231,-44.5483,8750.0,8809.335,high,664.0,911.9686,49.0588,8809.335,3.96725,2.90282,2.61666,0.7317,1.18457,0.06562,0.0,20.2,1.36027,djf,231.5,5.59855,jja,1.16909,0.29468,2.32646,1.94477,0.69709,156.75,0.3088,3.3201,1.95,3.0,2.95,5.9,0.0,metamorphics,54.72,acid_plutonic_rocks,35.96,0.73,0.0211,-13.6502,39.7607,17.3684,42.8462,23.7321,2303.4438,2062.5895,13.5411,3.1733,337.0,8.9649
40975000,38.72142368240931,0.012161493318249311,6.656044193954046,125,0.7715342355116516,fazenda_sao_felix,-18.4672,-45.6458,970.0,966.776,high,713.0,892.3142,40.9162,966.776,3.98066,3.01714,2.42885,0.75795,1.16467,0.0962,0.0,21.75,1.42157,djf,239.0,5.44419,jja,1.79018,0.44847,1.94979,3.59144,0.49087,145.8125,0.2046,6.896,23.81727,1.89669,96.92954,15.83051,0.0,mixed_sedimentary_rocks,50.22,siliciclastic_sedimentary_rocks,28.47,0.48,0.178,-14.303,45.3526,15.4807,39.1363,15.3894,3088.588,2324.1319,5.7645,0.8822,0.0,0.0
41050000,44.83504449007529,0.016914997557401074,15.903965531946376,125,0.9194420763385796,major_porto,-18.7064,-46.0397,1200.0,1190.013,high,745.0,915.2114,45.868,1190.013,3.92772,2.88438,2.52952,0.73436,1.13936,0.1114,0.0,21.7,1.36478,djf,240.2,5.5155,jja,1.5224,0.3876,2.51881,2.81991,0.5742,161.3,0.2312,5.4452,14.65,2.25385,49.45,9.69608,0.0,pyroclastics,40.49,mixed_sedimentary_rocks,37.82,0.0,0.1494,-13.7686,41.4466,16.1604,42.3483,12.952,2902.7498,1964.665,20.541,3.6966,0.0,0.0
41135000,44.7501711156742,0.0,151.81351561948418,125,1.4619723786439733,pirapora_barreiro,-17.3692,-44.9431,62200.0,62730.28,high,484.0,793.4274,39.3678,62730.28,3.85045,3.03259,2.50957,0.78759,1.1855,0.08548,0.0,17.4,1.43802,djf,211.95,6.02131,jja,1.14489,0.29835,1.3603,0.77875,0.82996,162.9,0.5987,2.3821,0.0,0.0,0.0,0.0,0.0,mixed_sedimentary_rocks,24.96,acid_plutonic_rocks,20.52,0.99,0.1231,-13.585,42.68,16.915,40.3751,14.2502,2492.2744,1861.1977,8.4592,2.0243,22163.0,84.546
41199998,43.9151266255989,0.0,24.07068631899848,125,1.485369403723866,honorio_bicalho_montante,-20.0247,-43.8239,1550.0,1536.88,high,735.0,1114.3324,81.0389,1536.88,4.23252,2.89973,2.86241,0.68511,1.15277,0.0605,0.0,21.4,1.30091,djf,245.5,5.65017,jja,1.70003,0.40539,0.73864,1.17227,0.74305,154.29412,0.7321,3.9859,1.77281,1.30769,0.0,0.0,0.0,metamorphics,37.22,siliciclastic_sedimentary_rocks,30.62,3.92,0.0688,-14.3355,41.66,17.5575,40.7621,31.9251,2420.5943,3156.4817,19.2861,3.1081,79.0,8.2839
41260000,44.71184120465435,0.0022043965464454106,20.023854596654857,125,1.5124888239999634,pinhoes,-19.705,-43.8147,3928.0,3703.261,high,681.0,988.9686,69.174,3703.261,4.16901,2.93953,2.75793,0.70509,1.18366,0.0605,0.0,21.25,1.34494,djf,239.8,5.77136,jja,1.41421,0.33807,1.44696,1.50596,0.70699,152.36842,0.51719,3.66791,3.01279,2.0,2.56087,12.75,0.0,metamorphics,56.95,siliciclastic_sedimentary_rocks,19.68,4.62,0.056,-14.1691,41.01,17.7939,41.1749,35.2333,2534.6342,2710.6133,33.7225,6.533,79.0,4.1327
41300000,44.83504449007529,0.0,13.201038889063792,125,1.2741603502209358,taquaracu,-19.6536,-43.6875,618.0,622.6836,high,758.0,1018.2229,77.1418,622.6836,4.00183,2.84449,2.89136,0.7108,1.18641,0.06995,0.0,22.65,1.41562,djf,256.35,6.08907,jja,1.30257,0.32656,1.56008,1.89968,0.61462,149.26316,0.2556,3.6791,6.80811,2.39286,20.01787,11.93939,0.0,metamorphics,48.59,acid_plutonic_rocks,39.75,0.0,0.0362,-13.9397,39.8016,17.6132,42.5783,30.1818,2562.2146,2892.4807,5.6054,1.179,0.0,0.0
41380000,44.7501711156742,0.006179259712450291,6.416832182326426,125,1.1323359260672914,ponte_preta,-19.4619,-43.9036,564.0,559.9738,high,648.0,840.5392,52.0606,559.9738,3.6689,2.99305,2.59072,0.81579,1.22184,0.06995,0.0,24.4,1.46547,djf,261.75,6.56838,jja,1.00411,0.27329,1.80891,2.02076,0.52417,143.11111,0.179,3.2864,12.80341,1.80142,29.99224,10.08475,0.0,mixed_sedimentary_rocks,80.4,siliciclastic_sedimentary_rocks,8.92,2.92,0.1162,-14.3541,42.1819,18.7252,39.0862,20.2619,2407.1944,2108.9809,4.2192,1.1512,0.0,0.0
41410000,44.832306639288156,0.00042748091603053435,21.508372161978496,125,2.4204384844499165,jequitiba,-19.2311,-44.0247,7080.0,7094.991,high,624.0,908.1472,60.1042,7094.991,3.94152,2.94405,2.70586,0.74693,1.20046,0.06395,0.0,20.75,1.43103,djf,239.15,6.04678,jja,1.15652,0.29478,1.4666,1.59288,0.68207,153.55556,0.386,3.28746,4.03201,2.75862,0.0,0.0,0.0,metamorphics,38.83,mixed_sedimentary_rocks,30.42,6.33,0.0794,-13.8995,40.5486,18.1655,41.2667,31.2832,2457.5149,2447.2996,22.3734,5.3001,81.0,2.7045
41440005,44.83504449007529,0.0016487542745481192,23.50776179001158,125,1.4590803382781075,represa_jusante,-19.3714,-44.1528,238.0,241.4485,high,681.0,794.6995,37.8567,241.4485,3.50622,3.04568,2.4424,0.86865,1.25719,0.07895,0.0,24.65,1.49848,djf,268.8,6.60442,jja,1.02398,0.29205,1.61649,1.53996,0.69606,158.9,0.2755,2.8666,2.7,1.63636,8.3,12.76923,0.0,mixed_sedimentary_rocks,58.55,metamorphics,22.75,17.49,0.1222,-13.4231,38.4793,18.4701,43.0254,44.5335,2462.3727,2040.6165,21.9939,5.8846,0.0,0.0
41539998,30.414784394250514,0.13106490233144297,18.77365526388675,125,1.3982999917265764,fazenda_da_contagem_-_montante,-19.2917,-44.13,469.0,471.8271,high,647.0,776.9889,38.3906,471.8271,3.4742,3.05919,2.4458,0.88055,1.26541,0.07895,0.0,24.45,1.47734,djf,266.2,6.48477,jja,0.93417,0.26889,1.99118,1.7427,0.69456,159.25,0.2754,2.64264,3.5,1.84211,1.05,10.5,0.0,mixed_sedimentary_rocks,71.42,metamorphics,11.77,11.53,0.1246,-13.2527,39.2494,18.5864,42.1404,35.81,2403.1925,1792.6157,23.6094,6.9241,0.0,0.0
41650002,44.668035592060235,0.0001225865767698437,29.405229295853605,125,2.7571064162199725,ponte_do_licinio_-_jusante,-18.6728,-44.1939,10700.0,10700.89,high,551.0,836.0369,50.4867,10700.89,3.73382,2.9705,2.59315,0.79557,1.22332,0.0716,0.0,20.8,1.41017,djf,237.8,6.28269,jja,1.01711,0.27084,1.60579,1.73098,0.69071,152.0625,0.331,2.9822,3.37579,2.44444,0.0,0.0,0.0,mixed_sedimentary_rocks,50.46,metamorphics,25.83,5.07,0.0948,-13.7084,41.4546,18.5322,39.9955,27.1397,2382.6436,2168.8578,16.7458,4.5107,81.0,2.0389
41685000,44.7501711156742,0.003303762618537779,63.154330811802886,125,2.112661704316583,ponte_do_picao,-18.6042,-44.2847,534.0,823.3358,high,553.0,641.229,23.6057,823.3358,3.19152,3.03763,2.20104,0.95178,1.27168,0.08277,0.0,24.5,1.44543,djf,265.35,7.34025,jja,0.30895,0.09681,2.53177,3.98093,0.51057,145.25,0.0162,1.17852,25.40696,6.5974,124.93421,28.06742,0.0,mixed_sedimentary_rocks,69.13,unconsolidated_sediments,28.1,2.77,0.1466,-13.8122,44.9052,18.0495,37.0432,9.7593,2534.6654,1419.4966,3.634,3.2225,0.0,0.0
41780002,44.83504449007529,0.005556912554958476,9.959308985124704,125,2.361478238444351,presidente_juscelino_-_jusante,-18.645,-44.0506,3980.0,3945.635,high,585.0,1031.7067,70.9964,3945.635,3.59009,3.05184,2.53452,0.85007,1.22118,0.0731,0.0,22.4,1.3913,djf,248.75,6.73207,jja,1.54856,0.43084,2.06755,2.71042,0.49948,142.68421,0.2372,6.4568,24.42355,3.35862,62.63864,10.58475,0.0,siliciclastic_sedimentary_rocks,31.42,mixed_sedimentary_rocks,23.91,5.95,0.1171,-13.4389,45.5242,17.2633,37.1956,31.6022,3122.9277,2514.5864,3.0793,0.5448,458.0,20.5365
41818000,44.83504449007529,0.0018319491939423546,25.820703974534997,125,2.671476924788608,santo_hipolito,-18.3061,-44.2258,16600.0,16679.68,high,527.0,864.0339,53.9487,16679.68,3.62663,2.99286,2.53325,0.82524,1.22652,0.0721,0.0,21.2,1.41806,djf,236.25,6.40244,jja,1.02891,0.27994,1.1476,1.98782,0.64151,147.77778,0.2901,3.3218,7.26335,3.32558,0.50793,2.5,0.0,mixed_sedimentary_rocks,45.33,metamorphics,23.01,6.61,0.1029,-13.7268,42.8294,18.2792,38.8754,26.234,2593.7526,2180.2375,11.941,3.1796,539.0,8.6046
41890000,44.58316221765914,0.00018422991893883567,5.874732166975508,125,1.8581537981780645,estacao_de_curimatai,-17.9964,-44.1775,1420.0,1420.264,high,552.0,904.5215,67.7181,1420.264,3.04327,3.05402,2.20849,1.00353,1.27859,0.08582,0.0,23.55,1.41867,djf,260.0,7.38636,jja,1.20726,0.39815,1.35161,4.15342,0.44151,137.38889,0.0718,5.7345,56.48352,8.05036,177.67828,31.15044,0.0,siliciclastic_sedimentary_rocks,37.09,mixed_sedimentary_rocks,25.05,17.66,0.1359,-13.9193,47.1785,18.3158,34.4955,17.1494,3332.5333,2419.6333,1.2711,0.2885,0.0,0.0
41990000,44.83504449007529,0.00012212994626282364,24.44905792334131,125,2.7587514008727423,varzea_da_palma,-17.5961,-44.7133,26500.0,26613.62,high,492.0,843.7149,52.8741,26613.62,3.44971,3.02091,2.41793,0.8757,1.24201,0.07851,0.0,20.7,1.38926,djf,234.3,7.02549,jja,0.90477,0.2625,1.29907,2.43974,0.6106,149.72222,0.19246,3.05544,9.72992,4.48837,11.444,8.40741,0.0,mixed_sedimentary_rocks,40.2,siliciclastic_sedimentary_rocks,19.63,7.06,0.1217,-13.7191,44.3212,18.2554,37.4092,22.0031,2765.99,2187.0548,8.7949,2.6632,695.0,7.9077
42089998,44.83504449007529,0.06564484611626771,9.39651645041725,125,2.8560447722456748,fazenda_espirito_santo,-17.2803,-44.2169,4350.0,4362.933,high,585.0,799.211,44.1843,4362.933,2.92827,3.03758,2.23388,1.03733,1.30572,0.0975,0.0,25.1,1.52584,djf,261.0,8.20755,jja,0.5283,0.18041,2.08371,4.02593,0.48282,142.05,0.027,2.3068,54.3,12.48276,163.9,39.02381,0.0,carbonate_sedimentary_rocks,55.17,siliciclastic_sedimentary_rocks,20.12,55.17,0.1259,-12.5119,45.1238,18.4738,36.3891,13.0649,2746.9029,2148.2076,2.0563,1.0664,0.0,0.0
42100000,30.43668720054757,0.007196186021408654,4.13995778203319,125,0.33321171295886304,claro_dos_pocoes,-17.0911,-44.2414,532.0,534.8029,high,613.0,874.9717,56.052,534.8029,2.88553,3.18258,2.19129,1.10295,1.3229,0.12577,0.0,25.7,1.45609,djf,274.9,8.4196,jja,0.55088,0.19239,-0.15399,2.77581,0.33521,133.11765,0.0357,1.8002,37.86467,3.61836,178.0499,27.51562,0.0,carbonate_sedimentary_rocks,83.27,unconsolidated_sediments,12.92,83.27,0.0874,-12.5783,42.3176,19.7957,37.8688,8.6157,2825.1096,3061.2978,6.2928,3.1296,0.0,0.0
42187000,39.00068446269678,0.0,108.97149275084169,125,1.7929288407385287,ponte_dos_ciganos,-16.4669,-44.3761,1310.0,1308.911,high,704.0,850.5176,29.6083,1308.911,2.83096,3.13468,2.24022,1.10729,1.30598,0.1323,0.0,24.8,1.49849,djf,269.1,8.48896,jja,0.32242,0.11389,1.2108,1.54307,0.57409,153.9,0.0743,0.9735,8.5,3.33333,7.35,16.33333,0.0,carbonate_sedimentary_rocks,62.85,unconsolidated_sediments,20.84,62.85,0.1141,-12.2393,44.6857,17.8374,37.4652,8.9823,2752.1594,2195.9241,3.6552,3.106,0.0,0.0
42210000,44.83504449007529,0.0018319491939423546,134.00261202185544,125,2.7910327244482995,cachoeira_da_manteiga,-16.6572,-45.0808,107000.0,107767.4,high,477.0,796.0062,42.3179,107767.4,3.59402,3.04368,2.44562,0.84687,1.2171,0.08829,0.0,16.6,1.48214,djf,212.1,6.5463,jja,0.90891,0.25653,1.13274,1.04273,0.80099,159.05263,0.4402,2.25456,0.0,0.0,0.0,0.0,0.0,mixed_sedimentary_rocks,26.44,siliciclastic_sedimentary_rocks,19.6,7.62,0.1291,-13.4655,43.8049,17.4973,38.6749,15.4828,2627.2839,1952.4229,8.2205,2.4779,22858.0,63.9347
42250000,44.83504449007529,0.0,70.32390334403618,125,0.998512672661941,fazenda_limoeiro,-17.915,-47.0108,464.0,465.9088,high,596.0,752.2243,58.4018,465.9088,3.95943,3.10439,2.42836,0.78405,1.21051,0.11667,0.0,23.75,1.41369,djf,254.35,5.94276,jja,1.35589,0.34245,2.02055,2.01766,0.68805,166.95,0.2806,4.1141,3.95,1.79545,16.15,14.68182,0.0,metamorphics,86.3,unconsolidated_sediments,10.14,0.0,0.0379,-13.0,42.9853,17.5183,39.4729,11.8651,3091.6467,1757.6381,21.8158,4.4081,0.0,0.0
42255000,30.39835728952772,0.014500585427361974,76.35706308616267,125,1.2189940043806995,fazenda_nolasco,-17.2292,-47.0222,248.0,247.915,high,623.0,787.67,46.5649,247.915,3.84818,3.17901,2.4642,0.82611,1.20828,0.11765,0.0,24.15,1.37607,djf,255.15,6.22317,jja,1.10341,0.28805,1.4083,2.3091,0.65704,164.65,0.1819,3.58484,8.51866,2.2973,31.46893,20.93333,0.0,metamorphics,74.93,unconsolidated_sediments,25.07,0.0,0.0624,-13.0,43.6308,18.1781,38.1519,8.0909,2746.6838,2359.2528,39.3996,9.7828,0.0,0.0
42257000,39.10746064339494,0.0,132.17910913595637,125,2.250732093195592,barra_do_escurinho,-17.5125,-46.6461,2000.0,2020.186,high,535.0,696.8417,41.0799,2020.186,3.90939,3.1635,2.46527,0.80921,1.20813,0.11745,0.0,21.7,1.38217,djf,243.2,6.21201,jja,1.12246,0.28863,2.69224,2.27686,0.70645,171.15789,0.1907,3.1888,5.69894,9.16667,25.43798,19.64,0.0,metamorphics,71.0,unconsolidated_sediments,25.31,0.0,0.0691,-12.9808,43.7608,17.9067,38.3063,9.4262,2905.3139,1798.7242,38.4896,9.3946,0.0,0.0
42290000,44.83504449007529,0.008671226184660479,88.96280113291736,125,2.8848706850472356,ponte_da_br-040_-_paracatu,-17.5025,-46.5711,7750.0,7787.908,high,521.0,679.8433,36.7191,7787.908,3.89985,3.12982,2.41409,0.80255,1.20746,0.1136,0.0,20.65,1.44912,djf,232.45,6.05339,jja,1.07302,0.27511,2.69386,2.7189,0.63915,162.8,0.1754,3.9599,8.0511,6.70833,34.3547,14.61702,0.0,metamorphics,47.53,unconsolidated_sediments,29.24,1.93,0.1072,-13.1113,43.8993,18.1813,37.9046,12.9493,3005.1517,1331.6209,24.0804,6.1484,0.0,0.0
42395000,44.83504449007529,0.0,95.80259478848205,125,2.687181525597326,santa_rosa,-17.255,-46.4728,12800.0,12913.24,high,515.0,698.8156,33.9273,12913.24,3.86699,3.11715,2.39581,0.80609,1.20155,0.11253,0.0,20.55,1.42215,djf,229.8,6.16086,jja,1.07663,0.27989,2.26228,2.48094,0.65882,166.78947,0.2071,3.94932,6.70415,10.23077,22.48158,11.73684,0.0,metamorphics,31.0,unconsolidated_sediments,29.45,2.03,0.1324,-13.1923,44.8446,17.6617,37.4787,12.6036,3005.7969,1242.8244,22.1794,5.644,0.0,0.0
42440000,44.23545516769336,0.017144271832642197,59.41494219213871,125,0.9216246761756566,fazenda_pocoes,-17.0417,-46.8186,551.0,557.8229,high,569.0,769.5555,51.8748,557.8229,3.8511,3.19291,2.42344,0.82909,1.2012,0.12308,0.0,21.85,1.36991,djf,251.05,6.42894,jja,1.30338,0.34476,1.08886,2.32102,0.62856,165.0625,0.2181,5.18584,16.32636,3.21649,36.47267,14.22449,0.0,metamorphics,76.9,unconsolidated_sediments,13.1,0.0,0.0558,-12.9531,41.6481,18.5156,39.8224,9.5411,2816.5016,2095.5389,39.3996,8.2819,0.0,0.0
42490000,44.83504449007529,0.0,106.8137034265174,125,1.5664519063823088,unai,-16.3494,-46.88,5360.0,5316.796,high,563.0,877.576,32.3794,5316.796,3.64519,3.12825,2.33382,0.85818,1.16366,0.1457,0.0,19.95,1.25472,djf,231.4,6.71698,jja,1.13885,0.31339,2.53642,1.66599,0.70792,177.82353,0.20038,3.3216,0.20676,4.0,23.51949,16.25,0.0,mixed_sedimentary_rocks,54.04,unconsolidated_sediments,29.51,0.0,0.1693,-12.9661,41.764,17.4953,40.7335,10.3839,3705.8124,1896.0726,20.37,4.9004,654.0,29.5915
42540000,30.401095140314855,0.04061599423631124,82.4351318552131,125,1.8955793669829137,santo_antonio_do_boqueirao,-16.5292,-46.7231,,5868.841,high,550.0,854.828,32.7451,5868.841,3.6446,3.13032,2.32425,0.85889,1.16675,0.1457,0.0,19.4,1.27632,djf,230.3,6.69477,jja,1.104,0.30557,2.74161,1.77765,,171.11765,0.2048,3.1856,2.41957,7.66667,22.82812,19.72727,0.0,mixed_sedimentary_rocks,55.92,unconsolidated_sediments,26.75,0.0,0.1686,-12.9693,41.8837,17.8772,40.2314,10.2124,3602.9945,1846.0878,21.7564,5.3992,654.0,27.6545
42546000,44.83504449007529,0.03682217879824133,8.47097550017597,125,0.3585778396830649,fazenda_santa_cruz,-16.1347,-46.7456,553.0,563.5296,high,663.0,817.6544,34.1302,563.5296,3.58964,3.14637,2.33569,0.87652,1.23409,0.1436,0.0,21.95,1.35494,djf,253.15,6.91667,jja,1.09231,0.30219,1.96869,2.31098,0.51479,155.70588,0.1826,3.96667,17.78932,1.80105,39.7157,19.2,0.0,mixed_sedimentary_rocks,62.52,unconsolidated_sediments,16.38,13.66,0.1797,-13.0,44.7145,18.2667,37.0032,8.1359,3475.5219,1680.5983,30.8606,7.7404,0.0,0.0
42690001,44.83504449007529,0.0018319491939423546,127.01606219356238,125,2.331540821661111,porto_da_extrema,-17.0303,-46.0136,30100.0,30197.51,high,493.0,702.6361,30.9411,30197.51,3.70981,3.15612,2.3466,0.85075,1.2046,0.12534,0.0,18.05,1.38314,djf,221.35,6.81077,jja,0.93121,0.24984,2.71858,2.59703,0.68345,162.94118,0.1398,3.0893,3.77988,12.16667,37.38453,16.40909,0.0,unconsolidated_sediments,38.43,mixed_sedimentary_rocks,24.41,1.57,0.1582,-13.0062,44.979,18.0565,36.9525,10.6889,3199.6322,1122.5672,23.9679,7.0516,654.0,6.3718
42750000,30.42299794661191,0.01745860331173506,82.1995278562041,125,2.5545878950764718,caatinga,-17.1433,-45.8803,33500.0,33528.03,high,493.0,696.6052,30.8435,33528.03,3.6844,3.16096,2.34005,0.85793,1.20724,0.12534,0.0,18.2,1.38403,djf,222.2,6.78473,jja,0.87495,0.23716,2.65852,2.46993,0.67753,165.33333,0.1445,2.9325,4.00038,13.16667,29.01542,22.03846,0.0,unconsolidated_sediments,38.44,mixed_sedimentary_rocks,22.09,1.89,0.1619,-12.9901,45.5406,17.9535,36.4944,11.163,3183.0569,1143.019,22.7559,7.1255,654.0,6.1079
42840000,44.83504449007529,0.0007938446507083537,32.51625242751456,125,0.8196199572986035,veredas,-18.1392,-45.7589,210.0,202.8134,high,769.0,887.1512,33.8315,202.8134,3.75242,3.11332,2.39676,0.82968,1.1879,0.1023,0.0,24.7,1.40741,djf,261.3,6.18462,jja,1.41823,0.37944,1.33872,1.65619,0.64697,161.1,0.4085,3.99937,7.06257,1.56667,1.20214,2.4,0.0,unconsolidated_sediments,46.25,siliciclastic_sedimentary_rocks,45.17,0.0,0.1949,-13.8542,43.9397,14.9392,41.0792,15.5626,3143.6709,2204.0118,10.5732,2.0425,0.0,0.0
42930000,30.811772758384667,0.05944553047805225,82.8793325546119,125,1.928654706095239,porto_do_cavalo,-17.0306,-45.5394,40900.0,40965.95,high,485.0,700.6464,30.0413,40965.95,3.63854,3.16912,2.31911,0.87099,1.20886,0.12395,0.0,18.3,1.41313,djf,222.4,6.90683,jja,0.94127,0.25582,2.25198,2.62823,0.68008,166.05882,0.1589,3.12613,3.07277,10.0,30.72771,17.14286,0.0,unconsolidated_sediments,35.45,siliciclastic_sedimentary_rocks,26.04,1.7,0.1677,-13.1113,46.5067,17.5767,35.9057,11.5256,3134.5847,1203.9468,20.3994,5.9376,654.0,4.6467
43200000,44.83504449007529,0.0018319491939423546,143.04792547689266,125,3.1189793839616478,sao_romao__(pcd),-16.3719,-45.0664,154100.0,155090.2,high,480.0,763.1704,38.179,155090.2,3.58241,3.08676,2.39974,0.86164,1.22365,0.09901,0.0,16.3,1.48182,djf,209.45,7.00502,jja,0.8826,0.24637,1.77389,1.30799,0.77313,160.8,0.37696,2.339,0.2,4.0,0.0,0.0,0.0,mixed_sedimentary_rocks,23.6,unconsolidated_sediments,23.26,5.83,0.1422,-13.3502,44.9491,17.4674,37.5646,14.1265,2781.4361,1708.0936,11.2144,3.4811,23512.0,47.0595
43300000,44.83504449007529,0.0003053248656570591,48.18700558719995,125,1.2466390572063537,fazenda_carvalho,-15.5242,-46.2844,3160.0,3125.494,high,536.0,883.7792,46.9011,3125.494,3.50887,3.22637,2.32405,0.91949,1.18141,0.1641,0.0,20.35,1.26398,djf,238.45,7.45156,jja,1.19712,0.34324,1.81958,2.77231,0.63349,170.8,0.1759,3.7959,4.00878,1.90476,39.28605,20.63158,0.0,siliciclastic_sedimentary_rocks,48.53,unconsolidated_sediments,40.96,3.05,0.1985,-13.0,46.3567,16.8214,36.8151,9.5948,3653.7044,2099.0444,7.8368,1.7935,0.0,0.0
43670000,44.668035592060235,0.013116763714373276,99.71076862118507,125,2.7234270696627676,vila_urucuia,-16.1331,-45.7417,18600.0,18425.53,high,490.0,756.9724,37.9646,18425.53,3.34152,3.21468,2.35658,0.96204,1.22316,0.15217,0.0,19.85,1.35034,djf,234.85,8.41756,jja,0.88055,0.26362,2.23511,3.06428,0.62967,161.85,0.1094,2.9976,6.25086,11.36364,54.40745,32.0,0.0,siliciclastic_sedimentary_rocks,44.8,unconsolidated_sediments,42.24,2.35,0.198,-12.7037,48.0878,17.6705,34.2369,10.8931,3352.2011,1476.69,8.7578,2.7249,22.0,0.3715
43675000,39.08555783709788,0.11151583076492015,3.869463040789865,125,0.6776864223821011,fazenda_conceicao,-16.4289,-45.7403,2300.0,2281.457,high,531.0,783.4214,29.1961,2281.457,3.29619,3.24899,2.18034,0.98568,1.23377,0.13606,0.0,23.4,1.45342,djf,252.6,7.5403,jja,0.9812,0.29517,2.19814,2.65595,0.43766,143.73684,0.1371,3.3249,24.84349,2.13043,81.2737,20.0375,0.0,siliciclastic_sedimentary_rocks,43.75,unconsolidated_sediments,33.03,7.23,0.1905,-12.9855,48.1135,16.7766,35.0991,11.6601,3505.7253,1721.8306,24.2901,6.7823,0.0,0.0
43880000,44.668035592060235,0.003555010726325467,104.75580335815066,125,2.3503364970630716,santo_inacio,-16.2811,-45.4142,23800.0,23604.39,high,482.0,737.071,34.9727,23604.39,3.2962,3.22419,2.3169,0.97815,1.22967,0.15083,0.0,19.8,1.34694,djf,234.8,8.52269,jja,0.81114,0.24116,1.96754,3.07114,0.63983,162.8125,0.1117,2.7237,3.01944,11.8,48.61812,25.67568,0.0,siliciclastic_sedimentary_rocks,45.9,unconsolidated_sediments,41.66,2.61,0.1978,-12.6891,48.9622,17.4549,33.5786,10.734,3340.3653,1421.6703,11.0557,3.7342,22.0,0.3148
44200000,44.83504449007529,0.0,132.33961060989017,125,3.32423495067178,sao_francisco,-15.9494,-44.8678,184000.0,185185.0,high,456.0,753.1855,37.0516,185185.0,3.52098,3.11127,2.38377,0.88364,1.22893,0.10731,0.0,15.25,1.46635,djf,208.75,7.12457,jja,0.84822,0.2409,1.55249,1.48197,0.75335,160.55,0.3455,2.35746,1.05,10.5,0.0,0.0,0.0,unconsolidated_sediments,26.32,siliciclastic_sedimentary_rocks,25.88,5.87,0.1504,-13.2348,45.7641,17.4397,36.7795,13.4706,2867.587,1634.4543,11.0905,3.5822,23534.0,41.0479
44250000,44.83504449007529,0.003724963361016121,222.07536865975013,125,2.8597854798807987,usina_do_pandeiros_montante,-15.4831,-44.7681,3230.0,3231.536,high,506.0,690.1646,22.465,3231.536,3.01484,3.32136,2.2862,1.10167,1.24459,0.1653,0.0,23.95,1.56026,djf,263.4,9.35702,jja,0.52622,0.17454,0.67694,1.0824,0.80998,166.2,0.2698,1.1242,0.0,0.0,0.0,0.0,0.0,siliciclastic_sedimentary_rocks,72.99,unconsolidated_sediments,23.62,0.23,0.1911,-11.0393,58.1214,14.3794,27.499,8.7833,3066.8514,2146.734,1.2395,0.6453,0.0,0.0
44290002,44.83504449007529,0.02277723497801661,150.09409411071695,125,3.144066723616024,pedras_de_maria_da_cruz,-15.6011,-44.3967,194000.0,196049.6,high,456.0,746.4833,36.2591,196049.6,3.48522,3.12148,2.37419,0.89563,1.23136,0.10979,0.0,15.3,1.47826,djf,209.1,7.29843,jja,0.85763,0.2445,2.34506,1.449,0.76521,163.52632,0.3733,2.2898,0.80529,16.0,0.0,0.0,0.0,siliciclastic_sedimentary_rocks,27.1,unconsolidated_sediments,26.44,5.83,0.1521,-13.155,46.22,17.3787,36.3854,13.1896,2878.354,1630.667,10.678,3.4111,23534.0,38.3474
44500000,44.83504449007529,0.0018319491939423546,153.58785820336487,125,3.9669134340732666,manga,-14.7572,-43.9322,202000.0,204924.4,high,446.0,741.2066,35.7514,204924.4,3.44543,3.12653,2.36453,0.90744,1.23399,0.11187,0.0,15.35,1.49029,djf,209.35,7.28174,jja,0.78228,0.22705,1.74588,1.69519,0.76254,162.55,0.3139,2.12542,0.0,0.0,0.0,0.0,0.0,siliciclastic_sedimentary_rocks,26.81,unconsolidated_sediments,26.68,6.05,0.1531,-13.1439,46.3504,17.3861,36.248,12.981,2890.1125,1616.7654,10.952,3.8357,23534.0,40.2206
44540000,31.60848733744011,0.0,10.123811133887205,125,2.0653487830282615,fazenda_bom_retiro,-14.6514,-44.0925,624.0,630.1869,high,478.0,634.7589,27.1835,630.1869,2.59721,3.30213,2.06763,1.27141,1.28683,0.1726,0.0,25.9,1.64968,djf,279.75,9.48305,jja,0.23964,0.09227,1.58156,0.80014,0.73673,156.8,0.1194,0.51658,3.25,5.0,0.0,0.0,0.0,mixed_sedimentary_rocks,35.6,siliciclastic_sedimentary_rocks,27.37,16.24,0.1667,-12.696,48.3758,18.1032,33.5247,8.3208,2387.4268,2408.4913,6.9151,7.9056,0.0,0.0
44670000,44.7501711156742,0.0009788926277148975,22.39768779734584,125,3.162355253417307,colonia_do_jaiba,-15.3431,-43.6756,12200.0,12264.69,high,471.0,662.9424,31.2099,12264.69,2.5641,3.16474,2.09152,1.23425,1.34769,0.13963,0.0,24.95,1.59936,djf,267.2,9.42504,jja,0.09303,0.03628,3.86609,4.13014,0.46433,160.65,0.001,0.3052,38.4,26.48276,148.95,43.80882,8e-05,carbonate_sedimentary_rocks,49.18,unconsolidated_sediments,20.78,49.18,0.1228,-12.815,44.7838,18.404,36.7997,8.8862,2877.9009,1492.8072,12.7635,37.5885,45.0,10.8054
45131000,44.83504449007529,0.0018319491939423546,291.1342304180533,125,1.827200084311185,sao_goncalo,-14.3136,-44.4594,6020.0,6069.801,high,488.0,753.9767,23.3905,6069.801,3.2002,3.27618,2.28465,1.02374,1.19994,0.1762,0.0,21.2,1.40864,djf,247.95,9.3566,jja,0.87389,0.27307,0.32388,0.81565,0.8664,171.05,0.5365,1.6068,0.0,0.0,0.0,0.0,0.0,siliciclastic_sedimentary_rocks,75.74,unconsolidated_sediments,19.04,3.31,0.1903,-11.1907,55.3466,15.2331,29.4365,9.3054,3304.5909,1708.9285,6.9787,2.1879,0.0,0.0
45170001,44.83504449007529,0.0018319491939423546,387.46383764084095,125,2.4809219954256934,fazenda_porto_alegre,-14.2642,-44.5225,5850.0,5823.409,high,505.0,733.8583,21.3994,5823.409,3.0766,3.28715,2.07297,1.06844,1.17138,0.18705,0.0,21.7,1.40453,djf,250.25,9.18349,jja,0.83064,0.26998,0.44892,0.50781,0.91826,175.9,0.6193,1.2236,0.0,0.0,0.0,0.0,0.0,siliciclastic_sedimentary_rocks,94.52,mixed_sedimentary_rocks,4.24,0.0,0.1904,-10.6441,57.2849,14.6516,28.0734,9.6207,3178.0002,1631.7373,9.8905,3.2622,0.0,0.0
45210000,44.83504449007529,0.0018319491939423546,290.56831111569494,125,2.464367299831587,lagoa_das_pedras,-14.2808,-44.4097,12600.0,12581.74,high,469.0,738.2499,22.5424,12581.74,3.11357,3.28203,2.17176,1.05411,1.19177,0.18163,0.0,21.55,1.35962,djf,246.8,9.47409,jja,0.8057,0.25877,0.28075,0.65905,0.8921,173.4,0.5412,1.3671,0.0,0.0,0.0,0.0,0.0,siliciclastic_sedimentary_rocks,81.66,unconsolidated_sediments,9.82,2.03,0.1896,-11.0688,56.028,15.0908,28.8935,9.3903,3191.0535,1704.57,8.3254,2.831,0.0,0.0
45220000,44.7501711156742,0.0,279.8887559576029,125,1.804167817569302,capitânea,-14.4236,-44.4831,2380.0,2372.74,high,519.0,736.4572,20.0265,2372.74,2.90315,3.33387,2.23035,1.14836,1.24111,0.1816,0.0,24.55,1.54403,djf,266.75,9.59532,jja,0.35408,0.12197,0.60029,0.97747,0.84013,168.9,0.168,0.6737,0.05,1.0,0.0,0.0,0.0,siliciclastic_sedimentary_rocks,50.53,unconsolidated_sediments,47.38,0.04,0.2026,-11.6556,56.97,14.1464,28.8933,9.6355,3063.3866,2168.3643,1.7996,1.3925,0.0,0.0
45260000,44.7501711156742,0.007341694707861731,296.2678565560831,125,2.6297044764259927,juvenilia,-14.26,-44.1522,16300.0,16284.56,high,449.0,723.8371,22.3834,16284.56,3.03791,3.29146,2.17385,1.08346,1.2062,0.18163,0.0,21.55,1.4085,djf,248.75,9.64147,jja,0.67705,0.22231,0.43928,0.70022,0.87984,172.47368,0.434,1.16413,0.0,0.0,0.0,0.0,0.0,siliciclastic_sedimentary_rocks,71.3,unconsolidated_sediments,15.47,3.51,0.1882,-11.3704,55.3277,15.3309,29.3511,9.345,3115.1169,1764.5655,6.9231,2.8015,0.0,0.0
45298000,44.58316221765914,0.0,159.34462253910115,125,3.5915327504978753,carinhanha,-14.3042,-43.7631,254000.0,256995.2,high,442.0,723.8026,34.2766,256995.2,3.26462,3.14539,2.30227,0.96348,1.24717,0.12134,0.0,15.35,1.49029,djf,210.9,7.88411,jja,0.68242,0.20904,1.25901,1.52385,0.77101,163.8,0.2859,1.764,0.9,18.0,0.0,0.0,0.0,siliciclastic_sedimentary_rocks,27.0,unconsolidated_sediments,26.56,7.86,0.1525,-13.0511,47.1217,17.3801,35.4855,12.028,2928.6941,1572.6995,11.1407,4.4727,24486.0,38.2514
45480000,44.58316221765914,0.00036845983787767134,181.16280130447646,125,3.3703815960422157,bom_jesus_da_lapa,-13.2572,-43.435,271000.0,275269.1,high,428.0,712.6603,33.4655,275269.1,3.19171,3.15645,2.27388,0.98895,1.25064,0.12409,0.0,15.1,1.49505,djf,212.2,8.14587,jja,0.64015,0.19848,1.57404,1.63041,0.78739,163.75,0.2821,1.6062,0.0,0.0,0.0,0.0,0.0,unconsolidated_sediments,26.11,siliciclastic_sedimentary_rocks,25.44,7.74,0.1499,-13.0995,47.1998,17.524,35.2644,11.8051,2943.4363,1490.7676,10.943,4.6835,24581.0,38.2182
45590000,44.58316221765914,0.0,344.2899371192295,125,1.6183517714490838,correntina,-13.3406,-44.6386,3900.0,3880.309,high,576.0,794.4623,13.9213,3880.309,3.05734,3.32237,2.20388,1.08669,0.80785,0.2076,0.0,19.95,1.33893,djf,241.5,7.89216,jja,0.67516,0.22083,0.38531,0.55539,0.92814,177.3,0.5086,0.9489,0.0,0.0,0.0,0.0,0.0,siliciclastic_sedimentary_rocks,94.17,unconsolidated_sediments,4.43,0.0,0.1889,-10.5535,55.961,14.1575,29.8704,11.735,3272.3747,795.6488,4.3157,1.7513,0.0,0.0
45770000,44.58316221765914,0.0,329.1482077332069,125,0.48700870220429643,arrojado,-13.4528,-44.5689,5540.0,5680.924,high,491.0,797.5399,15.9447,5680.924,3.12076,3.3054,2.18377,1.05917,0.83259,0.20345,0.0,19.4,1.32877,djf,241.1,8.22867,jja,0.84705,0.27119,0.43299,0.45051,0.92164,175.63158,0.6539,1.1912,0.0,0.0,0.0,0.0,0.0,siliciclastic_sedimentary_rocks,95.03,metamorphics,3.67,0.0,0.1836,-10.6722,55.292,15.0284,29.6767,11.8054,3182.6457,800.8751,13.0357,4.2163,0.0,0.0
45840000,44.58316221765914,6.140997297961189e-05,453.7173277041004,125,2.2732918529007167,gatos,-13.7122,-44.6383,7130.0,7047.743,high,602.0,790.0161,16.1402,7047.743,3.14489,3.26755,2.17667,1.039,1.03126,0.19723,0.0,20.8,1.34628,djf,245.65,8.71099,jja,0.89752,0.28531,0.60951,0.54593,0.92637,177.25,0.6696,1.2652,0.0,0.0,0.0,0.0,0.0,siliciclastic_sedimentary_rocks,95.48,unconsolidated_sediments,4.44,0.0,0.1912,-10.5226,56.2869,14.6137,29.1103,11.4206,3100.1378,1271.4309,17.6101,5.3756,0.0,0.0
45880000,44.58316221765914,0.0,369.5572851694562,125,1.8990889652277392,colonia_do_formoso,-13.5586,-44.3031,9550.0,9453.065,high,459.0,762.8481,18.1714,9453.065,3.01617,3.27118,2.13772,1.08455,1.06584,0.1955,0.0,20.4,1.37838,djf,245.9,9.14126,jja,0.68521,0.22746,0.65862,0.55163,0.9159,175.15,0.5048,1.0046,0.0,0.0,0.0,0.0,0.0,siliciclastic_sedimentary_rocks,84.26,mixed_sedimentary_rocks,5.55,3.17,0.1828,-10.9058,55.1274,15.2288,29.6499,11.3441,2952.1165,1468.9384,15.5884,6.2329,0.0,0.0
45910001,44.58316221765914,0.0,305.6003635410235,125,1.9776454027166077,santa_maria_da_vitoria,-13.4006,-44.1989,29600.0,29484.01,high,439.0,764.7686,16.4804,29484.01,3.00219,3.28679,2.21439,1.0948,0.9212,0.20274,0.0,19.1,1.35461,djf,238.15,9.07238,jja,0.55869,0.18609,0.5626,0.62724,0.90906,174.9,0.3937,0.8529,0.0,0.0,0.0,0.0,0.0,siliciclastic_sedimentary_rocks,86.73,mixed_sedimentary_rocks,5.37,1.72,0.1843,-10.8992,55.2984,14.8507,29.8426,11.1769,3074.5408,1182.0987,10.8187,5.3053,0.0,0.0
45960001,44.24914442162902,0.0,299.2694251159829,125,2.350408729308149,porto_novo,-13.2914,-43.9089,31000.0,30996.37,high,439.0,756.7392,17.041,30996.37,2.98226,3.28593,2.21318,1.10183,0.9341,0.20172,0.0,19.2,1.35211,djf,238.8,9.13193,jja,0.55661,0.18664,0.52087,0.65572,0.89855,173.8,0.3795,0.88222,0.0,0.0,0.0,0.0,0.0,siliciclastic_sedimentary_rocks,83.24,mixed_sedimentary_rocks,7.54,2.75,0.1823,-11.0325,54.7418,15.1257,30.124,11.0507,3038.5572,1212.3693,11.3954,5.609,0.0,0.0
46035000,44.58316221765914,0.0,210.29705105833946,125,4.499057666647815,gameleira,-12.8686,-43.3797,309000.0,312707.1,high,422.0,713.4802,31.5155,312707.1,3.15632,3.17283,2.26344,1.00523,1.2441,0.13236,0.0,14.85,1.49246,djf,209.95,8.31485,jja,0.62116,0.1968,1.77861,1.47625,0.79978,166.7,0.2806,1.4909,0.0,0.0,0.0,0.0,0.0,siliciclastic_sedimentary_rocks,30.88,unconsolidated_sediments,24.09,7.2,0.1538,-12.9093,47.9227,17.3347,34.7309,11.6466,2956.7764,1431.4426,11.0785,4.8863,24581.0,34.6707
46105000,44.375085557837096,0.0,191.4765998156564,125,3.4571822341626453,paratinga,-12.6967,-43.2264,314000.0,321332.3,high,423.0,708.4586,31.2881,321332.3,3.1339,3.17732,2.25866,1.01385,1.24302,0.13352,0.0,14.9,1.51269,djf,209.85,8.27811,jja,0.59585,0.19013,1.96713,1.45475,0.79438,166.55,0.2743,1.46918,0.0,0.0,0.0,0.0,0.0,siliciclastic_sedimentary_rocks,30.23,unconsolidated_sediments,24.71,7.02,0.1541,-12.927,47.9285,17.4119,34.6482,11.5506,2960.8019,1402.6135,11.066,5.0881,24581.0,35.1732
46360000,44.58316221765914,0.0,188.63173606615896,125,3.4934810907959952,morpara,-11.5583,-43.2825,345000.0,351975.4,high,433.0,707.6151,32.8834,351975.4,3.04669,3.19112,2.23215,1.04741,1.24045,0.13494,0.0,14.65,1.53403,djf,210.2,8.27559,jja,0.53825,0.17659,2.05439,1.37621,0.80004,169.0,0.2606,1.28822,0.65027,13.0,0.0,0.0,0.0,siliciclastic_sedimentary_rocks,28.38,unconsolidated_sediments,25.03,6.46,0.1491,-12.974,48.2032,17.5394,34.2478,11.2265,2971.9048,1430.496,10.347,5.2667,24602.0,35.5782
46455000,44.58316221765914,0.001105379513633014,302.45165304096616,125,1.5007007543057822,derocal,-12.4106,-45.1222,6350.0,6270.943,high,529.0,796.1852,9.7729,6270.943,3.28929,3.29381,2.35613,1.00137,0.00491,0.2405,0.0,18.05,1.2363,djf,231.95,7.34019,jja,0.65993,0.2006,0.69492,0.67479,0.91338,178.6,0.4456,0.9841,0.0,0.0,0.0,0.0,0.0,siliciclastic_sedimentary_rocks,93.25,unconsolidated_sediments,6.49,0.26,0.1916,-10.5266,52.3959,15.3236,32.2776,11.0533,3550.0601,506.5021,21.4111,8.889,19.0,1.2579
46570000,44.58316221765914,0.0014738393515106854,205.58183204090378,125,2.0508183044993062,ponte_serafim_-_montante,-11.8953,-45.6081,2710.0,2691.486,high,725.0,807.5257,5.9726,2691.486,3.60609,3.28205,2.24697,0.91014,0.04109,0.2709,0.0,18.5,1.27148,djf,233.85,6.86784,jja,0.43081,0.11988,0.89945,1.35577,0.82334,178.05263,0.176,0.8373,0.0,0.0,0.25308,2.5,0.0,siliciclastic_sedimentary_rocks,92.7,unconsolidated_sediments,7.3,0.0,0.1922,-10.5226,48.947,16.6351,34.4242,11.7185,4368.7418,270.9509,47.6741,30.3184,8.0,1.8903
46610000,44.58316221765914,0.00036845983787767134,327.67596332978,125,1.9817531947547689,sao_sebastiao,-11.9794,-44.8772,33100.0,32877.42,high,447.0,759.5684,14.8733,32877.42,3.11801,3.33063,2.31831,1.06819,0.50877,0.23659,0.0,17.35,1.28519,djf,227.45,8.09431,jja,0.46791,0.15251,0.45115,0.76802,0.90469,176.88889,0.3118,0.7254,0.0,0.0,0.25214,5.0,1e-05,siliciclastic_sedimentary_rocks,90.64,unconsolidated_sediments,4.64,3.18,0.1872,-10.6521,54.1385,15.1832,30.6685,10.5509,3298.9801,795.4892,26.8653,15.7302,27.0,0.4809
46650000,44.58316221765914,0.0,278.00179846567926,125,2.6186222248655437,tagua,-11.7208,-44.5022,36000.0,35821.92,high,434.0,741.559,16.0175,35821.92,3.08838,3.33331,2.31733,1.07931,0.55608,0.23576,0.0,17.65,1.27899,djf,228.85,8.07231,jja,0.43044,0.13882,0.51507,0.80061,0.89702,178.6,0.2788,0.7004,0.0,0.0,0.31191,6.0,1e-05,siliciclastic_sedimentary_rocks,84.44,unconsolidated_sediments,8.74,4.02,0.1872,-10.8088,53.6006,15.5492,30.8395,10.3712,3285.7082,781.8371,25.6209,16.3076,27.0,0.4797
46770000,44.58316221765914,0.0,241.4531994502243,125,2.4400456339072414,fazenda_bom_jardim,-10.9936,-45.5278,6930.0,6926.2,high,508.0,737.5377,16.353,6926.2,3.09714,3.4777,2.22647,1.12287,0.34003,0.2813,0.0,20.4,1.37838,djf,237.4,7.00295,jja,0.40406,0.13046,0.02761,0.53017,0.91863,178.3,0.3068,0.588,0.0,0.0,0.0,0.0,0.0,siliciclastic_sedimentary_rocks,98.69,unconsolidated_sediments,1.31,0.0,0.1904,-10.52,53.652,14.8646,31.4725,11.5131,3700.2618,289.406,4.0988,2.7792,0.0,0.0
46830000,44.58316221765914,0.04716285924834193,84.4738910957995,125,2.4759735841617116,ibipetuba,-11.0058,-44.5242,17900.0,18301.11,high,441.0,696.4222,21.0603,18301.11,3.00742,3.42827,2.26637,1.13994,0.55569,0.266,0.0,19.5,1.35417,djf,232.7,7.55519,jja,0.44669,0.14853,0.31243,0.55824,0.90424,180.05,0.3312,0.6828,0.0,0.0,0.0,0.0,0.0,siliciclastic_sedimentary_rocks,75.33,unconsolidated_sediments,9.61,1.29,0.1734,-11.2974,53.1532,15.4755,31.3646,10.7515,3396.2799,758.6876,3.986,2.4447,0.0,0.0
46902000,44.58316221765914,0.0,233.47035259070591,125,2.484543373028084,boqueirao,-11.345,-43.8261,65900.0,46360.12,high,412.0,680.6737,14.9748,46360.12,2.95713,3.35988,2.28724,1.1362,0.65667,0.22797,0.0,17.95,1.33955,djf,230.15,8.4614,jja,0.50098,0.16923,0.49713,0.8653,0.91114,179.6,0.3387,0.76016,0.0,0.0,0.0,0.0,0.0,siliciclastic_sedimentary_rocks,65.91,unconsolidated_sediments,24.48,4.77,0.1905,-11.2915,52.6747,16.3109,31.0081,9.9041,3385.8402,547.8988,20.3429,11.1249,27.0,0.3185
47480000,30.496919917864478,0.0035012119579854563,37.530603969689246,125,2.5085619829152024,jaguaraci,-10.9017,-41.5703,9330.0,9270.728,high,441.0,871.9581,30.5002,9270.728,1.6183,3.21181,1.41633,1.98468,1.05274,0.13515,0.0,24.0,1.76471,djf,282.2,7.84979,jja,0.00716,0.00441,0.92476,3.15592,0.70494,169.68421,0.0007,0.02055,7.64079,10.13333,71.07948,40.4,3e-05,mixed_sedimentary_rocks,61.52,siliciclastic_sedimentary_rocks,20.28,2.43,0.1946,-14.2231,49.3578,18.0517,32.5951,6.5941,3305.9995,1902.5003,8.6392,330.3711,1.0,4.1249
48020000,44.83504449007529,0.0,241.87826087346465,125,1.8234057135171269,juazeiro,-9.4064,-40.5036,516000.0,525840.7,high,358.0,678.8937,29.0736,525840.7,2.76388,3.27449,2.13565,1.18474,1.19503,0.15996,0.0,13.6,1.6,djf,209.3,8.92537,jja,0.33586,0.12152,1.29911,0.53483,0.87742,184.0,0.212,0.5074,0.0,0.0,0.0,0.0,0.0,siliciclastic_sedimentary_rocks,30.44,unconsolidated_sediments,28.27,5.79,0.158,-12.8049,50.2143,17.176,32.6042,10.0677,3056.2936,1230.6111,9.9918,8.1507,58738.0,91.1204
48290000,44.7501711156742,0.0,234.51854112635687,125,2.2996468507744314,santa_maria_da_boa_vista,-8.8097,-39.8239,535000.0,545413.3,high,345.0,671.1303,28.6111,545413.3,2.71295,3.27337,2.10233,1.20657,1.19312,0.16225,0.0,13.6,1.60947,djf,209.8,8.87104,jja,0.32848,0.12108,1.34723,0.53553,0.87466,183.75,0.2071,0.50094,0.0,0.0,0.0,0.0,0.0,siliciclastic_sedimentary_rocks,29.48,unconsolidated_sediments,27.56,5.84,0.154,-12.8352,50.3887,17.1826,32.4236,9.8557,3058.3934,1214.95,11.199,9.3407,58868.0,90.0229
48590000,44.83504449007529,0.0,261.4031933128863,125,2.5774957511124317,ibo,-8.6261,-39.2444,561000.0,571951.1,high,315.0,663.3665,28.2996,571951.1,2.66222,3.27437,2.07055,1.22994,1.1764,0.16821,0.0,13.5,1.63636,djf,208.25,8.82415,jja,0.31151,0.11854,1.52452,0.55863,0.86814,182.84211,0.1944,0.48662,0.0,0.0,0.0,0.0,0.0,siliciclastic_sedimentary_rocks,28.68,unconsolidated_sediments,26.5,5.69,0.1485,-12.8802,50.5818,17.2235,32.1898,9.6286,3037.5413,1229.2868,11.0843,9.7487,59770.0,91.9101
49330000,44.83504449007529,0.0,243.31331575737275,125,1.8031768514847297,piranhas,-9.6261,-37.7561,610000.0,619185.7,high,21.0,648.0553,28.0533,619185.7,2.56944,3.27716,2.01422,1.27544,1.14295,0.17436,0.0,12.5,1.67785,djf,207.7,8.40891,jja,0.28362,0.11038,1.2611,0.57386,0.87768,174.85,0.1746,0.4321,0.0,0.0,0.0,0.0,0.0,siliciclastic_sedimentary_rocks,27.02,unconsolidated_sediments,25.01,5.32,0.1433,-12.9366,50.9538,17.3128,31.7301,9.2903,2988.8922,1302.4315,10.7474,10.3819,77087.0,120.264
49370000,44.83504449007529,0.0,246.03160554265568,125,2.1288715169059373,pao_de_acucar,-9.7514,-37.4464,615000.0,623843.6,high,7.0,645.1927,28.0432,623843.6,2.56079,3.2759,2.00816,1.27925,1.13845,0.17506,0.0,12.25,1.66667,djf,207.4,8.3798,jja,0.27684,0.10776,0.76368,0.4756,0.88817,175.31579,0.1719,0.4206,0.0,0.0,0.0,0.0,0.0,siliciclastic_sedimentary_rocks,26.8,unconsolidated_sediments,24.81,5.29,0.1422,-12.9454,51.0038,17.3191,31.6739,9.2624,2981.9153,1305.6333,10.6873,10.5766,77087.0,122.2875
49705000,44.83504449007529,0.0,242.9879282216632,125,2.71124799417367,propria,-10.2139,-36.8239,631000.0,638461.7,high,13.0,637.9287,28.1908,638461.7,2.54227,3.27429,1.9971,1.28794,1.11538,0.17762,0.0,12.0,1.64384,djf,205.05,7.75236,jja,0.27543,0.10754,0.70824,0.51216,0.88971,175.0,0.17163,0.413,0.0,0.0,0.0,0.0,0.0,siliciclastic_sedimentary_rocks,26.24,unconsolidated_sediments,24.24,5.16,0.1393,-12.9714,51.1091,17.3351,31.5523,9.2162,2964.49,1324.3153,10.5119,10.4563,77149.0,120.1964
50040000,39.08555783709788,0.06437377416643318,69.07991020708374,125,2.326978088886105,japaratuba,-10.5894,-36.9608,735.0,727.8442,high,11.0,155.6368,21.2628,727.8442,2.89036,3.35227,2.21774,1.15981,-0.51545,0.2703,0.0,17.65,1.23427,jja,264.25,4.97178,son,0.37284,0.12911,2.42012,3.0935,0.48511,253.61111,0.029,1.5773,25.50501,5.90588,114.82334,18.22581,0.00021,metamorphics,46.19,siliciclastic_sedimentary_rocks,40.35,2.18,0.122,-12.7462,50.8739,18.4111,30.6912,7.7171,2538.7812,1917.2216,13.3773,9.83,0.0,0.0
50047000,38.74880219028063,0.0474810994135519,31.631748042146075,125,2.362563818037087,rosario_do_catete,-10.6969,-37.0364,309.0,291.79,medium,14.0,119.2655,21.9801,291.79,3.16004,3.58008,2.75259,1.13292,-0.46367,0.25985,0.0,18.25,1.22074,mam,272.3,5.41352,djf,1.07149,0.34302,1.65429,3.40655,0.43767,245.875,0.0397,4.22165,23.72493,4.92473,129.2439,23.7619,3e-05,siliciclastic_sedimentary_rocks,84.88,carbonate_sedimentary_rocks,15.01,15.01,0.2379,-10.7186,51.9748,17.0691,30.9816,9.3411,3529.2902,1854.2397,16.2096,4.1447,0.0,0.0
50146000,44.58316221765914,0.14179562760992384,11.803775459705022,125,2.2728662495159306,agua_branca,-10.0058,-38.5989,7300.0,7283.176,high,305.0,486.3145,22.907,7283.176,1.38006,3.15296,1.1556,2.28466,0.4467,0.18475,0.0,24.15,1.4375,djf,290.35,7.03879,son,0.01237,0.00888,7.27999,3.70841,0.41884,186.44444,0.0,0.0301,19.76989,8.65909,162.25838,22.4964,0.00187,metamorphics,49.47,mixed_sedimentary_rocks,35.13,0.0,0.1126,-14.0187,55.9535,16.8007,27.2737,5.9918,1989.3005,4505.4871,4.8735,107.9191,248.0,754.0275
50150000,44.58316221765914,0.010255465487595185,13.636645426818106,125,2.0108745705618856,jeremoabo,-10.0919,-38.3261,8730.0,8678.525,high,259.0,490.5326,26.2874,8678.525,1.45503,3.16042,1.16921,2.17206,0.362,0.18867,0.0,22.9,1.41358,mam,283.55,6.31514,son,0.01409,0.00968,3.06125,3.19443,0.39001,187.35,0.0003,0.026,13.4,7.88235,132.85,28.56989,6e-05,mixed_sedimentary_rocks,43.9,metamorphics,41.54,0.86,0.1323,-13.8972,55.2735,16.8933,27.8607,6.6495,1958.9858,5396.7705,4.6505,90.4468,248.0,555.7812
50191000,44.58316221765914,0.006018177352001965,12.872946010159309,125,1.7338625443370725,fazenda_belem,-10.9431,-37.3469,15900.0,15805.63,high,16.0,396.7745,25.9404,15805.63,1.66023,3.18108,1.32801,1.91604,0.02104,0.19465,0.0,20.45,1.3771,mam,263.55,5.11251,son,0.0791,0.04763,2.02401,3.30536,0.36465,226.94737,0.0022,0.31052,30.49611,4.856,154.94237,15.97927,0.00013,metamorphics,44.27,mixed_sedimentary_rocks,35.39,2.6,0.1244,-13.7846,53.3901,17.8677,28.7519,6.9262,1911.1137,3890.4041,3.8484,13.3292,310.0,67.9324
50250000,44.58316221765914,0.025362318840579712,13.14352569342789,125,2.357754635056341,fazenda_tourao,-11.1931,-37.975,2940.0,2928.947,high,149.0,297.532,28.2584,2928.947,1.71545,3.1338,1.67854,1.82681,-0.19531,0.2166,0.0,24.15,1.32329,jja,275.7,5.32754,son,0.06657,0.0387,-1.03592,5.99688,0.19322,227.33333,0.0,0.26112,70.9773,7.27461,247.81391,26.6413,0.0009,siliciclastic_sedimentary_rocks,63.55,mixed_sedimentary_rocks,31.74,0.0,0.2069,-14.3529,51.9724,18.738,29.2689,7.037,1983.6644,3490.7072,2.4125,9.9288,4.0,5.6205
50290000,43.00068446269678,0.02139309817903986,21.61379564506276,125,2.2354284123047465,itanhy,-11.5397,-37.5681,4480.0,4462.4,high,13.0,245.2289,25.4355,4462.4,2.06071,3.16276,1.77906,1.53479,-0.27196,0.2166,0.0,22.3,1.30029,jja,261.55,4.90713,son,0.18437,0.08919,1.15802,2.64757,0.47302,242.88235,0.0162,0.6169,14.42732,3.65789,89.26257,16.69903,4e-05,siliciclastic_sedimentary_rocks,59.78,mixed_sedimentary_rocks,23.97,0.0,0.1853,-14.1017,52.1644,18.3108,29.5062,7.4567,2432.9682,2305.0501,3.0438,4.5229,4.0,1.332
50330000,30.587268993839835,0.14419978517722878,17.35620351846052,125,0.6980383368893421,pindobacu,-10.8017,-40.38,657.0,665.0096,high,420.0,734.9173,70.1761,665.0096,1.90898,3.34938,1.65885,1.75454,0.57187,0.14435,0.0,22.15,1.42903,djf,286.6,6.37597,son,0.30805,0.16112,1.71421,2.75762,0.55559,230.73684,0.0131,1.00385,7.33111,2.08571,68.79193,16.91358,4e-05,metamorphics,50.44,acid_plutonic_rocks,28.4,0.0,0.0604,-13.0,51.4902,16.2945,32.2019,9.3853,3089.1205,3673.5312,3.0908,2.7488,0.0,0.0
50380000,44.58316221765914,0.11833701793171211,18.3485475601289,125,2.2572857158956445,ponto_novo,-10.845,-40.1128,2850.0,2855.01,high,339.0,599.8671,54.0354,2855.01,2.01689,3.26491,1.85778,1.61878,0.5216,0.148,0.0,21.35,1.4186,djf,278.0,5.92119,son,0.16544,0.08127,1.85375,3.29301,0.48732,222.11111,0.002,0.6175,15.21875,4.51515,101.32215,11.4023,0.00044,metamorphics,69.07,acid_plutonic_rocks,17.11,0.0,0.0413,-13.0313,52.7419,16.4091,30.8379,8.195,3058.8553,3275.5089,4.4375,7.3487,0.0,0.0
50420000,39.134839151266256,0.022946690919266825,11.46548963141165,125,1.7336240759589512,jacobina,-11.2114,-40.4703,1290.0,1304.515,high,482.0,664.4667,62.5856,1304.515,1.90565,3.16359,1.63875,1.66011,0.65772,0.12827,0.0,21.6,1.48966,djf,288.9,6.82172,son,0.13745,0.07352,3.20476,4.10139,0.35542,214.27778,0.0016,0.4647,26.79121,4.88679,160.43692,17.52542,0.00022,metamorphics,66.59,acid_plutonic_rocks,13.99,0.0,0.0489,-13.0068,51.712,16.3205,31.9712,8.9391,2698.3883,3069.2204,2.8581,5.697,0.0,0.0
50430000,44.58316221765914,0.1357774502579219,24.77563947383001,125,2.6943221230679786,pedras_altas,-11.1822,-40.0467,2200.0,2313.331,high,349.0,589.7817,54.675,2313.331,1.99247,3.11602,1.68478,1.56389,0.62931,0.1231,0.0,21.95,1.4932,djf,283.6,6.3233,son,0.08536,0.04272,3.21773,3.0296,0.45465,185.58824,0.0,0.3359,24.74357,11.7561,125.51458,37.61538,0.00086,metamorphics,62.15,unconsolidated_sediments,16.12,0.0,0.0641,-13.0156,52.2883,16.0136,31.6978,8.948,2751.6975,2746.0211,2.7679,8.8836,46.0,63.8214
50465000,44.58316221765914,0.03021370670596905,16.05220303814926,125,1.2620090747655015,queimadas,-10.9733,-39.6328,11800.0,11834.96,high,269.0,509.3716,36.8905,11834.96,1.78029,3.17322,1.66804,1.78242,0.57573,0.13555,0.0,21.2,1.43243,djf,276.45,6.13651,son,0.08522,0.04787,3.72983,3.33585,0.4408,212.1,0.0,0.3175,29.65,7.80263,138.2,19.19444,0.00053,metamorphics,56.96,unconsolidated_sediments,20.04,0.0,0.0596,-13.2848,54.6492,16.282,29.0721,7.161,2794.8685,2513.6212,3.622,11.6449,73.0,19.831
50540000,44.58316221765914,0.013510194055514615,10.389206987325013,125,2.219629856747334,cipo,-11.0975,-38.5125,28000.0,27982.18,high,125.0,423.439,30.3133,27982.18,1.53149,3.12548,1.46908,2.04081,0.47612,0.14374,0.0,22.0,1.49153,djf,275.1,6.13378,son,0.04274,0.02857,3.82979,2.89814,0.43533,171.88889,0.0031,0.1322,20.2573,8.02041,116.2862,21.48571,0.0,metamorphics,54.14,acid_plutonic_rocks,19.26,0.0,0.0589,-13.567,55.3045,16.8801,27.824,7.0147,2389.8988,3052.5897,2.2915,14.6897,332.0,76.0596
50595000,44.58316221765914,0.04169737165315647,20.455752656777815,125,2.3170517927517205,usina_altamira,-11.7347,-37.8033,35200.0,35133.49,high,35.0,392.7402,29.5987,35133.49,1.59964,3.12137,1.51889,1.95129,0.33366,0.15525,0.0,21.15,1.47902,djf,266.45,5.49948,son,0.05226,0.03265,2.71187,2.21823,0.52555,193.73684,0.0093,0.1504,13.65796,8.24242,38.51344,8.15957,0.0,metamorphics,44.3,mixed_sedimentary_rocks,19.69,0.0,0.0962,-13.3729,54.7424,17.0527,28.2082,7.1118,2340.0689,3172.1012,2.3426,12.2819,332.0,49.5432
50620000,39.08555783709788,0.007495096665732698,9.288144580940864,125,1.7232406247819239,inhambupe,-11.7822,-38.3467,2890.0,2896.081,high,157.0,287.834,24.0829,2896.081,2.0267,3.08199,1.84318,1.52069,0.03015,0.1537,0.0,23.05,1.32092,djf,266.5,5.07136,son,0.06271,0.0311,1.2451,0.91087,0.57457,190.94737,0.0177,0.1265,6.65742,4.125,1.16,11.5,0.0,siliciclastic_sedimentary_rocks,42.39,mixed_sedimentary_rocks,39.37,0.0,0.2114,-12.1515,54.3448,17.7672,27.8787,6.9681,2410.6214,2460.0519,2.8338,12.3812,0.0,0.0
50660000,44.58316221765914,0.01725620240727094,29.04101906238395,125,2.19690737282535,corte_grande,-12.0536,-37.755,4380.0,4393.693,high,13.0,239.8113,24.0233,4393.693,2.38611,3.10257,2.02162,1.30027,-0.09528,0.17,0.0,19.8,1.33784,mam,250.15,4.48297,son,0.18844,0.07936,1.27171,2.00114,0.60498,229.05263,0.0358,0.5831,5.98003,4.10714,19.91611,14.18519,0.0,siliciclastic_sedimentary_rocks,45.27,mixed_sedimentary_rocks,30.23,0.0,0.1981,-12.2121,53.2332,17.3495,29.4094,7.8717,2787.8223,2083.7494,2.5231,3.6683,0.0,0.0
50720000,38.74880219028063,0.0021903483360418284,10.117473794558558,125,1.6453943836014648,fazenda_sao_francisco,-12.3322,-38.7914,1210.0,1209.655,high,153.0,241.2686,17.6619,1209.655,2.15006,3.0538,1.92828,1.42033,0.03868,0.14208,0.0,22.55,1.26331,djf,274.15,5.31298,son,0.0649,0.03021,2.38693,3.05231,0.29015,199.73684,0.0009,0.1652,22.89717,4.56,170.92535,18.01058,0.00025,metamorphics,55.78,siliciclastic_sedimentary_rocks,27.65,0.0,0.0817,-12.8407,54.3339,17.2321,28.4197,7.2139,2372.3328,2198.2928,4.4905,18.9555,0.0,0.0
50730000,39.10746064339494,0.04508541024922991,25.742257147967273,125,2.8880265747831437,fazenda_mangabeira,-12.2361,-38.7642,530.0,529.0432,high,181.0,269.8552,27.8519,529.0432,2.41607,3.08753,2.24465,1.27791,0.01286,0.16025,0.0,21.65,1.28107,djf,273.6,5.27676,son,0.07224,0.0299,2.46916,6.80508,0.3719,218.6875,0.0,0.2914,40.75904,10.11392,173.54476,26.7874,0.00186,siliciclastic_sedimentary_rocks,44.25,mixed_sedimentary_rocks,41.15,0.0,0.1966,-12.8635,53.3737,16.2899,30.3201,7.2434,3475.8163,2800.89,2.5223,9.5651,0.0,0.0
50740000,39.08555783709788,0.0021714766040907816,13.675759585930516,125,2.3973607555322367,teodoro_sampaio,-12.3072,-38.6422,448.0,460.03,high,117.0,217.0526,43.4279,460.03,2.74548,3.08548,2.56693,1.12384,-0.07291,0.16025,0.0,19.85,1.25237,mam,270.8,5.3837,son,0.29671,0.10829,2.29214,4.60338,0.39582,223.78947,0.0,1.17224,27.16528,5.52041,150.99075,25.92241,0.00064,mixed_sedimentary_rocks,58.18,siliciclastic_sedimentary_rocks,36.65,0.0,0.2085,-13.8506,47.9019,18.2302,33.8575,7.7563,3578.3555,2663.0688,2.2755,2.1011,0.0,0.0
50755000,44.58316221765914,0.0025178088921640873,24.75658544340629,125,2.9273585702659255,ponte_da_ba-6,-12.4208,-38.3217,3210.0,3192.069,high,68.0,213.5955,28.2357,3192.069,2.67762,3.09164,2.30531,1.15462,-0.05625,0.1668,0.0,19.45,1.27961,mam,253.05,4.57595,son,0.241,0.09012,2.16902,2.91503,0.4892,219.94737,0.0291,0.94058,19.48268,5.70588,86.96907,24.05556,0.0,siliciclastic_sedimentary_rocks,42.58,metamorphics,26.94,0.0,0.1534,-13.3605,51.4608,17.2104,31.3171,7.8153,3107.3435,2364.0491,4.0043,4.5521,0.0,0.0
50785000,44.58316221765914,0.0019037091623679686,53.15146526420029,125,2.8248787499561,pedra_do_salgado,-12.3761,-38.1331,4480.0,4485.958,high,43.0,189.6012,26.6927,4485.958,2.94565,3.13677,2.4798,1.06488,-0.11584,0.1774,0.0,17.85,1.26596,mam,244.85,4.39193,son,0.40719,0.13845,1.96398,2.37014,0.58607,223.31579,0.0637,1.30178,8.13452,4.62857,43.43432,15.44643,0.0,siliciclastic_sedimentary_rocks,49.66,mixed_sedimentary_rocks,24.77,0.0,0.1714,-13.5816,51.836,16.4826,31.6727,8.2968,3083.83,1984.8852,4.123,2.7741,0.0,0.0
50795000,44.58316221765914,0.0019037091623679686,64.04882027086921,125,3.136047173779067,tiririca,-12.5119,-38.0667,4700.0,4703.062,high,31.0,184.3641,26.2644,4703.062,2.99612,3.18744,2.59295,1.06386,-0.12018,0.1774,0.0,17.95,1.28674,mam,243.15,4.34973,son,0.45143,0.15092,1.61865,2.14345,0.61875,224.68421,0.0896,1.4087,6.42728,4.57143,19.5831,18.57143,0.0,siliciclastic_sedimentary_rocks,50.77,mixed_sedimentary_rocks,24.09,0.0,0.1727,-13.5951,51.8527,16.3742,31.7649,8.5617,3077.3106,1915.538,4.261,2.586,0.0,0.0
51060100,35.00068446269678,0.28496558197747185,19.86960701059708,125,0.5948043340820977,subae_ii,-12.5294,-38.7339,390.0,397.9096,high,16.0,193.0618,23.1504,397.9096,3.07853,3.22711,2.32902,1.04826,-0.14638,0.1733,0.0,18.6,1.25253,mam,269.1,5.09177,son,0.59119,0.19215,2.15217,1.93878,0.62433,219.88889,0.0849,1.5714,5.02428,1.90385,32.1757,11.12281,6e-05,siliciclastic_sedimentary_rocks,57.95,metamorphics,25.55,0.0,0.1855,-12.4023,49.3963,16.6756,33.907,9.0958,3416.5525,2113.7802,10.7579,4.9854,0.0,0.0
51120000,44.58316221765914,0.06239253254728568,12.518128945314357,125,0.9090236544296194,andarai,-12.8406,-41.3222,2350.0,2344.329,high,358.0,1139.5642,62.0124,2344.329,2.33342,3.17785,2.0838,1.36188,0.90716,0.1144,0.0,23.0,1.65468,djf,277.7,6.51114,jja,0.59323,0.25423,2.08699,3.30872,0.37801,164.4,0.0373,2.5998,28.55,3.68387,128.95,14.48876,0.0,unconsolidated_sediments,61.48,siliciclastic_sedimentary_rocks,35.78,0.0,0.221,-13.0817,50.2068,15.3162,34.4629,11.904,4264.7584,4944.2326,124.9935,57.726,109.0,21.473
51140000,44.58316221765914,0.024134119380987473,17.234800554625366,125,1.1952771015781214,porto,-12.4911,-41.3289,6180.0,6181.844,high,375.0,963.3448,53.0579,6181.844,1.95857,3.17246,1.72196,1.61978,0.89558,0.1258,0.0,22.0,1.63569,djf,270.75,6.46953,jja,0.14819,0.07617,1.92933,2.58883,0.49145,176.5,0.023,0.527,16.89017,4.1519,54.63559,12.63095,0.0,siliciclastic_sedimentary_rocks,28.61,unconsolidated_sediments,27.88,1.05,0.175,-13.4834,49.4716,16.4169,34.0852,9.6975,3675.3245,4700.8175,7.5505,13.9592,0.0,0.0
51170000,44.58316221765914,0.013203144190616556,120.49237565917478,125,1.907156495420213,utinga,-12.5008,-41.2058,2710.0,2803.366,high,363.0,709.5613,36.1075,2803.366,2.0501,3.01783,1.86022,1.47204,0.63271,0.1175,0.0,23.1,1.51974,djf,279.85,6.25363,son,0.07777,0.03789,1.06312,1.91741,0.67392,188.85,0.0162,0.1867,3.00329,20.0,15.46694,6.30612,0.0,mixed_sedimentary_rocks,51.06,siliciclastic_sedimentary_rocks,23.2,3.29,0.2011,-13.0047,48.8125,16.1103,35.0558,9.4803,2906.235,4275.7641,5.8913,20.7537,0.0,0.0
51230000,44.58316221765914,0.007553426676492263,10.065467637953981,125,2.8523941754503053,fazenda_iguacu,-12.9361,-41.0644,2130.0,2102.947,high,325.0,671.4576,62.6939,2102.947,2.29791,3.02227,1.92878,1.31523,0.89884,0.0998,0.0,22.4,1.65926,djf,282.4,6.71581,jja,0.65391,0.28369,2.13495,3.85778,0.32115,154.68421,0.009,3.20598,39.45788,5.36301,172.54636,20.26036,5e-05,siliciclastic_sedimentary_rocks,52.13,mixed_sedimentary_rocks,38.44,2.08,0.2132,-13.0198,49.4272,14.8654,35.6963,10.4965,2589.1994,4747.7604,27.172,11.3844,0.0,0.0
51240000,44.58316221765914,0.0009211495946941784,17.865276474535737,125,3.1978800772190166,itaete,-12.9861,-40.9581,16500.0,16417.18,high,309.0,830.5101,52.3254,16417.18,2.1354,3.09719,1.88839,1.4504,0.84092,0.11536,0.0,22.3,1.784,djf,264.2,5.87764,jja,0.28688,0.13435,1.9531,3.03768,0.49926,168.95,0.0288,1.1082,17.0,5.96491,77.1,20.83784,0.0,siliciclastic_sedimentary_rocks,31.84,mixed_sedimentary_rocks,30.56,2.6,0.1925,-13.2067,49.3898,16.2071,34.3871,9.9343,3346.5723,4418.8007,25.8277,24.6653,109.0,6.3406
51280000,44.58316221765914,0.0,15.600111992690737,125,3.1894335428132687,iacu,-12.7622,-40.2136,22800.0,22760.99,high,229.0,723.5602,53.5862,22760.99,2.03866,3.0436,1.77566,1.49294,0.84155,0.10875,0.0,21.35,1.78661,djf,264.8,5.95726,jja,0.22112,0.10847,2.21468,3.19787,0.45696,168.2,0.0156,0.8815,21.7,7.48276,105.3,21.4898,0.0,metamorphics,25.54,siliciclastic_sedimentary_rocks,23.62,1.88,0.1486,-13.3638,50.5587,16.0406,33.3914,9.4814,3205.8641,4271.809,19.4598,24.1108,230.0,12.5201
51330000,44.58316221765914,0.0356177843281749,13.627932118293781,125,2.358642954162741,fazenda_santa_fe,-12.5156,-39.8481,32000.0,32018.47,high,175.0,652.3963,48.4924,32018.47,1.98169,3.01581,1.71518,1.52184,0.78318,0.10912,0.0,21.15,1.71255,djf,263.9,5.97059,jja,0.15077,0.07608,2.58045,4.03281,0.44312,168.85,0.0025,0.62794,25.0,7.35294,130.55,22.90351,6e-05,metamorphics,34.86,unconsolidated_sediments,20.07,1.33,0.1237,-13.4899,51.3239,15.782,32.8842,9.2336,3008.2528,4021.7199,15.3318,27.8598,235.0,13.3368
51350000,44.58316221765914,0.0024563989191844758,13.62349009216127,125,2.127445017238729,argoim,-12.5856,-39.5222,37900.0,37863.95,high,146.0,599.8803,44.8249,37863.95,1.95598,3.01647,1.69403,1.54218,0.73775,0.10746,0.0,20.7,1.7037,djf,262.05,5.77203,son,0.15739,0.08023,2.62805,3.44887,0.42396,168.15789,0.0049,0.6092,26.4623,7.42254,126.78805,23.82075,5e-05,metamorphics,40.99,unconsolidated_sediments,17.84,1.13,0.108,-13.5659,52.3102,15.6942,31.9874,9.1581,2872.3414,3724.4244,13.1697,22.9253,235.0,10.804
51430000,39.123887748117724,0.02092372288313506,7.31802196743426,125,0.1827258454066745,gaviao_ii,-11.47,-39.7883,5040.0,5040.751,high,302.0,639.523,33.8338,5040.751,1.87635,3.10943,1.64575,1.65717,0.61456,0.10865,0.0,20.45,1.50923,djf,279.1,5.97645,son,0.01983,0.01041,3.35938,4.87708,0.20501,160.70588,0.0001,0.0319,33.13417,5.21951,282.41458,32.0,0.0003,metamorphics,50.49,unconsolidated_sediments,14.37,0.0,0.0945,-13.2267,54.1801,14.8871,30.9224,8.9809,2656.4735,3837.9753,1.7052,23.5627,262.0,718.1998
51440000,44.33127994524298,0.007534584980237154,5.940776499210178,125,1.2050560720792525,riachao_do_jacuipe,-11.8072,-39.3864,7130.0,7131.012,high,216.0,539.6754,27.4088,7131.012,1.72683,3.07871,1.51732,1.78286,0.59924,0.10865,0.0,21.05,1.56506,djf,277.8,6.10549,son,0.04295,0.02477,4.27589,4.03404,0.22568,157.66667,0.0003,0.09521,38.01541,10.78571,272.50248,76.22535,8e-05,metamorphics,56.9,acid_plutonic_rocks,14.52,0.0,0.072,-13.4715,54.8594,15.7362,29.4028,8.2756,2551.8446,3089.0394,1.664,10.6149,267.0,238.8431
51460000,44.58316221765914,0.04464505035617784,6.206658072466012,125,1.4930327483394374,ponte_rio_branco,-12.2331,-39.0461,11600.0,11566.03,high,132.0,432.6488,25.023,11566.03,1.66952,3.06318,1.49695,1.83477,0.50802,0.11145,0.0,21.0,1.48936,djf,273.5,5.91991,son,0.05664,0.03386,3.4729,5.2205,0.16234,140.52941,0.0,0.0848,50.09346,9.75248,280.9811,47.62931,0.00097,metamorphics,63.05,acid_plutonic_rocks,19.23,0.0,0.0484,-13.7039,54.9465,16.9047,28.1499,7.4929,2309.2124,2548.4058,1.962,9.4896,268.0,112.0728
51560000,44.58316221765914,0.002087939081306804,6.670460235594269,125,1.4966686162117073,nazare,-13.0308,-39.0322,1350.0,1348.28,high,39.0,193.942,26.2484,1348.28,3.00452,3.24159,2.30674,1.0789,0.03744,0.1474,0.0,18.35,1.25256,djf,254.9,4.58041,son,0.45029,0.14977,1.96512,1.99546,0.48594,224.94737,0.0531,1.4603,10.39411,1.95283,46.64796,8.52294,0.0,metamorphics,89.07,unconsolidated_sediments,10.1,0.0,0.0316,-12.9303,49.0816,17.6471,33.2336,8.798,3177.0057,2197.0712,3.7729,2.2956,0.0,0.0
51685000,44.58316221765914,0.007492016703512651,20.175993741445637,125,1.7207260443133405,jiquirica,-13.1736,-39.3183,6520.0,6475.221,high,142.0,595.4622,57.2797,6475.221,2.11601,3.02272,2.02135,1.4285,0.44244,0.07265,0.0,21.0,1.45329,djf,265.6,5.06387,son,0.14777,0.06984,1.76058,1.99757,0.60821,194.88889,0.0283,0.38194,4.09598,2.6129,18.40662,8.66667,0.0,metamorphics,68.81,unconsolidated_sediments,25.54,0.0,0.0636,-13.237,51.1939,14.405,34.3824,10.8661,3213.1857,5104.3547,3.5558,6.5926,0.0,0.0
51750000,39.00068446269678,0.012846612846612846,39.95100447873402,125,2.5620512642435136,entroncamento_valenca,-13.2833,-39.3222,270.0,273.8261,high,164.0,325.5816,59.5924,273.8261,3.45864,2.99032,3.01832,0.86459,0.09842,0.10865,0.0,19.95,1.28296,djf,263.05,4.75678,son,1.22852,0.3569,1.07019,1.52178,0.72428,196.23529,0.3417,2.7047,0.15385,1.0,6.46188,6.63158,0.0,metamorphics,99.05,basic_plutonic_rocks,0.95,0.0,0.01,-13.0,42.4917,19.1184,38.4011,19.2719,2293.9847,2907.4814,2.2725,0.5068,0.0,0.0
51795000,44.58316221765914,0.03672316384180791,55.23337933926779,125,1.970629062132709,valenca,-13.365,-39.0803,1110.0,1146.492,high,14.0,225.2406,38.1131,1146.492,3.88463,2.97147,3.38681,0.76493,0.03427,0.1412,0.0,18.2,1.25086,djf,243.75,4.21713,son,1.2294,0.31449,1.48435,1.74469,0.70533,206.70588,0.2337,2.94604,0.15276,1.5,19.19688,7.54,0.0,metamorphics,71.89,unconsolidated_sediments,20.63,0.0,0.0534,-12.4873,43.3756,19.909,36.7054,16.1789,2535.9989,1847.4758,2.0955,0.467,0.0,0.0
51820000,44.58316221765914,0.004789977892409728,56.889858926645395,125,2.797375131055606,wenceslau_guimaraes,-13.6853,-39.4781,1110.0,1096.17,high,142.0,334.0104,63.8521,1096.17,3.13864,2.7577,3.39667,0.87863,0.19384,0.0759,0.0,19.45,1.30976,djf,256.1,4.60612,son,0.7654,0.24244,0.98385,1.88416,0.68322,190.70588,0.1373,1.8319,0.0,0.0,19.92921,12.6129,0.0,metamorphics,95.11,basic_plutonic_rocks,4.89,0.0,0.01,-13.0,40.1384,19.9669,39.8916,13.196,2106.1195,3417.26,4.794,1.716,0.0,0.0
51840000,39.32922655715264,0.014758092586146885,136.52260438309477,125,1.8874625474594051,tesouras,-13.4872,-39.7294,345.0,355.4435,high,424.0,699.7019,48.6054,355.4435,2.44857,2.90649,2.59055,1.18701,0.36613,0.076,0.0,21.65,1.31611,djf,283.5,5.8635,son,0.26027,0.10618,1.01316,1.97059,0.63974,187.3125,0.0211,0.6986,1.54483,3.0,45.46958,12.43662,0.00011,metamorphics,84.06,unconsolidated_sediments,10.42,0.0,0.0334,-13.0,46.4626,15.9091,37.5653,12.5859,2883.6288,4196.9069,9.0586,9.5353,0.0,0.0
51870000,39.30732375085558,0.008845859162777739,54.538786266995025,125,3.0508032869483728,santa_luzia,-13.6064,-39.4908,836.0,832.6296,high,171.0,568.6095,67.8564,832.6296,2.85632,2.90649,2.59055,1.01756,0.25472,0.09233,0.0,20.0,1.2987,djf,261.9,4.78793,son,1.09328,0.38231,0.78213,1.63845,0.74798,196.73684,0.2964,2.3896,0.0,0.0,7.18047,6.5,0.0,metamorphics,89.49,acid_plutonic_rocks,5.41,0.0,0.0199,-13.0,43.4494,18.0866,38.4432,13.6418,2332.4068,3971.369,6.2777,1.5732,0.0,0.0
51940000,39.31279945242984,0.006407131415836757,57.83681417397597,125,1.842621951232542,itubera,-13.7853,-39.1758,263.0,269.7242,high,132.0,269.9638,42.4809,269.7242,3.96486,2.91006,3.75337,0.73396,0.04473,0.125,0.0,18.35,1.23569,djf,265.15,5.00755,son,1.7114,0.43276,1.55301,1.48066,0.78098,185.05556,0.4936,3.4288,0.0,0.0,6.20264,5.34783,0.0,metamorphics,64.46,basic_plutonic_rocks,35.51,0.0,0.01,-13.0,39.0183,22.3349,38.6517,23.1903,2354.6182,2276.2409,2.2184,0.3551,0.0,0.0
52050000,39.233401779603014,0.20844382414515003,6.9001319134011485,125,1.4383649898932638,fazenda_canabrava,-13.6528,-41.6061,2260.0,2266.14,high,481.0,1027.3928,108.3501,2266.14,2.57083,3.25332,1.90915,1.26547,0.91103,0.1177,0.0,24.6,1.64548,djf,271.9,6.338,jja,0.21203,0.07995,3.01647,5.05547,0.36343,155.06667,0.0,0.8819,37.78808,5.65625,168.42837,24.26316,0.00053,metamorphics,50.14,siliciclastic_sedimentary_rocks,27.08,0.0,0.0829,-14.1106,50.006,16.6469,33.3192,13.1949,3256.55,5845.6839,29.4413,38.042,0.0,0.0
52370000,39.162217659137575,0.07732102908277405,11.133061221614367,125,1.5253024890897275,anage,-14.6097,-41.1372,7930.0,7934.546,high,376.0,715.3304,41.8945,7934.546,1.96349,3.06008,1.58867,1.55849,1.1236,0.095,0.0,24.25,1.61667,djf,283.45,8.49925,jja,0.05693,0.0288,3.14401,2.25997,0.3403,155.05556,0.0034,0.1026,25.31887,4.20168,221.28691,37.67241,6e-05,metamorphics,58.44,unconsolidated_sediments,35.46,0.0,0.0847,-13.3067,50.4859,15.2728,34.2314,7.6009,2858.0404,4379.5584,2.4442,11.7622,30.0,18.1946
52404000,44.58316221765914,0.14855072463768115,55.945237643512904,125,1.6306880543112803,areiao,-14.0314,-40.9825,29600.0,29678.15,high,275.0,698.3992,53.6412,29678.15,1.9216,3.13097,1.61502,1.62935,1.10893,0.11376,0.0,23.15,1.71481,djf,276.7,8.47473,jja,0.05883,0.03051,2.30349,4.07791,0.29499,148.47368,0.0002,0.2339,52.72427,8.06923,225.22158,34.20611,0.00041,metamorphics,64.37,unconsolidated_sediments,17.85,0.0,0.066,-13.6094,51.8375,16.1424,32.0129,7.7022,2978.3752,4622.1851,13.0028,60.5571,267.0,41.899
52405000,44.58316221765914,0.12951363301400148,10.040751209566645,125,1.8196148083148787,lagoa_do_tamburi,-13.8778,-40.8964,32500.0,32611.95,high,252.0,687.2216,54.0033,32611.95,1.91124,3.11906,1.60796,1.63196,1.09265,0.11435,0.0,23.35,1.74906,djf,275.9,8.26048,jja,0.06673,0.03479,2.74411,4.22783,0.32076,148.94737,0.0008,0.2834,45.54327,8.09821,207.22941,27.15132,0.00011,metamorphics,63.33,unconsolidated_sediments,16.47,0.0,0.0694,-13.6297,51.877,16.0632,32.0548,7.7308,2948.3919,4645.4767,12.5955,51.7092,267.0,33.6116
52570000,44.58316221765914,0.023888479489069026,9.907349769136998,125,1.8741254262234448,jequie,-13.8647,-40.0808,40400.0,40498.39,high,192.0,654.6652,55.7775,40498.39,1.85867,3.09768,1.5668,1.66661,1.06098,0.10862,0.0,23.4,1.7594,djf,274.25,7.96081,jja,0.05979,0.03114,2.57945,2.20847,0.40752,182.5625,0.0047,0.17127,21.11936,11.22222,112.39266,5.34826,3e-05,metamorphics,62.79,unconsolidated_sediments,14.19,0.0,0.0636,-13.6693,52.17,15.7792,32.0475,7.8478,2848.499,4695.4372,10.7457,49.2352,1907.0,215.7524
52680000,44.58316221765914,0.00485138786538934,16.26732125278201,125,2.51505895311447,ipiau,-14.1503,-39.7036,46500.0,46547.88,high,131.0,636.3789,59.4103,46547.88,1.88914,3.07771,1.63123,1.62916,0.9854,0.10237,0.0,22.85,1.73764,djf,268.05,6.8033,jja,0.07468,0.0394,1.45866,1.21554,0.61517,170.47368,0.0224,0.1605,4.01705,6.15385,1.95831,3.54545,0.0,metamorphics,66.27,unconsolidated_sediments,13.46,0.0,0.0589,-13.6525,51.4669,15.7946,32.7324,8.3893,2759.9741,4729.6293,9.925,36.4115,1907.0,150.3005
52695000,44.58316221765914,0.021002210759027265,33.63049301383647,125,2.226639865632368,vapor,-14.2086,-39.5461,47200.0,47309.42,high,124.0,629.5785,59.2893,47309.42,1.90684,3.07187,1.65621,1.61098,0.96462,0.10008,0.0,22.4,1.73643,djf,266.25,6.54982,jja,0.09171,0.04794,1.49882,1.41784,0.52938,170.05263,0.0192,0.16398,4.2179,5.25,16.97202,4.07229,0.0,metamorphics,66.75,unconsolidated_sediments,13.24,0.0,0.0581,-13.6542,51.2843,15.8664,32.8433,8.4599,2758.259,4703.1429,9.8281,29.3617,1907.0,120.4241
52760000,44.58316221765914,0.11195038074183247,21.629741703212844,125,2.1176748232371367,dario_meira,-14.4367,-39.9036,2730.0,2726.181,high,182.0,649.5293,74.9376,2726.181,2.27892,2.98344,1.78548,1.30915,0.65695,0.0554,0.0,22.45,1.46254,djf,273.3,5.74763,son,0.5332,0.23283,1.80379,2.02318,0.64077,171.77778,0.0867,1.394,4.38905,2.9,28.55407,14.15,0.0,metamorphics,61.85,unconsolidated_sediments,38.05,0.0,0.0902,-13.4132,44.3907,15.9399,39.632,12.5605,2355.4205,4284.6935,4.8435,2.4887,0.0,0.0
52790000,44.58316221765914,0.0037460083517563253,35.08643068786036,125,2.1195504416916147,pedrinhas,-14.3253,-39.4636,5270.0,5246.773,high,90.0,473.6979,67.92,5246.773,2.5146,2.90397,2.20944,1.15484,0.49538,0.0554,0.0,20.7,1.44251,djf,256.35,4.76487,son,0.60677,0.23931,2.83887,2.36019,0.55217,149.23529,0.0654,1.98055,10.31091,3.44068,46.98321,17.78846,0.0,metamorphics,72.44,unconsolidated_sediments,19.78,0.0,0.0517,-13.7429,43.2288,17.5409,39.2139,12.3148,2598.7847,3740.7646,3.7237,1.6814,0.0,0.0
52831000,44.498288843258045,0.20248569494862487,26.031511066673254,125,2.4406482468520103,ubaitaba_-_jusante,-14.3169,-39.3169,54000.0,54049.87,high,64.0,602.9479,60.0996,54049.87,2.01677,3.04858,1.76387,1.51162,0.86237,0.09729,0.0,20.95,1.72428,djf,254.65,5.55398,jja,0.15404,0.07616,1.89204,1.70558,0.52624,166.47368,0.02532,0.3577,6.5277,4.33333,30.3287,2.19636,0.0,metamorphics,67.81,unconsolidated_sediments,13.5,0.0,0.0561,-13.6565,50.1793,16.2193,33.5948,9.1184,2726.8976,4558.831,9.0115,16.0273,1960.0,64.4951
53050000,39.290896646132786,0.018814019928924813,17.96732442847708,125,2.587297206668472,itajuipe,-14.6744,-39.3769,632.0,611.7337,high,87.0,334.3541,114.977,611.7337,3.65607,2.82602,3.22666,0.77297,0.21535,0.0834,0.0,18.8,1.32394,djf,256.65,4.57487,son,1.07614,0.29318,2.78434,3.05064,0.41724,169.0,0.0192,4.4764,22.1333,5.09302,105.41111,23.4382,5e-05,metamorphics,70.61,basic_plutonic_rocks,28.74,0.0,0.01,-14.1,37.8193,22.9745,39.218,16.6284,2025.8848,2648.0253,4.4003,1.1203,0.0,0.0
53091000,39.290896646132786,0.09065570343530067,11.991262015385601,125,1.9310867801059894,provisao_ii,-14.6583,-39.2233,1180.0,1197.496,high,44.0,237.9955,76.0648,1197.496,3.88937,2.88706,3.52529,0.74229,0.19641,0.0834,0.0,18.1,1.29286,djf,249.45,4.34961,son,1.08958,0.27937,2.54244,4.05037,0.36634,176.05556,0.0067,4.95392,28.93369,4.48438,141.03913,15.7191,0.00024,metamorphics,55.42,basic_plutonic_rocks,24.12,0.0,0.01,-13.9266,38.1052,23.4876,38.4198,19.085,2083.3448,1945.2552,4.0024,1.0064,0.0,0.0
53125000,30.16290212183436,0.030589089588817283,6.633101034525169,125,1.070954764176084,fazenda_manaus,-15.1531,-39.7692,827.0,831.6328,high,183.0,300.1508,53.5137,831.6328,2.51115,2.83266,2.09371,1.12803,0.58288,0.05522,0.0,21.9,1.4698,djf,278.8,5.851,jja,0.55874,0.22915,2.78763,3.08512,0.29679,140.25,0.0061,1.1276,17.91347,3.45545,167.84254,18.0663,0.0001,acid_plutonic_rocks,56.63,metamorphics,43.3,0.0,0.01,-14.1,43.1042,17.1502,39.7269,11.3341,2136.8013,1844.2755,2.8275,1.3864,0.0,0.0
53140000,41.497604380561256,0.01200765322953091,4.8390234782425905,125,1.6336301228361982,estiva_de_baixo,-14.9339,-39.4675,2260.0,2272.235,high,104.0,269.1856,55.3698,2272.235,2.64477,2.83648,2.25387,1.07248,0.45714,0.0525,0.0,20.35,1.40345,djf,260.25,4.79724,son,0.39864,0.14702,3.58291,4.69071,0.22058,145.14286,0.0008,1.3286,41.93534,5.01875,213.64566,20.87245,0.00023,metamorphics,72.15,acid_plutonic_rocks,24.81,0.0,0.01,-14.1,43.0317,18.0445,38.9155,10.7483,2701.4986,1915.222,2.9065,1.9975,0.0,0.0
53160000,39.26078028747433,0.025732217573221756,4.318163514030219,125,0.7381929494468551,cajueiro_do_ibicarai,-14.8781,-39.4806,997.0,1021.833,high,119.0,310.1645,68.4641,1021.833,2.86253,2.77857,2.71353,0.97067,0.39067,0.0596,0.0,20.45,1.39116,djf,263.0,4.84793,son,0.54692,0.19049,2.82411,2.94743,0.25674,152.05882,0.0035,1.67404,25.81597,4.21667,170.55884,17.05612,0.00019,metamorphics,65.53,acid_plutonic_rocks,16.5,0.0,0.01,-14.1,41.1359,19.5194,39.3502,12.1328,2575.5459,3082.678,2.5374,1.2711,0.0,0.0
53170000,40.7501711156742,0.012832571889277077,6.559174681034292,125,1.5112788732947566,ferradas,-14.8439,-39.3311,3850.0,3890.131,high,63.0,266.5341,58.4565,3890.131,2.81916,2.82884,2.57613,1.00344,0.40659,0.05605,0.0,19.75,1.38596,djf,254.15,4.54651,son,0.40649,0.14353,3.60091,3.36045,0.24307,141.55556,0.0014,1.3645,41.47934,5.14375,205.58228,19.9951,0.0002,metamorphics,71.98,acid_plutonic_rocks,20.23,0.0,0.01,-14.1,42.2551,18.9114,38.829,11.6245,2753.6249,2220.7401,3.0025,2.0237,0.0,0.0
53180000,39.290896646132786,0.00877987596683158,5.349750363671938,125,1.6781288568715516,contorno_da_br-101,-14.815,-39.2961,3950.0,3993.096,high,65.0,262.8848,57.8644,3993.096,2.86518,2.82884,2.57613,0.98732,0.39492,0.05605,0.0,19.75,1.39085,djf,253.1,4.50757,son,0.50598,0.17622,3.24737,2.86615,0.22903,144.11111,0.0036,1.4861,36.34303,4.89116,209.6169,21.48705,4e-05,metamorphics,72.55,acid_plutonic_rocks,19.71,0.0,0.01,-14.1,42.2061,19.0212,38.7697,11.7437,2749.1473,2209.1576,3.2516,1.7606,0.0,0.0
53540001,44.41615331964408,0.10028971213708932,17.439250593532435,125,2.1959602828177083,vereda_do_paraiso,-15.4936,-41.4503,10800.0,11241.55,high,662.0,889.8864,46.2694,11241.55,2.23546,3.09152,1.95141,1.38295,1.21521,0.11382,0.0,24.3,1.54286,djf,275.15,8.58502,jja,0.09578,0.04268,2.25099,1.84455,0.56806,155.21053,0.0083,0.3669,17.12266,11.0,42.48027,24.17143,0.0,unconsolidated_sediments,55.93,metamorphics,40.68,0.0,0.1282,-12.9708,47.2084,15.2579,37.4771,9.4326,2883.4436,4376.252,6.3436,18.1454,202.0,51.3989
53620000,44.58316221765914,0.007000736919675755,50.772698416836654,125,2.235884038260042,cândido_sales,-15.5133,-41.2367,13000.0,12923.24,high,630.0,882.9278,44.9711,12923.24,2.2401,3.07232,1.96614,1.37151,1.20266,0.11382,0.0,24.55,1.55873,djf,273.1,8.36447,jja,0.08602,0.03825,2.02858,2.08968,0.50584,152.89474,0.0069,0.3138,19.9346,12.0303,42.93219,17.8125,7e-05,unconsolidated_sediments,58.26,metamorphics,37.16,0.0,0.133,-12.9809,46.9163,15.0878,37.9408,9.4524,2856.8373,4383.2775,6.9506,22.1381,202.0,49.7853
53630000,44.58316221765914,0.005342667649226234,89.21190434226766,125,2.0735331764138025,inhobim,-15.3397,-40.9328,16400.0,16339.08,high,504.0,867.1999,43.2188,16339.08,2.22167,3.03921,1.95955,1.36798,1.16008,0.10926,0.0,22.85,1.59233,djf,270.7,8.06855,jja,0.05659,0.02526,1.99476,1.81919,0.57698,157.16667,0.0053,0.207,16.85692,9.54286,32.35115,17.32432,3e-05,unconsolidated_sediments,58.76,metamorphics,37.61,0.0,0.1339,-13.0338,46.862,14.8015,38.2835,9.4631,2831.1465,4370.4018,6.7841,32.8451,202.0,59.8551
53650000,44.25462012320329,0.012435040831477357,58.07734486637802,125,1.6226679368598804,itambe,-15.2483,-40.6311,18500.0,18414.0,high,345.0,857.2049,43.8852,18414.0,2.20927,3.02738,1.95132,1.37031,1.12731,0.10348,0.0,22.65,1.61786,djf,268.95,7.72845,jja,0.06716,0.03024,3.12046,1.59686,0.50561,150.94444,0.0061,0.2737,21.63396,7.50877,56.30895,10.22018,0.0,unconsolidated_sediments,58.9,metamorphics,36.87,0.0,0.136,-13.0552,46.9545,14.8047,38.1911,9.5002,2866.2446,4412.5799,6.7114,27.3769,202.0,44.7479
53780000,44.58316221765914,0.0019037091623679686,33.06556554971809,125,2.4360269254624325,itapetinga,-15.2414,-40.2333,2870.0,2831.022,high,255.0,680.5829,55.75,2831.022,2.28896,2.98892,1.90306,1.3058,0.73442,0.0696,0.0,22.6,1.48197,djf,278.8,6.3653,jja,0.32269,0.14044,1.19523,1.34386,0.59801,162.52632,0.0729,0.82486,6.54029,3.25,14.58988,7.63158,0.0,metamorphics,59.62,unconsolidated_sediments,40.37,0.0,0.0948,-13.1889,46.0446,14.9953,38.9292,11.5142,2659.1954,4405.9868,8.8136,7.483,0.0,0.0
53880000,44.58316221765914,0.005097027757307786,35.51290658620285,125,1.973627378456257,fazenda_nancy,-15.6039,-39.5167,29400.0,29232.21,high,81.0,722.5582,49.0746,29232.21,2.27571,2.97877,1.97086,1.30894,0.95932,0.09116,0.0,21.9,1.61624,djf,256.4,6.03294,jja,0.15792,0.06917,1.70777,1.4399,0.53708,152.26316,0.0247,0.5081,11.14731,4.03636,31.43339,17.88571,0.0,metamorphics,50.25,unconsolidated_sediments,43.17,1.26,0.1054,-13.3063,46.3756,15.0866,38.4918,9.9993,2787.7206,4228.6396,5.9772,10.3698,202.0,11.9883
53950000,44.58316221765914,0.01234340456890199,32.50707359235848,125,2.2091429321843226,mascote,-15.5686,-39.3044,30700.0,30473.57,high,28.0,704.6602,50.6118,30473.57,2.32813,2.97146,2.01734,1.27633,0.92,0.09116,0.0,21.4,1.58519,djf,252.4,5.5779,jja,0.19141,0.08196,2.13132,1.64368,0.56,158.52632,0.0293,0.63045,11.29794,4.16667,31.93552,23.55556,0.0,metamorphics,50.44,unconsolidated_sediments,41.43,1.39,0.104,-13.3488,46.0625,15.3345,38.5595,10.0558,2760.1172,4170.7752,5.7923,8.291,202.0,9.4881
54010005,44.83504449007529,0.0018930141670737664,16.272875932621247,125,2.5753455715646996,vila_terra_branca_jusante,-17.3128,-43.2078,7720.0,7700.045,high,607.0,929.8222,72.2972,7700.045,3.11512,3.01004,2.34008,0.96627,1.25262,0.09635,0.0,23.6,1.47962,djf,253.4,7.53046,jja,0.95284,0.30588,1.35645,2.76566,0.52775,141.25,0.1552,3.63806,21.5,4.38776,59.85,18.70312,0.0,metamorphics,38.51,siliciclastic_sedimentary_rocks,34.74,0.04,0.1463,-13.3473,46.2878,16.1965,37.4712,21.7298,2739.5328,3474.4747,1.0112,0.2907,0.0,0.0
54110002,44.83504449007529,0.0026257938446507083,71.83892762220601,125,1.7192773989714583,fazenda_jambeiro_-_grao_mogol,-16.5914,-42.9183,4050.0,4041.095,high,693.0,927.2761,57.4538,4041.095,2.76202,3.17381,2.23417,1.14909,1.29387,0.116,0.0,25.2,1.6051,djf,271.6,8.70513,jja,0.48314,0.17427,1.87765,3.58829,0.492,145.52632,0.0167,2.06299,28.44798,4.35385,120.12488,28.45238,0.0,metamorphics,51.65,unconsolidated_sediments,30.29,0.0,0.0747,-13.755,47.9545,16.0363,35.9743,9.646,2703.2751,3363.084,1.1375,0.645,0.0,0.0
54150000,44.83504449007529,0.0018319491939423546,16.583889459861833,125,2.079496451272306,porto_mandacaru,-16.6789,-42.4856,16100.0,16090.64,high,339.0,882.5256,71.7236,16090.64,2.89866,3.05814,2.27704,1.05502,1.26577,0.09738,0.0,23.25,1.57095,djf,253.55,8.24553,jja,0.68021,0.23466,0.94838,2.81711,0.54803,146.4,0.0861,2.38826,13.95,4.29231,63.15,24.76471,0.0,metamorphics,50.16,unconsolidated_sediments,26.42,0.02,0.1083,-13.5449,46.6048,16.2333,37.1182,15.5791,2619.8712,3615.1335,1.2143,0.4891,5964.0,149.2894
54165000,44.83504449007529,0.04298974108451392,31.064489829073686,125,1.3883372551924857,ponte_vacaria,-16.1933,-42.585,2290.0,2285.916,high,637.0,846.2741,51.0564,2285.916,2.54458,3.13494,2.10187,1.23201,1.29241,0.1085,0.0,25.6,1.54683,djf,278.15,8.46728,jja,0.23477,0.09226,2.59893,3.44191,0.39212,138.85,0.0118,1.0143,29.8,3.42529,149.65,22.67424,0.0,metamorphics,51.28,unconsolidated_sediments,44.08,0.0,0.1025,-13.3832,47.2866,15.9979,36.6707,8.6337,2597.8441,3603.2642,2.1574,2.5177,0.0,0.0
54195000,44.83504449007529,0.0019540791402051783,37.731328436339936,125,2.3636171019704784,barra_do_salinas,-16.6175,-42.3097,23400.0,23458.67,high,315.0,837.9261,68.1763,23458.67,2.75533,3.0602,2.22044,1.11064,1.26426,0.09779,0.0,22.1,1.60145,djf,253.85,8.26873,jja,0.50664,0.18388,1.1561,2.39566,0.56535,145.2,0.0717,1.7236,12.95,4.2459,50.5,21.04167,0.0,metamorphics,53.54,unconsolidated_sediments,26.75,0.01,0.0957,-13.5638,46.374,16.444,37.1435,13.571,2601.3475,3664.0625,1.62,0.876,6049.0,139.4402
54230000,44.83504449007529,0.0018930141670737664,52.83618188773672,125,1.7758772336152078,carbonita,-17.5792,-42.9953,2850.0,2856.734,high,624.0,878.8955,65.7526,2856.734,3.13007,2.88323,2.4053,0.92114,1.18935,0.06495,0.0,24.45,1.49085,djf,260.25,7.10095,jja,0.86017,0.27481,1.09038,1.84356,0.62013,144.95,0.2216,2.8629,8.95,3.0339,3.85,11.0,0.0,metamorphics,43.9,unconsolidated_sediments,25.81,0.0,0.086,-13.3101,42.1543,15.9383,41.8597,16.985,2556.2635,3484.1976,31.8114,10.1323,0.0,0.0
54260000,44.83504449007529,0.003724963361016121,75.23510344638798,125,1.8581227363981596,ponte_alta,-17.2825,-42.8078,6950.0,6935.864,high,684.0,868.2279,63.5396,6935.864,3.00864,2.87464,2.35724,0.95546,1.19201,0.06127,0.0,24.65,1.49848,djf,256.85,7.16457,jja,0.6752,0.22442,1.33709,2.04622,0.62719,146.15,0.1561,2.2169,8.55,4.17073,7.1,8.35294,0.0,metamorphics,43.57,unconsolidated_sediments,32.34,0.0,0.087,-13.1156,41.3974,15.8773,42.671,14.8708,2541.1704,3681.7822,37.2514,15.1152,0.0,0.0
54300000,29.83709787816564,0.0,20.518249116453852,125,1.3474751669337974,minas_novas,-17.2197,-42.5969,1070.0,1085.366,high,499.0,857.3886,63.6735,1085.366,2.85092,2.95606,2.4749,1.03688,1.16313,0.0438,0.0,25.0,1.49254,djf,269.25,6.79067,jja,0.46347,0.16257,1.60099,2.067,0.59668,144.15,0.0904,1.5671,8.5,2.46377,19.2,9.6,0.0,metamorphics,54.64,acid_plutonic_rocks,26.06,0.0,0.0504,-13.0,43.1072,14.9242,41.8992,11.4693,2624.3416,3781.5044,23.6558,13.9839,0.0,0.0
54390000,44.7501711156742,0.001957785255429795,55.24577297788673,125,1.580688645424375,pega,-16.86,-42.3483,11000.0,10816.26,high,326.0,824.275,62.1218,10816.26,2.87804,2.92262,2.31954,1.01549,1.19996,0.06082,0.0,24.3,1.57792,djf,255.25,7.43086,jja,0.56251,0.19545,1.63401,2.05991,0.58906,142.2,0.11714,1.91932,10.85,3.14493,15.45,10.65517,0.0,metamorphics,49.39,unconsolidated_sediments,32.51,0.0,0.0842,-13.1252,42.3688,15.8482,41.7294,13.2559,2522.0305,3643.9545,33.0718,16.1076,0.0,0.0
54485000,44.7501711156742,0.12933618843683084,7.4838613257975375,125,1.4364021231728792,fazenda_facao,-16.9711,-42.1156,1180.0,1188.58,high,331.0,800.8037,75.6709,1188.58,2.70901,2.97488,2.33105,1.09815,1.10422,0.0401,0.0,25.25,1.45115,djf,273.75,7.10117,jja,0.25197,0.09479,2.03791,2.74808,0.53831,135.0,0.0308,0.8246,12.35636,3.15584,65.64635,16.55128,0.0,metamorphics,51.59,acid_plutonic_rocks,38.18,0.0,0.031,-13.0511,44.63,14.8052,40.5463,12.3473,2360.194,3732.3658,1.7114,1.8608,0.0,0.0
54500000,44.83504449007529,0.0,63.82810279560407,125,2.006217988183695,aracuai,-16.8503,-42.0631,16230.0,16002.5,high,286.0,785.9414,64.7722,16002.5,2.79406,2.93085,2.31124,1.04896,1.18625,0.0601,0.0,23.05,1.57338,djf,254.75,7.35209,jja,0.44336,0.15868,1.73822,2.00985,0.60468,143.4,0.0898,1.4759,11.15,3.32836,16.75,11.55172,0.0,metamorphics,56.21,unconsolidated_sediments,25.66,0.0,0.0679,-13.1516,42.9842,15.8755,41.0985,12.7013,2477.5997,3571.4151,24.9411,15.4122,0.0,0.0
54580000,44.668035592060235,0.01127796506282562,37.797796131477284,125,2.2858700852660605,itaobim,-16.5692,-41.5031,45600.0,45598.76,high,239.0,790.8973,68.9191,45598.76,2.70028,3.00321,2.23017,1.11219,1.22452,0.07607,0.0,22.25,1.69847,djf,252.1,7.91523,jja,0.4355,0.16128,1.10212,2.16242,0.57793,144.05,0.072,1.48366,10.55,4.39583,40.15,24.33333,0.0,metamorphics,50.36,unconsolidated_sediments,23.92,0.01,0.0768,-13.3651,45.1489,16.2595,38.5541,12.8882,2540.3475,3664.0125,9.8895,6.2215,6049.0,83.4554
54590000,44.83504449007529,0.050378602833414755,58.96092899662549,125,1.2833305989791315,sao_joao_grande,-16.6894,-41.4986,1350.0,1327.055,high,358.0,779.8074,81.6727,1327.055,2.51187,2.95204,2.21648,1.17524,1.06123,0.03528,0.0,24.4,1.47879,djf,278.9,7.09669,jja,0.28289,0.11483,1.66504,2.08828,0.59199,142.58824,0.0507,0.956,10.08949,2.69444,25.37975,9.95918,0.0,acid_plutonic_rocks,85.23,unconsolidated_sediments,13.25,0.0,0.0382,-12.9971,44.2239,13.9025,41.7998,11.8908,2122.0076,4485.1223,3.1698,3.0699,0.0,0.0
54710000,44.832306639288156,0.024854961832061068,58.50725830100975,125,2.44781524251431,jequitinhonha___(pcd),-16.4275,-41.0136,53298.0,50603.99,high,208.0,780.0544,71.0196,50603.99,2.66579,2.99615,2.21953,1.12393,1.21249,0.07499,0.0,22.2,1.74118,djf,251.55,7.84867,jja,0.42719,0.16025,1.31913,1.93378,0.57426,144.15,0.0736,1.47214,11.15,4.37255,33.6,18.16216,0.0,metamorphics,46.09,acid_plutonic_rocks,24.25,0.01,0.073,-13.3592,45.1526,16.134,38.6738,12.7369,2496.0144,3711.924,9.1839,5.8899,6049.0,76.6621
54730005,44.83504449007529,0.1369076697606253,27.87638370162883,125,2.1700565226660915,fazenda_boa_sorte_jusante,-16.6222,-41.0281,1900.0,1893.528,high,262.0,641.7231,93.7739,1893.528,2.64502,2.9072,2.15319,1.09912,0.95617,0.0282,0.0,23.25,1.48089,djf,269.7,6.12955,jja,0.40658,0.15207,1.11957,1.80276,0.64615,157.16667,0.08325,1.1872,3.8496,2.58621,17.19488,7.97619,0.0,acid_plutonic_rocks,56.56,metamorphics,41.98,0.0,0.0132,-13.5612,43.0096,14.7731,42.155,12.0823,2014.5805,4063.4193,2.1464,1.4463,0.0,0.0
54770000,44.83504449007529,0.04201270151441133,21.01988309361454,125,2.119078586067413,fazenda_cajueiro,-16.12,-40.7392,2820.0,2817.884,high,213.0,726.6329,80.9388,2817.884,2.50246,2.93944,2.06666,1.17462,0.97534,0.0746,0.0,23.4,1.58108,djf,274.6,6.74693,jja,0.17305,0.06915,2.15232,2.83455,0.4838,145.95,0.00864,0.6258,19.5,7.09091,98.7,23.22353,0.0001,acid_plutonic_rocks,49.84,metamorphics,29.82,0.0,0.0533,-13.4271,44.0092,15.0037,40.9317,11.4294,2282.4375,4667.7198,1.6184,2.5623,0.0,0.0
54780000,44.83504449007529,0.03663898387884709,54.73285609087231,125,2.4780560512868006,jacinto,-16.1358,-40.3061,62700.0,62785.33,high,160.0,744.8991,74.2055,62785.33,2.65244,2.97749,2.19975,1.12255,1.15414,0.06915,0.0,21.95,1.6692,djf,245.2,6.75482,jja,0.41203,0.15534,1.41339,1.90284,0.5766,144.3,0.0641,1.4257,10.95,4.65957,37.35,29.88,0.0,metamorphics,45.61,acid_plutonic_rocks,28.24,0.0,0.0655,-13.431,44.8732,15.9373,39.1467,12.5616,2462.0902,3806.8092,7.7613,5.1607,6049.0,64.0619
54950000,44.662559890485966,0.13179672653711763,59.277460873046905,125,2.375761524889607,itapebi,-16.0147,-39.4253,68900.0,68283.32,high,44.0,709.8411,73.0529,68283.32,2.6346,2.96537,2.19436,1.12555,1.12027,0.06747,0.0,21.7,1.66284,djf,242.0,6.33508,jja,0.41703,0.15885,1.23917,2.31673,,150.1875,0.0614,1.4337,10.68718,4.74419,48.24946,16.74545,0.0,metamorphics,46.99,acid_plutonic_rocks,28.58,0.11,0.0614,-13.4667,44.9605,15.9052,39.0908,12.3842,2473.606,3766.1207,7.2717,4.7772,8769.0,84.3672
55330000,44.83504449007529,0.04976795310210064,60.99694282454363,125,1.7653658907112242,jucurucu,-16.8386,-40.1564,936.0,941.599,high,198.0,592.4571,78.1464,941.599,2.66282,2.9976,2.43428,1.12572,0.87197,0.01695,0.0,23.8,1.46914,djf,278.5,6.53756,jja,0.65818,0.24717,0.59576,1.56637,0.68149,165.0,0.1955,1.7869,0.25,1.25,5.8,7.25,0.0,metamorphics,73.63,acid_plutonic_rocks,25.71,0.0,0.0115,-13.087,45.3807,13.628,40.9063,12.6207,2243.2431,4157.8732,1.2747,0.5306,0.0,0.0
55340000,44.83504449007529,0.004763067904250122,57.15552917380067,125,3.5417759310318493,itamaraju,-17.0453,-39.5436,2760.0,2764.481,high,33.0,382.6398,74.2014,2764.481,2.87437,2.91389,2.59705,1.01375,0.67588,0.02265,0.0,22.1,1.38994,djf,260.55,5.26896,jja,0.94535,0.32889,1.27148,1.57877,0.65377,159.9,0.2578,2.8838,3.05,3.21053,6.8,11.33333,0.0,metamorphics,65.2,acid_plutonic_rocks,30.55,0.0,0.0206,-12.9282,44.0539,15.3671,40.5223,11.4076,2062.3762,3911.1675,1.6675,0.4832,0.0,0.0
55360000,44.83504449007529,0.003724963361016121,49.294843362126656,125,2.881382422526744,sao_jose_do_prado,-17.1875,-39.9822,878.0,854.9579,high,111.0,444.8527,60.6467,854.9579,2.83005,2.91937,2.67515,1.03156,0.65678,0.01717,0.0,22.65,1.41121,djf,273.3,5.90919,jja,1.45328,0.51352,1.28398,1.50304,0.71561,169.3,0.4408,3.61966,0.0,0.0,5.85,7.3125,0.0,metamorphics,64.46,acid_plutonic_rocks,34.92,0.0,0.0113,-12.9834,46.1437,14.3456,39.4344,11.1794,2147.0907,3436.2274,1.6819,0.3171,0.0,0.0
55370000,39.08555783709788,0.0,69.10926657614085,125,2.6919623505472328,cachoeira_grande,-17.2528,-39.7742,1800.0,1762.957,high,39.0,313.2795,59.8441,1762.957,2.91678,2.92156,2.59147,1.00164,0.5722,0.02045,0.0,21.9,1.36449,djf,266.7,5.47639,jja,1.2221,0.41912,1.37093,1.81199,0.69097,166.78947,0.3102,3.20081,1.36912,4.5,9.88807,13.0,0.0,metamorphics,69.69,acid_plutonic_rocks,26.07,0.0,0.0207,-12.8944,45.4538,15.2097,39.2792,10.6085,2228.5942,3756.2256,2.054,0.4605,0.0,0.0
55380000,44.83504449007529,0.01581582804103566,65.20639596799892,125,3.0282343335429793,fazenda_rio_do_sul,-17.2494,-39.6211,1980.0,1955.554,high,20.0,295.1914,58.423,1955.554,2.94883,2.92156,2.59147,0.99075,0.53737,0.0312,0.0,21.8,1.36677,djf,265.15,5.38376,jja,1.21382,0.40923,1.22466,1.52198,0.70611,161.94444,0.3507,3.263,0.25974,1.66667,2.54548,12.25,0.0,metamorphics,69.84,acid_plutonic_rocks,23.5,0.0,0.0268,-12.8369,45.5463,15.2758,39.1232,10.4296,2225.2248,3789.3467,2.0346,0.4592,0.0,0.0
55460000,44.7501711156742,0.029856225145304373,69.82993139870808,125,2.5636726591789403,medeiros_neto,-17.3753,-40.2214,3230.0,3233.872,high,163.0,342.8646,55.932,3233.872,2.7211,2.91802,2.42055,1.07237,0.69652,0.0053,0.0,22.95,1.45714,djf,264.0,5.46019,jja,0.57581,0.21101,0.70593,1.68894,0.6245,150.44444,0.1158,1.83622,1.87776,2.17647,16.2401,17.77778,0.0,metamorphics,54.86,acid_plutonic_rocks,27.42,0.0,0.0552,-12.5942,46.6171,14.3426,38.9857,9.9749,1917.582,3137.7226,3.1869,1.5163,0.0,0.0
55520001,44.83504449007529,0.005679042501221299,192.4812886547665,125,2.782794873497265,mucuri,-17.5961,-41.4914,2080.0,2096.482,high,370.0,642.3915,66.0027,2096.482,2.97087,2.86452,2.58302,0.9642,1.01248,0.0,0.0,24.85,1.43228,djf,266.3,6.5672,jja,0.4924,0.16574,1.06601,1.73923,0.70851,152.85,0.1117,1.4167,1.0,1.81818,11.6,12.21053,0.0,acid_plutonic_rocks,52.14,metamorphics,47.83,0.0,0.0101,-12.999,42.0684,15.3068,42.5898,12.3995,2005.2462,3923.7873,2.4998,1.3909,0.0,0.0
55560000,44.83504449007529,0.017892037127503663,107.57448992610603,125,3.1081427723355106,fazenda_diacui,-17.4864,-41.2486,5100.0,5143.988,high,263.0,608.24,74.9555,5143.988,2.89295,2.9116,2.39055,1.00645,0.99074,0.0046,0.0,24.45,1.47734,djf,261.3,6.18462,jja,0.77972,0.26952,1.06544,1.90384,0.6727,153.15,0.16086,2.22828,3.75,9.375,15.85,14.40909,0.0,acid_plutonic_rocks,65.33,metamorphics,33.99,0.0,0.0115,-12.9857,42.2587,15.3762,42.3231,12.4258,1991.1169,3947.9383,2.4519,0.8615,0.0,0.0
55610000,44.83504449007529,0.0018930141670737664,43.214374836764435,125,2.092148296741691,francisco_sa,-17.7386,-41.1222,1850.0,1857.778,high,210.0,458.5183,71.0196,1857.778,2.97493,2.84332,2.39319,0.95576,0.91113,0.0,0.0,24.5,1.47147,djf,267.6,6.18728,jja,0.54358,0.18272,1.74859,2.53812,0.58656,144.2,0.0677,1.7918,9.75,7.22222,63.7,18.46377,0.0,acid_plutonic_rocks,57.91,metamorphics,41.88,0.0,0.0105,-12.9944,42.4775,15.0088,42.4682,11.6402,1921.1686,3876.046,4.6388,2.3381,0.0,0.0
55630000,44.83504449007529,0.0006106497313141182,110.99413856016855,125,2.2140733363339464,carlos_chagas,-17.7042,-40.7617,9160.0,9211.65,high,168.0,506.2368,69.739,9211.65,2.89685,2.88533,2.36742,0.99602,0.93744,0.00307,0.0,23.85,1.52396,djf,256.25,5.85046,jja,0.65489,0.22607,1.53851,2.27417,0.6552,151.05,0.1131,1.9574,4.85,5.38889,28.4,15.77778,0.0,acid_plutonic_rocks,60.62,metamorphics,37.06,0.0,0.0157,-12.9443,42.5764,15.1823,42.1993,11.7715,1961.5491,3829.7943,2.8024,1.1724,147.0,6.676
55660000,44.83504449007529,0.010991695163654128,24.766673315625866,125,2.5015886811794856,sao_pedro_do_pampa,-17.3203,-40.6764,1940.0,1965.451,high,204.0,393.3179,65.7278,1965.451,2.7889,2.8663,2.28457,1.02775,0.80288,0.0,0.0,23.05,1.42724,djf,267.7,5.87061,jja,0.76173,0.27313,1.46869,1.95525,0.62491,154.2,0.1366,2.3653,4.65,3.44444,22.9,12.72222,0.0,acid_plutonic_rocks,49.17,metamorphics,43.08,0.0,0.0297,-13.08,43.4722,15.416,41.0631,11.4533,1947.1328,3378.4689,1.6292,0.586,0.0,0.0
55699998,44.83504449007529,0.0019540791402051783,81.21850094276797,125,2.2916440922694874,nanuque_montante,-17.8419,-40.3822,13700.0,13799.12,high,110.0,443.7094,63.7331,13799.12,2.85907,2.88345,2.35832,1.00853,0.88194,0.00184,0.0,23.1,1.5098,djf,252.6,5.63211,jja,0.57323,0.2005,1.53126,1.99337,0.64879,151.8,0.11,1.6847,5.95,5.66667,20.4,15.69231,0.0,acid_plutonic_rocks,58.59,metamorphics,35.27,0.0,0.0255,-12.8886,43.1807,15.031,41.7473,11.1929,1976.7321,3561.1219,2.4963,1.1931,147.0,5.0914
55790000,39.00068446269678,0.0011934011934011935,26.167311461046214,125,1.753287491421285,ataleia,-18.0453,-41.1122,424.0,425.1456,high,255.0,471.3832,101.7227,425.1456,2.91789,2.85961,2.34871,0.98003,0.9283,0.0,0.0,24.7,1.46588,djf,277.55,6.54599,jja,1.10884,0.37913,2.16526,2.5344,0.54447,138.65,0.1179,4.0889,13.83219,2.67961,69.06072,15.48315,1e-05,acid_plutonic_rocks,78.56,metamorphics,20.96,0.0,0.0112,-12.9743,45.3391,14.3341,40.2669,10.8221,1897.0611,3575.198,2.1548,0.5324,0.0,0.0
55895000,30.32991101984942,0.0,56.46418401791762,125,2.415916412793435,barra_do_rio_preto,-18.6936,-40.8819,2500.0,2467.825,high,170.0,441.2326,90.9278,2467.825,2.89181,2.85506,2.35642,0.98729,0.95673,0.0,0.0,25.05,1.42735,djf,266.55,6.26439,jja,0.67913,0.23466,1.74681,2.33102,0.63179,147.31579,0.1151,2.1883,6.97004,2.57407,29.28418,12.97778,0.0,acid_plutonic_rocks,63.97,metamorphics,35.49,0.0,0.0112,-12.9999,44.7765,14.3067,40.8632,10.5594,2128.4468,3908.4755,5.5175,2.2258,0.0,0.0
55900000,44.83504449007529,0.005434782608695652,130.47332534945616,125,1.5119858004490887,barra_de_sao_francisco,-18.7556,-40.915,214.0,220.0957,high,204.0,415.7895,91.3716,220.0957,2.86509,2.8392,2.36284,0.99096,0.94604,0.0,0.0,27.1,1.45308,djf,283.1,6.97291,jja,0.75424,0.26325,1.61691,2.15307,0.64364,152.0,0.1358,2.2753,5.85,2.16667,22.2,10.82927,0.0,acid_plutonic_rocks,63.04,metamorphics,36.96,0.0,0.01,-13.0,44.5641,13.634,41.7524,11.6489,2437.5441,3079.5597,6.3721,2.3146,0.0,0.0
55920000,44.83504449007529,0.054408891060087936,60.77497606757651,125,2.611617314994337,corrego_da_boa_esperanca,-18.7006,-40.4419,4190.0,4172.233,high,110.0,365.6916,84.4004,4172.233,2.91746,2.82761,2.37216,0.9692,0.90967,0.0,0.0,24.8,1.46313,djf,263.5,6.07843,jja,0.73708,0.25261,1.13127,2.6817,0.61298,151.05556,0.1057,2.4827,7.70762,3.23404,39.40015,14.94231,0.0,acid_plutonic_rocks,60.76,metamorphics,38.1,0.0,0.0128,-12.979,45.1028,13.8444,40.9911,9.9315,2217.4241,3487.5011,15.0017,5.5761,0.0,0.0
55960000,44.83504449007529,0.019601856375183194,85.94958376946728,125,3.0925016558404885,boca_da_vala,-18.6511,-40.0889,12000.0,11962.0,high,54.0,333.1823,66.7124,11962.0,2.9431,2.85528,2.39167,0.97016,0.88442,0.0,0.0,22.85,1.43711,djf,256.05,5.74747,jja,0.60017,0.20315,2.09844,2.70223,0.67848,155.36842,0.0904,1.7729,2.83218,2.94737,37.72868,15.54167,0.0,acid_plutonic_rocks,67.48,metamorphics,26.89,0.0,0.0241,-12.8925,45.3775,13.8396,40.7276,9.4252,2139.8222,3099.2973,12.2883,5.6095,0.0,0.0
56028000,44.668035592060235,0.015323322096230463,48.75325695703753,125,2.1886523547047894,piranga,-20.6906,-43.2994,1400.0,1418.38,high,631.0,848.1639,52.8316,1418.38,4.08785,2.74349,2.78384,0.67113,1.10414,0.03317,0.0,22.3,1.33533,djf,244.8,5.40994,jja,1.37133,0.33546,2.19934,1.58424,0.73453,157.85,0.499,3.4732,1.05,2.1,0.0,0.0,0.0,acid_plutonic_rocks,56.83,metamorphics,20.4,0.0,0.0138,-13.9746,39.0821,16.6,44.29,17.5573,2215.0247,2073.2639,3.1024,0.6198,0.0,0.0
56055000,44.7501711156742,0.002018966044661976,42.05876708732879,125,1.9725127384907555,braz_pires,-20.8475,-43.2419,1090.0,1107.841,high,647.0,801.1469,46.7175,1107.841,4.254,2.76185,2.60158,0.64924,1.09987,0.02488,0.0,22.35,1.31085,djf,246.55,5.60978,jja,1.60246,0.37669,1.63888,1.4248,0.73482,158.05,0.5821,3.97412,0.55,1.83333,0.0,0.0,0.0,acid_plutonic_rocks,57.59,metamorphics,40.32,0.0,0.01,-14.0005,38.7332,16.1877,45.0169,16.576,2184.5911,2251.4099,2.059,0.352,0.0,0.0
56065000,44.58590006844627,0.025729198649063555,64.67261293457372,125,1.9637562857887654,senador_firmino,-20.9117,-43.0972,297.0,284.5781,high,674.0,779.5154,35.0258,284.5781,3.92363,2.73638,2.53491,0.69741,1.09121,0.0055,0.0,22.3,1.29275,djf,258.25,5.74527,jja,1.58594,0.40821,0.43823,1.09475,0.73947,153.66667,0.6555,4.033,0.93308,1.5,0.0,0.0,0.0,metamorphics,47.55,acid_plutonic_rocks,44.55,0.0,0.0231,-12.8459,39.5622,15.4828,44.8936,14.3928,2150.4047,1977.0885,5.1035,0.8816,0.0,0.0
56075000,44.668035592060235,0.0019000919399325773,76.3038753289794,125,2.515587022485331,porto_firme,-20.6703,-43.0881,4260.0,4277.91,high,593.0,801.9837,49.9002,4277.91,4.08084,2.74895,2.68474,0.67362,1.1013,0.022,0.0,21.35,1.30581,djf,237.65,5.4258,jja,1.44948,0.35519,1.85227,1.46469,0.76134,160.0,0.57278,3.42036,0.35,1.75,0.0,0.0,0.0,acid_plutonic_rocks,43.67,metamorphics,42.13,0.0,0.0148,-13.7372,39.0974,16.3066,44.5488,16.5727,2205.3412,2330.7519,2.7061,0.5115,0.0,0.0
56085000,44.83504449007529,0.005801172447484123,20.262369150746014,125,1.3501761546657047,seriquite,-20.7233,-42.9228,342.0,334.2861,high,645.0,740.2875,37.8379,334.2861,3.3852,2.70942,2.51755,0.80037,1.04334,0.0,0.0,22.9,1.31232,djf,262.25,5.77643,jja,1.05918,0.31289,1.88796,1.22193,0.70548,155.85,0.4215,2.55224,2.75,1.48649,0.0,0.0,0.0,metamorphics,100.0,,0.0,0.0,0.01,-13.0,39.4281,15.7914,44.6937,15.5361,2102.2655,2080.1084,19.5641,5.0605,0.0,0.0
56090000,44.83504449007529,0.022288715192965314,106.31758814876424,125,2.350571404152939,fazenda_varginha,-20.7144,-42.9997,328.0,327.7102,high,661.0,756.4189,38.7621,327.7102,3.66965,2.71222,2.52635,0.73909,1.06999,0.011,0.0,22.65,1.31304,djf,260.5,5.90034,jja,1.02207,0.28081,1.07071,1.01856,0.7901,160.63158,0.512,2.32997,0.15427,1.5,0.0,0.0,0.0,metamorphics,80.93,acid_plutonic_rocks,15.35,0.0,0.0183,-12.9011,38.7387,15.7995,45.3984,15.653,2180.3195,2202.6737,7.2031,1.9308,0.0,0.0
56110005,44.7501711156742,0.0037320281431630466,78.19351787612295,125,2.6182015333186133,ponte_nova_jusante,-20.3839,-42.9028,6230.0,6222.663,high,412.0,765.9841,47.7568,6222.663,3.94149,2.73318,2.62881,0.69344,1.09159,0.011,0.0,20.4,1.30769,djf,234.6,5.44948,jja,1.39958,0.35509,1.64445,1.37751,0.74815,159.15,0.5204,3.2918,0.75,2.14286,0.0,0.0,0.0,metamorphics,58.92,acid_plutonic_rocks,31.0,0.0,0.0137,-13.5092,39.1291,16.2619,44.5616,17.4696,2228.1867,2373.4493,4.1799,0.8182,13.0,0.409
56240000,44.83504449007529,0.0045798729848558865,22.156549337528652,125,1.155735356218103,fazenda_paraiso,-20.3769,-43.1919,857.0,812.4091,high,472.0,965.3616,83.6431,812.4091,4.13374,2.75714,2.76011,0.66698,1.11946,0.0446,0.0,23.15,1.33429,djf,248.0,5.6946,jja,1.91278,0.46272,1.86445,1.16277,0.75297,161.45,0.8218,4.27508,1.5,1.42857,0.0,0.0,0.0,metamorphics,65.7,basic_plutonic_rocks,18.24,0.0,0.01,-13.7768,39.9784,17.7226,42.2939,25.705,2306.2844,3308.276,13.4928,1.9326,46.0,8.1101
56335001,44.83504449007529,0.01074743527112848,27.34071664261579,125,1.2109680284562745,acaiaca-jusante,-20.3625,-43.1439,1371.0,1350.733,high,432.0,900.3341,81.4308,1350.733,4.15925,2.73403,2.72266,0.65734,1.11945,0.0446,0.0,23.15,1.34593,djf,244.95,5.72313,jja,1.9012,0.4571,1.52682,1.06186,0.76009,160.6,0.8742,4.2493,1.1,1.375,0.0,0.0,0.0,metamorphics,67.94,acid_plutonic_rocks,19.96,0.0,0.0122,-13.7212,39.8511,17.6815,42.4604,25.0325,2308.2729,3247.0713,16.3812,2.3606,46.0,4.9076
56415000,44.83504449007529,0.026013678553981436,38.40863381571124,125,1.8805125377600282,rio_casca,-20.2261,-42.65,2030.0,2035.26,high,358.0,725.3998,66.3847,2035.26,3.58265,2.71409,2.51679,0.75756,1.07514,0.0049,0.0,22.5,1.33929,djf,247.95,5.47956,jja,1.15769,0.32314,1.54145,1.47545,0.71897,155.65,0.4038,3.0629,1.7,2.0,0.05,1.0,0.0,metamorphics,60.62,acid_plutonic_rocks,38.33,0.0,0.0108,-13.0,40.1424,16.4018,43.4067,17.839,2199.3831,2584.9142,9.3418,2.2108,0.0,0.0
56425000,44.83504449007529,0.04592085979482169,74.52135042079529,125,2.8016946428417375,fazenda_cachoeira_d'antas,-19.9944,-42.6744,10100.0,10092.71,high,266.0,742.9721,57.4037,10092.71,3.94232,2.73091,2.62237,0.69272,1.10083,0.02287,0.0,19.7,1.3266,djf,228.8,5.56691,jja,1.41572,0.35911,1.52097,1.33045,0.77584,160.7,0.5989,3.3328,0.4,4.0,0.0,0.0,0.0,metamorphics,66.64,acid_plutonic_rocks,24.7,0.0,0.0143,-13.4143,39.5262,16.5069,43.9292,18.4646,2260.3965,2607.1365,6.6013,1.2775,66.0,1.2655
56460000,39.08555783709788,0.21308489773045672,36.264823391891,125,2.044169177231049,matipo,-20.2772,-42.3256,616.0,620.2209,high,586.0,911.9218,99.3596,620.2209,3.74845,2.77834,2.50043,0.7412,1.07661,0.0,0.0,24.0,1.35593,djf,259.4,5.63301,jja,1.34714,0.36167,1.88702,2.1777,0.70211,154.05263,0.3444,3.9435,2.58566,2.0,1.9651,3.8,0.0,metamorphics,51.19,acid_plutonic_rocks,48.81,0.0,0.01,-13.0,38.6297,16.6269,44.6945,21.6795,2214.3846,2868.1646,2.1153,0.4302,0.0,0.0
56484998,44.7501711156742,0.017987152034261242,32.58819767400258,125,1.834390507158101,raul_soares_montante,-20.1036,-42.44,1350.0,1392.1,high,319.0,792.7662,86.9526,1392.1,3.62196,2.79196,2.51205,0.77084,1.08803,0.0,0.0,23.1,1.37092,djf,253.6,5.66071,jja,1.13085,0.31423,2.04748,1.78611,0.69334,153.21053,0.284,3.09425,2.21239,2.15,7.35748,3.97222,0.0,acid_plutonic_rocks,58.16,metamorphics,41.84,0.0,0.01,-13.0,39.0014,16.2038,44.7462,17.7803,2282.2789,2797.6404,2.4722,0.5989,32.0,5.5691
56500000,44.83504449007529,0.17476795310210064,25.043468361646728,125,1.0134222867700213,abre_campo,-20.2989,-42.4783,273.0,260.4779,high,563.0,836.6269,105.5227,260.4779,3.58733,2.72745,2.53566,0.7603,1.08641,0.00368,0.0,23.85,1.33989,djf,263.0,5.85095,jja,1.48324,0.41261,1.08321,1.71882,0.73015,158.94737,0.4551,3.6931,2.00797,1.90476,1.20478,6.0,0.0,acid_plutonic_rocks,90.61,metamorphics,9.39,0.0,0.01,-13.0,38.9471,15.9275,45.0769,21.1153,2150.7172,2972.7045,1.9071,0.3523,0.0,0.0
56510000,42.001368925393564,0.0649240597092758,32.4721222036116,125,1.8070163717219334,instituto_florestal_raul_soares,-20.0975,-42.4592,1870.0,1883.267,high,331.0,765.664,87.9665,1883.267,3.60872,2.79196,2.51205,0.77367,1.08874,0.0,0.0,23.2,1.36873,djf,251.8,5.60802,jja,1.0845,0.30316,2.36333,1.72186,0.7079,155.15789,0.2716,2.7372,1.64713,2.13333,10.75779,6.14706,0.0,acid_plutonic_rocks,64.08,metamorphics,35.49,0.0,0.0105,-12.9981,39.1247,16.1496,44.6775,18.7544,2272.7307,2799.6502,2.418,0.6109,32.0,4.2926
56539000,44.83504449007529,0.013617489008304836,81.90597964879385,125,2.850065488714598,cachoeira_dos_oculos_-_montante,-19.7769,-42.4764,15900.0,16255.32,high,261.0,697.2577,61.1027,16255.32,3.81151,2.73953,2.59301,0.71875,1.09834,0.01666,0.0,19.05,1.32753,djf,225.1,5.44377,jja,1.16504,0.30566,1.6381,1.58891,0.77007,159.0,0.473,2.82336,0.35,3.5,0.0,0.0,0.0,metamorphics,62.13,acid_plutonic_rocks,29.74,0.0,0.0182,-13.1953,39.752,16.5033,43.706,17.759,2269.4263,2504.8218,7.1694,1.686,98.0,1.4177
56570000,44.83504449007529,0.06723253541768441,24.284156053509122,125,1.307151153502056,pingo_d'agua,-19.7086,-42.4456,855.0,851.3281,high,250.0,613.0168,67.939,851.3281,3.4305,2.84406,2.51702,0.82905,1.06663,0.0,0.0,24.4,1.4023,djf,260.5,5.88036,jja,0.93352,0.27212,0.38888,1.49094,0.70289,152.6,0.3017,2.39474,2.85,2.03571,0.1,1.0,0.0,acid_plutonic_rocks,92.94,metamorphics,5.08,0.0,0.0144,-12.9465,39.6172,15.6801,44.6545,16.4858,2331.1996,2720.8569,3.2687,0.9593,0.0,0.0
56610000,44.83504449007529,0.005923302393746947,23.379000670897312,125,1.8008298504040248,rio_piracicaba,-19.9317,-43.1731,1163.0,1152.377,high,629.0,824.5289,68.0996,1152.377,4.237,2.71555,2.895,0.64091,1.15368,0.0529,0.0,22.6,1.39938,djf,249.75,5.79466,jja,1.7842,0.4211,0.98861,1.69817,0.67713,150.4,0.5589,4.9096,3.6,2.4,0.25,5.0,0.0,metamorphics,47.98,acid_plutonic_rocks,47.66,0.0,0.0197,-13.4864,38.068,16.9738,44.8968,26.2896,2383.995,2676.6951,10.0696,1.5462,0.0,0.0
56640000,44.24914442162902,0.008724167801014726,12.415973140924406,125,1.2331436924697103,carrapato_(brumal),-19.9711,-43.4567,420.0,600.9964,high,787.0,1132.4283,129.2346,600.9964,4.36434,2.85973,3.01474,0.65525,1.1645,0.05653,0.0,22.15,1.3589,djf,253.05,5.89173,jja,1.79284,0.41259,1.58262,1.87634,0.61698,145.63158,0.5487,5.36868,7.25226,2.13433,0.0,0.0,0.0,metamorphics,60.99,siliciclastic_sedimentary_rocks,27.88,8.33,0.0706,-13.9818,41.15,18.7594,40.0903,30.1257,2217.3158,2766.1545,12.6407,1.9317,0.0,0.0
56659998,44.82683093771389,0.21168997740182008,17.355603660425565,125,2.3413710745231273,nova_era_iv,-19.7656,-43.0328,3060.0,3041.867,high,526.0,864.482,80.6666,3041.867,4.16089,2.76648,2.89135,0.66488,1.16373,0.0516,0.0,21.75,1.39871,djf,244.95,5.95985,jja,1.62117,0.38962,1.17481,1.49241,0.68301,149.45,0.5594,4.4603,3.9,2.68966,0.0,0.0,0.0,metamorphics,58.55,acid_plutonic_rocks,27.44,1.69,0.0331,-13.704,39.2097,17.2716,43.4876,26.7436,2408.3868,2650.1171,13.8481,2.3403,58.0,3.2223
56696000,44.0,0.15512413664364383,25.864332352033244,125,2.623329039504858,mario_de_carvalho,-19.5247,-42.6408,5270.0,5248.231,high,263.0,817.1776,84.225,5248.231,4.03544,2.78701,2.81656,0.69063,1.15725,0.0428,0.0,21.85,1.4375,djf,239.05,5.7189,jja,1.4735,0.36514,1.03848,1.54016,0.72807,154.15,0.5119,3.72766,2.15,2.26316,0.0,0.0,0.0,metamorphics,67.14,acid_plutonic_rocks,23.48,0.98,0.0245,-13.4015,39.8435,16.8842,43.2538,26.2761,2331.4297,2901.3895,10.0194,1.8629,141.0,4.9953
56719998,44.83504449007529,0.15370053737176356,44.023088362698026,125,3.078589753047478,belo_oriente,-19.3297,-42.3761,24200.0,24330.64,high,246.0,695.0516,66.5561,24330.64,3.82746,2.76338,2.65439,0.72199,1.11148,0.02111,0.0,19.4,1.4058,djf,223.2,5.49754,jja,1.18945,0.31077,1.84351,1.53018,0.76365,158.6,0.4528,2.9331,0.55,2.75,0.0,0.0,0.0,metamorphics,61.23,acid_plutonic_rocks,29.98,0.21,0.0213,-13.1835,39.8888,16.5839,43.4938,19.3112,2291.1483,2535.1555,8.0175,1.8467,239.0,2.2626
56750000,39.00068446269678,0.002176202176202176,24.199580040047408,125,1.5268668044841125,conceicao_do_mato_dentro,-19.0144,-43.4461,302.0,304.3795,high,629.0,817.0571,84.7482,304.3795,4.03451,2.90339,2.83457,0.71964,1.17308,0.06273,0.0,24.6,1.39773,djf,264.1,6.89556,jja,1.76882,0.43842,1.40486,1.96619,0.58481,151.1,0.3682,5.8755,9.95,2.39759,16.1,6.31373,0.0,acid_plutonic_rocks,47.05,siliciclastic_sedimentary_rocks,25.21,0.0,0.0784,-13.6474,39.3086,17.3261,43.3257,20.8577,2600.8934,2798.496,3.2031,0.4961,0.0,0.0
56775000,44.83504449007529,0.060576453346360526,30.931286171295525,125,1.9172828861207216,ferros,-19.2322,-43.02,4090.0,4125.422,high,441.0,786.4339,81.923,4125.422,4.0392,2.8708,2.85979,0.71074,1.17307,0.05725,0.0,23.1,1.40426,djf,248.0,6.36714,jja,1.77414,0.43923,1.9962,2.29242,0.59159,148.45,0.3585,5.90992,9.95,3.15873,16.55,11.82143,0.0,acid_plutonic_rocks,54.71,metamorphics,31.68,0.0,0.0381,-13.6002,39.5092,16.6868,43.7693,25.4822,2598.5745,2854.8035,1.6816,0.2597,0.0,0.0
56787000,39.00068446269678,0.0064584064584064585,15.809660221149048,125,2.0387769883037388,fazenda_barraca,-19.3319,-43.0703,1260.0,1275.02,high,484.0,793.1328,84.8781,1275.02,3.86914,2.82932,2.84843,0.73125,1.19151,0.06163,0.0,23.5,1.3783,djf,256.5,6.32552,jja,1.65033,0.42654,2.08163,1.70904,0.62448,150.25,0.4607,5.07934,6.05,2.24074,0.15,3.0,0.0,acid_plutonic_rocks,46.76,metamorphics,44.08,0.0,0.0218,-13.552,39.2799,16.7294,43.9586,26.6134,2511.9123,2808.462,11.5958,1.925,0.0,0.0
56800000,44.83504449007529,0.009220810942843185,80.1941726128619,125,2.17302500719163,senhora_do_porto,-18.8947,-43.0825,1520.0,1561.201,high,622.0,802.0744,61.9235,1561.201,3.74802,2.77801,2.7851,0.74119,1.14701,0.05573,0.0,24.45,1.39316,djf,256.8,6.54268,jja,0.91953,0.24534,1.46115,1.91787,0.68204,152.25,0.2716,2.5789,2.7,2.16,0.0,0.0,0.0,acid_plutonic_rocks,90.64,metamorphics,6.37,0.0,0.018,-13.3017,36.0379,17.541,46.3539,17.9177,2554.3812,2883.7217,1.2585,0.375,0.0,0.0
56825000,44.83504449007529,0.003724963361016121,37.2475809534313,125,2.2372730405383283,naque_velho,-19.1881,-42.4228,10200.0,10226.59,high,211.0,753.8238,85.4069,10226.59,3.85951,2.82535,2.81047,0.73205,1.1579,0.05023,0.0,21.85,1.40514,djf,242.2,6.29909,jja,1.28988,0.33456,1.78524,1.54589,0.69665,155.8,0.4391,3.55669,2.30031,2.0,1.75024,4.375,0.0,acid_plutonic_rocks,59.43,metamorphics,32.83,0.0,0.0254,-13.3438,38.9949,16.8219,44.1483,25.5426,2494.0127,3043.7045,2.9176,0.6197,109.0,2.2639
56845000,38.19301848049281,0.0022222222222222222,101.37417097362341,125,2.401741631158382,fazenda_corrente,-18.8947,-42.7125,1050.0,1037.904,high,690.0,835.3548,50.1729,1037.904,3.6125,2.68091,2.62055,0.74212,1.1108,0.0468,0.0,23.65,1.42042,djf,262.4,6.3922,jja,0.91496,0.25328,1.94236,1.94519,0.70088,151.6,0.2677,2.5207,2.1,3.23077,0.95,9.5,0.0,acid_plutonic_rocks,94.84,unconsolidated_sediments,3.14,0.0,0.0165,-12.9217,36.8102,16.5406,46.5978,22.6005,2465.8867,2542.7085,2.0049,0.6003,0.0,0.0
56846000,44.83504449007529,0.026074743527112847,52.11366609598263,125,1.4010764169266214,porto_santa_rita,-18.9517,-42.3592,1970.0,1952.033,high,237.0,779.5068,73.8579,1952.033,3.58501,2.76863,2.62343,0.77228,1.11493,0.0468,0.0,24.25,1.42647,djf,256.2,6.34158,jja,1.04831,0.29468,1.51603,1.39172,0.80761,165.78947,0.4257,2.3983,0.1017,1.0,0.0,0.0,0.0,acid_plutonic_rocks,56.49,metamorphics,41.29,0.0,0.0135,-12.9584,39.0675,16.4763,44.4274,24.1024,2473.6302,2962.3064,2.1656,0.566,20.0,2.6777
56850000,44.83504449007529,0.008243771372740596,77.59158005642296,125,2.920695668433826,governador_valadares,-18.8831,-41.9508,40500.0,40700.8,high,150.0,689.8718,70.8169,40700.8,3.7687,2.77948,2.67244,0.73752,1.12178,0.02936,0.0,19.2,1.37634,djf,221.65,5.77966,jja,1.15393,0.30619,1.87368,1.5459,0.75001,155.9,0.433,2.9877,0.4,2.0,0.0,0.0,0.0,metamorphics,52.3,acid_plutonic_rocks,39.55,0.13,0.0225,-13.2298,39.7086,16.6166,43.6406,20.9718,2360.7193,2675.9634,6.1411,1.4581,527.0,3.0742
56860000,44.58316221765914,0.0037460083517563253,108.75758305907026,125,2.5318598473138034,sao_pedro_do_suacui,-18.3631,-42.6022,2570.0,2598.008,high,490.0,780.0311,62.9188,2598.008,3.47606,2.70961,2.6998,0.77951,1.12379,0.05217,0.0,24.6,1.45562,djf,256.4,6.49114,jja,0.85033,0.24462,1.32391,1.60432,0.73175,155.6,0.3106,2.0928,1.3,2.16667,0.0,0.0,0.0,acid_plutonic_rocks,87.96,metamorphics,4.27,0.0,0.0263,-13.1529,36.5374,17.1919,46.2006,22.68,2443.5185,3100.272,1.9664,0.6336,0.0,0.0
56870000,44.83504449007529,0.003786028334147533,70.8505022994641,125,1.2453760881035116,santa_maria_do_suacui,-18.2017,-42.4547,622.0,618.7756,high,417.0,611.978,46.9583,618.7756,3.17021,2.66706,2.52575,0.84129,1.15067,0.04222,0.0,26.25,1.46648,djf,273.35,7.23148,jja,0.85856,0.27082,1.48585,2.0533,0.66769,148.15,0.1885,2.4409,4.1,2.64516,8.2,9.11111,0.0,acid_plutonic_rocks,83.1,metamorphics,11.43,0.0,0.0213,-12.939,37.0576,16.9882,45.9003,12.2735,2147.9952,2412.6931,1.9312,0.6163,0.0,0.0
56891900,44.7501711156742,0.001896604466197614,150.65863523255098,125,2.784462720378611,vila_matias_-_montante,-18.5747,-41.9178,9770.0,9821.622,high,204.0,585.0186,65.0412,9821.622,3.18325,2.72671,2.51113,0.85658,1.10916,0.0356,0.0,23.0,1.42415,djf,249.1,6.47854,jja,0.6321,0.19857,1.93995,1.90691,0.70165,151.1,0.1638,1.8165,2.75,7.85714,6.2,13.77778,0.0,acid_plutonic_rocks,56.33,metamorphics,38.05,0.0,0.0217,-13.2871,39.7027,16.4176,43.8233,16.7901,2235.2555,2943.7965,2.321,1.006,0.0,0.0
56915500,30.32991101984942,0.051272792922910274,35.29088485364488,125,2.2674019212971817,jampruca,-18.4594,-41.8075,,1395.79,high,208.0,451.4853,64.7585,1395.79,2.87388,2.76651,2.42195,0.96264,1.028,0.0,0.0,25.3,1.48824,djf,269.55,6.43317,jja,0.42693,0.14616,1.66638,2.42141,0.57549,143.61111,0.0517,1.59711,13.45143,5.01923,61.02102,29.6,0.0,acid_plutonic_rocks,47.38,metamorphics,44.59,0.0,0.0268,-13.3788,43.0729,15.435,41.4498,10.5087,2033.7555,3115.098,1.9936,1.2794,0.0,0.0
56920000,44.83504449007529,0.035600879335613095,97.03619709800945,125,2.834330893114669,tumiritinga,-18.9711,-41.6417,55100.0,55272.3,high,127.0,640.2284,68.8166,55272.3,3.57989,2.76931,2.61915,0.77358,1.11485,0.02679,0.0,19.1,1.36918,djf,220.3,5.79737,jja,1.07177,0.29939,1.63149,1.38725,0.76244,156.4,0.4167,2.7504,0.2,4.0,0.0,0.0,0.0,metamorphics,48.12,acid_plutonic_rocks,44.33,0.09,0.0225,-13.2808,39.9903,16.5617,43.4097,19.3035,2327.0045,2743.7878,5.2632,1.3454,527.0,2.4373
56940002,44.83504449007529,0.019052271617000488,24.39501293644105,125,1.6629968413496319,barra_do_cuiete_jusante,-19.0619,-41.5333,3220.0,3159.586,high,148.0,545.7153,82.3883,3159.586,3.1052,2.79614,2.38412,0.90047,1.07235,0.0,0.0,24.4,1.44379,djf,261.2,6.22646,jja,0.79689,0.25524,1.67166,1.6424,0.64052,148.15789,0.1922,2.3048,6.32709,2.65957,5.87154,8.28571,0.0,acid_plutonic_rocks,71.78,metamorphics,25.88,0.0,0.015,-13.1696,41.2733,15.9514,42.7395,16.5329,2354.1148,2914.1166,5.1738,1.7788,0.0,0.0
56960005,44.7501711156742,0.0792903028449067,28.163014093619868,125,1.9729327313289458,fazenda_vargem_alegre,-20.1706,-41.9611,1070.0,1096.09,high,552.0,875.657,110.4489,1096.09,3.68902,2.75288,2.6486,0.74624,1.05708,0.0,0.0,23.75,1.31579,djf,257.4,5.54741,jja,1.40564,0.38103,1.36506,2.12176,0.6806,152.65,0.1871,4.0887,2.45,3.0625,35.9,14.36,0.0,metamorphics,69.02,acid_plutonic_rocks,30.98,0.0,0.01,-13.0,37.354,17.4713,45.1232,18.8648,2310.4442,3119.3712,3.197,0.6231,2.0,0.3556
56976000,39.00068446269678,0.002457002457002457,29.209725259539166,125,2.296280494384111,fazenda_braganca,-19.7431,-41.7853,2260.0,2284.01,high,383.0,808.6096,101.2101,2284.01,3.62477,2.7574,2.55671,0.76071,1.06886,0.0,0.0,22.75,1.36228,djf,250.4,5.55211,jja,1.48927,0.41086,1.51292,2.00691,0.71462,155.5,0.3841,4.2209,1.95,2.16667,2.95,2.56522,0.0,metamorphics,72.23,acid_plutonic_rocks,25.99,0.0,0.0137,-12.9867,38.6827,16.8863,44.3757,17.8469,2273.307,3328.1532,2.7834,0.5121,42.0,3.3829
56978000,42.74880219028063,0.003778660176764442,37.409410785874364,125,2.343866127098731,santo_antonio_do_manhuacu,-19.6786,-41.8358,2350.0,2372.002,high,357.0,797.2024,100.4186,2372.002,3.61529,2.7574,2.55671,0.7627,1.06888,0.0,0.0,23.0,1.37725,djf,249.9,5.57812,jja,1.52638,0.4222,1.44423,1.83081,0.71943,154.9,0.4642,4.2189,2.0,2.66667,1.1,2.0,0.0,metamorphics,73.12,acid_plutonic_rocks,25.04,0.0,0.0139,-13.0222,38.7347,16.8861,44.3252,17.7327,2268.3182,3299.2744,2.797,0.502,42.0,3.1782
56983000,44.83504449007529,0.003786028334147533,29.456414212342835,125,1.7587767470662732,dores_de_manhumirim,-20.1072,-41.7283,384.0,385.9819,high,470.0,855.7859,132.7015,385.9819,3.65511,2.74737,2.56865,0.75165,1.04916,0.0,0.0,24.7,1.34239,djf,264.95,5.96063,jja,1.55452,0.4253,1.14997,2.05299,0.69937,150.35,0.4045,4.5942,0.55,1.57143,3.05,6.77778,0.0,metamorphics,88.07,acid_plutonic_rocks,11.93,0.0,0.01,-13.0,39.056,17.8267,43.0783,19.9796,2251.7852,3079.4189,2.3518,0.4145,0.0,0.0
56988500,40.153319644079396,0.04738851765989363,26.387553651886734,125,2.1803091357597233,ipanema,-19.7989,-41.7061,1410.0,1416.494,high,235.0,655.1372,102.681,1416.494,3.511,2.70602,2.39757,0.77073,1.05024,0.0,0.0,23.5,1.35838,djf,258.2,5.80225,jja,1.24368,0.35422,1.71087,1.72425,0.69272,147.85,0.3623,3.5248,3.2,2.13333,1.85,12.33333,0.0,metamorphics,75.76,acid_plutonic_rocks,22.26,0.0,0.0139,-13.0604,40.2936,16.4394,43.2129,15.0966,2241.8652,3062.19,4.0547,0.8932,20.0,3.1104
56989001,44.83504449007529,0.007999511480214948,18.09814117606805,125,2.0415831663254225,mutum,-19.8106,-41.4375,1180.0,1186.65,high,228.0,545.9033,102.7002,1186.65,3.28617,2.68408,2.49159,0.81678,1.02409,0.0,0.0,24.35,1.36798,djf,264.7,5.8304,jja,0.96829,0.29465,1.5482,1.79878,0.65549,147.05,0.2499,2.9708,4.95,2.15217,4.85,6.46667,0.0,metamorphics,52.16,acid_plutonic_rocks,42.86,0.0,0.0208,-13.3657,42.3906,15.2908,42.2849,12.4607,2099.0127,2730.8678,4.6071,1.3036,0.0,0.0
56990000,44.83504449007529,0.005679042501221299,40.46595240080861,125,2.4319460116257337,sao_sebastiao_da_encruzilhada,-19.4925,-41.1617,8720.0,8722.915,high,106.0,577.7742,99.388,8722.915,3.29428,2.72644,2.45804,0.82763,1.04692,0.0,0.0,22.55,1.37082,djf,246.2,5.4772,jja,0.99742,0.30277,1.50006,1.8858,0.72031,152.65,0.2798,2.8505,1.45,2.9,2.15,3.58333,0.0,metamorphics,60.45,acid_plutonic_rocks,35.81,0.0,0.0177,-13.3986,40.9287,16.2644,42.7627,14.1121,2276.7,3119.0659,5.0942,1.3993,102.0,3.2119
56990990,44.7501711156742,0.019333129397369225,22.875586620195016,125,1.270491345892112,afonso_claudio_montante,-20.0775,-41.1242,435.0,435.6148,high,378.0,762.509,112.3024,435.6148,3.46293,2.81218,2.5345,0.81208,0.92621,0.0,0.0,24.6,1.35912,djf,264.4,5.58985,jja,1.32287,0.38322,1.24117,1.46749,0.70247,148.05263,0.4582,3.3996,3.81369,2.14286,0.0,0.0,0.0,metamorphics,59.34,acid_plutonic_rocks,40.66,0.0,0.01,-13.5671,43.0297,14.7193,42.1956,15.1978,2118.5998,3327.6209,26.5132,5.491,0.0,0.0
56991500,44.24914442162902,0.0019180794456131666,22.36499309916056,125,1.6203749290436769,laranja_da_terra,-19.9011,-41.0581,1330.0,1341.241,high,210.0,697.3,110.5359,1341.241,3.33529,2.81218,2.5345,0.84316,0.94811,0.0,0.0,24.1,1.37714,djf,259.05,5.43652,jja,1.09425,0.32808,1.5414,1.54625,0.71023,154.3,0.3606,2.7443,2.55,1.64516,0.0,0.0,0.0,metamorphics,56.13,acid_plutonic_rocks,43.87,0.0,0.01,-13.3821,42.7574,14.9413,42.2584,15.0754,2107.0762,3450.329,25.613,6.4129,0.0,0.0
56992000,44.83504449007529,0.004091353199804592,26.468650216122246,125,1.9866351230515769,baixo_guandu,-19.5236,-41.0142,2130.0,2167.349,high,82.0,563.4599,109.9328,2167.349,3.15755,2.76174,2.45431,0.87464,0.94968,0.0,0.0,24.65,1.40857,djf,258.15,5.49255,jja,0.84168,0.26656,1.68134,1.62255,0.68523,152.8,0.2412,2.1646,4.1,2.05,1.4,7.0,0.0,metamorphics,63.32,acid_plutonic_rocks,34.03,0.0,0.0129,-13.5387,42.7696,14.9859,42.1954,13.3961,2109.2231,3440.9782,37.2267,12.1175,0.0,0.0
56993551,44.7501711156742,0.035546038543897214,20.52792218096996,125,1.5277120389401613,jusante_corrego_da_piaba,-19.5592,-40.7328,893.0,897.2387,high,116.0,441.2441,108.2234,897.2387,2.99824,2.83369,2.43966,0.94512,0.89444,0.0,0.0,25.2,1.35484,djf,265.15,5.58799,jja,0.72578,0.24468,1.81006,2.48639,0.58307,147.57895,0.0972,2.3793,9.83444,2.44304,46.31867,15.40678,0.0,metamorphics,64.03,acid_plutonic_rocks,29.11,0.0,0.0224,-13.6972,43.3101,14.3362,42.2944,13.1559,2208.9779,3430.2198,58.2088,21.973,0.0,0.0
56994500,44.83504449007529,0.09776502198339032,75.95028433244238,125,2.466071692189489,colatina_ponte,-19.5333,-40.6297,76400.0,76424.28,high,20.0,597.0735,76.1934,76424.28,3.44367,2.76562,2.56135,0.8031,1.08821,0.01929,0.0,18.65,1.37132,djf,221.65,5.75714,jja,0.93284,0.27322,1.53855,1.70498,0.73387,154.78947,0.3228,2.56665,0.91529,3.0,0.0,0.0,0.0,metamorphics,49.56,acid_plutonic_rocks,43.93,0.07,0.0211,-13.3246,40.5593,16.355,43.0456,17.6211,2299.0481,2855.8279,7.9024,2.3209,681.0,2.6171
56994510,43.00068446269678,0.15229848465554566,84.07861573430213,125,2.5462031455429406,colatina_corpo_de_bombeiros,-19.5303,-40.6236,76400.0,76430.1,high,52.0,597.0487,76.1926,76430.1,3.44351,2.76562,2.56135,0.80314,1.08813,0.01929,0.0,18.65,1.37132,djf,221.65,5.74968,jja,1.03082,0.30193,1.06436,0.96348,0.82138,161.36842,0.5829,2.1966,0.2034,4.0,0.0,0.0,0.0,metamorphics,49.56,acid_plutonic_rocks,43.93,0.07,0.0211,-13.3246,40.5597,16.3549,43.0453,17.6206,2299.0552,2855.8495,7.9051,2.101,681.0,2.3681
56995500,44.7501711156742,0.05182012847965739,23.9091980238995,125,2.0709512424120917,ponte_do_pancas,-19.4228,-40.6864,920.0,949.5562,high,97.0,300.1685,106.6801,949.5562,2.96695,2.81376,2.43772,0.94837,0.87978,0.0,0.0,25.75,1.42659,djf,273.0,6.24,jja,0.94796,0.32185,1.73321,2.98288,0.58912,146.31579,0.086,3.1499,11.08513,3.35385,66.0023,20.93548,0.0,acid_plutonic_rocks,78.04,metamorphics,21.96,0.0,0.01,-13.1112,44.7081,13.6561,41.5869,11.0211,2225.7405,3475.0919,34.8309,10.0666,0.0,0.0
57040008,39.08555783709788,0.09022135051835248,25.56546057160836,125,1.1050400539759218,valsugana_velha_montante,-19.9642,-40.5417,88.0,91.3643,high,695.0,794.4615,61.7689,91.3643,3.56378,2.80326,2.84643,0.7866,0.76714,0.0,0.0,24.95,1.3414,djf,283.5,6.18996,jja,1.81759,0.51002,1.91995,2.16289,0.6282,144.25,0.2979,5.7043,6.3,1.75,30.1,9.26154,0.0,metamorphics,100.0,,0.0,0.0,0.01,-13.0,45.3009,14.8111,39.8358,15.2603,1417.6639,3566.9067,35.6849,5.3789,0.0,0.0
57130000,44.83504449007529,0.005495847581827064,29.445982243204817,125,1.491746199343521,santa_leopoldina,-20.0997,-40.5278,929.0,984.0659,medium,36.0,838.5918,68.5742,984.0659,3.49878,2.93208,2.85628,0.83803,0.79443,0.0,0.0,23.55,1.30833,djf,259.65,5.20863,jja,1.13863,0.32544,1.85228,1.88789,0.66652,150.75,0.2106,3.2768,5.15,1.9434,22.1,4.42,0.0,metamorphics,56.64,acid_plutonic_rocks,42.21,0.0,0.01,-13.1082,43.1795,15.1466,41.6196,18.2146,1578.5453,3480.946,43.4577,10.4566,18.0,4.4012
57170000,44.83504449007529,0.0019540791402051783,38.068743451720856,125,2.4614136145746577,corrego_do_galo,-20.3164,-40.6517,980.0,1040.196,medium,488.0,911.3696,72.1146,1040.196,3.64667,2.94401,2.88179,0.80731,0.79251,0.0,0.0,23.25,1.30618,djf,259.2,5.25761,jja,1.09851,0.30124,1.8633,1.35609,0.7652,158.9,0.4498,2.5075,0.1,2.0,0.0,0.0,0.0,metamorphics,67.51,acid_plutonic_rocks,32.49,0.0,0.01,-13.0918,43.6896,15.2331,41.0286,18.0342,1734.8335,3661.1521,16.3832,4.086,0.0,0.0
57250000,44.83504449007529,0.01978505129457743,79.21675138313144,125,0.9377473543727942,matilde,-20.5569,-40.8119,206.0,218.8343,medium,561.0,917.9278,74.599,218.8343,4.22373,2.99012,2.83607,0.70793,0.67815,0.0,0.0,24.9,1.29351,djf,266.2,5.5171,jja,2.24686,0.53196,1.75408,1.4139,0.79992,165.75,0.9626,4.7181,0.15,1.0,0.1,1.0,0.0,metamorphics,98.49,acid_plutonic_rocks,1.51,0.0,0.01,-13.0,46.4127,15.8867,37.6495,17.7766,1241.4235,3513.6074,15.3238,1.8685,0.0,0.0
57300000,44.83504449007529,0.05453102100635076,33.58286613062658,125,1.9037310332189525,pau_d'alho,-20.8856,-40.9464,304.0,292.6094,high,17.0,505.9591,115.568,292.6094,3.71535,2.98178,2.68901,0.80256,0.61128,0.0,0.0,22.45,1.26479,djf,263.9,5.278,jja,2.24095,0.60316,1.49077,1.70171,0.68722,147.7,0.6071,6.0754,3.0,1.76471,2.8,4.66667,0.0,metamorphics,69.93,acid_plutonic_rocks,23.26,0.0,0.0194,-12.8884,46.91,15.469,37.5743,13.596,1634.5592,3165.8524,8.9476,1.0939,0.0,0.0
57320000,44.7501711156742,0.1303762618537779,23.629608413606107,125,0.6854281600924408,iconha_montante,-20.7772,-40.8281,152.0,145.611,high,44.0,491.2058,138.6742,145.611,3.78001,3.11811,2.76007,0.82489,0.59847,0.0,0.0,24.35,1.29521,son,273.95,5.70729,jja,2.89171,0.765,1.63114,2.01205,0.6808,149.9,0.6853,7.8959,4.05,1.5283,7.3,5.40741,0.0,acid_plutonic_rocks,68.04,metamorphics,31.96,0.0,0.01,-13.0,46.9344,15.7514,37.2421,13.7953,1621.2527,3687.3919,5.4234,0.5138,0.0,0.0
57350000,44.7501711156742,0.005628632609360661,22.446569606018752,125,1.1551852439213595,usina_fortaleza,-20.3722,-41.4092,205.0,198.6682,high,513.0,989.8609,118.5576,198.6682,3.67489,2.70194,2.75513,0.73524,0.94984,0.0,0.0,25.65,1.35,djf,269.3,5.76043,jja,2.14851,0.58464,2.12915,1.60238,0.64997,148.25,0.4619,6.306,3.35,1.63415,11.3,5.65,0.0,metamorphics,64.52,acid_plutonic_rocks,35.48,0.0,0.01,-13.8126,42.9436,15.8957,41.1157,18.4379,1903.2761,3653.2883,7.9508,1.0139,0.0,0.0
57360000,44.83504449007529,0.0018319491939423546,47.43408522670608,125,1.544984497960754,iuna,-20.3528,-41.5342,412.0,427.4346,high,665.0,853.2582,76.3377,427.4346,3.64387,2.78599,2.5775,0.76457,1.02394,0.0,0.0,24.2,1.32967,djf,265.85,5.83004,jja,1.6224,0.44524,1.26548,1.37334,0.73597,153.55,0.6173,4.05668,1.8,1.63636,0.0,0.0,0.0,metamorphics,62.46,acid_plutonic_rocks,37.54,0.0,0.01,-13.0,41.2292,15.1475,43.578,15.1067,2048.7303,3154.3156,3.0274,0.5112,0.0,0.0
57370000,44.83504449007529,0.0018319491939423546,22.79153388309099,125,1.3233564221935685,terra_corrida__montante,-20.4303,-41.5028,566.0,591.7749,high,604.0,852.4205,83.2516,591.7749,3.66922,2.78599,2.5775,0.75929,1.01253,0.0,0.0,23.9,1.30245,djf,262.25,5.61563,jja,1.61776,0.4409,1.76791,1.60176,0.71873,154.65,0.5726,4.1072,2.2,1.51724,0.0,0.0,0.0,metamorphics,72.86,acid_plutonic_rocks,27.14,0.0,0.01,-13.0869,41.3137,15.491,43.1532,15.0089,2055.9231,3002.929,2.9703,0.503,0.0,0.0
57400000,44.83504449007529,0.0018930141670737664,30.57982685409515,125,1.6340148220573136,itaici,-20.5283,-41.5114,1010.0,1034.159,high,349.0,842.0228,104.5842,1034.159,3.69562,2.74396,2.66631,0.74249,0.97649,0.0,0.0,24.0,1.32231,djf,257.9,5.33402,jja,1.59025,0.43031,1.42556,1.75726,0.71163,152.15,0.4929,4.2853,1.3,1.36842,0.25,5.0,0.0,metamorphics,65.47,acid_plutonic_rocks,34.53,0.0,0.01,-13.4619,42.3005,15.678,41.9711,15.2368,1980.7784,3259.9169,5.146,0.8866,0.0,0.0
57420000,44.7501711156742,0.03071275619455491,7.907223083298307,125,1.3622871044788807,ibitirama,-20.5406,-41.6656,337.0,338.0899,high,750.0,1205.8041,138.8645,338.0899,3.98153,2.75481,2.66876,0.6919,1.04116,0.0,,24.85,1.30105,djf,263.6,5.65059,jja,3.27959,0.8237,1.31586,2.65584,0.56786,137.85,0.5837,11.4968,12.65,2.50495,32.25,9.08451,0.0,metamorphics,97.65,acid_plutonic_rocks,2.35,0.0,0.01,-13.0,41.3141,19.8255,38.8628,22.1606,2266.1486,3111.3737,1.8865,0.1576,0.0,0.0
57450000,44.83504449007529,0.05159990229604299,19.95569927867201,125,1.6416859086670332,rive,-20.7469,-41.4661,2180.0,2214.354,high,115.0,794.6282,106.1028,2214.354,3.79078,2.75528,2.65522,0.72684,0.97144,0.0,0.0,23.45,1.29917,djf,249.0,5.14463,jja,1.76969,0.46684,1.15166,1.92298,0.66352,148.55,0.4783,5.1745,3.9,1.90244,1.4,3.5,0.0,metamorphics,68.57,acid_plutonic_rocks,30.0,0.0,0.01,-13.6074,42.6347,16.3034,41.0193,15.3952,2033.7405,3197.0881,4.3815,0.6783,3.0,0.2097
57460000,30.368240930869266,0.15416516408222142,20.783567185885893,125,1.735606273666544,pacotuba,-20.7617,-41.2728,2720.0,2758.126,high,78.0,704.3032,104.6104,2758.126,3.77101,2.77149,2.6316,0.73495,0.95336,0.0,0.0,22.5,1.30814,djf,245.55,5.02147,jja,1.52731,0.40422,1.4142,1.96609,0.66548,145.10526,0.3847,4.5212,3.58633,1.91892,4.49554,5.93333,0.0,metamorphics,71.16,acid_plutonic_rocks,25.7,0.0,0.01,-13.7048,43.0235,16.2331,40.6964,14.8654,2036.518,3143.6203,6.2891,1.1281,3.0,0.1951
57476500,44.83504449007529,0.10118466047874938,15.609514502365,125,0.9416005936369144,fazenda_lajinha,-20.4269,-41.275,410.0,427.8273,high,487.0,914.0187,110.9818,427.8273,3.63829,2.81656,2.80561,0.77414,0.91021,0.0,0.0,23.85,1.2962,djf,262.95,5.50105,jja,1.5825,0.43496,1.89232,2.12067,0.62167,146.65,0.3298,5.0235,6.35,1.47674,15.2,5.84615,0.0,acid_plutonic_rocks,72.9,metamorphics,27.1,0.0,0.01,-13.8399,41.4195,16.9794,41.565,16.2489,1816.4917,3708.2687,14.3685,2.4876,0.0,0.0
57490000,44.7501711156742,0.0015295197308045274,23.365174476911385,125,1.2065236034108608,castelo,-20.6061,-41.1997,972.0,958.436,high,116.0,781.1736,120.3033,958.436,3.6983,2.81656,2.80561,0.76158,0.87817,0.0,0.0,23.55,1.3011,djf,257.2,5.28674,jja,1.36701,0.36963,2.37173,2.19659,0.65371,150.05,0.3009,4.21062,3.3,1.26923,13.25,5.09615,0.0,acid_plutonic_rocks,70.84,metamorphics,24.04,0.0,0.01,-13.8268,42.5864,16.6789,40.7004,15.1694,1889.1451,3588.6795,16.1497,3.2367,0.0,0.0
57550000,44.7501711156742,0.005689813398592842,25.788596942566524,125,1.3584465467970235,usina_sao_miguel,-20.7025,-41.1736,1420.0,1429.054,high,72.0,726.5136,119.0023,1429.054,3.74407,2.7981,2.75934,0.74734,0.821,0.0,0.0,23.05,1.26301,djf,252.6,5.11336,jja,1.44169,0.38506,2.03373,1.83469,0.67785,152.0,0.3774,4.1702,1.8,1.09091,3.0,4.0,0.0,acid_plutonic_rocks,61.08,metamorphics,33.39,0.0,0.0139,-13.6,43.1636,16.6829,40.1148,15.0096,1860.583,3578.2257,16.1684,3.0726,0.0,0.0
57580000,44.83504449007529,0.0382266731802638,37.9173227018457,125,2.965770449072137,usina_paineiras,-20.9525,-40.9528,5170.0,5149.565,high,17.0,621.8125,107.2886,5149.565,3.71223,2.78682,2.65712,0.75071,0.86179,0.0,0.0,22.45,1.31672,djf,241.5,4.85915,jja,1.47442,0.39718,1.6492,2.2556,0.68877,149.2,0.36768,4.3602,1.15,2.3,3.95,5.26667,0.0,metamorphics,56.88,acid_plutonic_rocks,38.39,0.0,0.013,-13.6493,43.6047,16.3496,40.0008,14.553,2038.0767,3154.2011,11.167,2.075,3.0,0.1083
57650000,44.83504449007529,0.1775769418661456,26.175624167259386,125,1.720845577206735,fazenda_cacheta,-21.0167,-41.0864,478.0,461.4693,high,20.0,285.3807,107.8011,461.4693,3.48011,2.93419,2.50288,0.84313,0.74012,0.0,0.0,23.5,1.30194,djf,266.75,5.60399,jja,1.0628,0.30508,1.80782,1.87229,0.60071,141.82353,0.1906,3.23125,7.41131,2.68519,26.73184,7.80597,1e-05,metamorphics,66.04,acid_plutonic_rocks,31.21,0.0,0.0152,-13.8515,45.769,15.7488,38.4414,13.1294,2215.2044,2468.0649,21.6575,5.583,0.0,0.0
57700000,44.83504449007529,0.0018319491939423546,56.79691187880818,125,1.974739097512383,caiana,-20.6947,-41.9214,406.0,447.2659,medium,752.0,1071.2909,116.2463,447.2659,3.78492,2.73487,2.65161,0.72257,1.02349,0.0,0.0,23.55,1.31198,djf,261.55,5.61869,jja,1.4904,0.39377,2.07296,1.80544,0.69998,151.4,0.4628,4.5042,3.45,2.76,0.45,9.0,1e-05,metamorphics,83.4,acid_plutonic_rocks,16.6,0.0,0.01,-13.0,40.3272,18.2553,41.3812,17.9557,2326.8467,3251.1013,1.9093,0.351,0.0,0.0
57720000,44.83504449007529,0.006778212017586712,15.535363015663338,125,1.7489429626088235,dores_do_rio_preto,-20.6864,-41.8467,222.0,218.8426,high,789.0,1110.5132,126.9763,218.8426,3.81375,2.74864,2.64276,0.72072,1.01377,0.0,,24.65,1.31117,djf,265.1,5.67059,jja,2.2418,0.58782,1.98637,2.34952,0.60637,145.35,0.4967,6.8826,6.45,2.26316,11.95,5.975,0.0,metamorphics,79.29,acid_plutonic_rocks,20.71,0.0,0.01,-13.0,41.5046,18.5601,39.9321,18.4592,2186.7783,2879.0634,2.6256,0.3209,0.0,0.0
57740000,44.83504449007529,0.0032364435759648265,27.396296714639206,125,2.2287885946529644,guacui,-20.7722,-41.6811,408.0,399.4926,high,596.0,841.5665,74.8987,399.4926,3.93274,2.7755,2.6575,0.70574,0.98782,0.0,0.0,23.85,1.30328,djf,258.35,5.28864,jja,2.43022,0.61795,1.19122,1.59738,0.65332,147.35,0.7503,7.5289,2.65,1.89286,3.2,4.26667,0.0,metamorphics,96.0,acid_plutonic_rocks,4.0,0.0,0.01,-13.2166,41.477,17.6824,40.8191,16.0289,2167.041,3308.9016,2.4147,0.2722,0.0,0.0
57770000,44.7501711156742,0.005445090241664117,47.45016565662452,125,1.0396830845801364,sao_jose_do_calcado,-21.0286,-41.6519,153.0,156.1366,high,307.0,586.1098,98.8791,156.1366,3.71947,2.79996,2.69668,0.75278,0.92391,0.0,0.0,24.75,1.28571,djf,268.05,5.81453,jja,1.22357,0.32896,1.85716,1.87555,0.63037,155.0,0.3077,3.5443,6.2,1.56962,10.9,9.08333,0.0,metamorphics,94.77,acid_plutonic_rocks,5.23,0.0,0.01,-13.1072,43.2598,15.819,40.8736,12.9362,2176.1874,3614.468,4.0936,0.9166,0.0,0.0
57830000,44.83504449007529,0.0022594040058622374,31.11099837910522,125,2.1645901171251585,ponte_do_itabapoana,-21.2061,-41.4639,2720.0,2792.806,high,68.0,694.5354,87.6136,2792.806,3.70035,2.80127,2.60922,0.75703,0.96239,0.0,0.0,22.3,1.31176,djf,247.15,5.1705,jja,1.54158,0.4166,2.13387,1.99192,0.68342,150.85,0.4331,4.4589,2.95,2.56522,2.3,3.28571,0.0,metamorphics,80.83,acid_plutonic_rocks,19.17,0.0,0.01,-13.2407,42.2651,16.8478,40.8444,14.3107,2173.6021,3026.2494,4.6289,0.8227,62.0,3.9454
57880000,44.16427104722793,0.03626557559977683,62.04691753912442,125,1.3872182968754618,mimoso_do_sul,-21.0647,-41.3628,365.0,368.0148,high,77.0,501.6934,95.2726,368.0148,3.61827,2.84929,2.56159,0.78747,0.82984,0.0,0.0,24.05,1.30707,djf,267.2,5.75862,jja,1.89789,0.52453,1.54836,1.84861,0.68051,155.2,0.6214,5.45348,3.15,2.1,3.9,11.14286,0.0,acid_plutonic_rocks,60.38,metamorphics,39.62,0.0,0.01,-13.5621,43.6833,15.5466,40.7206,13.1129,1992.418,3587.8098,11.14,1.6081,0.0,0.0
57930000,44.69267624914442,0.01660132320509679,70.39445661165173,125,2.489277610551252,santa_cruz,-21.2219,-41.3081,3620.0,3719.831,high,19.0,595.6206,86.3306,3719.831,3.62597,2.81897,2.58657,0.77744,0.93314,0.0,0.0,21.8,1.31325,djf,246.25,5.11954,jja,1.47985,0.40812,2.19903,1.99324,0.70464,152.3,0.4213,4.3091,2.1,2.47059,0.6,4.0,0.0,metamorphics,72.78,acid_plutonic_rocks,26.72,0.0,0.011,-13.2565,43.0386,16.5493,40.3673,13.5634,2126.5455,3005.4731,5.812,1.076,90.0,4.4793
58030000,44.58316221765914,0.0,56.77657201646429,125,1.829390561435699,estrada_do_cunha,-22.9939,-45.0439,796.0,776.8073,high,808.0,1154.9157,76.4479,776.8073,4.14108,2.75319,2.86684,0.66485,0.95793,0.0338,0.0,22.45,1.18783,djf,248.7,5.08069,jja,1.50176,0.3626,1.51362,1.08954,0.79986,175.35,0.7166,3.2876,0.0,0.0,0.0,0.0,0.0,metamorphics,63.63,acid_plutonic_rocks,36.37,0.0,0.01,-13.7868,44.8273,17.1069,38.0345,18.0204,2147.0909,3031.0774,4.8946,0.8929,0.0,0.0
58040000,44.917180013689254,0.18633426795074973,51.38209859409059,125,2.380596688534067,sao_luis_do_paraitinga,-23.2386,-45.3067,1950.0,1938.465,high,759.0,1051.0337,70.5873,1938.465,4.04568,2.8075,3.02673,0.69395,0.90817,0.0338,0.0,21.25,1.19048,djf,239.45,4.91179,jja,1.29305,0.31961,1.97676,1.35573,0.75802,172.6,0.5232,3.0354,0.05,1.0,0.5,3.33333,0.0,metamorphics,60.92,acid_plutonic_rocks,39.08,0.0,0.01,-13.4874,44.5121,17.1888,38.3003,17.683,2116.6726,2727.0176,3.8262,0.8107,0.0,0.0
58060000,44.917180013689254,0.00828965012800195,13.383477052663098,125,0.5018407150352301,ponte_alta_1,-23.33,-45.1436,277.0,267.9615,high,920.0,1201.3404,75.1846,267.9615,4.85774,2.83865,3.2359,0.58436,0.81174,0.0433,0.0,24.6,1.16865,djf,262.0,5.26633,jja,2.49437,0.51732,0.24847,1.224,0.77628,173.36842,1.1085,5.2747,0.45273,1.0,0.0,0.0,0.0,metamorphics,57.07,acid_plutonic_rocks,42.93,0.0,0.01,-13.872,47.6365,15.7629,36.5977,23.1171,1556.1229,2910.7868,1.9942,0.219,0.0,0.0
58096000,33.002053388090346,0.010784801725568276,74.68037490465838,125,1.946258892777957,uhe_santa_branca_jusante,-23.3672,-45.8778,4920.0,4857.682,high,597.0,939.9347,67.075,4857.682,4.01913,2.77271,3.02738,0.68988,0.84729,0.0396,0.0,19.7,1.18675,djf,230.4,4.73101,jja,1.29394,0.32236,-0.1506,2.02373,0.8241,177.72222,0.7115,2.4723,0.0,0.0,0.0,0.0,0.0,metamorphics,59.26,acid_plutonic_rocks,38.08,0.0,0.0156,-13.4585,44.6665,17.1657,38.1743,17.5979,1878.6993,2529.0864,3.226,0.6831,5170.0,225.3488
58099000,44.917180013689254,0.0750335243203706,108.91178322981187,125,1.7214977138602063,santa_branca,-23.3689,-45.9003,4940.0,4882.433,high,631.0,938.5202,66.8905,4882.433,4.01568,2.77271,3.02738,0.69047,0.84734,0.0396,0.0,19.65,1.18731,djf,230.35,4.72998,jja,1.29527,0.32502,-0.73546,2.0663,0.82167,177.70588,0.6652,2.4931,0.0,0.0,0.0,0.0,0.0,metamorphics,59.37,acid_plutonic_rocks,37.98,0.0,0.0156,-13.4561,44.6685,17.1631,38.1751,17.5875,1878.9734,2526.6866,3.3347,0.7054,5170.0,223.9766
58142200,43.181382614647504,0.03652041592695917,77.13189049578374,125,1.7057067825450083,buquirinha_ii,-23.1247,-45.9072,407.0,413.3761,high,568.0,856.8897,102.0996,413.3761,4.47093,2.55616,2.8281,0.57173,0.85195,0.05455,0.0,21.7,1.19559,djf,247.3,4.95095,jja,1.798,0.40215,2.34712,1.23882,0.77564,174.8,0.793,4.0843,0.0,0.0,0.0,0.0,0.0,metamorphics,79.01,acid_plutonic_rocks,20.38,0.0,0.0105,-13.1385,44.0412,18.1036,37.8518,17.4642,1731.4034,2618.3445,5.8311,0.8885,0.0,0.0
58183000,44.917180013689254,0.0056077044983542605,116.0809608558052,125,2.921367699180319,pindamonhangaba,-22.9117,-45.47,9600.0,9623.686,high,537.0,838.3254,63.2783,9623.686,3.92956,2.69255,2.89758,0.68521,0.84789,0.04573,0.0,18.5,1.1859,djf,225.3,4.64536,jja,1.30692,0.33259,0.43181,0.795,0.83601,176.7,0.7048,2.1037,0.0,0.0,0.0,0.0,0.0,metamorphics,52.41,acid_plutonic_rocks,28.44,0.0,0.044,-12.9758,44.7823,17.4052,37.8094,16.8479,1966.6266,2117.5793,10.1757,2.1332,6566.0,143.0269
58204000,44.58316221765914,0.0007369196757553427,131.8147219335529,125,2.939258516980068,guaratingueta,-22.8119,-45.1825,10800.0,10798.64,high,532.0,827.2929,64.6006,10798.64,3.94136,2.69067,2.87831,0.68267,0.85588,0.04586,0.0,18.7,1.1873,djf,224.6,4.65975,jja,1.3082,0.33191,0.71582,0.66574,0.82863,175.3,0.6881,2.1018,0.0,0.0,0.0,0.0,0.0,metamorphics,51.5,acid_plutonic_rocks,26.55,0.0,0.0497,-12.8705,44.9068,17.3782,37.7084,16.766,2014.7889,2009.9295,10.6082,2.2217,6566.0,127.3404
58218000,37.002053388090346,0.24202737698853127,100.4239784157528,125,2.521955027172418,uhe_funil_montante_2,-22.6617,-45.0125,11500.0,11547.42,high,523.0,821.4722,64.6756,11547.42,3.95639,2.69067,2.87831,0.68008,0.86183,0.04586,0.0,18.35,1.1877,djf,223.65,4.66423,jja,1.329,0.33591,0.8385,0.74623,0.81686,173.0,0.6984,2.30922,0.0,0.0,0.0,0.0,0.0,metamorphics,50.99,acid_plutonic_rocks,25.66,0.0,0.0525,-12.8627,44.9885,17.3362,37.6675,16.7544,2035.0969,1961.4068,10.8175,2.23,6566.0,117.2189
58220000,42.91581108829569,0.004720893141945773,47.18739576061779,125,0.7124343671913653,fazenda_santa_clara,-22.6925,-44.9753,240.0,252.6749,high,566.0,911.7387,91.8435,252.6749,4.04899,2.70983,2.78387,0.66926,0.93346,0.0338,0.0,22.7,1.1701,djf,258.45,5.30154,jja,1.19317,0.29468,2.24339,1.22991,0.73814,172.3,0.4938,2.8836,1.5,1.15385,0.0,0.0,0.0,metamorphics,71.77,acid_plutonic_rocks,28.23,0.0,0.01,-13.8999,43.8022,17.69,38.4863,17.2317,2086.4228,2761.6699,2.8808,0.6615,0.0,0.0
58235100,44.668035592060235,0.177260190009194,149.2744622646221,125,1.9593400006067316,queluz,-22.54,-44.7725,12800.0,12844.64,high,488.0,823.8876,68.6101,12844.64,3.97484,2.68676,2.86114,0.67594,0.8704,0.04586,0.0,17.95,1.16181,djf,221.05,4.61964,jja,1.43846,0.36189,1.01539,0.76045,0.81761,171.35,0.7237,2.6062,0.0,0.0,0.0,0.0,0.0,metamorphics,52.93,acid_plutonic_rocks,25.05,0.0,0.0497,-12.9358,44.9934,17.3424,37.6542,16.7913,2023.6043,1997.793,10.134,1.9301,6566.0,97.3614
58258000,38.83367556468173,0.0058516638465877045,12.10049173229266,125,0.7414497498815875,ponte_nova,-22.3861,-44.4164,190.0,203.8562,medium,441.0,848.3149,156.0731,203.8562,4.85661,2.49421,2.97318,0.51357,1.01898,0.0281,0.0,22.65,1.15857,djf,252.75,5.20597,jja,3.0772,0.63361,2.36746,1.59054,0.6501,163.35,0.8159,7.92796,3.2,1.23077,8.25,8.25,0.0,metamorphics,52.48,acid_plutonic_rocks,39.92,0.0,0.0104,-12.996,44.8795,17.8669,37.1934,18.4004,1688.3856,2151.1147,4.8649,0.4331,0.0,0.0
58270000,39.08555783709788,0.013659288316054917,67.10751296318357,125,1.3330898894457373,glicerio,-22.4778,-44.2286,407.0,405.864,high,415.0,573.606,59.3093,405.864,4.15317,2.58535,2.73906,0.6225,0.99036,0.00915,0.0,22.1,1.22099,djf,248.6,5.25581,jja,1.75464,0.42608,1.97231,1.247,0.74402,173.84211,0.6791,4.03904,0.75289,1.66667,0.0,0.0,0.0,metamorphics,54.27,acid_plutonic_rocks,44.79,0.0,0.0115,-13.3804,46.0127,14.6813,39.2096,13.0425,1966.5188,2894.6826,6.4293,1.0039,0.0,0.0
58305001,44.498288843258045,0.18962653048667938,116.22003372583761,125,1.2613492792690375,volta_redonda,-22.5019,-44.0911,16000.0,16130.57,high,378.0,794.2602,73.1616,16130.57,4.04471,2.67027,2.84982,0.66019,0.89407,0.04586,0.0,17.65,1.17667,djf,214.15,4.65038,jja,1.44868,0.35817,1.23151,0.60875,0.86663,176.6,0.9508,2.62658,0.0,0.0,0.0,0.0,0.0,metamorphics,54.15,acid_plutonic_rocks,25.44,0.0,0.0456,-13.0029,45.0887,17.0965,37.796,16.5617,2004.8011,2095.6945,9.4162,1.7808,7456.0,87.4159
58380001,44.917180013689254,0.0056077044983542605,110.38741467218657,125,1.508749890815718,paraiba_do_sul,-22.1628,-43.2864,21400.0,19438.27,medium,301.0,755.6973,71.9964,19438.27,4.00364,2.67766,2.83508,0.66881,0.90059,0.03922,0.0,16.5,1.16608,djf,211.4,4.68217,jja,0.60422,0.1509,2.68689,1.08288,0.73597,171.65,0.2585,1.6613,0.25003,1.66667,0.0,0.0,0.0,metamorphics,52.46,acid_plutonic_rocks,30.42,0.0,0.0398,-13.1108,44.8902,16.8164,38.2699,16.1205,1976.7554,2231.6114,9.0736,4.1143,7471.0,174.2745
58405000,43.00068446269678,0.0,21.242343010991533,125,0.7404330129968947,pedro_do_rio,-22.3319,-43.1317,435.0,428.2249,high,675.0,1071.9414,169.6849,428.2249,5.16494,2.83158,3.04021,0.54823,0.83763,0.0139,0.0,24.1,1.26178,djf,256.3,5.11577,jja,2.28632,0.44266,0.79209,1.93427,0.67503,160.55,0.6194,5.859,2.05,1.13889,1.3,4.33333,0.0,acid_plutonic_rocks,100.0,,0.0,0.0,0.01,-14.0383,42.2138,18.4586,39.3106,19.9266,1754.717,3478.0165,8.9783,1.0759,0.0,0.0
58420000,40.473648186173854,0.0,15.733531522003393,125,0.8994901746906553,fazenda_sobradinho,-22.1994,-42.8969,719.0,701.9933,high,766.0,1045.2612,131.3853,701.9933,4.83806,2.74003,3.23326,0.56635,0.9499,0.0,0.0,22.85,1.23848,djf,250.35,5.13012,jja,1.91749,0.39633,1.1687,1.30633,0.7148,157.8,0.7636,4.5605,2.2,1.33333,0.0,0.0,0.0,acid_plutonic_rocks,97.74,metamorphics,2.26,0.0,0.01,-13.6823,40.101,18.5588,41.3233,19.7356,1830.3011,3658.5432,31.1996,4.4578,0.0,0.0
58425000,44.83504449007529,0.009342940889106009,43.584578919070154,125,1.0218682598364175,moreli_(parada_moreli),-22.1925,-43.0075,930.0,908.3255,high,562.0,1003.7981,127.8721,908.3255,4.66533,2.74003,3.23326,0.58732,0.95861,0.0,0.0,22.8,1.2459,djf,248.9,5.14256,jja,1.77138,0.37969,1.52481,1.6263,0.71338,157.25,0.652,4.3114,1.3,1.36842,0.0,0.0,0.0,acid_plutonic_rocks,92.62,metamorphics,7.38,0.0,0.01,-13.5273,39.8968,18.1908,41.8903,19.0474,1855.4332,3589.967,29.616,4.5806,0.0,0.0
58434000,42.91581108829569,0.036299840510366825,29.7877919551012,125,1.0791473978405113,fagundes,-22.2997,-43.1781,275.0,269.6071,high,520.0,870.2874,119.4011,269.6071,4.30853,2.83094,2.92247,0.65705,0.94093,0.0,0.0,24.05,1.26913,djf,263.45,5.62927,jja,1.22043,0.2863,0.50548,1.05242,0.75525,163.55556,0.5592,2.6807,1.22464,1.2,0.0,0.0,0.0,acid_plutonic_rocks,51.85,metamorphics,48.15,0.0,0.01,-14.0914,40.3611,16.7674,42.8252,16.9256,1957.3997,2965.7818,8.0357,1.8039,0.0,0.0
58440000,37.002053388090346,0.027007029226785054,31.6582402384117,125,1.3627069821128073,uhe_simplicio_moura_brasil,-22.1403,-43.1542,,2010.287,high,282.0,935.5346,129.5654,2010.287,4.55294,2.7858,3.13674,0.61187,0.93353,0.0,0.0,22.9,1.24457,djf,242.4,4.91684,jja,1.52239,0.33437,2.12593,2.06898,0.62855,156.35,0.3339,4.51732,3.7,1.57447,11.05,2.30208,0.0,acid_plutonic_rocks,81.98,metamorphics,18.02,0.0,0.01,-13.6298,40.5382,17.6368,41.7995,18.2602,1864.9599,3521.0415,17.6993,3.1852,30.0,2.6856
58470000,42.902121834360024,0.0,83.98500807570166,125,1.2295122795329247,chapeu_d'uvas,-21.5939,-43.5047,360.0,385.3622,medium,718.0,872.2345,55.1333,385.3622,4.2336,2.67121,2.71772,0.63095,1.07509,0.0094,0.0,22.45,1.23014,djf,254.6,5.75367,jja,1.58259,0.37382,0.76138,1.63321,0.83676,184.45,0.5522,2.9167,0.0,0.0,5.85,3.9,0.0,metamorphics,99.09,basic_plutonic_rocks,0.91,0.0,0.01,-13.0,39.9568,17.4237,42.6064,15.2739,2109.0581,2724.8393,2.8057,0.4857,153.0,68.7324
58480500,45.002053388090346,0.011194256859524245,62.140914282758516,125,1.5298661421473982,juiz_de_fora_-_jusante,-21.7783,-43.3253,969.0,983.408,high,692.0,817.7989,44.8565,983.408,4.16346,2.7014,2.71692,0.64883,1.06702,0.0094,0.0,21.75,1.23229,djf,244.7,5.43778,jja,1.75687,0.42197,0.40634,0.92017,0.78422,165.8,0.8456,3.6787,0.3,1.2,0.0,0.0,0.0,metamorphics,97.08,acid_plutonic_rocks,2.56,0.0,0.01,-13.0,40.2928,16.909,42.7718,14.667,2146.5548,2256.7648,6.7866,1.0583,153.0,24.2619
58500000,39.22518822724162,0.0,23.555385471922907,125,1.2148031732463198,usina_brumado,-21.8547,-43.885,144.0,152.0837,medium,752.0,1034.4237,90.4214,152.0837,4.447,2.63861,2.7437,0.59335,1.05734,0.01165,0.0,23.55,1.23947,djf,261.7,5.70774,jja,1.68789,0.37956,0.68058,0.93627,0.74752,167.85,0.8135,3.516,2.1,1.55556,0.0,0.0,0.0,metamorphics,100.0,,0.0,0.0,0.01,-14.1,40.3826,18.2955,41.3431,17.426,2104.6396,2587.2614,1.3681,0.2221,0.0,0.0
58516500,45.002053388090346,0.0093082679321044,89.91504654102667,125,2.3644874001900593,fazenda_santo_antonio,-21.8592,-43.4439,2240.0,2244.641,high,523.0,896.1702,78.4742,2244.641,4.29102,2.61983,2.73824,0.61054,1.04945,0.0,0.0,20.7,1.24699,djf,236.05,5.22813,jja,1.6857,0.39284,1.8286,1.41603,0.7674,169.95,0.6856,4.0035,0.2,1.0,0.0,0.0,0.0,metamorphics,93.11,acid_plutonic_rocks,6.89,0.0,0.01,-13.3774,40.3025,17.4711,42.2087,16.5063,2091.5759,2779.7045,3.2005,0.5202,38.0,2.7515
58520000,44.917180013689254,0.005790564427648422,93.47092949771817,125,1.8704374323021966,sobraji,-21.9667,-43.3744,3640.0,3665.553,high,462.0,846.5596,68.2322,3665.553,4.21146,2.64329,2.71719,0.62764,1.04874,0.0,0.0,20.15,1.24768,djf,232.4,5.17595,jja,1.61431,0.38331,1.48923,1.21868,0.77698,167.85,0.7186,3.6856,0.0,0.0,0.0,0.0,0.0,metamorphics,92.47,acid_plutonic_rocks,7.43,0.0,0.01,-13.2309,40.4146,17.1692,42.3914,15.5337,2104.0203,2613.0763,4.5413,0.7707,192.0,8.8896
58530000,44.58316221765914,0.0,23.695169099646662,125,0.8940200484285507,ponte_do_souza,-22.2708,-44.39,284.0,283.1068,high,928.0,1354.1194,150.2085,283.1068,5.2462,2.51317,2.92869,0.47905,1.05721,0.0281,0.0,22.75,1.17876,djf,251.55,5.19195,jja,3.67272,0.70007,1.78604,2.00898,0.75749,173.45,1.193,8.8336,0.6,1.71429,0.2,2.0,0.0,metamorphics,64.47,acid_plutonic_rocks,28.36,0.0,0.01,-13.6567,42.6586,20.0408,37.3059,24.1163,1658.0434,2629.6181,2.094,0.1562,0.0,0.0
58535000,42.74880219028063,0.0,20.49935869639444,125,1.0268990807492027,zelinda,-22.2442,-44.265,418.0,418.6062,high,574.0,1237.6122,148.5332,418.6062,5.16509,2.52467,2.89954,0.48879,1.05582,0.0281,0.0,22.3,1.18617,djf,244.95,5.12984,jja,3.6073,0.6984,2.13066,2.02542,0.73475,171.0,1.0316,8.99174,0.55,1.22222,0.35,3.5,0.0,metamorphics,71.38,acid_plutonic_rocks,23.77,0.0,0.01,-13.634,42.7471,19.0799,38.1686,21.7759,1683.111,2822.7379,1.957,0.1486,0.0,0.0
58542000,38.83367556468173,0.0028905809362662154,38.56031886992583,125,1.1632966107231044,santa_rita_do_jacutinga,-22.1519,-44.0906,355.0,342.306,high,555.0,1004.2092,119.827,342.306,4.81439,2.57065,2.78296,0.53395,1.02317,0.0183,0.0,22.2,1.21644,djf,243.9,5.08655,jja,3.25812,0.67675,1.7077,2.54123,0.72478,164.0,0.7994,8.1355,0.6,1.33333,3.9,4.58824,0.0,metamorphics,92.02,acid_plutonic_rocks,7.98,0.0,0.01,-13.3052,42.5754,17.4323,39.9804,17.5855,1825.8699,2919.208,1.1595,0.0975,0.0,0.0
58550001,44.917180013689254,0.0056077044983542605,33.93153378909089,125,1.4484600078029601,rio_preto,-22.0861,-43.82,1800.0,1776.083,high,443.0,894.9128,111.2653,1776.083,4.6368,2.60195,2.76473,0.56115,1.01747,0.0183,0.0,20.0,1.17994,djf,230.3,4.98485,jja,2.52119,0.54373,2.05607,1.74055,0.76309,173.05,0.9312,6.08398,0.35,1.16667,0.0,0.0,0.0,metamorphics,89.22,acid_plutonic_rocks,9.66,0.0,0.01,-13.2293,43.5166,17.0923,39.346,17.0146,1864.3998,3232.9281,2.1079,0.2291,0.0,0.0
58560000,39.351129363449694,0.0,41.56047971594358,125,1.577988763856111,valenca,-22.2244,-43.7103,173.0,174.0333,high,527.0,677.5648,62.2516,174.0333,4.02827,2.65698,2.73847,0.65958,1.0228,0.0,0.0,23.55,1.22656,djf,259.65,5.66921,jja,1.47638,0.3665,2.18914,1.65804,0.63211,161.9,0.3932,4.6348,4.4,1.41935,5.05,6.3125,0.0,metamorphics,67.67,acid_plutonic_rocks,32.33,0.0,0.01,-13.9787,42.8351,15.1623,41.9428,13.7221,1895.4596,2543.4964,3.3828,0.6278,0.0,0.0
58573000,38.74880219028063,0.0,43.41376771322723,125,1.3936988265990773,pentagna,-22.1569,-43.7525,256.0,266.3103,high,492.0,647.7897,73.5186,266.3103,4.13569,2.62847,2.72632,0.63556,1.02958,0.00915,0.0,23.15,1.21522,djf,255.65,5.5216,jja,1.45553,0.35194,1.8141,1.3062,0.72773,168.3,0.5227,3.3274,1.0,1.25,0.95,6.33333,0.0,metamorphics,68.87,acid_plutonic_rocks,31.13,0.0,0.01,-13.3618,44.5272,14.7896,40.5951,13.2603,1996.3875,2833.6043,3.0882,0.5813,0.0,0.0
58585000,44.917180013689254,0.0056077044983542605,47.537919725696106,125,1.961494701488381,manuel_duarte,-22.0844,-43.5589,3110.0,3103.394,high,395.0,798.9919,96.6264,3103.394,4.41155,2.62631,2.72264,0.59533,1.02203,0.00915,0.0,19.55,1.18127,djf,227.6,4.89989,jja,2.14621,0.4865,2.07146,1.72157,0.75119,172.0,0.7593,5.3532,0.6,1.33333,0.3,2.0,0.0,metamorphics,81.94,acid_plutonic_rocks,17.42,0.0,0.01,-13.2671,43.6164,16.507,39.8268,15.7359,1915.8033,3164.3946,2.2136,0.2826,12.0,0.4936
58610000,45.002053388090346,0.02701222850885198,101.05880845658996,125,2.19696479348925,estevao_pinto,-21.8964,-43.0414,783.0,744.7566,high,456.0,645.0665,49.891,744.7566,3.77739,2.69178,2.67938,0.7126,1.04504,0.0,0.0,23.0,1.24661,djf,250.05,5.47155,jja,1.52106,0.40267,1.76139,1.43479,0.76699,163.1,0.5455,3.5246,0.35,1.75,0.45,9.0,0.0,metamorphics,52.79,acid_plutonic_rocks,47.21,0.0,0.01,-13.2319,41.0484,15.4151,43.493,12.18,2006.1255,2414.3787,3.2906,0.5927,0.0,0.0
58620000,33.002053388090346,0.04886344781815165,99.49525778464012,125,2.863136930385309,uhe_ilha_dos_pombos_fazenda_piracema,-22.0864,-43.1511,8560.0,8530.473,high,285.0,772.55,77.0919,8530.473,4.13994,2.64256,2.71444,0.63831,1.03531,0.00458,0.0,18.05,1.21141,djf,222.5,5.02825,jja,1.64541,0.40297,1.40382,1.45751,0.77374,170.30769,0.6197,3.8741,0.0,0.0,0.36525,7.0,0.0,metamorphics,83.01,acid_plutonic_rocks,16.71,0.0,0.01,-13.2999,41.7365,16.6178,41.6082,15.0088,2008.2834,2814.7886,3.4004,0.5662,211.0,4.1185
58630002,42.8829568788501,0.0,182.9488520518785,125,2.061267227420169,anta,-22.0353,-42.9908,32700.0,30653.61,medium,243.0,766.353,77.2848,30653.61,4.06451,2.67613,2.8224,0.65841,0.94195,0.02113,0.0,15.7,1.16729,djf,203.55,4.67931,jja,1.06022,0.26085,1.54399,1.17037,0.78899,171.05,0.5062,2.4735,0.0,0.0,0.0,0.0,0.0,metamorphics,58.69,acid_plutonic_rocks,30.36,0.0,0.0289,-13.2119,43.6429,16.7953,39.5339,15.905,1977.2383,2472.2815,8.0169,2.0717,7839.0,66.083
58645000,45.002053388090346,0.02981079272373304,39.39784225529661,125,0.9979776495537769,sumidouro,-22.0497,-42.6775,294.0,290.8781,high,394.0,902.1681,90.127,290.8781,4.07733,2.69867,2.81694,0.66187,0.99101,0.0,0.0,22.9,1.2687,djf,258.65,5.65974,jja,1.88577,0.4625,1.76645,1.61092,0.73602,162.9,0.6395,4.176,1.2,1.41176,0.65,3.25,0.0,acid_plutonic_rocks,83.59,metamorphics,16.41,0.0,0.01,-13.0237,39.6152,16.4762,43.8612,18.6126,2122.1531,3356.6185,59.5443,8.6508,0.0,0.0
58648001,30.086242299794662,0.01901901901901902,27.12907854462755,125,1.6049535005851843,paquequer,-21.8764,-42.63,762.0,769.2066,high,201.0,667.5031,95.9584,769.2066,3.73963,2.69867,2.81694,0.72164,1.00321,0.0,0.0,22.0,1.29412,djf,253.4,5.58765,jja,1.47494,0.40152,1.91467,1.51717,0.73835,157.05882,0.4813,3.25976,1.12747,1.69231,2.76743,10.8,0.0,acid_plutonic_rocks,57.48,metamorphics,42.52,0.0,0.01,-13.2019,39.6891,16.0094,44.2433,16.1728,2071.6952,3469.384,35.8999,6.6685,0.0,0.0
58658000,39.00068446269678,0.004282204282204282,24.001289099551986,125,1.1946676666429268,volta_grande,-21.7675,-42.5397,348.0,332.7155,high,221.0,458.4174,55.6189,332.7155,3.49537,2.68291,2.5727,0.76756,1.02393,0.0,0.0,21.2,1.28097,djf,255.25,5.66593,jja,1.36995,0.39193,2.4321,1.35355,0.6551,146.4,0.4116,2.91622,3.75,2.20588,0.5,5.0,0.0,acid_plutonic_rocks,59.64,metamorphics,40.36,0.0,0.01,-13.1085,40.4736,15.7746,43.6858,12.6596,2089.6739,2813.7276,2.917,0.5834,0.0,0.0
58670002,44.498288843258045,0.003383990647880391,10.127065727447688,125,1.4368166391351145,fazenda_da_barra_(pirapetinga),-21.6581,-42.3428,590.0,581.1687,high,155.0,350.5767,54.8637,581.1687,3.56762,2.72791,2.51581,0.76463,0.99849,0.0,0.0,22.4,1.29107,djf,258.95,5.6663,jja,0.87862,0.24967,1.83949,1.13365,0.71516,153.68421,0.3623,2.0042,2.11798,1.75,0.0,0.0,0.0,metamorphics,67.4,acid_plutonic_rocks,32.6,0.0,0.01,-13.0792,40.4656,16.1277,43.3484,12.3611,1995.8549,2759.868,7.3914,2.3048,0.0,0.0
58710000,39.66598220396988,0.0,62.97169527711582,125,1.4831163438766963,usina_ituere,-21.305,-43.1992,784.0,790.7779,high,454.0,722.6222,75.6254,790.7779,4.28011,2.69515,2.69198,0.62969,1.09652,0.0,0.0,22.75,1.32653,djf,248.25,5.58493,jja,1.86562,0.43588,1.74304,1.3367,0.74552,163.7,0.7655,4.5776,1.6,1.52381,0.15,3.0,0.0,metamorphics,79.17,acid_plutonic_rocks,10.43,0.0,0.0129,-13.0057,39.973,16.4511,43.5446,14.2723,2077.313,2717.2537,3.4068,0.5003,0.0,0.0
58720000,42.83367556468173,0.013550655161393416,20.435054587401062,125,1.1114420943590675,tabuleiro,-21.3547,-43.2478,322.0,318.1442,high,455.0,750.4178,73.7171,318.1442,4.38646,2.69753,2.69278,0.61497,1.09345,0.0141,0.0,22.55,1.33828,djf,248.65,5.56887,jja,2.52188,0.57261,1.85948,1.35113,0.66796,152.0,0.8853,7.4604,4.4224,1.6,0.0,0.0,0.0,metamorphics,70.14,basic_plutonic_rocks,25.18,0.0,0.01,-13.0,39.2436,16.4479,44.2584,15.0578,2064.889,3167.5598,2.2405,0.2434,0.0,0.0
58730001,44.917180013689254,0.0040229184444715346,34.549716161822836,125,2.1029260980607254,guarani,-21.3556,-43.0503,1650.0,1655.384,high,406.0,674.2364,68.0469,1655.384,4.21365,2.71213,2.64206,0.64365,1.08997,0.0,0.0,21.8,1.30931,djf,242.6,5.47012,jja,1.76537,0.41897,1.79508,1.24385,0.73552,157.65,0.7379,4.48068,1.05,1.5,0.0,0.0,0.0,metamorphics,77.76,acid_plutonic_rocks,11.46,0.0,0.0127,-12.9876,40.2916,16.2852,43.3855,13.4776,2064.1361,2639.7223,3.3327,0.5172,0.0,0.0
58735000,44.58316221765914,0.0,35.0974349052033,125,2.061265080788173,astolfo_dutra,-21.3094,-42.8619,2350.0,2355.084,high,265.0,603.9948,63.9323,2355.084,4.08166,2.71966,2.62205,0.66631,1.0841,0.0,0.0,21.6,1.30514,djf,240.55,5.38746,jja,1.48126,0.36291,1.40325,1.30201,0.73532,161.45,0.5821,3.6032,0.9,1.8,0.0,0.0,0.0,metamorphics,83.83,acid_plutonic_rocks,8.59,0.0,0.0119,-12.9913,40.5334,16.2768,43.1494,13.1265,2026.9467,2364.09,5.8076,1.0742,41.0,3.22
58736000,44.498288843258045,0.19700978280932752,17.99920587972598,125,1.6127439690972911,barra_do_xopoto,-21.2931,-42.82,1280.0,1302.542,high,339.0,482.6088,69.1893,1302.542,3.57142,2.74872,2.47689,0.76964,1.06363,0.0,0.0,22.6,1.30259,djf,249.65,5.51713,jja,0.74635,0.20805,2.82962,2.27258,0.5679,147.82353,0.0936,2.4429,10.36499,2.18478,42.74915,19.7381,0.0,metamorphics,92.3,acid_plutonic_rocks,7.7,0.0,0.01,-13.0,42.2932,16.2528,41.3961,11.3224,1931.3173,1942.2556,10.7637,3.9512,7.0,1.9727
58750000,42.91581108829569,0.1686762360446571,77.7661287248856,125,1.1055163791514642,piau,-21.4967,-43.3172,490.0,488.1831,high,437.0,866.0928,58.1216,488.1831,4.35573,2.66275,2.80432,0.61132,1.08914,0.00705,0.0,22.95,1.21429,djf,248.95,5.56935,jja,2.07514,0.47642,1.28285,0.97108,0.80818,175.05,0.8706,4.2515,0.05,1.0,0.0,0.0,0.0,metamorphics,90.12,basic_plutonic_rocks,5.05,0.0,0.01,-13.0,39.2505,17.032,43.6901,15.4506,2147.844,2390.9609,2.7228,0.3595,85.0,22.9877
58755000,45.002053388090346,0.010890065097037173,64.27762049550893,125,2.1329490553328885,rio_novo,-21.4739,-43.1289,835.0,805.9353,high,404.0,748.2706,57.523,805.9353,4.31244,2.66275,2.80432,0.61746,1.08476,0.00705,0.0,21.35,1.26706,djf,244.8,5.51351,jja,1.80401,0.41833,1.08052,1.00024,0.76296,166.6,0.6842,4.1846,0.55,1.57143,1.05,2.1,0.0,metamorphics,93.88,acid_plutonic_rocks,3.07,0.0,0.01,-13.0,39.4798,16.7404,43.7373,14.8138,2177.6708,2158.5667,2.7613,0.4194,85.0,16.0172
58765001,42.496919917864474,0.014109006571318129,60.64457440438671,125,1.9334831261343977,usina_mauricio,-21.4739,-42.8253,1770.0,1780.703,high,295.0,610.8994,66.8341,1780.703,4.10346,2.68953,2.7405,0.65543,1.06779,0.0047,0.0,20.85,1.29503,djf,238.7,5.35202,jja,1.49203,0.3636,2.24965,1.95435,0.68513,158.45,0.3295,4.1375,2.4,2.4,15.2,2.53333,0.0,metamorphics,97.22,acid_plutonic_rocks,1.39,0.0,0.01,-13.0,40.3742,16.4517,43.1329,13.3458,2087.7773,2182.1659,3.1757,0.5831,193.0,19.9019
58770000,44.917180013689254,0.0056077044983542605,67.41777279050909,125,2.380726965507745,cataguases,-21.3894,-42.6964,5880.0,5914.664,high,176.0,561.3239,67.012,5914.664,3.95183,2.71114,2.63507,0.68605,1.07228,0.0,0.0,20.1,1.27215,djf,232.95,5.3737,jja,1.3249,0.33526,2.21277,1.56281,0.72335,158.7,0.4791,3.4561,1.85,2.17647,0.55,1.22222,0.0,metamorphics,90.45,acid_plutonic_rocks,6.12,0.0,0.0108,-12.9966,40.9324,16.3258,42.6965,12.7007,2018.3365,2269.8339,6.3352,1.31,241.0,8.4258
58795000,44.917180013689254,0.0056077044983542605,112.61843620170659,125,2.532860449437377,tres_irmaos,-21.6258,-41.9853,45300.0,43352.8,high,47.0,673.4475,74.172,43352.8,3.96044,2.68863,2.75522,0.67887,0.96686,0.01585,0.0,14.4,1.2,djf,198.15,4.65687,jja,1.06161,0.26805,1.70823,1.25201,0.76698,168.45,0.4175,2.5925,0.15,1.5,0.0,0.0,0.0,metamorphics,63.58,acid_plutonic_rocks,28.19,0.0,0.0235,-13.2257,42.9361,16.6181,40.4119,14.9011,1982.7251,2460.172,7.9263,2.0456,8331.0,49.5933
58825000,42.83367556468173,6.391818472355386e-05,10.928822583649591,125,1.570776120441356,ponte_estrada_dona_mariana,-22.2189,-42.5714,234.0,223.6788,high,968.0,1208.9425,121.4081,223.6788,5.03814,2.71568,3.24074,0.53903,0.92673,0.0,0.0,22.55,1.24586,djf,257.15,5.24796,jja,2.91087,0.57777,1.45554,1.87925,0.68779,155.45,0.9626,7.4894,2.5,1.85185,0.0,0.0,0.0,acid_plutonic_rocks,96.56,metamorphics,3.44,0.0,0.01,-13.8652,40.4395,18.1231,41.4293,22.9504,2148.4992,3224.297,15.026,1.4143,0.0,0.0
58827000,42.74880219028063,0.0,20.791516194076426,125,1.4297381823823818,bom_jardim,-22.1567,-42.4161,553.0,539.1654,high,580.0,1097.4661,128.4326,539.1654,4.66004,2.71568,3.24074,0.58276,0.95635,0.0,0.0,22.25,1.2465,djf,253.2,5.1359,jja,2.33043,0.50009,1.97339,1.63858,0.73103,158.1,0.8431,5.6992,1.3,1.44444,0.0,0.0,0.0,acid_plutonic_rocks,82.11,metamorphics,17.89,0.0,0.01,-13.6526,39.919,18.3737,41.6923,22.4585,2150.4203,3738.7287,15.2467,1.7925,0.0,0.0
58846000,44.917180013689254,0.0056077044983542605,45.68615285591153,125,1.4878747586854584,manuel_de_morais,-22.0242,-42.1344,1370.0,1360.575,high,258.0,887.1044,125.6909,1360.575,4.40098,2.74417,2.95024,0.62354,0.94889,0.0,0.0,21.6,1.24855,djf,244.6,4.9665,jja,1.57611,0.35813,2.0449,1.5217,0.74973,159.7,0.5583,3.7295,1.55,1.55,0.0,0.0,0.0,acid_plutonic_rocks,66.54,metamorphics,33.46,0.0,0.01,-13.6929,39.2784,17.7857,42.9154,19.4911,2206.3761,3826.3577,12.0216,2.0897,15.0,1.9164
58850000,44.498288843258045,0.0019688672860395003,60.84183487854596,125,1.7392530324953956,pimentel,-21.77,-41.9383,1810.0,1810.393,high,81.0,781.7779,130.5226,1810.393,4.22208,2.74417,2.95024,0.64996,0.91356,0.0,0.0,21.55,1.25291,djf,238.25,4.83266,jja,1.41988,0.3363,2.12942,1.73522,0.72878,157.45,0.4611,3.6841,1.85,1.6087,0.0,0.0,0.0,acid_plutonic_rocks,66.61,metamorphics,33.39,0.0,0.01,-13.7935,39.682,17.4722,42.8239,18.0528,2174.0416,3617.7387,9.9951,1.9286,71.0,7.5673
58870000,44.498288843258045,0.0,61.034692547145475,125,1.9481718340044942,barra_do_rio_negro,-21.7289,-41.9547,1120.0,1124.225,high,87.0,449.7218,81.0317,1124.225,3.53856,2.76109,2.573,0.78029,0.92691,0.0,0.0,22.3,1.28902,djf,249.0,5.24211,jja,0.76382,0.21585,2.04233,1.39838,0.71359,153.45,0.3003,2.02876,2.5,2.63158,0.0,0.0,0.0,acid_plutonic_rocks,62.73,metamorphics,37.27,0.0,0.01,-13.6277,39.6268,16.4774,43.8431,14.2731,2094.1129,3448.5096,7.0282,2.5209,0.0,0.0
58880001,44.917180013689254,0.0056077044983542605,98.52884767898574,125,2.702695838760375,sao_fidelis,-21.6453,-41.7522,48900.0,46947.09,high,20.0,665.2711,76.6597,46947.09,3.94775,2.69461,2.75407,0.68257,0.96456,0.01585,0.0,14.25,1.20253,djf,198.25,4.62121,jja,1.06691,0.27022,2.16235,1.31157,0.76176,167.65,0.4312,2.6583,0.50007,1.66667,0.0,0.0,0.0,metamorphics,61.59,acid_plutonic_rocks,30.76,0.0,0.0226,-13.2687,42.7487,16.6406,40.5765,14.9464,1993.0837,2519.8989,7.9285,2.036,8402.0,45.9573
58910000,43.00068446269678,0.022921176620399848,29.8477563978927,125,1.4569218107258832,fazenda_umbaubas,-21.0506,-42.5142,151.0,144.7501,high,521.0,767.0455,75.131,144.7501,4.1131,2.75422,2.5717,0.66962,1.04639,0.0,0.0,23.9,1.26455,djf,263.4,5.68285,jja,1.9892,0.48363,1.07421,1.74052,0.70288,159.05,0.6279,5.6794,1.75,1.52174,1.1,7.33333,0.0,metamorphics,96.8,acid_plutonic_rocks,3.2,0.0,0.01,-13.0,41.3953,16.811,41.7707,14.0207,2193.5747,3075.4251,5.3128,0.7317,0.0,0.0
58916000,39.00068446269678,0.0,25.882825298479183,125,2.1786113071774857,bicuiba,-20.7728,-42.3011,393.0,401.0906,high,616.0,947.7749,91.7076,401.0906,3.99974,2.71785,2.67941,0.67951,1.07039,0.0,0.0,23.65,1.33239,djf,256.95,5.39244,jja,2.3113,0.57786,0.76901,1.99737,0.68172,150.15,0.6663,7.1263,1.3,1.85714,0.0,0.0,0.0,acid_plutonic_rocks,67.53,metamorphics,32.47,0.0,0.01,-13.0,40.1689,17.2247,42.5888,15.9826,2120.5645,3194.3976,1.8709,0.2218,0.0,0.0
58917000,44.498288843258045,0.009844336430197501,30.0454848736977,125,2.0730418985802577,jussara,-20.9111,-42.3483,744.0,748.9634,high,362.0,869.7687,88.1102,748.9634,4.03278,2.72213,2.64836,0.675,1.06328,0.0,0.0,23.0,1.30312,djf,252.1,5.25208,jja,2.07583,0.51474,1.22084,2.078,0.70217,153.3,0.5822,5.77974,1.4,1.64706,2.5,6.25,0.0,metamorphics,56.64,acid_plutonic_rocks,43.36,0.0,0.01,-13.0,41.3265,16.9919,41.6501,15.1611,2145.7827,2964.2387,2.4576,0.3244,0.0,0.0
58920000,44.917180013689254,0.0056077044983542605,28.004986300421837,125,2.7315183077948504,patrocinio_do_muriae,-21.1506,-42.2144,2660.0,2643.124,high,182.0,598.184,78.3397,2643.124,4.03202,2.74456,2.60606,0.68069,1.0371,0.0,0.0,21.65,1.28107,djf,240.2,5.11064,jja,1.56282,0.3876,1.70956,2.09203,0.66152,153.45,0.4075,4.65482,3.3,2.53846,5.95,2.70455,0.0,metamorphics,61.72,acid_plutonic_rocks,38.28,0.0,0.01,-13.0175,42.3298,16.4181,41.2155,12.8885,2027.8403,2786.5037,5.3455,0.9371,41.0,2.7193
58930000,44.917180013689254,0.0056077044983542605,35.74653462995717,125,2.0431866364113915,carangola,-20.74,-42.0239,773.0,770.9908,high,432.0,849.2332,116.9734,770.9908,3.79704,2.73407,2.54319,0.72005,1.04768,0.0,0.0,23.55,1.3011,djf,255.2,5.29461,jja,1.5247,0.40155,1.74565,2.21484,0.67306,153.6,0.3474,4.6152,4.1,3.03704,10.85,12.76471,0.0,metamorphics,68.79,acid_plutonic_rocks,31.21,0.0,0.01,-13.0,40.2798,16.7463,42.933,14.673,2107.7387,2956.5033,2.7169,0.4882,0.0,0.0
58934000,44.917180013689254,0.0056077044983542605,26.443886546536593,125,2.138882311689398,porciuncula,-20.9614,-42.0378,1340.0,1339.188,high,191.0,727.303,109.1872,1339.188,3.78119,2.69919,2.5963,0.71385,1.04147,0.0,0.0,23.4,1.32578,djf,249.15,5.11602,jja,1.38288,0.36573,2.14487,2.44343,0.66752,152.5,0.2869,4.0756,4.1,2.5625,17.95,8.7561,0.0,metamorphics,69.36,acid_plutonic_rocks,30.64,0.0,0.01,-13.0,41.0737,16.7137,42.1697,13.7201,2074.33,2855.3144,3.1966,0.6333,0.0,0.0
58940000,44.917180013689254,0.0056077044983542605,57.206827278149085,125,3.154118221019486,itaperuna,-21.2078,-41.8922,5800.0,5776.853,high,120.0,551.2197,86.933,5776.853,3.85358,2.74265,2.56624,0.71172,1.02208,0.0,0.0,21.0,1.2844,djf,236.7,5.02015,jja,1.23162,0.31961,1.84125,2.28148,0.67129,154.3,0.2769,3.65308,4.3,3.18519,12.25,4.15254,0.0,metamorphics,64.97,acid_plutonic_rocks,35.03,0.0,0.01,-13.1935,42.0266,16.5188,41.416,12.5675,2023.9547,2758.6956,5.234,1.1643,41.0,1.5788
58960000,44.917180013689254,0.0056077044983542605,57.71993192939254,125,3.2928245885950305,cardoso_moreira,-21.4917,-41.6136,7210.0,7169.306,high,36.0,479.8032,84.133,7169.306,3.71711,2.77088,2.55198,0.74544,0.99623,0.0,0.0,21.2,1.27327,djf,235.3,4.97463,jja,1.18408,0.31855,2.03358,2.38275,0.67166,153.3,0.2555,3.5996,3.8,3.30435,12.5,5.43478,0.0,metamorphics,67.47,acid_plutonic_rocks,31.88,0.0,0.0117,-13.3382,42.3133,16.495,41.1507,12.0354,2009.9814,2731.3965,5.3864,1.2463,41.0,1.3232
58974000,44.917180013689254,0.0056077044983542605,109.10939120735624,125,2.974829258446385,campos_-_ponte_municipal,-21.7514,-41.3244,55700.0,55871.36,high,4.0,625.7878,77.7093,55871.36,3.88627,2.71314,2.71988,0.69814,0.96426,0.01268,0.0,13.65,1.23529,djf,195.15,4.58637,jja,1.06306,0.27354,2.92616,1.38484,0.7677,165.5,0.4099,2.616,0.55,1.83333,0.0,0.0,0.0,metamorphics,62.01,acid_plutonic_rocks,30.65,0.0,0.0227,-13.2581,42.8097,16.6069,40.5482,14.4277,2012.9121,2524.1396,7.4646,1.9238,8443.0,38.9456
59100000,44.498288843258045,0.001907340183350766,28.721681279283043,125,1.7193905490278134,macabuzinho,-22.0858,-41.7394,630.0,623.1911,high,18.0,439.879,128.8703,623.1911,4.19588,2.83171,2.8307,0.67488,0.80372,0.0,0.0,23.3,1.2663,djf,251.75,4.78612,jja,1.30166,0.31022,2.67619,1.73043,0.633,148.25,0.2727,4.49664,9.15,3.97826,14.4,11.52,0.0,acid_plutonic_rocks,57.24,metamorphics,39.57,0.0,0.0185,-13.597,44.0387,16.9932,38.9513,15.0979,1859.0579,2980.196,3.5728,0.752,52.0,17.5627
59120000,45.002053388090346,0.007118087242197481,9.485366378999572,125,0.8033372551445276,macae_de_cima,-22.3722,-42.4622,67.0,64.4022,high,913.0,1188.8221,150.6949,64.4022,5.64417,2.74204,3.12,0.48582,0.88948,0.0,0.0,24.1,1.22025,djf,268.65,5.55636,jja,3.71785,0.65871,1.40129,1.78436,0.69213,160.85,1.1564,9.4165,2.6,1.33333,2.15,6.14286,0.0,metamorphics,93.7,acid_plutonic_rocks,6.3,0.0,0.01,-14.1,42.9555,20.6252,36.404,26.8633,1517.6359,3710.2751,14.9968,1.1051,0.0,0.0
59125000,45.002053388090346,0.011072580154529416,9.21967449554725,125,0.8480528160839826,galdinopolis,-22.3689,-42.3792,104.0,103.9159,high,796.0,1146.7871,152.8502,103.9159,5.60788,2.74204,3.12,0.48896,0.89659,0.0,0.0,23.75,1.21173,djf,264.75,5.3811,jja,3.3785,0.60245,1.57486,1.65808,0.74503,166.35,1.1973,7.5312,1.7,1.17241,0.0,0.0,0.0,metamorphics,96.04,acid_plutonic_rocks,3.96,0.0,0.01,-14.1,42.9311,20.4534,36.605,23.769,1534.1122,4433.025,14.9968,1.2161,0.0,0.0
59181000,39.748117727583846,0.08968177434908389,42.24311219891581,125,1.683056751678118,correntezas_-_nova,-22.5431,-42.3958,404.0,413.3633,high,19.0,308.6511,146.3409,413.3633,5.30865,2.84507,3.04236,0.53593,0.73863,0.0035,0.0,23.6,1.20102,djf,258.65,5.07655,jja,3.84424,0.72415,1.17157,1.73272,0.68667,164.75,1.0833,10.659,1.0,1.11111,1.2,4.0,0.0,metamorphics,94.81,acid_plutonic_rocks,5.19,0.0,0.01,-14.1,46.3043,18.9769,34.711,20.4863,1986.9185,2721.1391,2.6844,0.1913,0.0,0.0
59240000,39.162217659137575,0.04949664429530201,20.289862259146183,125,1.070823159726744,parque_ribeira,-22.5897,-42.735,289.0,297.0584,high,19.0,505.6753,186.3223,297.0584,5.03027,2.78038,3.14155,0.55273,0.75145,0.007,0.0,23.4,1.19388,djf,255.85,5.00196,jja,2.91896,0.58028,1.39718,1.8003,0.65126,156.2,0.8054,7.8242,2.6,1.26829,4.1,5.85714,0.0,metamorphics,75.38,acid_plutonic_rocks,18.68,0.0,0.0213,-13.9471,47.5013,17.9541,34.5398,22.1598,1798.798,2464.5521,4.0321,0.3785,0.0,0.0
59355000,44.58316221765914,0.0,15.484030887320179,125,0.6918178747837493,fazenda_das_garrafas,-22.7356,-44.6167,21.0,19.7034,medium,1526.0,1645.28,95.3519,19.7034,4.77192,2.70599,3.07973,0.56707,1.04333,0.0338,0.0,24.4,1.16746,djf,277.15,6.1933,jja,3.15798,0.66169,1.10987,1.48667,0.75511,177.4,1.2541,7.23731,0.95013,1.11765,0.0,0.0,0.0,metamorphics,62.65,acid_plutonic_rocks,37.35,0.0,0.01,-14.1,46.6995,18.2626,34.9899,21.9823,1799.9596,2597.3494,0.6541,0.0567,0.0,0.0
59370000,44.58316221765914,0.0,14.013229310639783,125,0.7418931240798401,fazenda_fortaleza,-22.96,-44.5608,635.0,637.3362,high,43.0,1175.9015,141.4573,637.3362,4.83951,2.68956,3.38214,0.55575,0.95084,0.027,0.0,22.85,1.17784,djf,250.8,5.16049,jja,2.94808,0.60917,0.70178,1.35578,0.76128,168.85,1.238,6.301,0.95,1.26667,0.0,0.0,0.0,metamorphics,79.03,acid_plutonic_rocks,20.77,0.0,0.0105,-14.0935,46.4311,17.9482,35.6004,23.8764,1503.8949,3093.6095,1.6572,0.154,0.0,0.0
59380000,42.50513347022587,0.03388083735909823,20.263384844185428,125,0.9543497330378935,parati,-23.2247,-44.7614,79.0,80.4906,high,16.0,970.3195,205.4389,80.4906,4.83765,3.236,3.49993,0.66892,0.85132,0.0412,0.0,24.55,1.18599,djf,273.6,5.89655,jja,3.67717,0.76155,0.88823,2.01483,0.70484,156.63158,1.0584,9.1498,0.92651,1.05882,0.5662,1.83333,0.0,acid_plutonic_rocks,100.0,,0.0,0.0,0.01,-14.0955,43.8486,18.6154,37.5775,26.5147,1282.6966,3110.7306,1.1729,0.0874,0.0,0.0
60010000,44.83504449007529,0.0021983390327308255,40.70941583561167,125,2.9978199222128827,santana_de_patos,-18.8411,-46.5508,2730.0,2758.934,high,828.0,954.331,40.0382,2758.934,3.98475,2.88284,2.48837,0.72347,1.11676,0.10645,0.0,19.95,1.32558,djf,234.6,5.46217,jja,1.43341,0.35972,2.26465,2.42108,0.71856,174.35,0.3151,4.22756,0.7,3.5,10.15,6.76667,0.0,mixed_sedimentary_rocks,67.65,pyroclastics,11.8,2.2,0.1561,-13.0,42.1947,15.656,42.1091,11.4489,2954.4344,1921.2267,27.9382,5.3399,0.0,0.0
60011000,44.668035592060235,0.03604045357033405,76.02172473186685,125,3.061307707591259,patos_de_minas,-18.6017,-46.5394,3800.0,3821.475,high,788.0,936.5378,40.1381,3821.475,3.96219,2.88083,2.46518,0.72708,1.117,0.10645,0.0,19.6,1.32881,djf,233.2,5.56563,jja,1.39575,0.35227,2.02585,2.45957,0.71879,174.85,0.2911,4.0128,2.4,8.0,15.05,9.70968,0.0,mixed_sedimentary_rocks,68.12,pyroclastics,16.23,1.59,0.157,-13.0029,41.8037,15.9834,42.1724,10.9951,2906.5434,1939.2967,24.2809,4.7661,0.0,0.0
60100000,39.00068446269678,0.0,16.389562960516287,125,0.9698600874284063,charqueada_do_patrocinio,-18.9011,-46.9658,78.0,79.0263,high,917.0,1032.9923,39.0284,79.0263,4.03354,2.92185,2.58711,0.72439,1.11069,0.1111,0.0,23.4,1.33333,djf,258.15,5.87372,jja,1.67362,0.41493,2.11463,1.76569,0.68425,169.9,0.3499,4.5886,5.2,1.6,13.1,7.08108,0.0,mixed_sedimentary_rocks,38.51,carbonate_sedimentary_rocks,28.19,28.19,0.1046,-13.0,39.328,16.947,43.6707,13.8717,2788.3038,2409.1127,18.6017,3.0451,0.0,0.0
60110000,44.83504449007529,0.0004885197850512946,92.37719303382451,125,1.398098241274087,abadia_dos_dourados,-18.4911,-47.4064,1906.0,1972.576,high,732.0,898.838,37.6442,1972.576,3.94291,3.03814,2.47555,0.77053,1.15764,0.1137,0.0,20.8,1.38667,djf,236.9,5.59386,jja,1.16438,0.29531,0.84962,2.23891,0.69057,169.9,0.2586,3.1817,2.3,1.76923,11.65,9.32,0.0,metamorphics,82.26,acid_plutonic_rocks,8.44,1.14,0.0226,-13.4884,41.8009,16.7963,41.3659,9.2431,2686.1063,2072.2639,25.4617,5.991,0.0,0.0
60130000,44.83504449007529,0.03169272105520274,70.19872415765899,125,1.2004544958247663,fazenda_cachoeira,-18.7808,-47.4089,131.0,134.7011,high,860.0,966.8604,35.0763,134.7011,3.953,3.03633,2.44743,0.76811,1.15026,0.1137,0.0,22.3,1.30792,djf,253.8,5.73559,jja,1.38392,0.35009,1.37105,1.41823,0.76726,178.7,0.3823,3.1513,0.3,1.0,6.6,5.73913,0.0,metamorphics,70.76,mixed_sedimentary_rocks,25.69,0.0,0.0556,-13.0,40.6559,14.5129,44.7795,10.3718,2952.8817,2391.6691,72.274,14.308,0.0,0.0
60145000,44.83504449007529,0.02344894968246214,69.18603517900716,125,1.301065092379761,irai_de_minas,-18.9772,-47.4575,93.0,86.2637,medium,948.0,1018.1124,30.0983,86.2637,3.9633,3.03633,2.44743,0.76611,1.12874,0.1137,0.0,21.85,1.31627,djf,253.0,5.83622,jja,1.77087,0.44682,1.26436,1.23375,0.77997,172.2,0.6831,3.8381,0.3,1.5,0.35,3.5,0.0,mixed_sedimentary_rocks,96.71,basic_volcanic_rocks,3.29,0.0,0.188,-13.0,41.1438,14.3862,44.412,9.7682,3296.6408,3122.2837,48.6595,7.5281,0.0,0.0
60220000,44.83504449007529,0.0004885197850512946,13.619041285513354,125,1.5055744295551654,desemboque,-20.0139,-47.0172,1070.0,1083.348,high,978.0,1155.7904,49.0096,1083.348,4.56948,2.87118,2.68766,0.62834,1.08443,0.10075,0.0,19.1,1.23625,djf,230.8,5.36121,jja,2.32104,0.50794,2.38481,1.70479,0.67106,163.0,0.6997,5.9036,4.15,2.18421,0.8,8.0,0.0,metamorphics,88.02,mixed_sedimentary_rocks,5.12,0.0,0.0256,-14.0627,44.7901,15.9567,39.2139,12.7789,2913.5201,2627.1583,6.8828,0.8124,0.0,0.0
60250000,44.7501711156742,0.012052615478739676,72.30716162180681,125,1.6704236977537925,fazenda_sao_mateus,-19.5175,-46.57,1300.0,1299.959,high,879.0,1060.7853,45.225,1299.959,4.32239,2.83861,2.56247,0.65672,1.09584,0.0926,0.0,19.55,1.25723,djf,231.45,5.13193,jja,1.96126,0.45374,1.51059,1.44602,0.79027,175.0,0.8351,4.3879,0.75,2.14286,0.0,0.0,0.0,metamorphics,98.02,acid_plutonic_rocks,1.39,0.0,0.0113,-13.0014,43.8877,15.098,40.9604,12.0814,2610.6479,2484.3949,7.336,1.0248,0.0,0.0
60265000,44.668035592060235,0.02028807845540913,59.917211488062854,125,1.7368968077930762,ibia,-19.475,-46.5419,1370.0,1355.314,high,878.0,1051.2676,44.3659,1355.314,4.23527,2.84961,2.65615,0.67283,1.13017,0.0904,0.0,19.4,1.28904,djf,236.0,5.40664,jja,1.77398,0.41886,1.35052,1.53535,0.76727,172.65,0.6617,4.2398,1.15,1.91667,0.25,5.0,0.0,metamorphics,68.02,pyroclastics,19.68,0.0,0.0481,-13.0007,42.8217,15.4495,41.677,11.9571,2783.2475,2454.9748,24.8394,3.8362,0.0,0.0
60381000,44.83504449007529,0.006839276990718124,47.159021554284045,125,1.6354302849355546,fazenda_letreiro,-18.9883,-48.1903,777.0,787.829,high,813.0,940.4485,20.6544,787.829,4.06865,3.03081,2.61142,0.74492,1.06548,0.11193,0.0,18.55,1.21639,djf,231.05,5.28719,jja,1.39871,0.34378,1.17453,1.66742,0.73798,169.6,0.4331,3.4175,0.0,0.0,1.45,2.23077,0.0,mixed_sedimentary_rocks,58.55,unconsolidated_sediments,31.86,0.0,0.1899,-13.0,40.4346,14.2739,45.2502,12.333,4107.3258,1635.4552,13.5657,2.6572,0.0,0.0
60435000,44.24914442162902,0.00692983541640886,95.11399982622777,125,1.0119926510548536,descoberto_-_chacara_89,-15.7089,-48.2339,113.23,107.5587,high,1054.0,1147.4321,33.1965,107.5587,4.09835,3.07759,2.58008,0.75093,1.06852,0.1513,0.0,18.45,1.20195,djf,239.0,5.55168,jja,1.70492,0.41947,2.01388,1.86313,0.75839,180.05263,0.3952,4.0321,0.55341,1.57143,13.93585,10.65385,0.0,metamorphics,100.0,,0.0,0.0,0.01,-13.0147,43.8885,15.202,40.8751,9.8717,4318.2518,2047.614,17.7796,2.8571,0.0,0.0
60435100,44.24914442162902,0.005382997153817597,52.343277213230664,125,0.6939175546284982,chapadinha_-_aviario_-_df_180,-15.6997,-48.2106,20.13,19.5378,high,1046.0,1115.4632,31.7692,19.5378,4.11229,3.10125,2.51177,0.75414,1.06641,0.1513,0.0,19.7,1.21605,djf,258.4,5.85941,jja,1.87036,0.45482,1.47338,1.9026,0.76962,184.9,0.43428,4.30632,0.1,2.0,12.1,5.7619,0.0,metamorphics,100.0,,0.0,0.0,0.01,-13.0,48.9259,15.4497,35.6481,8.754,4547.4524,1087.972,22.4018,3.2814,0.0,0.0
60435200,44.24914442162902,0.0071154560079198115,23.10033581142254,125,0.8750313358711157,rodeador_-_df_435,-15.725,-48.1683,111.96,111.4548,high,1045.0,1216.9594,38.9333,111.4548,4.03628,3.10125,2.51177,0.76834,1.05272,0.1513,0.0,19.0,1.22977,djf,243.05,5.58094,jja,1.1908,0.29502,1.74911,3.14546,0.67163,171.35,0.1651,3.43602,2.55,1.41667,52.6,10.21359,0.0,metamorphics,100.0,,0.0,0.0,0.01,-13.0,45.9908,14.2002,39.8007,10.9589,4375.851,2648.5876,22.4018,5.1541,0.0,0.0
60435300,44.24914442162902,0.004764261848781091,60.03450729566421,125,0.6085259103707296,capao_comprido_-_descoberto,-15.7467,-48.1617,15.51,15.8327,high,1052.0,1165.3766,41.9286,15.8327,4.11304,3.06735,2.44818,0.74576,1.05166,0.1513,0.0,18.4,1.20261,djf,245.75,5.74854,jja,1.81032,0.44048,1.05307,1.82977,0.77434,178.05,0.502,4.3111,0.45043,1.0,4.45427,9.88889,0.0,metamorphics,100.0,,0.0,0.0,0.01,-13.0,46.7582,15.1242,38.1013,8.219,4368.8824,3495.5624,22.4018,3.3903,0.0,0.0
60436000,44.24914442162902,0.027904962257146393,188.74906830236438,125,2.0639297060706125,descoberto_-_jusante_barragem,-15.7789,-48.2322,433.49,422.8809,high,1031.0,1160.4142,34.6107,422.8809,4.09401,3.10125,2.51177,0.75751,1.0575,0.1513,0.0,17.8,1.22337,djf,233.2,5.53262,jja,0.92769,0.2266,3.23188,5.63173,0.68003,184.85,0.0889,3.2002,16.6,6.14815,127.35,106.125,0.0,metamorphics,92.89,unconsolidated_sediments,3.96,0.0,0.0252,-13.0796,45.4772,14.9529,39.5483,10.0005,4377.548,2287.5189,20.7194,6.119,120.0,83.8043
60471200,44.24914442162902,0.21587674792723674,38.520511837535196,125,1.0506848117772642,mestre_d'armas_-_vale_amanhecer,-15.6758,-47.6647,201.28,198.899,high,950.0,1033.0807,33.403,198.899,3.67329,3.14664,2.40097,0.85663,1.08139,0.152,0.0,21.2,1.22543,djf,253.4,6.15796,jja,1.01411,0.27608,2.00095,1.42384,0.76068,172.3,0.3106,2.46002,0.55,1.22222,0.65,2.6,0.0,metamorphics,94.37,unconsolidated_sediments,5.63,0.0,0.0213,-13.0,42.5295,16.8798,40.5381,10.1567,3954.8252,1515.8084,22.4018,6.0521,0.0,0.0
60473000,44.24914442162902,0.0037124118302190325,180.91972945128998,125,1.3362407365430264,pipiripau_frinocap_-_df_230,-15.6572,-47.6247,214.99,217.2273,high,938.0,1108.1581,38.4885,217.2273,3.64999,3.17419,2.44868,0.86964,1.10612,0.15645,0.0,21.25,1.20397,djf,247.45,6.10988,jja,0.97814,0.26798,2.13055,1.79664,0.77845,179.05,0.21904,2.37692,0.25,5.0,13.45,5.84783,0.0,metamorphics,81.97,unconsolidated_sediments,18.03,0.0,0.0463,-13.0,41.8669,15.0647,43.0673,9.9444,4859.0782,2485.8687,20.3086,5.6884,0.0,0.0
60476100,35.832991101984945,0.0,111.87842368381033,125,1.3378998609635098,df-06___df_250,-15.7414,-47.6744,689.19,678.1466,high,903.0,1069.6883,37.8881,678.1466,3.71139,3.14664,2.40097,0.84783,1.0776,0.15645,0.0,20.1,1.21084,djf,239.9,5.88712,jja,1.1473,0.30913,2.02266,1.36454,0.78027,177.9,0.3994,2.67052,0.3,3.0,0.15,3.0,0.0,metamorphics,91.88,unconsolidated_sediments,8.12,0.0,0.0265,-13.0,42.7882,16.0859,41.1028,10.1875,4330.5549,2074.2693,21.7259,5.1881,0.0,0.0
60477400,44.24914442162902,0.031679247617869076,58.93448120922968,125,1.2741993192980865,torto_-_lago_(montante_paranoa),-15.7119,-47.8783,234.36,235.2623,high,1022.0,1166.1696,38.3037,235.2623,3.99135,3.10694,2.49258,0.77842,1.04741,0.15165,0.0,18.9,1.17757,djf,240.4,5.5328,jja,0.92976,0.23294,2.90135,2.8558,0.66082,169.6,0.0859,2.8117,4.3,2.32432,72.55,9.18354,0.0,metamorphics,96.07,unconsolidated_sediments,3.93,0.0,0.0169,-13.0,43.5954,15.6952,40.7167,13.3673,3870.4017,1889.9941,22.4018,6.6011,59.0,73.8982
60477600,44.238193018480494,0.13869290753806165,187.5551759545763,125,1.3084855566177247,bananal_-_epia_003,-15.7272,-47.91,120.32,126.055,high,1010.0,1103.9527,24.7305,126.055,4.05537,3.08864,2.48219,0.76162,1.02415,0.15165,0.0,19.9,1.18806,djf,243.15,5.54504,jja,1.45969,0.35994,2.90019,1.22928,0.81577,176.0,0.6299,3.1104,0.0,0.0,0.0,0.0,0.0,unconsolidated_sediments,66.84,metamorphics,33.16,0.0,0.1498,-13.0,42.9984,15.9389,41.0269,12.4803,4187.711,1895.3404,22.4018,4.2046,0.0,0.0
60478500,44.24914442162902,0.07387699542135874,185.0748821762191,125,1.0148180434996767,gama_-_base_aerea,-15.8708,-47.895,134.93,136.8551,high,1035.0,1109.0,29.5348,136.8551,4.00708,3.07033,2.47179,0.76623,1.05154,0.15165,0.0,19.7,1.19033,djf,244.5,5.94891,jja,1.39895,0.34678,1.53157,2.08164,0.70818,175.21053,0.35133,3.74812,1.81216,1.28571,10.41989,15.92308,0.0,metamorphics,58.8,unconsolidated_sediments,41.2,0.0,0.0984,-12.7258,42.4218,15.2201,42.3159,11.8884,4241.4342,2012.7893,22.4018,4.3872,0.0,0.0
60478600,44.24914442162902,0.004888008909788392,28.28681648334401,125,0.7009935512382072,dom_bosco_-_cabeca_de_veado,-15.8561,-47.8578,32.15,31.2368,high,1014.0,1121.3882,27.9231,31.2368,3.92884,3.10721,2.55898,0.79087,1.04469,0.152,0.0,21.65,1.25145,djf,262.35,6.09408,jja,1.03086,0.26238,2.17494,2.06958,0.70774,166.4,0.2102,2.4506,1.8,1.33333,17.6,3.38462,0.0,unconsolidated_sediments,74.34,metamorphics,25.66,0.0,0.1622,-13.0,37.9719,16.1159,45.856,13.9685,4126.6474,2847.957,22.4018,5.9537,0.0,0.0
60490000,33.46748802190281,0.004008507853403141,87.35781778267867,125,1.54775539982665,df-18___br_251,-15.9478,-47.6678,2132.0,2133.404,high,863.0,1070.1788,35.9879,2133.404,3.86723,3.11116,2.46601,0.80449,1.06362,0.152,0.0,17.25,1.18966,djf,225.15,5.98803,jja,1.28112,0.33123,1.74681,1.59397,0.7573,171.55,0.44077,2.78928,0.40005,2.66667,3.75051,1.97368,0.0,metamorphics,80.39,unconsolidated_sediments,19.61,0.0,0.0506,-12.9825,43.8752,15.9696,40.1366,10.7919,4177.0574,2002.111,22.1909,4.7456,59.0,5.9142
60500000,37.002053388090346,0.015020347761746208,95.63014448711098,125,1.8676751195786452,uhe_batalha_rio_sao_bartolomeu,-16.5375,-47.8006,4130.0,4112.976,high,780.0,1005.3126,36.8597,4112.976,3.89164,3.11783,2.48284,0.80116,1.10037,0.14565,0.0,16.75,1.18794,djf,221.75,6.39049,jja,1.28416,0.32986,2.80728,1.89061,0.75254,173.77778,0.3324,3.0833,0.82287,2.66667,3.18861,2.21429,0.0,metamorphics,82.15,unconsolidated_sediments,16.81,0.0,0.0468,-12.984,43.3,16.4846,40.2049,10.1441,3801.5375,2152.1999,22.0703,4.7087,82.0,4.2535
60615000,43.9151266255989,0.010536159600997507,26.741326474394505,125,1.312979926269383,fazenda_cachoeira,-18.6983,-48.7806,195.0,193.6525,high,747.0,826.5183,22.1519,193.6525,3.85919,3.18376,2.6276,0.82498,1.0811,0.1123,0.0,20.8,1.3,djf,245.75,5.55995,jja,1.43714,0.3724,0.66519,1.12614,0.78646,167.25,0.5425,2.9273,0.05,1.0,0.6,1.33333,0.0,mixed_sedimentary_rocks,78.87,unconsolidated_sediments,18.66,0.0,0.1932,-13.0,42.0684,14.8721,43.0251,9.8256,3739.6026,1735.8334,12.432,2.37,0.0,0.0
60635000,44.7501711156742,0.001896604466197614,87.73782931571867,125,1.9628938648308232,inhumas,-16.3464,-49.4942,532.0,526.2377,high,748.0,882.5742,43.2749,526.2377,4.12055,3.03478,2.6449,0.7365,0.87657,0.14255,0.0,17.1,1.16327,djf,228.75,5.18707,jja,1.15949,0.28139,1.6306,1.72001,0.73627,174.95,0.3129,3.0642,0.1,1.0,2.85,6.33333,0.0,metamorphics,81.6,acid_plutonic_rocks,16.77,0.0,0.0111,-13.0,42.614,17.9558,39.4047,10.2641,3257.0767,2783.8513,15.3056,3.6165,0.0,0.0
60640000,44.7501711156742,0.001896604466197614,94.79217914692586,125,2.0756404517638494,montante_de_goiânia,-16.6136,-49.2797,1740.0,1723.493,high,707.0,850.3481,39.269,1723.493,4.12439,3.05926,2.60181,0.74175,0.91605,0.1422,0.0,15.6,1.18631,djf,218.5,5.38841,jja,1.05581,0.25599,2.18055,1.96171,0.73783,177.45,0.2709,2.724,0.0,0.0,8.95,5.96667,0.0,metamorphics,89.58,acid_plutonic_rocks,8.82,0.0,0.0127,-13.0,42.8243,17.8389,39.316,9.6993,3282.4978,2603.7813,19.0334,4.939,0.0,0.0
60642000,42.001368925393564,0.0,131.77310836184782,125,1.4006919922978796,captacao_joao_leite,-16.6317,-49.2439,765.0,784.6029,high,701.0,888.3376,43.102,784.6029,4.17454,3.05952,2.63629,0.7329,0.95354,0.13913,0.0,16.0,1.22605,djf,222.95,5.41141,jja,1.0976,0.26293,0.78381,1.64102,0.78342,180.0,0.3371,2.54314,0.0,0.0,4.55,7.58333,0.0,metamorphics,91.55,acid_plutonic_rocks,5.52,0.0,0.0162,-13.0,42.3625,17.9585,39.6677,10.2765,3287.4388,2277.8199,24.0988,6.0153,0.0,0.0
60650000,44.7501711156742,0.003793208932395228,76.05765268643623,125,0.9821813341237472,jusante_de_goiânia,-16.6811,-49.1964,2830.0,2831.855,high,696.0,853.6296,38.8558,2831.855,4.13972,3.05935,2.61331,0.73902,0.90783,0.1422,0.0,15.0,1.1811,djf,214.55,5.50834,jja,1.23386,0.29805,1.68841,1.83991,0.74626,178.75,0.3604,2.9371,0.0,0.0,5.1,6.0,0.0,metamorphics,91.29,acid_plutonic_rocks,6.9,0.0,0.0133,-13.0,43.3865,17.5615,39.0345,9.7734,3410.3578,2394.6964,23.3007,5.1738,0.0,0.0
60653000,44.0848733744011,0.0024841634579555335,82.80932056165716,125,0.25075351971483284,ribeirao_das_caldas,-16.4581,-48.8972,51.0,50.8109,high,968.0,1056.0847,34.6493,50.8109,4.21379,3.08456,2.43877,0.73202,1.015,0.1435,0.0,20.45,1.21365,djf,254.9,5.70246,jja,1.48148,0.35158,1.51807,1.70522,0.7929,189.2,0.4251,3.1645,0.45,1.0,4.3,5.73333,0.0,metamorphics,78.19,unconsolidated_sediments,21.81,0.0,0.0613,-13.0,42.0592,14.8435,43.01,10.8255,4024.0772,1995.6892,11.8163,2.1852,0.0,0.0
60654000,44.7501711156742,0.017987152034261242,129.9393070811874,125,1.4235449653205035,fazenda_sucuri,-16.9136,-49.1047,1290.0,1285.626,high,656.0,891.9124,42.5558,1285.626,4.27869,3.00204,2.63605,0.70163,0.98827,0.13742,0.0,16.9,1.21583,djf,222.0,5.76623,jja,1.13256,0.2647,1.91339,1.67786,0.7856,187.1,0.3618,2.6351,0.0,0.0,3.25,8.125,0.0,metamorphics,86.33,acid_plutonic_rocks,10.1,0.0,0.0178,-13.0,41.8948,17.8474,40.2355,9.1632,3268.535,2659.7853,8.5727,2.0738,0.0,0.0
60665000,44.7501711156742,0.004710920770877944,35.17637968162049,125,1.586150227340725,professor_jamil,-17.2536,-49.275,1250.0,1239.203,high,619.0,789.8744,36.6805,1239.203,4.28405,3.12971,2.67614,0.73055,1.01582,0.1181,0.0,17.15,1.17065,djf,224.9,5.60149,jja,1.32012,0.30815,1.57431,2.10136,0.71483,185.1,0.3089,3.6214,2.5,2.5,6.05,4.65385,0.0,metamorphics,87.99,unconsolidated_sediments,7.6,0.0,0.0257,-13.3278,46.7846,15.9717,37.2057,7.9164,3279.4776,2406.6053,10.1199,2.1002,0.0,0.0
60680000,44.7501711156742,0.052187213215050474,106.67366118356668,125,2.6838575074974966,ponte_meia_ponte,-18.3489,-49.6017,11500.0,11492.79,high,444.0,755.2608,37.2751,11492.79,4.16575,3.07438,2.63693,0.73802,1.00005,0.12742,0.0,13.3,1.17181,djf,199.45,6.02568,jja,1.13655,0.27283,2.4796,2.20122,0.76649,184.35,0.2967,2.7945,0.1,2.0,6.25,8.92857,0.0,metamorphics,77.64,basic_volcanic_rocks,13.57,0.0,0.0296,-13.1808,43.8133,17.4277,38.737,8.9743,3345.1008,2208.3272,14.0039,3.3757,23.0,0.4824
60715000,44.7501711156742,0.003793208932395228,40.16969624569853,125,3.1282188661826384,fazenda_boa_vista,-17.1069,-49.6883,4640.0,4625.559,high,551.0,711.5023,36.6569,4625.559,4.0652,3.05204,2.60318,0.75077,0.86098,0.13855,0.0,15.15,1.19763,djf,211.2,5.36041,jja,1.02466,0.25206,1.80963,2.10329,0.72275,180.9,0.2443,2.6607,0.45,1.8,9.75,13.92857,0.0,metamorphics,63.93,acid_plutonic_rocks,18.69,0.0,0.027,-12.9214,43.3592,18.1461,38.4675,8.3644,3191.1832,2422.5222,12.3551,3.3035,0.0,0.0
60750000,44.7501711156742,0.002018966044661976,47.05533097892786,125,2.487335894268248,fazenda_nova_do_turvo,-17.0792,-50.2894,2640.0,2637.114,high,530.0,654.4998,30.3828,2637.114,3.96655,3.1025,2.59851,0.78217,0.89491,0.1312,0.0,16.8,1.2043,djf,215.6,5.25213,jja,0.97486,0.24577,3.28263,2.46807,0.70917,181.65,0.1962,2.998,0.95,2.375,18.1,15.73913,0.0,metamorphics,77.09,unconsolidated_sediments,10.49,0.0,0.0444,-12.8426,46.9843,15.9631,37.0214,8.4048,3125.7929,1921.2829,9.6973,2.7253,0.0,0.0
60765000,44.7501711156742,0.001896604466197614,98.69819422358522,125,2.642711832634525,barra_do_monjolo,-17.7322,-50.1808,7890.0,7828.282,high,458.0,593.8206,24.7886,7828.282,3.95151,3.14897,2.60981,0.7969,0.93686,0.13015,0.0,14.65,1.19592,djf,206.95,5.48212,jja,0.92583,0.2344,2.71871,2.53072,0.74505,181.55,0.2044,2.54855,0.40005,4.0,12.15166,16.2,0.0,metamorphics,57.87,basic_volcanic_rocks,22.67,0.0,0.0623,-12.733,45.7281,16.3882,37.861,8.6466,3083.3921,1482.2752,12.256,3.6268,1.0,0.0378
60772000,44.7501711156742,0.0446619761394922,105.78994579596096,125,2.4418638195515796,fazenda_santa_maria,-17.9808,-50.2469,17300.0,17153.49,high,433.0,620.7414,29.0754,17153.49,4.00464,3.13301,2.60202,0.78235,0.95793,0.12677,0.0,13.55,1.15319,djf,199.65,5.71245,jja,0.97221,0.24277,2.30127,2.57996,0.76088,181.2,0.2395,2.5046,0.0,0.0,8.2,18.22222,0.0,metamorphics,53.56,basic_volcanic_rocks,22.6,0.0,0.0578,-12.8029,44.0967,17.2461,38.6356,8.8503,3134.7121,1748.2562,12.2889,3.4631,1.0,0.0164
60774000,44.7501711156742,0.003793208932395228,103.52575249689136,125,1.9195436876909824,montividiu,-17.3592,-51.0753,1020.0,983.2164,high,700.0,883.7974,28.6197,983.2164,3.96459,3.05338,2.53013,0.77016,0.92281,0.1444,0.0,15.35,1.11636,djf,221.1,5.03072,jja,1.95037,0.49195,1.67988,1.53752,0.79344,181.85,0.7623,4.2136,0.6,2.4,0.0,0.0,0.0,unconsolidated_sediments,76.02,siliciclastic_sedimentary_rocks,15.0,3.07,0.2029,-13.0,43.1465,13.6006,43.2146,12.8856,3449.5339,2315.4333,3.9886,0.5603,0.0,0.0
60778000,44.7501711156742,0.014866931783420006,68.27706829139397,125,2.044119761869358,fazenda_monte_alegre,-17.3308,-50.7742,808.0,814.3106,high,665.0,840.6862,26.1368,814.3106,4.04369,3.11706,2.56817,0.77085,0.94152,0.13428,0.0,14.05,1.09339,djf,214.8,4.95502,jja,1.69358,0.41882,1.72197,1.23634,0.81329,179.6,0.7532,3.5361,0.25,5.0,0.0,0.0,0.0,unconsolidated_sediments,59.22,siliciclastic_sedimentary_rocks,34.67,0.0,0.2021,-13.0,47.6282,12.4281,39.9393,11.8869,3618.93,2390.2031,6.0729,0.9824,0.0,0.0
60781000,44.33127994524298,0.0,96.65839145826578,125,2.941393367254959,ponte_rodagem,-17.3258,-50.6819,5950.0,5866.107,high,552.0,802.5566,25.365,5866.107,3.96428,3.10136,2.54606,0.78233,0.9356,0.13867,0.0,13.8,1.12195,djf,208.45,5.25725,jja,1.577,0.3978,2.03476,1.36864,0.80741,180.7,0.67246,3.3741,0.0,0.0,0.0,0.0,0.0,unconsolidated_sediments,59.83,siliciclastic_sedimentary_rocks,25.77,0.52,0.1935,-12.8674,46.0907,13.1936,40.7107,12.0195,3408.7807,2153.4769,6.4517,1.1208,0.0,0.0
60790000,44.7501711156742,0.001896604466197614,111.83229334970618,125,2.9397378679086663,ponte_rio_verdao,-17.5411,-50.5564,8750.0,8646.124,high,526.0,771.8894,25.5849,8646.124,3.97767,3.10911,2.55657,0.78164,0.94788,0.1364,0.0,12.95,1.13596,djf,205.3,5.36732,jja,1.51728,0.38145,2.05723,1.41382,0.80745,180.25,0.6196,3.34456,0.0,0.0,0.0,0.0,0.0,unconsolidated_sediments,51.78,siliciclastic_sedimentary_rocks,27.18,0.35,0.1845,-12.8131,46.1882,13.6135,40.1906,11.8855,3293.0674,2072.735,6.9803,1.2604,0.0,0.0
60798000,44.7501711156742,0.0,106.28361537860204,125,2.16698934291746,maurilândia,-17.9678,-50.3325,12800.0,12676.28,high,446.0,727.2148,25.586,12676.28,4.04265,3.13261,2.57754,0.77489,0.95712,0.13462,0.0,12.8,1.15837,djf,201.8,5.45405,jja,1.47946,0.36596,1.96345,1.41895,0.80733,180.25,0.61,3.36254,0.0,0.0,0.0,0.0,0.0,unconsolidated_sediments,38.66,siliciclastic_sedimentary_rocks,30.28,0.24,0.1713,-12.828,44.9534,14.2855,40.7509,11.3972,3096.0051,1989.362,10.5381,1.9515,81.0,1.1833
60810000,44.7501711156742,0.02122973386356684,122.93530799560477,125,1.8071215984442077,fazenda_alianca,-18.1044,-50.0333,1360.0,1351.332,high,450.0,641.8473,22.4386,1351.332,3.91485,3.17468,2.59613,0.81093,1.00641,0.1129,0.0,17.4,1.19178,djf,225.65,5.42428,jja,1.27105,0.32804,2.30886,1.57542,0.80823,189.0,0.416,2.8891,0.05122,1.0,5.68542,7.4,0.0,basic_volcanic_rocks,100.0,,0.0,0.0,0.09,-13.0,36.1336,17.3541,46.5065,10.7901,3161.0411,1932.2704,14.2777,3.0775,0.0,0.0
60850000,44.83504449007529,0.006472887151929653,73.47642901238595,125,2.1399579128093453,fazenda_buriti_do_prata,-19.3597,-49.1803,2460.0,2448.873,high,542.0,686.2028,33.5086,2448.873,4.18494,3.11009,2.64052,0.74316,1.06994,0.10654,0.0,18.55,1.2972,djf,226.85,5.45312,jja,1.38539,0.33104,2.90691,1.94056,0.70653,173.6,0.3639,3.8575,2.15,2.15,1.15,3.28571,0.0,siliciclastic_sedimentary_rocks,60.03,mixed_sedimentary_rocks,29.99,0.0,0.1802,-13.0,50.194,13.5754,36.217,9.2518,2463.0189,2076.2077,6.4208,1.2698,0.0,0.0
60855000,44.83504449007529,0.016182217879824132,63.36009730155888,125,1.5416933514189186,ponte_do_prata,-19.0356,-49.6972,5230.0,5223.887,high,454.0,637.8601,32.5146,5223.887,4.01844,3.13254,2.65299,0.77954,1.05057,0.1056,0.0,17.25,1.31179,djf,221.0,5.5181,jja,1.1922,0.29668,2.17644,1.91846,0.70575,173.5,0.3214,3.3552,2.0,1.66667,4.25,8.5,0.0,siliciclastic_sedimentary_rocks,67.99,mixed_sedimentary_rocks,20.89,0.0,0.1789,-13.0,52.0244,13.3612,34.6104,9.1793,2353.5242,1975.0113,6.1182,1.406,0.0,0.0
60910000,44.7501711156742,0.03628020801468339,40.266996813940985,125,1.0405602058641548,ponte_do_cedro,-17.5794,-52.6014,638.0,625.0314,high,649.0,866.667,27.9755,625.0314,4.09556,3.13573,2.87188,0.76564,0.87986,0.1412,0.0,16.05,1.18015,djf,221.35,4.86484,jja,1.80858,0.44211,0.84462,1.3774,0.74953,175.47368,0.6802,4.1869,0.76776,1.66667,0.0,0.0,0.0,unconsolidated_sediments,75.23,siliciclastic_sedimentary_rocks,24.77,0.0,0.2167,-11.1277,46.0169,13.562,40.4008,13.6034,3696.5166,2070.0111,2.1122,0.32,0.0,0.0
60925001,44.58316221765914,0.00939572586588062,50.53676970028578,125,2.608096768723024,ponte_sao_domingos,-19.2081,-50.6628,3520.0,3528.823,high,409.0,481.2602,27.5882,3528.823,3.81941,3.18822,2.67633,0.83474,1.05107,0.1075,0.0,20.15,1.35235,djf,228.75,5.36972,jja,0.80561,0.21093,1.67982,1.86689,0.69887,168.4,0.213,2.3368,2.35,2.61111,6.3,9.0,0.0,siliciclastic_sedimentary_rocks,89.44,mixed_sedimentary_rocks,10.16,0.0,0.1896,-13.0,59.4462,11.9336,28.6317,9.0469,1697.673,1832.5031,5.4405,1.8502,0.0,0.0
60930000,44.7501711156742,0.004405016824717039,149.8180592818045,125,1.8776794564042352,fazenda_formoso,-18.4067,-52.5325,1450.0,1426.433,high,729.0,833.2547,11.9307,1426.433,4.26921,3.06263,2.73604,0.71738,0.93835,0.1333,0.0,14.0,1.15226,djf,208.05,4.77727,jja,1.66676,0.39041,0.80695,0.72561,0.8887,177.65,1.1345,2.5656,0.0,0.0,0.0,0.0,0.0,unconsolidated_sediments,94.81,basic_volcanic_rocks,2.8,0.0,0.2156,-10.6987,46.0236,14.2119,39.7497,14.155,3532.0098,829.6197,4.4927,0.7385,0.0,0.0
60940000,44.7501711156742,0.005812174977057204,204.38255309454846,125,1.835408429900068,campo_alegre,-18.5161,-52.0964,3190.0,3091.322,high,673.0,806.5756,19.4917,3091.322,4.24076,3.07323,2.73624,0.72469,0.93304,0.1333,0.0,12.6,1.14545,djf,199.45,4.78297,jja,1.77539,0.41865,0.42674,0.55815,0.91947,179.6,1.3282,2.6072,0.0,0.0,0.0,0.0,0.0,unconsolidated_sediments,74.23,siliciclastic_sedimentary_rocks,23.38,0.0,0.2193,-11.4113,49.9929,13.1597,36.8442,13.3624,3334.6454,1328.202,4.5986,0.7096,0.0,0.0
60950000,44.7501711156742,0.008565310492505354,143.28976567458636,125,2.2342398647713604,canastra,-19.1003,-51.1492,6850.0,6665.733,high,370.0,674.7385,23.1647,6665.733,4.23886,3.10155,2.73822,0.73169,0.94899,0.1267,0.0,13.1,1.21296,djf,194.8,4.91299,jja,1.53697,0.36002,0.96349,0.76065,0.88138,177.78947,0.9876,2.5187,0.0,0.0,0.0,0.0,0.0,siliciclastic_sedimentary_rocks,45.4,unconsolidated_sediments,43.91,0.0,0.1998,-12.2648,56.1742,11.819,31.9886,11.0928,2458.5065,1578.1995,3.4476,0.6146,359.0,9.6004
60960000,39.9151266255989,0.12956992935043557,181.62433209426342,125,1.385000161936364,barra_do_prata,-18.845,-52.2131,1200.0,1232.916,high,526.0,751.9082,20.84,1232.916,4.23127,3.04262,2.66427,0.71908,0.9068,0.12665,0.0,15.9,1.18216,djf,213.2,4.77492,jja,0.53074,0.12554,0.42562,0.34791,0.93811,181.8,0.4347,0.6825,0.0,0.0,0.0,0.0,0.0,unconsolidated_sediments,60.91,siliciclastic_sedimentary_rocks,33.25,0.0,0.2208,-11.5674,49.6271,12.2303,38.1296,11.7564,2786.7173,1547.1036,5.5938,2.8876,288.0,120.5827
60968000,44.7501711156742,0.0912817375344142,108.13960799566705,125,1.8491389046581912,cassilândia,-19.1075,-51.7208,4700.0,4707.704,high,454.0,702.8159,22.2358,4707.704,4.20751,3.05757,2.68286,0.72669,0.93069,0.1243,0.0,14.9,1.15504,djf,203.15,4.88341,jja,1.76526,0.41955,0.81962,0.74785,0.8842,177.0,1.1988,2.804,0.0,0.0,0.0,0.0,0.0,unconsolidated_sediments,47.71,siliciclastic_sedimentary_rocks,42.69,0.0,0.2042,-12.2463,53.8026,11.7071,34.4685,11.9922,2492.3986,1463.4594,5.4099,0.8396,580.0,19.1213
60970000,44.7501711156742,0.001957785255429795,102.67739288163703,125,1.699786227408965,itaja,-19.1397,-51.5336,5220.0,5233.518,high,408.0,683.6819,24.6345,5233.518,4.19738,3.06906,2.69555,0.73118,0.934,0.1243,0.0,14.85,1.17391,djf,202.3,4.8747,jja,1.75754,0.41872,0.76365,0.75477,0.87623,176.35,1.1782,2.8425,0.0,0.0,0.0,0.0,0.0,siliciclastic_sedimentary_rocks,44.82,unconsolidated_sediments,42.91,0.0,0.2019,-12.4304,54.4044,11.7836,33.7918,11.7878,2387.6045,1520.1114,5.1078,0.7962,580.0,17.2757
61009000,44.0,0.007404641901561819,89.50792513414162,125,2.6703629590263693,bom_jardim_de_minas,-21.9464,-44.1947,529.0,528.0866,high,1104.0,1297.6435,90.1113,528.0866,5.01892,2.51527,2.88493,0.50116,1.04466,0.0265,0.0,21.65,1.19613,djf,240.25,5.04727,jja,2.28744,0.45576,1.31657,1.51542,0.7783,168.15,0.9129,5.0887,0.4,2.0,0.0,0.0,0.0,metamorphics,84.43,acid_plutonic_rocks,15.57,0.0,0.01,-14.0997,40.7427,18.457,40.8115,19.4087,2062.5751,2741.4333,0.8915,0.1068,0.0,0.0
61012000,43.41409993155373,0.0059279813331651636,75.64262112566682,125,2.583811904302053,madre_de_deus_de_minas,-21.4925,-44.3269,2070.0,2055.416,high,928.0,1157.2204,57.5218,2055.416,4.41707,2.64609,2.70628,0.59906,1.07067,0.02537,0.0,20.1,1.18584,djf,230.05,5.00653,jja,1.98239,0.4488,1.25919,1.62616,0.75996,165.65,0.7883,4.9344,0.5,3.33333,0.0,0.0,0.0,metamorphics,92.52,acid_plutonic_rocks,4.05,0.0,0.01,-13.4827,40.5586,17.5035,41.9236,17.6941,2128.372,2291.8133,1.3584,0.1877,0.0,0.0
61014000,43.08555783709788,0.011501556840566817,54.11386830900382,125,1.1552064705994987,alagoa,-22.17,-44.6369,282.0,285.8806,high,1125.0,1659.836,174.7726,285.8806,5.08217,2.50439,2.99672,0.49278,1.04807,0.0379,0.0,22.85,1.1688,djf,254.8,5.35857,jja,2.14688,0.42243,1.5332,1.48587,0.78832,173.0,0.8904,4.6784,0.75,1.36364,0.0,0.0,0.0,metamorphics,44.52,acid_plutonic_rocks,41.4,0.0,0.01,-14.1,40.5334,21.0667,38.4142,21.9066,2037.3244,2764.9535,2.0413,0.2605,0.0,0.0
61024000,43.49623545516769,0.0113929627997734,87.76333183342233,125,1.5767181113843924,aiuruoca,-21.9797,-44.6025,532.0,539.6353,high,983.0,1540.7364,165.5775,539.6353,4.99809,2.549,2.88345,0.51,1.0566,0.04325,0.0,21.8,1.1689,djf,246.65,4.9778,jja,2.86197,0.57261,1.48871,1.75819,0.77575,172.45,1.0417,6.6878,0.85,2.125,0.0,0.0,0.0,metamorphics,58.94,acid_plutonic_rocks,33.58,0.0,0.01,-13.8671,40.6345,20.1592,39.2169,21.6193,2067.6092,2971.6349,1.6942,0.1622,0.0,0.0
61031000,43.49623545516769,0.019575753760936614,52.56660204360782,125,1.1967136880164244,carvalhos,-21.9983,-44.4639,104.0,104.5836,high,1070.0,1321.5701,107.3811,104.5836,4.90913,2.57569,2.79251,0.52467,1.04973,0.0265,0.0,22.85,1.2058,djf,259.7,5.5138,jja,2.60212,0.53006,1.92123,1.41774,0.74422,167.2,0.9129,6.538,1.8,1.89474,0.1,2.0,0.0,metamorphics,83.09,acid_plutonic_rocks,16.91,0.0,0.01,-13.1649,39.6071,18.5204,41.8673,20.5645,2204.8441,3291.4101,1.4343,0.151,0.0,0.0
61045000,43.49623545516769,0.013533077358846856,113.6522822358145,125,2.0368187775837474,fazenda_paraiba,-21.745,-44.3542,383.0,391.113,high,945.0,1104.3678,58.5486,391.113,4.43027,2.6628,2.60916,0.60105,1.04473,0.0208,0.0,21.15,1.16851,djf,248.2,5.20335,jja,1.61134,0.36371,1.26071,1.46988,0.74248,164.6,0.6126,4.1294,0.0,0.0,0.0,0.0,0.0,metamorphics,97.19,acid_plutonic_rocks,2.81,0.0,0.01,-13.1155,39.4581,17.9975,42.5076,16.6743,2186.4073,2533.5693,1.3329,0.2266,0.0,0.0
61052000,43.49623545516769,0.011330018253918299,130.80792434076926,125,1.0201684319690254,andrelândia,-21.7381,-44.3056,274.0,280.6018,high,949.0,1107.3494,59.599,280.6018,4.39054,2.69789,2.58918,0.61448,1.0523,0.0233,0.0,21.4,1.1694,djf,256.65,5.37487,jja,1.52904,0.34826,1.11297,1.18043,0.79082,170.0,0.7113,3.5256,0.4,1.14286,0.0,0.0,0.0,metamorphics,99.46,acid_plutonic_rocks,0.54,0.0,0.01,-13.179,39.7751,17.6605,42.5465,16.4361,2186.7916,2606.3663,1.4075,0.2522,0.0,0.0
61060000,43.9151266255989,0.006109725685785536,137.29394273001776,125,2.26451589414018,fazenda_laranjeiras,-21.6889,-44.3508,1960.0,1971.388,high,942.0,1225.125,89.4659,1971.388,4.53158,2.6059,2.74631,0.57505,1.05431,0.0233,0.0,20.0,1.18343,djf,235.55,4.95895,jja,1.97986,0.4369,1.59036,1.44441,0.79288,169.5,0.8441,4.5103,0.35,1.75,0.0,0.0,0.0,metamorphics,87.11,acid_plutonic_rocks,10.84,0.0,0.01,-13.2952,40.0206,18.5818,41.3868,18.2941,2151.9862,2714.2372,1.5256,0.2111,0.0,0.0
61075000,43.41409993155373,0.017279434949864413,93.86243009906192,125,1.7761239631116852,luminarias,-21.5061,-44.9156,1010.0,991.813,high,902.0,1089.6629,47.2662,991.813,4.07906,2.68272,2.56559,0.65768,1.08436,0.0486,0.0,21.5,1.23919,djf,247.15,5.20864,jja,1.60779,0.39416,1.86869,1.56998,0.72948,163.45,0.57392,4.1984,1.15,2.55556,0.0,0.0,0.0,metamorphics,97.21,unconsolidated_sediments,2.57,0.0,0.0154,-12.9797,39.7243,18.0832,42.1929,17.2468,2177.9042,2318.0981,2.1012,0.3581,0.0,0.0
61078000,43.49623545516769,0.015358469188644804,96.0352236198512,125,2.088675721514234,itumirim,-21.3211,-44.8719,1820.0,1818.95,high,857.0,1062.4382,52.5514,1818.95,3.9972,2.7117,2.56589,0.6784,1.09095,0.0486,0.0,21.25,1.24269,djf,242.5,5.12685,jja,1.54098,0.38551,2.79586,1.75389,0.73527,166.3,0.4908,3.97276,0.35,3.5,1.8,12.0,0.0,metamorphics,96.86,unconsolidated_sediments,2.39,0.0,0.015,-13.21,40.3561,17.8903,41.7483,17.7263,2176.5752,2265.2052,1.7426,0.3098,0.0,0.0
61085000,43.49623545516769,0.013470132812991755,54.31256445829231,125,2.2856099600980615,campolide,-21.2794,-43.8144,569.0,552.0104,high,1028.0,1135.066,29.5076,552.0104,4.12222,2.70562,2.69861,0.65635,1.0814,0.0282,0.0,22.7,1.26462,djf,249.85,5.66553,jja,1.97826,0.4799,1.99909,1.57257,0.67424,154.85,0.6082,5.6982,2.65,2.65,1.1,2.44444,0.0,metamorphics,93.59,acid_plutonic_rocks,4.69,0.0,0.01,-13.2212,41.6544,16.3836,41.9886,19.4377,2221.1255,1966.5499,9.3339,1.2927,0.0,0.0
61090000,43.9151266255989,0.013528678304239402,63.82879645990504,125,1.9420947386018148,barroso,-21.1858,-43.9797,1040.0,1008.926,high,948.0,1112.6261,32.7267,1008.926,4.06053,2.73747,2.59871,0.67416,1.08807,0.0282,0.0,22.2,1.27954,djf,247.85,5.6977,jja,1.85339,0.45644,1.55493,1.32215,0.73484,158.3,0.7138,4.5666,1.25,2.08333,0.0,0.0,0.0,metamorphics,74.73,acid_plutonic_rocks,13.57,0.0,0.0135,-13.6088,41.1232,16.4691,42.4035,19.9547,2197.0499,2055.0303,9.6291,1.4234,0.0,0.0
61100000,43.49623545516769,0.021086422861459054,83.47750351120175,125,2.359716387497232,ibertioga,-21.4444,-43.9633,186.0,188.7259,high,1058.0,1116.549,34.0232,188.7259,4.04749,2.68218,2.66954,0.66268,1.10604,0.0141,0.0,23.2,1.22427,djf,260.5,5.75691,jja,1.64035,0.40218,1.23289,1.48873,0.73388,160.15789,0.6418,4.4293,0.10126,2.0,0.0,0.0,0.0,metamorphics,50.8,basic_plutonic_rocks,49.2,0.0,0.01,-13.2277,39.5345,16.8751,43.5598,16.2284,2174.5321,2252.6197,1.5565,0.26,0.0,0.0
61105000,43.41409993155373,0.017279434949864413,69.05599818999644,125,2.233097872431166,porto_do_elvas,-21.1647,-44.1358,828.0,829.9658,high,904.0,1064.9114,33.4619,829.9658,4.12779,2.7216,2.5439,0.65933,1.12293,0.02423,0.0,22.2,1.24022,djf,248.65,5.61921,jja,1.67796,0.4065,2.25228,1.43939,0.7252,161.3,0.6314,4.3725,1.75,3.18182,0.0,0.0,0.0,metamorphics,78.77,basic_plutonic_rocks,12.4,0.0,0.0149,-13.241,39.8535,16.9224,43.1875,18.6607,2156.4892,2113.1094,4.1498,0.6776,0.0,0.0
61107000,43.41409993155373,0.00775682663807782,64.31522661922041,125,2.568860610142779,porto_tiradentes,-21.1222,-44.2333,2720.0,2698.846,high,890.0,1078.3712,34.6506,2698.846,4.08673,2.7194,2.61774,0.66542,1.10314,0.0282,0.0,20.85,1.27134,djf,240.7,5.4457,jja,1.62625,0.39793,1.73287,1.52273,0.71392,158.4,0.561,4.3132,1.75,3.88889,0.0,0.0,0.0,metamorphics,58.67,acid_plutonic_rocks,25.27,0.0,0.0182,-13.5305,40.4891,16.6696,42.8198,18.707,2164.923,2078.4763,7.9834,1.345,0.0,0.0
61115000,43.41409993155373,0.01349561707763133,49.70852137852445,125,2.2463171628520446,usina_sao_joao_del_rei,-21.0525,-44.2111,643.0,605.0852,medium,931.0,1075.9687,32.8073,605.0852,4.17161,2.7313,2.64214,0.65474,1.12324,0.04575,0.0,22.35,1.25915,djf,253.55,5.78221,jja,1.87322,0.44904,2.60186,2.09633,0.62498,150.75,0.4221,5.7116,7.2,3.69231,9.4,3.76,0.0,acid_plutonic_rocks,57.16,metamorphics,39.94,0.0,0.0141,-13.5942,39.2736,16.6744,44.0121,25.5866,2278.5013,2007.2535,12.5673,1.8381,0.0,0.0
61122000,43.41409993155373,0.015387526013747871,20.329744168256813,125,1.0228237301313334,vila_rio_das_mortes,-21.1956,-44.3286,272.0,272.0858,high,937.0,1029.9436,26.7669,272.0858,4.04909,2.72984,2.52489,0.67419,1.14493,0.0445,0.0,23.95,1.28075,djf,259.1,5.72597,jja,1.47252,0.36367,1.69154,1.35198,0.65146,157.6,0.5059,3.533,4.55,1.93617,0.05,1.0,0.0,metamorphics,98.0,siliciclastic_sedimentary_rocks,1.76,0.0,0.0121,-13.8531,39.2897,17.1754,43.4894,18.7001,2088.3936,1736.8388,3.6008,0.6699,0.0,0.0
61135000,43.41409993155373,0.01349561707763133,57.745808335751384,125,2.2544509581083148,ibituruna,-21.1425,-44.7397,6070.0,5982.302,high,857.0,1041.2466,36.6511,5982.302,4.13717,2.74336,2.60836,0.6631,1.12359,0.03635,0.0,19.95,1.27476,djf,234.0,5.49941,jja,1.61579,0.39055,2.1968,1.72231,0.71575,159.35,0.5128,4.2102,2.65,5.88889,0.2,4.0,0.0,metamorphics,48.88,acid_plutonic_rocks,42.21,0.0,0.0151,-13.442,40.6066,16.6364,42.7255,18.3821,2148.4777,2125.275,5.9834,1.0145,0.0,0.0
61173000,45.002053388090346,0.004197846322321591,109.35114129816999,125,1.6496465393295954,usina_couro_do_cervo,-21.3422,-45.1714,390.0,384.6311,high,855.0,971.387,43.4747,384.6311,3.76611,2.74596,2.51933,0.72912,1.09595,0.0652,0.0,22.95,1.25753,djf,256.7,5.52637,jja,1.30419,0.3463,2.03449,1.35007,0.77047,173.6,0.4791,3.0188,1.25,1.78571,0.0,0.0,0.0,metamorphics,80.99,acid_plutonic_rocks,18.86,0.0,0.0104,-13.0,37.7653,17.5,44.711,15.6979,2123.0715,2495.5089,7.8186,1.6425,0.0,0.0
61175000,33.002053388090346,0.060643769703003156,44.01772926157617,125,2.0665599927934384,usina_nepomuceno,-21.2572,-45.1672,,1015.211,high,815.0,959.5811,40.5852,1015.211,3.77492,2.77891,2.53111,0.73615,1.09232,0.05892,0.0,21.7,1.26163,djf,249.75,5.32516,jja,1.29003,0.34337,2.05871,1.39787,0.7408,167.36842,0.5097,3.2065,1.29301,1.92308,0.0,0.0,0.0,metamorphics,81.21,acid_plutonic_rocks,17.92,0.0,0.012,-13.0326,38.3264,17.7312,43.9235,14.7269,2138.3705,2396.2511,5.9087,1.2549,0.0,0.0
61250000,42.83367556468173,0.005880472994566954,55.676068649597774,125,1.0103526069358646,fazenda_da_guarda,-22.6878,-45.4797,109.0,106.8284,high,1531.0,1691.1494,65.4271,106.8284,4.69582,2.54592,2.99426,0.54217,0.89967,0.05075,0.0,21.95,1.22284,djf,261.15,5.43496,jja,2.79268,0.59472,0.67793,0.9639,0.79168,173.75,1.4113,5.6727,0.45,1.28571,0.0,0.0,0.0,metamorphics,95.26,acid_plutonic_rocks,4.6,0.0,0.01,-14.1,44.8444,19.1685,35.9838,20.637,1847.5375,2552.0491,5.1931,0.5095,0.0,0.0
61267000,43.08555783709788,0.007625341551757005,38.15328958232152,125,0.5635259985783848,delfim_moreira,-22.5083,-45.2869,112.0,111.5068,high,1229.0,1508.1221,126.4984,111.5068,4.50749,2.6018,2.89135,0.57722,0.99854,0.05075,0.0,23.7,1.18797,djf,270.1,5.78992,jja,1.38524,0.30756,0.39833,1.02929,0.74319,169.63158,0.5641,3.1699,0.55463,1.1,0.0,0.0,0.0,metamorphics,88.91,acid_plutonic_rocks,11.09,0.0,0.01,-14.1,39.2707,21.9039,38.8263,21.3536,1743.0,3011.9556,2.8079,0.5553,0.0,0.0
61271000,43.162217659137575,0.0019663812242308914,62.13428567166138,125,1.3388950323296283,itajuba,-22.4458,-45.4242,869.0,844.5026,high,870.0,1468.2649,124.7828,844.5026,4.546,2.5353,3.11765,0.5577,0.95768,0.0522,0.0,21.75,1.20499,djf,243.65,4.95727,jja,2.09228,0.46025,0.47866,1.34338,0.77597,173.2,0.9147,4.5085,0.25,1.25,0.0,0.0,0.0,metamorphics,80.24,acid_plutonic_rocks,19.19,0.0,0.0111,-14.0022,40.9443,20.5807,38.4773,20.554,1853.5957,2707.2948,4.3372,0.5679,0.0,0.0
61280000,42.83367556468173,0.011760945989133909,76.5737183392012,125,1.1180951975585598,bairro_santa_cruz,-22.3706,-45.2156,268.0,251.0897,medium,1165.0,1488.7482,135.0477,251.0897,4.37702,2.62397,2.81591,0.59949,1.03877,0.05075,0.0,22.05,1.19837,djf,255.95,5.34901,jja,2.4284,0.55481,1.09583,1.31448,0.77455,174.8,0.9614,5.2203,0.9,1.38462,0.0,0.0,0.0,metamorphics,74.15,acid_plutonic_rocks,25.85,0.0,0.01,-13.8698,39.9072,19.7917,40.3117,21.0464,2322.4912,2431.0886,4.3042,0.4856,0.0,0.0
61285000,43.41409993155373,0.007567635744466166,75.55016971531664,125,1.2059718594195135,sao_joao_de_itajuba,-22.3772,-45.4475,560.0,541.4924,high,854.0,1375.5819,140.6043,541.4924,4.30818,2.6396,2.85019,0.61269,1.00393,0.05075,0.0,21.7,1.19559,djf,248.7,5.17586,jja,1.93495,0.44913,2.05702,1.34634,0.76982,173.45,0.8043,4.38886,0.35,1.16667,0.0,0.0,0.0,metamorphics,75.2,acid_plutonic_rocks,24.19,0.0,0.0116,-13.3941,40.2256,19.118,40.6658,20.0475,2324.5311,2552.6395,6.2106,0.8794,0.0,0.0
61295000,43.08555783709788,0.00393975980174112,26.351114699181625,125,1.7090166153888102,brasopolis,-22.4697,-45.6219,156.0,167.0094,medium,885.0,1177.6832,159.5413,167.0094,4.24621,2.53232,3.01437,0.59637,0.94723,0.05895,0.0,23.0,1.21053,djf,258.45,5.39562,jja,1.49663,0.35246,1.36876,1.71877,0.67057,168.0,0.4258,4.0756,2.7,1.92857,1.45,3.22222,0.0,metamorphics,63.89,acid_plutonic_rocks,36.11,0.0,0.01,-13.5604,40.3158,18.5607,41.1253,18.529,2068.0818,2284.8558,3.0635,0.5608,0.0,0.0
61305000,43.41409993155373,0.005864917701961279,112.99505796790936,125,2.555946947655524,santa_rita_do_sapucai,-22.2508,-45.7089,2810.0,2782.766,high,829.0,1221.3219,113.8071,2782.766,4.25494,2.58412,2.90651,0.60732,0.95145,0.05485,0.0,20.65,1.22189,djf,235.2,5.03102,jja,1.64124,0.38573,0.93742,1.45575,0.76792,171.55,0.6422,3.7819,0.0,0.0,0.0,0.0,0.0,metamorphics,79.56,acid_plutonic_rocks,17.36,0.0,0.0166,-13.3702,40.6049,19.1982,40.2013,18.675,2142.6861,2507.3084,4.8879,0.8159,0.0,0.0
61320000,42.001368925393564,0.005149599113486735,74.69800788547491,125,1.3679236455283081,sao_bento_do_sapucai,-22.6858,-45.7353,475.0,476.9829,high,885.0,1239.8521,117.7367,476.9829,4.4044,2.53866,2.90275,0.57639,0.95126,0.0551,0.0,20.75,1.21345,djf,246.05,5.06797,jja,1.82626,0.4123,1.25119,1.21757,0.76899,171.63158,0.8175,4.0349,1.05695,1.75,0.0,0.0,0.0,metamorphics,56.24,acid_plutonic_rocks,41.84,0.0,0.01,-14.0114,41.6067,19.5233,38.8619,19.1725,1818.9659,2855.9841,4.0544,0.6082,0.0,0.0
61343000,43.832991101984945,0.0019362898188632104,53.94410546307455,125,1.3753655165454435,bairro_do_analdino,-22.5575,-45.8825,247.0,245.2334,high,885.0,1349.4401,109.8109,245.2334,4.05642,2.57148,2.76802,0.63393,0.99014,0.0551,0.0,21.6,1.21348,djf,256.4,5.46695,jja,2.15781,0.53195,1.0591,1.53107,0.74974,173.0,0.7991,5.3876,0.4,1.6,0.0,0.0,0.0,metamorphics,52.82,acid_plutonic_rocks,47.18,0.0,0.01,-14.1,39.7318,19.2978,40.967,20.1904,2334.6444,2553.1721,3.6537,0.4639,0.0,0.0
61350000,43.41409993155373,0.01015324462382544,45.58158239828261,125,2.264366346094692,conceicao_dos_ouros,-22.4142,-45.7914,1310.0,1341.772,high,854.0,1167.4364,110.1093,1341.772,4.11972,2.57148,2.76802,0.62419,0.94307,0.0551,0.0,20.75,1.20991,djf,239.65,5.02411,jja,1.57945,0.38339,0.77533,1.47612,0.75268,171.45,0.6138,3.6761,0.65,1.85714,0.0,0.0,0.0,metamorphics,64.61,acid_plutonic_rocks,34.71,0.0,0.01,-13.9556,40.8763,19.0251,40.0961,18.8082,2093.1362,2601.6941,3.9638,0.6876,0.0,0.0
61370000,43.41409993155373,0.003909945134640853,54.20846902298465,125,2.370045336933452,ponte_do_rodrigues,-22.3542,-45.8539,676.0,685.3109,high,826.0,1058.9075,79.5236,685.3109,3.96485,2.58778,2.75915,0.65268,0.94279,0.0603,0.0,20.35,1.21131,djf,245.3,5.15878,jja,1.76662,0.44557,1.53931,1.75436,0.68556,169.55,0.5071,4.8681,1.0,2.5,2.6,13.0,0.0,metamorphics,87.37,unconsolidated_sediments,9.84,0.0,0.0311,-13.6659,40.2829,19.097,40.618,16.7625,2277.2189,2141.894,7.1379,1.107,0.0,0.0
61390000,43.49623545516769,0.007553345502612199,68.80418097090552,125,2.1847589777337655,vargem_do_cervo,-22.1167,-45.9178,486.0,497.5496,high,862.0,1003.8397,83.0168,497.5496,4.04162,2.56297,2.71935,0.63414,0.98797,0.0654,0.0,20.1,1.20721,djf,244.7,5.23983,jja,1.73514,0.42932,3.0892,1.88051,0.69563,166.9,0.4734,4.81868,1.1,2.2,3.45,4.05882,0.0,metamorphics,69.9,acid_plutonic_rocks,20.15,0.0,0.0311,-12.7593,41.6615,17.9291,40.4146,15.5536,2198.75,2235.5417,5.2371,0.8269,0.0,0.0
61410000,35.00068446269678,0.0024249061326658324,68.77432302446356,125,2.86763349888752,uhe_marechal_mascarenhas_de_moraes_rio_sapucai,-22.0536,-45.6992,7330.0,7342.423,high,824.0,1107.0191,95.0665,7342.423,4.11007,2.57322,2.76438,0.62608,0.95474,0.06197,0.0,18.7,1.21036,djf,226.3,4.99008,jja,1.62128,0.39446,1.2668,1.7016,0.73397,170.85,0.5499,4.1807,0.25,5.0,1.4,28.0,4e-05,metamorphics,72.47,acid_plutonic_rocks,19.63,0.0,0.0263,-13.3102,40.6074,18.8769,40.519,17.5256,2185.6085,2390.4199,5.3158,0.8983,0.0,0.0
61460000,43.49623545516769,0.00037766727513060996,105.52998120377397,125,3.022183954174751,conceicao_do_rio_verde,-21.8872,-45.0792,1840.0,1845.195,high,858.0,1135.7683,105.7141,1845.195,4.30615,2.55243,2.84136,0.59274,0.99927,0.0379,0.0,20.7,1.21765,djf,241.35,5.07038,jja,1.8115,0.42068,1.99609,1.55245,0.75057,167.6,0.6578,4.61636,0.35,2.33333,0.0,0.0,0.0,metamorphics,75.92,acid_plutonic_rocks,12.94,0.0,0.0183,-13.4551,39.8195,19.6737,40.5055,18.7258,2203.4724,2475.3153,4.5164,0.6831,0.0,0.0
61473000,43.49623545516769,0.0006923900044061182,132.39058619393575,125,1.7270883802172325,baependi,-21.9511,-44.8797,614.0,620.193,high,875.0,1309.4645,122.1693,620.193,4.40629,2.57147,2.72694,0.58359,1.05333,0.04325,0.0,21.4,1.21246,djf,248.8,5.07755,jja,2.31048,0.52436,1.5488,1.58262,0.78081,172.25,0.9388,5.2883,0.6,2.4,0.0,0.0,0.0,metamorphics,80.15,acid_plutonic_rocks,19.85,0.0,0.01,-14.0123,40.197,19.4177,40.3869,19.4617,2242.857,2871.6374,1.6353,0.1939,0.0,0.0
61500000,43.49623545516769,0.006231510039655064,99.8027374501123,125,2.8710016460611225,fazenda_juca_casimiro,-21.87,-45.2622,744.0,758.9417,high,869.0,1106.3237,105.662,758.9417,4.2206,2.60332,2.74008,0.61681,1.03214,0.0551,0.0,21.2,1.2149,djf,247.3,5.25053,jja,1.74377,0.41316,2.13386,1.65959,0.73224,169.8,0.6036,4.4136,0.65,2.16667,0.0,0.0,0.0,metamorphics,87.18,acid_plutonic_rocks,9.51,0.0,0.0169,-12.9183,40.3143,18.0631,41.6312,18.3966,2220.1641,2487.3945,3.5733,0.5614,0.0,0.0
61510000,43.24709103353867,0.00037984299822739937,133.53843868130025,125,2.9079875243085023,tres_coracoes,-21.7031,-45.2475,4180.0,4225.086,high,843.0,1113.3438,96.355,4225.086,4.24231,2.56993,2.76929,0.60579,1.02433,0.0465,0.0,19.6,1.21739,djf,233.0,5.02697,jja,1.78736,0.42132,2.07749,1.60717,0.75494,169.1,0.6568,4.4058,0.4,4.0,0.0,0.0,0.0,metamorphics,82.89,acid_plutonic_rocks,11.09,0.0,0.016,-13.3919,39.7983,19.2048,40.9978,18.1071,2241.7296,2494.9369,3.5823,0.5491,0.0,0.0
61520000,43.24709103353867,0.08742719675867308,94.94874408600279,125,2.5291713145700543,chacara_santana,-21.6783,-45.2597,854.0,863.7856,high,843.0,985.4137,44.7934,863.7856,3.88394,2.66409,2.53302,0.68592,1.07382,0.05545,0.0,21.8,1.30149,djf,250.85,5.25891,jja,1.44364,0.37094,1.28008,1.62065,0.72078,165.73684,0.4702,4.1192,0.35604,2.33333,1.98367,19.5,0.0,metamorphics,97.51,unconsolidated_sediments,2.28,0.0,0.0148,-12.9565,40.5613,18.4564,40.9808,14.233,2220.6575,1954.3987,3.6464,0.692,0.0,0.0
61537000,35.49623545516769,0.028152718858465098,88.02610096106957,125,2.8439086005575236,uhe_furnas_rio_verde,-21.6108,-45.4889,6300.0,6343.644,high,796.0,1061.282,79.3005,6343.644,4.11741,2.61474,2.67605,0.63505,1.03462,0.05177,0.0,19.45,1.23885,djf,230.65,5.05257,jja,1.59565,0.38754,2.16764,1.53535,0.7476,168.6,0.5411,4.0224,0.25,5.0,0.2,2.0,0.0,metamorphics,87.65,acid_plutonic_rocks,7.93,0.0,0.0149,-13.2528,39.8151,18.8333,41.3503,16.8299,2205.475,2350.8091,3.9482,0.6779,58.0,1.5698
61565000,44.26830937713895,0.0019172490568371576,65.75171043141725,125,2.737564568519661,cachoeira_poco_fundo,-21.7886,-46.1244,349.0,337.4281,high,863.0,1260.1958,43.1182,337.4281,4.21669,2.61456,2.65337,0.62005,1.04991,0.06917,0.0,21.2,1.2219,djf,251.25,5.31184,jja,2.15782,0.51173,0.98087,1.74946,0.7198,166.7,0.762,5.2153,1.05,2.33333,0.55,2.75,0.0,metamorphics,99.08,acid_plutonic_rocks,0.92,0.0,0.01,-13.4447,40.8458,16.9852,42.2015,17.8284,2340.8297,2259.8747,5.9778,0.759,10.0,3.7628
61610000,33.086926762491444,0.00761274306992139,85.68132519882197,125,2.8631161680253747,jureia,-21.2789,-46.3608,884.0,874.7216,high,807.0,981.6482,46.9866,874.7216,4.09436,2.84659,2.78246,0.69525,1.02544,0.0876,0.0,21.35,1.2341,djf,244.75,5.26911,jja,1.64621,0.39963,1.64655,1.48392,0.7546,170.55556,0.6096,3.84744,0.0,0.0,0.0,0.0,0.0,metamorphics,99.63,acid_plutonic_rocks,0.37,0.0,0.01,-14.1,41.0501,16.8034,42.1797,14.9631,2236.5402,2316.7416,6.6493,1.1066,0.0,0.0
61700000,39.00068446269678,0.0,47.94380464431496,125,1.0096492033464195,usina_santana,-20.8097,-46.8067,473.0,470.0988,high,769.0,959.3602,52.9804,470.0988,4.2424,2.96467,2.75241,0.69882,1.05745,0.10093,0.0,20.7,1.24324,djf,244.2,5.3087,jja,1.50168,0.35397,0.70511,1.79184,0.69211,166.25,0.4865,3.7194,2.7,1.54286,1.5,10.0,0.0,metamorphics,46.66,siliciclastic_sedimentary_rocks,45.52,0.0,0.1001,-14.4842,43.7373,15.61,40.6324,13.4439,2245.5658,2076.0365,7.8231,1.4273,0.0,0.0
61770000,44.917180013689254,0.025539436791417774,61.25036164947389,125,2.2373389549381963,fazenda_carvalhais,-21.1353,-47.0125,226.0,226.562,high,887.0,997.664,47.6844,226.562,4.34942,2.96146,2.77847,0.68089,1.04968,0.094,0.0,21.9,1.21667,djf,253.45,5.61351,jja,1.45677,0.33766,2.66214,1.99529,0.67993,169.05263,0.3753,3.9272,1.93642,1.85,8.79238,8.4,0.0,siliciclastic_sedimentary_rocks,71.42,metamorphics,23.45,0.0,0.1434,-14.8025,44.5224,15.114,40.3125,12.3765,1812.511,1986.0198,6.5033,1.2231,0.0,0.0
61795000,31.143052703627653,0.021538461538461538,52.51283982006812,125,0.7916286222857608,conceicao_das_alagoas,-19.9094,-48.3906,1950.0,1984.94,high,501.0,741.159,30.5485,1984.94,4.23213,3.11806,2.6362,0.73676,1.05772,0.1035,0.0,18.25,1.2807,djf,224.7,5.30579,jja,1.44075,0.34081,1.22231,2.34598,0.73568,181.16667,0.3303,3.67328,0.71497,1.4,11.59281,8.10714,0.0,siliciclastic_sedimentary_rocks,52.57,basic_volcanic_rocks,29.3,0.0,0.1607,-13.0,44.1174,15.2769,40.5764,9.5675,2482.6862,1766.3019,13.6653,2.5986,0.0,0.0
61815000,44.668035592060235,0.02782715292675452,48.14011640064566,125,0.5509080500865051,guaxupe,-21.2942,-46.7042,76.0,75.4397,high,856.0,964.9077,48.1796,75.4397,4.19674,2.90229,2.7632,0.69156,1.03493,0.0902,0.0,22.95,1.21108,djf,260.15,5.64317,jja,1.15971,0.27923,2.09457,1.72892,0.67472,174.15789,0.3115,2.9148,2.98612,1.29545,9.48225,5.32353,0.0,metamorphics,100.0,,0.0,0.0,0.01,-14.1,41.9292,16.0496,42.0463,13.3036,2041.1574,3177.3973,6.5705,1.5522,0.0,0.0
61826000,44.498288843258045,0.005598966344674829,89.21143069029056,125,2.133126924109807,ponte_do_canoas,-21.4203,-46.9622,649.0,662.6665,high,584.0,855.756,49.9651,662.6665,4.16486,2.83229,2.73342,0.68004,1.03397,0.0902,0.0,21.3,1.24561,djf,244.7,5.25107,jja,1.24775,0.29959,2.00221,1.58077,0.72352,172.6,0.3953,3.152,1.5,2.30769,3.0,6.66667,0.0,metamorphics,95.5,acid_plutonic_rocks,4.01,0.0,0.0111,-13.9991,40.5083,17.103,42.3791,12.4184,1766.0834,2565.5071,12.6705,2.7821,0.0,0.0
61830000,34.666666666666664,0.0,116.87939795435885,125,2.830543731837192,uhe_marimbondo_fazenda_corredeira,-21.3183,-47.4767,8490.0,8482.476,high,524.0,912.66,53.3523,8482.476,4.16552,2.84069,2.74782,0.68195,1.02534,0.08785,0.0,18.6,1.24,djf,225.15,5.18779,jja,1.37225,0.32943,1.42221,1.27466,0.78839,174.05,0.6207,2.971,0.0,0.0,0.0,0.0,0.0,metamorphics,49.48,siliciclastic_sedimentary_rocks,24.4,0.0,0.0708,-13.54,41.094,17.034,41.8632,13.302,1820.4877,2417.1027,12.4078,2.4772,619.0,14.5694
61886000,44.41615331964408,0.022375639524132403,53.80752629170723,125,2.8830855847100416,padua_sales,-22.2992,-47.1339,4670.0,4639.653,high,584.0,931.7591,61.7055,4639.653,4.09595,2.69821,2.71666,0.65875,0.95406,0.0728,0.0,19.8,1.19637,djf,231.2,5.03704,jja,1.51597,0.37006,1.61575,1.4271,0.72747,171.9,0.5721,3.9002,0.60008,3.0,0.15002,3.0,0.0,metamorphics,44.61,acid_plutonic_rocks,39.13,0.0,0.04,-13.3446,43.0299,16.5527,40.403,13.9533,1593.9123,2305.4721,10.3223,1.8655,16.0,0.6232
61902000,35.93976728268309,0.0,62.529047917239886,125,3.2547459267854837,uhe_marimbondo_porto_ferreira,-21.8461,-47.4742,10100.0,10128.04,high,543.0,814.8461,48.7334,10128.04,3.9939,2.79397,2.69739,0.69956,0.9643,0.08087,0.0,19.0,1.22977,djf,226.5,5.0558,jja,1.22954,0.30785,2.26553,1.81597,0.73938,175.25,0.396,3.11342,0.0,0.0,0.2,2.0,0.0,siliciclastic_sedimentary_rocks,32.87,metamorphics,28.37,0.33,0.0939,-13.1873,42.7958,15.916,41.2661,12.7482,1466.1125,1984.3777,18.272,4.0715,236.0,5.1922
61910000,43.00068446269678,0.04628804278619636,100.83417320584465,125,3.335126926496745,porto_cunha_bueno,-21.6969,-47.8136,12300.0,12314.12,high,531.0,793.8961,48.2241,12314.12,3.98169,2.80953,2.69507,0.70561,0.97281,0.0832,0.0,18.95,1.22654,djf,224.65,5.14073,jja,1.21484,0.30443,1.64882,1.59957,0.75053,176.35294,0.43781,2.9315,0.0,0.0,0.0,0.0,0.0,siliciclastic_sedimentary_rocks,40.86,metamorphics,23.36,0.27,0.113,-13.1221,43.0202,15.6912,41.2658,12.5287,1445.2282,2098.0156,17.2746,3.8958,273.0,4.9997
61912000,45.002053388090346,0.018555697511711385,166.19720921283988,125,3.460234127091009,ponte_guatapara,-21.5025,-48.0406,13900.0,13924.35,high,512.0,772.9972,46.2809,13924.35,3.96218,2.83132,2.68775,0.71459,0.97785,0.0832,0.0,18.4,1.20656,djf,224.65,5.2305,jja,1.34392,0.33919,1.54123,1.56384,0.78472,177.25,0.51638,3.0833,0.0,0.0,0.1,2.0,0.0,siliciclastic_sedimentary_rocks,43.24,metamorphics,20.68,0.24,0.1239,-13.0705,42.9633,15.6529,41.3612,12.3651,1449.0642,2101.1292,17.8439,3.6377,302.0,4.4215
61915000,40.0,0.07501711156741958,166.0818188848992,125,3.103676466426621,passagem,-21.0167,-48.1772,17300.0,17357.66,high,501.0,738.72,42.8305,17357.66,3.91764,2.86858,2.67788,0.73222,0.98971,0.08542,0.0,17.85,1.23529,djf,222.35,5.21948,jja,1.16632,0.29771,2.22664,1.649,0.77179,177.45,0.4165,2.8086,0.0,0.0,0.0,0.0,0.0,siliciclastic_sedimentary_rocks,41.79,basic_volcanic_rocks,21.44,0.2,0.1262,-13.1201,42.0107,15.9056,42.0658,12.186,1412.4765,2064.7701,21.1008,4.9567,339.0,4.5877
61953001,41.100616016427104,0.020250466293631763,42.9494544429686,125,1.8411039912472273,paraiso_monte_azul_paulista,-20.9917,-48.7075,580.0,587.6042,high,497.0,572.6653,28.6084,587.6042,3.64285,3.06281,2.62399,0.84077,1.03966,0.09383,0.0,21.6,1.30909,djf,252.65,5.48048,jja,0.7917,0.21803,1.69127,1.81329,0.63236,167.8,0.2139,2.4782,3.95541,1.92683,5.60768,7.46667,0.0,siliciclastic_sedimentary_rocks,93.88,mixed_sedimentary_rocks,6.12,0.0,0.19,-15.2,53.3319,13.2275,33.4623,9.076,1066.5991,1902.6566,48.0697,16.6348,0.0,0.0
61956001,43.00068446269678,0.0252769642174965,29.050763827427797,125,2.0714551769735956,palmares_paulista,-21.0772,-48.8008,623.0,619.3532,high,488.0,565.543,27.6947,619.3532,3.61227,3.03739,2.61841,0.84085,1.03925,0.0922,0.0,21.05,1.30341,djf,251.2,5.35608,jja,0.78791,0.22414,1.78199,1.57478,0.62728,166.05882,0.23613,2.18441,6.51133,2.30909,0.20508,1.33333,0.0,siliciclastic_sedimentary_rocks,86.33,mixed_sedimentary_rocks,13.67,0.0,0.19,-15.2,53.7269,12.7968,33.4891,9.104,1046.1369,2122.7118,55.4625,19.2855,0.0,0.0
62420000,43.58110882956879,0.017276039703480336,18.04947785031048,125,1.71410101630998,monte_mor,-22.9589,-47.2964,697.0,706.1842,high,538.0,657.0454,28.5491,706.1842,3.615,2.80844,2.67628,0.77688,0.87768,0.0572,0.0,22.2,1.2507,djf,253.0,5.33193,jja,0.92972,0.25417,0.8202,1.60978,0.6322,162.55556,0.3152,2.957,1.07698,1.3125,0.10257,2.0,0.0,siliciclastic_sedimentary_rocks,50.61,metamorphics,38.44,0.0,0.1125,-14.2404,52.542,12.4868,34.9378,10.3257,1228.1816,1823.3643,33.7317,9.9402,0.0,0.0
62477100,43.00068446269678,0.007067362791289953,98.4506414749512,125,2.915607924584193,corumba,-23.3639,-47.615,2010.0,1987.831,high,537.0,780.0117,35.0809,1987.831,3.77541,2.76644,2.76607,0.73275,0.77027,0.0415,0.0,21.85,1.19399,djf,242.9,4.82903,jja,1.04444,0.27664,0.58013,0.97796,0.79068,170.9,0.5324,2.3467,0.0,0.0,0.0,0.0,0.0,acid_plutonic_rocks,39.2,siliciclastic_sedimentary_rocks,30.19,0.2,0.0672,-13.4089,47.5222,14.8121,37.636,14.2991,1524.6176,1714.6263,24.489,6.4238,356.0,46.9779
62490000,43.49623545516769,0.02498898470447536,29.353838894383344,125,1.3200035540717907,salto_de_pirapora,-23.6381,-47.5722,359.0,363.4279,high,594.0,845.3139,49.2134,363.4279,3.46274,2.6725,2.8483,0.77179,0.75753,0.04405,0.0,22.65,1.18586,djf,258.65,5.13704,jja,1.04455,0.30026,2.34651,1.7116,0.59267,166.63158,0.2375,2.9363,5.97525,1.73529,12.81135,5.62222,0.0,metamorphics,49.42,acid_plutonic_rocks,41.68,0.0,0.0263,-13.112,46.0397,15.2202,38.7198,15.5987,1349.5793,2734.7893,25.8884,6.7902,0.0,0.0
62600000,44.28747433264887,0.005625618199802176,172.00596335277504,125,2.265442313939293,rio_abaixo_(faz._cachoeira),-22.8831,-46.6319,1690.0,1682.448,high,795.0,1128.5959,84.2125,1682.448,4.09218,2.6971,2.78441,0.65909,0.90319,0.0553,0.0,20.55,1.22687,djf,235.2,4.84948,jja,0.56268,0.1375,2.80657,1.56534,0.68504,167.35,0.1657,1.4781,2.75,5.0,6.05,4.65385,0.0,acid_plutonic_rocks,54.16,metamorphics,39.22,0.0,0.0149,-13.4461,42.0507,18.3758,39.5841,17.0904,1656.38,2409.2171,7.2348,3.5227,1543.0,446.548
62615000,44.33127994524298,0.00487895256916996,156.05743807006428,125,2.031092257548905,jaguariuna,-22.7086,-46.9869,2180.0,2188.467,high,586.0,1058.9806,77.8993,2188.467,4.0375,2.6971,2.78441,0.66801,0.90037,0.0553,0.0,20.2,1.23547,djf,231.7,4.81205,jja,0.66487,0.16467,2.12496,1.58801,0.68365,166.4,0.2092,1.809,1.3,1.44444,6.1,3.58824,0.0,acid_plutonic_rocks,59.71,metamorphics,35.21,0.0,0.0137,-13.4117,42.7308,17.7267,39.5573,16.3478,1584.2182,2423.7501,9.0531,3.7305,1556.0,292.9818
62622000,40.498288843258045,0.002298539751216874,83.4640576244458,125,2.239066019017576,monte_alegre_do_sul,-22.6869,-46.6786,387.0,381.3892,high,764.0,1085.9612,68.3571,381.3892,4.08093,2.6923,2.76329,0.65973,0.89687,0.05895,0.0,22.15,1.22039,djf,250.05,4.99102,jja,1.57687,0.38799,2.22156,1.75474,0.72278,171.78947,0.5045,3.9572,0.1507,1.0,1.35631,9.0,0.0,acid_plutonic_rocks,78.08,metamorphics,21.92,0.0,0.01,-13.5023,40.7861,17.7924,41.4215,15.8061,1575.755,2536.027,7.2609,1.2615,0.0,0.0
62625000,44.498288843258045,0.03230172891158555,84.9484283784201,125,1.960206724588093,amparo,-22.7114,-46.7808,663.0,655.6534,high,666.0,1014.5221,67.782,655.6534,4.03643,2.71754,2.75131,0.67325,0.89644,0.0626,0.0,20.7,1.22485,djf,246.0,4.97976,jja,1.42617,0.35056,1.71256,1.35347,0.72534,169.0,0.5461,3.50289,0.86685,1.7,0.86685,17.0,0.0,acid_plutonic_rocks,64.76,metamorphics,34.69,0.0,0.0111,-13.5324,41.8148,17.3876,40.7991,15.2349,1485.0458,2720.3857,8.7306,1.6772,0.0,0.0
62670000,44.41615331964408,0.04524440609011897,132.4194545003064,125,2.367998323028557,atibaia,-23.1056,-46.5569,1140.0,1132.406,high,749.0,980.548,80.0341,1132.406,3.99815,2.51449,2.92472,0.62891,0.86175,0.05385,0.0,21.15,1.1882,djf,240.85,4.92536,jja,0.80822,0.20197,2.82911,1.18081,0.76741,167.44444,0.3774,1.7573,0.0,0.0,0.0,0.0,0.0,metamorphics,56.27,acid_plutonic_rocks,35.0,0.0,0.0208,-13.0232,42.813,18.0973,39.0886,16.0817,1580.0522,2657.1072,8.2417,2.7938,0.0,0.0
62715000,40.58316221765914,0.0020238818053025702,50.92752621783683,125,2.1333870676034365,artemis,-22.6792,-47.7753,10900.0,10886.25,high,475.0,795.8763,51.139,10886.25,3.84384,2.79666,2.72439,0.72757,0.90611,0.06716,0.0,18.1,1.22297,djf,225.8,4.87163,jja,0.96082,0.24977,2.06991,1.65035,0.69039,168.68421,0.296,2.56,0.95392,2.11111,3.96629,7.18182,0.0,siliciclastic_sedimentary_rocks,34.76,acid_plutonic_rocks,26.63,1.92,0.0886,-13.5403,45.53,15.2251,39.236,12.9594,1339.9024,2070.3913,19.8567,5.662,1808.0,47.357
62760005,39.520876112251884,0.02182196051264288,52.45405714374999,125,1.6769161656097593,ribeirao_do_feijao,-22.1544,-47.8814,229.0,222.7891,high,706.0,821.0249,38.3987,222.7891,3.97541,2.97281,2.69131,0.7478,0.97585,0.081,0.0,23.2,1.25405,djf,256.65,5.47812,jja,1.41428,0.35182,1.17143,0.75795,0.82115,172.88889,0.8369,2.5999,0.1039,2.0,0.0,0.0,0.0,siliciclastic_sedimentary_rocks,89.2,basic_volcanic_rocks,9.94,0.0,0.2459,-12.6603,47.3239,13.1145,39.504,11.8871,1403.247,1738.198,7.7296,1.4974,0.0,0.0
62760150,39.520876112251884,0.01898164184274333,47.326034425916276,125,1.965288554461425,jacare-acu_2,-22.1583,-47.9003,219.0,215.8577,high,679.0,775.4665,28.9949,215.8577,3.88554,2.94167,2.75769,0.75708,0.97929,0.081,0.0,23.55,1.23622,djf,258.15,5.46928,jja,1.55275,0.39476,2.82986,1.38052,0.81697,179.61111,0.67005,3.1008,0.0,0.0,8.36371,32.2,0.0,siliciclastic_sedimentary_rocks,83.51,unconsolidated_sediments,12.32,0.0,0.2537,-12.5305,47.9585,13.3775,38.631,12.5871,1419.6025,1442.6594,7.8223,1.3802,40.0,32.6963
62767500,43.41409993155373,0.18635303020747934,41.472528577154975,125,1.6624218688232688,fazenda_santo_inacio,-22.0617,-48.0903,795.0,784.8226,high,556.0,766.8792,38.3275,784.8226,3.90292,2.97281,2.69131,0.76169,0.97814,0.08125,0.0,22.6,1.23161,djf,249.95,5.29555,jja,1.23295,0.31362,1.6268,0.89702,0.80117,176.16667,0.6508,2.3167,0.15518,1.0,0.0,0.0,0.0,siliciclastic_sedimentary_rocks,82.83,basic_volcanic_rocks,13.55,0.0,0.2365,-12.7756,45.5083,13.8942,40.5527,12.2669,1319.5938,1959.3941,9.7226,2.1604,59.0,16.7048
63250000,44.0,0.06969074730881712,172.20864674866948,125,1.6921933812509813,alto_rio_verde,-19.3775,-53.5711,2940.0,2896.831,high,452.0,576.6906,26.4278,2896.831,3.85885,3.14562,2.75001,0.81517,0.90614,0.1241,0.0,15.4,1.12409,djf,216.1,4.61259,jja,1.25351,0.32484,0.585,0.52701,0.91548,179.5,0.8942,1.8119,0.0,0.0,0.0,0.0,0.0,siliciclastic_sedimentary_rocks,100.0,,0.0,0.0,0.27,-12.5041,66.843,9.5804,23.5969,9.2385,1516.1416,2551.7254,1.4776,0.323,0.0,0.0
63350100,44.7501711156742,0.001896604466197614,137.3109761693394,125,2.165237979804292,agua_clara,-20.445,-52.9017,14500.0,14330.16,high,301.0,498.45,25.0803,14330.16,3.85689,3.11413,2.76366,0.80742,0.85647,0.11916,0.0,14.15,1.1551,djf,204.05,4.63224,jja,1.14235,0.29618,0.29484,0.53318,0.90012,180.15,0.8019,1.7079,0.0,0.0,0.0,0.0,0.0,siliciclastic_sedimentary_rocks,97.78,basic_volcanic_rocks,2.22,0.0,0.266,-12.5034,66.1476,9.6979,24.1572,9.8041,1469.6364,2447.0994,1.4055,0.3371,264.0,4.4184
63790000,42.666666666666664,0.05088552361396304,16.434568228439858,125,1.615066292929217,fazenda_sao_luiz,-21.8831,-51.265,701.0,709.0958,high,317.0,406.4985,24.4154,709.0958,3.56531,2.96325,2.61459,0.83114,0.77411,0.0844,0.0,23.55,1.29396,djf,256.0,5.35005,jja,0.65158,0.18653,1.74453,1.37673,,164.58824,0.1857,2.0009,9.71657,1.95833,0.72357,2.8,0.0,siliciclastic_sedimentary_rocks,95.34,water_bodies,4.66,0.0,0.1914,-15.0515,62.8725,9.8627,27.2554,9.0512,1085.7542,2148.3576,16.1347,6.7842,0.0,0.0
63950010,44.7501711156742,0.0948302233098807,43.36556532164949,125,2.3034134758287834,vau_do_balsamo,-20.9942,-54.5072,2530.0,2519.487,high,401.0,510.0677,15.1634,2519.487,3.84673,3.09461,2.78373,0.80448,0.66664,0.1126,,18.9,1.17391,djf,231.05,4.37181,jja,1.07738,0.28008,1.96488,1.1111,0.80228,177.35,0.5811,2.18828,0.0,0.0,0.0,0.0,0.0,basic_volcanic_rocks,87.86,siliciclastic_sedimentary_rocks,12.14,0.0,0.1119,-13.0,45.7073,13.4784,40.7903,9.7645,1376.3829,1322.7984,2.9572,0.752,24.0,2.4224
63950100,44.7501711156742,0.09470786173141633,43.95508542645243,125,2.3176443682010093,fazenda_ponte,-21.3044,-54.2044,3830.0,3806.602,high,355.0,489.7438,17.1512,3806.602,3.77858,3.08879,2.77147,0.81745,0.65581,0.09845,0.0,18.4,1.1358,djf,226.0,4.33781,jja,1.11026,0.29383,1.81067,1.08243,0.81298,177.85,0.6,2.1484,0.1,2.0,0.0,0.0,0.0,basic_volcanic_rocks,71.12,siliciclastic_sedimentary_rocks,28.88,0.0,0.1418,-13.0,49.4399,12.5781,37.9611,9.5987,1315.417,1467.1969,3.3164,0.8184,24.0,1.5558
63955000,44.7501711156742,0.008993576017130621,142.3342714943856,125,2.709810745622957,delfino_costa,-21.6097,-53.0533,13600.0,13498.84,high,280.0,435.0923,21.0732,13498.84,3.70281,3.05025,2.80326,0.82377,0.64748,0.09176,0.0,16.3,1.13986,djf,215.8,4.4449,jja,1.01057,0.27112,0.7493,0.7363,0.86718,180.16667,0.65607,1.6118,0.0,0.0,0.0,0.0,0.0,siliciclastic_sedimentary_rocks,72.99,basic_volcanic_rocks,27.01,0.0,0.2213,-13.0,58.3854,10.7899,30.7988,9.4786,1214.8145,2238.626,3.0089,0.8157,24.0,0.482
63970000,44.7501711156742,0.0986846130315081,145.94950240935944,125,2.1319153757448444,fazenda_buriti,-21.6633,-52.8675,31000.0,30708.15,high,274.0,453.4189,22.8994,30708.15,3.73291,3.06106,2.77075,0.82002,0.6956,0.09944,0.0,15.55,1.16479,djf,205.3,4.59798,jja,1.06416,0.28308,1.43819,0.8052,0.87643,181.55556,0.69944,1.6867,0.0,0.0,0.0,0.0,0.0,siliciclastic_sedimentary_rocks,80.52,basic_volcanic_rocks,19.44,0.0,0.2349,-12.984,60.4402,10.5356,29.002,9.4824,1242.9788,2444.8688,2.169,0.5584,123.0,1.0312
64040000,43.578370978781656,0.018156687818056166,31.261882550923044,125,2.6203400146313323,cerradinho,-23.9697,-48.2783,532.0,528.4377,high,623.0,775.5545,42.9252,528.4377,3.78333,2.54611,2.71559,0.67298,0.63666,0.04495,0.0,22.75,1.20053,djf,254.05,4.83444,jja,1.87544,0.50034,3.26599,1.39326,0.66448,167.10526,0.6512,5.2512,3.16909,2.25,0.0,0.0,0.0,metamorphics,62.85,acid_plutonic_rocks,19.88,0.0,0.0369,-13.878,40.3378,19.4566,40.2257,15.7735,1197.6263,3946.0995,4.0865,0.597,0.0,0.0
64065000,43.58110882956879,0.04774469154416384,66.9233388946441,125,2.764474298030193,porto_velho,-23.6253,-48.1053,1520.0,1504.543,high,615.0,749.7406,32.5496,1504.543,3.63184,2.63873,2.70772,0.72655,0.71088,0.0466,0.0,21.85,1.19726,djf,248.95,4.81063,jja,1.16556,0.32001,1.53036,1.45446,,170.38462,0.4207,2.834,0.78945,3.75,0.21052,2.0,0.0,siliciclastic_sedimentary_rocks,52.88,metamorphics,27.98,0.0,0.1184,-13.5905,44.1687,16.947,38.8921,15.4169,1312.5103,2154.8908,15.2167,3.5768,38.0,5.9368
64075000,30.56810403832991,0.019167039856695028,59.66901450350624,125,2.908880472662938,angatuba,-23.5639,-48.3897,2520.0,2475.739,high,595.0,722.2859,30.9711,2475.739,3.60746,2.6483,2.65558,0.73412,0.71369,0.04595,0.0,22.0,1.22563,djf,246.2,4.82272,jja,1.18459,0.32787,2.25901,1.41738,0.73685,171.05263,0.3902,2.835,0.20428,2.0,0.61284,2.4,0.0,siliciclastic_sedimentary_rocks,66.49,metamorphics,17.03,4.61,0.1285,-14.0151,44.8917,16.4377,38.6687,14.9342,1263.4267,2431.1361,13.7621,3.1829,38.0,3.5499
64231000,44.33127994524298,0.11505681818181818,21.37604808692736,125,1.9278893730490416,colonia_barro_preto,-24.0328,-49.4614,1550.0,1535.374,high,532.0,924.3248,53.7385,1535.374,3.84693,2.51316,2.81745,0.65329,0.48384,0.00347,0.0,22.5,1.21951,djf,247.35,4.69801,jja,1.55259,0.40359,1.55654,1.11793,0.70259,168.65,0.6237,3.4467,1.9,2.53333,0.0,0.0,0.0,siliciclastic_sedimentary_rocks,53.23,metamorphics,28.84,0.0,0.1059,-14.1538,38.056,20.553,41.3889,17.0181,1164.1481,3179.8035,2.3047,0.4067,6.0,0.6896
64315000,42.41478439425051,0.015556416214820552,86.5517180559604,125,2.5428421244358974,aguas_de_santa_barbara,-22.8786,-49.2381,3340.0,3342.955,high,541.0,734.5823,25.4413,3342.955,3.72237,2.84994,2.58807,0.76562,0.79712,0.05935,0.0,22.2,1.21978,djf,244.85,4.91174,jja,1.10194,0.29864,1.60046,1.15955,0.80241,181.89474,0.4847,2.25271,0.10112,2.0,0.0,0.0,0.0,mixed_sedimentary_rocks,45.69,basic_volcanic_rocks,29.89,0.0,0.1605,-13.3746,43.2656,15.4642,41.2423,13.8867,1207.6963,2539.7316,7.7871,1.9361,34.0,2.5287
64327000,40.224503764544835,0.02919956438878301,38.875812830918136,125,2.4942103345156954,sao_pedro_do_turvo,-22.7514,-49.735,891.0,891.6689,high,435.0,545.0334,34.4393,891.6689,3.65016,2.88778,2.58926,0.79114,0.7779,0.0734,0.0,23.75,1.27346,djf,255.5,5.23566,jja,0.99728,0.27544,1.17642,0.9654,0.75439,176.36842,0.4857,2.0344,0.50303,1.42857,0.0,0.0,0.0,siliciclastic_sedimentary_rocks,70.63,mixed_sedimentary_rocks,23.77,0.0,0.1884,-13.0,53.3091,12.5564,34.1265,10.4332,926.1048,2849.2788,3.1425,0.8633,0.0,0.0
64346000,42.666666666666664,0.043698665297741274,267.3581209062686,125,1.8504510854612717,agice,-22.5333,-50.9167,649.0,657.0999,high,397.0,451.6123,26.193,657.0999,3.65329,2.98162,2.64305,0.81615,0.70954,0.07952,0.0,23.45,1.27793,djf,255.25,5.30114,jja,1.00248,0.27468,0.96119,0.47506,0.88253,178.0,0.7322,1.62764,0.0,0.0,0.0,0.0,0.0,siliciclastic_sedimentary_rocks,95.24,basic_volcanic_rocks,4.34,0.0,0.1859,-13.2736,58.5608,10.4078,31.0204,9.4837,935.3758,2239.6185,5.0101,1.3692,0.0,0.0
64360000,44.33127994524298,0.007781620553359684,25.155118696004255,125,2.1854278776319824,tomazina,-23.7667,-49.95,2020.0,2018.545,high,547.0,798.5549,49.0763,2018.545,3.96533,2.62094,2.72438,0.66097,0.44758,0.02722,0.0,22.35,1.19839,djf,245.5,4.71662,jja,1.39175,0.35098,1.51622,1.41573,0.62651,166.0,0.4285,3.6618,3.55,1.86842,0.5,3.33333,0.0,siliciclastic_sedimentary_rocks,97.78,basic_volcanic_rocks,2.22,0.0,0.1878,-13.8756,37.8422,20.5025,41.6411,15.9362,1106.5482,3099.3233,2.1757,0.4283,0.0,0.0
64362000,43.41409993155373,0.0,22.126092967323967,125,2.260366169569028,granja_garota,-23.3422,-50.1631,3970.0,3987.661,high,444.0,679.6236,42.9781,3987.661,3.88422,2.6564,2.71734,0.6839,0.47272,0.03842,0.0,22.35,1.25562,djf,240.0,4.69208,jja,1.35846,0.34974,2.22984,1.65405,0.55982,164.85,0.3466,4.3061,7.6,2.4127,2.4,4.0,0.0,siliciclastic_sedimentary_rocks,90.5,unconsolidated_sediments,3.79,3.09,0.1797,-14.3723,40.5129,19.783,39.6907,14.1429,1089.6934,2812.5034,2.6609,0.5366,0.0,0.0
64370000,41.002053388090346,0.0751201923076923,19.836820397512316,125,2.24766794533595,uhe_capivara_andira,-23.0858,-50.2853,5637.0,5613.994,high,375.0,640.5807,42.4972,5613.994,3.85318,2.68893,2.7197,0.69785,0.49503,0.0635,0.0,21.55,1.24566,djf,236.55,4.59767,jja,1.20379,0.31139,2.33922,1.84674,0.53223,165.94737,0.2629,3.8014,9.58938,2.3875,13.30464,8.28125,0.0,siliciclastic_sedimentary_rocks,76.47,basic_volcanic_rocks,18.17,2.65,0.166,-14.1299,39.8838,19.2285,40.8748,13.7243,1073.2867,2958.1818,3.6628,0.8336,0.0,0.0
64380000,44.33127994524298,0.001976284584980237,30.24789991869082,125,2.003621093159766,usina_figueira,-23.8503,-50.3911,1070.0,1066.623,high,535.0,746.462,49.7734,1066.623,3.9451,2.59241,2.80197,0.65712,0.40883,0.03315,0.0,22.35,1.22131,djf,250.45,4.83028,jja,1.20753,0.30614,2.56164,1.76762,0.5362,161.05,0.2414,3.84457,9.55131,2.3875,18.45253,7.38,0.0,siliciclastic_sedimentary_rocks,99.91,carbonate_sedimentary_rocks,0.09,0.09,0.1899,-14.7934,36.1383,21.2745,42.5768,15.5249,946.4066,3714.8502,1.8593,0.4218,0.0,0.0
64382000,30.32991101984942,0.0,15.287600547692415,125,2.443465512907084,fazenda_casa_branca,-23.4,-50.45,2610.0,2639.057,high,476.0,656.2674,45.1468,2639.057,3.88731,2.62893,2.77328,0.67629,0.43104,0.0456,0.0,21.25,1.22478,djf,243.3,4.68786,jja,1.27588,0.32822,2.47544,1.95142,0.49691,163.25,0.2781,4.23618,12.5,2.5,15.1,7.74359,0.0,siliciclastic_sedimentary_rocks,83.14,basic_volcanic_rocks,7.26,4.99,0.1682,-14.7047,37.9585,20.3953,41.6398,14.5985,1061.3381,2617.8299,2.5147,0.54,0.0,0.0
64395000,43.00068446269678,0.010441869349293264,74.62297823276737,125,2.162772466585676,maracai_(7d-008),-22.6167,-50.6833,1560.0,1534.673,high,373.0,505.8229,26.4369,1534.673,3.62736,2.96642,2.64506,0.81779,0.73072,0.07678,0.0,22.1,1.2381,djf,247.9,5.1219,jja,1.12936,0.31497,1.55793,0.64303,0.84217,178.52632,0.7028,2.0507,0.05041,1.0,0.0,0.0,0.0,siliciclastic_sedimentary_rocks,70.81,basic_volcanic_rocks,28.32,0.0,0.1618,-13.1713,51.7386,12.0609,36.1751,9.9799,905.8689,2438.3083,6.467,1.5688,0.0,0.0
64442800,43.41409993155373,0.01147758087910702,38.01229218139842,125,3.458458766923318,lajeado,-25.1994,-50.5247,1340.0,1336.852,high,805.0,861.5447,31.0924,1336.852,4.33794,2.36226,2.70885,0.54456,0.20286,0.0,0.0,22.15,1.17507,son,246.05,4.49406,jja,1.7655,0.40699,2.46953,2.61011,0.62688,165.1,0.3571,5.136,0.0,0.0,17.95,8.34884,0.0,siliciclastic_sedimentary_rocks,73.18,unconsolidated_sediments,10.1,8.27,0.1703,-14.2809,25.3066,24.5713,50.1054,17.7088,903.96,1631.0337,1.3256,0.2057,14.0,1.6251
64447000,32.16427104722793,0.0,40.00733673974734,125,3.0100569394824044,engenheiro_rosaldo_leitao,-24.9469,-50.3906,5710.0,5687.232,high,775.0,865.5114,32.7211,5687.232,4.269,2.49393,2.62459,0.58419,0.2322,0.0,0.0,20.95,1.16713,djf,236.75,4.44184,jja,1.80671,0.42321,2.71428,2.30222,0.64736,159.3,0.3606,5.0335,1.2,6.0,19.35,11.72727,0.0,siliciclastic_sedimentary_rocks,90.94,unconsolidated_sediments,4.63,2.43,0.1851,-14.6528,28.687,23.9377,47.3579,17.605,1066.4037,1792.2277,1.7136,0.2598,14.0,0.3733
64453000,40.0,0.10465434633812457,40.479189120319845,125,1.7205669232224197,barra_do_pitangui,-24.8558,-50.2936,1040.0,1041.012,high,778.0,978.8486,35.857,1041.012,4.13688,2.57185,2.65537,0.62169,0.28721,0.0,0.0,22.3,1.18302,djf,250.3,4.73157,jja,2.18655,0.52855,1.74418,1.93504,0.66166,159.8,0.6623,6.2994,2.05,6.83333,4.25,17.0,0.0,siliciclastic_sedimentary_rocks,62.42,acid_plutonic_rocks,27.82,0.0,0.1336,-14.1617,32.2896,22.7958,44.886,18.1184,1189.0896,1841.8816,3.1821,0.3987,200.0,24.0725
64465000,40.0,0.0,36.689210820218904,125,1.9987319889847106,tibagi,-24.5094,-50.4097,8840.0,8911.756,high,709.0,881.7073,35.3055,8911.756,4.22285,2.53252,2.6571,0.59972,0.24734,0.0,0.0,19.9,1.15029,son,233.55,4.46132,jja,1.86559,0.44179,2.21128,2.25734,0.66822,161.7,0.4412,4.8718,0.2,2.0,9.3,12.4,0.0,siliciclastic_sedimentary_rocks,89.45,unconsolidated_sediments,3.49,1.6,0.18,-14.474,29.7256,23.6699,46.5835,17.7382,1092.2057,1862.0441,1.7045,0.2503,214.0,3.5265
64477600,37.582477754962355,0.022510381000947037,24.793905150758974,125,2.7219793748413807,chacara_cachoeira,-24.7503,-50.0894,1590.0,1562.726,high,980.0,1029.7058,26.5965,1562.726,4.11992,2.59524,2.74251,0.62992,0.3542,0.0,0.0,21.75,1.17886,djf,246.65,4.58457,jja,2.02399,0.49127,1.82203,2.02146,0.62466,165.2,0.4357,5.0778,1.7,3.4,15.15,15.15,0.0,acid_plutonic_rocks,56.92,unconsolidated_sediments,16.89,0.0,0.076,-13.4903,32.9237,22.9271,44.153,19.1921,1348.6423,1183.5262,2.7155,0.3676,0.0,0.0
64501000,43.964407939767284,0.00024909702329057166,40.971675463499416,125,2.154403696266787,porto_londrina,-23.6372,-50.9233,18700.0,18739.55,high,435.0,872.2375,42.2274,18739.55,4.21777,2.57361,2.76305,0.61018,0.30137,0.01256,0.0,18.35,1.14688,djf,223.65,4.33011,jja,1.74719,0.41425,1.72306,1.87922,0.67877,163.4,0.4679,4.4571,0.85,2.125,7.6,25.33333,0.0,siliciclastic_sedimentary_rocks,81.04,acid_plutonic_rocks,6.35,1.61,0.1658,-14.2837,31.2347,23.1899,45.5576,17.5928,1098.5941,2010.0327,2.1199,0.3324,3470.0,29.036
64504210,30.001368925393567,0.2544259901441869,23.93148310291044,125,2.1605885165248258,cebolao,-23.4653,-51.3094,20700.0,20704.45,high,580.0,850.977,42.6404,20704.45,4.21261,2.6021,2.76751,0.61769,0.31677,0.01781,0.0,18.55,1.15576,djf,221.4,4.33268,jja,1.75243,0.416,1.70324,1.90117,0.6941,165.65,0.4888,4.2327,0.1,1.0,6.7,19.14286,0.0,siliciclastic_sedimentary_rocks,73.68,basic_volcanic_rocks,12.53,1.46,0.159,-14.1595,30.8763,22.8545,46.2531,17.4173,1109.9157,2065.9683,2.4102,0.3768,3470.0,26.2019
64506000,44.33127994524298,0.23301630434782608,40.341773799564706,125,2.03861640078561,chacara_ana_claudia,-23.3119,-50.9953,21900.0,21854.95,high,358.0,835.7381,42.4147,21854.95,4.21229,2.63024,2.76764,0.62442,0.32641,0.01781,0.0,18.4,1.16088,djf,220.5,4.33628,jja,1.68293,0.39815,1.51918,1.83121,,170.55556,0.5155,4.23822,0.63128,2.0,1.99906,5.42857,0.0,siliciclastic_sedimentary_rocks,69.91,basic_volcanic_rocks,17.01,1.38,0.1555,-14.0995,30.7617,22.5923,46.6306,17.2831,1112.7082,2096.829,2.6399,0.4298,3472.0,25.8625
64507000,35.00068446269678,0.0,31.652754638969665,125,2.5016699436280496,uhe_capivara_jataizinho,-23.2497,-50.9839,21900.0,21979.94,high,369.0,833.6796,42.3844,21979.94,4.21057,2.63024,2.76764,0.62467,0.3272,0.01781,0.0,18.4,1.16088,djf,220.4,4.33432,jja,1.64849,0.39151,1.67234,1.79845,0.67581,165.0,0.4734,4.2854,1.15,2.55556,3.95,13.16667,0.0,siliciclastic_sedimentary_rocks,69.57,basic_volcanic_rocks,17.42,1.38,0.1552,-14.0938,30.7706,22.5651,46.6488,17.2694,1112.9539,2099.8971,2.6512,0.4406,3472.0,26.2527
64508500,44.33127994524298,0.14278656126482214,26.317953567391566,125,1.6569826865985224,ponte_preta,-23.17,-50.7881,1050.0,1036.59,high,376.0,639.8128,42.1292,1036.59,3.86408,2.80485,2.73998,0.72588,0.48196,0.0657,0.0,22.65,1.25833,djf,248.8,4.84518,jja,1.37582,0.3546,2.0083,1.61804,0.63858,173.5,0.3592,3.9899,3.98711,1.92683,6.05638,8.0,0.0,basic_volcanic_rocks,91.64,siliciclastic_sedimentary_rocks,8.36,0.0,0.1013,-12.9829,28.9411,19.1252,51.9546,15.3808,1202.4961,2967.3471,5.0294,1.0015,0.0,0.0
64550000,40.917180013689254,0.01525593844095015,54.45568800107704,125,1.8923711394451368,vila_silva_jardim,-22.8569,-52.0781,4490.0,4488.6,high,308.0,523.6064,35.6645,4488.6,4.03311,2.92141,2.65823,0.72436,0.46405,0.0858,0.0,22.55,1.19629,djf,242.75,4.79269,jja,1.30402,0.32519,1.02593,1.13769,0.78,179.94118,0.5934,2.805,0.30927,1.5,0.0,0.0,0.0,basic_volcanic_rocks,66.23,siliciclastic_sedimentary_rocks,33.77,0.0,0.1512,-12.9535,41.3329,13.9956,44.6818,11.8768,1119.7751,2562.748,11.3118,2.3766,6.0,0.2808
64575003,43.41409993155373,0.11717222677681781,189.31231344294991,125,2.1839404983394335,porto_sao_jose_-_jusante,-22.7175,-53.18,676000.0,663936.1,high,235.0,658.7415,33.7346,663936.1,3.88817,2.99701,2.68112,0.7708,0.93595,0.09171,0.0,5.85,1.19388,djf,158.65,5.21875,jja,1.14925,0.29558,1.0634,0.39984,0.8951,180.25,0.8362,1.762,0.0,0.0,0.0,0.0,0.0,siliciclastic_sedimentary_rocks,46.85,metamorphics,20.04,0.31,0.1435,-13.2878,48.8279,14.6473,36.5114,11.3955,1967.1858,2082.9641,11.5868,2.7622,235453.0,84.5414
64613000,44.7501711156742,0.006423982869379015,55.68229537530214,125,2.734659451872815,aroeira,-21.6414,-54.4219,4470.0,4459.452,high,294.0,410.6628,14.1352,4459.452,3.6609,3.09589,2.7147,0.84566,0.59665,0.0916,0.0,19.25,1.13235,djf,232.25,4.40284,jja,0.84495,0.2308,2.14742,1.40998,0.70837,174.15,0.3244,2.09568,0.5,5.0,0.05,1.0,0.0,basic_volcanic_rocks,85.1,siliciclastic_sedimentary_rocks,14.9,0.0,0.1168,-13.0,40.3601,14.4511,45.1754,11.3923,1333.9689,1224.5477,4.4976,1.4583,1.0,0.0727
64613800,35.408624229979466,0.12711667826490372,39.81766648388722,125,2.7681415458664116,fazenda_sao_joaquim,-21.8469,-53.9619,6500.0,6473.562,high,270.0,386.9606,15.0963,6473.562,3.64644,3.08901,2.73842,0.84713,0.589,0.08165,0.0,18.65,1.15839,djf,227.7,4.39151,jja,0.8402,0.23174,1.34724,1.28861,0.78153,173.77778,0.394,1.5053,0.15656,3.0,0.0,0.0,0.0,basic_volcanic_rocks,82.68,siliciclastic_sedimentary_rocks,17.32,0.0,0.1211,-13.0,42.137,14.1647,43.6838,11.4926,1301.5664,1368.217,5.2226,1.703,4.0,0.2015
64614000,44.7501711156742,0.09464668094218416,88.66282822184365,125,2.6682348961435407,fazenda_ipacarai,-21.9564,-53.7675,28400.0,28395.09,high,262.0,415.3821,16.9164,28395.09,3.81768,3.04048,2.75868,0.79642,0.52909,0.07967,0.0,17.9,1.14377,djf,217.45,4.29743,jja,0.97436,0.25522,1.15627,1.3269,0.78911,178.25,0.4388,1.8909,0.0,0.0,0.0,0.0,0.0,basic_volcanic_rocks,80.31,siliciclastic_sedimentary_rocks,19.69,0.0,0.1254,-12.9938,40.4882,14.1134,45.3925,12.1999,1256.835,1680.9398,5.791,1.6283,33.0,0.3268
64617000,31.247091033538673,0.0,78.8438453178855,125,2.606195676237021,uhe_itaipu_ivinhema,-22.3825,-53.5286,31900.0,31701.37,high,249.0,406.867,17.3802,31701.37,3.80705,3.03129,2.752,0.79623,0.52756,0.07716,0.0,17.65,1.1461,djf,215.85,4.31269,jja,0.99991,0.26265,1.00632,1.2973,0.79671,177.95,0.4762,1.9492,0.0,0.0,0.0,0.0,0.0,basic_volcanic_rocks,71.72,siliciclastic_sedimentary_rocks,28.28,0.0,0.1409,-12.9945,42.8031,13.7429,43.4494,11.9892,1244.3336,1744.4542,6.1535,1.686,33.0,0.2852
64618000,44.33127994524298,0.12487648221343874,135.01585099299388,125,1.971389806491752,fazenda_jangada,-22.5456,-54.025,1190.0,1199.247,high,300.0,381.8258,23.2286,1199.247,3.82099,2.98233,2.79571,0.78051,0.45346,0.0551,0.0,19.85,1.16082,son,243.2,4.67243,jja,1.25322,0.32771,0.64614,0.55105,0.90613,179.75,0.8836,1.8578,0.0,0.0,0.0,0.0,0.0,siliciclastic_sedimentary_rocks,99.12,basic_volcanic_rocks,0.88,0.0,0.2682,-13.0,65.3514,8.8139,25.8871,9.6998,959.9773,2671.273,3.3715,0.7371,0.0,0.0
64619950,44.33127994524298,0.08788290513833992,9.78203839392394,125,3.1687818474025886,sao_pedro,-25.2328,-50.9525,1050.0,1073.128,high,748.0,863.0056,47.6853,1073.128,4.64646,2.46191,2.75821,0.52985,0.19285,0.0152,0.0,21.6,1.18033,son,242.9,4.49399,jja,2.40466,0.51752,1.67326,2.39288,0.49148,161.2,0.3021,8.2876,10.75,3.25758,45.95,11.07229,0.0,siliciclastic_sedimentary_rocks,92.49,basic_volcanic_rocks,7.51,0.0,0.1458,-15.6161,24.7572,25.0744,50.1462,17.631,815.5142,1483.4481,1.3297,0.1515,0.0,0.0
64620000,42.001368925393564,0.0,11.311207941726336,125,2.9856383480758106,rio_dos_patos,-25.2053,-50.9428,1090.0,1103.696,high,747.0,860.6982,47.0961,1103.696,4.64024,2.46191,2.75821,0.53056,0.19155,0.0152,0.0,21.75,1.18529,son,242.9,4.48155,jja,2.36633,0.50996,1.06087,2.55808,0.49708,164.1,0.3092,8.61814,11.55,2.85185,44.8,9.63441,0.0,siliciclastic_sedimentary_rocks,92.66,basic_volcanic_rocks,7.34,0.0,0.1451,-15.6401,24.8984,25.0418,50.0366,17.5894,817.8164,1474.9711,1.3248,0.1534,0.0,0.0
64625000,44.33127994524298,0.00012351778656126481,9.741259218163561,125,2.041840753687751,tereza_cristina,-24.83,-51.1422,3560.0,3611.266,high,501.0,803.0086,59.1687,3611.266,4.59288,2.50506,2.7916,0.54542,0.19357,0.0,0.0,21.3,1.17033,son,236.25,4.44079,jja,2.02399,0.44068,2.17464,2.66317,0.45931,161.85,0.2277,7.7231,14.35,2.65741,71.15,11.47581,0.0,siliciclastic_sedimentary_rocks,89.38,basic_volcanic_rocks,9.27,1.36,0.1381,-15.6227,27.3704,25.0811,47.5252,17.2057,816.4563,1863.4497,1.315,0.178,0.0,0.0
64645000,44.19164955509925,0.0003717241806579518,14.178436867651769,125,2.8959865076656723,porto_espanhol,-24.3419,-51.4244,8540.0,8611.819,high,429.0,812.3407,59.5062,8611.819,4.64416,2.53342,2.83118,0.54551,0.20385,0.01183,0.0,20.4,1.17919,son,229.95,4.25439,jja,2.12986,0.45861,1.82131,2.14479,0.55631,163.95,0.3834,6.8271,5.55,2.3125,30.9,10.13115,0.0,siliciclastic_sedimentary_rocks,61.01,basic_volcanic_rocks,35.62,0.57,0.1369,-14.38,25.339,24.1626,50.4861,17.2918,829.7088,2007.9251,1.7409,0.2239,12.0,0.1792
64652000,44.33127994524298,0.007472826086956522,7.8238157100657055,125,2.3137210489663254,porto_monteiro,-24.1058,-51.4822,2610.0,2648.332,high,405.0,673.3715,67.1186,2648.332,4.4507,2.61767,2.8822,0.58815,0.31963,0.0435,0.0,21.25,1.1612,son,240.8,4.56493,jja,1.64827,0.37034,2.31548,3.13523,0.40346,154.9,0.188,6.2999,19.9,2.74483,88.45,11.9527,0.0,siliciclastic_sedimentary_rocks,90.74,basic_volcanic_rocks,4.43,3.23,0.1549,-15.3105,35.364,23.1416,41.481,15.8624,954.248,2479.4912,1.6177,0.2689,0.0,0.0
64655000,44.33127994524298,0.005620059288537549,14.979022828067798,125,2.606904792867216,uba_do_sul,-24.0417,-51.6228,12700.0,12816.98,high,365.0,761.429,60.5455,12816.98,4.59195,2.5869,2.82428,0.56336,0.23708,0.01975,0.0,19.65,1.15588,son,225.85,4.2453,jja,1.93824,0.4221,1.98074,2.51686,0.52824,161.65,0.3043,6.53654,7.95,2.33824,38.55,10.85915,0.0,siliciclastic_sedimentary_rocks,63.82,basic_volcanic_rocks,30.55,1.05,0.14,-14.447,27.8447,23.6327,48.5109,16.8674,863.6529,2143.189,1.7248,0.2438,12.0,0.1323
64659000,44.33127994524298,0.003458498023715415,7.6400955290441965,125,1.7470611650881076,barbosa_ferraz,-24.0164,-51.9461,3290.0,3315.66,high,331.0,618.0574,54.5227,3315.66,4.70843,2.71986,2.76507,0.57766,0.29551,0.0447,0.0,21.65,1.19284,son,237.25,4.39759,jja,2.00221,0.42524,2.35653,3.0064,0.44221,166.05,0.1739,7.6357,16.45,2.55039,85.7,14.04918,0.0,basic_volcanic_rocks,93.0,acid_volcanic_rocks,7.0,0.0,0.09,-12.6777,23.9839,22.6377,53.3743,17.0208,805.3026,2733.4375,1.8797,0.2572,0.0,0.0
64660500,43.32922655715264,0.12978642739795274,13.018579090483424,125,2.101465591392177,vila_rica,-23.9,-51.9511,19400.0,19573.68,high,313.0,700.6222,56.7731,19573.68,4.57123,2.64662,2.80893,0.57897,0.27014,0.0348,0.0,20.1,1.12921,son,224.2,4.24621,jja,2.01571,0.44095,2.12765,2.41564,0.53963,160.65,0.3111,6.6378,6.55,2.25862,37.95,12.44262,0.0,basic_volcanic_rocks,50.69,siliciclastic_sedimentary_rocks,41.83,0.69,0.1228,-13.8663,27.1875,22.8139,49.9891,16.6187,894.784,2263.2071,2.1078,0.2865,12.0,0.0833
64671000,30.666666666666668,0.0244621015980716,43.87736843533084,125,1.648965740052805,salto_natal,-24.0331,-52.2667,853.0,846.8068,high,418.0,677.7099,32.4826,846.8068,4.75787,2.70009,2.73857,0.5675,0.28146,0.044,0.0,22.2,1.1623,son,246.45,4.61949,jja,2.0751,0.4392,1.45589,1.1375,0.79175,168.70588,0.5918,3.5272,0.10344,1.0,5.58581,3.48387,0.0,basic_volcanic_rocks,93.16,siliciclastic_sedimentary_rocks,5.64,0.0,0.1021,-12.8333,19.7778,19.4471,60.7659,18.637,1211.5945,2063.2587,1.6444,0.2171,327.0,50.9837
64673000,39.66598220396988,0.005176697956929873,39.06471997149673,125,1.6226162235075179,quinta_do_sol,-23.8236,-52.1786,1530.0,1532.186,high,379.0,598.2366,34.0145,1532.186,4.5551,2.70009,2.73857,0.59276,0.30194,0.0519,0.0,21.45,1.15946,son,242.0,4.57035,jja,2.01239,0.44302,1.44328,1.21852,0.79513,172.84211,0.6593,4.0038,0.0,0.0,3.52704,4.66667,0.0,basic_volcanic_rocks,92.76,siliciclastic_sedimentary_rocks,6.57,0.0,0.1032,-12.8289,23.1512,18.356,58.4861,17.5445,1208.3545,2089.978,1.8412,0.2507,327.0,29.0557
64675002,43.41409993155373,0.0,18.84848922495027,125,2.4613065047435074,porto_bananeira,-23.6747,-52.1172,23100.0,23272.28,high,284.0,668.9443,53.3712,23272.28,4.53741,2.66817,2.79534,0.58804,0.28179,0.0348,0.0,20.0,1.12676,son,223.05,4.27299,jja,1.86668,0.4114,2.01053,2.2639,0.57616,162.15,0.3762,5.6953,4.85,2.25581,18.1,10.64706,0.0,basic_volcanic_rocks,57.98,siliciclastic_sedimentary_rocks,35.68,0.58,0.1185,-13.6955,27.135,22.0388,50.8171,16.5761,929.9097,2235.6474,2.6202,0.3846,339.0,2.1379
64682000,43.32922655715264,0.005054972829521042,132.9058327526333,125,1.9095339039109736,japura_-_rio_dos_indios,-23.4414,-52.6047,818.0,813.812,high,290.0,460.4179,34.263,813.812,4.18078,2.79902,2.63546,0.6695,0.33754,0.0576,0.0,22.15,1.18767,djf,249.05,4.76651,jja,1.67637,0.40097,0.80092,0.78851,0.87413,175.6,1.0618,2.694,0.0,0.0,0.0,0.0,0.0,siliciclastic_sedimentary_rocks,94.62,basic_volcanic_rocks,5.38,0.0,0.2603,-12.737,58.0613,10.4627,31.5001,10.9732,1149.9898,2405.5139,10.5125,1.7181,0.0,0.0
64685000,44.33127994524298,0.0,20.71659982923868,125,3.383844895404706,porto_paraiso_do_norte,-23.3244,-52.6653,28400.0,28624.45,high,255.0,625.1688,49.4856,28624.45,4.46495,2.70375,2.76619,0.60555,0.29848,0.04518,0.0,19.7,1.12251,son,222.05,4.25791,jja,1.78805,0.40046,1.89297,1.86259,0.62864,165.0,0.4877,5.0476,2.8,2.54545,2.6,5.77778,0.0,basic_volcanic_rocks,57.15,siliciclastic_sedimentary_rocks,37.61,0.47,0.1287,-13.5528,30.1736,20.3884,49.4309,15.9946,978.6137,2215.2836,3.5077,0.5375,339.0,1.8146
64693000,44.33127994524298,0.0,25.541932349392617,125,3.3115354864070174,novo_porto_taquara,-23.1994,-53.3156,34400.0,34669.2,high,248.0,580.3525,45.9614,34669.2,4.36793,2.7275,2.74713,0.62444,0.31211,0.04823,0.0,19.2,1.11953,son,220.1,4.27794,jja,1.74024,0.39841,1.82698,1.68088,0.65854,165.95,0.55448,4.71848,2.35,2.47368,0.45,9.0,0.0,basic_volcanic_rocks,47.68,siliciclastic_sedimentary_rocks,46.51,0.39,0.1517,-13.3909,35.7141,18.5151,45.7744,14.9417,1024.9141,2256.159,4.7444,0.7469,339.0,1.5394
64700000,44.19438740588638,0.12216577871391401,107.21364978543677,125,2.893350396871689,ponte_rio_amambai,-22.9428,-55.2211,1830.0,1815.647,high,352.0,488.3896,23.0361,1815.647,4.42481,2.90798,2.70196,0.6572,0.42366,0.07947,0.0,22.4,1.15762,son,244.55,4.43829,jja,1.52849,0.34543,0.81903,1.01113,0.83749,176.2,0.8477,2.9153,0.05,1.0,0.0,0.0,0.0,basic_volcanic_rocks,92.27,siliciclastic_sedimentary_rocks,7.73,0.0,0.1037,-12.9996,36.7826,14.0491,49.1724,12.9671,1174.479,2457.3036,1.875,0.3361,0.0,0.0
64717000,44.58316221765914,0.09616801768607222,130.9136582956099,125,3.1231542482965473,navirai,-23.1322,-54.195,8970.0,8954.058,high,251.0,415.9912,21.9915,8954.058,4.15689,2.92649,2.70419,0.70401,0.4113,0.0691,0.0,19.85,1.1408,son,229.4,4.35708,jja,1.34948,0.32514,1.30216,0.97328,0.86349,173.94737,0.7875,2.2604,0.0,0.0,0.0,0.0,0.0,basic_volcanic_rocks,53.69,siliciclastic_sedimentary_rocks,46.31,0.0,0.1732,-12.9721,47.3178,11.7683,40.9293,11.9524,1145.0787,2469.879,3.0907,0.6275,0.0,0.0
64723000,44.7501711156742,0.0964209238299174,86.090170230803,125,2.40898650110815,porto_sao_domingos,-23.6486,-55.3894,1060.0,1085.518,high,320.0,411.8772,19.4224,1085.518,4.4705,2.88255,2.66003,0.64479,0.38526,0.07257,0.0,23.25,1.17722,son,249.3,4.64246,jja,1.90885,0.42699,1.07923,0.90273,0.82982,175.35,1.0997,3.5223,0.0,0.0,0.0,0.0,0.0,siliciclastic_sedimentary_rocks,63.76,basic_volcanic_rocks,36.24,0.0,0.2045,-12.616,56.3598,11.1718,32.4837,11.2183,1332.046,1850.9336,1.3631,0.1956,0.0,0.0
64764000,42.001368925393564,0.1055993742259305,10.111380984668585,125,1.5403539929063272,guampara,-24.9831,-52.2831,1690.0,1677.9,high,693.0,912.9999,46.5159,1677.9,5.11674,2.54908,2.81849,0.49818,0.15818,0.01135,0.0,22.0,1.16402,son,240.95,4.48279,jja,2.87548,0.56185,1.77745,2.54521,0.53341,181.4,0.4373,8.8893,6.10501,2.30189,41.6342,10.2716,0.0,basic_volcanic_rocks,97.8,acid_volcanic_rocks,2.2,0.0,0.09,-12.7603,16.4062,24.1596,59.4379,18.3172,879.7637,2415.6874,1.7339,0.1652,0.0,0.0
64767000,44.33127994524298,0.03804347826086957,6.025991960527117,125,1.4451246496140566,porto_carriel,-24.9467,-52.5964,3540.0,3545.68,high,423.0,807.6742,53.2016,3545.68,5.23104,2.57576,2.83393,0.4924,0.16762,0.0,0.0,21.75,1.15385,son,233.95,4.30847,jja,2.6458,0.50579,1.94163,2.6834,0.47477,167.45,0.4156,9.1753,11.55,2.11927,48.25,8.93519,0.0,basic_volcanic_rocks,98.96,acid_volcanic_rocks,1.04,0.0,0.09,-12.7523,17.6854,25.0356,57.2818,18.6189,801.1722,2789.333,2.0314,0.2104,0.0,0.0
64771500,42.001368925393564,0.0,5.505112569792157,125,1.8501586139197492,porto_guarani,-24.8661,-52.7628,4160.0,4137.902,high,381.0,772.1735,53.6483,4137.902,5.24636,2.5791,2.83522,0.4916,0.17274,0.0,0.0,21.65,1.16086,son,232.55,4.27089,jja,2.56894,0.48966,2.133,2.79684,0.47005,166.1,0.3755,9.1864,13.25,2.30435,57.85,9.56198,0.0,basic_volcanic_rocks,99.11,acid_volcanic_rocks,0.89,0.0,0.09,-12.7352,18.3416,25.103,56.5523,18.4553,791.3462,2809.6031,2.0905,0.223,0.0,0.0
64773000,44.24914442162902,0.0,5.359146646000859,125,1.4175731083715293,ponte_leoncio_primo,-24.7272,-52.3094,757.0,691.3014,medium,469.0,852.2587,66.7961,691.3014,5.24129,2.65059,2.7784,0.50571,0.19066,0.0227,0.0,22.5,1.14504,son,243.6,4.46972,jja,3.40044,0.64878,2.36514,3.25389,0.36442,170.95,0.2565,14.23674,24.4,2.39216,111.5,12.96512,0.0,basic_volcanic_rocks,85.12,acid_volcanic_rocks,14.88,0.0,0.09,-12.6445,21.0941,24.5682,54.341,17.9442,872.1456,3007.9248,1.8935,0.1526,0.0,0.0
64775000,42.496919917864474,0.0,8.677834716026608,125,1.8712388787070329,balsa_do_cantu,-24.7486,-52.7028,2520.0,2522.175,high,356.0,663.9647,53.2779,2522.175,5.25435,2.67492,2.73605,0.50909,0.21537,0.0268,0.0,21.25,1.14865,son,235.65,4.34779,jja,2.63744,0.50195,2.48829,2.59095,0.50325,169.7,0.4183,9.1556,9.35,1.96842,41.15,12.10294,0.0,basic_volcanic_rocks,95.93,acid_volcanic_rocks,4.07,0.0,0.09,-12.5824,22.2519,23.1966,54.548,16.7525,922.546,2806.8434,2.0232,0.2102,49.0,2.0181
64776100,43.41409993155373,0.15355994198145928,7.157800261382852,125,2.1106907426779067,foz_do_cantu,-24.7519,-52.8767,7650.0,7620.979,high,331.0,706.943,53.7098,7620.979,5.2409,2.60435,2.80982,0.49693,0.19397,0.02107,0.0,21.3,1.14209,son,227.65,4.21184,jja,2.43716,0.46503,2.28822,2.531,0.48244,170.55,0.35558,8.21084,10.0,2.10526,46.1,9.03922,0.0,basic_volcanic_rocks,98.17,acid_volcanic_rocks,1.83,0.0,0.09,-12.6785,20.0192,24.2569,55.7203,17.7924,832.5774,2826.6687,2.0965,0.2357,49.0,0.7228
64785000,43.24709103353867,0.009559382122056218,49.75143849082561,125,2.0207841119776897,ponte_do_goio_-_bang,-24.5544,-52.9014,1340.0,1339.931,high,361.0,601.1165,38.205,1339.931,4.89772,2.67907,2.62497,0.547,0.24608,0.0378,0.0,22.35,1.15504,son,241.1,4.43606,jja,1.86152,0.38008,1.24573,1.40919,0.80829,169.45,0.6901,3.8879,0.05,1.0,0.0,0.0,0.0,basic_volcanic_rocks,96.44,siliciclastic_sedimentary_rocks,3.56,0.0,0.0965,-12.9049,21.7821,19.2656,58.9513,16.3019,1277.7858,2219.4936,1.0217,0.1504,0.0,0.0
64795000,44.24914442162902,0.0,11.547818199183798,125,2.5182247500218766,ponte_do_piquiri,-24.5583,-53.1289,11200.0,11226.2,high,303.0,667.6466,50.7205,11226.2,5.17372,2.62661,2.76516,0.50768,0.20222,0.02653,0.0,20.6,1.13812,son,225.3,4.15683,jja,2.42516,0.46875,2.31148,2.44334,0.54923,166.0,0.378,7.6095,6.7,2.35088,35.2,14.08,0.0,basic_volcanic_rocks,98.33,acid_volcanic_rocks,1.25,0.0,0.0908,-12.7327,19.8455,23.0553,57.0926,17.5101,872.0847,2727.9783,1.9795,0.2236,49.0,0.4931
64799500,43.24709103353867,0.0018992149911369967,13.683311398304602,125,2.6736443766670415,novo_porto_2,-24.3781,-53.1619,12100.0,12078.81,high,289.0,657.0801,49.7935,12078.81,5.15697,2.63252,2.75664,0.51048,0.20283,0.02653,0.0,20.65,1.13462,son,225.1,4.15697,jja,2.62826,0.50965,1.95577,2.09559,0.5893,167.1,0.517,7.7321,4.5,1.91489,20.9,10.71795,0.0,basic_volcanic_rocks,98.45,acid_volcanic_rocks,1.16,0.0,0.0907,-12.7364,19.8499,22.7797,57.3637,17.5279,880.3239,2692.3675,2.0137,0.2099,49.0,0.4229
64810000,43.41409993155373,0.0,65.31874868994291,125,2.4565146548291708,balsa_do_goio_-_ere,-23.9167,-53.1331,2040.0,2046.024,high,346.0,500.955,30.8673,2046.024,4.28795,2.71397,2.61177,0.63293,0.26352,0.05114,0.0,21.55,1.1555,son,243.25,4.60265,jja,2.09254,0.488,1.65025,1.24307,0.80979,167.4,0.9361,4.1855,0.1,1.0,0.0,0.0,0.0,siliciclastic_sedimentary_rocks,58.53,basic_volcanic_rocks,41.1,0.0,0.1958,-12.8777,42.4592,13.516,44.0249,12.4183,1355.8868,1897.7055,4.5183,0.5916,0.0,0.0
64815000,44.32580424366872,0.0003705991352686844,85.92935721632905,125,3.1741210554977095,fazenda_uberaba,-24.1331,-53.3167,2960.0,2952.248,high,344.0,465.974,30.0679,2952.248,4.27939,2.75367,2.61303,0.64347,0.26654,0.0569,0.0,20.9,1.15152,son,240.25,4.53302,jja,1.74895,0.40869,1.62727,1.13691,0.81897,169.0,0.8151,3.4204,0.0,0.0,0.0,0.0,0.0,siliciclastic_sedimentary_rocks,68.45,basic_volcanic_rocks,30.5,0.0,0.2145,-12.7909,46.9673,12.661,40.3775,11.8307,1346.1671,1843.8517,4.3091,0.675,0.0,0.0
64820000,44.33127994524298,0.0,20.551888291928034,125,2.934793479144354,porto_formosa,-24.2,-53.3331,17400.0,17415.32,high,329.0,595.1075,44.1179,17415.32,4.91442,2.67281,2.70615,0.54387,0.21619,0.03707,0.0,20.85,1.15193,son,223.55,4.18241,jja,2.28568,0.4651,2.16545,1.81875,0.65408,165.5,0.5984,6.2918,1.55,1.47619,3.85,7.0,0.0,basic_volcanic_rocks,84.36,siliciclastic_sedimentary_rocks,14.65,0.0,0.1166,-12.7727,26.1615,20.0779,53.755,16.2536,1018.3766,2387.4331,2.5892,0.3104,49.0,0.3373
64830000,44.33127994524298,0.0,23.072964158494194,125,3.0136355513693767,balsa_santa_maria,-24.1881,-53.7461,20900.0,20946.81,high,245.0,565.0495,42.0858,20946.81,4.86673,2.69126,2.69523,0.55299,0.21655,0.03959,0.0,20.85,1.16156,son,223.25,4.19643,jja,2.19819,0.45168,2.16285,1.79316,0.67064,165.15,0.59648,5.74354,1.6,1.77778,2.9,7.25,0.0,basic_volcanic_rocks,85.4,siliciclastic_sedimentary_rocks,13.78,0.0,0.115,-12.8027,26.2867,19.4793,54.2282,16.3295,1047.1072,2383.0131,2.6116,0.3255,49.0,0.2916
64843000,35.00068446269678,0.010012515644555695,123.0126764172798,125,2.6469361879749163,guaira_porto,-24.0694,-54.2489,804000.0,758335.3,medium,214.0,630.4988,33.0184,758335.3,3.913,2.98343,2.69021,0.76244,0.86393,0.08805,0.0,5.35,1.08081,djf,150.1,4.8109,jja,1.26221,0.32257,1.53044,0.64498,0.87876,184.4,0.7743,1.8797,0.0,0.0,0.0,0.0,0.0,siliciclastic_sedimentary_rocks,47.41,basic_volcanic_rocks,17.92,0.29,0.1482,-13.2482,48.3699,14.6178,37.002,11.6691,1865.5412,2078.8098,10.7048,2.3236,235825.0,67.5
65006075,31.000684462696782,0.16250110394771702,69.93892273626433,125,1.750887723803274,pinhais,-25.4539,-49.1714,385.0,373.4279,high,877.0,934.2583,28.7723,373.4279,4.38905,2.57879,2.71737,0.58755,0.35571,0.01415,0.0,22.65,1.11852,djf,254.7,4.84681,jja,1.48051,0.33573,2.43855,1.70789,0.61541,166.88889,0.1527,4.396,2.51932,2.57895,28.12384,4.48361,0.0,unconsolidated_sediments,34.11,siliciclastic_sedimentary_rocks,27.22,0.0,0.1314,-11.8914,34.7208,22.6762,42.579,20.8297,1587.2704,1296.4867,18.4532,3.4148,58.0,28.7419
65009000,35.21149897330596,0.1552756395303631,22.381040145134985,125,1.0441561809866062,ponte_br-277,-25.4839,-49.1892,564.0,544.2497,high,876.0,933.5429,25.8632,544.2497,4.29078,2.57879,2.71737,0.60101,0.3419,0.01415,0.0,22.35,1.12594,djf,253.4,4.80835,jja,3.08403,0.72272,1.26974,2.01495,0.55368,166.7,0.6588,9.21068,5.45598,1.78689,17.71941,6.67925,0.0,unconsolidated_sediments,32.45,siliciclastic_sedimentary_rocks,28.23,1.74,0.13,-11.8858,35.6385,22.4244,41.9145,20.9505,1634.3074,1209.3186,26.4142,2.3465,58.0,9.4671
65010000,44.33127994524298,0.0,22.1608812748171,125,2.1105647174445545,fazendinha,-25.5192,-49.1456,106.0,107.9639,high,886.0,931.2018,25.3642,107.9639,4.75472,2.36355,2.90339,0.4971,0.35858,0.01325,0.0,23.05,1.14109,djf,258.45,5.01845,jja,2.28495,0.48056,0.71524,2.19649,0.60925,157.5,0.5506,6.1893,0.2,2.0,5.4,3.85714,0.0,acid_plutonic_rocks,48.46,metamorphics,20.89,0.0,0.0713,-12.9914,33.878,22.3176,43.7636,20.917,1410.6137,1523.1684,8.1847,0.9814,0.0,0.0
65015400,44.24914442162902,0.06230664521717609,39.14896182295319,125,2.688932049397491,cachoeira,-25.5892,-49.2281,272.0,257.0335,medium,872.0,931.3088,26.1255,257.0335,4.48012,2.42072,2.78049,0.54032,0.34385,0.01325,0.0,22.35,1.1374,djf,257.7,4.98453,jja,2.14954,0.47979,1.03048,2.28709,0.6436,162.95,0.5654,5.7437,0.3,6.0,4.1,5.46667,0.0,metamorphics,34.08,acid_plutonic_rocks,32.21,0.0,0.0687,-13.0161,32.3935,22.4206,45.1473,20.3542,1313.1489,1196.4318,8.1297,1.0362,0.0,0.0
65021000,40.83504449007529,0.12772376801877305,80.09848125013093,125,0.9919930304475184,jusante_aterro_sanitario,-25.3653,-49.3547,27.0,28.5718,medium,1000.0,1010.0,30.4875,28.5718,4.19001,2.5892,2.70053,0.61795,0.33439,0.0,0.0,24.1,1.14762,djf,272.75,5.5437,jja,1.40591,0.33554,1.21991,1.27538,0.80462,176.4,0.5655,2.9484,0.0,0.0,0.0,0.0,0.0,carbonate_sedimentary_rocks,78.51,metamorphics,16.53,78.51,0.0553,-12.3918,27.1005,23.8143,49.0545,18.9915,1339.1397,2234.3004,13.0114,2.5356,0.0,0.0
65021250,29.916495550992472,0.16884780818156858,59.54714998040598,125,1.0840167085094314,passauna_-_santa_felicidade,-25.3867,-49.3603,39.0,40.1467,high,920.0,1000.4231,29.2566,40.1467,4.19001,2.5892,2.70053,0.61795,0.33439,0.0,0.0,24.1,1.14762,djf,272.75,5.5437,jja,1.66199,0.3966,0.19347,0.98594,0.7768,172.4,0.6908,3.4111,0.05001,1.0,0.30004,2.0,0.0,carbonate_sedimentary_rocks,55.23,metamorphics,41.28,55.23,0.0423,-12.8867,28.5355,23.1432,48.2876,18.6859,1286.1191,2714.0682,24.4506,4.0306,0.0,0.0
65021770,44.33127994524298,0.11771245059288538,65.27916517438902,125,0.9968072754194842,colonia_dom_pedro,-25.4169,-49.3847,25.0,26.2434,high,911.0,982.0,26.5556,26.2434,4.11107,2.5892,2.70053,0.62981,0.31987,0.0,0.0,23.25,1.15385,djf,262.55,5.12793,jja,1.71197,0.41643,1.12994,1.01311,0.74075,168.05,0.7276,4.28322,1.4,1.12,0.0,0.0,0.0,metamorphics,53.03,carbonate_sedimentary_rocks,46.97,46.97,0.0343,-12.9819,28.9357,23.3535,47.6238,18.2741,1263.7297,1537.0586,2.4466,0.3915,0.0,0.0
65024000,35.00068446269678,0.1232008760951189,25.164017324191846,125,2.279365320174313,campina_das_pedras,-25.5744,-49.4297,180.0,188.4661,high,871.0,951.2434,26.1985,188.4661,4.05875,2.5892,2.70053,0.63793,0.30608,0.0,0.0,22.4,1.14872,djf,256.7,4.94605,jja,1.02287,0.25202,1.34944,2.3318,0.60352,158.15,0.1476,2.9459,0.4,2.66667,33.1,9.8806,0.0,metamorphics,60.89,carbonate_sedimentary_rocks,18.32,18.32,0.0588,-12.9903,31.6756,22.4281,45.8399,17.977,1193.3752,1908.5358,25.5488,6.8432,59.0,83.8506
65025000,44.33127994524298,0.0,32.83428559238618,125,3.212191497041311,guajuvira,-25.6003,-49.5133,2330.0,2314.519,high,864.0,926.5096,22.5189,2314.519,4.14126,2.5341,2.69211,0.61191,0.32722,0.0,0.0,20.9,1.12973,djf,243.0,4.63298,jja,1.99393,0.48148,1.67627,1.90289,0.6527,165.2,0.5672,5.2517,0.2,4.0,2.35,4.27273,0.0,metamorphics,41.53,unconsolidated_sediments,22.69,4.23,0.0947,-12.4978,33.6471,22.5276,43.7834,20.1544,1399.4424,1199.8151,26.5651,3.6501,117.0,6.9458
65027000,44.24914442162902,0.049065709689394874,37.60727502818182,125,2.7012588572284457,rodeio,-25.5797,-49.5831,231.0,231.2387,high,868.0,934.4858,23.1818,231.2387,4.02941,2.51572,2.67254,0.62434,0.30408,0.0,0.0,21.85,1.15915,djf,255.75,4.86217,jja,1.88553,0.46794,1.74304,1.87432,0.61171,161.8,0.4697,5.645,1.5,1.875,9.15,8.31818,0.0,metamorphics,66.9,siliciclastic_sedimentary_rocks,9.97,6.16,0.067,-13.2181,30.3562,23.3616,46.2024,17.9166,1120.7289,1717.6405,5.0907,0.7397,31.0,19.4794
65060000,37.497604380561256,0.0,32.155042299093644,125,3.4148343537367785,sao_mateus_do_sul,-25.8758,-50.3897,6050.0,5996.266,high,764.0,894.9529,28.4099,5996.266,4.15813,2.4624,2.65223,0.59219,0.26826,0.0,0.0,19.45,1.12428,djf,233.25,4.37207,jja,1.93579,0.46554,2.11131,2.34835,0.65757,163.5,0.4681,4.49552,1.15,7.66667,6.8,9.06667,0.0,siliciclastic_sedimentary_rocks,53.29,metamorphics,23.1,2.46,0.1415,-13.6727,30.2731,23.9706,45.7213,18.7637,1206.3332,1437.8026,11.3365,1.6044,149.0,3.5169
65095000,30.496919917864478,0.0,36.72656632634246,125,3.2080622701673494,rio_preto_do_sul,-26.2156,-49.6036,2610.0,2582.629,high,795.0,899.0816,33.0336,2582.629,4.4034,2.33314,2.73333,0.52985,0.22924,0.00579,0.0,19.55,1.18485,djf,237.15,4.216,jja,2.01427,0.45744,1.83741,1.84439,0.67349,163.15,0.5075,5.1098,0.3,3.0,12.15,11.57143,0.0,siliciclastic_sedimentary_rocks,62.47,metamorphics,18.74,0.0,0.132,-14.3426,29.8135,24.6125,45.5338,22.1538,1004.4082,1495.1389,1.7147,0.2332,0.0,0.0
65100000,37.497604380561256,0.0,35.92264519721304,125,3.7192933948705185,rio_negro,-26.1097,-49.8011,3450.0,3419.215,high,780.0,892.0228,32.2244,3419.215,4.35889,2.31409,2.716,0.53089,0.22647,0.0,0.0,19.55,1.18485,son,235.85,4.18174,jja,1.99202,0.457,1.97818,1.86021,0.65781,163.0,0.5352,5.54218,0.5,10.0,5.8,9.66667,0.0,siliciclastic_sedimentary_rocks,71.61,metamorphics,14.17,0.0,0.1462,-14.5521,29.1511,24.9465,45.8659,21.4422,993.1133,1481.1555,1.6325,0.2245,0.0,0.0
65135000,43.32922655715264,0.00398079110324782,44.75983589918449,125,2.7601151535200485,rio_da_varzea_dos_lima,-25.9344,-49.3931,605.0,599.025,high,813.0,917.7293,32.7257,599.025,4.23721,2.4003,2.76607,0.56648,0.30169,0.0,0.0,22.35,1.13165,djf,251.55,4.71509,jja,1.97939,0.46714,2.08444,1.75009,0.66948,165.0,0.6287,5.5278,0.0,0.0,0.0,0.0,0.0,metamorphics,33.09,intermediate_plutonic_rocks,24.29,0.0,0.0461,-13.4144,30.9655,22.7731,46.1955,21.1605,1084.584,1123.0727,2.5536,0.3535,0.0,0.0
65136550,43.21697467488022,0.12011403230915427,53.07945905108126,125,3.1388086358699683,quitandinha,-25.855,-49.5258,939.0,948.932,high,814.0,900.9542,30.4896,948.932,4.16984,2.40534,2.70283,0.57684,0.29198,0.0,0.0,22.55,1.15051,djf,249.65,4.68386,jja,1.9094,0.45791,2.18968,1.57285,0.69714,165.25,0.59766,4.69468,0.35,3.5,0.2,4.0,0.0,metamorphics,35.9,acid_plutonic_rocks,35.85,0.0,0.0329,-13.6683,31.078,22.6168,46.2501,20.2429,1058.1366,1204.6008,2.6311,0.3775,0.0,0.0
65180000,43.41409993155373,0.01778394399949549,29.725342797895674,125,2.78381190263942,salto_canoinhas,-26.3722,-50.2881,772.0,766.1714,high,769.0,898.5903,50.3189,766.1714,4.37958,2.34603,2.80872,0.53568,0.1358,0.0397,0.0,21.3,1.22414,son,246.7,4.52661,jja,2.18507,0.49892,2.01394,2.89094,0.51742,152.9,0.3424,6.4134,4.75,5.58824,33.7,10.69841,0.0,siliciclastic_sedimentary_rocks,81.54,unconsolidated_sediments,10.97,0.0,0.1723,-14.6468,25.3728,26.5189,48.0926,23.7663,889.1396,1404.8422,1.0468,0.1313,0.0,0.0
65220000,37.497604380561256,0.0,40.42636306316969,125,3.7206110656601745,fluviopolis,-26.0192,-50.5925,18600.0,18470.7,high,780.0,871.8461,30.2026,18470.7,4.28287,2.39224,2.6628,0.55856,0.22327,0.00983,0.0,18.9,1.16667,son,225.65,4.24154,jja,1.93216,0.45114,2.17535,2.19804,0.65243,160.25,0.424,5.1539,0.55,11.0,12.65,13.31579,0.0,siliciclastic_sedimentary_rocks,66.36,metamorphics,13.52,2.12,0.1464,-14.3333,28.2439,24.8323,46.8951,19.3146,1079.4235,1354.2226,4.7739,0.6769,149.0,1.1438
65310000,37.497604380561256,0.0,42.0339368523438,125,3.18602631085532,uniao_da_vitoria,-26.2281,-51.0803,24200.0,24053.72,high,753.0,888.6992,34.7444,24053.72,4.33207,2.38831,2.67333,0.55131,0.20039,0.01778,0.0,18.4,1.17197,son,222.45,4.16573,jja,2.02016,0.46633,1.97313,2.27356,0.65222,159.45,0.4179,5.35434,0.4,8.0,17.15,11.82759,0.0,siliciclastic_sedimentary_rocks,62.26,basic_volcanic_rocks,10.47,1.63,0.1485,-14.1225,27.0328,25.1492,47.7976,20.2375,1056.4224,1387.274,3.9293,0.5329,241.0,1.3588
65809000,42.96235455167693,0.12101707876625031,8.265409841928824,125,1.6851973276829217,eta_-_guarapuava,-25.3978,-51.4358,314.0,308.3815,high,972.0,1148.7078,39.5774,308.3815,4.8739,2.49725,2.91972,0.51237,0.18649,0.0,0.0,22.6,1.16195,son,251.75,4.67937,jja,2.59923,0.5333,1.83517,2.30679,0.52613,163.95,0.3695,8.2006,6.2,1.67568,34.35,5.40945,0.0,basic_volcanic_rocks,100.0,,0.0,0.0,0.09,-12.5,15.632,24.5498,59.8089,19.5681,914.5893,1806.0156,1.6223,0.171,0.0,0.0
65855000,31.000684462696782,0.0015896847125320146,6.074985445965614,125,0.7894257053085665,usina_cavernoso,-25.4925,-52.2139,1490.0,1511.283,high,577.0,842.7165,44.09,1511.283,5.21762,2.57489,2.70152,0.4935,0.14072,0.0,0.0,20.95,1.16066,son,239.75,4.30431,jja,2.41488,0.4645,2.929,2.40272,0.56823,171.0,0.3121,7.0528,4.00988,2.0,43.65758,9.89773,0.0,basic_volcanic_rocks,96.8,acid_volcanic_rocks,3.2,0.0,0.09,-12.6689,15.1825,25.2619,59.5644,19.1767,900.6528,2291.6317,1.3804,0.1566,19.0,1.4263
65925000,43.41409993155373,0.0010090180992621556,20.485204766280848,125,2.6548627600098227,salto_claudelino,-26.2781,-52.2956,1660.0,1642.416,high,810.0,1095.4401,31.4308,1642.416,5.25829,2.48442,2.76908,0.47248,0.08479,0.0396,0.0,22.35,1.2314,son,238.85,4.22743,jja,3.20184,0.60891,1.82386,2.24256,0.54385,161.5,0.539,10.4828,6.55,2.22034,29.5,8.30986,0.0,basic_volcanic_rocks,100.0,,0.0,0.0,0.09,-12.5857,14.5751,25.2314,60.2024,26.9463,814.2086,1803.6163,0.9371,0.0802,0.0,0.0
65945000,44.33127994524298,0.0,26.038236920975383,125,1.5068925694820627,ponte_do_vitorino,-26.0506,-52.8008,554.0,551.4279,high,533.0,725.48,39.4926,551.4279,5.4867,2.61843,2.64343,0.47723,0.09614,0.0262,0.0,22.95,1.19843,son,244.5,4.27822,jja,2.4656,0.44938,1.93606,1.94228,0.64914,173.2,0.5752,7.1974,1.55,1.55,10.1,6.73333,0.0,basic_volcanic_rocks,100.0,,0.0,0.0,0.09,-12.8297,10.9168,23.6857,65.3974,23.8834,693.9915,2280.6661,2.3151,0.2572,0.0,0.0
65948000,43.41409993155373,0.007946017531689475,6.611700485563369,125,1.5172670573907774,ponte_marmeleiro_mte._eta,-26.1525,-53.02,272.0,273.2533,high,628.0,776.9102,48.0052,273.2533,5.62077,2.60011,2.69168,0.46259,0.10079,0.0215,0.0,23.65,1.22539,son,249.45,4.45049,jja,4.64865,0.82705,1.97154,3.4475,0.36338,158.8,0.2163,18.9264,23.05,3.01307,120.95,12.86702,0.0,basic_volcanic_rocks,100.0,,0.0,0.0,0.09,-12.8455,13.5211,24.481,61.973,26.6221,511.9744,2694.6414,2.027,0.1195,0.0,0.0
65960000,41.497604380561256,0.08649468892261002,19.51205009304299,125,3.12821122668855,aguas_do_vere,-25.7692,-52.9267,6690.0,6685.487,high,418.0,808.0978,40.0777,6685.487,5.41165,2.58416,2.69818,0.47752,0.09049,0.02753,0.0,21.05,1.20977,son,229.4,4.02456,jja,2.90441,0.5367,1.79809,2.30976,0.56421,170.55,0.4425,9.38684,4.7,2.18605,35.75,10.21429,0.0,basic_volcanic_rocks,99.95,intermediate_volcanic_rocks,0.05,0.0,0.09,-12.728,13.998,24.8805,61.1234,23.6467,728.9334,2216.7875,2.0577,0.1941,2.0,0.0282
65979000,42.98973305954826,0.00796076932874793,17.031039652961486,125,1.9773314872466272,sao_sebastiao,-25.4339,-53.5178,1310.0,1309.97,high,289.0,593.1324,53.5539,1309.97,5.28477,2.67078,2.72038,0.50537,0.17804,0.0412,0.0,22.35,1.17016,son,242.1,4.35824,jja,2.81087,0.53188,1.84606,2.23805,0.54377,163.25,0.4433,8.9237,6.7,2.16129,31.75,10.24194,0.0,basic_volcanic_rocks,100.0,,0.0,0.0,0.09,-12.6009,19.6628,23.331,57.0052,17.9128,720.107,3021.059,3.6011,0.351,4.0,0.2976
65986000,31.748117727583846,0.16807519834425663,30.578241073081596,125,2.070547732786824,estreito_do_iguacu_novo,-25.5597,-53.8444,63300.0,63194.82,high,216.0,827.9092,44.7415,63194.82,4.90879,2.49972,2.74509,0.50923,0.15138,0.02474,0.0,17.2,1.16216,son,207.85,3.82781,jja,2.41091,0.49114,2.40582,1.35206,0.67594,168.35,0.7206,6.3827,1.2,2.66667,4.15,3.77273,0.0,basic_volcanic_rocks,62.7,siliciclastic_sedimentary_rocks,24.32,0.62,0.1145,-13.1902,21.3287,25.1594,53.5072,21.0275,900.49,1913.5385,2.707,0.3076,21619.0,38.8759
65987000,42.001368925393564,0.12782739065249984,42.64120310147974,125,1.826865946087588,uhe_itaipu_porto_capanema,-25.5667,-53.9331,63900.0,63830.27,high,274.0,823.1438,44.6922,63830.27,4.91143,2.50134,2.74736,0.50929,0.15128,0.02474,0.0,17.25,1.16162,son,207.4,3.81952,jja,2.47487,0.50376,1.87395,1.40734,0.67849,171.05263,0.7377,6.22002,1.1148,1.83333,4.20585,3.45833,0.0,basic_volcanic_rocks,63.07,siliciclastic_sedimentary_rocks,24.07,0.62,0.1142,-13.1833,21.3444,25.1327,53.5182,21.0118,900.7883,1917.109,2.7134,0.3004,21619.0,37.4942
65993000,40.0,0.0732375085557837,32.9126360033667,125,2.2955753601874616,salto_cataratas,-25.6831,-54.4331,67100.0,67014.78,high,220.0,799.0004,44.0133,67014.78,4.92165,2.51249,2.75625,0.5105,0.15,0.0264,0.0,17.2,1.1661,son,206.85,3.81994,jja,2.40611,0.48888,2.3196,1.39851,0.68399,168.05,0.737,6.2142,1.2,1.84615,5.2,4.95238,0.0,basic_volcanic_rocks,63.03,siliciclastic_sedimentary_rocks,22.91,0.59,0.1144,-13.1784,21.5699,25.0271,53.3983,21.1111,914.7434,1928.4481,2.7299,0.3108,21619.0,36.733
66006000,44.7501711156742,0.03676965432854084,69.54052378218077,125,1.779106641606009,nortelândia,-14.4517,-56.8142,1600.0,1647.129,high,213.0,386.3567,19.168,1647.129,5.08039,3.2513,2.96751,0.63997,0.80231,0.1945,0.0,11.75,1.13527,djf,191.2,4.3954,jja,2.24253,0.43824,3.85513,1.94581,0.74814,180.61111,0.5245,5.77,0.10225,1.0,9.81635,7.11111,2e-05,siliciclastic_sedimentary_rocks,70.28,basic_volcanic_rocks,25.44,0.0,0.2217,-13.0,55.4946,12.9514,31.5502,8.3123,2647.9558,1003.5337,1.0678,0.1305,6.0,0.445
66160000,37.002053388090346,0.06311505734369219,9.043577320878056,125,1.8480956710667016,quebo,-14.6536,-56.1322,4260.0,4334.958,high,206.0,367.1112,35.5119,4334.958,4.77278,3.32342,2.80939,0.69633,0.9201,0.19298,0.0,12.95,1.16667,djf,184.3,4.61327,jja,2.00488,0.42614,2.29798,3.67164,,164.61111,0.30462,7.58,18.20462,2.90756,71.18745,10.57031,0.0,siliciclastic_sedimentary_rocks,80.27,carbonate_sedimentary_rocks,18.42,18.42,0.1642,-14.447,55.3994,16.7973,27.8256,8.381,2355.2387,1209.0558,0.7007,0.0958,0.0,0.0
66260001,37.002053388090346,0.0,33.106925309601614,125,2.399001842638561,cuiaba,-15.6156,-56.1086,23500.0,23486.51,high,156.0,375.063,31.8222,23486.51,4.22765,3.36008,2.836,0.79479,0.87957,0.18604,0.0,9.75,1.12717,djf,170.95,4.67077,jja,1.5114,0.3575,2.18283,2.24364,0.71243,174.05,0.371,4.44234,1.4,5.6,0.15,1.5,0.0,siliciclastic_sedimentary_rocks,69.83,metamorphics,18.11,6.53,0.155,-14.4638,57.1802,16.1037,26.7273,8.7492,2252.3332,1413.1289,1.675,0.3036,6533.0,50.4223
67100000,44.7501711156742,0.001896604466197614,251.5827472839291,125,1.904291193564654,porto_murtinho,-21.7003,-57.8911,576000.0,565154.2,high,80.0,250.4358,16.2115,565154.2,3.13334,3.19422,2.5535,1.01943,0.85786,0.14287,0.0,8.05,1.06623,djf,165.5,4.68175,jja,0.3837,0.12266,1.41454,1.03159,0.92823,205.26316,0.194,0.6387,0.0,0.0,0.0,0.0,0.0,unconsolidated_sediments,39.9,siliciclastic_sedimentary_rocks,27.23,2.32,0.1921,-12.1176,53.8352,19.3534,26.8124,10.7478,2612.4793,178.9019,1.5403,1.0998,7240.0,9.1471
70100000,44.498288843258045,0.0026456654156155786,4.87528561384,125,1.155770180465882,despraiado,-28.3694,-49.8025,533.0,515.2479,high,1096.0,1394.9449,76.343,515.2479,4.43515,2.31598,2.74103,0.52219,0.15398,0.0579,0.0,22.35,1.17016,djf,255.05,4.63727,jja,2.69079,0.60701,1.29974,2.42584,0.46784,161.77778,0.3966,8.0726,8.83955,1.5625,39.44963,6.61864,0.0,basic_volcanic_rocks,100.0,,0.0,0.0,0.09,-12.5005,27.264,27.7781,44.9532,29.5877,983.1275,2532.3257,0.8607,0.0876,0.0,0.0
70200000,44.498288843258045,0.0018458130806620317,5.116814557082168,125,1.3994821452072213,invernada_velha,-28.4394,-50.3019,2820.0,2768.006,high,810.0,1210.008,70.6396,2768.006,4.66357,2.34898,2.633,0.50369,0.13883,0.0579,0.0,21.4,1.20904,son,242.45,4.18017,jja,2.61447,0.56191,1.56566,2.3684,0.46733,168.44444,0.3714,8.1198,9.02537,1.44355,39.27799,6.83333,0.0,basic_volcanic_rocks,65.38,acid_volcanic_rocks,34.62,0.0,0.09,-12.5001,26.2216,28.0077,45.7615,27.0637,951.1561,2475.6775,0.94,0.0985,0.0,0.0
70300000,44.498288843258045,0.04952931766443118,4.139365150203568,125,0.8978246975145171,fazenda_mineira,-28.09,-50.0611,1170.0,1158.106,high,982.0,1299.6477,74.9324,1158.106,4.45047,2.35929,2.78818,0.53012,0.08393,0.05477,0.0,22.05,1.20163,son,248.9,4.39365,jja,2.87682,0.6464,1.7455,2.89969,0.39402,175.47059,0.316,9.9165,13.73965,1.69182,70.79241,5.79916,0.0,basic_volcanic_rocks,100.0,,0.0,0.0,0.09,-12.5,25.1902,27.684,47.1238,27.7224,880.7613,2709.25,1.3845,0.1319,0.0,0.0
70500000,44.498288843258045,0.10724173998646404,10.033137053433762,125,1.5230285542006832,coxilha_rica,-28.1614,-50.4428,550.0,536.0328,high,934.0,1108.3566,35.9394,536.0328,4.53734,2.4228,2.53728,0.53397,0.05033,0.05695,0.0,23.1,1.2,son,252.6,4.51071,jja,3.18101,0.70691,2.28308,2.40641,0.4204,177.4,0.3198,11.80596,15.03387,1.74545,62.22352,7.5443,0.0,basic_volcanic_rocks,100.0,,0.0,0.0,0.09,-12.5,22.901,27.2641,49.8623,24.6669,939.8243,1760.8896,2.1189,0.1825,0.0,0.0
71200000,44.498288843258045,0.009475173814065097,20.554082866435643,125,2.502400484030219,vila_canoas,-27.8028,-49.7786,1010.0,1003.974,high,848.0,1188.4726,123.9397,1003.974,4.34583,2.30877,2.80786,0.53126,0.13131,0.03265,0.0,21.6,1.16757,djf,248.7,4.453,jja,3.15836,0.72676,1.60534,2.44469,0.54847,158.3,0.6137,10.20106,1.5,3.33333,19.75,7.7451,0.0,siliciclastic_sedimentary_rocks,56.63,basic_volcanic_rocks,40.97,0.0,0.1619,-13.0146,29.0536,28.6267,42.3092,27.3272,904.721,2105.6281,1.6595,0.144,0.0,0.0
71250000,44.498288843258045,0.0018458130806620317,17.17888056414516,125,2.6891271220266058,ponte_do_rio_joao_paulo,-27.8297,-49.6269,489.0,488.1934,high,856.0,1114.3247,129.7475,488.1934,4.34493,2.27706,2.8455,0.52407,0.15448,0.03635,0.0,21.9,1.17742,djf,253.15,4.54897,jja,2.60114,0.59866,1.99599,2.39686,0.48121,158.2,0.3755,9.5657,6.75,2.5,40.1,6.91379,0.0,siliciclastic_sedimentary_rocks,91.51,basic_volcanic_rocks,8.49,0.0,0.1582,-14.7969,29.1308,28.355,42.5131,27.3723,915.5215,2165.3799,1.0698,0.1127,0.0,0.0
71300000,44.498288843258045,0.0,27.503657352855466,125,3.1992564504136074,rio_bonito,-27.7022,-49.84,2000.0,1981.574,high,852.0,1110.9737,111.3567,1981.574,4.34399,2.29432,2.84289,0.52816,0.13577,0.0473,0.0,20.7,1.15966,djf,245.6,4.33157,jja,2.67308,0.61535,1.62715,2.39082,0.58002,160.6,0.5343,7.54088,0.6,3.0,18.4,9.68421,0.0,siliciclastic_sedimentary_rocks,74.65,basic_volcanic_rocks,24.13,0.0,0.161,-14.0486,29.0524,28.325,42.6162,25.9085,915.4151,1859.4085,1.341,0.1374,0.0,0.0
71350001,44.498288843258045,0.1010890297175906,28.9751917438459,125,3.42051594350539,encruzilhada_ii,-27.5078,-50.1128,3230.0,3314.156,high,843.0,1029.6564,83.0752,3314.156,4.36584,2.28051,2.80987,0.52235,0.12592,0.0473,0.0,21.1,1.18207,djf,240.1,4.23457,jja,2.50499,0.57377,1.35631,2.56676,0.58501,158.8,0.5182,7.1632,0.1,1.0,16.2,9.81818,0.0,siliciclastic_sedimentary_rocks,82.41,basic_volcanic_rocks,16.65,0.03,0.1665,-14.4993,28.9779,28.0889,42.9275,23.7874,941.2252,1468.002,1.4297,0.1564,0.0,0.0
71383000,37.83436002737851,0.0,29.980913866054067,125,3.2965361637123842,ponte_alta_do_sul,-27.4858,-50.3917,4610.0,4698.219,high,836.0,990.8031,68.8791,4698.219,4.38803,2.27873,2.78571,0.51931,0.12129,0.05115,0.0,21.75,1.19178,son,236.8,4.16535,jja,2.40822,0.54882,1.61048,2.46579,0.59743,157.1,0.4535,7.03664,0.0,0.0,22.15,10.80488,0.0,siliciclastic_sedimentary_rocks,85.13,basic_volcanic_rocks,12.58,0.27,0.1699,-14.6402,29.0748,27.8614,43.0611,22.5338,954.4622,1368.6532,1.4896,0.1695,0.0,0.0
71498000,42.32991101984942,0.0,26.265631351411553,125,2.6455019308283463,passo_marombas,-27.3339,-50.7539,3680.0,3623.569,high,785.0,1019.3209,41.6809,3623.569,4.60493,2.3576,2.79069,0.51197,0.11618,0.04955,0.0,22.0,1.20879,son,237.55,4.31125,jja,2.40975,0.5233,1.65369,2.00962,0.61543,158.85,0.5435,6.783,1.45,2.23077,12.9,5.375,0.0,basic_volcanic_rocks,97.74,siliciclastic_sedimentary_rocks,2.26,0.0,0.0936,-12.5802,21.2303,26.3715,52.4302,23.2167,895.0686,1982.541,2.5213,0.2867,118.0,3.7024
71550000,32.77754962354552,0.0,25.4897189994904,125,2.8979239743418526,passo_caru,-27.5381,-50.86,10000.0,10035.29,high,794.0,986.4555,54.8716,10035.29,4.51324,2.31203,2.77517,0.51228,0.11334,0.05035,0.0,20.85,1.19143,son,228.65,4.17245,jja,2.52277,0.55897,1.73035,2.51894,0.58372,158.0,0.4029,7.4736,1.7,2.61538,28.95,10.15789,0.0,basic_volcanic_rocks,55.22,siliciclastic_sedimentary_rocks,43.71,0.13,0.133,-13.6138,25.1859,27.1977,47.63,22.5669,935.3528,1675.3382,1.9048,0.2069,118.0,1.277
72430000,44.498288843258045,0.011382513997415862,17.72726214266054,125,3.395490759299021,passo_do_granzotto,-27.8786,-51.7547,1620.0,1625.554,high,593.0,742.6307,32.5322,1625.554,5.06403,2.41923,2.49074,0.47773,0.01304,0.07777,0.0,21.9,1.17742,son,245.95,4.38023,jja,2.47505,0.48992,1.91641,2.28319,0.55639,179.0,0.5006,7.9565,7.76367,2.45161,17.41718,8.74359,0.0,basic_volcanic_rocks,100.0,,0.0,0.0,0.09,-12.818,17.0872,26.4666,56.4762,20.5656,1045.2003,1909.8742,1.5918,0.1762,0.0,0.0
72630000,44.498288843258045,0.013228327078077893,15.97880153286118,125,2.0733257657479522,passo_santa_tereza,-27.7067,-51.8853,2800.0,2804.367,high,423.0,659.5102,41.4711,2804.367,5.16779,2.463,2.51868,0.47661,0.01198,0.0948,0.0,21.8,1.1689,son,241.55,4.15034,jja,2.46978,0.47792,1.91169,2.21178,0.52285,172.35,0.3723,8.4356,9.75,1.91176,37.35,10.67143,0.0,basic_volcanic_rocks,90.61,acid_volcanic_rocks,9.39,0.0,0.09,-12.8343,18.1126,26.3977,55.4939,22.2887,892.6823,2184.145,2.6069,0.2892,0.0,0.0
72680000,44.498288843258045,0.013228327078077893,15.044696785642671,125,2.3940489388165793,passo_colombelli,-27.5619,-51.8578,3660.0,3661.316,high,402.0,650.4278,45.064,3661.316,5.14405,2.46785,2.5325,0.47975,0.0139,0.0948,0.0,21.75,1.17886,son,239.8,4.13092,jja,2.78422,0.54125,1.71444,2.32176,0.5041,173.25,0.4046,9.84244,9.9,2.12903,42.7,13.13846,0.0,basic_volcanic_rocks,90.41,acid_volcanic_rocks,7.2,0.0,0.09,-12.8069,18.2078,26.3381,55.4565,22.2839,877.7047,2313.3906,2.8142,0.2769,0.0,0.0
72715000,44.498288843258045,0.00449147849627761,15.240985428041949,125,1.6602183177747158,rio_das_antas,-26.8958,-51.0756,801.0,801.9351,high,810.0,1044.6992,42.0462,801.9351,4.66262,2.42165,2.8245,0.51938,0.12376,0.0558,0.0,22.05,1.19512,son,246.8,4.48727,jja,2.35573,0.50361,2.01744,3.1313,0.4721,144.05882,0.1865,8.8062,11.70443,2.23529,96.15084,9.55612,1e-05,basic_volcanic_rocks,100.0,,0.0,0.0,0.09,-12.5206,20.5954,25.9046,53.5269,22.4115,902.3121,1637.2681,4.1893,0.4872,23.0,3.3356
72810000,44.498288843258045,0.001907340183350766,14.378721646510002,125,1.7757399947329655,tangara,-27.0881,-51.2581,2010.0,1996.005,high,684.0,1002.0886,53.2468,1996.005,4.80297,2.42365,2.81396,0.50462,0.12832,0.059,0.0,22.25,1.20596,son,240.55,4.36174,jja,2.48211,0.51746,2.43308,2.57473,0.48202,153.38889,0.318,8.9042,11.20585,1.94737,52.84919,7.27083,0.0,basic_volcanic_rocks,100.0,,0.0,0.0,0.09,-12.6418,19.7846,26.7064,53.5273,22.431,872.9682,2138.5473,4.9605,0.5475,23.0,1.2719
72849000,44.498288843258045,0.13499046329908324,11.569082427544881,125,1.890270153733163,joacaba_i,-27.1594,-51.4811,3710.0,3718.665,high,537.0,954.6304,62.9912,3718.665,4.91829,2.40559,2.79206,0.48911,0.12453,0.059,0.0,21.4,1.22989,son,235.6,4.20714,jja,2.3015,0.46693,2.30361,2.662,0.45928,160.42105,0.2766,8.5416,14.80947,2.19403,59.38902,7.46203,0.0,basic_volcanic_rocks,100.0,,0.0,0.0,0.09,-12.6677,18.6946,27.12,54.2009,22.5469,882.2667,2484.9663,4.5069,0.5365,26.0,0.8323
72870000,39.32922655715264,0.01928297946397494,9.102859900901283,125,1.5779659748914476,barra_do_rio_pardo,-27.3156,-51.5267,420.0,434.4838,high,548.0,818.3639,47.8966,434.4838,4.95291,2.51306,2.53455,0.50739,0.0881,0.0613,0.0,22.4,1.23416,son,250.85,4.49552,jja,2.56084,0.51642,1.75443,2.4042,0.42677,172.88235,0.139,9.18283,16.89047,2.85088,56.75199,4.2,0.0,basic_volcanic_rocks,100.0,,0.0,0.0,0.09,-12.9493,15.0732,27.7705,57.1757,22.0575,1051.2486,2375.3681,2.5818,0.2762,37.0,9.1107
73300000,44.498288843258045,0.002399557004860641,16.524329607672303,125,1.8930465314821798,bonito,-26.9486,-52.1825,654.0,636.0369,high,637.0,1016.4243,65.3151,636.0369,5.57995,2.43052,2.77694,0.43558,0.0987,0.05527,0.0,21.85,1.19726,son,244.55,4.28659,jja,3.23877,0.57984,1.62255,2.22019,0.49883,163.4,0.5051,11.6579,10.77803,2.62195,32.18371,8.56,0.0,basic_volcanic_rocks,62.63,intermediate_volcanic_rocks,37.37,0.0,0.09,-12.5907,17.7744,26.615,55.6091,26.0705,800.0839,2746.4942,2.7134,0.2295,116.0,15.4278
73330000,35.162217659137575,0.00350385423966363,12.833762192354571,125,1.4778283071120255,passo_alto_irani,-26.9694,-52.3669,933.0,931.0657,high,485.0,948.2247,77.632,931.0657,5.78791,2.43052,2.77694,0.41993,0.07892,0.05527,0.0,21.35,1.19608,son,240.75,4.20524,jja,3.1084,0.53653,1.74605,2.39133,0.48448,163.15,0.4803,10.9982,11.27934,1.93966,34.28918,8.76923,0.0,basic_volcanic_rocks,67.23,intermediate_volcanic_rocks,32.77,0.0,0.09,-12.5618,17.4745,27.1188,55.4102,25.0546,777.2475,2933.8835,3.3832,0.2982,116.0,10.9812
73350000,44.41615331964408,0.0042532207359921095,11.932553071736496,125,1.5746714882620343,barca_irani,-27.1656,-52.5228,1500.0,1478.877,high,302.0,840.2994,83.2112,1478.877,5.82719,2.48124,2.72339,0.4258,0.06473,0.0498,0.0,21.75,1.19505,son,237.55,4.14211,jja,3.10773,0.53342,1.86316,2.53642,0.49611,166.10526,0.4261,10.3106,9.37567,1.79808,41.81448,7.44643,0.0,basic_volcanic_rocks,71.28,intermediate_volcanic_rocks,28.72,0.0,0.09,-12.5389,18.0069,27.1592,54.8441,23.9618,756.0722,3039.0059,4.6786,0.4125,192.0,11.4454
73550000,30.581793292265573,0.0,23.362211558236464,125,2.667589888936101,passo_caxambu,-27.1711,-52.8675,52400.0,52443.39,high,239.0,866.8665,55.6704,52443.39,4.87584,2.39637,2.64926,0.49148,0.06663,0.06471,0.0,19.25,1.2069,son,217.4,3.88561,jja,2.28495,0.46863,1.73362,2.15344,0.60366,170.95,0.5007,6.548,3.8,2.30303,13.5,8.4375,0.0,basic_volcanic_rocks,84.09,siliciclastic_sedimentary_rocks,9.06,0.02,0.0996,-12.852,21.3194,27.0952,51.5974,22.974,939.9682,2183.3035,2.4785,0.2972,17244.0,39.4256
73600000,44.498288843258045,0.0,25.152942567433648,125,2.7558355212725485,abelardo_luz,-26.5606,-52.3258,1840.0,1832.914,high,743.0,1096.748,37.1591,1832.914,5.36115,2.49906,2.75367,0.46614,0.09331,0.05058,0.0,20.8,1.1954,son,236.35,4.13561,jja,3.52438,0.65655,1.93506,1.9157,0.59404,156.77778,0.7706,10.8071,2.39025,2.04348,11.54438,5.27907,0.0,basic_volcanic_rocks,79.07,intermediate_volcanic_rocks,20.68,0.0,0.09,-12.5831,16.4865,25.967,57.5553,25.3476,901.6997,1906.0467,1.5223,0.1183,50.0,2.1206
73690001,40.48733744010951,0.0,18.173968050024932,125,2.0382055127350474,coronel_passos_maia,-26.7733,-52.0253,740.0,744.046,high,802.0,1111.5329,45.4282,744.046,5.43232,2.39996,2.85283,0.44179,0.10403,0.0623,,21.85,1.20386,son,243.05,4.30558,jja,3.06522,0.55939,1.94956,1.51945,0.63239,169.57895,0.7402,8.4075,2.64416,1.67742,5.44087,2.60976,0.0,basic_volcanic_rocks,96.99,intermediate_volcanic_rocks,2.83,0.0,0.09,-12.5835,19.3214,25.31,55.3863,26.0812,886.1903,2459.9726,1.7332,0.1549,170.0,20.4218
73765000,44.41615331964408,0.012081612525426864,3.4788413989968454,125,1.1018442686217245,passo_quilombo,-26.76,-52.7503,266.0,268.5705,high,373.0,606.0213,71.5204,268.5705,5.44938,2.51991,2.76362,0.46242,0.11442,0.0337,0.0,22.9,1.20526,son,249.05,4.37313,jja,2.83538,0.52031,1.91478,3.61281,0.31057,161.3,0.2345,11.99458,28.1,2.53153,142.0,11.98312,0.0,basic_volcanic_rocks,100.0,,0.0,0.0,0.09,-12.5,17.1347,27.4969,55.3744,20.7436,626.742,3438.2383,4.2808,0.4136,0.0,0.0
73770000,44.498288843258045,0.0,18.034948856938286,125,2.3757430221391975,porto_fae_novo,-26.8175,-52.7344,5550.0,5561.787,high,346.0,893.6249,46.0925,5561.787,5.52257,2.47938,2.75967,0.44895,0.08982,0.05185,0.0,21.2,1.20113,son,231.2,4.07401,jja,2.99818,0.5429,1.95967,2.08759,0.55598,161.55,0.5619,9.4552,5.85,2.25,22.9,6.93939,0.0,basic_volcanic_rocks,76.55,intermediate_volcanic_rocks,23.34,0.0,0.09,-12.5642,16.9565,26.143,56.9169,23.3885,860.0478,2314.1048,2.4421,0.2232,779.0,12.7989
73780000,39.2580424366872,0.008578004044912477,4.294231915646587,125,1.3305098692385309,jardinopolis,-26.7369,-52.9017,642.0,647.7493,high,378.0,687.4536,71.962,647.7493,5.54397,2.567,2.72912,0.46303,0.11701,0.02325,0.0,23.5,1.23037,son,244.85,4.31074,jja,2.9632,0.532,1.76903,3.87901,0.33142,169.47059,0.1203,11.6796,24.26147,2.31707,130.29685,13.71505,0.0,basic_volcanic_rocks,100.0,,0.0,0.0,0.09,-12.503,17.7249,26.6681,55.6408,20.7882,619.0631,3215.0673,3.8035,0.3517,0.0,0.0
73820000,42.80355920602327,0.007867468338237175,8.63279389467606,125,1.2445749782557816,passo_pio_x,-26.8594,-52.9047,1010.0,1039.526,high,325.0,637.6588,70.7253,1039.526,5.50803,2.567,2.72912,0.46605,0.11909,0.02325,0.0,22.95,1.22727,son,241.65,4.30365,jja,2.93069,0.52785,1.97474,3.34071,0.35412,167.58824,0.1954,11.81822,24.6673,2.45918,112.84521,11.25,0.0,basic_volcanic_rocks,100.0,,0.0,0.0,0.09,-12.5018,17.7122,26.9276,55.3939,21.2824,625.5857,3353.344,4.8588,0.4542,0.0,0.0
73900000,44.498288843258045,0.0,11.502240408305259,125,1.1573063787417772,saudades,-26.9244,-53.0089,418.0,414.1025,high,299.0,525.1895,50.2869,414.1025,5.44237,2.57737,2.81655,0.47358,0.12428,0.025,0.0,22.5,1.20643,son,249.75,4.47982,jja,3.39913,0.62457,2.40403,2.9386,0.45909,168.85,0.3868,11.4335,11.85,1.85156,63.9,8.75342,0.0,basic_volcanic_rocks,100.0,,0.0,0.0,0.09,-12.5,17.2513,26.0378,56.7255,20.7276,696.5207,3037.9604,5.5846,0.4501,1.0,0.1946
73960000,44.498288843258045,0.0,16.663058684629902,125,1.9970197826504366,barra_do_chapeco_aux.,-27.0419,-52.9544,8240.0,8239.977,high,259.0,781.9479,52.616,8239.977,5.49387,2.51067,2.7604,0.45699,0.09623,0.0458,0.0,21.0,1.2069,son,228.95,4.07384,jja,2.93465,0.53417,2.34002,2.05734,0.54361,165.1,0.52,9.3612,5.1,1.88889,24.35,7.05797,0.0,basic_volcanic_rocks,84.1,intermediate_volcanic_rocks,15.74,0.0,0.0901,-12.544,17.4426,26.4649,56.1087,22.8687,825.7444,2580.5245,3.3888,0.3164,780.0,8.8373
74100000,44.498288843258045,0.0,23.719634527740446,125,2.564464424907192,irai,-27.1756,-53.2297,61900.0,61950.73,high,254.0,845.8557,55.3778,61950.73,4.96674,2.41693,2.66797,0.48662,0.07086,0.06213,0.0,19.2,1.20376,son,214.75,3.83825,jja,2.56886,0.51721,2.10123,2.30349,0.58025,169.0,0.5087,7.66344,3.55,2.29032,19.15,7.09259,0.0,basic_volcanic_rocks,84.23,siliciclastic_sedimentary_rocks,7.67,0.02,0.0982,-12.8057,20.8041,27.0206,52.1875,22.9698,924.1798,2250.2886,2.6209,0.2795,19526.0,33.615
74205000,44.498288843258045,0.005660493447363564,10.987950452806535,125,1.281398420810444,linha_cescon,-27.8131,-53.0294,437.0,437.7997,high,356.0,541.729,34.7589,437.7997,5.16272,2.49528,2.51845,0.48333,0.03878,0.06865,0.0,24.05,1.20551,son,253.75,4.53936,jja,2.80935,0.54416,2.25139,2.66955,0.43095,172.35,0.2552,11.0516,19.2,1.96923,68.5,10.30075,0.0,basic_volcanic_rocks,100.0,,0.0,0.0,0.09,-12.9531,19.4846,23.4074,57.0984,16.5601,972.3208,2111.5282,3.2295,0.3149,0.0,0.0
74270000,44.498288843258045,0.0019688672860395003,15.167656918666234,125,2.317272603889685,passo_rio_da_varzea,-27.2786,-53.3203,5340.0,5362.912,high,216.0,492.7763,38.275,5362.912,5.15075,2.52976,2.51329,0.49114,0.03454,0.07535,0.0,22.8,1.20635,son,239.9,4.0834,jja,3.31751,0.64408,2.34344,2.66204,0.48172,171.45,0.3776,10.9242,11.65,2.47872,57.35,13.65476,0.0,basic_volcanic_rocks,97.66,siliciclastic_sedimentary_rocks,2.34,0.0,0.0923,-12.8368,19.9479,24.4081,55.6441,19.3902,825.4279,2202.2985,3.6537,0.3017,6.0,0.0924
74295000,44.498288843258045,0.08743001292069157,13.46563271842462,125,1.3887268885606534,linha_jatai,-27.0133,-53.2953,300.0,297.8578,high,259.0,505.1112,53.6509,297.8578,5.4603,2.57421,2.80615,0.47144,0.11259,0.01815,0.0,24.05,1.22704,son,252.0,4.53645,jja,3.07479,0.56182,2.25608,3.77917,0.34363,176.7,0.1572,12.7837,25.70983,2.59091,127.59694,11.62557,0.0,basic_volcanic_rocks,100.0,,0.0,0.0,0.09,-12.5,18.1935,26.1039,55.75,17.9714,693.3315,2901.1357,5.2619,0.4689,0.0,0.0
74320000,44.498288843258045,0.05032916999938473,7.294325315342158,125,1.151436139758079,ponte_do_sargento,-26.6822,-53.2861,609.0,612.1706,high,341.0,670.5887,71.9719,612.1706,5.63403,2.59929,2.71406,0.46136,0.12244,0.01655,0.0,23.25,1.20779,son,246.45,4.38914,jja,3.05262,0.54182,1.89991,3.28496,0.36449,164.2,0.175,11.61716,20.35,1.82511,108.05,10.24171,0.0,basic_volcanic_rocks,100.0,,0.0,0.0,0.09,-12.5,19.6447,26.103,54.2671,19.8564,674.9537,2536.5309,3.129,0.2808,0.0,0.0
74370000,44.498288843258045,0.011382513997415862,31.47927216893083,125,1.480684417385217,palmitinho,-27.3328,-53.6444,2020.0,2018.366,high,235.0,493.2358,34.769,2018.366,5.16033,2.56693,2.59833,0.49743,0.05602,0.0454,0.0,23.9,1.20707,son,246.15,4.29581,jja,3.15161,0.61074,2.10497,1.97212,0.63776,170.3,0.75928,9.16732,4.05,1.42105,11.6,4.54902,0.0,basic_volcanic_rocks,100.0,,0.0,0.0,0.09,-12.9633,20.8106,23.2781,55.9149,22.5367,830.9037,2118.4725,5.566,0.4839,83.0,3.5748
74460000,44.498288843258045,0.0,47.55964637557153,125,2.88575746638811,ponte_do_rio_turvo,-27.8247,-53.7303,502.0,480.277,high,432.0,514.6633,24.5428,480.277,5.12547,2.57739,2.4606,0.50286,0.04895,0.06003,0.0,24.2,1.20099,son,257.25,4.60609,jja,2.75827,0.53815,1.75707,1.76653,0.7449,167.55,0.7333,6.98816,0.0,0.0,8.0,8.0,0.0,basic_volcanic_rocks,100.0,,0.0,0.0,0.09,-13.0,21.7245,22.0672,56.202,21.3149,1012.9904,1701.9598,13.9612,1.3867,0.0,0.0
74470000,44.498288843258045,0.0,28.635294649824512,125,1.3413119676364964,tres_passos,-27.3922,-53.8808,1540.0,1546.694,high,249.0,460.4595,33.7307,1546.694,5.09798,2.57739,2.4606,0.50557,0.06911,0.0388,0.0,23.75,1.19647,son,249.95,4.35074,jja,2.6366,0.51718,2.07388,2.07728,0.64795,171.8,0.4806,7.17126,2.15,1.48276,22.95,7.91379,0.0,basic_volcanic_rocks,100.0,,0.0,0.0,0.09,-12.9362,21.213,22.6309,56.1524,20.9816,878.7363,2044.1975,10.2226,1.0622,67.0,4.5013
74700000,44.41615331964408,0.009369413795228996,23.36181603399982,125,2.7565275433571768,tucunduva,-27.6728,-54.4644,1140.0,1130.641,high,152.0,322.8126,27.4255,1130.641,5.07893,2.63293,2.50772,0.5184,0.08293,0.0104,0.0,24.1,1.21717,son,253.55,4.49159,jja,2.82413,0.55605,2.25905,2.27842,0.59497,158.45,0.4631,8.9043,6.2,1.67568,34.75,8.47561,0.0,basic_volcanic_rocks,100.0,,0.0,0.0,0.09,-12.8652,21.1165,23.9185,54.9621,19.4517,915.8673,1919.2301,4.7478,0.4606,13.0,1.1154
74750000,44.498288843258045,0.021719067249123238,18.041398700645868,125,1.1624752002142935,linha_cascata,-27.845,-54.5561,329.0,344.9188,high,209.0,312.1145,27.9,344.9188,5.08869,2.65109,2.5011,0.52098,0.09584,0.03163,0.0,24.05,1.22392,son,262.2,4.70314,jja,2.55478,0.50108,2.44629,2.54398,0.5687,161.47368,0.37078,8.1529,9.26213,1.71963,44.19646,4.57292,0.0,basic_volcanic_rocks,100.0,,0.0,0.0,0.09,-12.9223,22.924,23.115,53.9377,18.9555,850.5842,2212.6497,4.1105,0.4408,0.0,0.0
74800000,44.498288843258045,0.07124838491355442,22.228038606456806,125,3.4901276419579177,porto_lucena,-27.8525,-55.0256,95200.0,94494.54,high,104.0,693.9298,52.7425,94494.54,5.05276,2.47641,2.68095,0.49011,0.07861,0.05443,0.0,18.75,1.19048,son,209.3,3.69136,jja,2.6136,0.51639,1.92298,1.88608,0.61083,166.72222,0.812,7.8769,4.48747,2.69697,0.0,0.0,0.0,basic_volcanic_rocks,86.46,siliciclastic_sedimentary_rocks,5.13,0.01,0.0974,-12.7901,21.373,26.1754,52.4594,22.101,868.5828,2386.8731,3.2853,0.3444,19741.0,21.8993
74880000,44.498288843258045,0.001722758875284563,20.261140905523952,125,2.601889157707014,passo_sao_joao,-28.0631,-54.7558,817.0,810.7059,high,172.0,314.5684,26.3518,810.7059,5.10064,2.64796,2.45477,0.51914,0.08469,0.0387,0.0,24.2,1.22532,son,256.3,4.52827,jja,2.64362,0.51829,2.20819,2.32724,0.5195,151.95,0.3957,10.1529,12.5,2.68817,43.3,10.825,0.0,basic_volcanic_rocks,100.0,,0.0,0.0,0.09,-12.7122,23.5272,22.603,53.8445,16.9806,960.517,1893.2522,2.5719,0.2665,0.0,0.0
74900000,44.498288843258045,0.0035685719559465944,17.062662176217984,125,2.369977489542434,linha_uniao,-27.9308,-54.9392,1260.0,1268.762,high,109.0,273.3349,27.9432,1268.762,5.0512,2.64796,2.45477,0.52422,0.09235,0.0387,0.0,24.7,1.21975,son,253.9,4.44269,jja,2.76527,0.54745,2.27429,2.3889,0.46164,154.75,0.3535,10.6833,15.8,2.89908,52.8,11.6044,0.0,basic_volcanic_rocks,100.0,,0.0,0.0,0.09,-12.6357,24.3985,22.7176,52.8544,17.0283,905.2781,1915.9618,3.1218,0.3093,0.0,0.0
75200000,44.498288843258045,0.005414385036608626,21.15937791479153,125,2.197325729489302,conceicao,-28.4544,-53.9731,811.0,808.2337,high,273.0,381.4339,22.6627,808.2337,4.89093,2.44621,2.32544,0.50015,0.0097,0.06135,0.0,23.4,1.2093,son,254.5,4.52847,jja,2.38967,0.4895,1.71291,1.6917,0.65724,163.26316,0.62,6.7411,4.02701,1.70213,3.876,7.0,0.0,basic_volcanic_rocks,93.75,siliciclastic_sedimentary_rocks,6.25,0.0,0.0961,-12.8493,24.284,22.3737,53.3381,18.3301,1086.2321,1500.9433,10.0141,1.1481,0.0,0.0
75205000,39.00068446269678,0.0,25.285590305752805,125,2.3396272814848413,ponte_nova_do_conceicao,-28.3847,-54.0314,970.0,965.6801,high,244.0,369.3568,22.6328,965.6801,4.91717,2.44621,2.32544,0.49748,0.01408,0.06135,0.0,23.4,1.2093,son,253.1,4.46384,jja,2.32597,0.47203,2.01346,1.91747,0.64851,162.63158,0.5188,6.84,3.61485,1.89474,15.26268,13.21739,0.0,basic_volcanic_rocks,94.73,siliciclastic_sedimentary_rocks,5.27,0.0,0.0951,-12.8741,23.778,22.661,53.5583,18.5392,1152.1429,1471.334,8.7777,1.0339,0.0,0.0
75230000,44.498288843258045,0.0,22.996566785590947,125,3.447824741982169,santo_angelo,-28.3553,-54.2675,5440.0,5470.806,high,205.0,398.8043,24.8286,5470.806,5.00685,2.49674,2.39705,0.49866,0.03111,0.06327,0.0,22.9,1.20526,son,245.1,4.23316,jja,2.70423,0.54015,1.86601,1.85705,0.64722,160.55556,0.618,7.9675,2.21883,3.14286,13.06085,11.26087,0.0,basic_volcanic_rocks,97.91,siliciclastic_sedimentary_rocks,2.09,0.0,0.092,-12.8515,22.5488,22.5396,54.9076,17.8192,1085.9985,1691.0505,7.9503,0.8055,20.0,0.3704
75295000,44.498288843258045,0.00012305420537746877,21.055762952559206,125,2.6035216717466745,colonia_mousquer,-28.3897,-54.3308,2160.0,2166.21,high,207.0,366.2839,20.4663,2166.21,5.03396,2.43785,2.30773,0.48428,0.00486,0.0739,0.0,23.95,1.2096,son,250.6,4.35447,jja,2.59017,0.51454,1.93386,2.25462,0.5561,162.45,0.4387,8.7748,7.7,3.01961,32.05,6.10476,0.0,basic_volcanic_rocks,70.34,siliciclastic_sedimentary_rocks,16.49,0.0,0.1064,-12.5607,26.5794,23.31,50.1141,18.6654,1075.1064,1289.9075,7.3808,0.7807,0.0,0.0
75320000,29.571526351813826,0.032034070919359316,30.466026835755923,125,3.4865120502514126,ponte_mistica,-28.1814,-54.7383,9450.0,9450.111,high,163.0,361.1416,23.9477,9450.111,5.0298,2.49543,2.38274,0.49613,0.03005,0.0605,0.0,22.9,1.19582,son,241.25,4.11689,jja,2.54171,0.51074,1.95841,2.11225,,156.64706,0.4976,8.1864,4.14878,4.38889,20.42879,10.80556,0.0,basic_volcanic_rocks,91.97,siliciclastic_sedimentary_rocks,5.0,0.0,0.0949,-12.7703,23.7123,22.8272,53.4556,17.7464,1081.3959,1573.0127,7.3167,0.7887,20.0,0.2281
75450000,44.41615331964408,0.0037600936941379524,15.829494173194949,125,3.082225746272174,passo_santa_maria,-28.5783,-54.9144,3240.0,3233.233,high,138.0,272.3846,22.3445,3233.233,4.98153,2.47755,2.35144,0.49735,0.04332,0.06045,0.0,24.05,1.1995,son,252.4,4.41259,jja,2.38208,0.47703,1.57472,2.55421,0.50321,169.94118,0.2449,9.3229,12.64645,3.4507,58.68983,11.25743,0.0,basic_volcanic_rocks,86.57,acid_volcanic_rocks,13.43,0.0,0.09,-12.9105,26.1536,22.7613,51.0717,14.8645,1054.8932,1524.5799,6.9785,0.8026,0.0,0.0
75500000,44.41615331964408,0.0018492264069530913,20.128438085159722,125,3.172768659162774,passo_do_sarmento,-28.2119,-55.3197,5230.0,5235.831,high,87.0,234.1261,21.7596,5235.831,5.03858,2.51882,2.37885,0.49991,0.06075,0.0514,0.0,24.45,1.19853,son,249.2,4.38347,jja,2.19128,0.43876,1.8901,2.46366,0.50561,163.5,0.2546,8.7129,13.53162,5.01923,62.36987,12.15152,0.0,basic_volcanic_rocks,91.67,acid_volcanic_rocks,8.33,0.0,0.09,-12.8636,26.8873,22.7287,50.3837,14.0928,1186.911,1481.7037,7.8195,0.9777,0.0,0.0
75550000,44.498288843258045,0.0674337045468529,30.044295343007335,125,3.5481401146039944,garruchos,-28.1822,-55.6433,116000.0,115027.6,high,62.0,618.0648,47.6508,115027.6,5.04464,2.48862,2.63839,0.49332,0.07691,0.05463,0.0,18.0,1.18421,son,206.1,3.62533,jja,2.20853,0.4378,1.9777,2.29673,0.60664,167.15,0.4575,6.6104,1.15,4.6,14.15,6.90244,0.0,basic_volcanic_rocks,86.53,siliciclastic_sedimentary_rocks,4.61,0.01,0.0973,-12.7947,22.2393,25.5907,52.176,21.0563,920.5824,2183.7811,3.917,0.4859,20269.0,21.8592
75600000,44.498288843258045,0.017350642958223098,6.684623118176236,125,0.928966303408715,passo_das_turmas,-28.8372,-54.855,378.0,379.1562,high,168.0,282.3317,24.1117,379.1562,4.83882,2.45276,2.36282,0.50689,0.06537,0.0599,0.0,25.4,1.20379,mam,262.6,4.75294,jja,3.80986,0.78557,1.26484,2.97689,0.31768,173.66667,0.1306,16.5437,27.73279,1.85714,121.49604,10.4,0.0,basic_volcanic_rocks,64.79,acid_volcanic_rocks,35.21,0.0,0.09,-12.5234,31.1507,22.104,46.7679,12.6624,986.4754,1561.7328,2.4956,0.1795,0.0,0.0
75700000,44.498288843258045,0.006767981295760782,13.04432811324264,125,3.524535271688172,passo_do_novo,-28.6828,-55.5794,3710.0,3701.577,high,67.0,191.1121,19.792,3701.577,4.81715,2.5033,2.42823,0.51966,0.08907,0.0485,0.0,24.95,1.20241,son,255.25,4.49384,jja,2.15817,0.44066,1.90467,3.7035,,154.5,0.0571,9.78439,38.48057,3.91444,137.57329,11.37826,0.0,basic_volcanic_rocks,84.52,acid_volcanic_rocks,10.16,0.0,0.0996,-12.5142,31.1654,22.0753,46.7928,12.2343,1464.6302,1224.7643,12.483,1.5847,10.0,0.343
75780000,44.498288843258045,0.1292069156463422,31.007571972338273,125,4.143268662727116,passo_sao_borja,-28.6244,-56.0369,125000.0,123233.8,high,53.0,584.19,45.4967,123233.8,5.02332,2.49493,2.62666,0.49667,0.08071,0.05528,0.0,17.95,1.17705,son,204.45,3.59631,jja,2.39712,0.4772,2.01428,2.33581,0.60049,168.0,0.4494,7.5182,1.2,6.0,22.95,9.76596,0.0,basic_volcanic_rocks,85.08,unconsolidated_sediments,5.32,0.01,0.0988,-12.7783,23.0788,25.43,51.4984,20.4931,985.0727,2064.9763,5.3009,0.6059,20396.0,18.9161
76085000,42.08624229979466,0.006505334374186833,9.75247652838143,125,1.5056360200139407,cachoeira_5_veados,-29.4289,-54.0542,1540.0,1516.976,high,215.0,415.9875,23.0652,1516.976,4.96747,2.38366,2.35757,0.47985,-0.00428,0.0768,0.0,25.1,1.18957,son,254.45,4.49558,jja,2.46446,0.49481,1.71543,3.37922,0.4197,195.47059,0.1077,9.4996,18.58335,1.98901,101.54104,11.30286,0.0,acid_volcanic_rocks,57.14,basic_volcanic_rocks,39.61,0.0,0.0932,-12.623,29.5696,25.1834,45.2614,17.2889,1120.5865,1447.5454,2.818,0.3133,0.0,0.0
76100000,44.498288843258045,0.0018458130806620317,12.279835225658937,125,2.1286539986933635,vila_clara,-29.5561,-54.3422,2790.0,2763.724,high,114.0,366.9304,33.6649,2763.724,4.91817,2.32867,2.4059,0.47348,0.005,0.0768,0.0,25.75,1.20327,son,251.8,4.40595,jja,2.13787,0.43296,1.86899,2.26635,0.41874,184.73684,0.22183,7.94916,16.80814,2.51128,66.07512,14.58889,0.0,basic_volcanic_rocks,50.92,acid_volcanic_rocks,36.94,0.0,0.1075,-12.6213,29.2612,25.3034,45.4499,16.7443,975.2753,1797.7108,4.1742,0.5349,0.0,0.0
76300000,44.498288843258045,0.0,35.54544908412774,125,3.157014480237338,ponte_ibicui_da_armada,-30.2808,-54.9031,6010.0,6033.052,high,96.0,151.8232,15.1115,6033.052,4.02601,2.33458,2.17704,0.57987,0.07432,0.0765,0.0,24.25,1.21859,mam,262.0,4.79853,jja,1.62532,0.39921,2.40618,4.13713,,199.91667,0.0521,6.3451,19.59417,7.61224,119.71879,19.99123,0.0,siliciclastic_sedimentary_rocks,71.12,unconsolidated_sediments,27.01,0.0,0.2085,-13.4721,43.61,23.0772,33.3093,10.7642,1414.8396,747.0864,20.8077,3.5075,118.0,3.297
76310000,44.0848733744011,0.00018631225934666502,24.72906681152432,125,3.571378105243368,rosario_do_sul,-30.2428,-54.9169,12100.0,12182.37,high,103.0,168.4218,15.0005,12182.37,4.02348,2.31936,2.18376,0.57645,0.05086,0.0779,0.0,23.95,1.20655,mam,259.3,4.74908,jja,1.74431,0.42913,2.38259,4.89689,0.47016,205.38889,0.0488,6.255,21.90675,7.58929,133.91469,19.38806,0.0,siliciclastic_sedimentary_rocks,52.67,unconsolidated_sediments,26.68,0.63,0.1706,-13.4201,41.8677,24.284,33.8495,11.2222,1474.1782,707.0453,25.7417,4.0432,403.0,5.1958
76460000,44.498288843258045,0.0067064541930720485,6.724487273180967,125,1.1707441866125519,ernesto_alves,-29.3625,-54.7353,926.0,923.8528,high,138.0,325.4672,29.7647,923.8528,4.93261,2.45378,2.3763,0.49746,0.06664,0.0608,0.0,26.0,1.22066,son,260.3,4.6607,jja,3.12694,0.63225,2.24666,2.63086,0.33664,159.76471,0.1234,11.3253,19.61856,2.01562,102.60458,11.76744,0.0,acid_volcanic_rocks,57.07,basic_volcanic_rocks,42.74,0.0,0.0904,-12.5748,31.7267,23.9716,44.2976,14.8711,822.1277,2023.6176,2.4641,0.2159,0.0,0.0
76750000,44.498288843258045,0.0020919214914169692,18.897426332196996,125,2.8631834389321424,alegrete,-29.7683,-55.7875,5867.0,5940.817,high,82.0,171.4295,24.1039,5940.817,4.17055,2.41436,2.26932,0.57891,0.12422,0.08873,0.0,25.9,1.24519,mam,261.35,4.72177,jja,1.71153,0.40785,2.31789,3.75148,0.34594,193.9375,0.0519,7.7453,39.81642,6.4958,140.77397,14.38421,0.0,intermediate_volcanic_rocks,55.02,siliciclastic_sedimentary_rocks,24.36,0.0,0.145,-12.3292,44.233,21.4862,34.2596,11.3969,1313.1682,1291.8148,26.5218,4.2455,4.0,0.1078
77150000,44.33127994524298,0.07614871541501976,40.70924341317551,125,3.246179513725182,uruguaiana,-29.7486,-57.0886,190000.0,187175.0,high,47.0,432.3722,35.335,187175.0,4.76698,2.48598,2.51386,0.5215,0.0969,0.0657,0.0,16.6,1.14879,son,199.25,3.48339,jja,2.27051,0.4763,2.03958,2.51925,0.62837,172.1,0.38576,6.60518,0.15,1.0,32.25,11.51786,0.0,basic_volcanic_rocks,58.42,siliciclastic_sedimentary_rocks,18.73,0.05,0.1191,-12.9224,29.4363,25.1482,45.4219,17.9014,1228.9685,1455.655,14.3621,1.733,21468.0,13.8397
81019350,44.33127994524298,0.030385375494071148,64.77939871956913,125,1.2809072846331377,ponte_do_acungui,-25.2344,-49.5964,582.0,598.0948,high,619.0,869.1826,70.2235,598.0948,4.07304,2.39866,2.87601,0.58891,0.30071,0.0,0.0,23.0,1.13861,djf,252.75,4.87934,jja,1.67303,0.41106,1.32212,1.13794,0.7425,164.10526,0.6498,3.7213,0.50213,1.11111,0.0,0.0,0.0,metamorphics,49.67,siliciclastic_sedimentary_rocks,25.76,3.29,0.058,-14.3107,31.5305,23.8087,44.6212,17.3842,973.141,2966.6079,2.3524,0.3852,0.0,0.0
81102000,44.33127994524298,0.0,47.37999624766817,125,1.5893958833547916,balsa_do_jacare,-24.9303,-49.4831,1700.0,1717.383,high,374.0,809.8572,63.8813,1717.383,4.29555,2.42298,2.91003,0.56407,0.34968,0.0,0.0,22.0,1.15486,djf,244.85,4.62417,jja,1.62484,0.37826,1.35653,1.11417,0.7525,165.2,0.7194,3.4462,0.95,1.46154,0.0,0.0,0.0,metamorphics,43.93,acid_plutonic_rocks,21.61,11.52,0.0498,-13.9635,32.3644,23.7465,43.8573,17.1176,996.1112,3228.8754,2.7772,0.4683,14.0,1.3745
81107000,44.24914442162902,0.0,56.32001736428595,125,1.796750442542636,foz_do_sao_sebastiao,-24.9028,-49.4417,3240.0,3293.737,high,357.0,802.2399,59.2791,3293.737,4.23109,2.4274,2.90565,0.57371,0.361,0.0,0.0,21.05,1.14092,djf,240.35,4.53491,jja,1.80183,0.42585,1.77438,1.03339,0.75558,166.15,0.8263,3.8088,1.35,2.07692,0.0,0.0,0.0,metamorphics,42.73,acid_plutonic_rocks,36.67,6.01,0.0347,-14.0359,33.0067,23.272,43.6959,17.453,981.6665,2977.352,2.675,0.4067,14.0,0.6463
81120000,44.24914442162902,0.0,28.435471031358585,125,0.5407275840911832,costas,-25.01,-49.3386,417.0,422.8261,high,480.0,863.3091,78.6585,422.8261,4.08043,2.46274,2.95417,0.60355,0.38886,0.00695,0.0,22.85,1.17179,djf,256.6,5.02644,jja,1.5075,0.36944,0.48826,0.87648,0.78251,171.45,0.7381,3.10922,0.8,1.14286,0.0,0.0,0.0,metamorphics,85.59,carbonate_sedimentary_rocks,9.78,9.78,0.0149,-13.873,33.2354,23.1046,43.6305,16.2713,1023.6061,3669.5766,2.1293,0.387,0.0,0.0
81125000,44.33127994524298,0.0,82.29752595143867,125,1.4191453401524787,turvo,-24.7561,-49.3403,421.0,423.6967,high,425.0,862.3462,52.8794,423.6967,4.04677,2.47249,2.89107,0.61098,0.44138,0.00695,0.0,22.7,1.20106,djf,254.3,4.84843,jja,1.81167,0.44768,1.68547,1.00539,0.81624,175.75,0.9095,3.62042,0.25,1.25,0.0,0.0,0.0,metamorphics,55.72,acid_plutonic_rocks,44.28,0.0,0.01,-14.1,34.8693,21.5289,43.5711,17.8838,1004.913,2500.7097,0.9858,0.1491,0.0,0.0
81135000,44.24914442162902,0.0004949882440292043,44.86098019165655,125,1.711218128661541,balsa_do_cerro_azul,-24.7964,-49.2725,4600.0,4665.075,high,287.0,790.9265,61.5946,4665.075,4.19463,2.43403,2.90597,0.58027,0.38038,0.0,0.0,20.95,1.15746,djf,238.3,4.59595,jja,1.70653,0.40676,2.32473,1.03257,0.7413,163.22222,0.7819,3.8375,1.76669,1.94444,0.0,0.0,0.0,metamorphics,46.09,acid_plutonic_rocks,36.28,5.17,0.0295,-14.0036,33.5267,22.9697,43.4814,17.3655,982.2663,3004.6106,2.3377,0.3753,14.0,0.4818
81140000,33.56605065023956,0.0,30.125653613339214,125,1.2420849297448278,cerro_azul,-24.8275,-49.2628,436.0,446.334,high,326.0,716.9622,81.4633,446.334,3.83,2.44934,2.91952,0.63951,0.41319,0.00695,0.0,22.35,1.17323,djf,253.85,4.91957,jja,1.25328,0.32723,1.84898,0.99838,0.70617,169.7,0.5614,2.952,2.65,1.65625,0.0,0.0,0.0,metamorphics,68.41,acid_plutonic_rocks,25.26,5.81,0.0132,-13.9602,36.9227,22.5891,40.4826,15.934,954.9414,3622.8365,1.0167,0.2223,0.0,0.0
81200000,43.41409993155373,0.0,56.61193696100603,125,1.8351650309941048,capela_da_ribeira,-24.6556,-48.9997,7360.0,7408.029,high,196.0,762.7028,68.1044,7408.029,4.07035,2.44726,2.89542,0.60124,0.41147,0.00695,0.0,19.95,1.16667,djf,234.0,4.5,jja,1.52874,0.37679,2.2398,1.02611,0.74713,168.63158,0.7017,3.5116,0.80396,1.45455,0.0,0.0,0.0,metamorphics,44.41,acid_plutonic_rocks,42.43,4.62,0.0232,-14.0027,35.2631,22.3892,42.3371,17.1051,990.9858,3174.8204,1.7682,0.3169,14.0,0.3387
81335000,43.41409993155373,0.0,28.248506976513934,125,1.5318547253788724,corrego_comprido,-24.7586,-48.5086,2930.0,2866.937,high,172.0,784.2327,73.9863,2866.937,4.30486,2.4231,2.9803,0.56287,0.47093,0.0,0.0,20.4,1.14607,djf,234.9,4.41127,jja,1.73079,0.39717,1.34062,1.12804,0.70561,162.2,0.7534,3.9961,1.81923,1.75,0.0,0.0,0.0,metamorphics,87.16,acid_plutonic_rocks,9.2,1.23,0.0153,-13.9865,35.9754,21.8846,42.1195,17.5243,1250.8173,2266.9508,1.7025,0.2695,178.0,9.828
81585000,43.00068446269678,0.028587800840443142,11.310167202944166,125,0.8654413641812516,guanhanha,-24.2719,-47.1658,92.5,88.6104,high,107.0,212.1138,74.9757,88.6104,4.77616,2.71249,3.2237,0.56792,0.64685,0.063,0.0,24.5,1.19804,djf,271.0,5.51373,jja,3.15852,0.67104,1.14675,1.28497,0.68193,176.0,1.1233,7.11935,3.03025,1.28889,0.05225,1.0,0.0,metamorphics,78.79,acid_plutonic_rocks,21.21,0.0,0.01,-14.1,38.4443,21.654,39.8715,16.0632,1431.1686,2579.3709,2.3243,0.2016,0.0,0.0
81683000,44.498288843258045,0.02676428966959946,63.68188611496713,125,3.49576125680023,registro,-24.49,-47.8367,20900.0,20985.24,high,9.0,605.9456,80.9338,20985.24,4.24908,2.45227,2.9564,0.57713,0.51628,0.02868,0.0,16.55,1.14931,djf,213.3,4.20296,jja,1.99493,0.46708,1.39385,1.15167,0.78564,172.33333,0.9395,4.20349,0.0,0.0,0.0,0.0,0.0,metamorphics,57.05,acid_plutonic_rocks,29.68,2.6,0.0221,-13.9766,38.0522,21.3946,40.5487,17.0545,1187.8381,2583.7172,2.1477,0.295,682.0,4.4632
82270050,44.58316221765914,0.1982313927781872,11.842453439802082,125,0.7230637243502634,pirabeiraba,-26.18,-48.9394,374.0,381.336,high,44.0,708.3258,137.2212,381.336,5.31361,2.29054,2.86059,0.43107,0.37005,0.007,0.0,22.5,1.19048,djf,253.2,4.67159,jja,4.59696,0.86513,1.60758,1.79692,0.57487,147.55,0.9489,12.97,4.7,1.42424,14.35,7.97222,0.0,metamorphics,66.31,acid_plutonic_rocks,26.14,0.0,0.0256,-13.2097,35.2128,23.8637,40.9373,25.9768,1097.5777,1816.3485,15.7855,0.9408,0.0,0.0
82320000,44.58316221765914,0.002824858757062147,18.64797486580829,125,1.449684305529863,corupa,-26.4239,-49.2925,182.0,187.4833,high,117.0,749.4755,79.1203,187.4833,4.60767,2.246,2.8363,0.48745,0.25803,0.0,0.0,21.95,1.18649,djf,261.6,4.82212,jja,3.00823,0.65287,1.71389,1.76378,0.56439,152.4,0.6194,8.927,6.1,1.525,18.05,8.80488,0.0,siliciclastic_sedimentary_rocks,79.51,metamorphics,20.49,0.0,0.1541,-14.6729,30.5236,24.6986,44.7688,20.5816,830.5849,1488.3459,1.623,0.1478,0.0,0.0
82350000,44.0,0.000435567170680107,9.928874028861298,125,1.1056839477594271,jaragua_do_sul,-26.48,-49.0808,794.0,794.5457,high,32.0,576.5817,106.644,794.5457,4.8841,2.246,2.8363,0.45986,0.30525,0.0,0.0,20.85,1.17135,djf,249.3,4.44781,jja,2.8937,0.59247,2.05922,2.24924,0.52491,153.3,0.4581,9.19658,6.85,1.47312,30.45,7.16471,0.0,metamorphics,39.76,siliciclastic_sedimentary_rocks,28.43,0.0,0.0874,-13.3423,34.0127,23.7414,42.2444,19.3043,1035.9003,1704.3344,3.9671,0.3756,0.0,0.0
82770000,44.58316221765914,0.012957504298698108,10.694827019511713,125,2.859135193685512,ponte_sc-301,-26.4481,-48.8311,392.0,431.3403,medium,7.0,152.6927,65.7845,431.3403,5.66973,2.33312,2.72062,0.41151,0.41763,0.00467,,21.3,1.16712,djf,251.8,4.64147,jja,3.9991,0.70252,1.83232,2.59799,0.47565,151.15789,0.364,14.2488,9.24556,3.83333,59.49319,7.94631,0.0,metamorphics,45.5,unconsolidated_sediments,42.44,0.0,0.0988,-12.4001,40.4119,22.3187,37.2653,28.2976,1706.8062,534.7886,29.4949,2.0207,0.0,0.0
83029900,44.56673511293634,0.10744563214154074,12.693035674893693,125,1.7571979525837926,barragem_taio_montante,-27.0397,-50.1242,648.0,655.1413,high,401.0,756.7325,94.6063,655.1413,4.43351,2.27666,2.72524,0.51351,0.19073,0.0283,0.0,22.9,1.18961,son,250.5,4.59633,jja,2.40064,0.54148,1.59517,2.57488,0.51656,146.7,0.28266,8.21496,7.3,3.10638,43.55,7.77679,0.0,siliciclastic_sedimentary_rocks,95.63,basic_volcanic_rocks,3.06,1.31,0.1536,-15.614,29.1955,26.9822,43.829,17.0972,790.965,2072.8537,18.8152,2.1473,0.0,0.0
83050000,44.668035592060235,0.007661661048115232,24.377422783124892,125,2.305082607176529,taio,-27.1139,-49.9953,1570.0,1589.504,high,349.0,701.144,91.0852,1589.504,4.46028,2.27502,2.70653,0.51006,0.1951,0.02688,0.0,22.5,1.20321,son,245.45,4.44656,jja,2.47051,0.55389,1.6043,2.30006,0.54557,156.95,0.43596,8.31338,1.7,2.61538,25.2,7.0,0.0,siliciclastic_sedimentary_rocks,91.98,basic_volcanic_rocks,4.48,3.54,0.1563,-15.3784,29.7853,26.7499,43.4724,18.2088,843.4746,1973.2717,20.6552,2.2906,236.0,16.4653
83105000,44.668035592060235,0.0,9.034262597078776,125,1.0322480791526927,saltinho,-27.6839,-49.3631,434.0,435.2926,high,484.0,890.7618,133.2221,435.2926,4.40321,2.26681,2.76664,0.51481,0.22298,0.0254,0.0,22.65,1.17969,djf,252.8,4.50223,jja,1.90027,0.43156,1.83761,2.34812,0.46197,147.3,0.2525,6.51114,11.6,1.6338,45.55,6.9542,0.0,siliciclastic_sedimentary_rocks,92.53,carbonate_sedimentary_rocks,6.73,6.73,0.1795,-13.0973,30.9274,26.8726,42.2085,22.0814,844.7192,2685.0037,2.6123,0.3766,0.0,0.0
83250000,44.668035592060235,0.0019000919399325773,19.843856768415485,125,1.6412647899922377,ituporanga,-27.3986,-49.6058,1650.0,1680.865,high,371.0,707.0923,101.4701,1680.865,4.28373,2.23621,2.72825,0.52202,0.17897,0.0254,0.0,21.85,1.17473,djf,244.8,4.28346,jja,1.86562,0.43551,2.12276,2.11827,0.53722,148.75,0.30486,6.9082,4.25,1.93182,29.85,6.78409,0.0,siliciclastic_sedimentary_rocks,93.12,carbonate_sedimentary_rocks,6.7,6.7,0.1787,-14.5058,30.6518,26.9154,42.4442,19.2221,944.1723,2337.2477,6.0084,0.8823,0.0,0.0
83300200,44.668035592060235,0.007416487894575544,27.9963151205601,125,2.739536996134881,rio_do_sul_-_novo,-27.2078,-49.6292,5160.0,5131.866,high,339.0,641.9899,85.427,5131.866,4.35546,2.26588,2.65385,0.52024,0.18649,0.024,0.0,22.0,1.19565,djf,234.8,4.20036,jja,2.15505,0.49479,1.96182,2.32116,0.55975,149.75,0.3504,7.06828,1.55,2.81818,30.4,8.0,0.0,siliciclastic_sedimentary_rocks,93.96,carbonate_sedimentary_rocks,4.24,4.24,0.1737,-14.9997,30.6649,26.6932,42.6551,18.5072,947.3718,2010.9469,14.8761,1.8912,236.0,5.8464
83345000,43.66598220396988,0.0,24.665387729422772,125,1.7118275003691656,barra_do_prata,-26.6983,-49.8311,1430.0,1451.856,high,341.0,683.481,74.0472,1451.856,4.43749,2.27644,2.70885,0.513,0.16864,0.01193,0.0,22.5,1.20643,djf,245.5,4.43141,jja,1.8339,0.41327,2.82625,2.73418,0.4462,146.9,0.1943,6.6302,16.55,2.38129,68.3,9.16779,0.0,siliciclastic_sedimentary_rocks,92.45,carbonate_sedimentary_rocks,7.55,7.55,0.1762,-14.9995,28.2966,26.7675,44.9352,17.9953,847.7479,2105.5824,1.2179,0.1819,0.0,0.0
83440000,42.001368925393564,0.0,22.193479506092217,125,1.8753168855793145,ibirama,-27.0539,-49.5167,3330.0,3339.906,high,203.0,614.2439,89.998,3339.906,4.362,2.25363,2.70625,0.51665,0.18928,0.0,0.0,22.0,1.22563,son,239.6,4.34058,jja,1.83695,0.42113,2.37508,2.62134,0.52516,151.2,0.2578,6.2826,8.55,2.55224,45.4,10.43678,0.0,siliciclastic_sedimentary_rocks,93.92,carbonate_sedimentary_rocks,3.84,3.84,0.1793,-15.0672,30.3299,26.4494,43.2322,17.7286,819.6076,2022.2845,2.0508,0.3059,274.0,12.2356
83520000,43.66598220396988,0.03210232616464982,28.18781234903814,125,2.263312242202088,warnow,-26.9417,-49.2897,9790.0,9786.549,high,72.0,606.4585,89.4704,9786.549,4.35053,2.25975,2.68268,0.51942,0.19251,0.016,0.0,20.85,1.2052,son,230.9,4.20583,jja,1.86479,0.42863,1.83729,2.4592,0.55715,149.25,0.3203,6.01902,2.85,2.19231,27.4,6.60241,0.0,siliciclastic_sedimentary_rocks,87.52,acid_volcanic_rocks,4.27,3.54,0.1707,-14.8434,30.916,26.3376,42.7592,18.1306,887.7847,2059.9918,9.648,1.4175,574.0,8.6171
83675000,43.162217659137575,0.0,26.22364491282288,125,1.501911022410181,arrozeira,-26.7414,-49.2711,536.0,525.2394,high,75.0,691.8405,92.1251,525.2394,4.70134,2.24929,2.7977,0.47844,0.27453,0.0,0.0,22.15,1.19086,djf,251.5,4.53153,jja,2.84376,0.60488,1.52838,1.03823,0.68453,160.3,0.5736,6.92208,2.05,1.57692,18.25,6.18644,0.0,siliciclastic_sedimentary_rocks,57.53,metamorphics,23.82,0.0,0.118,-13.0043,31.7934,24.7814,43.4196,19.6388,882.2951,1871.4324,7.2951,0.7028,99.0,18.159
83690000,42.001368925393564,0.0,26.23822957363819,125,2.283991832485117,indaial,-26.8911,-49.235,9850.0,9846.711,high,62.0,603.93,89.4149,9846.711,4.35163,2.25975,2.68268,0.51929,0.19286,0.016,0.0,20.7,1.207,son,230.9,4.202,jja,2.2994,0.5284,1.76954,2.20519,0.57406,150.2,0.4386,7.3935,2.75,1.83333,21.75,6.12676,0.0,siliciclastic_sedimentary_rocks,87.03,acid_volcanic_rocks,4.31,3.52,0.1701,-14.8328,30.9647,26.3115,42.7368,18.1398,891.024,2052.807,9.6377,1.1483,574.0,6.9457
83800002,42.001368925393564,0.012906590183169284,57.98682765661002,125,2.4690265461507326,blumenau_(pcd),-26.9186,-49.0656,11803.0,12000.71,high,18.0,586.8669,90.3077,12000.71,4.39831,2.26881,2.68021,0.51584,0.20583,0.012,0.0,19.95,1.20909,son,228.4,4.1302,jja,2.30519,0.52411,1.66412,1.85381,0.59723,154.35,0.5747,6.7506,1.95,1.69565,8.25,2.94643,0.0,siliciclastic_sedimentary_rocks,79.33,metamorphics,9.22,2.88,0.1588,-14.5841,31.4525,25.8893,42.6696,18.3102,912.1023,2024.2847,9.7833,1.1628,673.0,6.6651
83892990,44.0,0.18511604753904548,11.568247359043625,125,1.117399100283327,salseiro,-27.33,-49.33,286.0,273.6703,high,1410.0,696.4584,99.9388,273.6703,4.15912,2.28265,2.72833,0.54883,0.19647,0.0127,0.0,24.05,1.19652,djf,261.85,4.93591,jja,1.75244,0.41976,1.9679,2.36803,0.56785,157.31579,0.3697,5.5824,4.91118,1.38571,14.37912,7.1,0.0,siliciclastic_sedimentary_rocks,99.58,metamorphics,0.42,0.0,0.1893,-15.1621,30.7683,26.1165,43.1431,18.74,813.4616,2551.0924,4.5111,0.7052,0.0,0.0
83892998,44.53661875427789,0.1560828671543616,25.507019017718672,125,1.2165368923329865,botuvera-montante,-27.1972,-49.0878,827.0,787.6042,high,89.0,588.0885,123.0049,787.6042,4.19519,2.28265,2.72833,0.54411,0.22231,0.0,0.0,22.9,1.17436,djf,249.5,4.48338,jja,1.88082,0.44719,1.58479,1.93199,0.61978,158.36842,0.4847,5.0226,3.03448,1.46341,0.85977,8.5,0.0,siliciclastic_sedimentary_rocks,60.96,metamorphics,37.81,0.0,0.1199,-14.7499,33.2944,24.5781,42.1534,16.7302,761.3842,2556.0244,2.6304,0.3832,0.0,0.0
84071000,44.58316221765914,0.0038074183247359373,29.81827857305377,125,1.2502103918526886,major_gercino,-27.4142,-48.9528,1042.0,1024.259,high,41.0,705.713,104.027,1024.259,4.43691,2.26882,2.73552,0.51135,0.30801,0.00635,0.0,22.5,1.19681,djf,249.8,4.45674,jja,2.29548,0.51736,0.75489,1.11182,0.68639,162.65,0.6867,5.4002,1.0,1.33333,3.05,4.35714,0.0,acid_plutonic_rocks,52.91,siliciclastic_sedimentary_rocks,34.98,0.0,0.0736,-13.1778,33.8943,24.415,41.723,18.4611,805.8816,2698.717,1.4282,0.1705,65.0,7.5742
84095000,41.002053388090346,0.0860042735042735,18.097763407516673,125,1.6603627392904323,nova_trento,-27.2861,-48.9336,598.0,649.334,medium,50.0,557.7784,126.4186,649.334,4.26808,2.2954,2.79082,0.53781,0.25691,0.00847,0.0,22.65,1.20479,djf,249.95,4.53218,jja,1.93646,0.45315,1.85188,1.15309,0.69093,165.05263,0.8077,4.6673,2.41751,1.80769,0.20575,1.33333,0.0,siliciclastic_sedimentary_rocks,39.05,acid_plutonic_rocks,31.87,0.15,0.0805,-13.3556,34.817,23.643,41.5532,17.4217,811.1256,2624.1612,1.5152,0.2144,0.0,0.0
84095500,44.0,0.09756704623234397,28.150226071725015,125,1.783651556976116,sao_joao_batista,-27.275,-48.85,1964.0,1918.409,high,18.0,599.5595,114.2004,1918.409,4.38048,2.29939,2.78031,0.52492,0.29584,0.00635,0.0,22.15,1.21703,djf,246.15,4.36436,jja,2.58348,0.58729,1.4589,1.23281,0.70521,165.94737,0.9007,6.0134,1.75081,1.54545,0.0,0.0,0.0,acid_plutonic_rocks,46.41,siliciclastic_sedimentary_rocks,31.96,0.05,0.0696,-13.3279,35.0585,23.7526,41.214,18.03,844.4946,2644.5978,1.8837,0.1998,65.0,3.5931
84150100,44.0,0.18530271918362268,15.153253059051634,125,1.028455005079809,eta_casan-montante,-27.6925,-48.7097,522.0,536.271,high,9.0,467.672,119.404,536.271,4.67849,2.33045,2.79563,0.49812,0.40406,0.0127,0.0,22.0,1.19565,djf,250.75,4.50989,jja,2.98018,0.63516,1.84307,1.50925,0.60578,151.52632,0.9191,7.63368,4.76959,1.43939,0.55227,5.5,0.0,acid_plutonic_rocks,61.48,metamorphics,31.35,0.0,0.0237,-13.6023,37.3839,22.5915,40.0489,17.8185,938.2538,2362.5465,2.1602,0.1986,0.0,0.0
84249998,44.83504449007529,0.09629946262823644,10.638761097070518,125,1.369154035023173,orleans_-_montante,-28.3586,-49.295,599.0,623.1966,high,108.0,567.0655,137.3159,623.1966,4.2801,2.31466,2.44341,0.54079,0.2722,0.02895,0.0,22.45,1.16927,djf,252.1,4.45406,jja,2.33739,0.5461,0.87627,2.24912,0.56598,153.78947,0.5216,6.7462,4.01649,1.63265,9.18773,4.575,0.0,siliciclastic_sedimentary_rocks,72.19,basic_volcanic_rocks,15.96,6.09,0.1624,-14.222,33.3757,26.3413,40.2962,27.1463,1098.6982,2086.2276,3.4148,0.4003,0.0,0.0
84300000,44.83504449007529,0.15015876893014168,5.595350881384442,125,1.4619864177462922,pedras_grandes,-28.4347,-49.1831,822.0,844.2426,high,51.0,480.743,117.0279,844.2426,4.23036,2.31466,2.44341,0.54715,0.30073,0.02895,0.0,22.05,1.16053,djf,249.0,4.35696,jja,2.71772,0.64158,1.0611,2.20515,0.52972,154.42105,0.539,7.959,6.6765,1.64198,21.98729,5.61538,0.0,siliciclastic_sedimentary_rocks,67.68,basic_volcanic_rocks,12.79,4.9,0.1516,-14.2449,34.1721,25.5188,40.3342,24.8096,1063.8379,2113.0362,3.7659,0.3796,0.0,0.0
84520000,44.83504449007529,0.011235955056179775,25.851491489471204,125,1.0080656622733895,divisa_de_anitapolis,-27.9956,-49.1161,380.0,375.7677,high,330.0,802.2369,121.2654,375.7677,4.71617,2.2779,2.73288,0.483,0.37159,0.0127,0.0,22.55,1.18373,djf,253.35,4.45255,jja,2.66146,0.56433,1.17113,1.271,0.72057,165.8,1.0977,6.3244,0.6,1.0,0.0,0.0,0.0,acid_plutonic_rocks,80.58,siliciclastic_sedimentary_rocks,18.92,0.0,0.0459,-13.0,35.9818,25.2497,38.8006,19.1146,840.0324,2482.3032,0.8041,0.0828,0.0,0.0
84520010,44.83504449007529,0.15418905715681486,18.436221436591964,125,1.2652663733608844,santa_rosa_de_lima,-28.0331,-49.1186,676.0,633.6043,medium,260.0,766.4771,128.8369,633.6043,4.66796,2.2779,2.73288,0.48799,0.3437,0.0127,0.0,22.25,1.17105,djf,249.95,4.40441,jja,2.88939,0.61898,1.8798,1.4704,0.67268,161.8,0.9847,7.3161,1.35,1.125,0.6,4.0,0.0,acid_plutonic_rocks,55.81,siliciclastic_sedimentary_rocks,39.27,2.08,0.0849,-13.0,35.239,25.6793,39.1078,19.568,948.6796,2648.4957,0.8893,0.0843,0.0,0.0
84551000,44.83504449007529,0.011663409868099658,11.030339894040395,125,1.3177481294067825,rio_pequeno,-28.2094,-49.195,379.0,387.0584,high,89.0,461.3239,105.188,387.0584,4.42619,2.25108,2.74214,0.50858,0.31685,0.0127,0.0,22.15,1.16579,djf,252.0,4.58182,jja,2.94755,0.66593,1.29182,1.78651,0.56717,158.45,0.6525,8.8572,6.45,1.55422,11.65,5.54762,0.0,siliciclastic_sedimentary_rocks,63.76,acid_plutonic_rocks,27.84,5.52,0.1289,-14.3482,35.2239,25.4653,39.3263,22.2025,1193.9716,2115.2134,4.0268,0.3743,0.0,0.0
84559800,44.0,0.15151515151515152,13.47496880270612,125,1.0314921684717517,braco_do_norte-montante,-28.2389,-49.1631,1515.0,1492.303,high,73.0,561.7691,106.7848,1492.303,4.5547,2.28564,2.70031,0.50182,0.34612,0.0,0.0,21.05,1.17598,djf,242.7,4.19171,jja,2.01655,0.44274,1.11487,1.49988,0.64956,166.15,0.686,5.4148,1.85,1.27586,0.6,1.71429,0.0,acid_plutonic_rocks,51.29,siliciclastic_sedimentary_rocks,43.15,2.78,0.0926,-13.6291,35.7074,25.028,39.2893,19.8995,1071.7465,2327.7193,3.1794,0.432,7.0,0.6373
84560000,44.83504449007529,0.14393014167073767,16.026845577222634,125,1.2685149604548147,sao_ludgero_i,-28.3258,-49.1792,1690.0,1697.8,high,51.0,524.0814,102.1489,1697.8,4.50344,2.28564,2.70031,0.50753,0.34775,0.0,0.0,20.8,1.17183,djf,241.55,4.17907,jja,2.44192,0.54223,1.21163,1.57475,0.64391,165.3,0.8019,6.7697,1.05,1.23529,0.2,1.33333,0.0,acid_plutonic_rocks,52.85,siliciclastic_sedimentary_rocks,41.2,2.45,0.0903,-13.6867,35.9667,24.7477,39.3069,19.6627,1081.2181,2270.1229,3.8495,0.4319,7.0,0.4626
84580000,44.83504449007529,0.04189057156814851,16.51321381891872,125,1.4532354168802868,rio_do_pouso,-28.4206,-49.1064,2740.0,2753.895,high,20.0,489.5435,105.934,2753.895,4.37894,2.29914,2.63165,0.52504,0.33331,0.0,0.0,20.05,1.1657,djf,238.05,4.1364,jja,2.47703,0.56404,1.07442,1.75144,0.61159,161.73684,0.741,7.0181,2.86018,1.62857,1.95697,3.25,0.0,siliciclastic_sedimentary_rocks,47.43,acid_plutonic_rocks,41.58,3.01,0.1066,-13.8673,35.532,24.7834,39.7083,21.0252,1051.2056,2218.8865,4.7355,0.5238,7.0,0.2811
84598002,44.83504449007529,0.05819491939423547,41.07063385838471,125,1.1533242847068934,sao_martinho_-_jusante,-28.1656,-48.9717,620.0,622.4109,high,42.0,549.8823,102.1847,622.4109,4.61599,2.39373,2.86376,0.51857,0.39583,0.00635,0.0,22.25,1.17414,djf,247.95,4.39628,jja,2.44,0.5286,2.55932,1.20582,0.72058,172.4,0.9939,5.7154,1.5,1.42857,0.0,0.0,0.0,acid_plutonic_rocks,95.97,siliciclastic_sedimentary_rocks,3.59,0.0,0.0168,-13.945,38.1078,23.2464,38.6733,17.7483,861.391,2259.5299,2.2128,0.2485,13.0,2.3452
84600000,42.001368925393564,0.02385763639919171,38.5374640627535,125,1.7377411364787636,armazem_capivari,-28.2606,-49.0147,770.0,773.1896,high,22.0,487.5804,97.5848,773.1896,4.5501,2.39373,2.86376,0.52608,0.39126,0.00635,0.0,21.9,1.17112,djf,245.65,4.36711,jja,2.50856,0.55132,1.91321,1.30171,0.72749,170.4,0.9638,5.82712,1.15,1.64286,0.0,0.0,0.0,acid_plutonic_rocks,95.83,siliciclastic_sedimentary_rocks,3.81,0.0,0.0177,-13.9462,38.5186,22.91,38.5969,17.6113,900.6587,2208.4,2.8097,0.3069,13.0,1.8363
84949000,44.824093086926766,0.10994380649890056,5.967320469347337,125,1.2757233016384628,turvo,-28.9422,-49.7022,336.0,389.9933,medium,29.0,507.1304,158.0566,389.9933,4.79175,2.30115,2.60199,0.48023,0.2328,0.0427,0.0,22.55,1.19947,djf,252.55,4.41135,jja,2.94289,0.61161,1.38432,3.32501,0.33804,154.05882,0.1803,13.0745,32.14728,2.38868,119.49851,7.56592,0.0,siliciclastic_sedimentary_rocks,48.45,basic_volcanic_rocks,28.4,0.0,0.1709,-12.279,34.494,25.3331,40.2015,25.464,1183.428,1215.9343,53.3823,4.9697,0.0,0.0
84949800,43.709787816563995,0.08800501096147824,3.969076090788299,125,1.3939963022310866,ermo,-28.9725,-49.6372,863.0,905.668,high,12.0,365.1764,121.6325,905.668,4.72025,2.30115,2.60199,0.48751,0.22985,0.0478,0.0,22.15,1.17507,djf,248.9,4.3438,jja,3.27353,0.69064,1.63647,3.27481,0.33547,157.11111,0.2229,13.6444,27.8512,2.04833,111.60697,7.16883,0.0,siliciclastic_sedimentary_rocks,52.04,basic_volcanic_rocks,25.92,0.0,0.1819,-12.0702,33.9367,24.2308,41.8535,24.4574,1199.5415,1050.6081,91.205,7.6333,0.0,0.0
84950000,31.082819986310746,0.006958513168325553,3.8544509286382973,125,1.7017552013750665,taquarucu,-28.9583,-49.6014,970.0,970.9401,high,8.0,341.8754,113.8951,970.9401,4.65986,2.30115,2.60199,0.49382,0.23121,0.0478,0.0,21.8,1.1689,djf,247.75,4.28633,jja,3.71934,0.79483,1.17288,3.20702,0.37633,157.05556,0.3739,14.35245,19.30882,1.89109,93.208,6.72993,0.0,siliciclastic_sedimentary_rocks,51.05,basic_volcanic_rocks,24.2,0.0,0.1869,-11.9831,34.4237,24.1188,41.48,24.1506,1261.2907,841.9129,98.3794,7.2468,0.0,0.0
85400000,44.498288843258045,0.001907340183350766,32.78532669442791,125,2.169505754223211,dona_francisca,-29.6269,-53.3528,14000.0,14856.05,medium,41.0,429.5034,34.9619,14856.05,4.91323,2.40491,2.42257,0.48948,-0.02405,0.0895,0.0,21.9,1.18378,son,233.45,4.01807,jja,2.33988,0.47693,2.01773,1.5749,0.67783,166.47368,0.783,6.299,1.75746,1.84211,3.81619,1.68889,0.0,basic_volcanic_rocks,66.34,acid_volcanic_rocks,18.06,0.0,0.1063,-12.6964,25.3659,24.9207,49.7162,18.5833,983.0122,1808.1596,8.6896,1.0175,5333.0,42.0321
85438000,44.498288843258045,0.15234110625730635,24.053779545653114,125,2.6327458210050625,restinga_seca,-29.8011,-53.3689,932.0,922.9694,high,41.0,192.2719,47.0719,922.9694,4.74098,2.2948,2.49096,0.48403,-0.00224,0.08147,0.0,24.7,1.18465,son,257.95,4.60625,jja,2.17339,0.45501,1.81484,3.99766,0.43906,206.5,0.0344,8.4002,15.08664,4.4697,110.10687,14.0719,0.0,siliciclastic_sedimentary_rocks,52.52,unconsolidated_sediments,19.44,0.0,0.1658,-13.4835,35.4972,26.4658,38.0507,16.5855,1298.8381,929.2807,49.6507,6.2589,53.0,7.2387
85470000,44.498288843258045,0.013166799975389158,10.921219809702697,125,2.9110717226967204,ponte_sao_gabriel,-30.3597,-54.3133,965.0,964.6347,high,93.0,184.6751,18.6401,964.6347,4.15604,2.30472,2.26347,0.55455,0.0132,0.08307,0.0,25.6,1.22196,son,267.25,4.98601,jja,1.6957,0.40982,2.01193,2.88729,0.39807,179.77778,0.1159,7.29936,25.77461,4.24167,97.12318,12.78667,0.0,siliciclastic_sedimentary_rocks,38.9,metamorphics,34.71,2.42,0.1106,-13.9464,42.7292,23.4347,33.8619,11.34,1142.7581,902.2655,28.1562,4.5492,40.0,6.6997
85480000,44.498288843258045,0.013228327078077893,18.636480384289296,125,2.9384842057020935,passo_do_rocha,-30.2314,-53.9853,2970.0,2990.191,high,69.0,172.9224,21.8527,2990.191,4.19566,2.30751,2.26312,0.54997,0.00505,0.0858,0.0,24.9,1.21168,mam,261.0,4.7846,jja,1.60135,0.38167,2.18886,3.72055,0.44911,205.35,0.0814,6.35976,21.5,5.51282,105.3,16.32558,0.0,siliciclastic_sedimentary_rocks,39.23,metamorphics,24.12,1.13,0.1322,-13.5583,42.5585,23.4791,33.9873,11.6467,1288.2105,921.8678,25.9673,4.4427,71.0,4.0624
85600000,44.498288843258045,0.011320986894727127,27.173144641635893,125,3.088581711749806,passo_das_tunas,-29.9258,-53.4167,6780.0,6846.882,high,43.0,127.4003,18.5327,6846.882,4.27277,2.3256,2.26627,0.54428,0.00166,0.0789,0.0,24.35,1.17918,son,252.65,4.52778,jja,1.79128,0.42082,2.27238,3.51561,0.48371,196.77778,0.13,7.06534,22.9389,7.30645,107.20009,18.09402,0.0,siliciclastic_sedimentary_rocks,59.16,unconsolidated_sediments,21.01,0.49,0.1668,-13.8477,41.3789,24.4498,34.1859,12.3588,1518.3088,688.9137,31.3106,4.7889,151.0,3.3731
85610000,44.498288843258045,0.042884390574047866,4.351962030344534,125,0.6902731282868197,passo_dos_freires,-30.4356,-53.7139,62.0,62.258,high,216.0,323.6331,37.5351,62.258,4.51668,2.25358,2.39324,0.49894,-0.0403,0.10635,0.0,26.25,1.17188,mam,276.7,5.4043,jja,2.20094,0.48946,2.30873,4.59742,0.31742,196.55556,0.0527,8.1615,31.95241,2.77974,163.10415,16.26768,0.0,acid_volcanic_rocks,40.53,siliciclastic_sedimentary_rocks,21.94,0.0,0.13,-12.5,35.5727,24.4547,39.9599,17.5082,715.8034,2583.2153,19.3703,2.4112,0.0,0.0
85623000,44.498288843258045,0.12120839229680674,12.167768023939164,125,1.528134720977138,sao_sepe_-_montante,-30.1942,-53.5633,690.0,685.2362,high,77.0,232.2668,30.9243,685.2362,4.44459,2.30091,2.31908,0.51769,-0.03687,0.1003,0.0,25.1,1.1784,son,264.7,4.87926,jja,2.15247,0.48429,2.05428,3.39049,0.38574,204.5,0.1717,8.4229,21.8,2.10628,117.2,14.38037,0.0,acid_plutonic_rocks,26.68,intermediate_volcanic_rocks,25.52,0.0,0.0754,-13.4921,41.0435,22.955,36.0294,14.0635,948.1935,1622.8007,23.4161,2.9805,0.0,0.0
85642000,44.498288843258045,0.04153079431489571,35.66782429510122,125,3.103907346782888,passo_sao_lourenco,-30.0078,-53.0156,27300.0,27147.72,high,27.0,295.515,30.4929,27147.72,4.66666,2.37172,2.36278,0.50823,-0.0186,0.08889,0.0,22.15,1.15365,son,228.25,3.94555,jja,2.12336,0.45654,1.44769,1.56669,0.66554,184.38889,0.63594,6.12782,0.0,0.0,7.79821,3.5,0.0,basic_volcanic_rocks,37.66,siliciclastic_sedimentary_rocks,31.73,0.12,0.1339,-13.1088,31.9135,25.0648,43.0297,16.3001,1231.3759,1280.913,23.2843,3.0043,5541.0,26.3353
85900000,44.498288843258045,0.011320986894727127,37.53780424094171,125,2.8395998587235582,rio_pardo,-29.995,-52.3756,38700.0,38543.45,high,26.0,263.7262,33.7013,38543.45,4.59787,2.35211,2.35253,0.51157,-0.02502,0.10122,0.0,22.2,1.15325,son,229.55,4.04137,jja,2.18261,0.47632,1.58387,2.21821,0.64009,182.05556,0.55932,6.5488,0.0,0.0,6.68418,6.6,0.0,siliciclastic_sedimentary_rocks,36.11,basic_volcanic_rocks,30.42,0.09,0.1382,-13.2524,33.1572,25.4571,41.393,16.101,1269.0027,1264.4229,24.9531,3.1322,5639.0,18.3647
86100000,44.41615331964408,0.003020403131356716,7.637165931210599,125,1.6479515103418794,passo_do_gabriel,-28.8056,-50.495,1820.0,1750.858,high,597.0,986.8924,58.9629,1750.858,4.76736,2.33084,2.66409,0.48892,0.14105,0.0541,0.0,22.15,1.18767,djf,245.25,4.29886,jja,2.94259,0.61714,1.85892,2.58195,0.41889,163.88889,0.3021,9.7253,12.03117,2.07895,63.50629,7.53614,0.0,acid_volcanic_rocks,95.38,basic_volcanic_rocks,4.62,0.0,0.09,-12.5,29.5654,27.4923,42.9405,24.5061,870.7744,2177.7016,0.9252,0.0861,0.0,0.0
86160000,44.498288843258045,0.011567095305482064,6.85178205994972,125,1.2841654269644096,passo_tainhas,-28.8681,-50.4561,1120.0,1115.214,high,659.0,898.7823,35.1189,1115.214,5.00398,2.28677,2.55663,0.45699,0.11298,0.0616,0.0,22.85,1.16582,djf,246.05,4.39768,jja,2.25324,0.45077,1.91486,2.6254,0.44273,179.66667,0.1673,7.6282,11.69732,1.55034,64.51248,8.60811,0.0,acid_volcanic_rocks,98.81,basic_volcanic_rocks,1.19,0.0,0.09,-12.5,29.4023,26.7629,43.8301,26.0236,870.9441,1514.2619,0.9992,0.1215,0.0,0.0
86410000,44.498288843258045,0.014151233618408908,13.31550124131062,125,1.9565391028206114,passo_barra_do_guaiaveira,-28.7392,-51.425,2820.0,2813.692,high,417.0,774.4767,32.3032,2813.692,4.8523,2.3176,2.44161,0.47763,0.01825,0.0768,0.0,22.9,1.18041,son,244.4,4.29148,jja,2.29098,0.47467,1.89702,2.53818,0.50591,180.52632,0.2256,7.5636,8.67362,2.0,57.03407,10.77143,0.0,basic_volcanic_rocks,66.09,acid_volcanic_rocks,33.91,0.0,0.09,-12.5,20.7074,27.6143,51.7044,18.2961,1074.0993,1545.0553,1.9481,0.233,10.0,0.425
86420000,44.498288843258045,0.00756783363071433,12.492191118260633,125,1.9463729589025098,ponte_do_prata,-28.6775,-51.6081,317.0,312.8192,high,629.0,733.6902,30.9682,312.8192,4.94446,2.33217,2.51454,0.47167,0.00812,0.0884,0.0,24.5,1.18072,son,258.3,4.73077,jja,2.6805,0.54477,1.24124,2.37511,0.50115,171.5,0.3314,9.3336,8.70969,2.38889,60.56273,11.28302,0.0,acid_volcanic_rocks,65.02,basic_volcanic_rocks,34.98,0.0,0.09,-12.5,20.4181,27.7432,51.8441,19.745,1014.0004,1680.7306,2.6378,0.2696,0.0,0.0
86480000,44.492813141683776,0.01532213402252169,12.028422525184562,125,1.4817071128968067,passo_migliavaca,-28.6189,-51.8558,1330.0,1277.477,high,482.0,723.9587,50.5123,1277.477,5.05293,2.4013,2.48183,0.47523,0.00775,0.09515,0.0,22.5,1.15681,son,247.8,4.33975,jja,2.39906,0.47479,2.1346,2.79136,0.43677,174.25,0.1871,8.5726,13.5,2.07692,78.5,10.19481,0.0,acid_volcanic_rocks,83.25,basic_volcanic_rocks,16.75,0.0,0.09,-12.566,22.5024,28.1127,49.3634,18.4501,864.1372,2799.1738,2.8123,0.3212,0.0,0.0
86500000,43.66598220396988,0.0,7.727115290122468,125,1.7036979027436947,passo_carreiro,-28.8489,-51.8325,1820.0,1812.283,high,303.0,677.1567,52.4284,1812.283,5.01777,2.37934,2.50738,0.47418,-0.00059,0.09515,0.0,22.6,1.17403,son,245.65,4.29458,jja,2.52422,0.50306,2.01242,2.91088,0.42545,175.2,0.1905,8.4101,13.7,2.0916,77.45,11.47407,0.0,acid_volcanic_rocks,80.45,basic_volcanic_rocks,19.55,0.0,0.09,-12.5464,22.928,28.0701,48.9818,18.7105,831.7348,2805.2095,3.7895,0.4113,33.0,1.9764
86510000,44.24914442162902,0.0,9.060901031451689,125,1.9327367292084248,mucum,-29.1672,-51.8686,16000.0,15847.53,high,53.0,752.3554,58.725,15847.53,4.84204,2.29534,2.56933,0.47404,0.02893,0.06877,0.0,21.05,1.16298,son,230.15,4.02712,jja,2.34033,0.48333,2.12756,2.68807,0.46921,175.45,0.24294,7.9055,10.95,2.00917,61.75,9.35606,0.0,acid_volcanic_rocks,67.7,basic_volcanic_rocks,32.3,0.0,0.09,-12.5053,24.893,28.0407,47.0636,20.3713,884.0051,2166.7591,2.8293,0.3312,647.0,4.7794
86560000,44.33127994524298,0.015192687747035574,9.447618736574192,125,1.6537131490103611,linha_colombo,-28.9122,-51.9531,2030.0,2029.995,high,235.0,592.2286,59.7204,2029.995,5.07008,2.37739,2.52847,0.4689,-0.02099,0.09743,0.0,22.75,1.1849,son,244.55,4.28659,jja,2.53968,0.50091,2.30081,2.78155,0.4487,180.8,0.2698,9.4978,15.4,2.36923,70.5,8.54545,0.0,acid_volcanic_rocks,72.33,basic_volcanic_rocks,27.67,0.0,0.09,-12.7669,23.6629,27.5214,48.8075,19.1459,777.6911,2614.9508,2.9133,0.3143,42.0,2.2319
86580000,44.33127994524298,0.013031126482213438,17.183573448526896,125,1.1498118909613477,santa_lucia,-29.1197,-51.9119,2470.0,2456.094,high,64.0,563.0312,65.017,2456.094,5.02412,2.37739,2.52847,0.47319,-0.03427,0.09922,0.0,22.55,1.18063,son,242.55,4.23668,jja,2.57041,0.51161,2.07377,2.66877,0.44604,170.1,0.2769,8.4985,13.4,2.2906,70.85,9.32237,0.0,acid_volcanic_rocks,63.75,basic_volcanic_rocks,36.25,0.0,0.09,-12.7201,23.6585,27.6163,48.7173,19.0548,770.7396,2701.5602,2.9322,0.3125,42.0,1.8227
86700000,35.19507186858316,0.0,4.335350110368125,125,1.8358679117757233,ponte_jacare,-29.1886,-51.9219,436.0,428.9783,high,104.0,477.5352,92.4807,428.9783,4.8369,2.26475,2.6505,0.46822,-0.05874,0.1021,0.0,23.5,1.16049,jja,254.2,4.57606,jja,2.76487,0.57162,1.2444,3.51398,0.35779,172.0,0.16744,10.2962,20.75,2.96429,113.05,10.97573,0.0,basic_volcanic_rocks,52.21,acid_volcanic_rocks,47.79,0.0,0.09,-12.5,23.3023,29.1077,47.564,18.3848,625.6585,3535.1446,2.9433,0.2917,0.0,0.0
86745000,44.24914442162902,0.006372973641876005,4.110794170729873,125,1.2092681475627598,passo_do_coimbra,-29.2161,-52.1622,791.0,790.4005,high,86.0,596.101,76.905,790.4005,4.93996,2.28157,2.53702,0.46186,-0.04427,0.1025,0.0,23.75,1.17284,jja,249.7,4.36157,jja,2.29371,0.46675,1.95728,2.8361,0.39875,180.47368,0.1236,8.2879,16.44455,2.40441,80.81464,7.99502,0.0,acid_volcanic_rocks,73.82,basic_volcanic_rocks,26.18,0.0,0.09,-12.8021,24.9543,27.9706,47.0688,17.2048,682.3074,2942.4814,1.6772,0.2003,15.0,2.2668
87160000,44.33127994524298,0.008337450592885376,8.03091768675151,125,1.2293108621158035,nova_palmira,-29.3356,-51.1889,2030.0,2012.684,high,64.0,747.4948,72.1398,2012.684,4.95251,2.29902,2.65524,0.46421,0.0094,0.0673,0.0,22.8,1.14,son,243.4,4.27018,jja,2.0469,0.41394,2.22486,2.64924,0.49317,188.17647,0.2697,6.8134,9.66135,2.375,51.86621,6.53846,0.0,acid_volcanic_rocks,86.62,basic_volcanic_rocks,12.94,0.0,0.0907,-12.4997,28.6072,27.774,43.6115,20.6853,825.4208,2198.5357,4.234,0.5667,0.0,0.0
87170000,44.498288843258045,0.00898295699255522,11.281152752003575,125,2.384831990587225,barca_do_cai,-29.59,-51.3833,3030.0,3001.902,high,14.0,615.5709,83.9495,3001.902,4.8274,2.2997,2.66403,0.47639,-0.0065,0.0739,0.0,22.4,1.15762,son,239.75,4.16594,jja,1.93044,0.40065,2.01069,2.83372,0.45351,190.35294,0.2233,7.19572,13.3225,2.62,62.6971,7.08621,0.0,acid_volcanic_rocks,67.05,basic_volcanic_rocks,27.72,0.0,0.0991,-12.4523,28.9696,27.5706,43.4526,18.6724,833.2962,2357.8861,5.4475,0.7731,0.0,0.0
87270000,35.00068446269678,0.010638297872340425,11.157036695175597,125,3.005249087196908,passo_montenegro,-29.7011,-51.4411,4360.0,4434.824,high,9.0,501.5473,81.5017,4434.824,4.67699,2.30075,2.65168,0.49193,-0.02334,0.0739,0.0,22.35,1.16406,son,239.4,4.16348,jja,1.54582,0.33091,1.46673,2.12079,0.51166,199.35294,0.2446,5.7376,9.98173,3.11111,34.32494,4.58503,0.0,acid_volcanic_rocks,51.29,basic_volcanic_rocks,35.4,0.0,0.1125,-12.4471,29.8764,27.0749,43.049,17.3382,901.4126,2281.926,6.5351,1.1583,0.0,0.0
87317060,35.00068446269678,0.05240926157697121,67.37899141358929,125,2.4985614380107775,barra_do_joao_pedro_montante,-29.7708,-50.085,1720.0,1759.404,high,2.0,339.1822,121.8648,1759.404,4.49438,2.51938,2.83155,0.56056,0.10307,0.05653,0.0,22.6,1.18635,djf,248.75,4.3794,jja,2.14756,0.47667,1.26801,1.51711,0.83474,182.82353,0.8264,4.5363,0.0,0.0,0.0,0.0,0.0,acid_volcanic_rocks,31.17,basic_volcanic_rocks,28.27,0.0,0.1548,-12.0454,34.6906,25.9085,39.4071,24.344,1192.3371,589.0922,4.8645,0.6206,0.0,0.0
87380000,44.498288843258045,0.009475173814065097,16.74274022645499,125,3.1947182407986756,campo_bom,-29.6917,-51.0461,2900.0,2883.128,high,13.0,325.5556,102.5944,2883.128,4.38933,2.32407,2.65782,0.52948,-0.01959,0.08495,0.0,23.25,1.17722,son,245.15,4.32745,jja,2.36028,0.53805,1.75066,2.91946,0.56312,186.0,0.4236,6.8549,0.76615,2.14286,27.93899,6.36047,0.0,basic_volcanic_rocks,46.45,siliciclastic_sedimentary_rocks,28.24,0.0,0.1492,-12.1899,32.598,26.3271,41.0857,17.1121,1138.0075,2172.3902,13.1187,1.5228,332.0,13.3665
87382000,44.498288843258045,0.007629360733403064,19.039075945067275,125,3.5289757052332096,sao_leopoldo,-29.7589,-51.1483,3130.0,3137.327,high,9.0,304.4391,97.234,3137.327,4.35842,2.33221,2.63808,0.53511,-0.02562,0.08495,0.0,23.1,1.17557,son,244.85,4.31834,jja,2.41453,0.55481,1.70045,2.82654,0.58583,189.82353,0.4193,6.9474,0.50863,2.0,27.97486,5.0,0.0,basic_volcanic_rocks,43.25,siliciclastic_sedimentary_rocks,32.25,0.0,0.1542,-12.264,33.2758,26.0601,40.6761,17.0888,1176.8686,2100.2401,14.9633,1.6979,332.0,12.0075
87399000,44.16427104722793,0.006013266381501457,20.457497674008362,125,3.244058726679036,passo_das_canoas_-_auxiliar,-29.9644,-50.9778,1410.0,1407.151,high,7.0,48.0806,18.606,1407.151,3.89613,2.5548,2.44291,0.65573,-0.08939,0.111,0.0,24.25,1.1715,jja,254.8,4.56222,mam,1.36851,0.35186,1.91137,3.38175,0.57311,212.88889,0.1463,4.7038,2.07759,4.1,69.57384,17.60256,0.0,unconsolidated_sediments,54.86,siliciclastic_sedimentary_rocks,35.73,0.0,0.2388,-10.9916,42.3793,23.2586,34.3482,16.5463,2233.1509,152.4008,58.3414,11.6798,0.0,0.0
88750000,44.498288843258045,0.024487786870116286,7.238515323014272,125,1.15314112070228,passo_dos_carros,-31.7139,-52.4767,131.0,131.2175,high,24.0,128.2202,32.7684,131.2175,4.11973,2.2051,2.34598,0.53525,-0.02312,0.1478,0.0,25.0,1.25313,jja,272.85,5.27246,djf,2.12602,0.5178,1.6791,3.2553,0.36195,197.94737,0.1231,8.91415,24.1525,2.17647,114.73691,10.38636,0.0,metamorphics,81.43,acid_plutonic_rocks,12.47,0.0,0.0228,-13.8948,39.9983,22.7156,37.2994,15.863,1299.4507,1196.3894,20.363,2.6241,0.0,0.0
88850000,44.498288843258045,0.023626407432474003,5.371094469399594,125,1.0463473538340218,ponte_cordeiro_de_farias,-31.5736,-52.4625,386.0,377.8542,high,37.0,225.3391,38.2254,377.8542,4.30378,2.20789,2.31048,0.51301,-0.02522,0.14713,0.0,24.8,1.23383,jja,267.55,5.00093,jja,2.43486,0.5648,1.3927,2.17706,0.41168,198.1,0.3348,7.88504,14.73025,1.8375,54.21132,9.49123,0.0,metamorphics,54.13,acid_plutonic_rocks,45.87,0.0,0.01,-14.1,38.3156,22.4777,39.1959,17.0986,999.4321,2137.0959,10.4754,1.1787,0.0,0.0
