gauge_id,start_date_used,end_date_used,n_years,missing_fraction,zero_flow_fraction,tau_acf_days,n_beta_rows,median_beta_all,station_name,drainage_division,river_region,notes,lat_outlet,long_outlet,lat_centroid,long_centroid,map_zone,catchment_area,state_outlet,state_alt,daystart,daystart_P,daystart_Q,nested_status,next_station_ds,num_nested_within,start_date,end_date,prop_missing_data,q_uncert_unique_curves,q_uncert_rmse_all,q_uncert_rmse_lower,q_uncert_rmse_upper,q_uncert_days_above,q_uncert_Q_above,p_mean,pet_mean,aridity,p_seasonality,frac_snow,high_prec_freq,high_prec_dur,high_prec_timing,low_prec_freq,low_prec_dur,low_prec_timing,sig_mag_BaseMag,sig_mag_BFI,sig_mag_Q_7_day_max,sig_mag_Q_7_day_min,sig_mag_Q_CoV,sig_mag_Q_mean,sig_mag_Q_skew,sig_mag_Q_var,sig_mag_Q5,sig_mag_Q95,sig_mag_VarIdx,sig_freq_high_Q_freq,sig_freq_low_Q_freq,sig_freq_zero_Q_freq,sig_dur_RespTime,sig_dur_high_Q_dur,sig_dur_low_Q_dur,sig_dur_zero_Q_dur,sig_timing_HFD_mean,sig_timing_HFI_mean,sig_roc_AC1,sig_roc_AC1_low,sig_roc_BaseRecesK,sig_roc_FDC_slope,sig_roc_FlashIdx,sig_roc_RecesK_early,sig_roc_RecesVarSeasonality,sig_roc_RLD,sig_other_EventRR,sig_other_PeakDistribution,sig_other_PeakDistribution_low,sig_other_QP_elasticity,sig_other_RR_seasonality,sig_other_SnowDayRatio,sig_other_SnowStorage,sig_other_Spearmans_rho,sig_other_StorageFromBase,sig_other_TotalRR,sig_other_ratio_Event_TotalRR,geol_prim,geol_prim_prop,geol_sec,geol_sec_prop,unconsoldted,igneous,silicsed,carbnatesed,othersed,metamorph,sedvolc,oldrock,claya,clayb,sanda,solum_thickness,ksat,solpawhc,elev_min,elev_max,elev_mean,elev_range,mean_slope_pct,upsdist,strdensity,strahler,elongratio,relief,reliefratio,mrvbf_prop_0,mrvbf_prop_1,mrvbf_prop_2,mrvbf_prop_3,mrvbf_prop_4,mrvbf_prop_5,mrvbf_prop_6,mrvbf_prop_7,mrvbf_prop_8,mrvbf_prop_9,confinement,lc01_extracti,lc03_waterbo,lc04_saltlak,lc05_irrcrop,lc06_irrpast,lc07_irrsuga,lc08_rfcropp,lc09_rfpastu,lc10_rfsugar,lc11_wetlands,lc14_tussclo,lc15_alpineg,lc16_openhum,lc18_opentus,lc19_shrbsca,lc24_shrbden,lc25_shrbope,lc31_forclos,lc32_foropen,lc33_woodope,lc34_woodspa,lc35_urbanar,prop_forested,nvis_grasses_n,nvis_grasses_e,nvis_forests_n,nvis_forests_e,nvis_shrubs_n,nvis_shrubs_e,nvis_woodlands_n,nvis_woodlands_e,nvis_bare_n,nvis_bare_e,nvis_nodata_n,nvis_nodata_e,distupdamw,impound_fac,flow_div_fac,leveebank_fac,infrastruc_fac,settlement_fac,extract_ind_fac,landuse_fac,catchment_di,flow_regime_di,river_di,pop_mean,pop_max,pop_gt_1,pop_gt_10,erosivity,anngro_mega,anngro_meso,anngro_micro,gromega_seas,gromeso_seas,gromicro_seas,npp_ann,npp_1,npp_2,npp_3,npp_4,npp_5,npp_6,npp_7,npp_8,npp_9,npp_10,npp_11,npp_12
912101A,1969-12-13,2014-12-31,45.05133470225873,0.006806441810999696,0.0,6.007321321348993,125,2.8662826150914773,Gregory River at Gregory Downs (912101A),Carpentaria Coast,NICHOLSON-LEICHHARDT RIVERS,No notes,-18.643611,139.253056,-19.30363825,138.5532101,54,12577.3,QLD,NT,1400,2300,2300,Not nested,,1,19691213,20141231,0.006806442,,,,,,,1.239927,4.968251,4.006889,1.277146,0.0,20.306149,1.694674,djf,309.940689,13.236084,jja,0.088548127,0.278888967,103.2685314,0.04410227,6.250492819,0.154611662,16.83953448,0.933927192,0.0133314,0.32573525,0.292867327,0.059597381,0.547329132,0.0,2,4.821782178,30.21959459,0.0,263.0294118,110.0882353,0.811334849,0.774424917,0.082341251,-1.916732852,0.484892161,0.154507924,2.538455941,0.427471117,0.042370201,-6.157808024,-2.18062251,1.823997607,0.676326266,0.0,36.92000949,-0.656519088,192.1315654,0.110230557,0.384378003,CARBNATESED,0.4328571,UNCONSOLDTED,0.3242219,0.3242219,0.00192532,0.22725,0.4328571,0.0,0.0137399,0.0,0.1679398,28.83052,44.27143,46.33117,0.858042069,79.17789,89.2282,70,431.7245,233.2221,361.7245,3.06,269.3436,0.66543,6,0.469806,0.467096,0.001383,0.3174,0.0249,0.1087,0.2296,0.0737,0.0697,0.0853,0.0628,0.0279,0.0,0.21,0.0,0.0,0.0,8e-05,0.0,0.0,0.0,3e-05,0.0,0.00015,0.03416,0.0,0.13584,0.16111,0.23637,0.16403,0.0072,0.00015,0.00772,0.20666,0.04651,0.0,0.26104,28.06002,28.06002,0.0,0.0,0.0,0.0,71.93961,71.93961,0.0,0.0,0.0,0.0,269.3436,0.0,0.0,0,0.02033,0.01198,0.0,0.498007,0.081943,0.116348,0.099146,0.008558,8.257136,9.7e-05,0.0,2468.868,0.153716,0.046646,0.000296,111.4835,77.93024,256.5706,0.417364,0.061043,0.066953,0.079221,0.028471,0.03352,0.022459,0.016778,0.002405,0.004844,0.016939,0.035642,0.046875
912105A,1968-05-03,2014-12-31,46.66392881587954,0.09017836188688101,0.0,6.830219944025122,125,2.6249890149147785,Gregory River at Riversleigh No. 2 (912105A),Carpentaria Coast,NICHOLSON-LEICHHARDT RIVERS,No notes,-18.970833,138.803333,-19.33367169,138.5089111,54,11392.9,QLD,NT,1400,2300,2300,Level 1,912101A,0,19680503,20141231,0.090178362,,,,,,,1.227287,4.956468,4.038555,1.273827,0.0,20.351094,1.673319,djf,311.09128,13.377658,jja,0.071328,0.252596026,100.4040762,0.04624832,5.290338162,0.178819653,13.31769202,0.89494709,0.0144849,0.53530357,0.304693658,0.072612369,0.568323983,0.0,1,4.895652174,30.07849829,0.0,273.32,103.8,0.82708636,0.759899417,0.153446406,-1.795139059,0.469615591,0.226484525,2.851480579,0.45254602,0.059732538,-7.828136301,-1.254491016,1.580726181,0.728120351,0.0,36.88850246,-0.778926753,210.3210982,0.131529121,0.454139261,CARBNATESED,0.4827987,UNCONSOLDTED,0.3246572,0.3246572,0.00126402,0.1805216,0.4827987,0.0,0.01075708,0.0,0.1094568,30.0,21.0,40.0,0.899999569,80.55704,90.64217,118,431.7245,240.4782,313.7245,2.74,179.6501,0.646987,6,0.668421,0.386313,0.001735,0.3086,0.0226,0.1078,0.231,0.0724,0.0699,0.0905,0.0664,0.0308,0.0,1.0,0.0,0.0,0.0,0.0,0.0,0.0,0.0,0.0,0.0,2e-05,0.03615,0.0,0.14695,0.15955,0.24218,0.17369,0.0079,0.00012,0.00528,0.19401,0.03418,0.0,0.23359,29.51683,29.51683,0.0,0.0,0.0,0.0,70.483,70.483,0.0,0.0,0.0,0.0,179.6501,0.0,0.0,0,0.0,0.0,0.0,0.285714,0.081591,0.13273,0.107161,0.007364,0.016915,0.0,0.0,2413.231,0.15267,0.046707,0.000319,110.7757,76.67461,255.3918,0.399448,0.057827,0.063842,0.076032,0.027316,0.032327,0.021844,0.017243,0.002405,0.004755,0.016132,0.03341,0.044226
915011A,1971-09-23,2014-12-31,43.27446954140999,0.04175629507781855,0.4748448435230424,5.442868733135136,125,0.9805911091544427,Porcupine Creek at Mt Emu Plains (915011A),Carpentaria Coast,FLINDERS-NORMAN RIVERS,No notes,-20.1775,144.524444,-20.05424539,144.4836408,55,565.3,QLD,,1400,2300,2300,Not nested,,0,19710923,20141231,0.041756295,,,,,,,1.932778,4.660008,2.411042,1.131418,0.0,21.879224,1.788391,djf,297.436991,11.308612,jja,0.122790626,0.10454471,109.7495047,0.0,7.023210755,0.167457336,26.65714671,1.383183364,0.0,0.47116045,1.08364625,0.304238743,0.858576522,0.474844844,1,21.43255814,50.99607843,51.0070922,283.7368421,33.05263158,0.606535384,0.389049161,0.261773682,,0.721981096,0.411288463,2.103760765,0.441297935,0.04031919,-10.09998228,-6.090787518,2.259663929,2.793575827,0.0,110.7870603,-0.943273729,351.2351455,0.079991119,0.504045824,IGNEOUS,0.8937055,UNCONSOLDTED,0.1054904,0.1054904,0.8937055,0.0008039,0.0,0.0,0.0,0.0,0.0,62.0,62.0,22.0,1.094928487,251.4098,143.9691,739,984.9511,839.4359,245.9511,2.64,40.95667,0.594576,4,0.648115,0.417739,0.006102,0.3331,0.0182,0.1305,0.2167,0.103,0.1314,0.0671,0.0,0.0,0.0,0.3,0.0,0.0,0.0,0.0,0.0,0.0,0.0,0.0,0.0,0.00065,0.06195,0.0,0.00025,0.43122,0.04065,0.00288,0.0001,0.0,0.01009,0.06023,0.39195,0.0,0.46227,0.0,0.0,0.0,0.0,0.0,0.0,100.0,100.0,0.0,0.0,0.0,0.0,40.95667,0.0,0.0,0,0.0,0.0,0.0,0.35,0.213224,0.000682,0.106953,0.006271,0.010079,0.0,0.0,3736.781,0.215409,0.225717,0.016665,110.1856,82.1946,191.9622,1.880438,0.238324,0.228048,0.228245,0.17823,0.192825,0.13706,0.123925,0.084574,0.037268,0.100204,0.153955,0.172525
915206A,1969-10-03,2022-02-28,52.407939767282684,0.06033852262041584,0.7373102796464113,3.449479446134458,125,1.1863270148873923,Dugald River at Railway Crossing (915206A),Carpentaria Coast,FLINDERS-NORMAN RIVERS,No notes,-20.2013,140.2233,-20.42358179,140.0416589,54,657.4,QLD,,1400,2300,2300,Not nested,,0,19691003,20220228,0.060338523,25.0,25.17224396,6.506520348,20.95588825,0.078361718,19.01145866,1.358403,4.970518,3.65909,1.206204,0.0,19.317359,1.748576,djf,315.055429,14.405672,jja,0.047723259,0.042303578,264.8792874,0.0,9.222278993,0.241238081,23.44022755,4.949578788,0.0,0.49244887,1.009843405,0.26268972,0.888919775,0.73731028,1,22.18309859,45.03943662,61.11520737,293.9130435,34.7173913,0.590067503,0.395159485,0.30616124,,0.984826017,0.883970762,3.953278659,0.655857741,0.093730993,-6.242890774,-8.491229927,1.393050445,4.711411096,0.0,55.53810562,-0.934216886,252.1415811,0.15735089,0.595681361,METAMORPH,0.472541,IGNEOUS,0.3533884,0.1118337,0.3533884,0.0079796,0.05075237,0.00350549,0.472541,0.0,0.8812406,39.0,42.0,29.0,0.595819054,214.2022,101.862,173,509.055,278.6803,336.055,6.84,69.08601,0.87428,4,0.419807,0.331171,0.004986,0.4168,0.0451,0.1155,0.2064,0.0683,0.0772,0.0706,0.0001,0.0,0.0,0.63,0.0,0.0002,0.0,0.0,0.0,0.0,0.0,0.0,0.0,2e-05,0.00023,0.0,0.16477,0.04818,0.33761,0.1586,0.00415,0.0,0.0,0.249,0.03722,0.0,0.28622,0.0,0.0,0.0,0.0,0.0,0.0,100.0,100.0,0.0,0.0,0.0,0.0,69.08601,0.0,0.0,0,0.04,0.0,0.0,0.35,0.113226,0.005979,0.059603,0.017094,0.017132,0.0,0.0,3469.507,0.141732,0.048155,0.00068,109.0004,58.29809,249.295,0.500046,0.073108,0.072524,0.092493,0.028148,0.043505,0.031944,0.029813,0.005992,0.007583,0.021992,0.03811,0.053127
917107A,1968-07-24,2022-02-28,53.60164271047228,0.045459188885483705,0.015571489726027397,16.05814152443789,125,1.2461683043539689,Elizabeth Creek at Mount Surprise (917107A),Carpentaria Coast,FLINDERS-NORMAN RIVERS,No notes,-18.133611,144.306667,-18.15229785,144.5243501,55,458.3,QLD,,1400,2300,2300,Not nested,,0,19680724,20220228,0.045459189,16.0,53.38000875,1168.007627,21.19268047,0.132802125,12.28385936,2.031335,4.831321,2.378397,1.306233,0.0,22.059004,1.80044,djf,290.830077,11.550875,jja,0.197626537,0.281223815,198.9963744,0.0,4.917521251,0.292436463,13.24262659,2.068023814,0.00094261,1.0459245,0.641856199,0.105040668,0.637093322,0.01557149,1,9.046082949,46.69019608,13.22727273,277.625,103.0416667,0.743443271,0.694232832,0.112014287,-3.957062211,0.510391784,0.155748432,2.16034671,0.509462366,0.063902319,-8.886823044,-3.631162093,1.947222067,0.643322417,0.0,52.83308334,-0.757613039,326.5554115,0.138845441,0.460240674,IGNEOUS,0.7961738,UNCONSOLDTED,0.1731234,0.1731234,0.7961738,0.0,0.0,0.0,0.03070459,0.0,0.03070459,48.75504,51.01007,27.13539,1.04946749,250.5254,141.7174,438,986.696,628.3557,548.696,3.67,74.66057,0.433036,4,0.349442,0.365989,0.00757,0.3323,0.0301,0.1143,0.1898,0.1528,0.1511,0.0296,0.0,0.0,0.0,0.5,0.0007,0.0,0.0,0.0,0.0,0.0,0.0,0.0,0.0,0.01786,0.16311,0.0,0.0,0.08704,0.00138,4e-05,0.0,0.00213,0.08748,0.00314,0.63708,0.0,0.72983,6.722567,6.722567,0.0,0.0,0.0,0.0,93.27753,93.27753,0.0,0.0,0.0,0.0,74.66057,0.0,0.0,0,0.112281,0.022778,0.2,0.419284,0.151281,0.0,0.075641,0.022853,0.023263,0.0,0.0,4907.553,0.3285,0.314735,0.003021,101.2599,93.93559,219.2057,1.688538,0.237621,0.23829,0.255098,0.169087,0.163391,0.074736,0.064303,0.034086,0.014866,0.074019,0.154662,0.201448
919003A,1967-10-02,2022-02-28,54.41204654346338,0.040203280668209725,0.023905635648754916,9.777264936673598,125,2.5912117144655666,Mitchell River at O.K. Bridge (919003A),Carpentaria Coast,MITCHELL-COLEMAN RIVERS (QLD),No notes,-16.471389,144.290556,-16.64669273,144.8787287,55,7731.7,QLD,,1400,2300,2300,Not nested,,1,19671002,20220228,0.040203281,27.0,12.31206397,24.6314108,7.193974767,0.241521586,12.03298711,2.582436,4.959326,1.920406,1.237015,0.0,19.892655,1.789006,djf,255.314541,8.062163,jja,0.61362182,0.241356286,275.1424019,0.0,3.931291343,0.663461182,10.37506083,6.803016052,0.00148624,3.03787348,0.739615959,0.172214941,0.68146789,0.023905636,1,10.36277603,42.20454545,24.0,302.1276596,83.57446809,0.862928015,0.798533244,0.102408148,-4.29410616,0.399040682,0.207890661,3.927333487,0.442968392,0.140222925,-8.501016037,-4.332532876,2.145037513,1.112753754,0.0,94.34519995,-0.892487217,263.5658896,0.246104575,0.569769681,SILICSED,0.6773531,IGNEOUS,0.1622877,0.1302454,0.1622877,0.6773531,0.0,0.01095173,0.0148498,0.00430911,0.0,21.0,21.0,52.0,0.558826291,60.71182,93.08261,183,1355.225,460.9828,1172.225,13.45,230.6201,1.006411,7,0.431006,0.242717,0.00512,0.602,0.0737,0.1225,0.1412,0.0279,0.0238,0.0089,0.0,0.0,0.0,1.0,0.0002,0.00301,0.0,0.00314,0.00056,0.0006,0.0,0.00501,0.0005,0.00923,0.18367,0.0,1e-05,0.06085,0.00132,1e-05,0.0,0.06796,0.15731,0.00144,0.5051,0.0,0.73181,0.477246,0.000716,7.713339,7.590923,0.0,0.0,91.80952,91.0239,0.0,0.0,0.0,0.000954,217.7138,0.0,0.0,0,0.0,0.04,0.0,0.05,0.0547,0.146411,0.100555,0.212678,90.06795,0.022441,0.000267,5939.918,0.357232,0.362611,0.00645,93.93499,84.44534,249.2184,2.096495,0.269591,0.263292,0.322416,0.227765,0.189666,0.104363,0.092505,0.063088,0.036525,0.098279,0.184531,0.238028
919005A,1968-09-03,2022-02-28,53.489390828199866,0.023954547781133234,0.006817347527400493,5.999647878619887,125,2.7429747306835153,Rifle Creek at Fonthill (919005A),Carpentaria Coast,MITCHELL-COLEMAN RIVERS (QLD),No notes,-16.6788,145.2267,-16.6432749,145.3551352,55,366.7,QLD,,1400,2300,2300,Level 1,919003A,0,19680903,20220228,0.023954548,54.0,24.42979451,21.37489188,17.11196876,0.327583559,16.64235811,3.982216,4.852227,1.218474,1.020841,0.0,18.202723,1.681894,djf,240.069199,6.072533,jja,1.25848009,0.283806325,726.53774,0.0,3.938199295,1.584467287,10.9660154,38.93695044,0.04170045,6.43506256,0.498859788,0.096701453,0.520478263,0.006817348,1,8.159292035,45.11363636,65.0,271.7659574,122.2765957,0.822606553,0.771629437,0.074706478,-3.215926539,0.394482083,0.149597323,2.74726839,0.429045643,0.182307832,-7.691355676,-2.392895088,2.400567384,0.874460677,0.0,185.6870108,-0.838959608,308.6848986,0.382297727,0.476873964,SILICSED,0.6023172,IGNEOUS,0.1961595,0.1813438,0.1961595,0.6023172,0.0,0.0,0.02017819,0.0,0.0,18.0,59.0,69.0,1.164753752,157.5809,137.7491,362,1222.791,504.8795,860.791,15.83,50.79741,1.018125,4,0.428271,0.171521,0.017059,0.623,0.0664,0.1008,0.1233,0.0585,0.028,0.0,0.0,0.0,0.0,1.0,0.0,0.0,0.0,0.02115,0.00785,0.0093,0.0,0.09738,0.0114,0.00392,0.00569,0.0,0.0,0.0,0.0,0.0,0.0,0.54018,0.25757,0.0,0.04565,0.0,0.8434,1.309369,0.0,45.88939,43.4385,0.0,0.0,52.801,37.42162,0.0,0.0,0.0,0.019914,50.79741,0.0,0.0,0,0.13,0.001538,0.0,0.166505,0.132578,0.004592,0.068585,2.438649,90.06795,0.287422,0.004581,8166.467,0.436157,0.515362,0.009777,69.79687,51.44763,213.0263,5.231416,0.646066,0.560648,0.614701,0.530882,0.44664,0.332332,0.327889,0.248001,0.17614,0.256443,0.489627,0.591338
919201A,1967-12-13,2022-02-28,54.21492128678987,0.05211594788405212,0.18481619605753863,7.1273531117728135,125,1.3632611729545492,Palmer River at Goldfields (919201A),Carpentaria Coast,MITCHELL-COLEMAN RIVERS (QLD),No notes,-16.108056,144.778611,-16.22892374,144.8755708,55,531.7,QLD,,1400,2300,2300,Not nested,,0,19671213,20220228,0.052115948,63.0,19.20513601,25.23589151,13.38461473,0.070699929,6.304259524,3.900257,4.778434,1.225159,0.986576,0.0,18.607228,1.730769,djf,221.632762,6.107506,jja,0.686976727,0.181951212,283.0124055,0.0,4.487661379,0.843016783,11.23541925,14.31240446,0.0,3.8572067,1.083995506,0.219872136,0.723388386,0.184816196,1,12.1026393,42.43125,33.67961165,304.6136364,55.02272727,0.671804339,0.509525033,0.185272226,-7.323914531,0.601305038,0.247922962,5.036482221,0.524250681,0.107416511,-9.501508093,-2.928918702,2.338332351,3.495131776,0.0,283.2546769,-0.906693875,410.2980643,0.211507778,0.507860809,SILICSED,0.4968523,IGNEOUS,0.3583342,0.01278951,0.3583342,0.4968523,0.0,0.0,0.1320254,0.0,0.0,21.0,21.0,52.0,0.57776053,85.17299,108.631,403,1346.675,711.9296,943.675,18.04,53.49488,1.02047,5,0.487923,0.333518,0.017803,0.7205,0.1017,0.1199,0.0579,0.0,0.0,0.0,0.0,0.0,0.0,1.0,0.0,0.0,0.0,0.0,0.0,0.0,0.0,0.0,0.0,0.00881,0.01047,0.0,0.0,0.00022,3e-05,0.0,0.0,0.0776,0.53212,0.0,0.3707,0.0,0.98042,0.090121,0.0,21.58366,21.58366,0.0,0.0,78.32636,78.31943,0.0,0.0,0.0,0.0,53.49488,0.0,0.0,0,0.3,0.1,0.0,0.2,0.032784,0.0,0.016392,0.021339,0.059233,0.0,0.0,8500.317,0.358873,0.5123,0.039457,80.90485,60.37398,184.38,2.737627,0.29534,0.279438,0.348864,0.314306,0.290487,0.169177,0.154435,0.099544,0.070632,0.156274,0.254977,0.299746
919309A,1967-09-11,2022-02-28,54.469541409993155,0.02839909525006283,0.2380755302638386,12.662867012676509,125,2.6212479674905875,Walsh River at Trimbles Crossing (919309A),Carpentaria Coast,MITCHELL-COLEMAN RIVERS (QLD),No notes,-16.545278,143.784722,-17.06179876,144.597471,55,8656.4,QLD,,1400,2300,2300,Not nested,,0,19670911,20220228,0.028399095,24.0,112.686812,44.62721586,78.91945871,0.065343051,3.85598744,2.268204,5.009803,2.208709,1.359994,0.0,22.445531,1.747376,djf,277.391523,10.666782,jja,0.640970226,0.284845107,147.6966299,0.0,3.635293513,0.472321089,7.965597628,2.948177561,0.0,2.62563615,1.127305319,0.288101397,0.718727367,0.23807553,1,25.08558559,60.93421053,57.525,312.4186047,61.65116279,0.905883464,0.876764608,0.112471095,-11.70869336,0.339040968,0.195553413,7.52860876,0.477835724,0.103787099,-8.321521363,-4.01349482,2.032000472,1.464652195,0.0,57.81781002,-0.947554842,259.359246,0.196771882,0.527448829,IGNEOUS,0.532112,SILICSED,0.172999,0.1546762,0.532112,0.172999,0.0,0.08528595,0.05493099,0.0,0.05828544,20.09524,41.04762,66.76191,0.716232756,107.9887,104.8107,124,1290.396,442.6983,1166.396,9.97,317.3601,0.957482,6,0.331029,0.277062,0.003695,0.5212,0.056,0.1233,0.1843,0.0388,0.0304,0.0201,0.0259,0.0,0.0,0.0,0.0005,5e-05,0.0,0.00932,0.00061,0.0009,0.00033,0.00251,0.0,0.01096,0.17995,0.0,0.0,0.02699,0.00081,0.0,0.0,0.00798,0.20823,0.00661,0.54406,0.0001,0.76688,0.122779,0.0,2.393718,2.393718,0.0,0.0,97.48354,97.48057,0.0,0.0,0.0,0.0,294.373,0.0,0.0,0,0.077778,0.011268,0.0,0.05,0.064917,0.200487,0.132702,0.257625,153.6418,0.072673,0.000776,5770.325,0.354307,0.30714,0.003779,98.04852,92.52381,208.1701,1.661224,0.234062,0.233606,0.280475,0.184363,0.138512,0.073659,0.040842,0.028674,0.018846,0.074116,0.147665,0.199085
922101B,1967-10-02,2014-12-31,47.2498288843258,0.056321705875535984,0.1314012034876581,4.800461463033637,125,1.1997355249211183,Coen river at Racecourse (922101B),Carpentaria Coast,ARCHER-WATSON RIVERS,No notes,-13.956389,143.175,-13.88604845,143.2483399,54,171.2,QLD,,1400,2300,2300,Not nested,,0,19671002,20141231,0.056321706,,,,,,,3.615073,4.923291,1.361879,1.146501,0.0,22.589355,1.522108,djf,273.598165,8.970528,jja,2.33596939,0.337267793,423.1691005,0.0,3.419891521,1.87972117,11.33145822,41.32487287,0.0,8.45969626,0.816983355,0.177575832,0.591182611,0.131401203,1,11.16602317,44.78139535,27.08860759,285.6842105,148.8421053,0.672645112,0.610008879,0.114857207,-6.121075829,0.490651437,0.15904003,5.901274787,0.533613445,0.287103244,-7.223197623,-4.181675772,1.763943406,0.586893619,0.0,51.16318093,-0.893358743,365.25779,0.484161778,0.592990313,IGNEOUS,0.9059534,METAMORPH,0.0768085,0.0,0.9059534,0.0,0.0,0.01723836,0.0768085,0.0,0.0768085,18.0,54.0,68.0,1.015775632,96.57588,125.6003,185,796.7038,447.7018,611.7038,12.51,33.31773,1.056104,4,0.442585,0.430272,0.018386,0.6293,0.102,0.1492,0.1151,0.0042,0.0002,0.0,0.0,0.0,0.0,1.0,0.0,0.0,0.0,0.0,0.0,0.0,0.0,0.0,0.0,0.00595,0.00789,0.0,0.0,0.0,0.0,0.0,0.0,0.61738,0.36693,0.0,0.00185,0.0,0.98616,0.0,0.0,54.13625,54.13625,0.0,0.0,45.86375,44.18397,0.0,0.0,0.0,0.0,33.31773,0.0,0.0,0,0.25,0.25,0.0,0.2875,0.12137,0.0,0.060685,1.458294,17.1331,0.084779,0.084779,10727.37,0.427746,0.384214,2.7e-05,84.42908,83.37831,160.9444,4.288608,0.72484,0.648887,0.716298,0.531903,0.242326,0.091202,0.064766,0.049808,0.027096,0.134257,0.370621,0.665301
925001A,1958-04-20,2022-02-28,63.8631074606434,0.05388836491468747,0.0,20.11024644261283,125,4.171001004447744,Wenlock river at Moreton (925001A),Carpentaria Coast,WENLOCK RIVER,No notes,-12.454444,142.637778,-12.87006261,142.8719733,54,3302.1,QLD,,1400,2300,2300,Not nested,,0,19580420,20220228,0.053888365,44.0,7.228189462,37.77617514,5.226393274,0.351539055,6.639649275,3.812209,5.086637,1.334302,1.151083,0.0,21.690455,1.49597,djf,245.588444,7.41009,jja,2.368716329,0.493024207,180.1130074,0.01883892,2.318132367,1.158456094,4.038555468,7.211666234,0.01925756,6.54623712,0.748905269,0.235352757,0.638270878,0.0,2,33.29487179,89.71974522,0.0,289.3018868,122.0377358,0.960926576,0.667256801,0.037763782,-5.199220311,0.199004202,0.157856575,3.414629291,0.424543647,0.216767115,-9.743374977,-2.271411869,2.016404954,0.593117631,0.0,120.9066699,-0.927514648,465.0621026,0.296464672,0.731173512,SILICSED,0.6231225,UNCONSOLDTED,0.25088,0.25088,0.1042609,0.6231225,0.0,0.00055357,0.02118282,0.0,0.02118282,19.0303,38.78788,64.84849,1.189999851,189.321,171.0516,47,644.2006,131.2482,597.2006,4.3,177.9369,0.856087,6,0.364547,0.167236,0.003462,0.3508,0.0302,0.1155,0.2046,0.0845,0.0807,0.0665,0.0672,0.0,0.0,0.1,0.0,0.0,0.0,0.0,0.0,0.0,0.0,0.0,0.0,0.00823,0.09114,0.0,0.0,0.0,2e-05,0.0,0.0,0.40799,0.47542,0.0,0.01717,0.0,0.90058,0.40325,0.40325,6.626359,6.61895,2.692694,2.68984,90.27763,90.06564,0.0,0.0,0.0,0.0,177.9369,0.0,0.0,0,0.129032,0.068571,0.0,0.121518,0.046956,0.0,0.023478,0.005356,0.006415,0.0,0.0,11873.18,0.475514,0.333164,0.0,79.30749,81.37919,1.19327,2.855461,0.382709,0.347745,0.41487,0.395243,0.260696,0.134777,0.074736,0.065129,0.024426,0.113323,0.266235,0.365714
926002A,1970-11-19,2022-02-28,51.279945242984255,0.018900160170848907,0.0,26.63590085140257,125,1.5355018582131752,Dulhunty River at Dougs Pad (926002A),Carpentaria Coast,DUCIE RIVER,No notes,-11.831667,142.42,-11.81687566,142.5663492,54,330.2,QLD,,1400,2300,2300,Not nested,,0,19701119,20220228,0.01890016,10.0,8.462432442,9.294349704,6.4556792,18.53710625,62.39343283,4.063223,5.091511,1.253072,1.260146,0.0,22.787113,1.506239,djf,254.316762,6.686835,jja,3.252798905,0.717691701,212.9995494,0.46837068,1.533659411,1.877421757,5.616027427,8.290515599,0.19127317,6.94261417,0.430351374,0.05109926,0.225076186,0.0,1,4.287671233,20.68,0.0,233.2272727,241.2954545,0.887833432,0.924268674,0.024668492,-3.373449469,0.174505247,0.065756402,2.277051941,0.554304257,0.277093008,-4.969573957,-1.389582444,1.363810949,0.249419366,0.0,40.28285143,-0.86709994,658.934131,0.423898983,0.653676983,SILICSED,1.0,UNCONSOLDTED,0.0,0.0,0.0,1.0,0.0,0.0,0.0,0.0,0.0,19.0,39.0,65.0,1.051730543,152.5892,196.1076,40,148.9704,80.15915,108.9704,2.93,36.86393,0.813913,4,0.562866,0.437635,0.003319,0.4035,0.0169,0.17,0.3654,0.0304,0.0082,0.0054,0.0002,0.0,0.0,0.57,0.0,0.0,0.0,0.0,0.0,0.0,0.0,0.0,0.0,0.00085,0.01148,0.0,0.00026,9e-05,0.00034,0.00015,2e-05,0.54091,0.43887,5e-05,0.00695,0.0,0.98678,0.726843,0.726843,3.898097,3.898097,5.871449,5.871449,89.50368,86.79087,0.0,0.0,0.0,0.0,36.86393,0.0,0.0,0,0.0,0.011268,0.0,0.008451,0.019149,0.0,0.009575,0.004373,0.004373,0.0,0.0,11434.78,0.508428,0.339289,0.0,74.22913,77.04105,0.0,2.878816,0.360532,0.317578,0.37239,0.370947,0.287005,0.147911,0.122194,0.091842,0.046477,0.094831,0.275162,0.385116
G9030001,1969-12-24,2022-02-28,52.18343600273785,0.11080797481636936,0.5680316261505782,11.0096949692164,125,3.2557808913276767,Elsey Creek at Warloch Ponds (G9030001),Carpentaria Coast,ROPER RIVER,No notes,-15.0854,133.1229,-15.79919084,133.1738562,53,6785.4,NT,,1430,2330,1400,Level 1,G9030250,1,19691224,20220228,0.110807975,4.0,9.36723324,28.55035931,8.732016047,0.026232949,4.381665716,1.92469,5.279903,2.743249,1.314514,0.0,22.652278,1.689008,djf,291.899767,11.132328,jja,0.097900497,0.316043484,57.36619617,0.0,5.696074052,0.060593009,13.76248815,0.119123184,0.0,0.30030118,1.450398349,0.438930847,0.833608685,0.561069153,2,69.52336449,90.56410256,96.05050505,254.8333333,79.8,0.949419213,0.857474647,0.218819793,,0.235071673,0.187654042,5.214765231,0.408536585,0.011800089,-8.957985428,-6.998769965,2.932367961,0.487399985,0.0,34.69602998,-0.931493962,311.9984119,0.027438961,0.430048666,UNCONSOLDTED,0.8779835,SILICSED,0.1165624,0.8779835,0.0,0.1165624,0.00545299,0.0,0.0,0.0,0.0,22.02121,40.77161,54.29201,1.284754958,261.7107,135.3019,136,278.4597,194.631,142.4597,0.71,229.9598,0.153104,5,0.407324,0.431514,0.000641,0.0961,0.0031,0.03,0.0564,0.065,0.0739,0.0707,0.0818,0.445,0.078,0.0,0.0,0.0,0.0,0.0,0.0,0.0,0.0,0.0,0.0,0.0002,0.07342,0.0,2e-05,0.05749,0.00474,0.0002,0.0,0.0,0.09092,0.01392,0.75908,0.0,0.86392,0.004592,0.0,0.0,0.0,0.0,0.0,99.99541,99.99541,0.0,0.0,0.0,0.0,229.9598,0.0,0.0,0,0.030204,0.003476,0.0,0.049265,0.109226,0.0,0.054613,0.005379,0.008806,0.0,0.0,6035.947,0.288362,0.07879,0.0,114.9435,128.4907,396.7642,0.999588,0.17253,0.182872,0.24317,0.098398,0.011018,0.004951,0.01399,0.00075,0.01314,0.036166,0.085431,0.13002
G9030124,1977-01-17,2014-02-03,37.04859685147159,0.03207212533254508,0.15658879218201252,3.6481713839656087,125,1.3170543253884868,Daly Waters Creek at Daly Waters (G9030124),Carpentaria Coast,ROPER RIVER,No notes,-16.259722,133.373611,-16.45343698,133.3383667,53,196.5,NT,,1430,2330,1400,Level 2,G9030001,0,19770117,20140203,0.032072125,,,,,,,1.679512,5.192039,3.091397,1.335205,0.0,22.193839,1.620079,djf,305.841705,11.793414,jja,0.030195555,0.019945381,117.7512366,0.0,8.831055079,0.125709418,15.91387592,1.232425905,0.0,0.17655115,1.067829033,0.134524355,0.918231791,0.156588792,1,24.1369863,116.7669903,146.5,295.6896552,43.89655172,0.639124222,0.998775939,0.10831675,0.0,0.84951965,0.725269565,1.756560297,0.544554455,0.032342567,-7.701347707,,2.727888885,1.000939317,0.0,32.59987509,-0.980625157,223.2916773,0.065426322,0.494335696,UNCONSOLDTED,0.8589471,SILICSED,0.1410531,0.8589471,0.0,0.1410531,0.0,0.0,0.0,0.0,0.0,14.07527,18.81828,70.99677,0.982086927,300.0,100.34,211,278.4597,246.8422,67.4597,0.93,44.84193,0.201831,3,0.445643,0.561454,0.001608,0.1587,0.0061,0.0491,0.0937,0.1143,0.1261,0.3245,0.1083,0.0192,0.0,0.13,0.0,0.0,0.0,0.0,0.0,0.0,0.0,0.0,0.0,0.0,0.00308,0.0,7e-05,0.19048,0.03495,0.00525,0.0,0.0,0.00085,0.18015,0.58517,0.0,0.76617,0.0,0.0,0.0,0.0,0.0,0.0,100.0,100.0,0.0,0.0,0.0,0.0,44.84193,0.0,0.0,0,0.06555,0.007576,0.0,0.256278,0.157684,0.0,0.078842,0.003868,0.003868,0.0,0.0,5874.336,0.264038,0.068057,1e-06,115.3207,121.6744,458.3727,0.902478,0.144905,0.150271,0.206632,0.091336,0.014833,0.006228,0.015066,0.002769,0.013386,0.0446,0.084891,0.122242
G9030250,1966-08-13,2014-12-31,48.38603696098563,0.14428789679171616,0.006678569066984064,17.870409120745137,125,3.8063950796041395,Ropa River at Red Rock  (G9030250),Carpentaria Coast,ROPER RIVER,No notes,-14.6953,134.4197,-15.22280101,133.2947634,53,43473.7,NT,,1430,2330,1400,Not nested,,1,19660813,20141231,0.144287897,,,,,,,2.097711,5.304816,2.528859,1.296029,0.0,22.463509,1.832111,djf,275.944294,10.775009,jja,0.294882487,0.297942898,54.00018862,0.0,3.29767858,0.204643684,5.213826118,0.4554213,0.00084194,1.28897471,0.797686344,0.209349997,0.742842029,0.006281822,5,24.734375,76.94520548,23.75,281.6111111,70.77777778,0.978119082,0.958830009,0.091482429,-4.881545685,0.155467603,0.112462676,2.769560226,0.332352154,0.039894047,-11.05565171,-3.2810676,2.169480064,0.437337334,0.0,37.2953514,-0.899579131,341.8321232,0.086876303,0.45920517,UNCONSOLDTED,0.5609151,SILICSED,0.3726867,0.5609151,0.05530982,0.3726867,0.00799537,0.0,0.0,0.00289206,0.2806893,47.28846,53.34615,37.57692,1.045637017,244.6697,129.5477,12,439.409,166.8943,427.409,1.98,475.3311,0.575592,6,0.424729,0.362014,0.000899,0.2074,0.0149,0.0711,0.121,0.0817,0.0807,0.0861,0.1156,0.186,0.0355,0.25,0.0,0.0,0.0,0.0,0.0,0.0,0.0,0.0,0.0,0.00028,0.11948,0.0,0.00065,0.10635,0.00933,0.00038,0.0,0.00034,0.11972,0.01808,0.62532,0.0,0.76346,0.019032,0.0,0.011597,0.011597,0.0,0.0,99.96941,99.85756,0.0,0.0,0.0,0.0,475.3311,0.0,0.0,0,0.072727,0.0,0.0,0.078079,0.080354,0.0,0.040177,0.046554,443.7811,0.007949,0.000471,6803.932,0.34231,0.100585,0.0,108.8228,125.7919,122.7328,1.065671,0.17823,0.191481,0.250604,0.119806,0.023244,0.00464,0.022736,0.000608,0.012358,0.029585,0.088718,0.136062
G9070142,1965-11-04,2022-02-28,56.32032854209446,0.09581449613533616,0.3060752688172043,8.308717489692382,125,1.9170032548313605,McArthur River Upstream of Bailey's Grave (G9070142),Carpentaria Coast,McARTHUR RIVER,No notes,-16.778056,135.760556,-16.98123952,135.4393201,53,4015.5,NT,,1430,2330,1400,Not nested,,0,19651104,20220228,0.095814496,3.0,40.49073768,340.708744,32.93036376,0.029167274,2.697361804,1.501363,5.143392,3.425815,1.35715,0.0,20.665709,1.6398,djf,307.522648,12.377352,jja,0.169341495,0.140226661,119.1221576,0.0,5.610100069,0.242715474,9.896274035,1.854112781,0.0,0.75387792,0.809683446,0.232688172,0.797419355,0.306075269,1,12.50867052,39.44680851,38.20805369,285.9705882,66.55882353,0.791466572,0.503564821,0.220439624,-13.83579154,0.62379752,0.31374087,4.475546707,0.511067526,0.07764036,-10.76784425,-3.971936803,2.472920086,0.542781459,0.0,27.26127188,-0.765437839,305.2650695,0.134663161,0.576552337,UNCONSOLDTED,0.445144,CARBNATESED,0.2990087,0.445144,0.00114547,0.2547,0.2990087,0.0,0.0,0.0,0.3034088,9.0,7.0,83.0,0.91175874,186.8412,122.1381,80,353.9986,218.9844,273.9986,2.53,134.9938,0.531701,6,0.575375,0.512583,0.002052,0.2832,0.0228,0.0941,0.1802,0.1067,0.1198,0.1283,0.0649,0.0,0.0,1.0,0.0,0.0,0.0,0.0,0.0,0.0,0.0,0.0,0.0,0.00041,0.08072,0.0,0.01059,0.28073,0.06808,0.00587,0.0001,5e-05,0.0082,0.13945,0.40576,0.0,0.55346,0.013195,0.0,0.050395,0.050395,0.0,0.0,99.93639,99.93639,0.0,0.0,0.0,0.0,134.9938,0.0,0.0,0,0.0,0.0,0.0,0.2,0.150575,0.002097,0.076336,0.00757,0.010476,0.0,0.0,4254.314,0.218184,0.055094,3.6e-05,117.2459,98.38898,293.3528,0.728809,0.12371,0.129797,0.167537,0.036906,0.029888,0.007228,0.02794,0.000407,0.010855,0.029464,0.062655,0.098571
003303A,1969-05-03,2022-02-28,52.82683093771389,0.004975382223373931,0.32611073493411113,3.482820606669387,125,2.900968253898027,Barcoo River at Blackall (003303A),Lake Eyre Basin,COOPER CREEK-BULLOO RIVER,No notes,-24.43,145.46,-24.65971681,146.1945032,55,5713.9,QLD,,1400,2300,2300,Level 1,A0030501,0,19690503,20220228,0.004975382,44.0,26.52976721,33.20609187,18.90286667,0.041461519,14.40011721,1.41714,4.56955,3.224488,0.64465,0.0,20.557841,1.604912,djf,301.437095,11.174275,jja,0.003829876,0.020086953,58.75704853,0.0,10.26855119,0.04377582,25.79262895,0.202063063,0.0,0.08454119,0.915762249,0.233970519,0.870462003,0.326110735,2,13.57099698,43.52083333,25.65983607,256.4897959,56.46938776,0.788616182,0.807923522,0.462260938,-9.872659747,0.658419998,0.552299926,1.837304523,0.513084112,0.010890519,-14.46703177,-10.13325398,3.596497676,1.242437483,0.0,150.8517195,-0.902714651,196.8093834,0.030487428,0.357213431,SILICSED,0.8823254,UNCONSOLDTED,0.0994772,0.0994772,0.0,0.8823254,0.00588948,0.01230384,0.0,0.0,0.0,54.70408,54.70408,30.4898,0.805450074,115.0538,94.4148,284,725.1696,434.4977,441.1696,2.74,203.2828,0.526853,5,0.422906,0.348451,0.002195,0.2827,0.017,0.104,0.1848,0.0974,0.1051,0.1046,0.1044,0.0,0.0,0.0,0.0,8e-05,0.0,0.0,0.0,0.0,0.0003,0.00321,0.0,0.00026,0.12072,0.0,0.00985,0.21017,0.22491,0.01122,0.00838,1e-05,0.01869,0.08026,0.31158,0.0004,0.41054,27.9675,27.95449,0.125739,0.125739,22.60587,21.73582,49.30065,34.66493,0.0,0.0,0.0,0.000907,203.2828,0.0,0.0,0,0.823077,0.377778,0.0,0.5,0.238858,0.997875,0.618367,0.213059,372.5582,0.000829,0.000829,1759.674,0.152416,0.173332,0.051168,85.44463,28.23321,166.0791,1.919653,0.191676,0.17322,0.155627,0.174137,0.189106,0.16565,0.182073,0.144307,0.09401,0.143502,0.148786,0.156399
A0020101,1966-10-19,2022-02-28,55.36481861738535,0.021906834141034517,0.43359118256736945,17.34043420922319,125,4.039088442683706,Diamantina River at Birdsville (A0020101),Lake Eyre Basin,DIAMANTINA-GEORGINA RIVERS,No notes,-25.9088,139.3667,-23.79182294,141.5310754,54,118974.1,QLD,SA,1400,2300,2300,Not nested,,0,19661019,20220228,0.021906834,2.0,7.047508505,62.47877147,6.794227019,0.237365246,14.86899627,0.736589,4.722478,6.411275,0.857967,0.0,19.245447,2.052733,djf,317.671228,16.941515,jja,0.031251623,0.26199566,22.28220605,0.0,4.729122151,0.031472323,9.66555469,0.022152292,0.0,0.11010119,0.982527646,0.391526366,0.701804945,0.433591183,2,53.40689655,86.2173913,85.76,240.8571429,91.24489796,0.987092712,0.988870861,0.115541508,,0.107400107,0.066291385,5.094848434,0.145033516,0.010318894,-4.564954048,-4.842070747,2.167926641,0.883231012,0.0,63.39996998,-0.940789361,100.4972447,0.040225228,0.25652793,SILICSED,0.6233828,UNCONSOLDTED,0.3265411,0.3265411,0.0,0.6233828,0.00765644,0.04033859,0.0,0.00205462,0.0,24.66715,-99.0,65.44186,0.875480504,39.83323,100.1459,39,383.6543,156.2262,344.6543,1.15,1027.897,0.806309,7,0.36862,0.347652,0.000339,0.1235,0.0068,0.041,0.0711,0.0584,0.0765,0.1025,0.1348,0.1073,0.2781,0.0,0.0,0.00242,0.01052,0.0,0.0,0.0,0.0,0.0,0.0,0.00035,0.01419,0.0,0.02417,0.01968,0.85542,0.02199,0.04412,0.0,3e-05,0.00468,0.00238,0.0,0.00709,59.90478,59.81731,0.0,0.0,26.93328,26.90462,13.15271,13.0795,0.0,0.0,0.008217,0.037443,1027.897,0.0,0.0,0,0.12,0.010127,0.0,0.5,0.184753,0.088533,0.136643,0.014535,332.3663,2.9e-05,2.9e-05,1112.437,0.070619,0.044425,0.007592,90.52212,59.23957,206.2946,0.158272,0.011996,0.01838,0.021017,0.017704,0.020391,0.015216,0.019503,0.010726,0.00377,0.005673,0.006341,0.007187
A0030501,1973-02-24,2022-02-28,49.01300479123888,0.0009496145682046698,0.34710651383841207,22.168511187334072,125,3.3371377877744735,Cooper Creek at Cullyamurra Water Hole (A0030501),Lake Eyre Basin,COOPER CREEK-BULLOO RIVER,No notes,-27.7013,140.8433,-24.57922377,143.8041371,54,233250.3,SA,QLD,1430,2330,1400,Not nested,,1,19730224,20220228,0.000949615,2.0,7.804510888,28.73911619,7.207849038,0.050273712,7.036690191,0.978751,4.609857,4.709936,0.730955,0.0,20.360083,2.070384,djf,301.832611,13.415102,jja,0.020988674,0.478884829,15.85575126,0.0,5.971020001,0.015708565,14.2018022,0.008797719,0.0,0.04845209,0.979965187,0.332904669,0.671065138,0.342521666,1,46.515625,95.25396825,78.53846154,166.2608696,127.6521739,0.990289479,0.842357404,0.079837821,,0.102728583,0.056665233,6.40318625,0.144621295,0.004762446,-6.296114925,-6.244037465,2.527806335,0.426975199,0.0,99.80317853,-0.942167639,90.44931573,0.015306608,0.311136598,UNCONSOLDTED,0.4972553,SILICSED,0.4232178,0.4972553,0.00011182,0.4232178,0.00113081,0.07810604,0.00018132,0.0,0.00018132,43.26829,58.87805,38.39024,0.940193985,78.72507,113.8807,53,849.516,223.5885,796.516,1.26,1610.991,0.646876,6,0.330468,0.220901,0.000499,0.1432,0.007,0.0473,0.0833,0.0732,0.0871,0.1168,0.1451,0.1354,0.1616,0.31,0.0,0.00204,0.00552,0.0,0.0,0.0,0.00012,0.00042,0.0,0.00198,0.04225,0.0,0.05225,0.08191,0.53958,0.07519,0.07435,0.0,0.00126,0.07405,0.04898,0.0,0.12429,39.92066,39.86236,0.01461,0.01372,27.75315,26.96638,32.12232,29.65965,0.176697,0.16195,0.005027,0.006262,1389.578,0.0,0.0,0,0.054545,0.0,0.0,0.05,0.222913,0.735853,0.479383,0.04286,827.0011,0.000152,0.000152,1284.558,0.093457,0.080416,0.01865,84.46642,48.94371,190.9269,0.59167,0.053152,0.053092,0.053449,0.058612,0.065733,0.057397,0.067049,0.046133,0.022158,0.034774,0.040261,0.039572
G0010005,1965-08-10,2011-03-03,45.56331279945243,0.04290349717582021,0.8306127574083375,8.080592757134255,125,2.256499528518227,Ranken River at Soudan Homestead (G0010005),Lake Eyre Basin,DIAMANTINA-GEORGINA RIVERS,No notes,-20.045278,137.020833,-19.57189577,137.1825222,53,6639.9,NT,,1430,2330,1400,Not nested,,0,19650810,20110303,0.042903497,,,,,,,1.007222,4.887217,4.852173,1.211443,0.0,19.272414,1.590504,djf,322.49832,15.477567,jja,0.091459996,0.206415276,102.6078405,0.0,8.894102283,0.07847907,18.28789205,0.487205225,0.0,0.24365427,0.0,0.169387243,0.897727273,0.830612757,2,35.03896104,150.5157895,174.0789474,274.7777778,25.30555556,0.843789153,0.852912478,0.279305117,,0.411069073,0.305062512,3.756446362,0.458585859,0.030349656,-5.043813362,-9.9730709,2.379228619,2.86689092,0.0,45.87138468,-0.962372905,95.07521875,0.069205175,0.438546047,UNCONSOLDTED,0.9531377,CARBNATESED,0.04686227,0.9531377,0.0,0.0,0.04686227,0.0,0.0,0.0,0.0,59.0,62.0,26.0,1.372011933,34.97785,146.4842,219,327.9839,248.547,108.9839,0.34,210.7076,0.207057,5,0.428734,0.28573,0.000528,0.0923,0.0029,0.0286,0.0442,0.0553,0.0879,0.1093,0.1803,0.1134,0.2858,0.0,0.0,0.00489,0.00029,0.0,0.0,0.0,0.0,0.0,0.0,0.00025,0.05242,0.0,0.06265,0.1062,0.71723,0.03517,0.01131,0.0,0.0,0.00806,0.00152,0.0,0.00958,88.03596,88.03596,0.0,0.0,0.029498,0.029498,11.93442,11.93442,0.0,0.0,0.0,0.0,210.7076,0.0,0.0,0,0.068571,0.0,0.0,0.5,0.169194,0.018604,0.093899,0.00388,0.00388,0.0,0.0,1717.819,0.100973,0.034487,0.000508,106.8482,71.30383,253.2277,0.176609,0.023949,0.029594,0.05101,0.008016,0.014384,0.005801,0.011543,0.000564,0.002785,0.004202,0.008341,0.015806
G0050115,1972-05-20,2022-02-27,49.776865160848736,0.008690391067598042,0.585862509016257,17.5523667372253,125,0.5998789530681132,Hugh River at South Road Crossing (G0050115),Lake Eyre Basin,DIAMANTINA-GEORGINA RIVERS,No notes,-24.351667,133.433333,-23.97444747,133.3404957,53,3335.6,NT,,1430,2330,1400,Not nested,,0,19720520,20220227,0.008690391,2.0,17.1568047,94.5903842,16.734843,0.082499175,24.11213364,0.710793,4.365033,6.141076,0.645945,0.0,18.751052,1.715461,djf,330.067058,19.428042,jja,0.023092453,0.451991069,70.29291187,0.0,11.16150249,0.051777816,52.92671854,0.333989473,0.0,0.10643291,0.255846667,0.414137491,0.899350829,0.585862509,1,146.3529412,172.4361702,170.3064516,226.6578947,74.65789474,0.356364014,0.771710683,0.156815737,,0.558898324,0.487446373,4.759143227,0.485530547,0.019158668,-5.772671569,-6.370153396,1.789749369,0.652137343,0.0,75.28096296,-0.785028206,71.22988041,0.060570947,0.316301274,UNCONSOLDTED,0.3800868,SILICSED,0.354234,0.3800868,0.02358894,0.354234,0.0105456,0.0335731,0.1865367,0.0,0.2488443,7.0,-99.0,86.0,0.633932035,286.3642,86.83914,473,1197.466,657.3722,724.466,7.67,152.7087,0.938052,6,0.426513,0.25366,0.004739,0.4341,0.0435,0.1022,0.1712,0.1244,0.0792,0.0436,0.0018,0.0,0.0,0.47,0.0,0.0,0.0,0.0,0.0,0.0,0.0,0.0,0.0,0.0,0.00044,0.0,0.15408,0.00642,0.49842,0.06051,0.27678,0.0,0.0,0.00278,0.00051,0.0,0.00329,30.08408,30.08408,0.0,0.0,50.3769,50.3769,19.53892,19.53892,0.0,0.0,0.0,0.0,152.7087,0.0,0.0,0,0.142857,0.0,0.0,0.199023,0.05145,0.1035,0.077475,0.081321,17.92486,0.001292,0.001292,752.9933,0.095381,0.092672,0.028572,91.10639,39.91229,151.7903,0.55943,0.049872,0.041399,0.054313,0.04297,0.064334,0.063099,0.058659,0.027664,0.024155,0.041005,0.039816,0.05277
G0060005,1973-02-24,2014-12-10,41.79329226557152,0.018146085817228954,0.9057912997064318,17.4113025799092,125,0.6039942588882401,Trephina Creek at Trephina Gorge (G0060005),Lake Eyre Basin,DIAMANTINA-GEORGINA RIVERS,No notes,-23.533611,134.380556,-23.43842797,134.3187256,53,436.3,NT,,1430,2330,1400,Not nested,,0,19730224,20141210,0.018146086,,,,,,,0.794708,4.354369,5.479204,0.703629,0.0,17.897097,1.661937,djf,329.491762,19.011929,jja,0.031530772,0.394924525,56.72179693,0.0,9.273199819,0.041533731,36.17428222,0.148340971,0.0,0.23506074,,0.0942087,0.910795303,0.9057913,1,17.65,164.4698795,167.6049383,207.1538462,60.92307692,0.453960181,0.667530626,0.091279493,,0.615106701,0.114798504,3.151719274,0.607629428,0.014887607,-5.0037095,-1.884699479,1.99305016,0.623340163,0.0,81.72868979,-0.466339885,4.558826329,0.042202399,0.352766847,METAMORPH,0.8512865,SILICSED,0.06103989,0.0196933,0.01191735,0.06103989,0.01584607,0.0,0.8512865,0.0,0.9716142,14.04762,-99.0,73.66666,0.150000006,300.0,52.59838,538,1100.835,738.3481,562.835,7.45,48.33956,0.889382,4,0.487733,0.359776,0.011713,0.4704,0.0438,0.1381,0.2773,0.0644,0.006,0.0,0.0,0.0,0.0,1.0,0.0,0.0,0.0,0.0,0.0,0.0,0.0,0.0,0.0,0.0,0.00052,0.0,0.19262,0.00229,0.63504,0.04439,0.12003,0.0,0.0,0.00465,0.00043,0.0,0.00508,0.653232,0.653232,0.0,0.0,71.36348,71.36348,27.98319,27.98319,0.0,0.0,0.0,0.0,48.33956,0.0,0.0,0,0.12,0.0,0.0,0.053703,0.152961,0.001501,0.077231,0.003881,0.003881,0.0,0.0,836.407,0.115958,0.116845,0.031207,96.44249,47.39312,147.7626,0.561053,0.052094,0.04575,0.047686,0.047373,0.06326,0.064808,0.06239,0.029206,0.0197,0.042247,0.03779,0.048951
401009,1950-01-01,2022-02-28,72.1615331964408,0.009523086845999165,0.025396460583773844,46.503930455107806,125,1.5554606327436593,Maragle Creek at Maragle (401009),Murray-Darling Basin,UPPER MURRAY RIVER,No notes,-35.926111,148.100833,-35.86999793,148.2049181,55,215.5,NSW,,1400,2300,2300,Not nested,,0,19500101,20220228,0.009523087,16.0,110.3290238,333.1200661,78.94313977,0.041734644,1.417936282,2.821575,3.215453,1.139595,-0.253297,0.002659,21.537642,1.25445,jja,244.797412,5.048758,djf,0.436390084,0.515029519,87.23954338,0.0,1.883328358,0.432829915,6.47460065,0.664487215,0.00761763,1.72358979,0.516431528,0.05427871,0.289856738,0.025396461,1,3.272517321,16.37878788,16.575,159.9655172,82.79310345,0.788195206,0.679024284,0.087633999,-3.295135459,0.333616125,0.214829782,1.865275962,0.451554168,0.092954388,-5.03490411,-3.770596892,2.166531922,0.789439729,0.020090305,483.275043,-0.806104797,341.9146366,0.151169055,0.614903545,IGNEOUS,0.9208623,SILICSED,0.07913769,0.0,0.9208623,0.07913769,0.0,0.0,0.0,0.0,0.0,18.0,62.0,69.0,1.478177826,293.1465,194.1673,384,1323.619,823.9033,939.619,15.53,34.08277,0.921197,4,0.489963,0.479046,0.028144,0.7433,0.1228,0.0999,0.0314,0.0025,0.0001,0.0,0.0,0.0,0.0,0.96,0.0,0.0,0.0,0.00111,0.00053,0.0,0.00163,0.16985,0.0,0.0,0.00068,0.0,0.0,5e-05,0.00024,0.0,0.0,0.33162,0.48628,0.0,0.00811,0.0,0.82601,0.064281,0.064281,87.97446,67.34489,0.0,0.0,11.96128,1.173175,0.0,0.0,0.0,31.41766,34.08277,0.0,0.0,0,0.1,0.075472,0.0,0.724757,0.212555,0.000568,0.106561,0.118034,0.586577,0.0,0.0,1554.077,0.04725,0.271236,0.387777,139.4282,101.2204,79.53371,6.850989,0.647837,0.41722,0.561019,0.537829,0.410535,0.315752,0.369142,0.530022,0.686784,0.834059,0.776802,0.773432
401012,1968-03-01,2022-02-28,53.998631074606436,0.010698169649647619,0.0,59.963929246177074,125,2.1511612727110814,Murray River at Biggara (401012),Murray-Darling Basin,UPPER MURRAY RIVER,No notes,-36.318333,148.051944,-36.63673088,148.0953632,55,1257.2,NSW,VIC,1400,2300,2300,Not nested,,0,19680301,20220228,0.01069817,38.0,6.88815656,4.101080546,5.704680325,0.02028089,0.294433768,3.160761,2.987421,0.945159,-0.19148,0.020204,18.220701,1.226255,son,217.560745,4.263343,djf,1.208601392,0.694335022,69.80511104,0.21393828,1.102002078,0.983909981,3.265813872,1.175643262,0.14830671,3.01451607,0.347439588,0.008353834,0.102859779,0.0,1,2.629032258,11.87573964,0.0,169.9090909,98.93181818,0.926985768,0.810544947,0.049793801,-2.740074007,0.145332939,0.104353324,1.439220757,0.500459812,0.174755069,-3.254477761,-2.590052742,1.59982962,0.852751554,0.060706688,405.762548,-0.861697586,293.6662893,0.310481721,0.562851391,SILICSED,0.391775,IGNEOUS,0.3656265,0.00990522,0.3656265,0.391775,0.0,0.0,0.1686559,0.06403694,0.0,27.75,35.42857,48.32143,1.056952674,259.2444,192.6133,315,2181.551,1063.395,1866.551,30.78,108.6792,0.851795,4,0.368268,0.400959,0.017175,0.9165,0.0541,0.0255,0.0037,0.0002,0.0,0.0,0.0,0.0,0.0,1.0,0.0,0.0,0.0,0.0,0.0,0.0,0.01492,0.00167,0.0,0.0,0.01168,0.0127,0.00072,0.00818,0.00199,0.00012,0.0,0.20842,0.61055,0.00174,0.12718,0.0,0.94789,2.897482,2.892563,67.74473,65.61069,2.135295,1.820564,27.14963,26.61324,0.01111,0.01111,0.044399,0.699782,108.6792,0.0,0.0,0,0.133333,0.0,0.0,0.170899,0.03682,0.0,0.01841,0.08074,0.315918,0.0,0.0,2720.441,0.028852,0.24526,0.421516,165.2027,112.2246,76.69907,7.163756,0.750407,0.526494,0.658185,0.531942,0.383672,0.296014,0.345776,0.494981,0.651569,0.833268,0.852302,0.842382
401013,1972-11-09,2022-02-28,49.30595482546201,0.004220112166139153,0.005185969999442369,16.91857863223067,125,0.973630226531543,Jingellic Creek at Jingellic (401013),Murray-Darling Basin,UPPER MURRAY RIVER,No notes,-35.8972,147.6917,-35.77399054,147.6956763,55,392.0,NSW,,1400,2300,2300,Not nested,,0,19721109,20220228,0.004220112,48.0,12.46097427,16.85032575,9.546703628,0.005552779,0.665175922,2.329263,3.389522,1.45519,-0.287166,0.000114,21.942147,1.284061,jja,258.361812,5.980441,djf,0.387650615,0.459239195,70.56294283,0.0,2.66436878,0.350180427,12.74096015,0.870507283,0.00881566,1.36157822,0.526679357,0.078012602,0.378687336,0.00518597,1,4.742372881,22.19281046,23.25,148.3636364,72.90909091,0.650324911,0.516794132,0.092554088,-3.736934919,0.40428265,0.199713457,2.257573328,0.500452694,0.085506378,-5.885700623,-4.437950461,2.515907178,0.628133935,0.001285056,409.5390624,-0.868465397,285.0231166,0.145887823,0.586110454,SILICSED,0.8565488,IGNEOUS,0.136642,0.00680877,0.136642,0.8565488,0.0,0.0,0.0,0.0,0.0,11.27778,23.80556,75.61111,1.000399166,99.32081,91.08414,236,931.8729,481.8321,695.8729,14.65,46.04019,0.956887,4,0.492522,0.379729,0.015759,0.6997,0.1221,0.1393,0.0389,0.0,0.0,0.0,0.0,0.0,0.0,1.0,0.0,0.0,0.0,0.00012,0.0,0.0,0.00169,0.26335,0.0,0.0,0.00099,0.0,0.0,0.00021,0.00066,4e-05,0.0,0.40471,0.31382,0.00037,0.01399,0.0,0.73289,0.0,0.0,97.30137,34.17807,0.0,0.0,2.698595,0.019419,0.0,0.0,0.0,65.80247,46.04019,0.0,0.0,0,0.146789,0.037584,0.0,0.427223,0.265032,0.0,0.132516,0.287651,1.470278,0.053404,0.0,1491.503,0.067339,0.286395,0.379045,116.9117,84.35741,81.31733,4.733714,0.384362,0.271244,0.394734,0.390267,0.306472,0.2384,0.271653,0.385336,0.500587,0.598178,0.510129,0.48942
401015,1973-12-18,2022-02-28,48.199863107460644,0.003976143141153081,0.48982035928143713,7.9533014664605695,125,1.5551255756606759,Bowna Creek at Yambla (401015),Murray-Darling Basin,UPPER MURRAY RIVER,No notes,-35.916667,146.976944,-35.90064959,146.9321213,55,273.5,NSW,,1400,2300,2300,Not nested,,0,19731218,20220228,0.003976143,33.0,101.6228012,85.42447406,71.37586471,0.0,0.0,1.847784,3.497823,1.892983,-0.25455,4.5e-05,22.112938,1.274611,jja,274.838647,6.526147,djf,0.053954784,0.130840153,41.16683584,0.0,6.032528721,0.099085731,14.37060495,0.357290141,0.0,0.34117733,1.000493448,0.347533504,0.794411178,0.489820359,1,24.08695652,53.16793893,46.93442623,172.2142857,43.02380952,0.556059464,0.550063401,0.248823034,,0.796066421,0.437680053,2.4300976,0.56235619,0.04404711,-10.58021434,-10.26141728,2.640790816,0.546957563,8.66e-05,349.6090675,-0.907246147,150.3607138,0.053848205,0.817986591,UNCONSOLDTED,0.7153242,SILICSED,0.2388634,0.7153242,0.04581244,0.2388634,0.0,0.0,0.0,0.0,0.0,18.0,52.0,69.0,1.046590672,52.96191,91.29026,200,661.502,284.758,461.502,5.16,24.19373,0.800166,4,0.787526,0.184974,0.019106,0.381,0.0355,0.1114,0.1695,0.1229,0.1641,0.0156,0.0,0.0,0.0,0.4,0.0004,0.0,0.0,0.0002,0.0,0.0,0.05712,0.82335,0.0,0.00748,0.00512,0.0,0.0,0.00017,2e-05,0.0,0.0,3e-05,0.0419,0.0,0.05978,0.0044,0.10171,0.0,0.0,2.476243,2.454262,0.0,0.0,97.13406,6.493242,0.0,0.0,0.005496,0.02198,24.19373,0.0,0.0,0,0.0,0.0,0.0,0.698413,0.369198,0.019075,0.194137,7.335457,270.6014,0.988363,0.060599,1071.572,0.103614,0.317311,0.348895,109.2211,67.50361,90.34495,3.48352,0.13428,0.097899,0.140153,0.184635,0.220346,0.217403,0.277396,0.428109,0.579082,0.646436,0.367337,0.201814
401016,1983-06-17,2022-02-28,38.704996577686515,0.057013510645823016,0.0,86.64775261830562,125,1.6210339595897953,Welumba Creek at The Square (401016),Murray-Darling Basin,UPPER MURRAY RIVER,No notes,-36.04,148.12,-36.07186799,148.15835,55,50.5,NSW,,1400,2300,2300,Not nested,,0,19830617,20220228,0.057013511,6.0,42.38937849,9.800431009,33.41666327,0.572964561,7.046000963,2.615284,3.204062,1.22513,-0.223154,0.000916,21.169093,1.23363,jja,246.16374,5.115823,djf,0.417371724,0.634880255,41.3363327,0.01709943,1.475536719,0.422249977,4.401462139,0.388185504,0.01880867,1.49443453,0.451055581,0.029855225,0.222638962,0.0,1,3.826923077,13.55251142,0.0,169.8571429,91.21428571,0.898316452,0.771368191,0.069696151,-3.122953147,0.197761529,0.123569478,1.615385089,0.607490865,0.080031231,-3.937798436,-3.207576243,1.917199501,0.9916936,0.007807356,437.5805411,-0.832674093,243.1236024,0.157153883,0.509253918,IGNEOUS,0.5232418,SILICSED,0.4767578,0.0,0.5232418,0.4767578,0.0,0.0,0.0,0.0,0.0,18.0,56.14286,69.0,1.0,299.7571,195.9818,371,1298.496,732.0579,927.496,25.01,13.72705,1.061304,3,0.58955,0.425334,0.071806,0.8664,0.0893,0.039,0.0053,0.0,0.0,0.0,0.0,0.0,0.0,1.0,0.0,0.0,0.0,0.0,0.0,0.0,0.0,0.02112,0.0,0.0,0.00042,0.0,0.0,0.00262,0.00042,0.0,0.0,0.32073,0.61874,0.0,0.03598,0.0,0.97545,0.0,0.0,64.42382,63.72581,0.0,0.0,35.57615,33.11655,0.0,0.0,0.0,3.157626,13.72705,0.0,0.0,0,0.136585,0.014035,0.0,0.193531,0.012764,0.0,0.006382,0.307766,0.493932,0.0,0.0,1369.276,0.057479,0.294603,0.381497,138.2742,99.11776,79.92817,6.590061,0.606964,0.394633,0.544297,0.518313,0.398987,0.306905,0.359011,0.512641,0.666696,0.807599,0.758949,0.724143
401017,1983-07-08,2022-02-28,38.64750171115674,0.014593369226409747,0.007836089144500359,15.404486390021868,125,0.9500971343554184,Mannus Creek at Yarramundi (401017),Murray-Darling Basin,UPPER MURRAY RIVER,No notes,-35.77,147.93,-35.72074745,147.87528,55,199.4,NSW,,1400,2300,2300,Not nested,,0,19830708,20220228,0.014593369,12.0,127.2412943,11.73121222,93.10442152,0.01416832,1.104654575,2.566871,3.344489,1.302944,-0.296418,0.000291,22.050015,1.289017,jja,253.381906,5.660241,djf,0.528828558,0.399509831,79.1316527,0.0,2.555867735,0.513205814,9.86177506,1.720520636,0.0121349,2.14397598,0.568990491,0.111071172,0.449101366,0.007836089,1,4.667673716,23.48496241,12.11111111,144.8529412,68.47058824,0.627892317,0.638038863,0.089291963,-4.439161557,0.485065133,0.256217911,2.2202441,0.522556391,0.122788676,-6.585218218,-4.873003175,2.496436335,0.541726835,0.003539254,401.4818313,-0.877008394,269.3850978,0.198523933,0.618508181,SILICSED,0.9477274,UNCONSOLDTED,0.05225218,0.05225218,1.98e-05,0.9477274,0.0,0.0,0.0,0.0,0.0,18.6,57.4,65.6,1.370048808,100.0,148.2499,518,779.9208,621.5968,261.9208,5.58,27.24801,0.840478,4,0.582856,0.440585,0.010387,0.4726,0.0588,0.1905,0.2412,0.0293,0.0076,0.0,0.0,0.0,0.0,0.93,0.0,0.0,0.0,0.00762,0.0012,0.0,0.00048,0.78753,0.0,0.0,7e-05,0.0,0.0,2e-05,9e-05,0.0,0.0,0.11218,0.08542,0.00011,0.00505,0.0003,0.20276,0.0,0.0,37.33227,9.207817,0.0,0.0,62.66773,0.0,0.0,0.0,0.0,90.79211,27.24801,0.0,0.0,0,0.083333,0.0125,0.0,0.554102,0.357438,0.03135,0.194394,1.341422,1.470278,0.998733,0.0,1579.756,0.055669,0.274966,0.3857,127.2069,91.61784,79.84203,5.375683,0.435807,0.303407,0.435624,0.442869,0.347708,0.267242,0.307824,0.438737,0.568932,0.676532,0.588282,0.571069
401203,1954-06-05,2022-02-28,67.73716632443532,0.0,0.0,28.816444974293397,125,1.7035729428060526,Mitta Mitta River at Hinnomunjie (401203),Murray-Darling Basin,UPPER MURRAY RIVER,No notes,-36.948056,147.606944,-37.0250415,147.4433659,55,1520.4,VIC,,1400,2300,2300,Not nested,,1,19540605,20220228,0.0,23.0,10.209175,6.934544343,7.979415548,0.0,0.0,3.615565,2.91623,0.806577,-0.292513,0.021862,19.236458,1.220764,jja,223.610341,4.339846,djf,1.025327233,0.63990571,57.5840884,0.11104026,1.20552318,0.76026122,4.312931382,0.839995205,0.09223047,2.32337806,0.376893264,0.010508872,0.153914555,0.0,1,1.911764706,12.4852459,0.0,171.2352941,95.83823529,0.84918079,0.774690109,0.058480961,-2.902802967,0.207682561,0.130008172,1.688437675,0.527575442,0.129021474,-3.523399584,-3.022509578,1.631919191,1.017254357,0.066626339,580.7649502,-0.896256457,555.577048,0.212547676,0.607023687,METAMORPH,0.7337696,IGNEOUS,0.2095091,0.01734871,0.2095091,0.0316392,0.0,0.0,0.7337696,0.0,0.0,40.0,62.0,46.0,1.067487795,205.2043,171.3305,540,1982.65,1096.268,1442.65,23.99,67.60069,0.807398,5,0.650375,0.383338,0.021263,0.8665,0.0814,0.0453,0.0065,0.0003,0.0,0.0,0.0,0.0,0.0,1.0,0.0001,0.0,0.0,0.0,0.0,0.0,0.00848,0.14024,0.0,0.0,0.00821,0.05069,0.00127,0.01092,0.00665,0.00016,0.0,0.09562,0.50198,0.00452,0.1708,0.0004,0.77292,6.359113,6.321489,36.21829,30.21285,1.42865,1.181856,55.994,41.37224,0.0,0.0,0.0,18.14783,67.60069,0.0,0.0,0,0.228571,0.05,0.0,0.587891,0.082116,0.34039,0.211253,0.393626,134.4571,0.001991,0.001747,2914.176,0.022853,0.236373,0.436892,166.5709,112.4312,72.85412,6.654837,0.708997,0.529622,0.609569,0.492975,0.350085,0.266796,0.310077,0.446487,0.593442,0.780602,0.788622,0.777059
401208,1965-10-30,2022-02-28,56.33401779603012,4.860031104199067e-05,0.0,50.24551700680536,125,1.0200235494473815,Cudgewa Creek at Berringama (401208),Murray-Darling Basin,UPPER MURRAY RIVER,No notes,-36.213333,147.677778,-36.23842028,147.611814,55,356.2,VIC,,1400,2300,2300,Not nested,,0,19651030,20220228,4.86e-05,32.0,9.99625194,4.760874392,8.453996718,0.019440124,0.71243603,3.027751,3.233007,1.067791,-0.366551,0.000201,21.744389,1.277191,jja,248.05143,5.283362,djf,0.527002116,0.631005291,57.71408422,0.03347335,1.543530322,0.603868887,7.629024145,0.868791651,0.07664907,1.8883324,0.339042492,0.018809235,0.120486027,0.0,1,1.984615385,17.09655172,0.0,154.5357143,102.5,0.698925914,0.494711957,0.06081998,-2.44857483,0.284487799,0.14886479,0.906491427,0.55877162,0.106277743,-3.963779342,-3.042453801,1.650156779,0.938131778,0.004617137,526.3685478,-0.804719787,451.1728798,0.197000057,0.539480774,IGNEOUS,0.7559904,METAMORPH,0.1289268,0.09636258,0.7559904,0.01872,0.0,0.0,0.1289268,0.0,0.0,17.0,48.0,65.0,0.978680062,234.6242,130.9515,375,1270.402,685.0695,895.402,21.07,28.40734,0.696087,4,0.747872,0.344008,0.03141,0.8148,0.0956,0.0766,0.013,0.0,0.0,0.0,0.0,0.0,0.0,1.0,0.0,0.0,0.0,0.0,0.0,0.0,0.00061,0.14684,0.0,0.0,0.00375,0.0,0.00024,0.00111,0.00031,0.0,0.0,0.52827,0.30668,0.00011,0.01212,0.0,0.84718,0.0,0.0,94.67262,50.80556,0.088066,0.088066,5.239317,2.93859,0.0,0.0,0.0,0.0,28.40734,0.0,0.0,0,0.316129,0.037647,0.0,0.400222,0.195907,0.003056,0.099481,0.284858,1.654124,0.000967,0.0,2334.041,0.058712,0.296103,0.391911,130.9519,92.22438,78.33621,7.561693,0.654281,0.426886,0.626998,0.614669,0.463197,0.350884,0.410252,0.599502,0.795121,0.960768,0.862462,0.808516
401210,1953-03-26,2022-02-28,68.93086926762491,0.0,0.0,47.27062367697726,125,1.8851352408553372,Snowy Creek at Below Granite Flat (401210),Murray-Darling Basin,UPPER MURRAY RIVER,No notes,-36.568611,147.413611,-36.67659463,147.4113336,55,412.9,VIC,,1400,2300,2300,Not nested,,0,19530326,20220228,0.0,12.0,6.214846166,4.557608001,5.189495586,0.019859395,0.416609195,3.821315,3.087351,0.807929,-0.404867,0.003031,21.330895,1.287575,jja,233.111713,4.805967,djf,1.49820513,0.723554202,100.7502679,0.3902543,1.207682318,1.267722642,4.303152182,2.343980042,0.21259966,3.98477888,0.346118087,0.01477539,0.090360249,0.0,1,4.0,12.92613636,0.0,164.2318841,98.26086957,0.934516244,0.844441617,0.039224006,-2.797495426,0.131344752,0.078545826,1.131694759,0.578838504,0.180794431,-3.470491358,-2.463927858,1.749605875,1.004874426,0.019068223,554.9263058,-0.881563705,502.5696584,0.331591856,0.545231821,METAMORPH,0.4424302,SILICSED,0.3441116,0.01096194,0.202496,0.3441116,0.0,0.0,0.4424302,0.0,0.0,16.0,55.0,69.0,1.014191173,248.1108,172.5113,316,1945.559,852.7523,1629.559,36.03,37.55142,0.797315,4,0.613947,0.333016,0.043632,0.9494,0.0326,0.0162,0.0017,0.0001,0.0,0.0,0.0,0.0,0.0,1.0,0.0,0.0,0.0,0.0,0.0,0.0,0.00168,0.00298,0.0,0.0,0.0067,0.0094,0.00012,0.00156,0.00035,2e-05,0.0,0.42362,0.5194,8e-05,0.03404,0.0,0.97714,0.827054,0.827054,78.96147,74.26341,0.0,0.0,20.2115,18.79593,0.0,0.0,0.0,0.0,37.55142,0.0,0.0,0,0.187234,0.0,0.0,0.025575,0.057152,0.0,0.028576,0.142787,1.976698,0.000742,0.0,3280.123,0.049814,0.29811,0.411668,147.4655,99.04976,73.62712,7.656887,0.747845,0.476342,0.660273,0.593867,0.437909,0.330792,0.3895,0.570488,0.762066,0.958038,0.895627,0.843874
401212,1954-04-14,2022-02-28,67.87953456536619,0.0014520227483563908,0.0,47.12637278639557,125,2.452599758517341,Nariel Creek at Upper Nariel (401212),Murray-Darling Basin,UPPER MURRAY RIVER,No notes,-36.446111,147.829444,-36.54683216,147.8904468,55,254.7,VIC,,1400,2300,2300,Not nested,,0,19540414,20220228,0.001452023,23.0,8.077288193,5.15514822,6.747987663,0.056467551,0.799918282,3.49359,3.015738,0.86322,-0.297262,0.015178,19.802765,1.23973,jja,222.154123,4.504922,djf,1.779661655,0.714166422,114.6334982,0.51833215,1.188608433,1.409556781,3.467638012,2.807002276,0.22660071,4.68941343,0.35797556,0.014339379,0.101627822,0.0,1,3.736842105,12.64321608,0.0,164.8181818,94.81818182,0.949110943,0.829043463,0.042812213,-2.840403913,0.117159242,0.069388416,1.272001559,0.528261534,0.222641952,-3.64079582,-2.387942694,1.929038814,0.851990548,0.056885726,409.8273476,-0.89761768,293.8856458,0.401855582,0.554034739,SILICSED,0.7845261,IGNEOUS,0.2103603,0.0051132,0.2103603,0.7845261,0.0,0.0,0.0,0.0,0.0,30.0,40.0,43.0,1.050949301,267.5596,193.567,511,1763.044,1079.133,1252.044,36.61,40.0406,0.820611,4,0.446879,0.460545,0.031662,0.9434,0.0375,0.0179,0.0012,0.0,0.0,0.0,0.0,0.0,0.0,1.0,0.0,0.0,0.0,0.0,0.0,0.0,0.00536,0.0,0.0,0.0,0.01165,0.0021,0.00026,0.00711,0.00133,3e-05,0.0,0.26505,0.63843,0.00069,0.06792,0.0,0.97209,0.148132,0.148132,45.62269,44.44952,0.0,0.0,54.22916,51.55138,0.0,0.0,0.0,0.0,40.0406,0.0,0.0,0,0.116667,0.020253,0.0,0.087146,0.050308,0.0,0.025154,0.098879,0.187294,0.0,0.0,3598.184,0.031084,0.258615,0.419592,164.56,111.3919,75.57825,7.902277,0.822104,0.563941,0.712769,0.591828,0.42235,0.323399,0.379339,0.547076,0.725286,0.934993,0.947577,0.936471
401215,1950-03-01,2020-02-29,70.00136892539356,0.00344180225281602,0.037558869701726845,36.20951138867032,125,2.7777027079715393,Morass Creek at Uplands (401215),Murray-Darling Basin,UPPER MURRAY RIVER,No notes,-36.86621971,147.7035132,-36.88991644,147.8183809,55,536.7,VIC,,1400,2300,2300,Not nested,,0,19500301,20200229,0.003441802,,,,,,,2.744692,2.997845,1.092234,-0.153033,0.006025,19.622985,1.248856,son,239.448958,4.693921,mam,0.179038722,0.477736267,29.87143097,0.0,2.301028228,0.170991141,7.043606079,0.154807184,6.89e-05,0.76206819,0.712056454,0.09277865,0.407456829,0.03755887,1,6.53038674,28.13550136,30.87096774,165.6716418,73.97014925,0.87624968,0.872269215,0.124018323,-4.268691219,0.279827237,0.192219891,2.97557582,0.4069197,0.038242735,-5.957265832,-4.352200661,2.745549071,0.709939211,0.031994168,494.1906813,-0.904424997,378.5141999,0.061916729,0.617647861,IGNEOUS,0.3339857,METAMORPH,0.2881773,0.1922713,0.3339857,0.174844,0.0,0.0,0.2881773,0.01072095,0.0,39.93333,60.66667,44.86667,0.997085595,180.4583,149.4337,678,1594.624,953.6364,916.624,16.54,57.73112,0.750149,4,0.427408,0.330455,0.016583,0.7079,0.0845,0.0972,0.0593,0.0304,0.0207,0.0,0.0,0.0,0.0,1.0,0.0,0.00071,0.0,0.0,0.0,0.0,0.00692,0.32465,0.0,0.01234,0.00466,0.0,0.00068,0.00627,0.00153,0.00012,0.0,0.01654,0.4813,0.00142,0.14263,0.0002,0.64189,3.054474,0.096902,38.58997,35.59195,3.909772,2.591544,54.44569,26.84658,0.0,0.0,0.0,18.77728,57.73112,0.0,0.0,0,0.27907,0.033735,0.0,0.3609,0.145385,0.145369,0.145377,0.066026,0.13218,0.0,0.0,1591.953,0.027048,0.242995,0.416753,149.7555,104.5674,73.19241,6.674003,0.650117,0.464054,0.593937,0.494027,0.379224,0.293381,0.34524,0.494758,0.641586,0.803453,0.777389,0.741567
401216,1950-01-01,2022-02-28,72.1615331964408,0.002352316272716925,0.0,33.42346045260008,125,1.5568456904191108,Big River at Jokers Creek (401216),Murray-Darling Basin,UPPER MURRAY RIVER,No notes,-36.933056,147.4725,-36.85862099,147.3957827,55,358.1,VIC,,1400,2300,2300,Level 1,401203,0,19500101,20220228,0.002352316,17.0,7.328899019,5.123309304,5.968159137,0.030352468,0.53451882,4.471211,2.90491,0.649692,-0.381295,0.066978,20.38705,1.251656,jja,222.378848,4.387904,djf,2.464545603,0.677739626,132.9906149,0.41523151,1.129528363,1.737529046,3.930530629,3.851752987,0.23813683,5.24335325,0.368156589,0.007948279,0.131583951,0.0,1,1.833333333,11.12540193,0.0,173.5942029,95.89855072,0.875225292,0.768625942,0.053399039,-2.892458718,0.183898247,0.110146348,1.406580742,0.571899642,0.2427064,-3.358508521,-2.941229172,1.473785378,1.164230985,0.141209267,612.3600212,-0.906900963,517.3174609,0.388579904,0.624598436,METAMORPH,0.906348,IGNEOUS,0.08446067,0.00919123,0.08446067,0.0,0.0,0.0,0.906348,0.0,0.0,30.0,40.0,43.0,1.087192838,243.1334,191.735,699,1982.65,1246.401,1283.65,31.38,42.84312,0.846205,4,0.498432,0.433228,0.03032,0.9248,0.0488,0.0232,0.0032,0.0,0.0,0.0,0.0,0.0,0.0,1.0,0.0,0.0,0.0,0.0,0.0,0.0,0.00879,0.00228,0.0,0.0,0.01448,0.13168,0.00076,0.00844,0.0035,0.00021,0.0,0.16589,0.58119,0.00162,0.08117,0.0,0.82987,13.76594,13.71416,35.81633,33.68945,0.116495,0.116495,50.30124,50.08565,0.0,0.0,0.0,0.0,42.84312,0.0,0.0,0,0.2,0.0,0.0,0.114625,0.04624,0.039368,0.042804,0.132018,0.13218,0.0,0.0,4550.533,0.022178,0.236454,0.439195,180.9943,119.9318,76.15208,7.618995,0.837775,0.603332,0.709113,0.564053,0.389683,0.295516,0.341905,0.494353,0.666384,0.886617,0.909974,0.920562
401217,1971-07-28,2022-02-28,50.5927446954141,0.0007576167541533633,0.0,37.812915176522935,125,2.2964733846737864,Gibbo River at Gibbo Park (401217),Murray-Darling Basin,UPPER MURRAY RIVER,No notes,-36.756111,147.708611,-36.6855796,147.8477496,55,389.2,VIC,,1400,2300,2300,Not nested,,0,19710728,20220228,0.000757617,27.0,10.07999219,8.998953516,7.794309191,0.075761675,1.443143343,3.28895,3.007382,0.91439,-0.266577,0.011799,19.353315,1.22748,jja,222.90021,4.502815,djf,1.078818326,0.675130223,94.2228407,0.04861666,1.384848064,0.775378655,4.446002619,1.153006987,0.07259198,2.66814388,0.420391313,0.026157595,0.210127268,0.0,1,4.274336283,16.94323144,0.0,163.12,88.6,0.92846976,0.844577793,0.048817094,-3.397500169,0.142854387,0.090469003,1.714129892,0.501850642,0.129189537,-3.993522037,-3.162264815,2.223099037,0.812127011,0.041701558,481.0600935,-0.902751336,354.8873326,0.23717642,0.544698064,SILICSED,0.9736389,METAMORPH,0.01331249,0.00778805,0.00526041,0.9736389,0.0,0.0,0.01331249,0.0,0.0,39.0,42.0,29.0,1.016096641,293.2725,194.8156,495,1751.173,1030.361,1256.173,33.55,44.22289,0.768391,4,0.504259,0.426335,0.028413,0.9279,0.0412,0.024,0.0064,0.0005,0.0,0.0,0.0,0.0,0.0,1.0,0.0,0.0,0.0,0.0,0.0,0.0,0.01884,0.0013,0.0,0.0,0.01802,0.0007,0.00252,0.01555,0.00425,0.00017,0.0,0.06786,0.69232,0.0023,0.17618,0.0,0.93866,0.023781,0.023781,73.12762,72.08237,0.440148,0.237846,26.40839,26.40839,0.0,0.0,0.0,0.0,44.22289,0.0,0.0,0,0.219608,0.047059,0.0,0.075,0.038763,0.0,0.019382,0.067614,0.119042,0.0,0.0,2375.869,0.03169,0.262157,0.420926,161.398,109.3324,73.89899,7.03267,0.727734,0.506015,0.632679,0.525374,0.381228,0.292606,0.341514,0.490236,0.647941,0.834605,0.836694,0.819933
401220,1977-07-28,2022-02-28,44.591375770020534,0.006078467489408731,0.005003706449221645,32.07156692579793,125,1.3948378736493627,Tallangatta Creek at McCallums (401220),Murray-Darling Basin,UPPER MURRAY RIVER,No notes,-36.213,147.34,-36.34738817,147.4744947,55,454.7,VIC,,1400,2300,2300,Not nested,,0,19770728,20220228,0.006078467,19.0,11.218386,5.188163941,8.781486941,0.0,0.0,3.031839,3.252825,1.072889,-0.370972,7.3e-05,22.032037,1.279228,jja,247.557035,5.265774,djf,0.556248057,0.583131802,52.19080525,0.0,1.919147057,0.407630327,5.335605985,0.611997267,0.01330167,1.67563014,0.532663381,0.077217692,0.362861379,0.005003706,1,6.188118812,25.99115044,9.0,152.452381,72.04761905,0.873406378,0.686571111,0.069903451,-3.987303511,0.231426583,0.128493091,2.079166508,0.546031746,0.071888935,-5.583682119,-3.77472654,2.140508497,0.769359607,0.001381115,553.0241728,-0.90482149,439.6309779,0.135463618,0.530688137,SILICSED,0.3224287,IGNEOUS,0.2810896,0.1744508,0.2810896,0.3224287,0.0,0.0,0.222032,0.0,0.0,16.94444,48.38889,65.22222,0.981578206,211.8446,131.7806,285,1396.969,585.4202,1111.969,24.93,49.3629,0.764671,4,0.487874,0.318174,0.024112,0.8376,0.0664,0.0662,0.0243,0.0055,0.0,0.0,0.0,0.0,0.0,0.97,0.0,0.0,0.0,0.0,0.0,0.0,0.00168,0.27149,0.0,0.0,0.00364,0.0,2e-05,0.00128,0.00032,0.0,0.0,0.21716,0.4672,0.0,0.03717,0.0,0.72153,0.0,0.0,84.44662,64.57963,0.0,0.0,15.55353,2.62446,0.0,0.0,0.0,0.0,49.3629,0.0,0.0,0,0.235294,0.087129,0.0,0.619616,0.148165,0.011142,0.079653,0.417149,0.816493,0.0,0.0,2120.925,0.070627,0.314918,0.388359,125.6834,87.34213,78.20221,6.566579,0.592208,0.364607,0.545297,0.523636,0.40114,0.306363,0.357069,0.520165,0.688857,0.838568,0.743666,0.696465
402204,1967-06-05,2022-02-28,54.7378507871321,0.0010503676286700346,0.009463248547967155,22.00632709263823,125,1.0330307296688364,Yackandandah Creek at Osbornes Flat (402204),Murray-Darling Basin,KIEWA RIVER,No notes,-36.303333,146.906111,-36.36523223,146.8563907,55,280.5,VIC,,1400,2300,2300,Not nested,,1,19670605,20220228,0.001050368,30.0,18.26861443,5.925450184,13.90065587,0.0,0.0,2.807203,3.297548,1.174674,-0.39011,0.000111,21.987092,1.272633,jja,256.078606,5.655747,djf,0.476621147,0.513825307,68.84955723,0.0,2.204163254,0.478509194,8.755334044,1.112418209,0.01447701,1.8043893,0.473830052,0.056779491,0.292559583,0.009463249,1,3.15,18.78778135,18.9,148.0,82.42307692,0.652554783,0.41208423,0.08182094,-3.365263705,0.395309119,0.178139203,1.67916597,0.518894529,0.100127793,-5.407021394,-3.921210651,2.242449634,0.782369102,0.000944988,505.3490977,-0.830516045,481.6177127,0.168075065,0.595732587,IGNEOUS,0.3303271,SILICSED,0.3300837,0.02779121,0.3303271,0.3300837,0.0,0.0,0.2469275,0.0,0.0,16.0,55.0,69.0,1.027065527,112.4256,94.9081,217,1161.637,502.9162,944.637,16.85,30.37459,0.848308,4,0.629845,0.308776,0.031374,0.7341,0.0992,0.1285,0.0378,0.0004,0.0,0.0,0.0,0.0,0.0,0.75,0.0,0.0,0.0,0.0,0.0,0.0,0.00452,0.37471,0.0,0.0,0.00109,0.0,0.00035,0.0004,0.00032,0.00011,0.0,0.30368,0.29253,0.00106,0.01858,0.0027,0.61585,0.0,0.0,74.12431,38.04932,0.0,0.0,25.87565,1.991826,0.0,0.0,0.0,37.63057,30.37459,0.0,0.0,0,0.210256,0.382456,0.0,0.659156,0.282614,0.101693,0.192153,7.706139,330.8723,1.0,0.006927,2181.865,0.06884,0.301835,0.393114,119.6906,82.80439,78.60915,5.10539,0.462222,0.273,0.435922,0.417508,0.313677,0.240223,0.274272,0.403066,0.540591,0.661181,0.571681,0.521712
402206,1975-07-25,2022-02-28,46.600958247775495,0.0035838082368838493,0.0,39.82420746630642,125,1.20859861513886,Running Creek at Running Creek (402206),Murray-Darling Basin,KIEWA RIVER,No notes,-36.54,147.044444,-36.61137252,147.0160718,55,127.4,VIC,,1400,2300,2300,Not nested,,0,19750725,20220228,0.003583808,17.0,10.62116485,7.743276814,8.718344251,0.44063216,6.005249573,3.518686,3.193408,0.907557,-0.451351,7.9e-05,21.987092,1.295551,jja,243.529963,5.208998,djf,0.871814874,0.682553268,67.68904239,0.04136892,1.547405494,0.622269186,4.40824982,0.92718172,0.0420471,2.35599372,0.429235172,0.04634434,0.227653302,0.0,7,6.55,14.19485294,0.0,158.3409091,79.22727273,0.938873824,0.820724165,0.037934543,-3.098141263,0.143779961,0.076703196,2.103512962,0.608351916,0.092366756,-4.784207788,-2.41775613,1.669361133,0.985461334,0.000981435,625.7050174,-0.86557362,455.2084018,0.180146231,0.512732104,SILICSED,0.4641162,METAMORPH,0.4591833,0.02806038,0.0,0.4641162,0.0,0.0,0.4591833,0.0,0.0,17.0,48.0,65.0,0.959950824,72.0643,80.02296,246,1188.711,631.3734,942.711,32.45,23.40031,0.733073,3,0.546215,0.407992,0.040232,0.9164,0.0438,0.0313,0.0085,0.0,0.0,0.0,0.0,0.0,0.0,1.0,0.0,0.0,0.0,0.0,0.0,0.0,0.00102,0.06138,0.0,0.0,0.00602,0.0,3e-05,0.00099,0.00016,3e-05,0.0,0.56352,0.35128,0.0,0.01555,0.0,0.93035,0.0,0.0,96.47709,72.92931,0.0,0.0,3.522934,1.847997,0.0,0.0,0.0,10.62422,23.40031,0.0,0.0,0,0.17931,0.033333,0.0,0.464583,0.12482,0.0,0.06241,1.220347,1.934969,1.0,0.0,3135.965,0.0673,0.325817,0.411729,128.4572,85.08966,73.72681,7.835604,0.717931,0.455213,0.666216,0.643337,0.460851,0.343512,0.401179,0.600536,0.809649,1.010069,0.902951,0.835679
402213,1970-05-01,2022-02-28,51.832991101984945,0.006074371434608071,0.03220492108200032,16.101324407037044,125,0.957503201218753,Kinchington Creek at Osbornes Flat (402213),Murray-Darling Basin,KIEWA RIVER,No notes,-36.316389,146.894444,-36.38560469,146.8917315,55,120.3,VIC,,1400,2300,2300,Level 1,402204,1,19700501,20220228,0.006074371,29.0,27.18797933,8.652971497,20.5795306,0.0,0.0,2.85685,3.297694,1.154311,-0.392949,0.000103,21.906191,1.271921,jja,254.559465,5.615507,djf,0.451090796,0.421171048,66.48418953,0.0,2.48503019,0.471288633,8.740719452,1.371630925,0.00574564,1.91473317,0.550108033,0.082319179,0.39352713,0.032204921,1,3.442222222,19.43569554,37.875,144.2978723,71.76595745,0.600256094,0.390817548,0.110450593,-3.893704007,0.508852596,0.222836979,2.139758794,0.544149459,0.105962013,-6.187383077,-4.401259319,1.954687291,0.622007313,0.000958349,507.1297135,-0.849034023,348.1858908,0.162448761,0.652279605,IGNEOUS,0.5124992,METAMORPH,0.3016319,0.0,0.5124992,0.07698843,0.0,0.0,0.3016319,0.0,0.0,16.0,55.0,69.0,1.014256896,107.0982,92.8038,227,1161.637,483.8391,934.637,17.62,22.6247,0.887016,3,0.556381,0.275877,0.041372,0.7314,0.0909,0.1359,0.0413,0.0005,0.0,0.0,0.0,0.0,0.0,0.6,0.0,0.0,0.0,0.0,0.0,0.0,0.00569,0.59152,0.0,0.0,0.00098,0.0,0.0,0.00035,0.00015,0.0,0.0,0.18102,0.20655,0.0,0.01373,0.0,0.4013,0.0,0.0,68.65145,39.03659,0.0,0.0,31.34855,2.499262,0.0,0.0,0.0,52.13466,22.6247,0.0,0.0,0,0.503704,0.292857,0.0,0.631696,0.227715,0.073642,0.150679,5.418985,6.798884,1.0,0.0,2207.018,0.071954,0.309329,0.393059,118.4641,81.96857,78.37135,5.042945,0.468487,0.271227,0.431314,0.409577,0.308171,0.235625,0.268728,0.393072,0.527085,0.646177,0.567676,0.525468
402217,1970-04-29,2010-11-08,40.53114305270363,0.0,0.0014185355309375845,19.849251728437668,125,1.0055208304164391,Flaggy Creek at Myrtleford Road Bridge (402217),Murray-Darling Basin,KIEWA RIVER,No notes,-36.385833,146.876389,-36.41109497,146.9057391,55,22.5,VIC,,1400,2300,2300,Level 2,402213,0,19700429,20101108,0.0,11.0,24.85611889,32.81795674,19.33976614,0.0,0.0,3.093057,3.267484,1.056393,-0.414075,0.000122,21.969114,1.278243,jja,251.413316,5.516568,djf,0.471822336,0.453606563,57.16992,0.0,2.236532817,0.490050041,7.352893654,1.201244491,0.0192,1.99296,0.528389859,0.077073764,0.365847068,0.001418536,1,3.092140921,18.23569024,10.5,147.475,74.55,0.619178347,0.453042537,0.072676303,-3.852449409,0.496545975,0.200245725,1.745853311,0.654432524,0.103345774,-5.743766007,-4.223394552,1.857110994,0.724907687,0.002279485,572.8924412,-0.8255637,323.7874304,0.157387833,0.65663128,IGNEOUS,0.6713239,METAMORPH,0.3247662,0.0,0.6713239,0.0,0.0,0.0,0.3247662,0.0,0.0,16.0,55.0,69.0,1.0,100.0,90.0,315,1161.637,542.7844,846.637,18.89,10.38329,1.04178,3,0.562954,0.27899,0.082663,0.7683,0.1003,0.1154,0.016,0.0,0.0,0.0,0.0,0.0,0.0,0.95,0.0,0.0,0.0,0.0,0.0,0.0,0.00585,0.57305,0.0,0.0,0.00172,0.0,0.0,0.00095,0.0,0.0,0.0,0.05746,0.3249,0.0,0.0361,0.0,0.41846,0.0,0.0,82.38662,48.4951,0.0,0.0,17.61343,1.854125,0.0,0.0,0.0,48.78181,10.38329,0.0,0.0,0,0.318182,0.072727,0.0,0.591619,0.206722,0.0,0.103361,5.367321,6.798884,1.0,0.0,2053.072,0.068276,0.307383,0.399721,121.1772,83.26409,76.98147,5.218357,0.493744,0.289056,0.449246,0.422205,0.313774,0.239246,0.27304,0.399356,0.536461,0.663025,0.593248,0.555356
403200,1950-03-01,2020-02-29,70.00136892539356,0.00488892365456821,0.00035373187124159886,42.23545642048212,125,3.307629377774181,Ovens River at Wangaratta (403200),Murray-Darling Basin,OVENS RIVER,No notes,-36.35066081,146.3209358,-36.7506267,146.6699834,55,5117.2,VIC,,1400,2300,2300,Level 1,403209A,3,19500301,20200229,0.004888924,,,,,,,3.210406,3.178647,0.990107,-0.420877,7.1e-05,20.935379,1.272678,jja,238.918607,5.129101,djf,0.80106686,0.64099731,51.84917337,0.00092904,1.4480682,0.546319589,3.502320445,0.625851906,0.02759615,2.00696729,0.486050423,0.042526432,0.284989978,0.000314428,1,6.011111111,23.61889251,2.666666667,154.440678,80.66101695,0.962485109,0.952133757,0.066527719,-3.863966203,0.127417049,0.091831829,2.457131463,0.378729726,0.090530985,-4.868290432,-2.801427866,2.063277044,0.771553308,0.001123641,583.5385329,-0.911448042,493.7989445,0.169809444,0.533132804,SILICSED,0.609677,UNCONSOLDTED,0.2239028,0.2239028,0.1604631,0.609677,0.0,0.0005529,0.00140666,0.0,0.0,22.0,57.0,65.0,1.020651678,145.3449,130.8148,139,1904.808,562.192,1765.808,26.74,145.1391,0.810344,6,0.5574,0.235176,0.012095,0.7624,0.047,0.0544,0.0326,0.0261,0.0227,0.0413,0.0135,0.0,0.0,0.41,0.0,0.0008,0.0,0.01015,0.00503,0.0,0.01034,0.22048,0.0,0.00121,0.01072,0.0005,0.00057,0.00381,0.00123,0.00012,1e-05,0.24792,0.43748,0.00068,0.04685,0.002,0.73293,0.220009,0.220009,68.08131,54.69372,0.234838,0.225663,31.19844,9.972334,0.0,0.003982,0.0,26.16661,143.9419,0.0,0.0,0,0.448101,0.632099,0.0,0.717163,0.124602,0.553697,0.33915,3.527229,1932.872,0.429806,0.020577,2424.394,0.066489,0.31618,0.4002,128.9054,86.24957,75.68611,6.16064,0.56572,0.381911,0.517622,0.487774,0.353208,0.264956,0.311295,0.472485,0.639653,0.801367,0.718491,0.653024
403205,1950-03-01,2020-02-29,70.00136892539356,0.005944931163954944,0.0,40.1465067431925,125,2.579100025647919,Ovens Rivers at Bright (403205),Murray-Darling Basin,OVENS RIVER,No notes,-36.72564366,146.9525954,-36.8343153,147.0421872,55,493.7,VIC,,1400,2300,2300,Level 3,403230,1,19500301,20200229,0.005944931,,,,,,,4.072242,3.073187,0.754667,-0.448174,0.001748,20.971335,1.279057,jja,232.455516,4.718978,djf,1.651062062,0.649570171,109.4018736,0.03088516,1.463984647,1.171379841,4.099666142,2.940820626,0.09317399,4.35968402,0.462570868,0.041273214,0.277502361,0.0,3,6.281437126,20.50290698,0.0,156.5666667,79.91666667,0.95313097,0.943471537,0.053201156,-3.722845922,0.122040763,0.074717032,2.232123311,0.476527901,0.164450323,-4.720599651,-3.073994241,2.08375733,0.826767882,0.010542689,629.0752373,-0.926091681,543.228976,0.288162102,0.570686852,SILICSED,0.9184228,UNCONSOLDTED,0.07050832,0.07050832,0.0,0.9184228,0.0,0.0,0.00462292,0.0,0.0,16.9,48.7,65.4,1.058828091,162.5967,142.0408,297,1904.808,803.8328,1607.808,41.44,42.72129,0.809223,5,0.584708,0.318196,0.037798,0.9445,0.021,0.0165,0.0167,0.0013,0.0,0.0,0.0,0.0,0.0,1.0,0.0002,0.0,0.0,0.0,0.0,0.0,0.00235,0.00048,0.0,0.0,0.01239,0.0048,0.00028,0.00444,0.00171,0.00012,1e-05,0.33185,0.58112,0.00071,0.05323,0.0063,0.96691,0.479006,0.479006,85.55313,72.45242,0.003157,0.003157,13.96473,13.4249,0.0,0.0,0.0,0.208521,42.72129,0.0,0.0,0,0.644444,0.62,1.0,0.41518,0.106269,0.0,0.053135,5.791467,521.1327,0.445447,0.030984,3178.743,0.05332,0.311662,0.423854,143.7255,95.33897,70.96632,7.093307,0.714272,0.499857,0.633282,0.554879,0.386671,0.287309,0.334664,0.495521,0.671566,0.871094,0.835242,0.81312
403213,1958-12-17,2022-02-28,63.20328542094456,0.006151180420186268,0.034171642766857,25.27287190271672,125,1.2566312395837924,Fifteen Mile Creek at Greta South (403213),Murray-Darling Basin,OVENS RIVER,In CAMELS-AUS version 1 this catchment ID had an A on the end. However following the example of both the Bureau of Meteorology and the data owner (in this case the government of Victoria) we are now omitting the A from the ID,-36.619444,146.244722,-36.76697286,146.2728668,55,227.1,VIC,,1400,2300,2300,Not nested,,0,19581217,20220228,0.00615118,38.0,13.43453148,9.337341564,10.32087026,0.004331817,0.416020781,2.889172,3.189464,1.103937,-0.423894,7.2e-05,21.771356,1.280804,jja,253.444829,5.671897,djf,0.861444606,0.546278456,116.6829908,0.0,2.121119192,0.629703971,11.16025278,1.784033522,0.0007609,2.52656275,0.778248685,0.080721789,0.396983829,0.034171643,1,6.072131148,28.82278481,23.75757576,148.6491228,68.43859649,0.761703673,0.669772756,0.086893922,-4.79329849,0.271215138,0.138620008,3.382842089,0.536493861,0.121275162,-5.661105016,-4.899787993,2.20021159,0.740091278,0.001205373,477.5038248,-0.892984095,298.6876854,0.221761688,0.546871566,IGNEOUS,0.6587587,SILICSED,0.2134919,0.1277497,0.6587587,0.2134919,0.0,0.0,0.0,0.0,0.0,22.0,57.0,65.0,1.301355867,235.786,160.4094,197,1029.925,548.4537,832.925,19.32,43.0873,0.68074,4,0.398665,0.425603,0.019454,0.7708,0.0953,0.0856,0.036,0.0123,0.0,0.0,0.0,0.0,0.0,0.87,0.0,0.0,0.0,0.0,0.0,0.0,0.00373,0.12224,0.0,0.0,0.00395,0.0,0.00138,0.00096,0.00094,0.00019,0.0,0.4071,0.42722,0.00031,0.03199,0.0,0.86662,0.0,0.0,88.84673,72.52386,0.447252,0.447252,10.70605,1.617928,0.0,0.0,0.0,8.68733,43.0873,0.0,0.0,0,0.388571,0.083333,0.0,0.58116,0.12373,0.0,0.061865,1.03792,2.912243,0.246694,0.0,2223.062,0.066893,0.311253,0.391099,128.967,87.42504,76.24151,5.957303,0.559634,0.337722,0.522215,0.489396,0.348624,0.253434,0.296967,0.455858,0.619659,0.772836,0.703773,0.606381
403214,1961-06-30,2022-02-28,60.668035592060235,0.0008574394151360621,0.0,26.30385337937122,125,1.0408713762702502,Happy Valley Creek at Rosewhite (403214),Murray-Darling Basin,OVENS RIVER,No notes,-36.577778,146.820278,-36.5810847,146.8993616,55,137.6,VIC,,1400,2300,2300,Level 3,403230,0,19610630,20220228,0.000857439,30.0,28.55566514,41.78392381,22.25502425,0.0,0.0,3.255012,3.242007,0.996005,-0.435381,8.9e-05,21.924169,1.279643,jja,247.278376,5.342591,djf,0.581645512,0.521838099,60.5792093,0.01255813,1.983482835,0.464656211,6.063892055,0.8494159,0.01255814,1.94588372,0.534941416,0.079448961,0.365176152,0.0,1,4.3975,19.20427553,0.0,149.2711864,72.03389831,0.789597308,0.576294712,0.079589251,-3.973840172,0.335274746,0.173891461,2.569674147,0.577380057,0.084571522,-5.98191784,-4.070332439,1.880376858,0.695771327,0.000879066,603.8847871,-0.867199886,438.5406118,0.143238544,0.590424336,UNCONSOLDTED,0.3416803,SILICSED,0.339916,0.3416803,0.2699766,0.339916,0.0,0.0,0.02588832,0.0,0.0,16.9375,48.4375,65.25,0.971690017,81.87402,83.52644,257,1168.911,486.2962,911.911,20.21,21.60842,0.749027,3,0.613256,0.260576,0.042723,0.7482,0.0771,0.1095,0.0589,0.0063,0.0,0.0,0.0,0.0,0.0,1.0,0.0,0.0,0.0,0.0,0.0,0.0,0.00945,0.28735,0.0,0.0,0.00407,0.0,0.00055,0.0012,0.00043,3e-05,0.0,0.27257,0.39538,0.00092,0.0281,0.0,0.69697,0.0,0.0,68.9211,51.53044,0.461359,0.461359,30.61752,3.205759,0.0,0.0,0.0,35.65767,21.60842,0.0,0.0,0,0.35,0.448,0.0,0.715625,0.20129,0.0,0.100645,1.96973,2.960205,1.0,0.0,2268.905,0.076431,0.333469,0.404,121.2782,80.26134,75.09596,7.48241,0.669463,0.407328,0.61464,0.629143,0.462481,0.343883,0.401833,0.603604,0.807425,0.969507,0.830794,0.755128
403217,1968-05-02,2022-02-28,53.828884325804246,0.004475865927470627,0.00531344198640985,21.29214773685985,125,1.9384780613124366,Rose River at Matong North (403217),Murray-Darling Basin,OVENS RIVER,No notes,-36.824722,146.583611,-36.92095448,146.5372717,55,177.8,VIC,,1400,2300,2300,Level 3,403230,0,19680502,20220228,0.004475866,17.0,53.75969011,36.92647992,41.99546969,1.169828595,16.21277872,3.451829,3.104129,0.899271,-0.444438,0.000313,20.92639,1.280528,jja,238.253421,5.084404,djf,1.271025382,0.477069525,146.6302272,0.0,2.117889542,0.911451759,7.088071009,3.726267136,0.00583127,4.16887289,0.788294638,0.128799877,0.462422725,0.005313442,1,10.0438247,40.22666667,6.5,147.98,71.68,0.871512293,0.68480167,0.0969709,-5.843769354,0.224920652,0.132150665,3.777209159,0.497511312,0.154194218,-6.567991018,-5.422788557,2.145519662,0.559822168,0.004509018,510.1986522,-0.952979796,470.3901371,0.26762769,0.576151961,SILICSED,0.8447617,IGNEOUS,0.1298949,0.02534311,0.1298949,0.8447617,0.0,0.0,0.0,0.0,0.0,16.0,55.0,69.0,1.035460928,248.287,179.2323,345,1554.188,656.7292,1209.188,30.66,36.76348,0.839215,4,0.413192,0.277469,0.033786,0.8885,0.0586,0.0441,0.0088,0.0,0.0,0.0,0.0,0.0,0.0,1.0,0.0,0.0,0.0,0.0,0.0,0.0,0.0048,0.0025,0.0,0.0,0.01299,0.0003,0.00073,0.00812,0.00166,0.00037,2e-05,0.30909,0.58841,0.00021,0.0708,0.0,0.96851,0.178667,0.178667,92.11797,77.51272,1.11629,0.911826,6.587042,6.5359,0.0,0.0,0.0,1.97699,36.76348,0.0,0.0,0,0.309677,0.0,0.0,0.07721,0.062032,0.0,0.031016,0.220607,0.220607,0.0,0.0,2728.344,0.061316,0.322123,0.413992,140.3974,91.56976,70.6218,6.968666,0.645433,0.437563,0.610448,0.568556,0.395098,0.285751,0.335677,0.514552,0.700113,0.890383,0.833368,0.758902
403221,1964-11-13,2022-02-28,57.295003422313485,0.0017202656854780904,0.05399454310468623,15.145538781044506,125,1.023921652419322,Reedy Creek at Woolshed (403221),Murray-Darling Basin,OVENS RIVER,No notes,-36.311667,146.601111,-36.31451501,146.6974181,55,211.5,VIC,,1400,2300,2300,Level 1,403209A,0,19641113,20220228,0.001720266,30.0,11.77801626,11.37278695,8.880880543,0.019114063,1.689560183,2.441892,3.329433,1.363464,-0.354027,0.000129,22.427553,1.266497,jja,263.611387,5.894673,djf,0.446959339,0.419030726,106.2748596,0.0,2.834171648,0.421629147,12.27579683,1.427951803,0.0,1.7357617,0.682654499,0.118089129,0.467904839,0.053994543,1,5.845971564,22.52304147,28.92307692,146.3392857,68.01785714,0.62899938,0.384813371,0.117696776,-4.64429665,0.457017533,0.215848755,3.050149829,0.551717665,0.104051431,-6.872059462,-4.626439752,2.337499409,0.611558356,0.001097845,424.4446079,-0.891847588,257.5855974,0.170610669,0.609876459,IGNEOUS,0.6334941,SILICSED,0.1866892,0.1679593,0.6334941,0.1866892,0.0,0.0,0.00015008,0.0,0.0,16.0,41.0,66.0,0.879385485,222.1605,77.78394,233,899.6567,454.1973,666.6567,10.9,27.76587,0.900682,3,0.585412,0.344779,0.024486,0.6281,0.1048,0.1708,0.0952,0.0011,0.0,0.0,0.0,0.0,0.0,1.0,0.0005,0.0013,0.0,0.0,0.0,0.0,0.007,0.35004,0.0,0.0,0.00109,0.0,0.00023,0.00041,0.00084,2e-05,0.0,0.08612,0.46534,0.00048,0.07154,0.0151,0.62348,0.0,0.0,56.10421,28.8117,0.795284,0.78778,43.10048,11.3283,0.0,0.0,0.0,34.87083,27.76587,0.0,0.0,0,0.231579,0.016327,0.0,0.221769,0.317021,0.020694,0.168857,16.14153,655.5386,1.0,0.037809,1437.389,0.068527,0.293273,0.389697,115.0207,81.65902,79.55295,4.281157,0.371512,0.235233,0.361092,0.343966,0.269389,0.21144,0.237955,0.344669,0.460234,0.561149,0.468649,0.423295
403222,1965-07-02,2022-02-28,56.662559890485966,0.001256281407035176,0.0013062409288824384,27.588859666667343,125,2.1954839514786513,Buffalo River at Abbeyard (403222),Murray-Darling Basin,OVENS RIVER,No notes,-36.910833,146.700556,-37.01460688,146.7504095,55,414.8,VIC,,1400,2300,2300,Level 3,403223,0,19650702,20220228,0.001256281,25.0,6.43019064,8.320950105,4.833040294,0.038654813,0.921253414,3.554865,3.035868,0.854004,-0.424286,0.001013,19.66793,1.248858,jja,223.088979,4.589127,djf,1.504087954,0.555820794,117.7239576,0.0,1.627937084,1.015785478,4.070780221,2.734508213,0.02166249,4.13107811,0.579582924,0.068892114,0.357232704,0.001306241,1,6.592592593,24.94594595,5.4,147.2545455,71.87272727,0.932106559,0.764239124,0.07892587,-4.44428509,0.176609059,0.123364652,2.947589191,0.484568508,0.170059352,-4.991152758,-4.020985892,2.076030065,0.651533604,0.006745532,510.4749638,-0.941070052,375.3259765,0.289294752,0.587841123,SILICSED,0.9173679,IGNEOUS,0.08263217,0.0,0.08263217,0.9173679,0.0,0.0,0.0,0.0,0.0,30.0,40.0,43.0,1.173153451,186.5378,187.4903,345,1578.631,765.1954,1233.631,40.1,36.80471,0.849948,4,0.628035,0.349111,0.033956,0.955,0.026,0.0164,0.0026,0.0,0.0,0.0,0.0,0.0,0.0,1.0,0.0,0.0,0.0,0.0,0.0,0.0,0.002,0.0003,0.0,0.0,0.02563,0.0,0.00028,0.0065,0.00102,8e-05,0.0,0.31768,0.57781,0.00041,0.06835,0.0,0.96425,0.201935,0.201935,85.62534,83.99516,0.257151,0.257151,13.91554,13.91554,0.0,0.0,0.0,0.0,36.80471,0.0,0.0,0,0.277778,0.025532,0.0,0.084076,0.036974,0.0,0.018487,0.240647,0.537919,0.0,0.0,3068.621,0.052544,0.313572,0.425543,148.893,96.4099,68.50574,7.289989,0.684902,0.501475,0.63819,0.58091,0.402651,0.293154,0.344778,0.524948,0.71312,0.918902,0.867844,0.823367
403223,1966-01-14,2020-02-29,54.12731006160164,0.004046535154274153,0.0004570848146267141,22.460559691985512,125,1.3763011021717495,King River at Docker Road Bridge (403223),Murray-Darling Basin,OVENS RIVER,No notes,-36.5163133,146.3894165,-36.83614466,146.4343061,55,1083.1,VIC,,1400,2300,2300,Level 2,403200,2,19660114,20200229,0.004046535,,,,,,,3.104552,3.158686,1.017437,-0.423364,8.8e-05,21.232016,1.282302,jja,243.458051,5.319976,djf,1.236673161,0.529909455,117.1152839,0.0,1.996441851,0.872857192,8.943964947,3.036684829,0.03938325,3.62732804,0.554793904,0.091874048,0.412188928,0.000457085,1,7.600840336,26.52287582,9.0,151.0,67.89795918,0.809723971,0.806445326,0.081550552,-4.824964235,0.224652968,0.11659506,2.647862927,0.483130699,0.159272607,-6.441897116,-3.008959307,2.109853098,0.691758038,0.001793911,451.7233529,-0.918998966,318.2397018,0.287059995,0.554840834,SILICSED,0.4701317,IGNEOUS,0.3302687,0.1985718,0.3302687,0.4701317,0.0,0.0,0.0,0.0,0.0,22.0,57.0,65.0,1.066133765,179.1162,144.9541,157,1677.211,570.3215,1520.211,22.68,104.7937,0.851928,4,0.360822,0.270991,0.014489,0.7562,0.0655,0.067,0.032,0.0338,0.0226,0.0229,0.0,0.0,0.0,0.0,0.0,0.0012,0.0,0.01938,0.012,0.0,0.00508,0.18758,0.0,0.00034,0.00552,0.0,0.0007,0.0021,0.00073,0.00012,2e-05,0.2848,0.44748,0.00026,0.03258,0.0002,0.76512,0.023624,0.023624,69.40028,58.11489,0.087875,0.087875,30.34888,12.42584,0.0,0.0,0.0,25.58191,67.22503,0.0,0.0,0,0.146939,0.047059,0.0,0.673101,0.113057,0.418782,0.265919,1.322636,122.0639,0.379809,0.001618,2387.397,0.066674,0.31688,0.399536,130.7999,87.19685,75.47903,6.22051,0.577887,0.381822,0.536324,0.497653,0.353674,0.261282,0.306466,0.470402,0.639792,0.806236,0.736994,0.65917
403224,1975-07-09,2022-02-28,46.64476386036961,5.869577977343429e-05,0.101549659544494,17.079555104667374,125,1.3971857830959216,Hurdle Creek at Bobinawarrah (403224),Murray-Darling Basin,OVENS RIVER,No notes,-36.513,146.45,-36.64188562,146.5488797,55,152.3,VIC,,1400,2300,2300,Level 2,403200,0,19750709,20220228,5.87e-05,27.0,11.94690942,10.74582218,9.141975415,0.011739156,0.843657255,2.81896,3.281024,1.163913,-0.417065,0.0,22.553399,1.279449,jja,254.757223,5.70471,djf,0.516216367,0.440419257,89.64676578,0.0,2.604285841,0.446444613,8.979763513,1.3518001,0.0,1.84110115,0.544177682,0.105776004,0.451103545,0.10154966,1,6.171232877,25.44701987,22.46753247,143.7173913,66.13043478,0.719796082,0.503699625,0.089511989,-4.517100978,0.393022421,0.19006392,2.714245416,0.536491387,0.092608165,-6.374330905,-4.179861065,2.146591249,0.63262108,0.000237963,485.1670311,-0.872370683,290.3230651,0.162440966,0.570103512,SILICSED,0.8237453,UNCONSOLDTED,0.1762553,0.1762553,0.0,0.8237453,0.0,0.0,0.0,0.0,0.0,22.0,57.0,65.0,0.936469942,65.63535,79.81548,171,1043.534,371.7506,872.534,14.72,34.99677,0.822657,3,0.401967,0.235072,0.025095,0.6869,0.0983,0.121,0.0648,0.0221,0.0058,0.0011,0.0,0.0,0.0,0.57,0.0,0.0,0.0,0.0,0.0,0.0,0.00993,0.36496,0.0,0.0,0.00066,0.0,0.00018,0.00036,0.0006,0.00015,3e-05,0.26243,0.34299,0.00105,0.01668,0.0,0.62315,0.0,0.0,77.10176,29.91213,0.0,0.0,22.8783,0.519069,0.0,0.0,0.0,41.07578,34.99677,0.0,0.0,0,0.206742,0.07619,0.0,0.654158,0.280144,0.0,0.140072,1.261243,3.684116,0.501696,0.0,1986.914,0.081772,0.334305,0.389442,111.9632,75.45832,78.44257,5.719906,0.492719,0.315909,0.445958,0.462771,0.349774,0.265801,0.312088,0.477664,0.644892,0.769387,0.646907,0.544545
403226,1967-03-01,2022-02-28,55.00068446269678,0.023196774354124147,0.08148601131325485,29.943073775497716,125,1.405848139279594,Boggy Creek at Angleside (403226),Murray-Darling Basin,OVENS RIVER,No notes,-36.605556,146.362222,-36.72900481,146.3404958,55,107.9,VIC,,1400,2300,2300,Level 3,403223,0,19670301,20220228,0.023196774,37.0,12.09287456,8.291506711,9.202986583,0.029867091,1.514815914,2.878394,3.234943,1.123871,-0.430314,5e-06,22.148894,1.288029,jja,255.089816,5.725989,djf,0.970668964,0.541346851,96.53658573,0.0,2.024821043,0.689905846,6.221467635,1.951429835,0.0,2.89708248,0.777843302,0.110074912,0.440146767,0.081486011,1,8.0,31.63736264,39.975,147.1428571,70.08163265,0.826792761,0.698497572,0.088762627,-5.266500616,0.267746954,0.133086263,3.256905868,0.556309904,0.132899698,-6.147293503,-4.233465367,2.347139303,0.631448372,0.000706714,448.5951865,-0.899452121,281.817743,0.24473958,0.54302495,IGNEOUS,0.4376652,SILICSED,0.4090912,0.1532434,0.4376652,0.4090912,0.0,0.0,0.0,0.0,0.0,22.0,57.0,65.0,1.197860085,195.325,142.2075,186,849.9615,460.1503,663.9615,18.03,31.80981,0.730288,3,0.370523,0.417269,0.021029,0.7521,0.0949,0.1013,0.0404,0.0093,0.002,0.0,0.0,0.0,0.0,0.6,0.0,0.0,0.0,0.0,0.0,0.0,0.00401,0.35429,0.0,0.0,0.00142,0.0,0.00042,0.00046,0.00012,0.0,0.0,0.31829,0.30944,0.0,0.01149,0.0,0.63922,0.0,0.0,80.29996,53.22714,0.283583,0.283583,19.41651,1.98838,0.0,0.0,0.0,41.2821,31.80981,0.0,0.0,0,0.3,0.074419,0.0,0.671512,0.18525,0.0,0.092625,1.481909,3.0549,0.637241,0.0,2164.372,0.07029,0.314218,0.385111,120.3533,83.74899,77.67407,4.951719,0.471257,0.283864,0.424495,0.398168,0.286828,0.21327,0.247821,0.377852,0.514523,0.651992,0.583156,0.506076
403230,1965-06-25,2020-02-29,54.68309377138946,0.001902568467431032,0.0,30.281837426783923,125,2.7123431747195896,Ovens River at Rocky Point (403230),Murray-Darling Basin,OVENS RIVER,No notes,-36.5334707,146.6683095,-36.80952818,146.8129103,55,2966.7,VIC,,1400,2300,2300,Level 2,403200,4,19650625,20200229,0.001902568,,,,,,,3.590832,3.123355,0.869814,-0.438259,0.00011,21.025269,1.273272,jja,233.372394,4.90219,djf,1.29408405,0.581500813,97.16650453,0.10797923,1.613264175,0.960253862,4.609407361,2.399844512,0.06272154,3.80615128,0.491415177,0.062854276,0.320792576,0.0,2,6.961111111,20.96721311,0.0,150.8958333,75.70833333,0.939358982,0.866949508,0.071304792,-3.998217739,0.152801125,0.102282785,2.351980986,0.459135011,0.151953257,-5.201749841,-3.007160436,2.005513633,0.731937305,0.003781404,547.6598562,-0.909141131,425.2717427,0.270924709,0.560868948,SILICSED,0.7808617,IGNEOUS,0.1176258,0.0903533,0.1176258,0.7808617,0.0,0.00108885,0.00277021,0.0,0.0,20.92857,55.07143,65.0,1.058119085,164.3301,145.3312,196,1904.808,680.6339,1708.808,35.15,89.41418,0.778697,6,0.686951,0.284938,0.019147,0.8964,0.0383,0.0353,0.0175,0.012,0.0005,0.0,0.0,0.0,0.0,0.95,0.0001,0.0008,0.0,0.00172,0.00118,0.0,0.0044,0.0604,0.0,5e-05,0.01488,0.0009,0.00073,0.0056,0.00182,0.00018,1e-05,0.30508,0.53956,0.001,0.05923,0.0023,0.90487,0.420162,0.420162,82.57004,69.81976,0.401523,0.388494,16.60841,10.86728,0.0,0.007842,0.0,6.630272,88.21698,0.0,0.0,0,0.291803,0.074667,1.0,0.676083,0.097122,0.389187,0.243154,3.038702,546.1853,0.271154,0.035015,2915.681,0.061171,0.319283,0.415827,138.1161,90.77528,71.84099,7.06003,0.670006,0.458609,0.609889,0.568634,0.403222,0.297107,0.347291,0.521905,0.704322,0.888486,0.819702,0.777456
403232,1972-12-01,2022-02-28,49.24572210814511,0.015733585367209653,0.012200632625395391,27.022425733288006,125,2.2979145750562795,Morses Creek at Wandiligong (403232),Murray-Darling Basin,OVENS RIVER,No notes,-36.751111,146.979722,-36.83575769,146.9845837,55,125.3,VIC,,1400,2300,2300,Level 4,403205,0,19721201,20220228,0.015733585,21.0,8.087782031,6.674460116,6.289376286,0.005559571,0.251851337,3.934183,3.100742,0.788154,-0.458408,0.000229,21.519664,1.283646,jja,237.201708,4.846281,djf,1.245306983,0.579591188,106.7836425,0.0,1.800224453,0.934289003,5.661481275,2.828888223,0.0275818,3.7725012,0.543668594,0.077835517,0.366753276,0.012200633,1,9.438356164,29.64840183,16.61538462,152.4583333,70.89583333,0.925961511,0.862441915,0.070089296,-4.271708435,0.155554861,0.090756175,2.463760141,0.527345487,0.131075401,-5.369317682,-3.787007818,1.764740702,0.747304314,0.004919323,638.0649446,-0.926868401,457.6032732,0.237747338,0.551322266,SILICSED,0.9307285,UNCONSOLDTED,0.06927171,0.06927171,0.0,0.9307285,0.0,0.0,0.0,0.0,0.0,16.45833,51.79167,67.16666,1.028026069,197.6539,150.2094,335,1253.069,714.5801,918.069,41.89,23.6892,0.775311,4,0.543322,0.436239,0.040321,0.9539,0.0208,0.0161,0.0092,0.0,0.0,0.0,0.0,0.0,0.0,1.0,0.0,0.0,0.0,0.0,0.0,0.0,0.00017,0.0,0.0,0.0,0.00802,0.0,0.0,0.00143,0.00016,0.0,0.0,0.43471,0.50801,0.0,0.04752,0.0,0.99024,0.0,0.0,93.88259,73.32874,0.0,0.0,6.117425,6.117425,0.0,0.0,0.0,0.160649,23.6892,0.0,0.0,0,0.548315,0.284127,1.0,0.423165,0.158029,0.0,0.079015,7.764419,521.1327,0.825053,0.043024,3274.898,0.059264,0.323281,0.418267,138.9798,91.60706,70.52872,7.329719,0.718176,0.495555,0.645567,0.578888,0.403661,0.299135,0.350257,0.52241,0.708991,0.91415,0.864714,0.833963
403233,1972-05-05,2020-02-13,47.7782340862423,0.0046415678184631255,0.0,28.3685104335897,125,2.6052657522971603,Buckland River at Harris Lane (403233),Murray-Darling Basin,OVENS RIVER,No notes,-36.72149292,146.8820491,-36.8919471,146.9032543,55,457.1,VIC,,1400,2300,2300,Level 3,403230,0,19720505,20200213,0.004641568,,,,,,,3.870571,3.059372,0.790419,-0.43718,0.001928,20.674698,1.268616,jja,229.91163,4.659683,djf,1.605984071,0.5820347,132.8943448,0.01269963,1.679477644,1.136212988,5.419861765,3.641396359,0.05735069,4.58623933,0.508848127,0.060736903,0.32642487,0.0,3,7.176870748,20.32258065,0.0,150.5227273,76.06818182,0.924876968,0.833280289,0.071764424,-3.957008873,0.164106738,0.102167438,2.486284545,0.510685173,0.172336207,-4.949783431,-3.413414546,1.812954184,0.73276289,0.01003203,559.3454154,-0.926594921,453.3056927,0.297221066,0.579825008,SILICSED,0.9035674,IGNEOUS,0.05436942,0.04206274,0.05436942,0.9035674,0.0,0.0,0.0,0.0,0.0,16.5,51.5,67.0,1.094177201,191.6794,168.8599,284,1676.432,806.8871,1392.432,44.92,51.20879,0.781053,4,0.470897,0.378726,0.027332,0.9593,0.0194,0.0142,0.0063,0.0008,0.0,0.0,0.0,0.0,0.0,1.0,0.0,0.0,0.0,0.0,0.0,0.0,0.00318,0.00356,0.0,0.0,0.03075,0.0008,0.00081,0.01062,0.00294,0.00011,0.0,0.28128,0.594,0.00228,0.06962,0.0,0.94718,0.586185,0.586185,80.23416,74.27155,0.179615,0.179615,19.00006,18.83054,0.0,0.0,0.0,0.0,51.20879,0.0,0.0,0,0.485714,0.457143,0.0,0.482143,0.049688,0.0,0.024844,0.4046,1.764641,0.001624,0.0,3139.062,0.051501,0.308992,0.424468,147.8197,97.1153,70.03812,6.813305,0.683346,0.490192,0.606178,0.532355,0.37032,0.273707,0.318157,0.472739,0.638359,0.832039,0.805085,0.793982
404204,1966-11-11,2020-02-29,53.30321697467488,0.00010272741281010838,0.22972209379976372,10.520211274323328,125,3.2334463610725397,Boosey Creek at Tungamah (404204),Murray-Darling Basin,BROKEN RIVER,No notes,-36.12376902,145.8319105,-36.26752784,146.0039184,55,830.3,VIC,,1400,2300,2300,Not nested,,0,19661111,20200229,0.000102727,,,,,,,1.484926,3.477984,2.342193,-0.221431,0.0,21.609554,1.275332,jja,283.43213,6.942096,djf,0.052437059,0.199090847,88.11068168,0.0,5.352816146,0.085190083,21.11507738,0.207942251,0.0,0.37072624,0.603087334,0.144655057,0.74736734,0.229722094,1,16.76190476,55.95769231,50.81818182,171.74,72.0,0.888877022,0.740728709,0.23162241,-4.754721801,0.346222571,0.134300595,2.622537849,0.364172813,0.025174304,-8.999706736,-3.855225938,3.143136872,0.674635233,7.34e-05,281.5380239,-0.886571407,143.4437027,0.057100545,0.440876783,UNCONSOLDTED,0.5910297,IGNEOUS,0.2180886,0.5910297,0.2180886,0.1865219,0.0,0.0,0.0,0.0,0.0,35.73828,60.67188,43.79297,0.827406353,80.02887,85.17361,122,1207.013,192.8691,1085.013,3.06,170.3264,0.535732,5,0.350844,0.071314,0.006411,0.2545,0.0242,0.0918,0.1187,0.0803,0.1145,0.0935,0.1978,0.0247,0.0,0.01,0.0001,0.0,0.0,0.00814,0.0,0.0,0.55759,0.31714,0.0,0.00028,0.015,0.0,0.0,0.0001,4e-05,0.0,0.0,5e-05,0.03549,1e-05,0.06542,0.0007,0.10097,0.281955,0.006516,14.99509,5.926363,0.177983,0.086905,84.38226,4.690624,0.0,0.0,0.0,88.45411,147.5338,0.0,0.0,0,0.174915,0.016255,0.0,0.720527,0.321661,0.699926,0.510794,2.292252,1832.878,0.848141,0.003296,757.2805,0.078308,0.269904,0.320195,101.2605,65.32153,94.92668,2.638833,0.129162,0.085452,0.128453,0.14072,0.138642,0.138517,0.199256,0.328438,0.446839,0.481287,0.275289,0.154855
404207,1960-05-11,2022-02-28,61.804243668720055,0.00031009125542659694,0.06075242610892011,16.36214017510494,125,1.5613928123272045,Holland Creek at Kelfeera (404207),Murray-Darling Basin,BROKEN RIVER,No notes,-36.612222,146.058611,-36.76596817,146.165046,55,454.7,VIC,,1400,2300,2300,Not nested,,0,19600511,20220228,0.000310091,30.0,23.62336563,8.182484789,18.23886013,0.0,0.0,2.673696,3.209578,1.200427,-0.405789,2.8e-05,21.861246,1.268649,jja,255.889837,5.763717,djf,0.516090682,0.414656419,118.4514168,0.0,2.803200643,0.461770323,13.3020886,1.675561625,0.0,1.97825027,0.788802183,0.119643728,0.474099349,0.060752426,1,6.25,33.33021807,28.5625,148.5901639,67.72131148,0.684229426,0.573599414,0.129980734,-5.387083526,0.41508223,0.205398237,3.4074108,0.469924206,0.105036818,-6.79848414,-5.769250626,2.168644921,0.663571996,0.000972151,467.7894438,-0.893341533,307.8454721,0.174475264,0.602015529,IGNEOUS,0.562639,UNCONSOLDTED,0.2766819,0.2766819,0.562639,0.1606785,0.0,0.0,0.0,0.0,0.0,18.0,52.0,69.0,1.288542057,213.6537,151.1732,188,1132.102,481.7267,944.102,15.4,60.05327,0.708697,4,0.400847,0.324721,0.016038,0.6792,0.0845,0.1009,0.0521,0.03,0.0455,0.0078,0.0,0.0,0.0,0.05,0.0,0.0005,0.0,0.0,0.0,0.0,0.01018,0.3327,0.0,0.0,0.00214,0.0,0.0005,0.0004,0.00027,4e-05,0.0,0.34185,0.29288,8e-05,0.01845,0.0,0.65326,0.0,0.0,74.03085,53.75623,0.0,0.0,25.96911,1.724102,0.0,0.0,0.0,29.6846,60.05327,0.0,0.0,0,0.133333,0.152,0.0,0.654404,0.269672,0.522165,0.395918,1.278362,3.14041,0.261375,0.0,1730.921,0.071239,0.313348,0.385194,124.3243,84.62444,78.26888,5.400496,0.477411,0.295429,0.458835,0.436455,0.320803,0.239467,0.280009,0.430232,0.586358,0.7275,0.640292,0.516212
405205,1975-06-09,2022-02-28,46.72689938398357,0.0018163707740083202,0.0,114.70435254069275,125,1.785861047809853,Murrindindi River at Murrindindi above Colwells (405205),Murray-Darling Basin,GOULBURN RIVER,No notes,-37.413889,145.564167,-37.48597913,145.5747874,55,107.8,VIC,,1400,2300,2300,Not nested,,0,19750609,20220228,0.001816371,,,,,,,3.68153,2.870904,0.779813,-0.308199,0.00063,17.546526,1.215442,son,213.875255,4.105072,djf,0.888932318,0.783319775,65.14463823,1.14211504,0.731296741,1.214991896,2.813361351,0.789467106,0.35505751,2.83645269,0.226623694,0.000645691,0.016435783,0.0,1,1.571428571,8.235294118,0.0,165.8095238,129.2380952,0.871509955,0.751011361,0.030812331,-1.73689585,0.158084972,0.120226819,0.859861177,0.545575642,0.192855696,-2.19200564,-2.157184655,1.307646392,1.123213109,0.001434514,512.6473059,-0.674635989,389.4190718,0.342555165,0.562991646,IGNEOUS,0.9430509,SILICSED,0.05694903,0.0,0.9430509,0.05694903,0.0,0.0,0.0,0.0,0.0,18.0,38.0,69.0,0.962737384,196.1069,143.6686,324,1010.462,669.6511,686.462,22.35,30.02062,0.843288,3,0.391419,0.517509,0.023529,0.8578,0.0851,0.0515,0.0056,0.0,0.0,0.0,0.0,0.0,0.0,1.0,0.0,0.0,0.0,0.0,0.0,0.0,0.02424,0.0,0.0,0.0,0.00181,0.0,0.00216,4e-05,0.00088,0.0,0.0,0.80538,0.13638,4e-05,0.02906,0.0,0.97086,0.0,0.0,96.55174,96.50938,0.0,0.0,3.44824,3.44824,0.0,0.0,0.0,0.0,30.02062,0.0,0.0,0,0.151351,0.0,0.0,0.466325,0.264,0.0,0.132,1.594448,3.345301,0.326548,0.0,2870.026,0.050527,0.347216,0.475559,145.4436,90.72844,56.07284,8.375284,0.82462,0.578678,0.772677,0.65524,0.422921,0.281638,0.348262,0.573172,0.785165,1.043999,1.047467,1.047757
405209,1973-12-14,2022-02-28,48.21081451060917,0.00039752399341245955,0.0,70.22724701114086,125,1.8922235544180748,Acheron River at Taggerty (405209),Murray-Darling Basin,GOULBURN RIVER,No notes,-37.317778,145.713889,-37.47605677,145.7232462,55,625.8,VIC,,1400,2300,2300,Not nested,,0,19731214,20220228,0.000397524,31.0,10.36937395,5.365436984,8.403777839,0.022715657,0.335451487,3.610416,2.898564,0.802834,-0.369069,0.000296,17.537537,1.20805,jja,215.35844,4.241856,djf,1.640111908,0.717331921,74.11209205,0.23567402,1.070998269,1.203062039,2.754945601,1.66017391,0.17354554,3.76001534,0.362608928,0.007783206,0.113112146,0.0,1,2.014705882,10.76216216,0.0,155.8958333,89.4375,0.929182641,0.850352176,0.051363506,-2.922951591,0.152427956,0.117220226,1.717871711,0.518777614,0.200001725,-3.564168951,-2.620538204,2.103036746,0.921323364,0.000438596,497.3053414,-0.824698767,380.750251,0.345977447,0.578077346,IGNEOUS,0.4162915,SILICSED,0.3580645,0.2256437,0.4162915,0.3580645,0.0,0.0,0.0,0.0,0.0,18.0,38.0,69.0,1.00946677,162.0078,140.721,203,1450.618,604.5599,1247.618,21.71,51.91753,1.027633,5,0.545251,0.320485,0.023982,0.7996,0.0821,0.0742,0.0342,0.0099,0.0,0.0,0.0,0.0,0.0,1.0,0.0,0.0,0.0,0.0,0.0001,0.0,0.01836,0.02767,0.0,0.0,0.00693,0.0,0.00402,0.00233,0.00168,0.00018,5e-05,0.62457,0.27185,0.00078,0.04014,0.0014,0.93734,0.124225,0.124225,94.3022,80.17078,0.28292,0.28292,5.2906,1.857225,0.0,0.0,0.0,3.464137,51.91753,0.0,0.0,0,0.42,0.2,0.0,0.64375,0.247364,0.044948,0.146156,2.084207,147.0356,0.233033,0.009354,2869.323,0.055362,0.344654,0.457313,142.6225,88.81013,61.55735,7.837033,0.76092,0.508291,0.70489,0.628904,0.41091,0.272696,0.339407,0.558132,0.76424,0.998454,0.964361,0.933984
405212,1961-02-05,2022-02-28,61.06502395619439,0.013719512195121951,0.1341940176379671,10.39364164287223,125,1.3778510495898477,Sunday Creek at Tallarook (405212),Murray-Darling Basin,GOULBURN RIVER,No notes,-37.1,145.06,-37.28791137,145.0634736,55,333.2,VIC,,1400,2300,2300,Not nested,,0,19610205,20220228,0.013719512,33.0,11.63351267,64.77402221,9.241926579,0.0,0.0,2.059303,3.029657,1.471205,-0.239322,0.0,19.739842,1.25271,son,253.085269,5.056573,djf,0.138842007,0.201124765,78.56747374,0.0,4.308457191,0.253357141,14.15121792,1.191543398,0.0,0.97985058,0.71858677,0.122829348,0.569006273,0.134194018,1,5.525562372,26.29621849,36.0,156.4210526,72.38596491,0.566992339,0.355230541,0.231193794,-5.732612958,0.682945038,0.303707312,3.012563505,0.493203207,0.090975172,-8.446841809,-6.235289113,2.674187996,0.525599704,0.000107788,358.2649237,-0.891902799,189.8948389,0.124141707,0.732833267,SILICSED,0.8452777,IGNEOUS,0.1444128,0.01031005,0.1444128,0.8452777,0.0,0.0,0.0,0.0,0.0,24.77419,47.93549,59.96774,1.082886986,96.24898,88.36831,173,786.4183,362.7841,613.4183,11.52,47.32961,0.744973,4,0.439304,0.328181,0.013323,0.6573,0.116,0.1523,0.0727,0.0016,0.0001,0.0,0.0,0.0,0.0,0.91,0.0005,0.0,0.0,0.0,0.0,0.0,0.01941,0.50112,0.0,0.0,0.00952,0.0,0.00091,0.00023,0.00087,2e-05,2e-05,0.12302,0.25585,0.00037,0.07505,0.0132,0.45429,0.0,0.0,63.21204,27.78564,0.0,0.0,36.78806,1.576629,0.0,0.0,0.0,66.18544,47.32961,0.3,0.0,0,0.062745,0.018349,0.0,0.602114,0.321333,1.0,0.660667,18.31332,946.7091,0.993662,0.061566,1086.68,0.062397,0.313991,0.407964,120.3184,71.10054,73.82069,4.437672,0.392651,0.270048,0.343629,0.323434,0.244948,0.187266,0.224898,0.353224,0.479642,0.600815,0.535394,0.487042
405214,1957-03-22,2022-02-28,64.94182067077344,0.002318718381112985,0.0,17.806883550031234,125,1.38900129320059,Delatite River at Tonga Br (405214),Murray-Darling Basin,GOULBURN RIVER,No notes,-37.159,146.11,-37.11487986,146.2897374,55,359.8,VIC,,1400,2300,2300,Not nested,,0,19570322,20220228,0.002318718,22.0,21.90192849,6.501472547,16.90056928,0.004215852,0.404486774,2.908728,3.02674,1.040572,-0.381559,0.000276,20.081424,1.232212,jja,240.284935,5.033139,djf,0.860615425,0.539306854,182.5936426,0.01536725,1.83834171,0.761521779,11.53153476,1.959824302,0.05378476,2.81244653,0.462743986,0.04572153,0.284386224,0.0,1,2.877659574,15.98574822,0.0,153.90625,76.859375,0.760245514,0.645235254,0.07637757,-3.690897386,0.296366698,0.138721995,2.044156696,0.562033795,0.157368936,-5.118686212,-3.14674554,2.018140606,0.696635842,0.002618763,432.8653987,-0.906242157,278.4752536,0.266501708,0.590498789,SILICSED,0.6526623,IGNEOUS,0.2601148,0.0872218,0.2601148,0.6526623,0.0,0.0,0.0,0.0,0.0,17.16667,45.08333,69.0,1.053149854,151.2859,138.3018,318,1800.896,687.8378,1482.896,20.45,44.62362,1.000024,4,0.478114,0.248977,0.033212,0.7625,0.0736,0.0903,0.0609,0.0124,0.0003,0.0,0.0,0.0,0.0,1.0,0.0,0.0,0.0,0.0,0.0,0.0,0.00615,0.45039,0.0,0.0,0.00725,0.0,7e-05,0.00076,0.00014,3e-05,0.0,0.24532,0.27831,5e-05,0.0107,0.0009,0.53438,0.443704,0.383399,50.96735,37.29027,0.0,0.0,48.58887,13.41851,0.0,0.0,0.0,45.97255,44.62362,1.0,0.0,0,0.142857,0.021622,0.0,0.691327,0.255337,1.0,0.627669,1.96613,354.153,0.594588,0.00655,2005.295,0.049714,0.298787,0.427107,140.6073,93.32431,70.28444,5.853199,0.5237,0.395271,0.504501,0.456188,0.313133,0.225988,0.267576,0.41803,0.580653,0.773195,0.74189,0.656154
405215,1974-02-21,2022-02-28,48.02190280629706,0.002451539338654504,0.0,24.640117560520824,125,2.460553210230862,Howqua River at Glen Esk (405215),Murray-Darling Basin,GOULBURN RIVER,No notes,-37.229444,146.207222,-37.19860506,146.403096,55,369.5,VIC,,1400,2300,2300,Not nested,,0,19740221,20220228,0.002451539,32.0,8.385078115,7.113406368,6.386325384,0.011402509,0.232506276,3.180492,2.93909,0.924099,-0.380763,0.002618,19.074656,1.22235,jja,227.700336,4.658146,djf,1.678799654,0.588412738,107.4303913,0.05869121,1.44634185,1.213170574,3.721358955,3.078829512,0.06453694,4.51594912,0.516870611,0.036634852,0.305766703,0.0,1,4.482517483,23.36244541,0.0,150.326087,77.19565217,0.932742734,0.804567913,0.06597543,-4.098719774,0.166425069,0.108881765,2.662125702,0.478773061,0.219491821,-4.568590839,-3.25877793,1.715768239,0.654133598,0.009312321,366.4517195,-0.938464044,239.5996755,0.391654452,0.560422127,SILICSED,0.7334858,IGNEOUS,0.262547,0.00396883,0.262547,0.7334858,0.0,0.0,0.0,0.0,0.0,27.2,43.0,48.2,1.115401634,224.3872,189.9561,314,1759.335,854.1046,1445.335,41.03,52.88902,0.877392,4,0.413395,0.374428,0.02736,0.9658,0.0236,0.0104,0.0002,0.0,0.0,0.0,0.0,0.0,0.0,1.0,0.0,0.0,0.0,0.0,0.0,0.0,0.00208,0.0004,0.0,0.0,0.02532,0.0057,0.00035,0.00793,0.00175,0.00025,2e-05,0.34719,0.54651,0.00032,0.06205,0.0,0.95607,1.119156,1.020719,71.78838,69.99516,0.0,0.0,27.09256,26.85279,0.0,0.0,0.0,0.0,52.88902,1.0,0.0,0,0.068966,0.0,0.0,0.400382,0.116368,0.791568,0.453968,1.054551,354.153,0.026068,0.020002,2701.527,0.040498,0.28681,0.43672,158.9867,103.5687,68.56404,7.024372,0.690937,0.530862,0.647452,0.553215,0.365493,0.260485,0.304859,0.468485,0.64556,0.865234,0.86132,0.830971
405217,1975-04-19,2022-02-28,46.86652977412731,0.003271410211473303,0.0,29.183224650835587,125,1.4817411042720539,Yea River at Devlins Bridge (405217),Murray-Darling Basin,GOULBURN RIVER,No notes,-37.383056,145.473333,-37.45238487,145.4210512,55,360.2,VIC,,1400,2300,2300,Not nested,,0,19750419,20220228,0.00327141,12.0,14.81941623,10.40186843,10.70602266,0.0,0.0,2.939973,2.942133,1.000735,-0.254817,3e-06,17.717317,1.22119,son,224.886779,4.210367,djf,0.735707481,0.582515643,60.43490506,0.04029761,1.690679984,0.654912765,5.620469724,1.225997919,0.05588895,2.50780677,0.441132923,0.049466651,0.273121557,0.0,1,3.853881279,16.18055556,0.0,158.3409091,83.29545455,0.803477011,0.761462619,0.054183875,-3.462585417,0.260707838,0.140172782,1.892133336,0.518606025,0.135687931,-5.377565801,-3.160614643,2.564632367,0.736034999,0.000205846,441.1808659,-0.876432347,333.7838446,0.230080021,0.589742345,SILICSED,0.8419643,UNCONSOLDTED,0.08626572,0.08626572,0.07177007,0.8419643,0.0,0.0,0.0,0.0,0.0,18.0,38.0,69.0,1.202688352,185.2632,120.9373,213,952.0526,452.5423,739.0526,16.25,35.83531,0.736814,4,0.598012,0.323513,0.020605,0.7493,0.1078,0.0963,0.0442,0.0024,0.0,0.0,0.0,0.0,0.0,1.0,0.0002,0.0,0.0,0.0,0.0,0.0,0.00104,0.23606,0.0,0.0,0.00068,0.0,0.00018,0.0001,0.00019,3e-05,0.0,0.52034,0.23173,7e-05,0.00708,0.0024,0.75922,0.0,0.0,96.11998,61.60957,0.046747,0.021248,3.829054,0.19985,0.0,0.0,0.004249,30.3686,35.83531,0.0,0.0,0,0.330667,0.065116,0.0,0.641533,0.268222,0.062317,0.16527,6.004926,253.6002,1.0,0.013777,1731.906,0.065538,0.363684,0.445037,128.5205,78.26134,63.56151,7.300074,0.686804,0.47215,0.639037,0.591383,0.394994,0.270241,0.331018,0.538775,0.721729,0.913422,0.886431,0.861171
405218,1959-02-21,2022-02-28,63.02258726899384,0.00026065424214779094,0.0,17.964099937565052,125,2.3898208556702283,Jamieson River at Gerrang Bridge (405218),Murray-Darling Basin,GOULBURN RIVER,No notes,-37.291667,146.1875,-37.30182098,146.3941783,55,366.8,VIC,,1400,2300,2300,Not nested,,0,19590221,20220228,0.000260654,17.0,11.70591265,7.52514716,9.070594093,0.008688475,0.188741328,3.222515,2.904676,0.901369,-0.371445,0.003755,18.355536,1.21331,jja,222.333903,4.467847,djf,2.089125138,0.568089752,153.032349,0.1453348,1.471530921,1.514308843,3.733811918,4.965553911,0.09139368,5.57407197,0.529772984,0.043323339,0.334028593,0.0,1,4.35371179,26.97192982,0.0,149.0819672,75.62295082,0.9222787,0.752434039,0.064778972,-4.544465324,0.178762926,0.112462389,2.203736456,0.452796053,0.271742582,-4.831551297,-3.275251568,1.699496552,0.621549391,0.01255116,305.6221895,-0.950149035,215.6989512,0.476078741,0.570793356,SILICSED,0.8431347,IGNEOUS,0.1567021,0.00016326,0.1567021,0.8431347,0.0,0.0,0.0,0.0,0.0,30.0,40.0,43.0,1.116968748,221.0043,190.0753,319,1724.396,880.4689,1405.396,41.25,56.96805,0.900711,4,0.37831,0.403984,0.024855,0.972,0.0195,0.0083,0.0002,0.0,0.0,0.0,0.0,0.0,0.0,1.0,0.0,0.0,0.0,0.0,0.0,0.0,0.00528,0.0,0.0,0.0,0.02072,0.0041,0.00121,0.01005,0.00496,0.00022,0.0,0.30908,0.56927,0.00104,0.07399,0.0,0.95338,0.783792,0.783792,70.58687,69.83272,0.012642,0.012642,28.61664,28.51132,0.0,0.0,0.0,0.0,56.96805,1.0,0.0,0,0.307692,0.061538,0.0,0.463198,0.19635,1.0,0.598175,0.32142,0.847036,0.0,0.0,2573.61,0.037024,0.283538,0.447491,163.2391,105.4761,66.91225,7.205916,0.732236,0.544264,0.66303,0.563519,0.37025,0.260801,0.308583,0.478898,0.660163,0.887114,0.877944,0.860257
405219,1967-12-14,2022-02-28,54.21218343600274,0.00525225998686935,0.0012692288165710515,20.609459569639853,125,2.871135632754951,Goulburn River at Dohertys (405219),Murray-Darling Basin,GOULBURN RIVER,No notes,-37.3325,146.130278,-37.48110198,146.2863709,55,699.1,VIC,,1400,2300,2300,Not nested,,1,19671214,20220228,0.00525226,20.0,13.3197616,51.8011318,9.62320594,0.0,0.0,3.326038,2.870388,0.863005,-0.369019,0.00166,17.231911,1.198874,jja,215.924747,4.231284,djf,1.93145392,0.608785307,120.7215998,0.0,1.525265856,1.255802741,3.447327694,3.668883741,0.07390531,4.8851655,0.531443597,0.065542976,0.355840991,0.001269229,1,7.252808989,28.37651822,25.0,148.34,69.32,0.952414907,0.825330557,0.054598321,-4.561005447,0.138049899,0.085848738,2.400897634,0.417267552,0.213303176,-5.678385652,-2.936527063,2.018367493,0.605229862,0.004892473,394.4338425,-0.943092936,272.3992246,0.382154098,0.558160117,SILICSED,0.9907272,IGNEOUS,0.00560859,0.00366454,0.00560859,0.9907272,0.0,0.0,0.0,0.0,0.0,30.0,40.0,43.0,1.14170757,205.4988,188.9124,302,1570.082,785.3849,1268.082,38.89,62.55989,0.877859,4,0.477137,0.382951,0.020328,0.9695,0.0209,0.0092,0.0004,0.0,0.0,0.0,0.0,0.0,0.0,1.0,0.0,0.0,0.0,0.0,0.0,0.0,0.01179,0.0,0.0,0.0,0.01645,0.0,0.00286,0.00851,0.00495,0.00049,2e-05,0.21618,0.63535,0.00115,0.10227,0.0,0.95495,0.039464,0.039464,83.71066,83.24409,0.0,0.0,16.24986,16.24548,0.0,0.0,0.0,0.0,62.55989,1.0,0.0,0,0.5,0.266667,0.0,0.277419,0.254324,1.0,0.627162,0.125968,0.847036,0.0,0.0,2353.771,0.039257,0.300617,0.463443,161.6636,102.5221,61.75114,7.280201,0.740213,0.530864,0.660887,0.56963,0.37496,0.256929,0.311755,0.493835,0.680055,0.910907,0.888957,0.864079
405226,1974-05-10,2022-02-28,47.80835044490075,0.01471767266063452,0.21377506538796862,12.63293637894769,125,3.3981860563000437,Pranjip Creek at Moorlim (405226),Murray-Darling Basin,GOULBURN RIVER,No notes,-36.621111,145.306667,-36.80047383,145.3543719,55,788.4,VIC,,1400,2300,2300,Not nested,,0,19740510,20220228,0.014717673,17.0,10.39720367,54.73384811,8.296220735,0.022906884,2.365866734,1.717346,3.267872,1.902862,-0.311372,0.0,21.591576,1.269556,jja,274.775724,6.429954,djf,0.148369826,0.286891153,59.76021917,0.0,3.897421603,0.155348265,10.51341537,0.366579008,0.0,0.71736986,0.672151002,0.189247312,0.67422261,0.213775065,2,18.5,53.95348837,68.11111111,161.4888889,63.57777778,0.884241568,0.816110184,0.184720497,-5.693896097,0.3246176,0.187673649,4.076971433,0.414861461,0.045348838,-8.941890559,-4.675121271,2.660801579,0.479583091,7.48e-05,317.972079,-0.927676217,173.8940177,0.091483801,0.495703475,UNCONSOLDTED,0.7021287,IGNEOUS,0.2549351,0.7021287,0.2549351,0.04293566,0.0,0.0,0.0,0.0,0.0,37.0,62.0,42.0,0.900276633,63.35479,76.41299,123,534.4171,204.0016,411.4171,4.05,57.34168,0.857415,4,0.538784,0.213028,0.007322,0.2881,0.0349,0.0848,0.0762,0.0674,0.1043,0.141,0.2033,0.0,0.0,0.0,0.0022,0.0001,0.0,0.00156,0.0,0.0,0.1759,0.72318,0.0,0.00408,0.0498,0.0,0.00011,0.00052,0.0003,3e-05,8e-05,0.00183,0.00857,5e-05,0.03138,0.0003,0.04183,0.487438,0.016525,16.7366,3.131012,0.19387,0.076319,82.46241,3.3292,0.0,0.0,0.0,93.35834,57.34168,0.0,0.6,1,0.045455,0.028571,0.0,0.648383,0.373794,1.0,0.686897,1.52429,183.6087,0.761917,0.003632,857.8666,0.080971,0.300175,0.35272,107.8687,62.49861,87.83616,2.991169,0.112137,0.07757,0.110481,0.139756,0.182722,0.17823,0.223298,0.369018,0.507949,0.573806,0.357032,0.168795
405227,1970-08-20,2022-02-28,51.52908966461328,0.002390946283406833,0.0,24.26860765627637,125,2.379429248183854,Big River at Jamieson (405227),Murray-Darling Basin,GOULBURN RIVER,No notes,-37.3675,146.056944,-37.50005239,146.0392917,55,628.1,VIC,,1400,2300,2300,Not nested,,1,19700820,20220228,0.002390946,23.0,7.364332334,5.33591303,5.866721387,0.042505712,0.782949307,3.766847,2.866596,0.761007,-0.40044,0.001133,17.429669,1.207347,jja,211.367325,4.131061,djf,1.917816145,0.655791727,119.5435682,0.23632416,1.349885799,1.263452684,3.668681528,2.90878768,0.13095494,4.57833339,0.437021841,0.03376651,0.234341713,0.0,1,5.196721311,16.47940075,0.0,151.627451,78.1372549,0.946031729,0.795771809,0.046947128,-3.623020626,0.130302332,0.081365452,1.934953866,0.477121627,0.199394819,-4.222345516,-2.595498616,1.996453786,0.74487621,0.003419583,508.4148224,-0.9257249,362.9673917,0.34424203,0.579228571,SILICSED,0.8638033,IGNEOUS,0.1057336,0.03046349,0.1057336,0.8638033,0.0,0.0,0.0,0.0,0.0,30.0,40.0,43.0,1.065411348,256.3393,192.7254,297,1450.64,748.6761,1153.64,33.75,58.16262,0.903073,5,0.488004,0.391196,0.019824,0.9258,0.0447,0.0264,0.0031,0.0,0.0,0.0,0.0,0.0,0.0,1.0,0.0,0.0,0.0,0.0,0.0,0.0,0.0005,0.0,0.0,0.0,0.00702,0.0,0.00032,0.00227,0.00052,4e-05,2e-05,0.56558,0.39492,0.00022,0.02861,0.0,0.98933,0.029078,0.029078,95.45014,95.12242,0.0,0.0,4.520803,4.513546,0.0,0.0,0.0,0.0,58.16262,0.0,0.0,0,0.24058,0.007547,0.0,0.263001,0.251271,0.0,0.125635,0.301739,0.847036,0.0,0.0,3806.489,0.040775,0.309312,0.466253,159.5603,100.9987,60.0896,7.558028,0.779411,0.509285,0.700422,0.589526,0.382688,0.257407,0.314902,0.507556,0.699806,0.943559,0.94346,0.937375
405228,1975-05-16,2022-02-28,46.79260780287474,0.00040957228950909836,0.007667993444158277,13.490544143608815,125,1.0587941990625185,Hughes Creek at Tarcombe Rd (405228),Murray-Darling Basin,GOULBURN RIVER,No notes,-36.95,145.28,-37.0004222,145.4165535,55,480.6,VIC,,1400,2300,2300,Not nested,,0,19750516,20220228,0.000409572,61.0,21.83925932,8.396564835,17.53636711,0.005851033,0.617252447,2.114241,3.115274,1.473472,-0.351436,0.0,20.692676,1.237634,jja,259.988821,5.689024,djf,0.37850932,0.450623345,60.87971182,0.0,2.637122249,0.349272121,11.75361438,0.848375991,0.01294457,1.3417477,0.473661073,0.072641068,0.347810817,0.007667993,1,4.136666667,20.21088435,18.71428571,144.7111111,71.51111111,0.627261317,0.538937499,0.136966213,-3.250673785,0.432217202,0.22068104,2.422371213,0.423919147,0.101398823,-6.018681798,-3.896993602,2.362008084,0.553548198,0.000583686,364.6948138,-0.846865903,255.9989235,0.166302937,0.609723583,IGNEOUS,0.8016314,SILICSED,0.1373311,0.06103665,0.8016314,0.1373311,0.0,0.0,0.0,0.0,0.0,20.0,62.0,60.0,0.999049169,99.28149,92.66128,167,679.926,432.9612,512.926,12.17,53.40628,0.716787,4,0.460476,0.523286,0.0097,0.6436,0.1072,0.1569,0.083,0.0093,0.0,0.0,0.0,0.0,0.0,1.0,0.0,0.0,0.0,0.0,0.0,0.0,0.01732,0.83177,0.0,0.0,0.00826,0.0,0.0,2e-05,0.0,0.0,0.0,0.03697,0.09632,1e-05,0.00933,0.0,0.14263,0.0,0.0,71.43538,11.67117,0.471147,0.113756,28.09341,2.062618,0.0,0.0,0.0,85.66858,53.40628,0.0,0.0,0,0.243478,0.069565,0.0,0.611111,0.314996,0.059826,0.187411,1.33053,2.249033,0.77912,0.0,1045.561,0.041754,0.241286,0.38757,110.6527,82.30862,78.21601,3.226136,0.232608,0.154329,0.193944,0.198747,0.175685,0.151591,0.179948,0.281944,0.403971,0.528597,0.429669,0.300979
405229,1969-05-02,2022-02-28,52.82956878850103,0.0001554726368159204,0.7693982273363396,4.345502717765011,125,1.0684528075704431,Wanalta Creek at Wanalta (405229),Murray-Darling Basin,GOULBURN RIVER,No notes,-36.635,144.87,-36.69857459,144.8817249,55,108.7,VIC,,1400,2300,2300,Not nested,,0,19690502,20220228,0.000155473,16.0,23.17833236,53.42851008,22.38183366,0.0,0.0,1.440622,3.317384,2.302745,-0.236969,0.0,20.764588,1.281198,jja,284.474854,6.914354,djf,0.008130477,0.024757071,54.89873538,0.0,8.331642328,0.080075012,18.66673244,0.445097603,0.0,0.16684131,0.841692613,0.230601773,0.889182605,0.769398227,1,32.00719424,82.47596154,106.0285714,155.3409091,49.81818182,0.476754215,0.538894154,0.414735126,,1.011998841,0.723861711,1.191763521,0.558164354,0.052115025,-5.802480946,-6.516913884,3.042832305,0.673398099,7.68e-05,275.0897643,-0.957576046,149.4634833,0.054506798,0.956119722,SILICSED,0.6868959,UNCONSOLDTED,0.3131041,0.3131041,0.0,0.6868959,0.0,0.0,0.0,0.0,0.0,35.36207,61.74138,44.32759,0.837400961,30.0,72.80353,118,256.9496,155.091,138.9496,2.51,18.30855,0.73944,4,0.648428,0.293951,0.00788,0.2841,0.0105,0.1047,0.2174,0.0666,0.1195,0.1972,0.0,0.0,0.0,0.0,0.0,0.0,0.0,0.0,0.0,0.0,0.17555,0.23243,0.0,0.0,0.05844,0.0,0.0,0.00293,8e-05,0.0,0.0,0.0,0.36778,0.00023,0.16252,0.0,0.53053,0.0,0.0,49.9565,44.19187,0.0,0.0,50.04349,4.65998,0.0,0.0,0.0,51.06417,18.30855,0.0,0.0,0,0.303448,0.057143,0.0,0.675595,0.319833,0.03122,0.175526,0.915612,0.92125,0.0,0.0,693.2785,0.081136,0.278014,0.326312,110.1761,56.92788,93.2524,2.890506,0.227109,0.139918,0.207261,0.228318,0.20074,0.165518,0.194109,0.282396,0.35293,0.388555,0.260754,0.249757
405230,1973-05-26,2022-02-28,48.76386036960986,0.003312559654146314,0.604776926543488,5.330277826248434,125,1.4303939594105959,Cornella Creek at Colbinabbin (405230),Murray-Darling Basin,GOULBURN RIVER,No notes,-36.604,144.81,-36.74461957,144.7643801,55,259.3,VIC,,1400,2300,2300,Not nested,,0,19730526,20220228,0.00331256,27.0,32.66186635,34.24152366,28.72608719,0.022458032,4.598424926,1.47395,3.289611,2.231834,-0.251369,0.0,20.935379,1.298216,jja,282.191648,6.805333,djf,0.01926794,0.073409348,50.28054148,0.0,7.304571314,0.084845273,15.4857763,0.384100413,0.0,0.23491843,0.603625762,0.395223073,0.821484903,0.604776927,1,65.57009346,85.78235294,101.2830189,158.6666667,47.64102564,0.518721479,0.453988519,0.273206913,,0.931992721,0.392664775,2.032838711,0.543589744,0.050059056,-9.32833479,-12.09735973,3.165127702,0.610587203,7.77e-05,284.8110205,-0.915423439,150.106644,0.056615063,0.884200312,SILICSED,0.4935894,UNCONSOLDTED,0.4361242,0.4361242,0.07028638,0.4935894,0.0,0.0,0.0,0.0,0.0,37.17073,61.7561,41.73171,0.923118162,46.12782,86.5201,120,420.5707,193.1162,300.5707,4.08,38.73008,0.969202,4,0.472112,0.264266,0.007982,0.3711,0.0289,0.157,0.2049,0.0685,0.1014,0.0682,0.0,0.0,0.0,0.38,0.0,0.0,0.0,0.00192,0.0,0.0,0.19698,0.31419,0.0,0.0,0.06775,0.0,0.0,0.00225,8e-05,0.0,0.0,0.00045,0.26719,0.00122,0.14795,0.0,0.41681,0.020672,0.005906,37.88045,24.45486,0.0,0.0,62.09887,3.684654,0.0,0.0,0.0,71.78979,38.73008,0.0,0.0,0,0.116667,0.0,0.0,0.758556,0.327834,0.0,0.163917,1.333862,2.143447,0.403962,0.0,715.2408,0.060882,0.243046,0.321424,105.2201,68.3499,92.44795,2.616838,0.169172,0.103684,0.155202,0.173872,0.157643,0.138485,0.18061,0.283207,0.382169,0.432674,0.25256,0.195069
405231,1975-01-01,2022-02-28,47.162217659137575,0.0009868802972251248,0.0,48.103341709542235,125,1.5523710734392888,King Parrot Creek at Flowerdale (405231),Murray-Darling Basin,GOULBURN RIVER,No notes,-37.347,145.29,-37.40912974,145.2542153,55,182.7,VIC,,1400,2300,2300,Not nested,,0,19750101,20220228,0.00098688,19.0,28.62907539,8.212077086,22.3876613,0.0,0.0,2.875805,2.92981,1.018779,-0.251009,0.000154,18.598239,1.234487,son,231.295936,4.307164,djf,0.54241417,0.61460888,48.90375721,0.01797445,1.779110605,0.493498125,7.040530334,0.770862486,0.03405686,1.83434026,0.447811829,0.047591377,0.269161485,0.0,1,4.875,16.54285714,0.0,162.3333333,86.22222222,0.787501551,0.765570879,0.0582293,-3.602761367,0.228700373,0.105355133,1.856524439,0.542352224,0.095332596,-4.824399275,-3.381035462,2.62994638,0.814026359,0.000423998,471.167594,-0.888749044,356.3506803,0.176050345,0.541507579,SILICSED,0.7681956,IGNEOUS,0.2318043,0.0,0.2318043,0.7681956,0.0,0.0,0.0,0.0,0.0,18.33333,38.1875,68.29166,1.445528796,276.4876,152.2046,303,791.9849,530.2885,488.9849,14.01,21.28711,0.667215,3,0.709968,0.507354,0.024954,0.7087,0.1159,0.1347,0.0407,0.0,0.0,0.0,0.0,0.0,0.0,1.0,0.0,0.0,0.0,0.00095,0.00055,0.0,0.0078,0.003,0.0,0.0,0.00154,0.0,0.00334,0.00055,0.00096,0.00037,0.0,0.60874,0.3255,0.00055,0.0435,0.0027,0.97829,0.0,0.0,100.0,77.88244,0.0,0.0,0.0,0.0,0.0,0.0,0.0,1.031523,21.28711,0.3,0.0,0,0.262338,0.075789,0.0,0.32352,0.201533,0.279884,0.240708,10.76766,141.3488,0.507956,0.315141,1788.369,0.053191,0.328554,0.444797,131.6555,85.16196,62.97606,7.731597,0.735918,0.502148,0.684641,0.629742,0.42173,0.292965,0.352725,0.568083,0.757704,0.956901,0.922227,0.914532
405234,1965-06-24,2022-02-28,56.68446269678302,0.02038253477588872,0.0,19.99954442946258,125,1.3901987078337308,Seven Creeks River at D/S of Polly McQuinn Weir (405234),Murray-Darling Basin,GOULBURN RIVER,No notes,-36.888,145.68,-36.84757229,145.7722095,55,154.8,VIC,,1400,2300,2300,Level 1,405237,0,19650624,20220228,0.020382535,21.0,49.6257878,12.16534412,37.15458326,0.0,0.0,2.569351,3.130658,1.218463,-0.440585,8.9e-05,21.996081,1.267876,jja,258.451702,5.76539,djf,0.748727605,0.491027369,66.76967062,0.02567784,1.812636925,0.687021268,5.942500573,1.550822199,0.02846892,2.55215515,0.496940249,0.048220097,0.310669559,0.0,1,2.402948403,20.93355482,0.0,139.2444444,75.66666667,0.715983563,0.607429622,0.083037641,-3.773088097,0.387841833,0.241228344,2.207417911,0.48077566,0.163767711,-4.595049093,-4.40996815,1.627590689,0.656897081,0.002569999,399.3274427,-0.855996808,252.9508051,0.269768372,0.607067869,IGNEOUS,0.9482775,UNCONSOLDTED,0.04742569,0.04742569,0.9482775,0.00429649,0.0,0.0,0.0,0.0,0.0,20.0,62.0,60.0,1.0,100.0,93.0,441,822.2963,553.8466,381.2963,8.14,30.32735,0.687114,3,0.456141,0.391001,0.014535,0.5626,0.0853,0.2181,0.131,0.003,0.0,0.0,0.0,0.0,0.0,1.0,0.0,0.0,0.0,0.0,0.0,0.0,0.00877,0.84365,0.0,0.0,0.00014,0.0,0.0,0.0,0.0,0.0,0.0,0.09138,0.05492,3e-05,0.00111,0.0,0.14744,0.0,0.0,87.56391,16.12972,2.869794,0.606891,9.566277,2.376497,0.0,0.0,0.0,78.87103,30.32735,0.0,0.0,0,0.1,0.0,0.0,0.681469,0.323735,0.73471,0.529223,1.426414,1.66478,0.81115,0.0,1597.508,0.042834,0.252481,0.400242,116.2661,88.29801,75.03023,5.977254,0.513602,0.333373,0.499444,0.519882,0.36578,0.260562,0.308731,0.483385,0.653567,0.801906,0.681334,0.564095
405237,1963-05-15,2020-02-29,56.79671457905544,0.008821402747650036,0.02981227507051843,15.756132420994627,125,1.4507141551079419,Seven Creeks at Euroa Township (405237),Murray-Darling Basin,GOULBURN RIVER,No notes,-36.762369,145.585843,-36.84535027,145.7026577,55,341.5,VIC,,1400,2300,2300,Not nested,,1,19630515,20200229,0.008821403,,,,,,,2.321695,3.166482,1.363867,-0.413735,0.0,21.852257,1.262201,jja,262.218092,5.91344,djf,0.569846298,0.441985853,77.87621083,0.0,2.297720425,0.508440763,9.780025194,1.364819104,0.00325037,2.11081406,0.588666975,0.082336349,0.389456279,0.029812275,1,4.011848341,23.76261128,29.19047619,143.26,72.1,0.706130221,0.709040618,0.14589957,-4.281282807,0.39607096,0.261902288,2.64261721,0.447790189,0.137689879,-5.476672098,-4.983624453,1.895429742,0.588188459,0.001077928,383.8621459,-0.877419565,337.5438199,0.220492769,0.624464374,IGNEOUS,0.8758761,UNCONSOLDTED,0.1125497,0.1125497,0.8758761,0.01157427,0.0,0.0,0.0,0.0,0.0,18.0,52.0,69.0,0.994392472,96.92273,92.34058,182,822.2963,450.6772,640.2963,10.91,57.63948,0.741716,3,0.363806,0.430171,0.011314,0.6091,0.0914,0.1702,0.0944,0.0253,0.0096,0.0,0.0,0.0,0.0,0.68,0.0,0.0014,0.0,0.0,0.0,0.0,0.02253,0.83285,0.0,0.0,0.00657,0.0,0.0,0.0,0.0,0.0,0.0,0.05645,0.07201,2e-05,0.00641,0.0018,0.13489,0.0,0.0,62.03723,14.98121,1.548853,0.420796,36.4139,3.564748,0.0,0.0,0.0,79.60555,57.63948,1.0,0.0,0,0.561616,0.351351,1.0,0.545349,0.318905,1.0,0.659453,6.979153,809.5424,0.917808,0.012177,1467.338,0.048841,0.259792,0.388627,110.9459,83.89606,78.03452,4.577682,0.370602,0.25053,0.356183,0.357869,0.267513,0.203554,0.244625,0.383278,0.523926,0.655265,0.549366,0.421429
405238,1972-12-10,2022-02-28,49.22108145106092,0.016798309044387585,0.25712830957230143,20.621612015331117,125,1.2673651695319499,Mollison Creek at Pyalong (405238),Murray-Darling Basin,GOULBURN RIVER,No notes,-37.120278,144.856944,-37.1607757,144.7623526,55,164.3,VIC,,1400,2300,2300,Level 1,405240,0,19721210,20220228,0.016798309,14.0,42.96124203,1692.670831,30.13560316,0.011124708,2.386871178,1.974061,3.040532,1.540242,-0.340603,6.4e-05,20.548852,1.265781,jja,264.456353,5.669686,djf,0.332011745,0.331980033,159.202123,0.0,4.462737725,0.294998147,22.01348912,1.733170562,0.0,1.18004626,0.787509737,0.200271555,0.617390812,0.25712831,1,13.93700787,40.72014925,45.0,146.5652174,52.89130435,0.563335783,0.576403423,0.135442472,-8.068557615,0.591247289,0.232288248,4.108452094,0.502155172,0.1012497,-7.616377353,-6.731525033,2.805807705,0.446123758,0.000382995,344.1966438,-0.88375123,170.7974727,0.149465219,0.677413119,IGNEOUS,0.997262,SILICSED,0.002738,0.0,0.997262,0.002738,0.0,0.0,0.0,0.0,0.0,18.0,38.0,69.0,0.899999976,30.0,60.0,254,772.5497,449.1931,518.5497,9.06,30.71248,0.890491,3,0.473018,0.394495,0.017388,0.6144,0.1345,0.1955,0.0547,0.0009,0.0,0.0,0.0,0.0,0.0,1.0,0.0,0.0,0.0,0.0,0.0,0.0,0.0144,0.74762,0.0,0.0,0.00503,0.0,0.0,0.0,0.0,0.0,0.0,0.15846,0.07247,0.0,0.00202,0.0,0.23295,0.0,0.0,23.78937,12.73851,0.0,0.0,76.21064,3.825033,0.0,0.0,0.0,82.07162,30.71248,0.0,0.0,0,0.613333,0.476667,0.0,0.552188,0.327495,0.360851,0.344173,2.850537,105.3237,1.0,0.009103,1166.311,0.055835,0.285166,0.407952,128.8213,72.70238,73.62021,3.37177,0.240403,0.143816,0.176916,0.176223,0.157575,0.155935,0.199762,0.317028,0.448159,0.578765,0.457643,0.327535
405240,1972-12-10,2022-02-28,49.22108145106092,0.02219379241294916,0.2145742078616531,8.649990106202619,125,1.1047864341408338,Sugarloaf Creek at Ash Br (405240),Murray-Darling Basin,GOULBURN RIVER,No notes,-37.061,145.06,-37.17747863,144.8827069,55,611.3,VIC,,1400,2300,2300,Not nested,,1,19721210,20220228,0.022193792,19.0,24.26248135,10.02520037,19.37537776,0.0,0.0,1.822779,3.074786,1.686867,-0.286986,0.0,20.65672,1.264722,jja,266.362021,5.752669,djf,0.173373562,0.217286625,59.2586972,0.0,4.664499259,0.239819351,13.22347689,1.251349156,0.0,0.94767217,0.752957783,0.183969509,0.657432163,0.214574208,1,10.63815789,39.85172414,53.88571429,147.2173913,64.02173913,0.524750934,0.444332023,0.188079409,-7.637603905,0.724603507,0.28965212,3.85974098,0.47659227,0.095090467,-9.076509132,-8.284675714,3.104061066,0.466350936,0.000134291,320.1481578,-0.916896529,151.1312533,0.131539013,0.72290695,IGNEOUS,0.5155447,SILICSED,0.4693314,0.01512418,0.5155447,0.4693314,0.0,0.0,0.0,0.0,0.0,33.0,60.0,49.0,1.010662817,25.70299,68.93462,154,772.5497,343.4053,618.5497,7.93,66.8369,0.906022,5,0.417357,0.321622,0.009465,0.5595,0.0964,0.1928,0.1324,0.017,0.0019,0.0,0.0,0.0,0.0,0.92,0.0,0.0,0.0,0.0,0.0,0.0,0.01984,0.80274,0.0,0.0,0.02044,0.0,0.0,0.00012,0.0,0.0,0.0,0.05456,0.07484,0.0,0.01963,0.0078,0.14903,0.0,0.0,30.3462,6.795645,0.0,0.0,69.65129,2.891099,0.0,0.0,0.002522,89.83982,66.8369,0.0,0.0,0,0.068254,0.038889,0.0,0.668987,0.35614,0.912763,0.634451,10.74829,646.2582,1.0,0.031434,1017.404,0.059205,0.285791,0.391203,119.4397,69.04836,77.87667,3.204192,0.205967,0.130263,0.165371,0.170758,0.161905,0.156639,0.200786,0.320495,0.445327,0.555292,0.413934,0.285392
405241,1973-12-14,2022-02-28,48.21081451060917,0.0001135782838321313,0.0,59.710356366292096,125,1.3413984714830984,Rubicon River at Rubicon (405241),Murray-Darling Basin,GOULBURN RIVER,No notes,-37.291,145.83,-37.39047064,145.8699724,55,127.7,VIC,,1400,2300,2300,Not nested,,0,19731214,20220228,0.000113578,16.0,9.560587621,34.22747928,6.761114333,0.011357828,0.199053503,4.021968,2.841494,0.706493,-0.422448,0.003403,19.074656,1.231573,jja,219.502369,4.441433,djf,2.791483968,0.743710396,121.0093798,1.51025746,0.880461595,2.302544857,2.960834816,4.109954689,0.51627529,6.08095156,0.300738027,0.001703868,0.03118078,0.0,1,1.153846154,6.168539326,0.0,159.7708333,103.4583333,0.874062425,0.691998693,0.04007773,-2.434501006,0.174159032,0.106462376,1.608178109,0.622396267,0.345196172,-3.01710064,-2.378435752,1.47087437,1.114243158,0.010329202,384.8051122,-0.74203802,262.5941721,0.590714891,0.584370188,IGNEOUS,0.9698616,SILICSED,0.02095523,0.0091831,0.9698616,0.02095523,0.0,0.0,0.0,0.0,0.0,20.18182,38.36364,64.27273,1.168080552,187.2691,186.0883,288,1489.734,959.2006,1201.734,25.51,26.96647,0.920787,3,0.47576,0.577596,0.046576,0.8836,0.0722,0.0404,0.0038,0.0,0.0,0.0,0.0,0.0,0.0,1.0,0.0,0.0,0.0,0.0,0.0,0.0,0.00571,0.01786,0.0,0.0,0.00061,0.0,0.00413,0.00075,0.00118,0.00016,0.0,0.80343,0.13398,0.00355,0.02864,0.0,0.9696,0.569471,0.569471,90.66157,88.86031,0.0,0.0,8.768979,8.578736,0.0,0.0,0.0,0.0,26.96647,0.0,0.0,0,0.037838,0.021622,1.0,0.507686,0.230165,0.993976,0.61207,0.624635,0.819055,0.0,0.0,4436.367,0.030002,0.273226,0.464566,169.2522,109.8819,65.93955,8.256445,0.868953,0.551854,0.771081,0.643265,0.416853,0.286502,0.345101,0.552374,0.761452,1.027261,1.029576,1.010697
405245,1970-07-15,2022-02-28,51.62765229295003,0.000636368457336798,0.033855133987795175,5.3050914284040935,125,0.9843883300711744,Ford Creek at Mansfield (405245),Murray-Darling Basin,GOULBURN RIVER,No notes,-37.038611,146.053889,-37.06037464,146.1336511,55,117.3,VIC,,1400,2300,2300,Not nested,,0,19700715,20220228,0.000636368,14.0,86.00833126,30.7778181,69.47017353,0.015909211,2.709404709,2.45548,3.133277,1.276035,-0.354376,0.0,21.178082,1.237395,jja,252.114457,5.367847,djf,0.103333203,0.126172897,96.86154476,0.0,5.138238274,0.238026158,14.65096911,1.495814892,0.00073657,0.87357545,0.819127191,0.150437782,0.690952507,0.033855134,1,6.096774194,22.72425829,8.985915493,147.1764706,58.7254902,0.450524848,0.274580171,0.266669753,-5.27401192,0.921054598,0.39354879,2.499030098,0.607966457,0.079818941,-9.900612167,-5.712743812,2.876787582,0.391554663,0.00029401,439.1626135,-0.87921647,209.6122076,0.099946983,0.798612809,SILICSED,0.6338036,UNCONSOLDTED,0.3617924,0.3617924,0.0044039,0.6338036,0.0,0.0,0.0,0.0,0.0,18.0,38.0,69.0,0.90303598,32.46729,61.05741,300,737.8383,405.2695,437.8383,7.28,20.54264,1.139389,4,0.590246,0.227814,0.020965,0.4936,0.062,0.1538,0.2043,0.0749,0.01,0.0014,0.0,0.0,0.0,0.28,0.0,0.0,0.0,0.0,0.0,0.0,0.01894,0.91942,0.0,0.0,0.00318,0.0,0.0,0.0,0.0,0.0,0.0,0.01284,0.01904,0.0,0.0058,0.0208,0.03768,0.0,0.0,3.349897,0.186788,0.0,0.0,96.65011,0.013348,0.0,0.0,0.0,99.77319,20.54264,0.0,0.0,0,0.016,0.08,0.0,0.758873,0.410603,0.082927,0.246765,24.84242,967.6886,1.0,0.061949,1417.929,0.075815,0.338705,0.41463,121.0487,72.67287,73.57699,3.437469,0.245755,0.174993,0.216499,0.211212,0.170073,0.135323,0.168094,0.275377,0.40824,0.576421,0.511481,0.348964
405246,1970-05-07,2020-02-29,49.817932922655714,0.04995603429325127,0.5231676982703766,12.307531234776395,125,2.335129907905347,Castle Creek at Arcadia (405246),Murray-Darling Basin,GOULBURN RIVER,No notes,-36.59083189,145.3511279,-36.76613156,145.511251,55,202.7,VIC,,1400,2300,2300,Not nested,,0,19700507,20200229,0.049956034,,,,,,,1.819931,3.277838,1.801078,-0.340514,0.0,21.897202,1.272063,jja,272.897023,6.341968,djf,0.144321475,0.246443907,48.39512579,0.0,4.073131236,0.183297192,9.282072923,0.557401879,0.0,0.82607795,0.825690628,0.476832302,0.701914734,0.523167698,1,98.13095238,76.31446541,106.4,163.4210526,48.65789474,0.767268002,0.770656466,0.222669071,,0.525259929,0.28292235,3.719692023,0.495128432,0.067760111,-7.818296995,-11.88557338,2.522164658,0.498993872,7.31e-05,341.0813624,-0.916546161,129.2104548,0.101162757,0.669812814,UNCONSOLDTED,0.6329914,IGNEOUS,0.3475056,0.6329914,0.3475056,0.0195033,0.0,0.0,0.0,0.0,0.0,29.37931,62.0,48.27586,0.897126607,53.83485,82.52776,127,560.4628,217.1995,433.4628,5.12,56.40917,0.665585,3,0.283018,0.223373,0.007835,0.3302,0.041,0.0944,0.0815,0.0694,0.1051,0.1493,0.1291,0.0,0.0,0.03,0.0,0.0,0.0,0.00079,0.0,0.0,0.14312,0.75698,0.0,0.00095,0.05172,0.0,0.0,8e-05,0.0,0.0,0.0,0.00342,0.00952,6e-05,0.02842,0.0049,0.04142,0.193596,0.061944,16.06638,2.802255,0.054058,0.007722,83.68598,2.737587,0.0,0.0,0.0,94.33652,56.40917,0.0,0.6,1,0.102242,0.017391,0.0,0.705222,0.381585,0.821176,0.601381,4.573719,809.5424,0.500696,0.007422,1012.099,0.075126,0.292149,0.355222,104.8539,66.85265,87.06162,3.079484,0.130702,0.092481,0.127733,0.147193,0.177047,0.169335,0.22171,0.368622,0.505932,0.582063,0.383322,0.1823
405248,1971-04-21,2022-02-28,50.861054072553046,0.0003768100339129031,0.47872913301023157,5.770703042982482,125,1.0592251526313465,Major Creek at Graytown (405248),Murray-Darling Basin,GOULBURN RIVER,No notes,-36.853611,144.914444,-36.93395094,144.8361272,55,292.1,VIC,,1400,2300,2300,Not nested,,0,19710421,20220228,0.00037681,16.0,52.01577102,76.6509435,45.78095653,0.048447004,8.981213525,1.606247,3.209018,1.997836,-0.278241,0.0,21.10617,1.287281,jja,278.371324,6.533333,djf,0.034911929,0.090721561,45.29004587,0.0,6.954112382,0.10801148,16.39736871,0.564187223,0.0,0.3123533,0.863290186,0.283037157,0.812385568,0.478729133,1,27.51832461,69.52073733,104.5882353,171.2916667,45.22916667,0.472088385,0.429328708,0.199950374,,0.924184482,0.361169692,2.764569744,0.544247788,0.05258941,-9.838627969,-12.32190301,3.316029169,0.630946455,7.77e-05,309.8197663,-0.929237252,147.8102665,0.066013439,0.796647032,SILICSED,0.742947,UNCONSOLDTED,0.2560205,0.2560205,0.0,0.742947,0.0,0.0,0.0,0.0,0.0,18.0,52.0,69.0,0.888949216,30.0,60.71114,145,569.8874,226.545,424.8874,5.35,30.53362,1.084114,4,0.627085,0.196689,0.013998,0.4404,0.0438,0.1892,0.2092,0.0625,0.0412,0.0137,0.0,0.0,0.0,0.0,0.0007,0.0,0.0,0.0,0.0,0.0,0.0116,0.27677,0.0,0.0,0.03334,0.0,0.0,0.00122,9e-05,0.0,0.0,0.00185,0.57185,0.00052,0.10204,0.0,0.67626,0.0,0.0,75.38793,42.71078,0.0,0.0,24.61207,2.777957,0.0,0.0,0.0,53.51848,30.53362,0.0,0.0,0,0.24,0.077778,0.0,0.58941,0.191367,0.0,0.095684,2.236996,7.742303,0.388502,0.0,848.208,0.079743,0.294592,0.357784,117.9415,58.98052,86.89799,2.800733,0.212346,0.135736,0.197533,0.216,0.182076,0.15126,0.178979,0.264656,0.34885,0.40664,0.272484,0.240391
405251,1973-10-18,2022-02-28,48.3668720054757,0.0010755122834823956,0.016036720122400407,11.012708305298801,125,0.9258682417155356,Brankeet Creek at Ancona (405251),Murray-Darling Basin,GOULBURN RIVER,No notes,-36.968611,145.783889,-36.92022556,145.8151055,55,118.6,VIC,,1400,2300,2300,Not nested,,0,19731018,20220228,0.001075512,17.0,12.69325895,7.457217716,9.898662634,0.062266501,4.907239555,2.512267,3.116256,1.240416,-0.405756,9.6e-05,21.55562,1.264101,jja,257.624714,5.686508,djf,0.25650298,0.48297865,72.90892411,0.0,2.914886598,0.313853058,21.29045331,0.836943335,0.01019899,1.03082631,0.399389283,0.038420128,0.217317391,0.01603672,1,2.801652893,15.52631579,14.15,146.2083333,84.3125,0.514058455,0.506841076,0.117183286,-2.493199327,0.434833203,0.186119843,1.604762201,0.555328706,0.073093964,-4.733032752,-3.118444762,1.545030778,0.780307375,0.001242718,469.4286371,-0.773152093,288.5937453,0.127603725,0.572819987,IGNEOUS,0.6375417,SILICSED,0.2992189,0.06323935,0.6375417,0.2992189,0.0,0.0,0.0,0.0,0.0,18.0,38.0,69.0,0.963902856,75.73874,81.56255,320,956.8058,544.7338,636.8058,15.66,19.47265,0.691656,4,0.641951,0.359298,0.033029,0.7414,0.1208,0.1044,0.0328,0.0006,0.0,0.0,0.0,0.0,0.0,1.0,0.0,0.0,0.0,0.0,0.0,0.0,0.00964,0.24395,0.0,0.0,0.00399,0.0,0.0,0.0,0.00025,0.0,0.0,0.39595,0.34298,0.0,0.00322,0.0,0.74215,0.0,0.0,83.5845,59.25388,0.226649,0.163689,16.18885,1.446911,0.0,0.0,0.0,34.35207,19.47265,0.0,0.0,0,0.378947,0.072727,0.0,0.580966,0.267794,0.028624,0.148209,1.355634,1.555585,1.0,0.0,1557.522,0.052219,0.277226,0.40565,121.4803,83.82652,74.45074,6.511715,0.567665,0.363407,0.541987,0.57202,0.400139,0.281231,0.334752,0.530562,0.716451,0.873092,0.73434,0.605217
405263,1975-05-10,2011-12-14,36.59958932238193,0.0,0.0,18.82648820067819,125,2.8893588350038897,Goulburn River at U/S of Snake Creek Junction (405263),Murray-Darling Basin,GOULBURN RIVER,No notes,-37.462778,146.247778,-37.55019328,146.3367791,55,327.6,VIC,,1400,2300,2300,Level 1,405219,0,19750510,20111214,0.0,12.0,12.34618893,5.553833052,9.433149431,0.321663674,4.251422166,3.415247,2.825776,0.8274,-0.34512,0.002793,16.773472,1.196921,jja,212.814553,4.095312,djf,1.774213787,0.615607881,140.3301099,0.0706813,1.529071834,1.164487738,4.460949262,3.170484374,0.07674725,4.52149451,0.513367598,0.0584231,0.344030521,0.0,1,7.438095238,23.46428571,0.0,154.1944444,72.38888889,0.94227881,0.845067813,0.056345831,-4.514602246,0.136269566,0.078957602,2.388644375,0.445752733,0.193567819,-5.246560873,-2.803032617,1.877421399,0.650017239,0.009060485,427.9289222,-0.937424803,287.5096646,0.34946065,0.553904479,SILICSED,0.9880582,IGNEOUS,0.01194177,0.0,0.01194177,0.9880582,0.0,0.0,0.0,0.0,0.0,30.0,40.0,43.0,1.212823153,157.8805,185.341,417,1454.289,868.455,1037.289,37.41,35.34579,0.850998,4,0.578753,0.441629,0.029683,0.9675,0.0234,0.0089,0.0002,0.0,0.0,0.0,0.0,0.0,0.0,1.0,0.0,0.0,0.0,0.0,0.0,0.0,0.01836,0.0,0.0,0.0,0.01873,0.0,0.00455,0.00814,0.007,0.00072,4e-05,0.24332,0.60058,0.00162,0.09695,0.0,0.94247,0.0,0.0,81.73434,81.27314,0.0,0.0,18.26568,18.25636,0.0,0.0,0.0,0.0,35.34579,0.0,0.0,0,0.019048,0.0,0.0,0.477273,0.271873,0.0,0.135937,0.087526,0.243034,0.0,0.0,2429.035,0.032325,0.289297,0.479161,167.8565,106.6172,60.16576,7.801964,0.819545,0.589243,0.721106,0.600514,0.392402,0.269629,0.327646,0.516348,0.711965,0.961237,0.954479,0.939792
405264,1975-03-22,2022-02-28,46.94318959616701,0.00023329056339671062,0.0,28.51461827834149,125,2.521255641294484,Big River at D/S of Frenchman Creek Junction (405264),Murray-Darling Basin,GOULBURN RIVER,No notes,-37.520556,146.076667,-37.55764102,146.0300985,55,336.5,VIC,,1400,2300,2300,Level 1,405227,0,19750322,20220228,0.000233291,18.0,8.130637201,9.749578782,6.393627104,0.169135658,1.70908346,4.017102,2.826403,0.703593,-0.388553,0.002487,16.872351,1.203977,jja,205.803134,3.990762,djf,1.93143631,0.699977821,94.78811769,0.24212541,1.172746376,1.295215039,2.822581603,2.307235662,0.16175929,4.29637801,0.411444026,0.015575779,0.194843075,0.0,1,4.767857143,11.67832168,0.0,156.4565217,82.54347826,0.965104684,0.875138978,0.047591635,-3.409273059,0.112619312,0.07018103,1.887461753,0.532074662,0.195414825,-3.553858661,-2.64904247,1.722883513,0.816811834,0.005601007,551.026057,-0.907911061,411.7498684,0.334549686,0.584113013,SILICSED,0.8315323,IGNEOUS,0.1234795,0.04498883,0.1234795,0.8315323,0.0,0.0,0.0,0.0,0.0,30.0,40.0,43.0,1.08000171,245.3932,191.9045,462,1434.849,822.3471,972.849,31.7,32.62024,0.849344,4,0.634172,0.379323,0.030252,0.9139,0.0505,0.0312,0.0044,0.0,0.0,0.0,0.0,0.0,0.0,1.0,0.0,0.0,0.0,0.0,0.0,0.0,0.00087,0.0,0.0,0.0,0.00645,0.0,0.00049,0.00105,0.00048,6e-05,0.0,0.66431,0.30779,0.00028,0.01825,0.0,0.99063,0.045612,0.045612,96.38557,95.77547,0.0,0.0,3.568854,3.55519,0.0,0.0,0.0,0.0,32.62024,0.0,0.0,0,0.369231,0.035294,0.0,0.446691,0.255467,0.0,0.127733,0.26231,0.303173,0.0,0.0,3972.05,0.034624,0.301038,0.481739,164.896,104.509,58.16546,7.838179,0.831306,0.545278,0.739572,0.600035,0.387397,0.259446,0.318614,0.512199,0.706724,0.962005,0.982633,0.999903
405274,1977-06-11,2022-02-28,44.720054757015745,0.00036733194563487204,0.06393924546790788,7.329883067905483,125,0.9147882448282962,Home Creek at Yarck (405274),Murray-Darling Basin,GOULBURN RIVER,No notes,-37.106111,145.605,-37.03202428,145.6297021,55,181.4,VIC,,1400,2300,2300,Not nested,,0,19770611,20220228,0.000367332,12.0,8.7304506,37.45959131,7.104578112,0.0,0.0,2.035877,3.133206,1.538996,-0.326909,0.0,20.773577,1.235829,jja,260.483216,5.698722,djf,0.249172212,0.227927548,73.94582579,0.0,4.031467947,0.316751196,12.60348007,1.630658238,0.0,1.36363396,0.763885042,0.168728564,0.625796178,0.063939245,1,8.555900621,32.23343849,16.83870968,138.6511628,61.0,0.525480534,0.291666675,0.160309303,-5.114032062,0.687652505,0.293307271,2.824086663,0.544808327,0.121401374,-9.605248878,-5.583568154,2.512731576,0.35542758,0.000166431,338.8311715,-0.920872215,207.1210838,0.15839662,0.76643917,SILICSED,0.6373923,UNCONSOLDTED,0.2791084,0.2791084,0.08349931,0.6373923,0.0,0.0,0.0,0.0,0.0,18.0,38.0,69.0,0.94139233,59.71731,74.00959,190,661.4905,353.6558,471.4905,13.83,22.4391,1.00925,4,0.686882,0.331018,0.020507,0.6647,0.1033,0.1389,0.0893,0.0038,0.0,0.0,0.0,0.0,0.0,0.5,0.0006,0.0,0.0,0.0,0.0,0.0,0.02271,0.69429,0.0,0.0,0.01622,0.0,0.0,0.0,0.0,0.0,0.0,0.12795,0.1142,0.0,0.02407,0.0,0.26622,0.066101,0.0,41.58967,17.22221,0.0,0.0,58.34425,0.6864,0.0,0.0,0.0,78.1563,22.4391,0.0,0.0,0,0.3,0.047059,0.0,0.675551,0.32631,0.125774,0.226042,1.356356,1.436458,1.0,0.0,1141.224,0.063379,0.292924,0.393117,114.8438,73.69453,77.95486,3.397523,0.280234,0.191638,0.240525,0.23544,0.184208,0.146758,0.173839,0.275307,0.390171,0.509868,0.436534,0.33733
406208,1950-01-01,2022-02-28,72.1615331964408,0.0,0.31118867852942295,9.312545222390478,125,1.5077966803283582,Campaspe River at Ashborne (406208),Murray-Darling Basin,CAMPASPE RIVER,No notes,-37.387778,144.450556,-37.41920028,144.4296229,55,37.9,VIC,,1400,2300,2300,Level 1,406213,0,19500101,20220228,0.0,29.0,11.14545109,19.71372551,8.777309089,0.022764351,2.542893804,2.578875,2.864294,1.110676,-0.333098,0.000579,18.436437,1.241525,jja,233.264526,4.579142,djf,0.403839945,0.295490843,139.6534037,0.0,3.6645609,0.481834141,13.45403946,3.117733765,0.0,2.01296042,0.739203232,0.267481125,0.601510035,0.311188679,1,14.93644068,43.19891008,37.11312217,156.1549296,63.38028169,0.595686406,0.571658816,0.163213183,-13.35340753,0.564868334,0.272480972,3.129416504,0.514315569,0.134911913,-6.446016666,-7.481112995,3.199209429,0.676144077,0.003441325,446.0513788,-0.909242132,254.7939271,0.184541809,0.731064217,SILICSED,0.9283851,IGNEOUS,0.07161496,0.0,0.07161496,0.9283851,0.0,0.0,0.0,0.0,0.0,17.5,44.5,68.5,1.002620129,107.5635,117.6838,617,749.9716,671.0059,132.9716,4.39,12.63095,0.778698,3,0.581159,0.540012,0.013591,0.4612,0.0395,0.2326,0.2418,0.0249,0.0,0.0,0.0,0.0,0.0,1.0,0.0,0.0,0.0,0.0,0.0,0.0,0.00288,0.13502,0.0,0.0,0.0,0.0,0.0,0.0,0.0,0.0,0.0,0.64992,0.21216,0.0,0.0,0.0,0.86208,0.0,0.0,89.05068,62.79386,0.0,0.0,10.94932,8.048285,0.0,0.0,0.0,26.03971,12.63095,0.0,0.6,0,0.086842,0.131646,0.0,0.560562,0.146231,0.262662,0.204446,10.39096,22.22304,1.0,0.096447,1305.92,0.031184,0.265053,0.464962,144.1001,90.01643,60.11555,6.265805,0.567568,0.397336,0.513841,0.505972,0.365727,0.269417,0.316134,0.479044,0.629079,0.787318,0.75971,0.680112
406213,1975-08-13,2022-02-28,46.548939082819984,0.007822609104811199,0.1638508506728318,10.714101709677985,125,1.8354667657839654,Campaspe River at Redesdale (406213),Murray-Darling Basin,CAMPASPE RIVER,No notes,-37.016111,144.539167,-37.23149756,144.5228789,55,638.0,VIC,,1400,2300,2300,Not nested,,1,19750813,20220228,0.007822609,28.0,52.47345475,17.12088905,43.58077307,0.0,0.0,2.091525,2.99132,1.43021,-0.350796,7.6e-05,19.919622,1.247046,jja,253.004368,5.320605,djf,0.241681539,0.279191527,72.02740063,0.0,3.90648317,0.264045066,11.89209258,1.063966684,0.0,1.16518119,1.079566276,0.220522853,0.637915703,0.163850851,1,15.12195122,53.805,48.49122807,147.0444444,51.13333333,0.696851488,0.32691735,0.171562376,-10.13302968,0.512506144,0.219226812,4.472039256,0.489646134,0.090219877,-8.130734818,-8.433700185,2.838300711,0.55605281,0.000627265,379.4154424,-0.943590691,207.2804509,0.128035825,0.704645576,IGNEOUS,0.663922,SILICSED,0.273673,0.06240498,0.663922,0.273673,0.0,0.0,0.0,0.0,0.0,25.25,48.63333,59.33333,0.936344631,59.05926,82.21992,215,999.9791,510.2055,784.9791,6.34,75.6076,0.86341,5,0.376971,0.377772,0.010411,0.5007,0.0709,0.1832,0.1737,0.0411,0.0271,0.0033,0.0,0.0,0.0,1.0,0.0,0.0,0.0,0.0,0.0,0.0,0.02191,0.76924,0.0,0.00084,0.00648,0.0,0.0,0.0,1e-05,0.0,0.0,0.10905,0.07417,0.0001,0.00975,0.0084,0.19307,0.028947,0.0,23.17253,10.92869,0.0,0.0,76.75993,5.89582,0.0,0.0,0.0,81.81609,75.6076,0.0,0.0,0,0.250549,0.08254,0.0,0.693697,0.347061,0.075503,0.211282,18.4908,1584.296,0.906842,0.328946,1012.332,0.039531,0.252397,0.415936,128.1516,82.66087,70.89265,3.757742,0.285147,0.187416,0.233894,0.230438,0.192682,0.169564,0.207991,0.323631,0.453137,0.591406,0.504354,0.384811
406214,1972-12-07,2022-02-28,49.229295003422315,0.0,0.2567154218341583,7.5983389823485386,125,1.0285136605467193,Axe Creek at Longlea (406214),Murray-Darling Basin,CAMPASPE RIVER,No notes,-36.773889,144.428333,-36.85661149,144.3371487,55,236.2,VIC,,1400,2300,2300,Not nested,,0,19721207,20220228,0.0,17.0,33.70468956,33.91264348,31.62289254,0.0,0.0,1.57882,3.225766,2.04315,-0.323685,0.0,20.827511,1.275179,jja,278.128621,6.597228,djf,0.082735489,0.185089625,53.03687045,0.0,6.009184285,0.137189465,17.16440578,0.679630047,0.0,0.48979509,0.881235877,0.2733997,0.732328569,0.256715422,1,19.203125,52.672,60.73684211,156.48,62.6,0.483058372,0.470340475,0.203586273,-8.068066715,0.816504908,0.313165075,2.991222314,0.563719116,0.064397651,-10.03844736,-9.465337716,3.404528968,0.554280653,0.0,310.2533024,-0.891548772,147.4200643,0.085062167,0.757065733,SILICSED,0.8437778,IGNEOUS,0.09580142,0.06042088,0.09580142,0.8437778,0.0,0.0,0.0,0.0,0.0,18.0,38.0,69.0,0.881936261,30.0,60.73848,174,704.9907,276.5566,530.9907,6.06,30.23873,0.968126,5,0.57421,0.202508,0.017766,0.4739,0.0603,0.1819,0.19,0.0521,0.0367,0.0051,0.0,0.0,0.0,0.4,0.0,0.0,0.0,0.0,0.0,0.0,0.00775,0.35848,0.0,0.0,0.03717,0.0,0.0001,0.00091,0.00062,3e-05,0.0,0.00342,0.39754,0.0002,0.17247,0.0213,0.57363,0.0,0.0,58.71714,34.16164,0.0,0.0,41.28285,5.583636,0.0,0.0,0.0,59.41218,30.23873,0.0,0.6,0,0.5,0.142857,0.0,0.564732,0.293299,0.840833,0.567066,34.0899,2379.309,1.0,0.435044,765.1411,0.070909,0.27879,0.364443,119.3558,61.94531,85.12958,2.646143,0.178027,0.113278,0.173901,0.198897,0.171459,0.14953,0.17985,0.261318,0.345106,0.400805,0.265375,0.215246
406224,1975-07-05,2022-02-28,46.65571526351814,0.015961504606537176,0.8116763074721212,4.008770616946983,125,1.2296691805973026,Mount Pleasant Creek at Runnymede (406224),Murray-Darling Basin,CAMPASPE RIVER,No notes,-36.546389,144.637222,-36.65505448,144.6925468,55,242.3,VIC,,1400,2300,2300,Not nested,,0,19750705,20220228,0.015961505,5.0,16.24499157,44.0109641,15.25325247,0.0,0.0,1.404642,3.32093,2.364254,-0.249905,0.0,21.025269,1.295845,jja,284.789469,7.004643,djf,0.009031271,0.026410489,37.83984812,0.0,9.62891787,0.063690816,19.80201774,0.376104557,0.0,0.06953364,0.0,0.188323693,0.908581311,0.811676307,1,37.15294118,94.63354037,144.7978723,164.6857143,34.25714286,0.456266238,0.338657561,0.370882501,,1.069666148,0.639506906,2.071970795,0.55945122,0.042837446,-7.94206542,-10.26937135,3.992050507,0.728550494,8.36e-05,271.3144198,-0.954816989,108.4174336,0.045493174,0.941623602,UNCONSOLDTED,0.527898,SILICSED,0.3959522,0.527898,0.05935564,0.3959522,0.0,0.01679379,0.0,0.0,0.0,37.0,62.0,42.0,0.968608269,51.6321,93.48218,143,386.1284,188.6967,243.1284,2.83,38.53289,0.878706,4,0.462625,0.237886,0.006723,0.3232,0.016,0.1155,0.2405,0.0827,0.1215,0.1003,0.0003,0.0,0.0,0.11,0.0,0.0,0.0,0.0008,0.0,0.0,0.43088,0.36148,0.0,5e-05,0.05878,0.0,2e-05,0.00098,2e-05,0.0,0.0,0.00023,0.07638,0.00022,0.07018,0.0,0.14701,0.136609,0.018623,8.104752,6.37499,0.0,0.0,91.70891,1.602644,0.0,0.0,0.0,91.97888,38.53289,0.0,0.0,0,0.286111,0.213793,0.0,0.72993,0.399516,0.000796,0.200156,0.917828,2.143447,0.113775,0.0,624.8221,0.052115,0.218835,0.305948,101.4878,70.02339,94.38516,2.48146,0.112009,0.069242,0.106618,0.123603,0.130154,0.132379,0.188053,0.31902,0.452461,0.480263,0.235301,0.14107
406226,1978-06-29,2022-02-28,43.671457905544145,0.004137671619334211,0.3731192949323261,8.675061581082627,125,1.114740927783511,Mount Ida Creek at Derrinal (406226),Murray-Darling Basin,CAMPASPE RIVER,No notes,-36.881,144.65,-36.98886639,144.7406126,55,173.0,VIC,,1400,2300,2300,Not nested,,0,19780629,20220228,0.004137672,11.0,39.26639482,11.69414596,33.36829575,0.0,0.0,1.725712,3.156214,1.828935,-0.316252,0.0,20.872456,1.283582,jja,273.589176,6.332917,djf,0.145234914,0.279594364,50.90008786,0.0,4.916074925,0.157152704,15.31559849,0.596871307,0.0,0.6252763,1.001446776,0.310544539,0.672584199,0.373119295,1,23.37914692,52.37254902,77.98684211,154.125,52.9,0.540196848,0.656156159,0.180377873,,0.655589363,0.239458233,3.792879932,0.557079468,0.060164081,-7.891534838,-5.745440086,2.805310582,0.509509475,0.000169463,324.1982696,-0.898956481,130.3644413,0.091528616,0.657325357,SILICSED,0.5518561,IGNEOUS,0.2668149,0.1748115,0.2668149,0.5518561,0.0,0.00651737,0.0,0.0,0.0,18.0,38.0,69.0,0.901965118,31.38265,60.67157,203,616.3131,326.2926,413.3131,8.35,41.64856,0.970822,3,0.35519,0.304163,0.010007,0.5504,0.0845,0.1859,0.1567,0.0205,0.002,0.0,0.0,0.0,0.0,0.8,0.0029,0.0006,0.0,0.0,0.0,0.0,0.0131,0.53609,0.0,0.0,0.03234,0.0,0.0,0.00012,0.00023,0.0,0.0,0.00121,0.33552,0.00071,0.06488,0.0124,0.40232,0.0,0.0,53.54504,25.31595,0.0,0.0,46.45494,2.892172,0.0,0.0,0.0,70.7767,41.64856,0.0,0.0,0,0.3,0.133333,0.0,0.645833,0.342144,0.014603,0.178374,11.20081,535.9254,0.704076,0.029808,968.3667,0.069444,0.285368,0.376339,122.5275,65.4106,81.97401,2.893381,0.195441,0.123426,0.173059,0.187778,0.169709,0.155314,0.186661,0.29025,0.390453,0.473056,0.318266,0.23717
406235,1980-11-26,2022-02-28,41.25941136208077,0.0074983410749834105,0.3919903724008825,8.434919932388024,125,1.0520031346017542,Wild DuCreek Creek at U/S of Heathcote-Mia Mia (406235),Murray-Darling Basin,CAMPASPE RIVER,No notes,-36.948,144.66,-37.05984052,144.6763472,55,213.4,VIC,,1400,2300,2300,Not nested,,0,19801126,20220228,0.007498341,12.0,16.82698121,15.38020337,14.06098756,0.0,0.0,1.841218,3.107767,1.687886,-0.344937,5.6e-05,20.782566,1.272427,jja,269.526149,6.065952,djf,0.153532695,0.212541897,60.60798144,0.0,4.920610304,0.202740741,12.6979441,0.995222076,0.0,0.76366332,1.016878555,0.261349201,0.686835595,0.391990372,1,16.77682403,43.34599156,79.22972973,150.3333333,58.02777778,0.526278202,0.310401926,0.188926444,,0.76322285,0.274057921,3.61911085,0.509548207,0.081079134,-8.256441168,-7.983313454,2.837957568,0.432663235,0.000361043,339.2290133,-0.900808257,183.4166831,0.110909758,0.731036972,SILICSED,0.6990417,IGNEOUS,0.2803867,0.02057139,0.2803867,0.6990417,0.0,0.0,0.0,0.0,0.0,18.0,38.0,69.0,0.94452452,28.16418,63.20052,223,678.8796,378.8419,455.8796,8.01,39.25777,1.024915,4,0.419457,0.356962,0.011885,0.5684,0.1092,0.22,0.0995,0.0029,0.0,0.0,0.0,0.0,0.0,0.96,0.0,0.0,0.0,0.0,0.0,0.0,0.04885,0.69294,0.0,0.0,0.11397,0.0,0.0,0.00053,0.0,0.0,0.0,0.01371,0.03656,0.0,0.09346,0.0,0.14373,0.0,0.0,29.00186,3.573818,0.0,0.0,70.99813,3.294803,0.0,0.0,0.0,93.07358,39.25777,0.0,0.0,0,0.194444,0.117073,0.0,0.597561,0.3515,0.0,0.17575,1.494713,4.999265,0.364702,0.0,965.2955,0.059764,0.272799,0.385726,123.8929,69.59785,79.21712,3.038536,0.162867,0.10293,0.13278,0.147467,0.153659,0.157786,0.205581,0.323644,0.457817,0.575791,0.387695,0.239408
406250,1983-10-01,2022-02-28,38.41478439425051,0.003492267122799515,0.03297096266628522,17.224798839023805,125,1.9359319258463108,Coliban River at Springhill-Tylden Rd (406250),Murray-Darling Basin,CAMPASPE RIVER,No notes,-37.32,144.37,-37.37278759,144.318144,55,78.2,VIC,,1400,2300,2300,Not nested,,0,19831001,20220228,0.003492267,26.0,11.24350263,23.46502612,9.445339755,0.064143682,2.640084666,2.651649,2.873125,1.083524,-0.399287,0.000596,19.425227,1.239106,jja,235.592677,4.735996,djf,0.826858812,0.484365598,92.09721971,0.0,2.314502539,0.61996067,7.423245694,2.058939572,0.00442058,2.50315237,0.700419251,0.130596481,0.476612788,0.032970963,1,8.00877193,31.73333333,24.26315789,147.5882353,61.61764706,0.79747918,0.728882694,0.102089311,-5.633815261,0.323030949,0.181910628,3.211152349,0.533062331,0.149018001,-6.845394147,-4.110888371,2.705739324,0.665262577,0.002484129,414.3479681,-0.908300684,264.9124173,0.24067472,0.619167648,SILICSED,0.5370621,IGNEOUS,0.3927164,0.070222,0.3927164,0.5370621,0.0,0.0,0.0,0.0,0.0,17.0,51.0,68.0,1.076274379,240.6238,154.7971,550,837.6477,675.6473,287.6477,5.12,21.22105,0.805427,3,0.480657,0.502644,0.015349,0.4845,0.0545,0.1948,0.228,0.0332,0.005,0.0,0.0,0.0,0.0,1.0,0.0,0.0,0.0,0.0,0.0,0.0,0.00469,0.34304,0.0,0.0,0.0,0.0,0.0,0.0,0.0,0.0,0.0,0.46047,0.18338,0.0,0.00011,0.0083,0.64396,0.0,0.0,88.78263,36.89778,0.0,0.0,11.21742,7.110462,0.0,0.0,0.0,32.2212,21.22105,0.0,0.0,0,0.081967,0.040506,0.0,0.671042,0.286826,0.005822,0.146324,12.44211,222.8092,1.0,0.036077,1670.604,0.030588,0.258728,0.448695,143.174,96.33932,62.34455,5.964832,0.526715,0.355764,0.481803,0.496372,0.351166,0.259186,0.305245,0.464065,0.610796,0.760134,0.713313,0.647227
407213,1972-11-30,2022-02-28,49.24845995893224,0.013286635534800978,0.35973857682122934,6.695748690248524,125,1.124678569315191,McCallums Creek at Carisbrook (407213),Murray-Darling Basin,LODDON RIVER,No notes,-37.085,143.81,-37.21822858,143.6973087,54,467.7,VIC,,1400,2300,2300,Not nested,,0,19721130,20220228,0.013286636,24.0,14.4616395,39.42371701,12.12857835,0.005559262,1.867379983,1.586712,3.058393,1.927504,-0.304026,0.0,19.874677,1.251273,jja,269.256479,6.103097,djf,0.065413479,0.213732498,55.36029983,0.0,6.281470049,0.095794153,22.44105839,0.362076713,0.0,0.33586743,0.692014025,0.190433264,0.745675813,0.359738577,1,16.32850242,65.19704433,74.24418605,158.3488372,42.76744186,0.500168486,0.509880133,0.193236406,,0.754729269,0.21545444,2.651698809,0.492789969,0.049716623,-10.15885242,-4.5005501,4.064668832,0.575621865,7.04e-05,307.8969294,-0.897661142,136.4882531,0.061160266,0.812890891,IGNEOUS,0.5458232,SILICSED,0.4315536,0.01663484,0.5458232,0.4315536,0.0,0.00515379,0.0,0.0,0.0,18.0,38.0,69.0,0.964764388,47.81037,64.29593,204,640.8181,314.0612,436.8181,4.43,47.75844,0.630714,5,0.514464,0.270336,0.009377,0.4338,0.0321,0.1804,0.2566,0.0659,0.0301,0.0011,0.0,0.0,0.0,0.0,0.0003,0.0013,0.0,5e-05,0.0,0.0,0.04675,0.53532,0.0,0.0,0.03365,0.0,0.0,5e-05,2e-05,0.0,0.0,0.00399,0.24204,6e-05,0.13595,0.0005,0.38204,0.081027,0.0,26.39146,19.80679,0.0,0.0,73.52757,5.666846,0.0,0.0,0.0,72.81184,47.75844,0.0,0.0,0,0.176471,0.027119,1.0,0.685117,0.340423,0.46703,0.403727,3.85266,256.4919,1.0,0.041534,829.2596,0.050097,0.255994,0.380983,118.3828,68.35954,80.51888,2.83052,0.185656,0.121786,0.162105,0.181966,0.163672,0.144908,0.173208,0.266654,0.369764,0.460795,0.349344,0.257034
407214,1950-01-01,2022-02-28,72.1615331964408,0.0,0.0034905338240315666,11.867702945632177,125,1.5401048430728204,Creswick Creek at Clunes (407214),Murray-Darling Basin,LODDON RIVER,No notes,-37.296944,143.789444,-37.4099249,143.8445617,54,305.7,VIC,,1400,2300,2300,Not nested,,0,19500101,20220228,0.0,29.0,30.51377928,27.38814023,26.54720281,0.02655841,3.264446081,1.847836,2.933779,1.587683,-0.288745,0.0,18.930832,1.223707,jja,251.10769,5.230294,djf,0.246379723,0.361912738,73.26957409,0.0,3.905104946,0.205175375,14.92272601,0.641971711,0.00084789,0.90724239,0.853044528,0.233903707,0.647038737,0.003490534,1,19.265625,53.79810726,3.066666667,158.3472222,60.77777778,0.648375832,0.586746022,0.115262701,-6.476407954,0.476536901,0.231094037,3.753494467,0.497515263,0.082755839,-10.30143931,-6.175914731,3.25962084,0.480350503,0.000329955,340.9663614,-0.929224068,206.6618368,0.109462275,0.756021556,IGNEOUS,0.5937984,SILICSED,0.3400411,0.0507277,0.5937984,0.3400411,0.0,0.01495406,0.0,0.0,0.0,20.0,60.0,58.0,0.966584246,64.94798,56.67673,308,730.8079,456.779,422.8079,4.99,41.48754,0.779827,4,0.474073,0.371293,0.010506,0.4581,0.0552,0.1712,0.1989,0.0759,0.0402,0.0005,0.0,0.0,0.0,0.65,0.0002,0.0,0.0,0.0,0.0,0.0,0.02782,0.67402,0.0,0.00163,0.00502,0.0,2e-05,5e-05,0.00019,0.0,0.0,0.18863,0.08885,5e-05,0.00773,0.0059,0.28526,0.717315,0.0,23.42968,12.65551,0.0,0.0,75.53996,4.776648,0.0,0.0,0.0,74.47045,41.48754,0.0,0.0,0,0.417857,0.181443,0.0,0.635615,0.365534,0.104699,0.235117,16.71128,575.571,1.0,0.242651,822.5809,0.037079,0.255373,0.425607,123.4037,79.70379,70.44789,3.519883,0.291183,0.201161,0.245302,0.2512,0.193699,0.155156,0.185722,0.284108,0.385184,0.499503,0.444108,0.388319
407215,1975-07-12,2014-12-31,39.474332648870636,0.004993757802746567,0.11863934197685766,8.501089502936223,125,1.466075155549484,Loddon River at Newstead (407215),Murray-Darling Basin,LODDON RIVER,No notes,-37.108889,144.058889,-37.17347971,144.1840065,55,1027.5,VIC,,1400,2300,2300,Not nested,,2,19750712,20141231,0.004993758,,,,,,,1.908475,3.052784,1.599593,-0.353386,0.0,20.324127,1.228137,jja,260.060733,5.708564,djf,0.179392973,0.304088228,72.86926813,0.0,4.259721946,0.19850253,16.74325368,0.714981155,0.0,0.81955718,0.708027005,0.143036386,0.566429667,0.118639342,1,9.039647577,42.10362694,63.03703704,150.4324324,55.56756757,0.619388155,0.46999678,0.166315803,-5.818704962,0.538695697,0.212231233,3.72468063,0.441743725,0.070354536,-8.329827512,-5.5381059,2.727142766,0.688981813,0.000246002,364.6439247,-0.904345799,188.6926547,0.104001156,0.676478407,SILICSED,0.7033515,IGNEOUS,0.14868,0.1438493,0.14868,0.7033515,0.0,0.00412019,0.0,0.0,0.0,18.0,38.0,69.0,0.948084535,75.05165,81.18321,215,852.5148,416.1818,637.5148,7.46,61.26821,0.740053,5,0.590572,0.321846,0.010502,0.5466,0.1037,0.196,0.1187,0.0234,0.0115,0.0001,0.0,0.0,0.0,0.45,0.0004,0.0008,0.0,0.0,0.0,0.0,0.00858,0.30524,0.0,0.0001,0.01197,0.0,5e-05,7e-05,0.00028,2e-05,0.0,0.16747,0.43455,0.00023,0.05952,0.0108,0.66177,0.0,0.0,65.87569,41.12163,0.0,0.0,34.12442,7.440389,0.0,0.0,0.0,39.96635,61.26821,0.0,0.0,0,0.55,0.230769,0.0,0.509197,0.245336,0.13164,0.188488,18.05292,1283.32,1.0,0.119075,958.0434,0.051921,0.272621,0.404764,127.8525,74.91334,74.9908,4.185051,0.335462,0.22192,0.304797,0.335796,0.257046,0.202497,0.238876,0.360164,0.472995,0.570332,0.474512,0.417604
407217,1950-03-01,2020-02-29,70.00136892539356,0.0028551314142678348,0.2452637772112179,10.231321727386872,125,1.4421933049661781,Loddon River at Vaughan D/S Fryers Creek (407217),Murray-Darling Basin,LODDON RIVER,No notes,-37.15795783,144.2084168,-37.26503828,144.2373118,55,294.7,VIC,,1400,2300,2300,Level 1,407215,0,19500301,20200229,0.002855131,,,,,,,2.164248,2.977506,1.375769,-0.385724,5.3e-05,20.324127,1.234844,jja,251.844787,5.346756,djf,0.357419543,0.333378146,72.89083814,0.0,3.439700293,0.320482686,12.69161811,1.215207242,0.0,1.38708856,0.727367371,0.186781722,0.567091587,0.245263777,1,11.23113208,43.81212121,58.99056604,150.761194,56.02985075,0.635505104,0.504901735,0.155517311,-7.802282718,0.499044019,0.213329183,3.923197851,0.497460938,0.102560143,-6.458776808,-5.706329795,2.613969262,0.556530154,0.001004448,403.9939534,-0.934602404,212.0833687,0.145911189,0.702894302,SILICSED,0.7987662,IGNEOUS,0.1412751,0.05995861,0.1412751,0.7987662,0.0,0.0,0.0,0.0,0.0,18.0,38.0,69.0,0.976945997,121.909,102.1952,266,852.5148,515.3157,586.5148,8.6,43.96578,0.754838,4,0.440526,0.434169,0.013555,0.5929,0.1357,0.1873,0.0729,0.0112,0.0,0.0,0.0,0.0,0.0,1.0,0.0,0.0002,0.0,0.0,0.0,0.0,0.00182,0.18311,0.0,0.0,0.00111,0.0,0.0,0.0,0.00023,0.0,0.0,0.29688,0.48781,0.0,0.02815,0.0007,0.81284,0.0,0.0,75.14516,57.72537,0.0,0.0,24.85489,9.789751,0.0,0.0,0.0,8.371771,43.96578,0.0,0.0,0,0.355556,0.222222,0.0,0.559896,0.205247,0.018298,0.111772,6.198887,175.5727,1.0,0.065338,1273.41,0.043146,0.269149,0.424326,133.5643,83.09892,69.46896,5.349011,0.454649,0.299197,0.414739,0.449855,0.329378,0.248583,0.2898,0.435306,0.567507,0.689292,0.615502,0.563006
407220,1973-02-07,2014-12-09,41.83709787816564,0.005497022446174988,0.251628610910048,10.265883542676471,125,0.7936407620818622,Bet Bet Creek at Norwood (407220),Murray-Darling Basin,LODDON RIVER,No notes,-36.993611,143.644167,-37.1897473,143.5548336,54,351.0,VIC,,1400,2300,2300,Level 1,407211,0,19730207,20141209,0.005497022,,,,,,,1.562667,3.062467,1.959769,-0.318311,0.0,19.84771,1.249576,jja,269.795819,6.146631,djf,0.05468391,0.147009081,54.14683761,0.0,6.832431794,0.130087162,18.13858782,0.789986175,0.0,0.37545299,0.665894726,0.140093439,0.711456208,0.251628611,1,8.550200803,39.75,93.26829268,160.1351351,57.51351351,0.320859825,0.040647188,0.267668391,-6.460173186,0.946701217,0.271357146,2.226638212,0.442729488,0.071985262,-10.2063257,-5.502587132,3.474961535,0.524747814,8.28e-05,297.0581012,-0.880857457,135.7527632,0.084277183,0.854148879,SILICSED,0.4923529,IGNEOUS,0.3579075,0.1497398,0.3579075,0.4923529,0.0,0.0,0.0,0.0,0.0,18.0,38.0,69.0,0.948365042,42.67524,65.07368,198,615.7206,311.7336,417.7206,4.61,56.70342,0.714816,4,0.378302,0.277055,0.007415,0.4391,0.0396,0.18,0.2292,0.0633,0.0327,0.0161,0.0,0.0,0.0,0.1,0.0006,0.0,0.0,0.0,0.0,0.0,0.14704,0.61236,0.0,0.0,0.06462,0.0,0.0,0.00025,4e-05,0.0,0.0,0.00171,0.09737,2e-05,0.07595,0.0,0.17505,0.229604,0.0,31.90751,12.02047,0.038273,0.0,67.82462,2.207575,0.0,0.0,0.0,85.58868,56.70342,0.0,0.0,0,0.208333,0.088889,0.0,0.704861,0.365759,0.015997,0.190878,1.998606,3.744722,0.812111,0.0,785.712,0.05088,0.261825,0.383739,117.806,67.8433,80.24266,2.709696,0.185108,0.116,0.163272,0.174217,0.15744,0.139176,0.170221,0.257833,0.35459,0.4351,0.321899,0.241384
407221,1954-06-17,2020-02-29,65.7056810403833,0.010333763906829451,0.0575554713485748,11.05539464910495,125,1.2487542692364137,Larni Barramal Yaluk at Yandoit (407221),Murray-Darling Basin,LODDON RIVER,No notes,-37.2064268,144.100373,-37.32552821,144.1269578,55,167.5,VIC,,1400,2300,2300,Level 1,407215,0,19540617,20200229,0.010333764,,,,,,,2.189766,2.9505,1.347404,-0.376465,4.3e-05,19.901644,1.224558,jja,248.545825,5.190539,djf,0.369578346,0.344202615,88.9035821,0.0,3.366777303,0.367658833,11.39717712,1.532211757,0.0,1.5090806,0.760176886,0.143699213,0.533998568,0.057555471,1,7.21564482,29.08944954,18.47297297,145.442623,62.60655738,0.606864888,0.559711943,0.125133655,-5.963547997,0.539955984,0.21996222,3.059535662,0.514121734,0.119535137,-7.786906998,-5.619251757,2.803023715,0.548972308,0.001051525,391.0257941,-0.919050692,241.3820947,0.166777311,0.716735005,SILICSED,0.7838847,IGNEOUS,0.1967985,0.01931684,0.1967985,0.7838847,0.0,0.0,0.0,0.0,0.0,19.88235,40.82353,66.52941,0.998971771,135.4051,107.2593,276,809.9993,515.9632,533.9993,8.49,36.03217,0.761607,3,0.413165,0.489443,0.015983,0.5923,0.129,0.186,0.0876,0.0051,0.0,0.0,0.0,0.0,0.0,1.0,0.0,0.0,0.0,0.0,0.0,0.0,0.00662,0.19492,0.0,0.0003,0.00291,0.0,0.00035,0.0,0.00022,0.00011,0.0,0.44805,0.30791,0.0,0.01814,0.0205,0.7741,0.0,0.0,70.53143,48.59039,0.0,0.0,29.46861,9.699595,0.0,0.0,0.0,21.98288,36.03217,0.0,0.0,0,0.151899,0.031068,0.0,0.40194,0.22341,0.008405,0.115907,20.87004,692.022,1.0,0.111209,1169.898,0.039253,0.264869,0.431187,131.8245,84.84283,68.68089,5.841893,0.474345,0.316844,0.430793,0.500097,0.367862,0.27686,0.325945,0.491946,0.638242,0.758661,0.662613,0.606506
407230,1973-12-19,2022-02-28,48.19712525667351,0.0,0.37383549193365145,5.341633743539396,125,1.3937203723919747,Joyces Creek at Strathlea (407230),Murray-Darling Basin,LODDON RIVER,No notes,-37.162222,143.960833,-37.27356896,144.013916,55,150.8,VIC,,1400,2300,2300,Not nested,,0,19731219,20220228,0.0,13.0,19.45523545,21.27132211,17.36174703,0.011361054,2.855196058,1.83055,3.010342,1.644501,-0.328664,0.0,20.144347,1.222586,jja,260.483216,5.664191,djf,0.098319071,0.179479228,84.51730504,0.0,5.883146596,0.150938146,20.11815135,0.788528439,0.0,0.55575597,0.796046531,0.205748693,0.686662122,0.373835492,1,12.84397163,48.54618474,78.3452381,151.3333333,49.04166667,0.533390142,0.397175573,0.174406049,,0.777529137,0.279443644,2.728782391,0.520986745,0.064859589,-8.343738868,-5.417443918,3.271125795,0.494774207,0.000215595,351.1862913,-0.879889659,136.4112305,0.083248251,0.779110535,SILICSED,0.5078105,IGNEOUS,0.3992085,0.09298125,0.3992085,0.5078105,0.0,0.0,0.0,0.0,0.0,33.0,62.0,53.0,1.144528518,60.73849,79.87228,240,699.9321,399.4686,459.9321,6.42,35.66177,0.687335,3,0.396425,0.351228,0.012987,0.5305,0.0786,0.1966,0.1522,0.0312,0.0109,0.0,0.0,0.0,0.0,0.44,0.0,0.0,0.0,0.0,0.0,0.0,0.05805,0.57685,0.0,0.0,0.02428,0.0,0.0,0.00097,9e-05,0.0,0.0,0.1262,0.17811,0.0,0.03547,0.0,0.33978,0.577663,0.009792,35.29134,19.40146,0.0,0.0,64.03297,4.61078,0.0,0.0,0.0,66.88819,35.66177,0.0,0.0,0,0.1,0.019753,0.0,0.668326,0.307526,0.0,0.153763,2.78824,4.743315,1.0,0.0,878.0092,0.039221,0.24396,0.401259,119.2999,78.1704,75.59577,3.832348,0.28794,0.195032,0.253826,0.285679,0.226779,0.17844,0.216554,0.33304,0.449485,0.564132,0.467983,0.38001
407239,1970-05-23,2020-02-29,49.7741273100616,0.22365236523652365,0.29814368711917244,11.131706710937124,125,1.1436136817274165,Middle Creek at Rodborough (407239),Murray-Darling Basin,LODDON RIVER,No notes,-37.13826309,143.9133979,-37.25446514,143.9300196,54,147.3,VIC,,1400,2300,2300,Not nested,,0,19700523,20200229,0.223652365,,,,,,,1.705683,3.034226,1.778892,-0.310122,0.0,20.225248,1.227496,jja,265.256374,5.849158,djf,0.064487234,0.169121288,46.3666395,0.0,5.924457654,0.125458098,13.17117842,0.552452064,0.0,0.38104549,1.207776053,0.186977469,0.732747626,0.298143687,1,17.36184211,52.23232323,59.26760563,157.5172414,48.31034483,0.486058871,0.07963413,0.218913398,-11.29029113,0.842369995,0.19143931,4.218655421,0.433774834,0.064927152,-10.39677976,-4.540810294,2.428905112,0.414495982,7.15e-05,333.7794853,-0.912497812,154.8960144,0.073475479,0.88365742,IGNEOUS,0.9614041,UNCONSOLDTED,0.03033965,0.03033965,0.9614041,0.00825595,0.0,0.0,0.0,0.0,0.0,33.0,62.0,53.0,1.238051901,49.15544,81.39084,243,675.431,346.3117,432.431,3.91,48.09429,0.575504,3,0.306986,0.289308,0.009629,0.4107,0.0247,0.1475,0.2469,0.1106,0.044,0.0156,0.0,0.0,0.0,0.42,0.0,0.0,0.0,0.0,0.0,0.0,0.3122,0.63588,0.0,0.00158,0.03602,0.0,0.0,8e-05,0.0,0.0,0.0,0.0,0.0,0.0,0.01423,0.0,0.01423,0.116659,0.0,2.64712,0.242291,0.0,0.0,96.53464,0.098776,0.0,0.0,0.0,99.65894,48.09429,0.0,0.0,0,0.078037,0.020422,0.0,0.752042,0.389772,0.064888,0.22733,1.811305,4.743315,1.0,0.0,713.7671,0.037389,0.230394,0.383227,112.813,76.90095,79.4068,2.827701,0.184009,0.123097,0.147791,0.16035,0.143891,0.128342,0.16424,0.264501,0.375816,0.493795,0.38669,0.261181
407246,1973-02-06,2020-02-29,47.063655030800824,0.0030250145433391505,0.6307036993814914,11.064261571864144,125,1.179118853829255,Bullock Creek at Marong (407246),Murray-Darling Basin,LODDON RIVER,No notes,-36.72893939,144.1360524,-36.85165056,144.192984,55,186.3,VIC,,1400,2300,2300,Not nested,,0,19730206,20200229,0.003025015,,,,,,,1.563223,3.217932,2.058524,-0.325629,0.0,20.764588,1.262295,jja,278.290423,6.542477,djf,0.092178374,0.248981825,38.43215243,0.0,5.011618517,0.109756302,14.03783955,0.302562392,0.0,0.49034353,0.651196854,0.369296301,0.749854125,0.630703699,1,61.44660194,87.42176871,109.1818182,169.6153846,44.66666667,0.58684,0.443156732,0.187383119,,0.651847841,0.296926592,2.923216254,0.527150702,0.051526415,-6.765761066,-9.740783579,3.067393749,0.500682069,0.0,313.6345023,-0.908246749,167.0326431,0.069117692,0.745488076,IGNEOUS,0.5360421,SILICSED,0.3769799,0.0869781,0.5360421,0.3769799,0.0,0.0,0.0,0.0,0.0,18.0,53.48077,69.0,0.871459307,30.0,61.42306,190,563.1337,290.2463,373.1337,5.79,38.59343,0.885872,3,0.402024,0.290952,0.009972,0.474,0.0536,0.1906,0.198,0.0332,0.0499,0.0007,0.0,0.0,0.0,0.32,0.0,0.0,0.0,0.0,0.0,0.0,0.03126,0.50288,0.0,0.0,0.07125,0.0,0.0,0.00156,0.00044,0.0,0.0,0.0,0.17472,0.00025,0.21768,0.0,0.39265,0.0,0.0,27.81056,18.1002,0.0,0.0,72.18947,5.716671,0.0,0.0,0.0,75.75764,38.59343,0.0,0.0,0,0.319048,0.134,0.0,0.522813,0.359714,0.957187,0.658451,10.87972,183.1688,1.0,0.466721,672.2641,0.069018,0.274399,0.363552,119.5469,61.63258,85.12272,2.6659,0.157363,0.102002,0.15345,0.182129,0.16465,0.151439,0.189158,0.295606,0.386568,0.431636,0.267439,0.191737
407253,1973-11-29,2022-02-28,48.251882272416154,0.03563322741715842,0.09849376323840904,4.552709848583798,125,1.6672447722847212,Piccaninny Creek at Minto (407253),Murray-Darling Basin,LODDON RIVER,No notes,-36.452222,144.468889,-36.63660019,144.4014448,55,679.5,VIC,,1400,2300,2300,Not nested,,0,19731129,20220228,0.035633227,19.0,27.12026183,9.381216705,21.95803281,0.022696323,5.564200833,1.321564,3.317977,2.510643,-0.268937,0.0,20.728632,1.292601,jja,288.483948,7.274025,djf,0.037935872,0.18341525,48.81072318,0.0,5.877488814,0.095837462,24.96284076,0.317288427,0.0,0.27897219,0.861274608,0.070134149,0.46528595,0.098493763,2,3.784126984,15.91146881,37.2,150.6590909,86.65909091,0.584889142,0.62311485,0.270453791,-2.936322211,0.651665415,0.304455291,2.118702038,0.463967056,0.039615872,-6.256752162,-5.126123028,2.368437349,0.838245395,0.0,255.7301638,-0.814444272,119.5476454,0.072450004,0.546802893,SILICSED,0.6262652,UNCONSOLDTED,0.3499179,0.3499179,0.00119692,0.6262652,0.0,0.02261934,0.0,0.0,0.0,32.27616,61.95639,46.05523,0.859204391,30.0,75.05657,124,439.2097,176.6785,315.2097,1.92,81.98096,0.833964,4,0.354747,0.192229,0.003964,0.2397,0.0091,0.0857,0.1763,0.0775,0.0961,0.1307,0.1849,0.0,0.0,0.09,0.0015,0.0017,0.0,0.00317,0.00038,0.0,0.17968,0.22577,0.0,0.00018,0.05579,0.0,0.00065,0.00545,0.00324,0.00054,0.0,0.0,0.15972,0.0111,0.28598,0.0652,0.4568,0.141567,0.01404,34.48875,22.89373,0.23625,0.077207,65.06327,10.71968,0.0,0.0,0.0,64.80467,81.98096,0.0,0.0,0,0.067725,0.04321,0.0,0.67244,0.406175,0.797805,0.60199,100.7511,2558.578,0.651482,0.186511,557.6085,0.069123,0.248522,0.316001,109.7876,56.15715,93.36436,2.472457,0.14191,0.089853,0.145449,0.169864,0.156726,0.140503,0.18019,0.282235,0.376094,0.399434,0.223655,0.173995
408200,1964-12-29,2022-02-28,57.16906228610541,0.015133374838369809,0.2261123267687819,7.297339554638979,125,2.6967530506244355,Avoca River at Coonooer (408200),Murray-Darling Basin,AVOCA RIVER,No notes,-36.438056,143.298333,-36.8043129,143.4336251,54,2677.9,VIC,,1400,2300,2300,Not nested,,1,19641229,20220228,0.015133375,33.0,33.64749949,60.09132643,27.48559165,0.028734256,6.546384865,1.382116,3.192229,2.309668,-0.341084,0.0,20.764588,1.25817,jja,283.531009,7.028075,djf,0.03085076,0.14424129,76.64892162,0.0,6.970565106,0.080090343,23.02891792,0.311670922,0.0,0.22872012,0.635573088,0.150790177,0.767712132,0.226112327,1,14.42325581,68.05172414,91.17647059,165.6078431,56.35294118,0.74211786,0.660271394,0.182817846,-5.52246757,0.58978058,0.195061709,1.654320166,0.405827506,0.034222306,-10.5433841,-6.074989924,3.330722851,0.704837952,0.0,276.0707729,-0.893064919,160.452454,0.058650507,0.583495485,SILICSED,0.484471,UNCONSOLDTED,0.3777058,0.3777058,0.07710795,0.484471,0.0,0.06053417,0.0,0.0,0.0,41.67742,62.0,37.32258,0.913922384,34.4098,65.09233,152,783.6312,253.0709,631.6312,4.82,132.4187,0.877921,5,0.44199,0.175969,0.004862,0.3751,0.0263,0.13,0.1957,0.0813,0.0876,0.069,0.035,0.0,0.0,0.27,0.0006,0.0002,0.0,0.0,0.0,0.0,0.24845,0.32193,0.0,5e-05,0.09059,0.0,1e-05,0.00864,0.0007,0.00012,0.0002,0.00963,0.11341,0.00136,0.20262,0.0015,0.32702,0.051896,0.0,33.04187,16.61876,0.267709,0.0,66.497,4.38079,0.0,0.0,0.000577,78.59624,132.4187,0.1,0.0,0,0.298611,0.050239,0.0,0.786483,0.338437,0.066477,0.202457,1.973742,510.4575,0.153215,0.006118,675.0946,0.062368,0.26063,0.349827,115.0405,59.34039,88.00256,2.589721,0.161925,0.092867,0.15225,0.172988,0.159818,0.144898,0.185447,0.286905,0.382142,0.410186,0.252725,0.195528
408202,1966-11-03,2022-02-28,55.32375085557837,0.005097243529469986,0.22507958615200954,8.043263439287436,125,0.9835230950802444,Avoca River at Amphitheatre (408202),Murray-Darling Basin,AVOCA RIVER,No notes,-37.181944,143.405556,-37.24944988,143.3954982,54,76.6,VIC,,1400,2300,2300,Level 2,408206,0,19661103,20220228,0.005097244,20.0,22.21257702,39.15281769,17.37788135,0.0,0.0,1.664316,3.007083,1.806798,-0.31236,0.0,19.164546,1.239535,jja,261.480995,5.747678,djf,0.09501484,0.247766749,54.24025065,0.0,5.176972955,0.142790617,16.51855611,0.546450881,0.0,0.49967624,0.541270917,0.103959411,0.569239952,0.225079586,1,5.694822888,27.11848341,37.09016393,149.7115385,64.53846154,0.468543053,0.330879217,0.201868648,-5.045721862,0.754491357,0.259296607,2.885636496,0.507326821,0.069738142,-7.572096235,-4.32913852,3.028445581,0.482523434,0.000134436,312.7489496,-0.841938947,147.6990621,0.087056187,0.80107049,SILICSED,0.5827652,UNCONSOLDTED,0.2232553,0.2232553,0.1939795,0.5827652,0.0,0.0,0.0,0.0,0.0,18.0,38.0,69.0,0.937894951,56.03802,67.8114,275,783.6312,398.3177,508.6312,11.74,17.08288,0.800528,3,0.600032,0.24384,0.029829,0.6188,0.0747,0.1585,0.1201,0.0262,0.0017,0.0,0.0,0.0,0.0,0.73,0.0,0.0,0.0,0.0,0.0,0.0,0.027,0.69486,0.0,0.0,0.03657,0.0,0.0,0.0,5e-05,0.0,0.0,0.14521,0.07155,5e-05,0.02471,0.0,0.24152,0.0,0.0,70.88297,15.07234,0.0,0.0,29.11702,1.966349,0.0,0.0,0.0,80.44678,17.08288,0.0,0.0,0,0.4,0.136585,1.0,0.629344,0.340512,0.004859,0.172685,1.11058,1.402343,0.453969,0.0,768.4022,0.050718,0.280783,0.414336,123.8376,71.41872,74.08502,3.688707,0.309973,0.183258,0.290648,0.298606,0.231598,0.183366,0.21566,0.315653,0.409519,0.482181,0.406478,0.369609
408206,1987-03-26,2022-02-28,34.93223819301848,0.0008621365310761031,0.37213680577345465,6.087080887147181,125,1.4787882666468515,Avoca River at Archdale Junction (408206),Murray-Darling Basin,AVOCA RIVER,No notes,-36.885,143.5,-37.08740082,143.3964094,54,667.5,VIC,,1400,2300,2300,Level 1,408200,1,19870326,20220228,0.000862137,13.0,55.22254392,14.87633127,48.06137761,0.007837605,1.918574169,1.559298,3.085085,1.97851,-0.340844,0.0,20.252215,1.255153,jja,273.795923,6.508333,djf,0.039268676,0.187766639,60.75763502,0.0,7.153682019,0.083203951,18.03470103,0.354280429,0.0,0.23920533,0.681904427,0.151474741,0.693206778,0.372136806,1,14.51879699,60.11564626,121.6410256,165.15625,54.3125,0.573629511,0.629739943,0.210408638,,0.752898898,0.190178199,1.651796083,0.442139235,0.036695362,-9.461089353,-3.900108053,4.091408194,0.639641967,0.0,301.994582,-0.87281823,195.0781927,0.055661314,0.6592615,SILICSED,0.5579947,UNCONSOLDTED,0.3966619,0.3966619,0.03348861,0.5579947,0.0,0.01175296,0.0,0.0,0.0,18.0,38.0,69.0,0.924263043,47.45638,65.23692,199,783.6312,327.3175,584.6312,8.4,61.60152,0.849048,5,0.477672,0.228515,0.009602,0.466,0.0468,0.125,0.1379,0.0604,0.0745,0.0713,0.0181,0.0,0.0,0.0,0.0007,0.0,0.0,0.0,0.0,0.0,0.09221,0.50409,0.0,0.0,0.06022,0.0,0.0,0.00347,0.00035,0.0,0.0,0.03827,0.20172,0.00027,0.09694,0.0018,0.3372,0.0,0.0,45.23567,20.6588,0.088236,0.0,54.54438,2.633491,0.0,0.0,0.0,76.19861,61.60152,0.0,0.0,0,0.075862,0.0,0.0,0.730699,0.331836,0.017806,0.174821,2.39968,213.9587,0.381634,0.009609,810.154,0.057694,0.27685,0.387335,121.3689,65.63506,80.20458,3.283866,0.259143,0.14315,0.23503,0.252592,0.210438,0.173402,0.207525,0.306185,0.402094,0.463525,0.338462,0.301077
410024,1950-01-01,2022-02-28,72.1615331964408,0.000303524680350571,0.0,32.36633797027093,125,1.6653169646894652,Goodradigbee River at Wee Jasper (Kashmir) (410024),Murray-Darling Basin,MURRUMBIDGEE RIVER,No notes,-35.1672,148.6855,-35.39982723,148.6816803,55,989.3,NSW,,1400,2300,2300,Not nested,,1,19500101,20220228,0.000303525,32.0,51.72374309,12.9696243,40.90972437,0.015176234,0.744512486,3.15795,3.20118,1.013689,-0.22669,0.007183,20.674698,1.286353,jja,243.37715,5.032528,mam,0.797684573,0.573096941,162.6679392,0.12671848,1.6721617,0.821855874,8.898603423,1.888634292,0.07440672,2.93347625,0.41049866,0.033511708,0.211469126,0.0,1,3.120141343,15.26575342,0.0,163.9857143,96.81428571,0.809687096,0.689015906,0.059453127,-3.137908456,0.241794762,0.15113372,1.560143115,0.49660049,0.146547986,-4.486748285,-3.381634551,2.145575047,0.781827232,0.0442731,454.1089729,-0.879558554,334.9880565,0.256263699,0.57186401,IGNEOUS,0.8113873,SILICSED,0.1447246,0.00258901,0.8113873,0.1447246,0.02078087,0.0,0.0,0.02051782,0.0,18.0,62.0,69.0,1.260883618,237.0004,158.3265,398,1887.206,1034.24,1489.206,24.71,77.80172,0.763114,5,0.456461,0.430134,0.019238,0.8574,0.0756,0.0523,0.0142,0.0005,0.0,0.0,0.0,0.0,0.0,1.0,0.0,0.0,0.0,2e-05,0.0,0.0,0.00315,0.00114,0.0,0.00018,0.00382,0.0,0.0002,0.00545,0.00142,3e-05,0.0,0.28607,0.5877,0.00069,0.11012,0.0,0.98458,3.04284,3.234918,88.52426,74.55857,0.114195,0.122121,7.988633,6.269155,0.207704,0.207704,0.122299,15.59159,77.80172,0.0,0.0,0,0.2,0.166667,1.0,0.279045,0.097174,0.0,0.048587,0.093941,1.162716,0.0248,0.0,2527.118,0.044386,0.26751,0.400039,142.4825,98.53286,78.83418,7.788802,0.766303,0.488768,0.670204,0.61183,0.460853,0.364388,0.423629,0.601676,0.77207,0.934833,0.887042,0.816361
410026,1961-02-16,2022-02-28,61.034907597535934,0.032386847889472034,0.12901580826109127,5.363697537916377,125,1.5812774812525088,Yass River at Yass (410026),Murray-Darling Basin,MURRUMBIDGEE RIVER,No notes,-34.8367,148.9103,-35.01790336,149.1824237,55,1229.1,NSW,,1400,2300,2300,Not nested,,0,19610216,20220228,0.032386848,16.0,18.19705059,78.90224966,13.52966995,0.008971426,2.597066449,1.797175,3.341236,1.85916,-0.026128,8.7e-05,21.699444,1.306277,son,273.616143,6.283856,mam,0.060622729,0.170947907,77.45984806,0.0,5.498909035,0.15810141,23.3040271,0.755830747,0.0,0.54547407,0.686982796,0.129247601,0.619628205,0.129015808,1,6.468677494,31.08372093,15.125,190.6666667,82.05882353,0.559634949,0.533650132,0.237678067,-4.335379091,0.690336796,0.303213215,1.842889005,0.511949686,0.056156153,-9.200373088,-7.459642643,3.146051485,0.645569175,0.001904958,281.6938098,-0.894975638,115.8796971,0.087095677,0.644763954,SILICSED,0.7421348,IGNEOUS,0.20987,0.04799439,0.20987,0.7421348,0.0,0.0,0.0,0.0,0.0,20.4,39.2,55.4,0.829448457,44.40736,76.58179,492,941.6843,651.6811,449.6843,7.04,103.0493,0.786872,5,0.383854,0.374214,0.004497,0.5259,0.091,0.2049,0.1559,0.0157,0.0066,0.0,0.0,0.0,0.0,0.93,0.0001,0.0,0.0,0.00282,1e-05,0.0,0.00799,0.52028,0.0,0.0,0.03045,0.0,0.0,0.00379,0.00052,1e-05,0.0,0.00032,0.19658,0.00431,0.23099,0.0018,0.4322,0.1261,0.0,32.11881,17.14609,0.0,0.0,67.68692,1.071028,0.0,0.0,0.068097,40.56433,103.0493,1.0,0.0,0,0.567273,0.453125,1.0,0.775826,0.3925,1.0,0.69625,7.527564,1206.411,0.988618,0.154062,1187.927,0.070212,0.259517,0.334083,122.8115,68.81447,81.85838,3.275961,0.231694,0.16709,0.215145,0.212049,0.199359,0.174481,0.206578,0.285167,0.38257,0.490936,0.433973,0.281732
410033,1964-03-01,2022-02-28,57.998631074606436,0.0,4.720543806646526e-05,26.874590751721385,125,2.2259665901807417,Murrumbidgee River at Mittagang Crossing (410033),Murray-Darling Basin,MURRUMBIDGEE RIVER,No notes,-36.17,149.09,-35.94141659,148.8140626,55,1894.8,NSW,,1400,2300,2300,Level 1,410761,0,19640301,20220228,0.0,80.0,18.07597182,42.46791296,13.47789565,0.080249245,4.176272228,2.490315,3.047871,1.22389,-0.087063,0.032218,19.631974,1.26903,son,243.008601,4.802629,mam,0.192007971,0.519123685,60.40626862,0.00296395,2.361763317,0.182772864,15.19594439,0.186335747,0.01523013,0.63437612,0.442160598,0.045930891,0.298716012,4.72e-05,1,5.121052632,15.62469136,1.0,177.6551724,97.53448276,0.796827046,0.699861529,0.096959167,-3.554251111,0.248939896,0.131458565,2.502990168,0.451323593,0.036124395,-4.829762346,-3.836716408,2.094500981,0.741193973,0.104802401,413.1420412,-0.871921873,355.6290173,0.073737906,0.489902637,SILICSED,0.4714954,IGNEOUS,0.3705429,0.0319189,0.3705429,0.4714954,0.0,0.00644077,0.05995413,0.0488732,0.0,24.0,22.59375,55.71875,0.941999968,111.5101,141.8057,751,1869.717,1192.374,1118.717,13.72,141.3979,0.753707,5,0.346876,0.398448,0.007963,0.7018,0.1056,0.1217,0.0611,0.0094,0.0004,0.0,0.0,0.0,0.0,1.0,0.0,0.011,0.0,0.00067,0.0,0.0,0.00098,0.22288,0.0,0.00026,0.03106,0.0,0.00025,0.01431,0.00445,0.00021,0.0,0.03668,0.4275,0.00878,0.24077,0.0001,0.71373,22.0793,11.47493,63.30359,40.57569,0.146784,0.166695,14.42244,10.77702,0.0,0.0,0.028195,36.99587,97.66073,0.0,0.0,0,0.133333,0.013208,0.0,0.331846,0.085861,0.509832,0.297846,0.564307,145.0654,0.000828,0.000828,1653.434,0.016791,0.169913,0.343735,157.1384,103.3816,78.75177,5.141889,0.540658,0.380629,0.442342,0.385775,0.292119,0.23505,0.268265,0.366351,0.468152,0.585918,0.59754,0.580687
410038,1967-06-02,2022-02-28,54.7460643394935,0.01790358071614323,0.00030553009471432935,26.476647757451854,125,1.701796465054172,Adjungbilly Creek at Darbalara (410038),Murray-Darling Basin,MURRUMBIDGEE RIVER,No notes,-35.0192,148.2457,-35.14324596,148.4378878,55,389.2,NSW,,1400,2300,2300,Not nested,,0,19670602,20220228,0.017903581,79.0,33.03427686,9.194197248,25.6793978,0.020004001,0.867772121,2.896652,3.385492,1.16876,-0.282653,9.6e-05,21.7354,1.275989,jja,253.453818,5.464341,djf,0.424980244,0.474886655,71.62880877,0.000444,1.971162955,0.527108556,7.314752783,1.079556035,0.03329993,1.92651177,0.418226951,0.044454629,0.236174763,0.00030553,1,2.530434783,17.77011494,6.0,152.92,90.38,0.716876816,0.564795291,0.106360135,-2.949837925,0.388174244,0.261850946,1.18907648,0.43358396,0.10958795,-4.978884345,-3.879992009,2.233143436,0.688208877,0.001773557,464.5276876,-0.821366536,405.1549478,0.182074747,0.601884402,IGNEOUS,0.951841,METAMORPH,0.04726279,0.00089586,0.951841,0.0,0.0,0.0,0.04726279,0.0,0.0,20.375,59.04167,64.33333,1.090971677,142.1323,117.3596,254,1212.301,697.2361,958.301,12.65,59.8813,0.912569,4,0.373539,0.471861,0.016286,0.6926,0.1227,0.1445,0.0399,0.0003,0.0,0.0,0.0,0.0,0.0,1.0,0.0,0.0,0.0,0.0,0.0,0.0,0.00489,0.34807,0.0,0.0,0.00775,0.0,0.00032,0.00504,0.00158,6e-05,0.0003,0.42801,0.16359,0.00074,0.03965,0.0,0.63199,0.0,0.0,74.2131,6.302625,0.0,0.0,25.78691,2.33968,0.0,0.0,0.0,91.3577,59.8813,0.0,0.0,0,0.207407,0.0,0.0,0.71644,0.353269,0.056457,0.204863,0.209235,3.466461,0.000804,0.0,2294.779,0.070257,0.30168,0.390334,125.541,83.39651,80.77875,6.018289,0.529748,0.323218,0.467807,0.463459,0.367466,0.295859,0.346363,0.491907,0.647327,0.804496,0.705809,0.585199
410044,1950-12-02,2022-02-28,71.24435318275154,0.0777419106909538,0.024334347264469352,17.30855933648069,125,1.6119365869404836,Muttama Creek at Coolac (410044),Murray-Darling Basin,MURRUMBIDGEE RIVER,No notes,-34.9319,148.1616,-34.75309859,148.0568998,55,1062.5,NSW,,1400,2300,2300,Not nested,,0,19501202,20220228,0.077741911,40.0,17.00163556,43.26827512,12.25365097,0.007685804,1.188751047,1.782865,3.588972,2.013037,-0.136381,0.0,21.951136,1.290016,jja,276.861172,6.656581,mam,0.059350532,0.251590547,43.07112607,0.0,4.062414231,0.117008011,13.90939783,0.225943371,0.00024395,0.50651345,0.786083231,0.153006375,0.616692362,0.024334347,1,9.18,32.52747253,9.573770492,169.5227273,90.79545455,0.675974509,0.73042235,0.153870359,-4.627469005,0.498780723,0.249810579,2.504962361,0.473875842,0.036072695,-9.027585196,-6.748022267,2.582055843,0.597924842,0.000190467,321.0481364,-0.8891784,164.9796135,0.064450835,0.559693219,IGNEOUS,0.4201389,METAMORPH,0.2026535,0.1241249,0.4201389,0.1034717,0.0,0.0,0.2026535,0.1496114,0.0,21.375,58.78571,62.57143,0.888071759,91.00745,90.03223,240,733.8663,403.6908,493.8663,9.34,65.74671,0.803111,5,0.563411,0.345974,0.007678,0.5745,0.094,0.1781,0.1142,0.0309,0.0083,0.0,0.0,0.0,0.0,1.0,0.0002,0.0,0.0,0.0,0.0,0.0,0.09336,0.78708,0.0,0.0004,0.00933,0.0,0.0,0.00022,0.00018,0.0,0.0001,4e-05,0.05388,0.00015,0.05016,0.0051,0.10423,0.0,0.0,0.0,0.0,0.0,0.0,99.92192,7.822056,0.0,0.0,0.0,0.0,65.74671,0.0,0.0,0,0.195556,0.055072,1.0,0.710478,0.411483,0.089951,0.250717,6.20713,1569.707,0.406369,0.011371,1097.866,0.084071,0.275884,0.346857,105.4127,69.40132,91.72993,3.301467,0.147342,0.096399,0.14453,0.190922,0.200463,0.201313,0.261465,0.375377,0.515176,0.583115,0.389725,0.20538
410047,1961-04-08,2022-02-28,60.8952772073922,0.03583310853340527,0.0302168337607834,19.89936269925224,125,2.0885935475395816,Tarcutta Creek at Old Borambola (410047),Murray-Darling Basin,MURRUMBIDGEE RIVER,No notes,-35.1639,147.6543,-35.45524782,147.7869472,55,1646.0,NSW,,1400,2300,2300,Not nested,,0,19610408,20220228,0.035833109,47.0,6.964686312,12.03133622,5.313444444,0.013487996,0.810066246,2.178446,3.473518,1.594493,-0.258131,5.6e-05,21.501686,1.298588,jja,260.114667,6.143737,djf,0.207054017,0.452388833,49.19913026,0.0,2.513100175,0.247876442,9.557262223,0.388052161,0.00419919,0.9480207,0.479929311,0.061879226,0.307344369,0.030216834,1,4.172955975,19.32844575,24.0,156.4761905,84.76190476,0.779761168,0.739031952,0.129398856,-3.113408024,0.342788012,0.196714992,1.642161498,0.410120624,0.059528858,-5.525321669,-3.672664366,2.458644758,0.712376487,0.000795907,395.0133854,-0.821009385,243.4526571,0.112385504,0.529684491,SILICSED,0.7058136,IGNEOUS,0.1884194,0.1057655,0.1884194,0.7058136,0.0,0.0,0.0,0.0,0.0,18.0,52.0,69.0,1.014515109,101.1212,91.53748,196,1068.39,428.8524,872.39,11.28,114.6652,0.986018,5,0.400103,0.272445,0.007666,0.6336,0.1179,0.1622,0.0666,0.0175,0.0021,0.0001,0.0,0.0,0.0,0.73,0.0,0.0,0.0,0.00149,0.00028,0.0,0.01554,0.51472,0.0,0.0,0.01136,0.0,9e-05,0.00032,0.00023,6e-05,1e-05,0.20273,0.19938,0.00032,0.05337,0.0001,0.4558,0.0,0.0,62.79428,17.09646,0.0,0.0,36.82758,1.467197,0.0,0.0,0.001908,61.70614,114.6652,0.0,0.0,0,0.037037,0.02963,1.0,0.715558,0.321932,0.391511,0.356722,0.74654,101.5389,0.182663,0.001409,1275.154,0.083063,0.300512,0.369414,114.1218,76.3454,84.94406,4.103395,0.276749,0.186055,0.278494,0.294752,0.259637,0.221935,0.265134,0.383175,0.505212,0.605344,0.453889,0.382584
410057,1957-05-25,2022-02-28,64.76659822039699,0.00033818058843422386,0.0,37.277112386673316,125,1.28852602132846,Goobarragandra River at Lacmalac (410057),Murray-Darling Basin,MURRUMBIDGEE RIVER,No notes,-35.33,148.348889,-35.42229063,148.4824104,55,664.7,NSW,,1400,2300,2300,Not nested,,0,19570525,20220228,0.000338181,23.0,7.830926697,11.94434108,5.883764667,0.008454515,0.330452843,3.286183,3.239241,0.985715,-0.290387,0.004178,21.303928,1.274194,jja,244.240094,5.101577,mam,1.085955761,0.661694031,148.3933973,0.11958477,1.271969717,1.07200427,6.393239964,1.859287604,0.13089334,3.33550534,0.363722121,0.012051759,0.133203654,0.0,1,1.862745098,12.20930233,0.0,166.1803279,105.5901639,0.801273091,0.645304536,0.049022362,-2.769785717,0.228774559,0.151797854,1.504360139,0.565669493,0.183691137,-3.580112513,-3.050250924,2.020637882,0.926992989,0.025974026,435.0967061,-0.82590854,318.5234247,0.330834947,0.555234987,IGNEOUS,0.9653415,METAMORPH,0.03446314,0.0,0.9653415,0.00019464,0.0,0.0,0.03446314,0.0,0.0,18.5625,56.25,65.625,1.3963825,252.9518,169.5355,302,1716.206,941.0385,1414.206,24.44,49.56955,0.89184,5,0.58828,0.453208,0.0286,0.8634,0.0839,0.0482,0.0045,0.0,0.0,0.0,0.0,0.0,0.0,1.0,0.0,0.0,0.0,0.0,0.0,0.0,0.00059,0.02084,0.0,0.0,0.00332,0.0,5e-05,0.00038,8e-05,1e-05,0.0,0.52475,0.4391,9e-05,0.01082,0.0,0.97476,0.19301,0.19301,78.42684,63.44828,0.31135,0.308991,21.02632,17.49644,0.04237,0.04237,0.0,18.51084,49.56955,0.0,0.0,0,0.2,0.088889,1.0,0.618171,0.095727,0.413379,0.254553,0.138695,3.466461,9.4e-05,0.0,2616.223,0.047195,0.266369,0.389142,139.385,96.98254,80.60628,8.175532,0.765695,0.487645,0.688507,0.651852,0.48789,0.380602,0.444662,0.636486,0.823916,1.00782,0.933129,0.878906
410061,1950-01-01,2022-02-28,72.1615331964408,0.0001517623401752855,0.0003415170948279133,22.796734799445655,125,1.0252160131814476,Adelong Creek at Batlow Road (410061),Murray-Darling Basin,MURRUMBIDGEE RIVER,No notes,-35.332222,148.069167,-35.44078023,148.0983478,55,146.6,NSW,,1400,2300,2300,Not nested,,0,19500101,20220228,0.000151762,19.0,95.16999901,32.43083186,72.73928834,0.0,0.0,2.848885,3.371733,1.183528,-0.326128,0.000224,22.18485,1.284079,jja,256.330298,5.659059,djf,0.434936707,0.520705061,203.2621883,0.0,2.338483347,0.680692529,11.90771915,2.53378949,0.05775716,2.03918145,0.359631809,0.026714226,0.176526392,0.000341517,1,2.120481928,15.61073826,9.0,154.7714286,103.9428571,0.621581069,0.494557903,0.064815453,-2.392841107,0.40065358,0.189290132,1.00521212,0.505062459,0.133320546,-4.420618554,-3.074265592,2.035952177,0.88832887,0.0038718,461.3800823,-0.757695951,343.6647302,0.235667549,0.565714482,IGNEOUS,0.5635612,METAMORPH,0.4364386,0.0,0.5635612,0.0,0.0,0.0,0.4364386,0.0,0.0,13.875,58.25,75.375,1.110459013,174.0017,120.8227,357,999.6032,639.1489,642.6032,16.83,30.964,0.867075,3,0.442936,0.447746,0.021079,0.7916,0.1241,0.0744,0.0099,0.0,0.0,0.0,0.0,0.0,0.0,1.0,0.0,0.0,0.0,0.0,0.0,0.0,0.00077,0.42278,0.0,0.0,6e-05,0.0,0.0,0.0,0.0,0.0,0.0,0.42731,0.13841,0.0,0.01069,0.0,0.57641,0.0,0.0,73.00655,13.03549,0.0,0.0,26.99343,2.068108,0.0,0.0,0.0,84.89638,30.964,0.0,0.0,0,0.225,0.024242,0.0,0.54817,0.360073,0.061148,0.21061,1.421096,187.0229,0.634988,0.000852,2288.385,0.071323,0.304551,0.388909,131.3587,88.55063,80.21447,6.000597,0.495471,0.306554,0.465065,0.474193,0.374331,0.295194,0.345388,0.494777,0.651872,0.79024,0.674607,0.645278
410062,1964-06-02,2022-02-28,57.74401095140315,0.0007112038310179697,0.025099639400265706,9.118420657593562,125,2.0754859336167364,Numeralla River at Numeralla School (410062),Murray-Darling Basin,MURRUMBIDGEE RIVER,No notes,-36.1793,149.3485,-36.37403833,149.3614679,55,674.1,NSW,,1400,2300,2300,Level 1,410761,0,19640602,20220228,0.000711204,23.0,47.14222835,35.04322009,35.02736018,0.009482718,2.784099641,1.9339,3.004268,1.553476,0.214981,0.002686,18.706107,1.453212,djf,270.299203,6.115518,jja,0.102066169,0.225816243,348.5301915,0.0,7.136565014,0.307047912,21.80421429,4.801652768,0.00012817,0.83068797,0.897375252,0.117147466,0.582653255,0.025099639,1,8.042345277,38.01857585,13.225,178.5263158,87.73684211,0.779107062,0.765718586,0.140660805,-5.429636285,0.512562294,0.205703356,3.124979061,0.429784713,0.072434165,-7.017200124,-7.700544094,2.705664715,0.494879525,0.021435228,222.3084182,-0.886737903,168.1486822,0.159499655,0.454133681,IGNEOUS,0.594295,SILICSED,0.3424953,0.01996695,0.594295,0.3424953,0.0,0.0013231,0.04191914,0.0,0.0,31.8,31.8,38.2,0.786567129,77.80636,104.4194,739,1236.066,1001.066,497.066,12.47,66.09369,0.6927,5,0.4419,0.540533,0.007738,0.6677,0.1195,0.1486,0.0581,0.006,0.0001,0.0,0.0,0.0,0.0,1.0,0.0,0.0,0.0,5e-05,0.0,0.0,0.00197,0.20355,0.0,0.0,0.03947,0.0,0.00055,0.01605,0.00322,6e-05,0.0,0.12232,0.25735,0.00445,0.35099,0.0,0.73511,1.635194,0.109003,40.17625,29.36782,0.232379,0.232379,57.93063,34.79879,0.0,0.0,0.025501,0.419786,66.09369,0.0,0.0,0,0.380645,0.182051,0.0,0.431522,0.189923,0.00414,0.097031,0.43903,149.2541,0.000836,0.000279,1577.254,0.024764,0.202621,0.356885,144.7813,89.93668,61.37774,5.130591,0.520696,0.408921,0.46657,0.393589,0.296692,0.248793,0.286715,0.373099,0.455254,0.530137,0.574243,0.574734
410088,1959-08-01,2022-02-28,62.58179329226557,0.053635488669174905,0.0,20.029992622245405,125,1.1020509080168126,Goodradigbee River at Brindabella (No.2&No.3-Cab (410088),Murray-Darling Basin,MURRUMBIDGEE RIVER,No notes,-35.42,148.73,-35.54404128,148.6981303,55,428.1,NSW,,1400,2300,2300,Level 1,410024,0,19590801,20220228,0.053635489,19.0,6.297261645,5.692580616,5.117194294,0.096246391,3.061772389,3.279214,3.113787,0.949553,-0.215137,0.038367,20.512896,1.269894,jja,238.289377,4.810198,mam,0.968507864,0.608023752,272.9457322,0.39863535,1.689198536,0.982993083,15.54916212,2.757162202,0.1334167,3.17597874,0.373265836,0.018722263,0.154632027,0.0,1,2.647058824,14.23404255,0.0,168.4827586,99.68965517,0.766141837,0.637916724,0.048778025,-3.028088568,0.20777094,0.11247461,1.192771335,0.527550464,0.162642863,-4.083823988,-3.077546576,1.779641463,0.845683891,0.108058517,444.8503319,-0.902625918,339.5472055,0.301520761,0.539408505,IGNEOUS,0.6346067,SILICSED,0.2805838,0.00289774,0.6346067,0.2805838,0.04764883,0.0,0.0,0.0342627,0.0,21.0,39.0,52.0,1.063627989,182.3666,151.0884,665,1887.206,1213.676,1222.206,25.82,42.35316,0.739115,4,0.553749,0.461084,0.029509,0.8721,0.0648,0.0431,0.0189,0.0011,0.0,0.0,0.0,0.0,0.0,1.0,0.0,0.0,0.0,0.0,0.0,0.0,0.00382,0.00155,0.0,0.0,0.00385,0.0,0.0004,0.00573,0.00205,3e-05,0.0,0.08598,0.746,0.00098,0.14965,0.0,0.98261,6.914996,7.304397,84.32928,83.45239,0.225341,0.243514,7.948703,7.077351,0.465308,0.465308,0.116353,1.457021,42.35316,0.0,0.0,0,0.32,0.005882,0.0,0.329664,0.016703,0.0,0.008351,0.03153,0.722079,0.0,0.0,2611.586,0.027784,0.230113,0.403278,154.1398,107.5555,79.41632,8.209127,0.832885,0.547189,0.711033,0.631294,0.467464,0.37031,0.430918,0.612782,0.791916,0.976556,0.944937,0.899368
410091,1981-05-14,2022-02-28,40.79671457905544,0.006979397355882155,0.0,14.56184661094224,125,2.5647452768393837,Billabong Creek at Walbundrie (410091),Murray-Darling Basin,BILLABONG-YANCO CREEKS,No notes,-35.69,146.72,-35.68655745,147.2252969,55,2636.3,NSW,,1400,2300,2300,Not nested,,0,19810514,20220228,0.006979397,46.0,8.065608371,11.27019048,5.919842703,0.0,0.0,1.853874,3.513724,1.895341,-0.239275,4.8e-05,21.663488,1.30836,jja,267.962063,6.525832,djf,0.119207537,0.382875127,40.25361105,0.0012126,3.681733316,0.12131136,13.68101888,0.199483783,0.00140924,0.51021144,0.633920306,0.120497398,0.533418936,0.0,2,10.01685393,57.61313869,0.0,159.6315789,70.86842105,0.793502435,0.736655213,0.094373313,-4.229003526,0.384119703,0.187056568,1.702869385,0.438782569,0.025748047,-8.82305927,-5.011590547,2.911197112,0.610535221,0.000168011,347.8633558,-0.905741224,302.9917124,0.064788125,0.397419232,UNCONSOLDTED,0.5201463,SILICSED,0.2895563,0.5201463,0.1903009,0.2895563,0.0,0.0,0.0,0.0,0.0,20.0,61.88942,60.0,0.987725083,65.82895,81.3896,176,888.6412,310.0183,712.6412,6.13,135.9072,0.816995,5,0.445566,0.204796,0.005354,0.399,0.05,0.1181,0.1339,0.0863,0.1048,0.086,0.0219,0.0,0.0,0.17,0.0001,0.0,0.0,0.00034,0.0,0.0,0.16571,0.68681,0.0,0.00197,0.01008,0.0,8e-05,0.00024,0.0001,1e-05,0.0,0.01706,0.07895,8e-05,0.03711,0.0014,0.1332,0.0,0.0,22.32039,8.893921,0.0,0.0,76.72765,2.054312,0.0,0.0,0.003272,42.7523,135.9072,0.0,0.0,0,0.231454,0.03605,1.0,0.775596,0.338201,0.006259,0.17223,2.013649,430.142,0.086965,0.00449,1069.659,0.081963,0.276349,0.342834,106.6809,70.9406,91.24913,3.317923,0.152716,0.112537,0.163562,0.184775,0.180666,0.183127,0.251604,0.392866,0.5233,0.591756,0.366512,0.224157
410141,1982-06-04,2022-02-28,39.73990417522245,0.00165346193592835,0.022910772203436614,7.324045560322144,125,1.08541425006552,Micaligo Creek at Michelago (410141),Murray-Darling Basin,MURRUMBIDGEE RIVER,No notes,-35.7053,149.1488,-35.73063336,149.2199377,55,190.6,NSW,,1400,2300,2300,Level 1,410761,0,19820604,20220228,0.001653462,6.0,55.08723424,24.14723847,42.41358874,0.048182819,7.551659732,1.820918,3.140682,1.72478,0.192781,0.001447,20.467951,1.305619,djf,275.324053,6.111133,mam,0.04306467,0.286758869,51.25170731,0.0,5.749605455,0.10307778,18.21611555,0.351241807,0.00045319,0.30952602,0.727642259,0.126837347,0.577875923,0.022910772,1,9.37755102,40.06698565,6.916666667,189.0,92.25,0.55866499,0.390780155,0.153788947,-5.270079356,0.599905024,0.164729947,2.147081208,0.609138973,0.02967639,-6.958605408,-6.234016316,2.582442155,0.583678331,0.017380618,255.2384598,-0.868534989,112.0455781,0.055633991,0.533421916,IGNEOUS,0.4896748,SILICSED,0.4835007,0.02682462,0.4896748,0.4835007,0.0,0.0,0.0,0.0,0.0,17.875,47.25,69.0,0.644374391,100.0,110.7233,711,1615.772,913.1263,904.772,17.9,24.70373,0.736746,4,0.631864,0.284822,0.03977,0.7325,0.0903,0.1182,0.0547,0.0043,0.0,0.0,0.0,0.0,0.0,1.0,0.0,0.0,0.0,0.0,0.0,0.0,0.00208,0.12998,0.0,0.0,0.09117,0.0,0.00159,0.03383,0.0078,0.00029,2e-05,0.0009,0.20363,0.00445,0.52252,0.0017,0.7315,0.696894,0.008194,98.08597,56.18302,0.0,0.0,0.241751,0.127081,0.975388,0.975388,0.0,4.517109,24.70373,0.0,0.0,0,0.0,0.045283,1.0,0.571429,0.155672,0.000491,0.078082,0.814484,0.976573,0.0,0.0,1427.817,0.038584,0.203959,0.301849,143.2361,83.91395,68.18266,4.874878,0.508494,0.376525,0.423285,0.369306,0.286295,0.236563,0.273235,0.363318,0.444735,0.525844,0.563501,0.503118
410156,1985-07-12,2022-02-28,36.63518138261465,0.0002989313205291084,0.4967481498093743,7.705214319439447,125,0.4893494871067528,Kyeamba Creek at Book Book (410156),Murray-Darling Basin,MURRUMBIDGEE RIVER,No notes,-35.35,147.55,-35.43748206,147.5756664,55,144.4,NSW,,1400,2300,2300,Not nested,,0,19850712,20220228,0.000298931,19.0,10.17917417,122.7893426,6.685869127,0.059786264,8.571892778,1.916133,3.520482,1.837285,-0.225975,7.3e-05,21.879224,1.314965,jja,269.076699,6.494684,djf,0.142313743,0.260723052,76.36892946,0.0,5.179680448,0.176633711,23.16169899,0.837053318,0.0,0.73390829,1.057301035,0.469686776,0.658742618,0.49674815,1,31.415,33.25283019,40.51829268,173.3714286,61.34285714,0.408094533,0.338077916,0.200206737,,0.752997176,0.401710704,4.204364656,0.523760331,0.064143201,-6.224006494,-6.202242947,3.160154508,0.584400665,0.000239263,338.2484958,-0.815188013,127.6580882,0.090786096,0.70653111,IGNEOUS,0.5096121,SILICSED,0.2803527,0.210035,0.5096121,0.2803527,0.0,0.0,0.0,0.0,0.0,18.0,52.0,69.0,0.885112317,71.17647,76.99612,249,700.7657,366.2341,451.7657,9.04,24.09239,0.973941,4,0.566114,0.270487,0.019034,0.5426,0.0783,0.1803,0.1481,0.046,0.0047,0.0,0.0,0.0,0.0,1.0,0.0,0.0,0.0,0.0,0.0,0.0,0.02116,0.90674,0.0,0.0,0.01059,0.0,0.0,0.00049,0.0,0.0,0.0,0.0,0.02046,0.0,0.04058,0.0,0.06104,0.0,0.0,23.06426,3.639135,0.0,0.0,76.91418,1.649283,0.0,0.0,0.021534,20.04965,24.09239,0.0,0.0,0,0.436364,0.009091,0.0,0.679688,0.41451,0.08261,0.24856,0.445796,0.475007,0.0,0.0,1106.195,0.098952,0.315195,0.362714,113.7315,68.06653,86.91932,3.361538,0.165988,0.122133,0.17963,0.203433,0.204709,0.20301,0.246877,0.36603,0.477115,0.575245,0.361705,0.265534
410705,1950-01-01,2022-02-28,72.1615331964408,0.014986531092309444,0.086164394114475,6.305176784535188,125,1.6116302320988591,Molonglo River at Burbong (410705),Murray-Darling Basin,MURRUMBIDGEE RIVER,No notes,-35.335556,149.316111,-35.46881846,149.4280503,55,498.0,NSW,ACT,1400,2300,2300,Not nested,,0,19500101,20220228,0.014986531,20.0,10.66034798,10.01322689,8.128995399,0.007588117,2.163453107,1.958741,3.169845,1.618308,0.126272,0.000721,20.153336,1.321155,djf,271.809354,6.074327,mam,0.059096536,0.19269653,159.4973494,0.0,6.519349232,0.242180583,21.97307844,2.492798261,0.0,0.66170602,0.992227017,0.104152222,0.57930822,0.086164394,1,5.70464135,29.66469428,21.10377358,187.2647059,82.44117647,0.59945473,0.505500428,0.16638517,-5.15892267,0.677374181,0.274019177,2.141884237,0.433169575,0.069708842,-7.175254332,-6.173267243,2.863718099,0.4907883,0.015928323,274.4817387,-0.863727719,157.9247665,0.118677829,0.587378809,SILICSED,0.661237,IGNEOUS,0.2554225,0.07953151,0.2554225,0.661237,0.0,0.0,0.00380945,0.0,0.0,18.0,44.0,69.0,1.038179613,116.5303,103.8877,694,1301.892,861.5226,607.892,11.19,56.25271,0.672017,5,0.454045,0.312224,0.011382,0.6241,0.1123,0.1365,0.0631,0.0386,0.0254,0.0,0.0,0.0,0.0,1.0,0.0004,0.0,0.0,0.00027,0.0,0.0,0.00064,0.34873,0.0,0.0,0.01747,0.0,0.0,0.00096,0.00039,0.0,0.0,0.05685,0.39498,0.00172,0.17685,0.0007,0.6304,11.89372,0.006139,82.25185,41.13586,0.0,0.0,5.703701,2.67892,0.0,0.0,0.150756,10.44396,56.25271,0.0,0.0,0,0.233333,0.03871,1.0,0.535368,0.283077,0.087589,0.185333,3.461642,148.7236,0.323076,0.075302,1571.378,0.049603,0.246571,0.34157,138.4628,81.13985,71.42664,5.438865,0.544631,0.382588,0.456471,0.424179,0.329065,0.272264,0.315838,0.429416,0.521876,0.6004,0.634664,0.529037
410713,1957-03-31,2022-02-08,64.86242299794661,0.010341479886876873,0.01829736415593278,10.436392234147332,125,1.224012042237821,Paddy's River at Riverlea (410713),Murray-Darling Basin,MURRUMBIDGEE RIVER,No notes,-35.3843,148.9656,-35.47318361,148.9533801,55,226.5,ACT,,1400,2300,2300,Not nested,,0,19570331,20220208,0.01034148,14.0,13.98891971,12.70057642,10.60597265,0.025304711,3.232725947,2.593705,3.200494,1.233947,-0.028641,0.002409,21.339884,1.276344,son,263.58442,5.554651,mam,0.191926994,0.393864859,151.6993906,0.0,3.718030842,0.402510436,20.42183691,2.239650571,0.00763032,1.30361269,0.488160134,0.050925531,0.316770451,0.018297364,1,3.382436261,17.59952607,22.57894737,180.8305085,109.6101695,0.544851794,0.556803781,0.141946194,-3.126655241,0.462859821,0.208516036,1.494990357,0.506482849,0.083357723,-5.147098917,-5.143034471,2.307021481,0.824648804,0.02994771,378.6807406,-0.865154213,209.2189556,0.154220282,0.540510763,IGNEOUS,0.8603107,SILICSED,0.1396891,0.0,0.8603107,0.1396891,0.0,0.0,0.0,0.0,0.0,16.41304,32.43478,68.58695,1.042041148,120.3903,117.2095,591,1487.71,917.8203,896.71,22.25,42.90423,0.752302,3,0.404929,0.426098,0.023145,0.8046,0.0873,0.0858,0.022,0.0003,0.0,0.0,0.0,0.0,0.0,1.0,0.0,0.0002,0.0,0.0,0.0,0.0,0.01219,0.23158,0.0,0.0,0.01188,0.0,0.00221,0.0059,0.00321,0.00032,2e-05,0.08843,0.49812,0.00343,0.14245,0.0,0.73243,0.0,0.563806,67.36588,35.66948,0.0,0.630126,32.63413,21.40346,0.0,0.0,0.0,39.69654,42.90423,0.0,0.0,0,0.14026,0.013333,1.0,0.518307,0.13129,0.0,0.065645,0.11965,0.184327,0.0,0.0,2238.23,0.050317,0.273634,0.397399,136.1861,87.98849,77.12726,6.172882,0.644807,0.417566,0.548658,0.477399,0.364734,0.295334,0.341655,0.473448,0.594587,0.695758,0.69464,0.629198
410730,1963-07-05,2022-02-28,58.65571526351814,0.0015403286034353996,0.0,45.38704024597056,125,1.7773741912876548,Cotter River at Gingera (410730),Murray-Darling Basin,MURRUMBIDGEE RIVER,No notes,-35.591944,148.822222,-35.66547681,148.8354757,55,129.2,ACT,,1400,2300,2300,Not nested,,0,19630705,20220228,0.001540329,15.0,7.649807778,6.514887279,5.82075579,0.009335325,0.354198172,3.098401,3.04412,0.982481,-0.152335,0.068404,20.414017,1.270845,jja,243.520974,4.814466,mam,0.916008508,0.620650514,132.8841362,0.04279879,1.401918406,0.887119336,6.533366553,1.546712395,0.07757276,2.85347368,0.411419594,0.017156748,0.200084148,0.0,1,3.306306306,15.50724638,0.0,179.6551724,107.1896552,0.873271427,0.828383829,0.067744511,-3.130922457,0.185369399,0.113724121,1.719311536,0.545239396,0.147135729,-3.774748562,-4.14977066,1.918504787,0.961992657,0.170222771,418.0541754,-0.875684511,293.2057354,0.288036314,0.510823539,IGNEOUS,0.6253217,SILICSED,0.3746784,0.0,0.6253217,0.3746784,0.0,0.0,0.0,0.0,0.0,32.66666,41.0,39.33333,1.292493184,180.2609,179.8787,968,1912.226,1351.369,944.226,27.45,20.90509,0.75504,3,0.615256,0.397128,0.044502,0.9035,0.0566,0.0345,0.0054,0.0,0.0,0.0,0.0,0.0,0.0,1.0,0.0,0.0004,0.0,0.0,0.0,0.0,0.00629,0.0,0.0,0.0,0.00494,0.003,0.00079,0.01017,0.00768,0.00046,3e-05,0.04975,0.72643,0.00468,0.18534,0.0,0.9662,0.0,2.972072,89.64518,67.8034,0.048281,0.844862,9.654531,28.1501,0.0,0.0,0.652009,0.036245,20.90509,0.0,0.0,0,0.04,0.0,0.0,0.0,0.002723,0.0,0.001362,0.077001,0.722079,0.0,0.0,2812.084,0.017593,0.200866,0.406263,170.2773,116.3984,80.44401,7.784826,0.830518,0.564426,0.683374,0.586962,0.429197,0.344855,0.400246,0.565181,0.727813,0.900793,0.889201,0.866124
410731,1964-11-14,2022-02-28,57.29226557152635,0.013762783140590653,0.01729818780889621,20.17694636894675,125,1.3698184424539235,Gudgenby River at Tennent (410731),Murray-Darling Basin,MURRUMBIDGEE RIVER,No notes,-35.575,149.066111,-35.71914586,148.9907092,55,669.6,ACT,,1400,2300,2300,Not nested,,0,19641114,20220228,0.013762783,17.0,30.56075433,390.1127782,20.95632234,0.004778744,0.863457631,2.386756,3.089416,1.2944,0.016956,0.010697,20.458962,1.28009,son,259.305657,5.31448,mam,0.132332693,0.430383353,92.11548386,0.0,3.396758336,0.233173283,20.53174951,0.627316735,0.00477419,0.75354839,0.506220517,0.046225409,0.329053203,0.017298188,1,3.755905512,21.90645161,16.22727273,180.0961538,108.5961538,0.639380999,0.581385151,0.138623032,-3.537425181,0.404218364,0.210967467,1.881734376,0.419322543,0.051008719,-4.824592287,-5.239236117,2.138581812,0.79661383,0.069694294,359.7832634,-0.855772807,253.3117704,0.09822907,0.51928333,IGNEOUS,0.9026168,SILICSED,0.09425767,0.0,0.9026168,0.09425767,0.0,0.0,0.00312527,0.0,0.0,12.28846,33.44231,77.82692,0.869120804,103.54,109.2346,622,1738.844,1137.094,1116.844,25.21,57.81813,0.645476,4,0.506474,0.467258,0.019536,0.8653,0.0667,0.0498,0.0181,0.0001,0.0,0.0,0.0,0.0,0.0,1.0,0.0,0.0002,0.0,0.0,0.0,0.0,0.00422,0.04045,0.0,0.0,0.00378,0.0,0.00114,0.0083,0.00545,0.00028,0.0,0.01165,0.68984,0.00382,0.23086,0.0,0.93617,0.532551,1.292598,57.3953,58.51982,0.004657,0.174637,42.00696,26.42677,0.0,0.030288,0.060433,0.705097,57.81813,0.0,0.0,0,0.087912,0.015686,0.0,0.466077,0.023912,0.088513,0.056212,0.078365,0.976573,0.0,0.0,2101.849,0.024152,0.197229,0.37248,154.1953,97.05705,77.95738,5.915797,0.632429,0.438319,0.515038,0.451121,0.336689,0.273738,0.316601,0.436355,0.551002,0.660888,0.671212,0.633986
410734,1966-08-04,2022-02-28,55.572895277207394,0.0036456793772785497,0.02333860759493671,20.543263221884246,125,1.9121509411077058,Queanbeyan River at Tinderry (410734),Murray-Darling Basin,MURRUMBIDGEE RIVER,No notes,-35.613889,149.348889,-35.75540121,149.4078147,55,564.4,NSW,,1400,2300,2300,Not nested,,0,19660804,20220228,0.003645679,24.0,15.99980717,13.63072321,12.44383845,0.004926594,1.118213717,2.158892,3.062515,1.418559,0.160464,0.003318,19.551073,1.357678,djf,265.004682,5.721133,mam,0.09239817,0.37500482,169.702061,0.0,4.542340141,0.28999607,21.36209483,1.735175993,0.00367399,0.91436428,0.514928268,0.061313291,0.385581487,0.023338608,1,4.609665428,23.00294985,23.6,181.3703704,123.7037037,0.675172135,0.561175299,0.122221516,-3.482010105,0.445056873,0.204901272,1.214009511,0.455500276,0.061761501,-5.451608474,-4.970754906,2.790606971,0.606406507,0.036883853,287.9287388,-0.834452911,233.7318574,0.130360625,0.4737742,SILICSED,0.6122618,IGNEOUS,0.3877387,0.0,0.3877387,0.6122618,0.0,0.0,0.0,0.0,0.0,18.0,42.0,69.0,0.81469549,95.22205,91.4361,787,1554.879,1087.264,767.879,15.3,54.78289,0.627209,3,0.489215,0.394702,0.014102,0.7437,0.1171,0.1139,0.0252,0.0001,0.0,0.0,0.0,0.0,0.0,0.57,0.0,0.0,0.0,0.0,0.0,0.0,0.00038,0.21507,0.0,0.0,0.00168,0.0,0.00021,0.00052,0.00041,2e-05,0.0,0.08115,0.62088,0.00014,0.0796,0.0,0.78177,0.333626,0.0,98.04813,90.78757,0.0,0.005556,1.445886,4.324827,0.172379,0.166824,0.0,0.241719,54.78289,0.0,0.0,0,0.133333,0.0,0.0,0.05303,0.140923,0.011864,0.076393,0.434374,5.518433,0.003946,0.0,1927.885,0.027609,0.213117,0.367184,152.62,92.96233,67.96263,5.914567,0.631423,0.468264,0.528445,0.447483,0.3368,0.278982,0.3232,0.437872,0.537871,0.634099,0.667489,0.621495
410761,1974-11-14,2022-02-28,47.29363449691992,0.0055574852379298365,0.004657119571544999,13.345171740914681,125,1.8041575275254067,Murrumbidgee River at Lobb Holes (410761),Murray-Darling Basin,MURRUMBIDGEE RIVER,No notes,-35.54,149.101944,-36.03411685,149.0978388,55,5163.1,ACT,NSW,1400,2300,2300,Not nested,,3,19741114,20220228,0.005557485,3.0,9.789767865,13.55789716,7.039364611,0.023156188,3.306146805,2.0526,3.063642,1.492566,0.088174,0.005873,18.742063,1.32718,djf,253.966191,5.261266,mam,0.115004398,0.392388724,78.65035626,0.0,3.877403236,0.169946605,20.05829283,0.434217099,0.00304561,0.57550355,0.534353947,0.062347188,0.39405053,0.00465712,1,5.727272727,29.95132743,8.888888889,182.5681818,107.6363636,0.701824451,0.760868243,0.13634786,-3.889087185,0.367285395,0.148479491,2.573367625,0.434174757,0.035757598,-5.115168587,-5.082057111,2.609046886,0.582137446,0.03564167,298.7458484,-0.905097348,188.8348228,0.082778701,0.43196617,IGNEOUS,0.5088269,SILICSED,0.3655934,0.03410248,0.5088269,0.3655934,0.0,0.0033718,0.0662572,0.01790264,0.0,25.875,47.25,54.0,0.836584103,108.1339,120.6501,588,1869.717,1034.091,1281.717,13.71,229.5736,0.724556,6,0.352998,0.350893,0.005608,0.6872,0.1081,0.1328,0.0612,0.0098,0.0009,0.0,0.0,0.0,0.0,1.0,0.0,0.004,0.0,0.00073,3e-05,0.0,0.00188,0.17663,0.0,0.0001,0.06365,0.0,0.00025,0.03995,0.00635,0.00016,0.0,0.05038,0.29088,0.00912,0.35444,0.0013,0.70482,17.94106,4.317559,67.53964,45.59554,0.086675,0.095788,14.34651,9.757919,0.043768,0.042254,0.035218,24.10839,185.8365,0.0,0.0,0,0.0,0.000813,0.0,0.482334,0.124438,0.329695,0.227066,1.926403,1597.961,0.012309,0.010528,1499.512,0.025435,0.184334,0.31876,147.7745,92.92316,69.59174,4.647786,0.478307,0.357264,0.404731,0.352455,0.270904,0.223348,0.254125,0.336733,0.418971,0.505453,0.533091,0.512335
411003,1979-01-02,2022-02-28,43.15947980835045,0.06108855620400914,0.33653131545165865,16.677823372898356,125,1.3351598758980145,Butmaroo Creek at Butmaroo (411003),Murray-Darling Basin,MURRUMBIDGEE RIVER,No notes,-35.2567,149.5422,-35.32123903,149.542794,55,63.9,NSW,,1400,2300,2300,Not nested,,0,19790102,20220228,0.061088556,29.0,34.72182353,305.4055724,26.14304546,0.0,0.0,2.061672,3.171617,1.538372,0.094202,0.0005,20.333116,1.322034,djf,271.782387,5.994251,mam,0.039579995,0.079527315,142.1155582,0.0,7.872615062,0.248862578,19.18589592,3.838461833,0.0,0.50839437,0.663328253,0.187014391,0.741774204,0.336531315,1,7.265091864,31.45845272,34.83216783,207.2666667,79.8,0.452934608,0.226229347,0.280379917,-9.502145464,1.027796909,0.426714784,2.359740248,0.560531496,0.084174797,-8.815305196,-9.100356414,2.57825625,0.6402853,0.011390483,283.3015666,-0.794356498,122.594297,0.121973295,0.690108411,IGNEOUS,0.5838937,SILICSED,0.405583,0.0,0.5838937,0.405583,0.0,0.0,0.01052395,0.0,0.0,21.0,62.0,52.0,0.819757258,43.06951,66.06647,747,1185.422,880.9455,438.422,10.27,19.15346,0.706699,3,0.4644,0.344842,0.024264,0.6224,0.0845,0.1787,0.1144,0.0,0.0,0.0,0.0,0.0,0.0,0.95,0.0,0.0,0.0,0.0,0.0,0.0,0.0,0.43356,0.0,0.0,0.00502,0.0,0.0,0.0,7e-05,0.0,0.0,0.14709,0.34545,0.0,0.06882,0.0,0.56136,16.029,0.0,83.97101,28.63739,0.0,0.0,0.0,19.98626,0.0,0.0,0.0,51.35108,19.15346,0.0,0.0,0,0.259259,0.103226,0.0,0.628364,0.201272,0.003705,0.102489,1.174664,1.184253,0.985794,0.0,1502.975,0.040023,0.223379,0.342598,134.9509,78.83947,74.15968,4.52128,0.456836,0.333563,0.374087,0.341461,0.270383,0.224552,0.258518,0.35026,0.429978,0.503073,0.529128,0.449574
412028,1950-01-01,2014-12-10,64.94182067077344,0.013111298482293423,0.04340211029945747,15.153838879197309,125,1.643969862343284,Abercrombie River at Abercrombie  (412028),Murray-Darling Basin,LACHLAN RIVER,No notes,-33.954722,149.325278,-34.1202014,149.6328957,55,2639.3,NSW,,1400,2300,2300,Not nested,,1,19500101,20141210,0.013111298,32.0,17.08486543,17.1236808,12.82067356,0.021079258,1.994964121,2.121609,3.296362,1.553708,-0.01034,0.001311,20.045468,1.306385,djf,251.9976,5.483959,mam,0.158986228,0.293650259,106.8144347,0.0,3.3264005,0.289907432,13.79812914,0.929967505,0.00016368,1.16418869,0.658148812,0.105045068,0.464522192,0.04340211,1,4.95766129,22.46694215,27.45945946,171.1886792,98.71698113,0.664866608,0.603974121,0.166246468,-4.181617933,0.457583569,0.237508023,2.25272718,0.389946687,0.078825029,-6.396549575,-5.768968115,2.756547355,0.485948867,0.008649368,316.4500818,-0.908403193,164.6620662,0.132089257,0.596755789,SILICSED,0.5886168,IGNEOUS,0.287422,0.0092184,0.287422,0.5886168,0.0,0.0,0.00253404,0.1122079,0.0,20.91177,42.58823,52.5,1.239917083,163.1416,141.6221,430,1317.163,868.6022,887.163,13.71,123.6674,0.912705,6,0.468158,0.500388,0.00726,0.6885,0.1101,0.1409,0.0546,0.0032,0.0027,0.0,0.0,0.0,0.0,1.0,0.0001,0.0,0.0,0.0001,0.0,0.0,0.00068,0.41297,0.0,0.00018,0.00228,0.0,0.00025,0.00083,0.00071,0.00026,0.0,0.07868,0.42376,0.00111,0.078,0.0,0.58155,3.728579,3.728579,7.081439,7.081439,0.0,0.0,89.14395,25.02997,0.0,0.0,0.0,0.215042,123.6674,0.0,0.0,0,0.061538,0.031373,0.0,0.497776,0.282519,0.006037,0.144278,0.403884,2.157965,0.00452,0.0,1315.319,0.045802,0.236441,0.361444,134.0993,79.50101,77.83044,4.962976,0.459529,0.362616,0.381633,0.365327,0.305371,0.25866,0.296768,0.404577,0.496522,0.578165,0.554295,0.499997
412029,1950-01-01,2022-02-28,72.1615331964408,0.036347080471980875,0.0613409976770739,12.096311665215834,125,1.6555741464404854,Boorowa River at Prossers Crossing (412029),Murray-Darling Basin,LACHLAN RIVER,No notes,-34.1441,148.8101,-34.44298955,148.7786791,55,1550.6,NSW,,1400,2300,2300,Not nested,,0,19500101,20220228,0.03634708,34.0,36.66723365,49.43475301,26.37945031,0.041734644,5.276428888,1.806557,3.512171,1.944124,-0.096539,5.4e-05,21.807312,1.293177,jja,274.802691,6.52808,mam,0.090479616,0.208028569,84.64101655,0.0,4.666561276,0.177000322,16.80879062,0.682247665,0.0,0.70226641,0.912491975,0.149218473,0.643174928,0.061340998,1,8.311403509,36.46428571,20.77333333,173.9,81.41666667,0.632443251,0.437702639,0.179660318,-4.752348041,0.599995351,0.270996228,2.549752699,0.428672692,0.063395767,-9.463518733,-8.115850799,3.158545927,0.442859579,0.001016309,298.7939374,-0.915873318,163.0793359,0.095409338,0.664460819,IGNEOUS,0.854677,SILICSED,0.07170592,0.0097667,0.854677,0.07170592,0.0,0.0,0.0,0.06384953,0.0,18.75,56.25,64.75,0.805246104,80.34722,87.80376,323,777.0552,552.837,454.0552,6.97,112.3518,0.764162,5,0.39564,0.503607,0.00402,0.5271,0.0754,0.2003,0.1774,0.0167,0.0028,0.0003,0.0,0.0,0.0,1.0,0.0,0.0,0.0,0.0001,0.0,0.0,0.03984,0.86998,0.0,0.0,0.00815,0.0,0.0,0.00014,2e-05,0.0,0.0,0.0,0.02375,0.00077,0.05565,0.0016,0.08017,2.510587,2.510587,0.034873,0.034873,0.0,0.0,97.41263,2.150668,0.0,0.0,0.0,0.0,112.3518,0.0,0.0,0,0.304762,0.003226,0.0,0.635246,0.372687,0.014113,0.1934,1.234017,360.2204,0.003573,0.002053,1199.432,0.075201,0.264712,0.352024,112.0933,71.03679,87.52148,3.198393,0.156119,0.108016,0.149786,0.185766,0.18725,0.187121,0.235817,0.332388,0.467272,0.557833,0.410589,0.228506
412050,1969-06-13,2022-02-28,52.714579055441476,0.06419445310065441,0.020868020868020868,9.511085535647712,125,1.104310489318477,Crookwell River at Narrawa North (412050),Murray-Darling Basin,LACHLAN RIVER,No notes,-34.310556,149.167222,-34.38612293,149.3553915,55,759.3,NSW,,1400,2300,2300,Not nested,,0,19690613,20220228,0.064194453,12.0,6.810328523,11.20868002,5.251107629,0.098680794,8.257409459,2.077039,3.328886,1.602707,-0.102202,0.000446,21.330895,1.286179,jja,259.943876,5.862153,mam,0.192265906,0.292556116,83.82188226,0.0,3.954863067,0.298818211,16.97010093,1.396616035,0.00261715,1.12890083,0.568432717,0.106948607,0.502053502,0.020868021,1,4.793532338,19.62255965,17.9047619,166.4651163,78.93023256,0.523849542,0.633215435,0.172479172,-3.670551663,0.624623338,0.290416963,2.237518512,0.402388173,0.096519587,-7.276181435,-5.011936686,2.738037356,0.482425973,0.005617978,310.8422534,-0.880034136,164.1518068,0.144625996,0.667373708,SILICSED,0.5169974,IGNEOUS,0.4437074,0.03929506,0.4437074,0.5169974,0.0,0.0,0.0,0.0,0.0,18.0,59.66667,69.0,1.086582763,71.77329,116.8261,464,1039.977,813.9498,575.977,8.11,67.77572,0.761334,5,0.459594,0.604743,0.008437,0.572,0.1125,0.1949,0.106,0.0123,0.0023,0.0,0.0,0.0,0.0,0.81,0.0,0.0,0.0,0.0002,0.0,0.0,0.00085,0.88112,0.0,0.0,0.00148,0.0,0.0,7e-05,2e-05,0.0,0.0,0.00552,0.08968,0.0,0.01888,0.0022,0.11408,4.159496,4.159496,0.14844,0.14844,0.0,0.0,95.65023,5.595426,0.0,0.0,0.0,0.081496,67.77572,0.0,0.0,0,0.0,0.057143,0.0,0.628173,0.350834,0.054773,0.202804,3.73835,978.7283,0.38487,0.006444,1398.042,0.055991,0.253078,0.364074,129.3214,79.64516,80.90177,3.652146,0.27055,0.197778,0.231322,0.235444,0.210785,0.188324,0.215658,0.299366,0.407275,0.522113,0.51491,0.36261
412066,1960-06-23,2022-02-28,61.686516084873375,0.00976432470817984,0.03540854287122944,11.197311509972954,125,1.410212747424305,Abercrombie River at Hadley No. 2 (412066),Murray-Darling Basin,LACHLAN RIVER,No notes,-34.112778,149.5975,-34.21038245,149.7152251,55,1636.6,NSW,,1400,2300,2300,Level 1,412028,0,19600623,20220228,0.009764325,16.0,39.06712581,9.354753223,29.56965417,0.071013271,6.057753531,2.160237,3.261609,1.509839,0.015149,0.001397,19.200502,1.329185,djf,248.878418,5.340856,mam,0.17798951,0.304182438,119.1982657,0.0,3.634856345,0.28748112,14.63217153,1.091925879,0.00036955,1.09206306,0.69254259,0.10819775,0.485903814,0.035408543,1,5.666666667,23.77412281,22.57142857,171.875,100.7678571,0.63102061,0.623285519,0.153108262,-4.294992712,0.501585485,0.238458744,2.396247829,0.399256254,0.080238527,-6.482225933,-6.166786463,2.817137767,0.49511152,0.008312707,301.506107,-0.888991527,157.5728274,0.132539253,0.60539444,SILICSED,0.6507752,IGNEOUS,0.3164631,0.01488366,0.3164631,0.6507752,0.0,0.0,0.0,0.01787856,0.0,13.6,61.2,75.8,1.246561088,148.2592,144.4729,551,1317.163,895.7563,766.163,13.0,74.72653,0.906834,6,0.609741,0.453134,0.010312,0.6747,0.1044,0.1453,0.0662,0.005,0.0044,0.0,0.0,0.0,0.0,1.0,0.0,0.0,0.0,0.00015,1e-05,0.0,0.00082,0.49079,0.0,0.00026,0.00281,0.0,0.0003,0.00078,0.00073,0.00032,0.0,0.04848,0.37685,0.00101,0.07666,0.0,0.503,2.275128,2.275128,5.899068,5.899068,0.0,0.0,91.75146,29.86673,0.0,0.0,0.0,0.347199,74.72653,0.0,0.0,0,0.0,0.0,0.0,0.620192,0.281958,0.006167,0.144062,0.417433,2.157965,0.007251,0.0,1324.172,0.044136,0.236695,0.362949,135.1361,79.93948,75.94434,5.389755,0.502204,0.403987,0.41982,0.402378,0.332437,0.280568,0.32337,0.442013,0.536489,0.617644,0.594029,0.53444
415201,1965-01-02,2022-02-28,57.158110882956876,0.0039277673995305835,0.20942534263044002,9.385000964833496,125,2.929474676573556,Wimmera River at Glenorchy Weir Tail Gauge (415201),Murray-Darling Basin,WIMMERA RIVER,No notes,-36.909,142.64,-37.07217255,143.0369086,54,1973.8,VIC,,1400,2300,2300,Not nested,,2,19650102,20220228,0.003927767,21.0,33.82363602,11.77245472,27.70766179,0.009579462,1.666769308,1.525819,3.075417,2.015585,-0.366298,0.0,20.557841,1.254526,jja,272.762188,6.522786,djf,0.059487577,0.240640283,53.3397799,0.0,4.923445065,0.097070219,14.40458516,0.228407421,0.0,0.31110093,0.757819746,0.185813898,0.60981005,0.209425343,1,11.81651376,40.514377,67.0,157.3269231,61.88461538,0.76138822,0.636464109,0.194736269,-8.45714507,0.530773983,0.196699399,2.633050949,0.449201742,0.038902316,-6.639958747,-6.630571127,3.461667799,0.644759037,5.66e-05,309.4326128,-0.891108603,160.7157236,0.063948512,0.608338101,UNCONSOLDTED,0.4321242,SILICSED,0.4036602,0.4321242,0.06692865,0.4036602,0.0,0.08301591,0.01422579,0.0,0.0,51.125,62.0,30.875,0.941751819,43.04967,69.93725,173,965.2323,302.224,792.2323,7.06,105.1178,0.928527,6,0.477216,0.169886,0.007598,0.4432,0.041,0.1336,0.1607,0.0528,0.068,0.0777,0.023,0.0,0.0,0.0,0.0013,0.0002,0.0,0.0,0.0,0.0,0.17792,0.5044,0.0,0.00026,0.07732,0.0,1e-05,0.0044,0.00028,3e-05,0.0001,0.05014,0.10462,0.00026,0.07845,0.0003,0.23347,0.063282,0.0,32.90186,13.1499,1.177052,0.840906,65.79291,3.592309,0.0,0.0,0.0,81.64955,105.1178,0.3,0.6,0,0.420588,0.095238,1.0,0.763452,0.351318,0.591956,0.471637,1.455486,508.8151,0.317023,0.002621,613.5476,0.052956,0.264792,0.374965,114.889,65.26347,82.65782,2.757661,0.15874,0.100182,0.155565,0.169809,0.155417,0.149751,0.198476,0.300602,0.410568,0.469944,0.29223,0.20446
415206,1950-03-01,2020-02-29,70.00136892539356,0.005592928660826032,0.03354965585054081,10.185647838622378,125,2.016743666001065,Wimmera River at Glynwylln (415206),Murray-Darling Basin,WIMMERA RIVER,No notes,-36.95390887,142.8600891,-37.08310449,143.1268023,54,1386.5,VIC,,1400,2300,2300,Level 1,415201,3,19500301,20200229,0.005592929,,,,,,,1.551233,3.066094,1.976553,-0.351298,0.0,20.521885,1.251645,jja,271.422828,6.40403,djf,0.097807072,0.264865673,53.67079408,0.0,4.515857003,0.114434775,15.00210492,0.267052351,1.44e-05,0.45831013,1.086936273,0.151425762,0.62560472,0.033549656,1,11.09510086,44.8056338,18.14893617,157.5606061,66.27272727,0.683534663,0.668835062,0.152695824,-5.659669738,0.55656498,0.209557545,3.247810105,0.402233867,0.054099288,-9.054251946,-6.374280587,3.403156228,0.542412696,4.65e-05,315.7864385,-0.917578647,227.3638529,0.072602537,0.745143221,SILICSED,0.4751413,UNCONSOLDTED,0.4040022,0.4040022,0.06873102,0.4751413,0.0,0.05205787,0.0,0.0,0.0,34.0,62.0,48.0,0.94753264,49.25552,71.21384,196,965.2323,330.5699,769.2323,8.61,79.2501,0.912885,6,0.530311,0.182658,0.009798,0.4885,0.0485,0.13,0.1441,0.0497,0.0639,0.0502,0.0251,0.0,0.0,1.0,0.0,0.0002,0.0,0.0,0.0,0.0,0.16073,0.4955,0.0,0.00038,0.06298,0.0,0.0,0.00534,0.00025,1e-05,0.0,0.07135,0.13419,0.00022,0.06866,0.0002,0.27442,0.093811,0.0,41.55075,17.30347,1.635961,1.177334,56.62328,2.038676,0.0,0.0,0.0,78.7143,79.2501,0.0,0.0,0,0.0,0.0,0.0,0.6875,0.334235,0.018921,0.176578,0.859749,1.948274,0.306832,0.0,625.1454,0.051005,0.263253,0.381813,116.3028,67.73857,81.13348,2.922714,0.18673,0.115882,0.180262,0.193163,0.169218,0.154188,0.200261,0.303042,0.407567,0.47174,0.3127,0.236018
415207,1963-03-24,2022-02-28,58.93771389459275,0.0014400520276861616,0.1303963528098251,8.81314393801782,125,1.3587379632910441,Wimmera River at Eversley (415207),Murray-Darling Basin,WIMMERA RIVER,No notes,-37.185278,143.184722,-37.16636422,143.266189,54,305.8,VIC,,1400,2300,2300,Level 2,415206,0,19630324,20220228,0.001440052,36.0,26.14786817,34.57225123,20.35059356,0.009290658,2.091649171,1.74007,3.009166,1.729336,-0.33116,1e-06,20.02749,1.252389,jja,263.054069,5.911919,djf,0.132489753,0.305892377,59.55271158,0.0,4.751138956,0.141244014,19.76931071,0.450334862,0.0,0.5551864,0.797239526,0.135327503,0.575781541,0.130396353,1,9.696666667,40.58032787,14.83068783,157.5438596,59.66666667,0.589020964,0.362704184,0.143693216,-6.418367602,0.560784949,0.205155803,2.545712978,0.476181255,0.056256114,-8.047419592,-6.020239724,3.248367648,0.642656617,0.000238365,338.9556009,-0.873731694,228.5456072,0.08163745,0.689096901,SILICSED,0.5915788,UNCONSOLDTED,0.2658583,0.2658583,0.1425626,0.5915788,0.0,0.0,0.0,0.0,0.0,18.0,38.0,69.0,0.968297493,77.15224,74.14567,273,948.7115,447.6877,675.7115,15.87,29.4543,0.684542,4,0.668815,0.285449,0.023805,0.7158,0.0819,0.1086,0.0772,0.015,0.0015,0.0,0.0,0.0,0.0,1.0,0.0,0.0,0.0,0.0,0.0,0.0,0.00783,0.42858,0.0,0.0,0.00825,0.0,2e-05,0.0,8e-05,0.0,0.0,0.23848,0.29438,0.0,0.02224,0.0002,0.5551,0.0,0.0,66.99362,43.83737,1.519322,0.615725,31.48706,1.585656,0.0,0.0,0.0,52.4124,29.4543,0.0,0.0,0,0.305882,0.0,0.0,0.636474,0.283868,0.004194,0.144031,1.078598,1.749952,0.59703,0.0,722.3075,0.046876,0.269471,0.412782,124.4598,74.61029,74.21752,4.329484,0.346822,0.196688,0.340878,0.361423,0.292126,0.228422,0.272326,0.395973,0.499056,0.559192,0.436029,0.411676
415220,1974-08-30,2022-02-28,47.501711156741955,0.009279538904899135,0.6988771888998778,5.341109631360451,125,2.5066002997099983,Avon River at Wimmera HWY (415220),Murray-Darling Basin,AVON RIVER-TYRELL LAKE,No notes,-36.64,142.98,-36.75291169,143.1284347,54,526.5,VIC,,1400,2300,2300,Not nested,,0,19740830,20220228,0.009279539,14.0,76.76199454,74.62095216,63.58963912,0.005763689,1.131034218,1.335869,3.199893,2.395365,-0.384237,0.0,21.366851,1.266383,jja,284.69059,7.152439,djf,0.015061227,0.059737621,38.23170504,0.0,7.422081746,0.068074389,13.51068816,0.255281285,0.0,0.13572532,1.416660711,0.301122811,0.85630345,0.698877189,1,60.89411765,93.15822785,143.0119048,165.4054054,36.45945946,0.696853058,0.520023464,0.318115074,,0.751735897,0.400271303,2.515856103,0.510826772,0.0365726,-9.128428671,-8.550940794,3.65995326,0.586834432,0.0,274.0356767,-0.940571478,117.4058193,0.051836924,0.705531847,SILICSED,0.534904,UNCONSOLDTED,0.3982486,0.3982486,0.0,0.534904,0.0,0.06684591,0.0,0.0,0.0,52.0,62.0,30.0,1.012370903,29.40507,89.08789,148,589.8561,225.282,441.8561,4.26,60.28884,0.844153,5,0.441819,0.184185,0.007412,0.342,0.0243,0.1218,0.186,0.0813,0.1148,0.1298,0.0,0.0,0.0,0.04,0.0007,0.0,0.0,0.0,0.0,0.0,0.37021,0.33792,0.0,0.0001,0.08538,0.0,1e-05,0.00534,0.00039,3e-05,0.0002,0.0,0.08652,0.00035,0.11279,0.0,0.19966,0.230716,0.0,32.42801,13.33645,0.0,0.0,67.04356,3.180693,0.0,0.0,0.0,83.16609,60.28884,0.0,0.6,0,0.082759,0.039589,1.0,0.710366,0.36197,0.471316,0.416643,0.406411,1.301876,0.000778,0.0,581.8569,0.053561,0.237447,0.328068,106.9969,62.60271,91.29948,2.388308,0.117915,0.0719,0.111412,0.132109,0.136354,0.13948,0.185462,0.286209,0.399412,0.434239,0.235898,0.145785
415223,1965-09-12,2020-02-29,54.46680355920602,0.002261988539258068,0.18051287218499673,56.741561527633806,125,2.946625845955249,Burnt Creek at Wonwondah East (415223),Murray-Darling Basin,WIMMERA RIVER,No notes,-36.88537671,142.2340353,-36.93660523,142.310245,54,82.0,VIC,,1400,2300,2300,Not nested,,0,19650912,20200229,0.002261989,,,,,,,1.459361,3.113851,2.133709,-0.424473,0.0,20.315138,1.229597,jja,273.346473,6.337849,djf,0.865601263,0.530794609,121.6096341,0.0,2.353052383,0.642881494,6.245261136,2.288363647,0.0,2.77380488,0.682326696,0.092347222,0.429996473,0.180512872,2,12.64137931,32.70114943,33.17592593,157.7254902,66.05882353,0.927686949,0.945947948,0.21751042,-5.243811327,0.183314469,0.094343427,3.181702909,0.36538146,0.216205874,-5.063586952,-3.232636711,3.471100028,0.757059818,0.0,160.8927382,-0.822583379,118.4151536,0.452202122,0.478117779,UNCONSOLDTED,0.8146019,SILICSED,0.1481725,0.8146019,0.02833395,0.1481725,0.0,0.0,0.0,0.0,0.0,36.0,55.0,51.0,1.268528512,104.3714,133.8395,157,851.4648,251.3579,694.4648,1.96,60.82515,0.914331,4,0.347545,0.1391,0.01146,0.2004,0.0099,0.0616,0.1093,0.1043,0.1328,0.3817,0.0,0.0,0.0,0.81,0.0,0.0,0.0,0.0,0.0,0.0,0.41425,0.41023,0.0,0.00592,0.0852,0.0,0.0,0.00032,5e-05,5e-05,0.0,0.0,0.02934,0.00011,0.05454,0.0,0.08399,1.700382,1.39354,8.89145,7.845081,2.963295,2.390367,86.42807,15.75121,0.0,0.0,0.0,69.2151,50.63044,0.0,0.6,0,0.145205,0.010667,0.0,0.733542,0.220314,0.877867,0.549091,0.841734,1.56919,0.715282,0.0,508.3504,0.037186,0.233652,0.359944,102.3666,83.45123,85.4667,2.941455,0.152714,0.10843,0.156627,0.181187,0.168644,0.159719,0.20678,0.323425,0.446189,0.50124,0.327294,0.216851
415226,1971-04-30,2022-02-28,50.836413415468854,0.0071090047393364926,0.8520828813191582,3.86582815703145,125,1.1121390180792778,Richardson River at Carrs Plains (415226),Murray-Darling Basin,AVON RIVER-TYRELL LAKE,No notes,-36.743611,142.785278,-36.81819137,142.8907962,54,129.7,VIC,,1400,2300,2300,Not nested,,0,19710430,20220228,0.007109005,8.0,25.80570995,95.0773265,22.17975084,0.0,0.0,1.307961,3.154944,2.412109,-0.403999,0.0,20.908412,1.281543,jja,283.045603,7.312587,djf,0.012729291,0.039083883,74.71168543,0.0,10.11595728,0.066793078,26.39980935,0.45653795,0.0,0.0999229,0.0,0.147917119,0.912019961,0.852082881,1,37.875,128.351145,215.1917808,167.4242424,24.24242424,0.454797265,0.207474773,0.462610599,,1.027727572,0.740865301,1.252507672,0.547237077,0.044776016,-5.23866798,-6.355194987,4.860664428,0.629554128,0.0,283.588113,-0.971312513,112.9496985,0.049979498,0.895887683,UNCONSOLDTED,0.703903,SILICSED,0.2018927,0.703903,0.0,0.2018927,0.0,0.09420436,0.0,0.0,0.0,52.0,62.0,30.0,1.067460111,19.60325,93.25573,161,295.4124,194.2034,134.4124,1.62,32.18109,1.003788,3,0.397028,0.288938,0.004423,0.2593,0.0073,0.0988,0.1657,0.1065,0.1346,0.2255,0.0023,0.0,0.0,0.32,0.0,0.0,0.0,0.0,0.0,0.0,0.61742,0.22227,0.0,0.0,0.04846,0.0,0.0,0.00425,0.00019,0.0,0.0,0.0,0.05656,6e-05,0.05077,0.0,0.10739,0.0,0.0,12.72003,7.536463,0.0,0.0,87.27996,2.266958,0.0,0.0,0.0,90.17245,32.18109,0.0,0.0,0,0.19403,0.2,0.0,0.790813,0.392393,0.233615,0.313004,0.441061,0.636517,0.0,0.0,492.7136,0.054481,0.2352,0.312629,106.8074,57.98401,92.50645,2.351119,0.079645,0.05546,0.086775,0.099323,0.105767,0.133552,0.183263,0.29959,0.462302,0.491198,0.241644,0.120519
415237,1976-12-19,2022-02-28,45.19644079397673,0.001453840562151684,0.5843848580441641,5.100163311071888,125,1.1584141704225352,Concongella Creek at Stawell (415237),Murray-Darling Basin,WIMMERA RIVER,No notes,-37.026389,142.821389,-37.13455874,142.8724615,54,239.6,VIC,,1400,2300,2300,Level 1,415201,0,19761219,20220228,0.001453841,17.0,18.87794051,31.19286753,15.06021984,0.0,0.0,1.513437,3.055887,2.019171,-0.384439,0.0,20.953357,1.254575,jja,274.748757,6.436092,djf,0.040937582,0.116978115,70.34027378,0.0,7.24638912,0.090890747,23.49019098,0.433793108,0.0,0.30434725,0.888936677,0.415615142,0.792708081,0.584384858,1,61.16964286,54.90336134,85.24778761,169.952381,47.76190476,0.486914003,0.217695967,0.245290453,,0.896305762,0.393732469,2.591061387,0.551266586,0.055603748,-8.522675386,-7.225883413,3.818904443,0.4287912,0.0,310.6865557,-0.897521667,136.8736618,0.061207754,0.908442871,SILICSED,0.3265332,UNCONSOLDTED,0.2541392,0.2541392,0.1419064,0.3265332,0.0,0.199306,0.0781156,0.0,0.0,18.0,38.0,69.0,0.904742604,34.062,61.2186,205,520.7133,264.9305,315.7133,4.95,35.90181,0.947078,4,0.495387,0.198471,0.008889,0.4376,0.0407,0.1946,0.2163,0.0479,0.0559,0.007,0.0,0.0,0.0,0.06,0.0104,0.0005,0.0,0.0,0.0,0.0,0.08182,0.63638,0.0,0.0,0.10692,0.0,5e-05,0.00201,0.00095,8e-05,0.0,0.00018,0.0613,0.00076,0.09777,0.0009,0.16001,0.0,0.0,18.34445,4.310344,0.068202,0.0,81.58736,8.945494,0.0,0.0,0.0,85.56021,35.90181,0.0,0.0,0,0.276543,0.038095,0.0,0.64003,0.370591,0.009351,0.189971,3.261415,508.8151,0.726844,0.009175,611.6127,0.0605,0.283787,0.375062,116.3219,58.09985,82.87737,2.304073,0.092404,0.065284,0.09844,0.115438,0.12775,0.137907,0.185121,0.27376,0.38497,0.447822,0.250157,0.132595
415238,1976-03-05,2022-02-28,45.987679671457904,0.014466869083764959,0.7090733357496678,4.8398432404183875,125,1.0452240727169422,Wattle Creek at Navarre (415238),Murray-Darling Basin,WIMMERA RIVER,No notes,-36.902,143.11,-36.95897507,143.1994838,54,139.3,VIC,,1400,2300,2300,Level 2,415206,0,19760305,20220228,0.014466869,7.0,28.14365816,33.56164212,25.3197925,0.0,0.0,1.549966,3.112828,2.00832,-0.375848,0.0,21.681466,1.262827,jja,279.854509,6.778358,djf,0.025384288,0.083464635,43.85362354,0.0,8.190138031,0.07870512,20.36459811,0.415516632,0.0,0.19409472,0.520005957,0.290926664,0.832487616,0.709073336,1,43.38738739,70.31122449,102.0695652,158.5757576,39.6969697,0.413363496,0.252241886,0.282654421,,1.047717037,0.50988624,2.894899651,0.562144598,0.044612614,-8.073720235,-6.918940872,4.125362902,0.35772986,8.34e-05,307.8065586,-0.860239866,116.1579583,0.052428223,0.850927442,SILICSED,0.6928309,UNCONSOLDTED,0.3071687,0.3071687,0.0,0.6928309,0.0,0.0,0.0,0.0,0.0,34.0,62.0,48.0,0.945291207,52.54024,70.21191,229,749.2672,333.2046,520.2672,9.01,24.57965,1.068807,4,0.543217,0.20277,0.021232,0.5067,0.0467,0.151,0.1597,0.0746,0.0572,0.0041,0.0,0.0,0.0,0.43,0.0,0.0,0.0,0.0,0.0,0.0,0.09869,0.30896,0.0,0.0,0.11029,0.0,0.0,0.01462,0.00055,0.0,0.0004,0.00018,0.26188,0.00088,0.20276,0.0008,0.4657,0.0,0.0,57.24834,28.20583,0.0,0.0,42.75164,2.733567,0.0,0.0,0.0,68.14598,24.57965,0.0,0.0,0,0.570213,0.148936,0.0,0.607244,0.295832,0.009391,0.152612,1.098611,1.301876,0.604631,0.0,714.5828,0.054392,0.264787,0.37898,116.5278,67.95815,82.30621,2.787876,0.20095,0.124366,0.187195,0.197432,0.174942,0.154129,0.18859,0.278084,0.360984,0.41668,0.27884,0.232775
415245,1985-05-01,2022-02-28,36.832306639288156,0.0014866572511707426,0.3566589741680935,32.305078578780765,125,1.070155789299107,Mount Cole Creek at Crowlands (415245),Murray-Darling Basin,WIMMERA RIVER,No notes,-37.165,143.09,-37.26105427,143.1541204,54,153.1,VIC,,1400,2300,2300,Level 2,415206,0,19850501,20220228,0.001486657,15.0,11.28277961,18.00664804,8.748467423,0.0,0.0,1.679643,2.9829,1.775913,-0.307866,0.0,19.074656,1.233721,jja,258.847218,5.650706,djf,0.130967557,0.406870092,33.18088844,0.0,3.829662137,0.111931891,19.46783414,0.183750532,0.0,0.50664736,0.666824061,0.200178664,0.594282737,0.356658974,1,12.39170507,41.14948454,72.59090909,154.7428571,52.8,0.592434886,0.639691636,0.132479935,,0.461608677,0.212304994,2.070639385,0.480016149,0.042030404,-5.641655953,-5.173659954,4.395395914,0.682901253,0.0,329.8553377,-0.898394529,201.4055267,0.067040231,0.626943014,SILICSED,0.4193404,UNCONSOLDTED,0.2685012,0.2685012,0.2679891,0.4193404,0.0,0.04416919,0.0,0.0,0.0,18.0,38.0,69.0,0.958256483,70.85871,72.25761,257,965.2323,404.9643,708.2323,11.32,29.96447,0.662077,3,0.480169,0.231338,0.024325,0.5817,0.0648,0.1361,0.1473,0.0345,0.0356,0.0,0.0,0.0,0.0,0.09,0.0,0.0018,0.0,0.0,0.0,0.0,0.01879,0.60664,0.0,0.0,0.00758,0.0,0.0,0.00028,0.00012,3e-05,0.0,0.16532,0.18355,3e-05,0.01592,0.0,0.36482,0.0,0.0,58.15632,21.89747,9.179362,7.118438,32.6643,4.859882,0.0,0.0,0.0,65.10324,29.96447,0.0,0.0,0,0.176271,0.0,0.0,0.640381,0.294541,0.091098,0.19282,1.087076,1.749952,0.573104,0.0,672.5266,0.047241,0.270858,0.409259,123.5483,70.57472,74.91247,3.146128,0.250486,0.164908,0.226001,0.220131,0.179244,0.146285,0.18616,0.273998,0.367626,0.45787,0.371634,0.307598
416003,1978-09-06,2022-02-28,43.48254620123203,0.0005666792595391009,0.17381717381717382,4.401048283998114,125,1.269599517139587,Tenterfield Creek at Clifton (416003),Murray-Darling Basin,BORDER RIVERS,No notes,-29.029167,151.725833,-29.01039833,151.9359639,56,555.1,NSW,,1400,2300,2300,Not nested,,0,19780906,20220228,0.000566679,30.0,157.0939296,61.81671364,124.1448324,0.056667926,12.42018039,2.215233,3.727129,1.6825,0.435402,0.0,20.980324,1.332953,djf,261.418072,5.846803,jja,0.022546869,0.189655699,232.7526658,0.0,7.657587649,0.177693594,55.2885706,1.851516107,0.0,0.58118825,0.873886628,0.143640144,0.601839602,0.173817174,1,7.125,31.94983278,37.28378378,212.6976744,86.69767442,0.476400247,0.425105068,0.183454211,-6.056082528,0.729224603,0.298164181,1.635715237,0.473718577,0.042742059,-8.005374688,-7.358954033,3.27348486,0.745935044,0.000306513,250.5551794,-0.900388937,106.0375283,0.0794696,0.537841628,IGNEOUS,0.9566856,SILICSED,0.04331504,0.0,0.9566856,0.04331504,0.0,0.0,0.0,0.0,0.0,18.0,52.0,69.0,0.858076861,119.1534,98.40608,667,1324.881,888.0123,657.881,11.6,73.68754,0.897747,4,0.362376,0.381271,0.009582,0.6123,0.0737,0.1742,0.1342,0.0051,0.0005,0.0,0.0,0.0,0.0,0.98,0.0,0.0003,0.0,0.00098,0.0,0.0,0.0001,0.35899,0.0,0.0008,0.00895,0.0,0.0,0.0004,0.00012,0.0,0.0,0.0994,0.41482,0.0,0.10578,0.0093,0.62,0.226454,0.184179,25.50224,23.64882,0.093598,0.093598,73.62833,9.493779,0.051316,0.051316,0.446859,65.83717,73.68754,0.0,0.0,0,0.058333,0.025397,1.0,0.69446,0.289223,0.157258,0.223241,6.269087,882.3741,0.036445,0.035359,2159.933,0.12798,0.370318,0.28438,114.2472,62.26055,88.55379,5.883316,0.605161,0.538541,0.468336,0.435537,0.396075,0.347479,0.395534,0.440079,0.459435,0.569309,0.565865,0.656816
416008,1970-06-26,2014-12-31,44.51745379876797,0.021402214022140223,0.15661136249371543,8.647116587360546,125,0.9749538369952948,Beadt River at Haystack (416008),Murray-Darling Basin,BORDER RIVERS,No notes,-29.219167,151.383056,-29.35226597,151.5738886,56,898.0,NSW,,1400,2300,2300,Not nested,,0,19700626,20141231,0.021402214,,,,,,,2.036546,3.812042,1.871817,0.388593,0.0,22.36463,1.290456,djf,274.550999,6.565563,jja,0.031450269,0.124084744,64.02902006,0.0,5.51652816,0.182925616,16.9908973,1.01831169,0.0,0.68734967,1.015409236,0.196329814,0.67427099,0.156611362,1,8.443243243,35.76333333,39.55555556,226.5294118,72.82352941,0.447192346,0.462892114,0.197423093,-8.507500362,0.792863275,0.339645179,1.552199428,0.451169188,0.05552007,-8.76434479,-11.01813445,4.159992765,0.872461118,0.000152753,245.0058397,-0.94120541,88.29753217,0.086901494,0.638885099,IGNEOUS,0.672201,SILICSED,0.3080042,0.01979397,0.672201,0.3080042,0.0,0.0,0.0,0.0,0.0,50.325,59.75,32.25,0.806498007,105.8402,113.7323,340,1217.463,806.0717,877.463,12.63,85.20644,0.83362,4,0.400277,0.527633,0.010221,0.6344,0.0858,0.15,0.1119,0.0142,0.0037,0.0,0.0,0.0,0.0,1.0,0.005,0.0,0.0,0.0,0.0,0.0,0.00202,0.19317,0.0,0.0009,0.00808,0.0,8e-05,0.00397,0.00025,0.00012,0.0,0.00219,0.44527,0.00051,0.33827,0.0002,0.78624,0.007367,0.007367,59.77794,44.95264,0.104991,0.104991,40.10593,11.255,0.003683,0.003683,0.0,32.84999,85.20644,0.0,0.0,0,0.157143,0.017582,0.0,0.315936,0.295972,0.055712,0.175842,0.644102,91.55727,0.002949,0.002949,2043.933,0.125387,0.325006,0.256179,110.4314,56.77967,97.18195,4.706678,0.494724,0.421682,0.348732,0.331863,0.313226,0.275416,0.319298,0.360152,0.39167,0.456653,0.469309,0.520085
416010,1973-06-30,2022-02-28,48.668035592060235,0.004162916291629163,0.12264150943396226,3.6361807278959954,125,1.8637621619413376,Macintyre River at Wallangra (416010),Murray-Darling Basin,BORDER RIVERS,No notes,-29.2642,150.8984,-29.68137815,151.1843913,56,2142.9,NSW,,1400,2300,2300,Not nested,,1,19730630,20220228,0.004162916,57.0,12.00566136,25.01404179,8.795423543,0.005625563,2.044702079,2.065382,3.906079,1.891214,0.399841,0.0,22.121927,1.291864,djf,273.759967,6.770787,mam,0.030459268,0.177713098,96.60075198,0.0,6.13770542,0.153594686,23.29863057,0.888718989,0.0,0.45380103,0.677386731,0.106598125,0.583323918,0.122641509,1,5.566371681,29.41880342,39.47272727,227.8541667,106.7083333,0.605227899,0.535002124,0.198469481,-5.003366815,0.691165126,0.274639424,1.541122716,0.429102628,0.037548011,-7.410275248,-7.072899523,4.373637645,0.802768472,7.07e-05,256.735479,-0.897165499,108.6471407,0.071049343,0.528477957,IGNEOUS,0.8418101,SILICSED,0.08930087,0.0585895,0.8418101,0.08930087,9.05e-05,0.01021109,0.0,0.0,0.0,44.15385,57.38462,41.30769,0.902737449,100.7885,125.4089,433,1436.761,699.3881,1003.761,6.92,187.3771,0.698163,4,0.278694,0.274175,0.005422,0.52,0.0634,0.206,0.1771,0.025,0.0075,0.001,0.0,0.0,0.0,0.55,0.0025,0.0,0.0,0.00088,0.0,0.0,0.05601,0.26955,0.0,0.00012,0.06845,0.0,3e-05,0.01682,0.003,0.00011,0.0005,0.01823,0.20268,0.00123,0.35633,0.0035,0.57847,0.0,0.0,23.18372,22.97037,0.0,0.0,76.81623,1.141073,0.0,0.0,0.0,0.35816,187.3771,0.0,0.0,0,0.219608,0.076712,1.0,0.563366,0.355148,0.544955,0.450051,5.790831,1826.483,0.361143,0.01746,2062.607,0.127676,0.297433,0.219043,106.9281,51.07946,103.0058,4.105737,0.427751,0.364698,0.320426,0.292107,0.272062,0.237898,0.270118,0.31777,0.353548,0.40943,0.403054,0.43367
416016,1971-07-20,2022-02-28,50.614647501711154,0.004219181046140531,0.11450920745287631,5.099000170114017,125,0.7701293885636232,Macintyre River at Inverell (Middle Ck) (416016),Murray-Darling Basin,BORDER RIVERS,No notes,-29.7936,151.1263,-29.86972205,151.3557188,56,752.8,NSW,,1400,2300,2300,Level 1,416010,0,19710720,20220228,0.004219181,30.0,24.45870006,20.10393807,18.35346754,0.0,0.0,2.191994,3.780072,1.72449,0.374548,3e-06,22.247773,1.29717,djf,269.589072,6.45801,mam,0.044484475,0.190284936,72.09277038,0.0,6.064296775,0.210349134,20.32253946,1.627205294,0.0,0.61620009,0.67285634,0.107393123,0.558150904,0.114509207,1,4.597674419,24.75903614,30.55072464,210.6458333,103.8125,0.362230992,0.277158326,0.199937376,-4.802845653,0.831044782,0.305242867,1.556596192,0.503281812,0.057497365,-7.965693135,-7.121454838,3.935085449,0.730104053,0.000142308,266.1744301,-0.864165217,103.1640454,0.091816664,0.626219278,IGNEOUS,0.891284,SILICSED,0.05492156,0.04076224,0.891284,0.05492156,0.0,0.01302974,0.0,0.0,0.0,60.5,60.75,23.125,0.869696026,156.8754,128.4632,610,1436.761,852.6427,826.761,9.76,74.56512,0.759826,4,0.415936,0.313948,0.011418,0.5919,0.0859,0.1879,0.121,0.0129,0.0004,0.0,0.0,0.0,0.0,0.71,0.007,0.0,0.0,0.00088,0.0,0.0,0.00845,0.34407,0.0,0.0004,0.01444,0.0,7e-05,0.00515,0.00048,4e-05,0.0,0.05108,0.39112,0.00182,0.1748,0.0002,0.61882,0.0,0.0,30.50696,29.90212,0.0,0.0,69.49276,3.230568,0.0,0.0,0.0,0.768988,74.56512,1.0,0.0,0,0.540909,0.514286,1.0,0.789788,0.328152,1.0,0.664076,3.087567,1462.182,0.34998,0.007939,2143.057,0.113784,0.310184,0.264076,113.1493,57.40154,94.32938,4.946012,0.526651,0.437755,0.377524,0.34611,0.317935,0.278473,0.315128,0.378341,0.427279,0.501088,0.499124,0.536865
416020,1978-11-10,2022-02-28,43.304585900068446,0.006132642093949548,0.0,1.8769518968203724,125,0.8245639920585712,Ottleys Creek at Coolatai (416020),Murray-Darling Basin,BORDER RIVERS,No notes,-29.234,150.7581,-29.37101909,150.7896585,56,385.1,NSW,,1400,2300,2300,Not nested,,0,19781110,20220228,0.006132642,63.0,26.17067759,26.19727418,19.29989671,0.082190049,22.00545319,1.889532,4.112484,2.176457,0.390222,0.0,22.598344,1.336523,djf,285.077117,7.183239,mam,0.007955026,0.146748089,76.38340265,0.00448691,9.707066275,0.086187521,28.05168282,0.69994637,0.00269215,0.12316575,0.398763452,0.069338422,0.665903308,0.0,1,3.64548495,30.69794721,0.0,210.8780488,112.7317073,0.358032864,0.240976646,0.19220527,-3.408614528,1.083979394,0.217227526,1.153459296,0.543103448,0.026375786,-8.458545651,-6.045673394,2.366221041,0.9168885,0.0,240.4673546,-0.704121451,102.1553388,0.044312204,0.59522622,IGNEOUS,0.6809505,SILICSED,0.2764003,0.04009753,0.6809505,0.2764003,0.0,0.00255158,0.0,0.0,0.0,34.26667,54.06667,44.03333,1.165176021,26.7502,153.6268,351,698.9951,512.7438,347.9951,8.12,44.70039,0.659433,4,0.495637,0.479504,0.008005,0.5788,0.0915,0.2203,0.1075,0.0019,0.0,0.0,0.0,0.0,0.0,0.96,0.0,0.0,0.0,0.0,0.0,0.0,0.11582,0.0466,0.0,0.0,0.14216,0.0,0.0,0.07446,0.01168,0.00032,0.0,0.0,0.0898,0.0124,0.50672,0.0,0.60892,0.0,0.0,27.03862,27.03862,0.0,0.0,72.96136,0.0,0.0,0.0,0.0,0.0,44.70039,0.0,0.0,0,0.208989,0.058716,0.0,0.513536,0.323152,0.007104,0.165128,0.247406,0.622803,0.0,0.0,1975.787,0.125249,0.256813,0.178513,98.36107,40.49865,114.0627,3.125497,0.30581,0.274931,0.242267,0.225985,0.221453,0.19667,0.227832,0.264806,0.283614,0.305534,0.280424,0.293766
416023,1978-03-08,2022-02-28,43.98083504449008,0.005727091633466136,0.02610818933132983,6.887032347642251,125,1.0482969967250402,Deepwater River at Bolivia (416023),Murray-Darling Basin,BORDER RIVERS,No notes,-29.2929,151.9234,-29.40047564,151.9228445,56,538.9,NSW,,1400,2300,2300,Level 1,416032,0,19780308,20220228,0.005727092,35.0,20.99689497,14.31024094,16.56544079,0.136952191,13.95445286,2.350137,3.625727,1.542773,0.44918,7.9e-05,21.258983,1.310249,djf,258.775306,5.711905,jja,0.02657928,0.273024299,100.9098669,0.0,4.925676657,0.196071419,24.80830343,0.932739529,0.00048095,0.64896589,0.684315136,0.088842975,0.477710994,0.026108189,1,5.067857143,25.51839465,13.4516129,214.6744186,113.255814,0.490307076,0.673753116,0.138637921,-4.356423891,0.585946144,0.245739414,1.528478682,0.476863753,0.04340135,-6.696408255,-5.841018852,3.647714567,0.715334195,0.00057583,262.915791,-0.881445519,114.9765728,0.08209898,0.528646639,IGNEOUS,0.842582,SILICSED,0.1503093,0.0,0.842582,0.1503093,0.0,0.00710826,0.0,0.0,0.0,12.5,24.5,77.5,0.97302764,127.003,113.0351,788,1481.02,1027.708,693.02,11.56,77.09721,0.874767,5,0.340756,0.366878,0.009287,0.6208,0.08,0.1476,0.1287,0.0156,0.0051,0.0022,0.0,0.0,0.0,1.0,0.0,0.0,0.0,0.0,0.0,0.0,0.00148,0.44138,0.0,0.0,0.00161,0.0,0.0,0.0,3e-05,0.0,0.0,0.11972,0.41228,0.0,0.02215,0.0013,0.55415,0.083768,0.083768,46.18613,27.0831,0.034163,0.034163,52.98194,4.678671,0.713986,0.713986,0.0,67.04921,77.09721,0.0,0.0,0,0.0,0.0,0.0,0.610474,0.286892,0.156227,0.22156,1.000484,260.2528,0.002484,0.002484,2275.095,0.098421,0.353066,0.328467,119.0849,68.39102,76.53244,6.476552,0.690722,0.597415,0.513389,0.479777,0.425763,0.370291,0.426936,0.479851,0.508148,0.613493,0.633208,0.731375
416032,1969-07-11,2022-02-28,52.63791923340178,0.00728180588786019,0.09058996122812532,8.605072236430052,125,1.3286174598291027,Mole River at Donaldson (416032),Murray-Darling Basin,BORDER RIVERS,No notes,-29.017,151.5986,-29.25584255,151.8875539,56,1585.9,NSW,,1400,2300,2300,Not nested,,1,19690711,20220228,0.007281806,50.0,17.94269957,23.25416599,13.7890429,0.052012899,6.76628931,2.237001,3.717184,1.661682,0.441778,0.0,20.998302,1.325014,djf,258.964075,5.874592,jja,0.03484312,0.269059914,100.5245573,0.0,4.605403763,0.191956088,25.41595922,0.781518394,0.0,0.70213079,1.169973703,0.106413078,0.503510426,0.090589961,1,6.702970297,31.2012987,31.43636364,222.1428571,96.16326531,0.576605708,0.593180199,0.163526345,-5.591197791,0.51650011,0.218466694,1.123152317,0.461868446,0.041707287,-6.682262702,-5.622784994,3.30548457,0.860615511,0.000229634,254.6083518,-0.901172133,121.0971555,0.083254393,0.500961999,IGNEOUS,0.7664819,SILICSED,0.2287118,0.00239195,0.7664819,0.2287118,0.0,0.00241651,0.0,0.0,0.0,31.25,54.0,45.25,0.906324529,160.0507,116.6469,383,1481.02,878.282,1098.02,16.56,151.7868,0.901498,6,0.296849,0.453104,0.007261,0.7131,0.0936,0.1221,0.0633,0.0055,0.0017,0.0007,0.0,0.0,0.0,1.0,0.0,0.0,0.0,1e-05,0.0,0.0,0.00052,0.24112,0.0,0.0,0.00533,0.0,0.0,0.00167,0.00027,0.0,0.0,0.08852,0.50918,0.00166,0.1512,0.0004,0.75056,0.029536,0.029536,40.89341,32.71254,0.017955,0.017955,58.28602,9.94173,0.773383,0.773383,0.0,55.73255,151.7868,0.0,0.0,0,0.218182,0.0,0.0,0.416216,0.270952,0.204676,0.237814,0.606667,260.2528,0.000846,0.000846,2232.582,0.122237,0.356782,0.291163,114.5757,61.70729,88.12333,6.053859,0.639562,0.555986,0.477903,0.442619,0.40351,0.350782,0.40491,0.451547,0.472152,0.579669,0.588657,0.68125
418005,1970-10-15,2022-02-28,51.37577002053388,0.0005861977084998667,0.1088301162418684,7.168955713825939,125,0.9181684876387969,Copes Creek at Kimberley (418005),Murray-Darling Basin,GWYDIR RIVER,No notes,-29.916944,151.114167,-29.96068249,151.253136,56,237.5,NSW,,1400,2300,2300,Not nested,,0,19701015,20220228,0.000586198,44.0,33.83462681,13.37476648,24.54118653,0.0,0.0,2.214984,3.786785,1.709622,0.363706,1e-06,22.337663,1.312038,djf,270.811576,6.526646,mam,0.073054201,0.184082346,87.76239158,0.0,5.277925064,0.254019443,17.12644341,1.797464656,0.0,0.88037053,0.695933515,0.140556681,0.60648395,0.108830116,1,6.04587156,26.88888889,22.18478261,208.5510204,99.57142857,0.44661181,0.322398317,0.171800238,-5.578718746,0.789656986,0.327292591,1.496717597,0.493594574,0.072869738,-8.030667799,-8.502729102,4.04902794,0.742949005,8.24e-05,264.9744121,-0.905106745,96.29693875,0.10876358,0.669982889,IGNEOUS,0.9080057,SILICSED,0.05191663,0.03912547,0.9080057,0.05191663,0.0,0.00095203,0.0,0.0,0.0,7.0,41.96667,86.0,0.808834443,99.33031,119.4197,763,1184.951,860.062,421.951,6.61,43.37189,0.628428,4,0.411875,0.262264,0.010154,0.5158,0.0726,0.1958,0.1982,0.0165,0.0011,0.0,0.0,0.0,0.0,0.9,0.0225,0.0,0.0,0.0,0.0,0.0,0.00011,0.1194,0.0,0.0002,0.0022,0.0,0.00015,0.00025,0.00075,5e-05,0.0,0.01135,0.60395,0.00412,0.23402,0.0007,0.85344,0.0,0.0,40.21711,35.359,0.0,0.0,59.78287,26.32713,0.0,0.0,0.0,34.57273,43.37189,0.0,0.0,0,0.070175,0.02071,1.0,0.359789,0.314953,0.018327,0.16664,3.854914,67.44299,0.147856,0.043275,2217.979,0.124734,0.325851,0.279979,116.344,58.4768,95.00999,4.933784,0.529991,0.434991,0.362278,0.354412,0.324869,0.28676,0.325439,0.384296,0.427362,0.489329,0.481398,0.529017
418014,1970-09-12,2022-02-28,51.46611909650924,0.006117672092775827,0.13306214205427394,5.930296117900518,125,1.1806459603551114,Gwydir River at Yarrowyck (418014),Murray-Darling Basin,GWYDIR RIVER,No notes,-30.4675,151.362778,-30.51019156,151.4767676,56,826.2,NSW,,1400,2300,2300,Not nested,,0,19700912,20220228,0.006117672,75.0,35.17995947,48.06734844,26.96159489,0.005319715,1.126049679,2.097042,3.614093,1.723424,0.364771,0.000178,21.501686,1.29088,djf,263.611387,5.886391,mam,0.056554726,0.158641363,74.38295424,0.0,5.498565537,0.182185786,18.34979985,1.003524073,0.0,0.66854902,0.74935518,0.15120698,0.638548413,0.133062142,1,6.435079727,25.11578947,25.62886598,208.8163265,86.12244898,0.508037439,0.528035418,0.250789601,-5.337322335,0.741766485,0.35219138,2.812662514,0.423240223,0.057021522,-8.127658474,-7.947552449,3.041311924,0.667785406,0.001899561,246.4390607,-0.910917685,125.2474883,0.086048302,0.662668769,IGNEOUS,0.7133995,SILICSED,0.2858984,0.00012985,0.7133995,0.2858984,0.0,0.00057194,0.0,0.0,0.0,18.0,42.0,69.0,0.755743134,60.1319,81.56812,749,1409.093,1030.48,660.093,8.4,64.43213,0.874281,5,0.506173,0.432177,0.010349,0.5707,0.0908,0.1961,0.1311,0.0102,0.0011,0.0,0.0,0.0,0.0,0.88,0.0,0.0002,0.0,4e-05,6e-05,0.0,0.00178,0.61592,0.0,0.00031,0.002,0.0,0.0,0.0,1e-05,0.0,0.0,0.01348,0.32954,0.0,0.03358,0.0031,0.3766,0.0,0.0,35.85754,9.029935,0.007979,0.007979,64.13444,13.63424,0.0,0.0,0.0,77.32581,64.43213,0.0,0.0,0,0.261538,0.001852,1.0,0.438686,0.361267,0.122324,0.241796,4.898808,1177.987,0.370751,0.04208,1781.038,0.094193,0.310192,0.296508,126.2532,74.86517,76.62254,4.577282,0.479582,0.405405,0.323975,0.319574,0.285588,0.246908,0.280882,0.345905,0.416404,0.487712,0.482746,0.498092
418015,1970-03-20,2022-02-28,51.94798083504449,0.011067776957942447,0.08367085909187806,4.265099820419204,125,1.4799729150592582,Horton River at Rider (Killara) (418015),Murray-Darling Basin,GWYDIR RIVER,No notes,-29.83,150.35,-30.12735812,150.3865969,56,1958.1,NSW,,1400,2300,2300,Not nested,,1,19700320,20220228,0.011067777,108.0,15.19613059,30.1477061,11.31168989,0.02635185,7.172328521,2.087054,4.043202,1.937277,0.307611,0.0,21.654499,1.390075,djf,277.031963,7.134028,mam,0.043718957,0.180097467,180.7459595,0.0,7.305282701,0.238466363,23.69365923,3.034787666,0.0,0.64109662,0.753302593,0.109731401,0.636644639,0.083670859,1,6.863333333,37.56603774,58.14814815,196.3111111,77.15555556,0.57163491,0.475689207,0.155891111,-4.106854308,0.72272196,0.229977686,1.454850946,0.455154269,0.050709761,-8.382673726,-6.520818598,2.47197375,1.074703599,7.11e-05,265.104356,-0.887017489,116.2866495,0.110866265,0.457395773,SILICSED,0.760702,IGNEOUS,0.1766978,0.03924745,0.1766978,0.760702,0.0,0.00195733,0.0,0.0106142,0.0,54.66667,62.0,28.66667,0.793403986,76.37991,89.41269,300,1430.956,577.1802,1130.956,13.38,113.0568,0.907787,5,0.441499,0.259877,0.010203,0.6289,0.0707,0.1363,0.1344,0.0255,0.0042,0.0,0.0,0.0,0.0,1.0,0.0,0.0,0.0,0.0,0.0,0.0,0.00338,0.39624,0.0,0.0,0.02908,0.0,0.0,0.00147,0.00014,0.0,0.0,0.02392,0.33334,0.00028,0.21223,0.0,0.56977,22.42317,22.42317,4.514646,4.514646,0.144352,0.144352,72.90839,45.25949,0.0,0.0,0.0,0.0,113.0568,0.0,0.0,0,0.188235,0.038095,0.0,0.632305,0.254766,0.00483,0.129798,0.271254,1.083726,0.000171,0.0,2207.495,0.180624,0.349874,0.237893,105.8174,48.61605,109.1485,4.129503,0.414951,0.331037,0.284217,0.309249,0.296221,0.258671,0.294416,0.352614,0.377267,0.424051,0.386733,0.399396
418017,1978-11-30,2022-02-28,43.2498288843258,0.006203709565107299,0.002611631314096439,2.983446958468519,125,1.0185886567400724,Myall Creek at Molroy (418017),Murray-Darling Basin,GWYDIR RIVER,No notes,-29.7992,150.5832,-29.7515234,150.7959241,56,872.6,NSW,,1400,2300,2300,Not nested,,0,19781130,20220228,0.00620371,45.0,177.0082258,46.95149074,132.9410921,0.0,0.0,1.976609,4.049433,2.048676,0.377126,0.0,22.112938,1.324717,djf,280.29497,7.05156,mam,0.01694334,0.142544764,84.59908809,0.0,9.146768376,0.098809455,31.42250823,0.816831298,0.00039603,0.22772005,0.663272361,0.101280336,0.659213963,0.002611631,1,5.482758621,30.43823529,41.0,220.3658537,83.12195122,0.377878258,0.31449048,0.154515367,-4.586656267,0.952831774,0.295862326,1.993248152,0.513239437,0.029881126,-8.730906189,-7.529540896,3.242109859,1.07861508,0.0,254.8397249,-0.825270458,110.5025726,0.049009819,0.609696709,IGNEOUS,0.637911,SILICSED,0.3165232,0.04444617,0.637911,0.3165232,0.0,0.001118,0.0,0.0,0.0,26.5,56.75,56.4,0.892252904,114.4166,117.2395,296,797.4489,523.0275,501.4489,6.76,60.13865,0.756285,5,0.553724,0.459565,0.008443,0.512,0.0633,0.2007,0.1791,0.037,0.0079,0.0,0.0,0.0,0.0,1.0,0.0005,0.0002,0.0,3e-05,0.0,0.0,0.08755,0.16771,0.0,0.0002,0.11818,0.0,2e-05,0.03522,0.00784,2e-05,0.00049,0.0,0.14141,0.00265,0.43745,0.0005,0.58151,0.0,0.0,25.46814,25.46814,0.0,0.0,74.53176,0.757956,0.0,0.0,0.0,0.0,60.13865,0.0,0.0,0,0.174194,0.027907,0.8,0.41207,0.354598,0.008365,0.181482,1.128649,211.8787,0.134961,0.001772,1923.259,0.143665,0.2839,0.191475,102.6132,42.07402,113.041,3.191563,0.300637,0.263086,0.247266,0.229993,0.224177,0.1982,0.226055,0.263735,0.29597,0.331714,0.296963,0.312755
418021,1977-07-30,2022-02-28,44.58590006844627,0.004359840343874731,0.23134328358208955,8.052385367919118,125,1.0568219530711433,Laura Creek at Laura (418021),Murray-Darling Basin,GWYDIR RIVER,No notes,-30.2293,151.1857,-30.23223197,151.4826752,56,346.9,NSW,,1400,2300,2300,Not nested,,0,19770730,20220228,0.00435984,42.0,7.988038707,19.28826593,5.761757695,0.0,0.0,2.242975,3.623278,1.615389,0.357243,0.000209,20.989313,1.324447,djf,258.307878,5.759872,mam,0.076008204,0.188157415,86.52576678,0.0,4.934568703,0.211433942,16.47502792,1.088548573,0.0,0.82487325,0.824170916,0.18410016,0.628160849,0.231343284,1,9.156441718,33.72516556,39.07291667,219.4418605,87.44186047,0.507605631,0.452885901,0.203146,-8.827422867,0.675015092,0.298471288,2.542952656,0.4579846,0.058576652,-7.614478847,-7.479643447,3.710343825,0.594878081,0.002044393,260.0979772,-0.924702878,120.3674252,0.093376092,0.627319593,IGNEOUS,0.5873165,SILICSED,0.4078666,0.00481816,0.5873165,0.4078666,0.0,0.0,0.0,0.0,0.0,19.0,58.0,66.0,0.651396986,102.6142,88.03518,679,1383.406,1099.683,704.406,9.22,77.88122,0.902415,4,0.269638,0.597856,0.009059,0.586,0.0965,0.1701,0.1271,0.0127,0.0076,0.0,0.0,0.0,0.0,0.71,0.0,0.0003,0.0,0.00141,0.00075,0.0,0.00012,0.54592,0.0,0.00178,0.00162,0.0,0.0,0.0,0.0,0.0,0.0,0.01022,0.39765,0.0,0.03572,0.0044,0.44359,0.0,0.0,58.8763,13.32652,0.028915,0.028915,41.09485,16.55537,0.0,0.0,0.0,70.08925,77.88122,0.0,0.0,0,0.0,0.078431,1.0,0.686688,0.342945,0.023649,0.183297,2.699162,409.7941,0.298217,0.005398,1945.393,0.082878,0.300034,0.314691,125.1126,72.82653,75.82151,4.726678,0.507368,0.426848,0.354245,0.328856,0.291768,0.252216,0.28267,0.34497,0.411427,0.48747,0.504965,0.52887
418025,1978-06-15,2022-02-28,43.709787816563995,0.0032571249608518635,0.0,4.322307586416985,125,1.2811228758609559,Halls Creek at Bingara (418025),Murray-Darling Basin,GWYDIR RIVER,No notes,-29.9361,150.5716,-30.03047691,150.6046093,56,121.8,NSW,,1400,2300,2300,Not nested,,0,19780615,20220228,0.003257125,52.0,366.6569992,852.5081005,284.8300112,0.006263702,5.07537106,1.996783,4.040181,2.023345,0.34246,0.0,22.310696,1.375831,djf,282.542219,7.319981,mam,0.041640995,0.454360189,313.4453494,0.01490006,9.999206398,0.150944993,51.95332475,2.278077465,0.00993351,0.34837825,0.334576459,0.0295356,0.263495255,0.0,2,3.430656934,35.23529412,0.0,207.4146341,146.0731707,0.557957119,0.172227763,0.12916578,-1.74362425,0.615390633,0.059968937,1.072705814,0.639754727,0.028421717,-4.592800838,-3.590719827,2.306181607,1.146654884,0.0,255.413362,-0.610563318,96.89021102,0.075113913,0.378381523,SILICSED,0.6471886,UNCONSOLDTED,0.1144957,0.1144957,0.0,0.6471886,0.0,0.0,0.0,0.0,0.0,32.0,50.0,38.0,0.874773107,100.0,72.79265,344,845.5849,537.7191,501.5849,15.37,29.26588,0.764066,4,0.433609,0.390278,0.017253,0.636,0.076,0.1392,0.1182,0.0306,0.0,0.0,0.0,0.0,0.0,0.9,0.0,0.0,0.0,0.0,0.0,0.0,0.0,0.31665,0.0,0.0,0.03049,0.0,0.00033,0.00321,0.00206,0.00045,0.0,0.0,0.21618,0.04812,0.38253,0.0,0.64683,0.0,0.0,41.19154,41.19154,0.0,0.0,58.80849,0.0,0.0,0.0,0.0,0.0,29.26588,0.0,0.0,0,0.170213,0.013793,1.0,0.485128,0.331515,0.0,0.165758,0.376229,0.387423,0.0,0.0,2078.294,0.180753,0.345878,0.222163,105.6477,45.52235,110.5726,3.753736,0.370459,0.309358,0.256116,0.273178,0.269933,0.237149,0.267437,0.31139,0.339135,0.396339,0.354686,0.367267
418027,1970-07-02,2022-02-28,51.663244353182755,0.012347641759406466,0.18677898803455492,4.1767918478860455,125,1.13791305503718,Horton River at Horton Dam Site (418027),Murray-Darling Basin,GWYDIR RIVER,No notes,-30.2081,150.4281,-30.29833114,150.3243692,56,206.9,NSW,,1400,2300,2300,Level 1,418015,0,19700702,20220228,0.012347642,54.0,18.38339873,34.32901805,13.01746924,0.095389507,13.58291604,2.287926,3.924077,1.715124,0.269551,3e-06,21.933158,1.365417,djf,276.645436,6.875782,mam,0.099126075,0.098561024,202.6506282,0.0,6.311045853,0.450127462,16.48905822,8.070002879,0.0,1.41153762,1.002940747,0.205022268,0.717551108,0.186778988,1,9.076009501,34.46649485,31.08035714,203.3673469,87.46938776,0.493921022,0.40437692,0.249034685,-7.917665982,0.87788756,0.350311312,2.10775067,0.563630491,0.110432593,-9.905265672,-10.24044673,2.719155265,0.762425226,0.00043929,260.6977364,-0.93364325,99.24769429,0.190887037,0.57852327,SILICSED,0.5597853,IGNEOUS,0.3973037,0.02177139,0.3973037,0.5597853,0.0,4.05e-05,0.0,0.02109961,0.0,62.0,62.0,22.0,0.744567596,105.6398,108.5343,434,1430.956,787.9163,996.956,16.49,46.69749,0.949237,3,0.346702,0.370159,0.021863,0.7003,0.0814,0.1137,0.088,0.0163,0.0003,0.0,0.0,0.0,0.0,0.97,0.0,0.0,0.0,0.0,0.0,0.0,0.0011,0.26845,0.0,0.0,0.00668,0.0,0.0,0.0,0.0,0.0,0.0,0.07732,0.57389,0.0,0.07258,0.0,0.72379,23.38571,23.38571,0.0,0.0,0.194498,0.194498,76.37928,65.39707,0.0,0.0,0.0,0.0,46.69749,0.0,0.0,0,0.109804,0.010127,0.0,0.683013,0.22653,0.006314,0.116422,0.228829,1.083726,0.00162,0.0,2565.515,0.135347,0.313202,0.275618,112.945,58.57113,99.63589,4.961172,0.518951,0.400211,0.360767,0.380281,0.340822,0.294889,0.330739,0.408243,0.448796,0.493543,0.483764,0.498847
418032,1979-05-26,2022-02-28,42.76522929500342,0.0822663252240717,0.29410533658876875,3.836911626039732,125,1.5207467284446903,Tycannah Creek at Horseshoe Lagoon (418032),Murray-Darling Basin,GWYDIR RIVER,No notes,-29.6719,150.0426,-29.86533289,150.1828575,56,855.0,NSW,,1400,2300,2300,Not nested,,0,19790526,20220228,0.082266325,38.0,27.06056132,733.5896636,21.359459,0.019206146,9.70611596,1.953215,4.193762,2.147107,0.313417,0.0,21.978103,1.399542,djf,284.528788,7.527467,mam,0.016725628,0.101302509,125.1350326,0.0,11.11259446,0.083982036,29.52186803,0.870971076,0.0,0.17380455,0.909969575,0.213254273,0.806138821,0.294105337,1,18.41566265,73.60509554,45.33333333,208.1612903,74.77419355,0.557274909,0.422292964,0.24122473,-8.813440095,0.880869505,0.230191509,2.244195906,0.565481353,0.021704299,-11.94643493,-10.6956903,2.54289481,1.362882499,0.0,270.7584235,-0.854284342,174.481404,0.042328897,0.512753717,SILICSED,0.6570329,UNCONSOLDTED,0.1861153,0.1861153,0.1368075,0.6570329,0.0,0.00385829,0.0,0.01618589,0.0,30.86592,62.0,45.60056,0.757660316,89.07428,102.9537,258,1227.647,416.6672,969.647,8.23,75.28587,0.652703,5,0.446251,0.181345,0.013158,0.4932,0.0565,0.1485,0.1638,0.0634,0.0519,0.0227,0.0,0.0,0.0,0.07,0.0,0.0001,0.0,0.0,0.0,0.0,0.07811,0.14086,0.0,0.0,0.09464,0.0,0.0,0.01889,0.00187,2e-05,0.0003,0.00348,0.35332,0.00027,0.30809,0.0,0.66516,18.98149,18.98149,13.07108,13.07108,0.307434,0.307434,67.62296,43.04693,0.0,0.0,0.0,0.0,75.28587,0.0,0.0,0,0.115152,0.019876,1.0,0.802378,0.242925,0.001276,0.1221,0.192467,0.416763,0.0,0.0,1914.041,0.168334,0.299402,0.19275,97.62386,32.73965,122.7204,3.430606,0.305658,0.268705,0.227372,0.256808,0.260883,0.237024,0.287832,0.330056,0.317438,0.340732,0.294298,0.303949
419005,1950-01-01,2022-02-28,72.1615331964408,0.004742573130477672,0.020089966453186947,13.34726817525473,125,2.042563343520287,Namoi River at North Cuerindi (419005),Murray-Darling Basin,NAMOI RIVER,No notes,-30.678611,150.778056,-30.8628861,151.2224345,56,2535.9,NSW,,1400,2300,2300,Not nested,,1,19500101,20220228,0.004742573,67.0,78.63608824,34.00377012,57.49218386,0.041734644,4.13834449,2.138391,3.638336,1.701436,0.317226,0.000155,21.079203,1.305679,djf,259.862975,6.036542,mam,0.134739309,0.346906893,94.7743504,0.0,3.583526357,0.268966871,14.89398037,0.929006573,0.00095398,0.9971144,0.636011999,0.090309546,0.44967978,0.020089966,1,6.420054201,28.35576923,21.08,197.0606061,100.7727273,0.748675081,0.768566132,0.1254661,-4.14021344,0.38174697,0.179124035,1.741936646,0.437073171,0.054990046,-6.654895898,-6.042701082,2.772034621,0.640550676,0.001746943,254.2701682,-0.92836332,153.0865872,0.123152537,0.446519797,IGNEOUS,0.5885242,SILICSED,0.3540118,0.00131077,0.5885242,0.3540118,0.0,0.0,0.02708239,0.02196237,0.0,21.0,62.0,52.0,0.922907394,171.097,111.6764,378,1461.415,921.3581,1083.415,12.11,223.478,0.903558,5,0.254541,0.5052,0.004884,0.6388,0.1035,0.1771,0.077,0.0036,0.0,0.0,0.0,0.0,0.0,0.97,0.0002,0.0001,0.0,0.0001,0.0,0.0,0.00162,0.49245,0.0,0.0003,0.00882,0.0,0.0,0.00062,0.00019,0.0,0.0,0.03387,0.32787,0.00033,0.13353,0.0,0.4956,0.0,0.0,18.05135,3.322735,0.0,0.0,81.94134,9.411238,0.0,0.0,0.0,33.05622,223.478,0.0,0.0,0,0.02963,0.023188,0.0,0.664851,0.335247,0.041639,0.188443,0.49588,100.896,0.009083,0.000861,1781.755,0.092971,0.285541,0.292354,123.929,68.16643,84.432,4.56743,0.469052,0.393253,0.328658,0.322764,0.29038,0.251054,0.283655,0.358464,0.417322,0.478322,0.481424,0.489429
419010,1979-05-20,2022-02-28,42.78165639972622,0.002943811596057852,0.020025673940949937,9.630823917035396,125,1.363357089726923,Macdonald River at Woolbrook (419010),Murray-Darling Basin,NAMOI RIVER,No notes,-30.9669,151.3448,-31.17847864,151.4976158,56,843.9,NSW,,1400,2300,2300,Level 1,419005,0,19790520,20220228,0.002943812,91.0,34.23997907,22.51731348,25.70854097,0.0,0.0,2.383048,3.45539,1.449988,0.268551,0.000803,21.223027,1.292282,djf,253.07628,5.414231,mam,0.143608001,0.292913449,82.04473897,0.0,3.299314571,0.322603022,12.33289278,1.132881051,0.00378826,1.23640672,0.52756353,0.076508344,0.392875481,0.020025674,1,3.832797428,17.09776536,18.35294118,192.0238095,115.547619,0.632112444,0.648312861,0.148502678,-3.400425955,0.519519384,0.268516193,1.873944651,0.452953065,0.079576355,-6.251629659,-4.9004111,3.304950675,0.53539353,0.008987596,270.3255115,-0.867026645,143.1322702,0.135896342,0.585566573,SILICSED,0.4813332,IGNEOUS,0.3716193,0.0,0.3716193,0.4813332,0.0,0.0,0.08119867,0.06584779,0.0,21.0,52.68182,52.0,0.958110817,132.0112,91.60442,910,1461.415,1127.892,551.415,9.37,80.07152,0.89554,5,0.410283,0.426468,0.007263,0.6075,0.1151,0.1842,0.0863,0.0069,0.0,0.0,0.0,0.0,0.0,0.92,0.0,0.0,0.0,0.0,0.0,0.0,0.00072,0.77195,0.0,0.0,0.0001,0.0,0.0,0.0,0.0,0.0,0.0,0.08371,0.14311,0.0,0.00047,0.0,0.22729,0.0,0.0,42.03706,7.915102,0.0,0.0,57.96288,3.975956,0.0,0.0,0.0,87.61272,80.07152,0.0,0.0,0,0.241176,0.034043,0.0,0.620606,0.353362,0.004496,0.178929,0.401809,0.696083,0.0,0.0,1991.019,0.068093,0.307268,0.361561,130.7456,78.48093,70.88432,5.317671,0.566756,0.469689,0.401447,0.377806,0.319499,0.273303,0.306366,0.402313,0.48005,0.554074,0.570753,0.590541
419016,1973-07-18,2022-02-28,48.61875427789185,0.0037729474039869355,0.13571872703634616,8.298861758976937,125,1.4752166855650113,CoCreekburn River at Mulla Crossing (419016),Murray-Darling Basin,NAMOI RIVER,No notes,-31.0614,151.1254,-31.13318863,151.2801492,56,894.5,NSW,,1400,2300,2300,Not nested,,1,19730718,20220228,0.003772947,98.0,22.71643027,18.98739291,17.31265221,0.0,0.0,2.147466,3.616076,1.683881,0.262708,6.9e-05,22.193839,1.286608,djf,267.117097,6.091841,mam,0.076891493,0.183188441,59.76886435,0.0,4.58143874,0.191429093,12.94404004,0.769165243,0.0,0.70127667,0.795419322,0.143801933,0.602001017,0.135718727,1,6.456852792,27.37789203,35.8358209,191.7111111,89.57777778,0.609766231,0.573088501,0.192311399,-6.224650863,0.658016167,0.343288328,3.009710662,0.454380977,0.051631417,-7.86853815,-6.840161593,3.42933692,0.538070397,0.000995818,275.6344515,-0.902735867,113.6786495,0.087130134,0.592578189,SILICSED,0.8977089,IGNEOUS,0.1000483,0.0,0.1000483,0.8977089,0.0,0.0,0.0022425,0.0,0.0,25.27273,30.0,47.27273,0.98187878,108.7848,99.353,448,1322.5,831.9094,874.5,22.79,73.33671,0.905591,5,0.461734,0.448323,0.012126,0.8334,0.0881,0.0676,0.0106,0.0003,0.0,0.0,0.0,0.0,0.0,1.0,0.0,0.0,0.0,0.0,0.0,0.0,0.0001,0.13737,0.0,0.0,0.00352,0.0,0.0,0.00022,3e-05,0.0,0.0,0.11772,0.65555,0.0,0.0855,0.0,0.85877,0.0,0.0,31.53491,31.22053,0.0,0.0,68.4649,3.523725,0.0,0.0,0.0,11.81956,73.33671,0.0,0.0,0,0.374194,0.029268,1.0,0.514224,0.279363,0.002708,0.141036,0.568454,2.578845,0.042234,0.0,1769.987,0.09027,0.285233,0.293428,118.5919,61.99514,89.19182,5.358225,0.553949,0.464036,0.355661,0.370958,0.340701,0.29612,0.337624,0.433883,0.502639,0.551474,0.560892,0.585643
419029,1978-12-01,2022-02-28,43.24709103353867,0.08983286908077995,0.005564443207901509,8.74219362446319,125,0.9609460476684764,Halls Creek at Ukolan (419029),Murray-Darling Basin,NAMOI RIVER,No notes,-30.7054,150.8259,-30.78666534,150.975076,56,357.4,NSW,,1400,2300,2300,Not nested,,0,19781201,20220228,0.089832869,85.0,68.07637778,18.23142912,49.60775904,0.088630033,9.579507411,2.010366,3.78713,1.883802,0.316404,3.2e-05,22.193839,1.306349,djf,274.45212,6.670745,mam,0.068022377,0.288542066,52.51519046,0.0,4.821101741,0.124962383,25.5975022,0.362953667,0.00096702,0.50648567,0.676227337,0.151213744,0.613479864,0.005564443,1,13.50310559,48.72928177,2.857142857,187.8529412,87.41176471,0.561025978,0.709374439,0.115493177,-4.624811979,0.486146428,0.161420197,1.64859539,0.564571994,0.031166083,-8.504989099,-3.929193527,2.804592927,0.538900809,0.000425858,268.099402,-0.917347544,91.57401906,0.061224745,0.509043904,SILICSED,0.7569879,IGNEOUS,0.1861212,0.0,0.1861212,0.7569879,0.0,0.0,0.0,0.0,0.0,21.0,62.0,52.0,0.869518645,148.7677,91.15083,384,1224.384,713.4925,840.384,21.59,50.24395,0.952831,4,0.427943,0.390529,0.016684,0.7954,0.0856,0.0842,0.0315,0.0033,0.0,0.0,0.0,0.0,0.0,0.93,0.0,0.0,0.0,0.00028,0.0,0.0,0.00036,0.13285,0.0,0.0,0.01237,0.0,0.0,0.00132,0.00013,0.0,0.0,0.02466,0.53028,0.00018,0.29758,0.0,0.8527,0.0,0.0,0.022835,0.022835,0.0,0.0,99.95887,10.12784,0.0,0.0,0.0,0.0,50.24395,0.0,0.0,0,0.4,0.038095,0.0,0.623476,0.265547,0.002293,0.13392,0.441149,2.428679,0.008045,0.0,1635.733,0.12227,0.290681,0.258786,116.7076,55.83258,99.07689,4.303599,0.425396,0.357937,0.304089,0.3055,0.28784,0.250236,0.286191,0.354512,0.403686,0.440762,0.43681,0.448282
419035,1981-11-11,2022-02-28,40.30116358658453,0.008152173913043478,0.0030821917808219177,11.156790729249995,125,0.8200729156397047,Goonoo Goonoo Creek at Timbumburi (419035),Murray-Darling Basin,NAMOI RIVER,No notes,-31.2726,150.9147,-31.40778966,150.9415925,56,454.1,NSW,,1400,2300,2300,Not nested,,0,19811111,20220228,0.008152174,88.0,29.58338009,16.59210047,22.18070152,0.27173913,34.44807008,2.012343,3.735411,1.85625,0.227067,0.0,22.769135,1.325484,djf,278.551104,6.900022,mam,0.068025467,0.209212222,77.01401219,0.0,7.61415957,0.124706725,20.48563083,0.901620326,0.00076103,0.34151332,0.683622936,0.129863014,0.652191781,0.003082192,1,7.236641221,34.25179856,9.0,203.5384615,100.6666667,0.388237289,0.197267876,0.174364208,-5.2079925,0.891880454,0.250073475,1.81481586,0.551612903,0.033165526,-8.94974857,-7.389394738,2.754815985,0.600287959,9.08e-05,282.0813547,-0.836761459,119.722674,0.060936224,0.54426618,SILICSED,0.9239604,IGNEOUS,0.07603941,0.0,0.07603941,0.9239604,0.0,0.0,0.0,0.0,0.0,21.0,42.0,52.0,0.888142751,87.55185,72.30328,430,1324.224,603.8134,894.224,9.95,40.79301,0.906107,4,0.59092,0.194794,0.021932,0.5536,0.0782,0.169,0.1562,0.0406,0.0024,0.0,0.0,0.0,0.0,0.66,0.0,0.0,0.0,0.00134,0.0,0.0,0.01785,0.79355,0.0,0.0,0.01531,0.0,0.0,0.00024,0.0001,0.0,0.0001,0.00645,0.13577,1e-05,0.0292,0.0,0.17143,0.0,0.0,8.190608,8.19422,0.0,0.0,91.80939,0.039686,0.0,0.0,0.0,71.43945,40.79301,0.0,0.0,0,0.111111,0.066667,0.0,0.741329,0.356602,0.008184,0.182393,0.624217,1.525852,0.215695,0.0,1904.087,0.12822,0.312659,0.264035,110.2213,47.77646,102.3278,3.552723,0.326917,0.271571,0.221435,0.237268,0.224878,0.20635,0.237804,0.318821,0.384166,0.425182,0.356255,0.341643
419054,1974-05-23,2022-02-28,47.77275838466804,0.008883030546163104,0.1850352723487915,5.773999973943429,125,1.3762518101650292,Swamp Oak Creek at Limbri (419054),Murray-Darling Basin,NAMOI RIVER,No notes,-31.0396,151.1694,-31.13688766,151.3263899,56,393.1,NSW,,1400,2300,2300,Level 1,419016,0,19740523,20220228,0.008883031,34.0,251.4109225,17.39938565,187.5790059,0.068771849,8.725434222,2.162307,3.59347,1.661869,0.266453,7.8e-05,22.526432,1.28447,djf,266.964284,5.987702,mam,0.072474932,0.159929553,77.36868446,0.0,5.003514297,0.178419259,17.90554217,0.796954913,0.0,0.716336,1.01836973,0.191858448,0.643344513,0.185035272,1,7.995180723,31.16526611,38.0952381,209.4222222,82.26666667,0.55524632,0.541050558,0.227759619,-8.159260156,0.70300467,0.3652503,2.298587063,0.490133673,0.049551448,-7.651052449,-7.372592225,3.242986602,0.530185891,0.001346467,277.7894547,-0.923083764,99.59091676,0.080892468,0.612559484,SILICSED,0.9422356,IGNEOUS,0.05776429,0.0,0.05776429,0.9422356,0.0,0.0,0.0,0.0,0.0,29.18182,30.54546,41.54545,0.985179644,100.0,97.01107,516,1243.895,850.5151,727.895,22.57,52.84468,0.908335,4,0.427165,0.491556,0.014641,0.8332,0.088,0.0665,0.0116,0.0007,0.0,0.0,0.0,0.0,0.0,1.0,0.0,0.0,0.0,0.0,0.0,0.0,2e-05,0.13909,0.0,0.0,0.00463,0.0,0.0,8e-05,2e-05,0.0,0.0,0.09797,0.67525,0.0,0.0829,0.0,0.85612,0.0,0.0,29.08068,28.67135,0.0,0.0,70.91919,5.74575,0.0,0.0,0.0,25.43965,52.84468,0.0,0.0,0,0.2875,0.001266,0.0,0.502836,0.280765,0.001168,0.140966,0.444678,0.683135,0.0,0.0,1746.314,0.088887,0.287181,0.29848,119.6182,63.19152,87.90112,5.508614,0.570963,0.479751,0.363652,0.379649,0.348254,0.30197,0.34429,0.444388,0.516626,0.569199,0.578862,0.606013
420003,1972-01-26,2022-02-28,50.09445585215606,0.02727223042028748,0.0003371165299471851,6.65043385988641,125,1.0001204869580829,Belar Creek at Warkton (Blackburns) (420003),Murray-Darling Basin,CASTLEREAGH RIVER,No notes,-31.3861,149.2011,-31.36117419,149.120902,55,130.9,NSW,,1400,2300,2300,Level 1,420017,0,19720126,20220228,0.02727223,38.0,141.4672646,566.4289696,101.8590136,0.005465377,1.587741586,2.135046,3.925269,1.838494,0.173862,7e-06,22.265751,1.369265,djf,285.382743,7.569862,mam,0.072895622,0.246742253,156.8577463,0.00065998,5.684211983,0.214332552,19.40408735,1.484283297,0.00725995,0.65009522,0.462814666,0.112428363,0.618327902,0.000337117,1,8.134146341,32.85074627,6.0,196.0,88.77777778,0.521161848,0.474874799,0.129678441,-2.947843323,0.664804993,0.178569542,1.941840135,0.567424858,0.046610014,-7.554603067,-6.108141716,2.836453828,0.745683445,0.000319966,318.2533444,-0.894574505,163.2288596,0.094868388,0.491312383,SILICSED,0.5338102,IGNEOUS,0.4661897,0.0,0.4661897,0.5338102,0.0,0.0,0.0,0.0,0.0,14.66667,32.83333,66.66666,0.921299219,58.73454,146.0298,473,1097.395,644.4183,624.395,17.6,25.00205,0.762447,4,0.520215,0.279702,0.025153,0.7104,0.0988,0.138,0.0527,0.0001,0.0,0.0,0.0,0.0,0.0,0.94,0.0,0.0,0.0,0.00123,0.0,0.0,0.00205,0.3309,0.0,0.0,0.00563,0.0,0.00031,0.00298,0.00183,0.0,0.0,0.01874,0.47911,0.00078,0.15635,0.0,0.65498,25.76319,25.76319,6.632997,6.632997,0.0,1.005672,67.60382,56.24416,0.0,0.0,0.0,0.0,25.00205,0.0,0.0,0,0.156522,0.056338,0.0,0.381851,0.178815,0.0,0.089408,0.688219,0.688894,0.0,0.0,2593.427,0.094544,0.236413,0.245132,111.1525,56.56287,99.18959,4.438884,0.470318,0.320902,0.364268,0.359461,0.321302,0.272026,0.299608,0.37276,0.401498,0.44526,0.414416,0.399568
420017,1980-02-28,2022-02-28,42.0041067761807,0.006322513362012776,0.013709412922269596,3.9238910144051267,125,0.9947101077431462,Castlereagh River at Hidden Valley (420017),Murray-Darling Basin,CASTLEREAGH RIVER,No notes,-31.4197,149.3103,-31.33735702,149.3493066,55,1156.7,NSW,,1400,2300,2300,Not nested,,1,19800228,20220228,0.006322513,17.0,7.186824511,43.31744832,5.118380064,0.019554165,5.400343701,1.94416,3.947725,2.030555,0.252748,0.0,22.121927,1.37256,djf,287.135598,7.76069,mam,0.034517043,0.188100971,71.38709686,0.0,7.346961175,0.107044261,22.66139268,0.618503644,0.00052287,0.28391912,0.666801593,0.153427353,0.682059692,0.013709413,1,11.52216749,44.24680851,8.36,194.4594595,99.16216216,0.45691954,0.560109011,0.188179584,-4.439489871,0.744047027,0.188808732,2.687633832,0.494032296,0.025632184,-8.522309503,-7.747820864,2.632790652,0.708922844,0.000193611,292.4710187,-0.908476363,171.7611766,0.052341372,0.489711734,SILICSED,0.6472281,IGNEOUS,0.3334344,0.01464463,0.3334344,0.6472281,0.0,0.0,0.0,0.004693,0.0,42.28125,59.1875,38.71875,0.844286893,219.273,140.2213,423,1130.967,563.0797,707.967,7.54,69.83631,0.81672,5,0.549532,0.199168,0.010154,0.4952,0.049,0.1892,0.1917,0.0461,0.0261,0.0027,0.0,0.0,0.0,0.65,0.0,0.0002,0.0,0.00023,0.0,0.0,0.02062,0.35648,0.0,0.0,0.02917,0.0,0.00012,0.00205,0.00129,6e-05,0.0,0.00586,0.30692,0.00233,0.27182,0.003,0.58693,17.90147,17.90147,1.543981,1.543981,0.0,0.949895,80.5546,52.29489,0.0,0.0,0.0,0.0,69.83631,0.0,0.0,0,0.08,0.023529,0.4,0.564027,0.230918,0.161655,0.196286,2.843751,1028.679,0.007874,0.007874,2088.531,0.09554,0.222256,0.21113,109.5777,50.98494,101.8658,3.690661,0.370912,0.266155,0.281094,0.294742,0.276779,0.236153,0.259981,0.316827,0.34379,0.376384,0.338791,0.330874
421018,1973-05-16,2022-02-28,48.79123887748118,0.022445429549408,0.021870156707422077,21.137939856851457,125,1.1502046804368753,Bell River at Newrea (421018),Murray-Darling Basin,MACQUARIE-BOGAN RIVERS,No notes,-32.6808,148.9478,-32.99118756,148.9763917,55,1635.0,NSW,,1400,2300,2300,Not nested,,1,19730516,20220228,0.02244543,59.0,30.69498086,139.6217775,23.5039648,0.0,0.0,1.892045,3.682184,1.94614,0.041798,9e-06,21.978103,1.297771,djf,278.119632,6.601237,mam,0.084453924,0.288585487,92.66958714,0.0,5.439708693,0.163813505,23.34260802,0.7940552,0.00079266,0.53657505,0.672233525,0.100970094,0.517938121,0.021870157,1,5.982993197,38.23305085,14.11111111,184.7105263,96.47368421,0.480313585,0.702928658,0.119350941,-4.211681841,0.605024264,0.202230996,1.679318062,0.442284808,0.048748729,-8.321282654,-6.222328518,2.585621975,0.531243194,0.000420109,281.9116704,-0.857503258,149.8970296,0.087173381,0.559215773,SEDVOLC,0.4785609,METAMORPH,0.2005573,0.01944879,0.1268398,0.1598772,0.01471509,0.0,0.2005573,0.4785609,0.0,24.0,47.33333,48.16667,0.850269058,197.4982,100.2973,324,1353.492,608.8254,1029.492,8.24,127.8735,0.920145,5,0.356921,0.28338,0.008126,0.5626,0.0919,0.2099,0.1298,0.0055,0.0003,0.0,0.0,0.0,0.0,1.0,0.0,0.0003,0.0,0.0051,0.00068,0.0,0.02312,0.79872,0.0,0.0,0.0054,0.0,0.0,0.00024,2e-05,0.0,0.0,0.01178,0.07212,2e-05,0.07822,0.0043,0.16214,2.193692,2.193692,0.0,0.0,0.0,0.0,97.7865,3.611009,0.0,0.0,0.0,0.0,126.292,0.0,0.0,0,0.375,0.1,0.0,0.586864,0.379734,0.102899,0.241317,9.836156,2563.479,0.328111,0.04762,1469.285,0.098095,0.278278,0.308727,113.0374,60.65422,93.20656,3.512699,0.228765,0.191603,0.215073,0.244004,0.244481,0.216016,0.240721,0.341964,0.435914,0.500814,0.379311,0.278373
421026,1973-02-03,2022-02-28,49.07049965776865,0.022987223121129274,0.09131403118040089,18.93273873479298,125,1.2743795877202537,Turon River at Sofala (421026),Murray-Darling Basin,MACQUARIE-BOGAN RIVERS,No notes,-33.0819,149.689,-33.20411886,149.8955427,55,885.8,NSW,,1400,2300,2300,Not nested,,0,19730203,20220228,0.022987223,90.0,27.8580176,36.97123725,21.48319802,0.005579423,2.369712441,2.020296,3.395672,1.68078,0.169791,0.000213,21.070214,1.311696,djf,264.087804,5.900582,mam,0.091269167,0.22138597,170.4553813,0.0,6.854027159,0.236246912,30.46790065,2.621947092,0.0,0.73621565,0.976419627,0.114156816,0.565701559,0.091314031,1,6.427652733,30.66873065,32.63265306,183.8918919,107.027027,0.550596013,0.632202931,0.167811395,-4.97101515,0.607388817,0.234926541,2.046414866,0.424035748,0.059173822,-7.475077289,-6.450799161,3.352498655,0.62677042,0.002821522,273.9182186,-0.893134525,143.1703035,0.114273036,0.517828387,SILICSED,0.5631589,SEDVOLC,0.3481171,0.0,0.0126698,0.5631589,0.0,0.07605323,0.0,0.3481171,0.0,21.0,55.20455,52.0,1.242145292,214.5652,150.9506,585,1270.802,898.1169,685.802,19.88,83.28139,0.945124,5,0.403266,0.477766,0.008569,0.7832,0.0943,0.0916,0.0301,0.0008,0.0,0.0,0.0,0.0,0.0,1.0,0.002,0.0001,0.0,0.0,0.0,0.0,4e-05,0.20011,0.0,0.0,0.00276,0.0,0.00045,0.00066,0.00193,0.00025,2e-05,0.07749,0.65458,0.00123,0.05645,0.0019,0.78975,7.231993,7.231993,7.680527,7.680527,0.889814,0.889814,84.19765,29.06651,0.0,0.0,0.0,0.0,83.28139,0.0,0.0,0,0.314754,0.104478,0.0,0.491117,0.294218,0.009931,0.152075,3.56564,872.5898,0.163571,0.008394,1668.242,0.059391,0.262882,0.345104,126.1442,74.15875,76.07993,4.840605,0.463735,0.39316,0.388256,0.363709,0.309732,0.261899,0.292688,0.397756,0.459403,0.524663,0.499966,0.483521
421042,1970-11-20,2022-02-28,51.27720739219713,0.016391692028405146,0.3402996417327109,6.882221590760773,125,2.122572271415687,Talbragar River at Elong Elong (421042),Murray-Darling Basin,MACQUARIE-BOGAN RIVERS,No notes,-32.0939,149.0598,-32.00043063,149.5436716,55,3192.0,NSW,,1400,2300,2300,Not nested,,0,19701120,20220228,0.016391692,58.0,20.51880906,28.23218372,15.1520383,0.133482834,19.70093198,1.755807,3.826171,2.179153,0.229003,0.0,21.627532,1.32562,djf,283.917536,7.393493,mam,0.017717119,0.21249374,67.40856037,0.0,7.028446492,0.04875392,20.52046392,0.117418837,0.0,0.13225305,0.756843985,0.194170014,0.621322332,0.340299642,2,13.39700375,53.48598131,81.41558442,170.3947368,90.47368421,0.811038502,0.702476893,0.209343459,,0.492619624,0.184569057,2.055731437,0.454457676,0.00914878,-7.409285788,-5.691158687,3.514613292,0.759421111,6.43e-05,265.8857746,-0.825691424,135.3032499,0.026375627,0.346864938,SILICSED,0.4638264,SEDVOLC,0.3005659,0.1861885,0.04231932,0.4638264,0.0,0.00710504,0.0,0.3005659,0.0,10.88235,51.0,80.0,0.860105506,162.859,128.2892,327,1214.174,516.8026,887.174,7.91,184.4137,0.882759,6,0.345815,0.22039,0.004851,0.5074,0.0662,0.1672,0.1567,0.0661,0.0312,0.0052,0.0,0.0,0.0,0.3,0.0,0.0,0.0,0.00301,3e-05,0.0,0.04831,0.50208,0.0,0.0,0.03393,0.0,5e-05,0.00218,0.00035,0.0,0.0,0.02008,0.22155,0.00065,0.16685,0.0009,0.40913,29.94298,29.94298,0.396488,0.396488,0.0,0.387713,69.65949,42.02925,0.0,0.0,0.0,0.0,184.4137,0.0,0.0,0,0.272727,0.021333,0.0,0.606067,0.249075,0.071391,0.160233,0.992165,562.558,0.037853,0.002195,1518.264,0.109356,0.255518,0.220172,109.2833,50.66339,100.5209,3.640499,0.316595,0.246279,0.267255,0.268844,0.270883,0.239508,0.26896,0.334726,0.387039,0.404581,0.339222,0.298898
421048,1986-06-26,2022-02-28,35.67967145790554,0.014195825659914058,0.2553903635089904,9.611646394060644,125,1.0930276777715267,Little River at Obley No.2 (421048),Murray-Darling Basin,MACQUARIE-BOGAN RIVERS,No notes,-32.7072,148.5511,-32.90450544,148.5266715,55,577.6,NSW,,1400,2300,2300,Not nested,,0,19860626,20220228,0.014195826,31.0,27.11693355,27.5962348,20.30874028,0.061387354,12.26399573,1.712741,3.803014,2.220425,0.042749,0.0,21.996081,1.309256,djf,284.313052,7.18025,mam,0.099618977,0.208947982,122.325672,0.0,6.880103399,0.154374316,25.07984391,1.128080327,0.0,0.53031382,0.699413605,0.177161983,0.733556472,0.255390364,1,13.00571429,45.74757282,32.48514851,208.8333333,68.8,0.561302469,0.641971048,0.160781422,-6.149617825,0.696792331,0.222866976,3.097718426,0.48803646,0.054579312,-10.47032776,-7.508237626,3.366185731,0.435940402,0.0,263.2032922,-0.879088953,169.6517718,0.087933098,0.620691332,IGNEOUS,0.7688739,UNCONSOLDTED,0.1752682,0.1752682,0.7688739,0.02561234,0.0,0.00051237,0.0,0.02973312,0.0,21.0,42.0,52.0,0.828325116,75.47264,86.96468,384,810.0157,531.3821,426.0157,7.03,58.9076,0.906412,5,0.460074,0.353414,0.007315,0.5043,0.0532,0.1877,0.1928,0.0512,0.0108,0.0,0.0,0.0,0.0,1.0,0.0001,0.0,0.0,0.0,0.0,0.0,0.04048,0.50138,0.0,0.0,0.01778,0.0,0.0,0.00053,0.00015,0.0,0.0,0.0,0.08508,0.00849,0.34599,0.0,0.43956,2.80226,2.80226,0.0,0.0,0.0,0.0,97.19772,24.96044,0.0,0.0,0.0,0.0,58.9076,0.0,0.0,0,0.5,0.0,1.0,0.340506,0.253936,0.005938,0.129937,0.358263,0.780236,0.0,0.0,1310.981,0.114558,0.274464,0.282104,112.4799,48.22264,101.2964,3.161015,0.227561,0.182356,0.209843,0.23036,0.228793,0.205264,0.221285,0.304816,0.379763,0.428376,0.299794,0.246714
421050,1974-02-23,2022-02-28,48.016427104722794,0.0193294560383168,0.07267864410721554,7.84354843052766,125,1.1876481073113976,Bell River at Molong (421050),Murray-Darling Basin,MACQUARIE-BOGAN RIVERS,No notes,-33.03,148.95,-33.13059198,149.0505171,55,368.2,NSW,,1400,2300,2300,Level 1,421018,0,19740223,20220228,0.019329456,52.0,57.56574189,23.32408719,46.09820765,0.0,0.0,2.048341,3.585605,1.750492,-0.004177,0.000123,22.328674,1.29106,djf,273.076803,6.296166,mam,0.107054744,0.175475221,103.5996996,0.0,5.202493178,0.236686781,20.75439168,1.516250808,0.0,0.86803592,0.976434475,0.133786848,0.611023897,0.072678644,1,5.090707965,20.24855491,14.88095238,167.1891892,87.32432432,0.498075749,0.617326514,0.232827275,-4.808704776,0.756331119,0.368029085,3.102031745,0.509632674,0.088522371,-8.035559124,-6.84876521,2.811240646,0.46600975,0.001372579,293.1653619,-0.868211821,143.5295226,0.119247815,0.742339564,SEDVOLC,0.6386177,IGNEOUS,0.2316006,0.01561484,0.2316006,0.03950365,0.0,0.0,0.0746626,0.6386177,0.0,24.9375,53.9375,50.5,0.907646006,137.3872,125.0211,528,1016.193,743.6996,488.193,8.33,46.79493,0.88698,4,0.467869,0.452238,0.010631,0.5786,0.105,0.2073,0.1051,0.0035,0.0005,0.0,0.0,0.0,0.0,1.0,0.0,0.0,0.0,0.00163,6e-05,0.0,0.01951,0.74666,0.0,0.0,0.00126,0.0,0.0,7e-05,9e-05,0.0,0.0,0.01668,0.14834,0.00012,0.05107,0.0146,0.21621,0.778041,0.778041,0.0,0.0,0.0,0.0,99.22195,7.012109,0.0,0.0,0.0,0.0,46.79493,0.0,0.0,0,0.242857,0.015686,0.2,0.719962,0.382909,0.065791,0.22435,33.0915,2563.479,0.587194,0.107435,1662.464,0.089218,0.297448,0.344458,118.6915,72.37928,86.19175,4.051864,0.330581,0.268873,0.292246,0.29909,0.26717,0.225293,0.249507,0.347551,0.434474,0.51633,0.439386,0.383654
421055,1980-11-26,2022-02-28,41.25941136208077,0.03185136031851361,0.6580534612748458,8.784411192585326,125,0.99317573552183,Coolbaggie Creek at Rawsonville (421055),Murray-Darling Basin,MACQUARIE-BOGAN RIVERS,No notes,-32.1442,148.4549,-32.00550891,148.6475194,55,616.7,NSW,,1400,2300,2300,Not nested,,0,19801126,20220228,0.03185136,15.0,28.51292076,46.59132394,22.13580097,0.0,0.0,1.453573,4.017588,2.76394,0.155183,0.0,22.283729,1.356869,djf,296.520113,8.412905,mam,0.108766039,0.204548121,93.34822196,0.0,7.302615629,0.113345893,14.93102693,0.685122863,0.0,0.21590774,0.796047295,0.341946539,0.877998629,0.658053461,1,30.42073171,52.9338843,56.47647059,200.2857143,96.17857143,0.531148499,0.523670363,0.0530003,,0.862671236,0.671109538,1.697417693,0.535819431,0.049678394,-10.41432201,-10.38349627,2.126436851,0.575586866,0.0,225.1210188,-0.90925213,102.581991,0.074527965,0.666573873,SILICSED,0.5871006,UNCONSOLDTED,0.4119985,0.4119985,0.00064133,0.5871006,0.0,0.0,0.0,0.0,0.0,26.34328,62.0,59.47015,0.870233957,201.6792,127.3816,249,422.9964,312.6541,173.9964,1.55,69.75937,0.915524,4,0.420815,0.361474,0.002477,0.2183,0.0054,0.0717,0.156,0.1027,0.1213,0.2177,0.1069,0.0,0.0,0.0,0.0,0.00022,0.0,2e-05,0.0,0.0,0.1627,0.1142,0.0,0.00115,0.12626,0.0,0.00043,0.07191,0.01552,0.00087,0.0002,0.0,0.0729,0.02804,0.40551,0.0001,0.50645,32.051,32.051,1.258303,1.258303,0.0,0.0,66.69072,33.8937,0.0,0.0,0.0,0.0,69.75937,0.0,0.0,0,0.216216,0.023881,0.0,0.717079,0.40368,0.275516,0.339598,1.03336,1.670729,0.529938,0.0,1178.816,0.098779,0.208935,0.180557,98.43016,30.54519,117.298,2.612856,0.194663,0.141177,0.15601,0.188721,0.212263,0.204794,0.235918,0.300646,0.311682,0.288284,0.209154,0.174049
424002,1975-11-24,2022-02-28,46.26694045174538,0.0,0.38238949050239657,9.808792362247392,125,5.469448640593671,Paroo River at Willarra Crossing (424002),Murray-Darling Basin,PAROO RIVER,No notes,-29.2387,144.4553,-27.83139285,144.8847842,55,35247.5,NSW,QLD,1400,2300,2300,Not nested,,1,19751124,20220228,0.0,8.0,18.40170686,13.99014547,14.45502276,0.035505059,6.3177813,0.896626,4.291556,4.78634,0.449412,0.0,19.793776,1.705655,djf,314.794748,14.081222,jja,0.019431492,0.146865772,32.38613703,0.0,5.59387596,0.027833302,18.53037015,0.024241257,0.0,0.11421052,1.33319979,0.32238594,0.768921238,0.382389491,7,21.96774194,53.69421488,43.66216216,226.5744681,102.5744681,0.96438507,0.948556128,0.240409165,,0.237070672,0.258345925,1.983449833,0.311969112,0.00483336,-7.434357568,-9.313897649,2.706570158,1.131994363,0.0,121.4756955,-0.967204021,116.3331082,0.029576284,0.16342011,UNCONSOLDTED,0.6950063,SILICSED,0.2978577,0.6950063,0.00032834,0.2978577,0.0,0.00679776,0.0,0.0,0.0,9.834239,40.61413,79.11685,1.220104078,124.2105,109.06,120,409.933,215.1641,289.933,1.19,501.7459,0.503038,6,0.340144,0.344591,0.000592,0.1456,0.0051,0.0488,0.0921,0.0732,0.0967,0.1206,0.1055,0.1785,0.1339,0.0,0.0,0.00084,0.01046,0.0,0.0,0.0,0.0,0.0,0.0,5e-05,0.00078,0.0,0.11172,0.01178,0.31313,0.2524,0.20894,0.0,2e-05,0.08215,0.00768,0.0,0.08985,4.687189,4.502264,0.0,0.0,25.37719,23.42615,69.93292,67.15652,0.00126,0.00126,0.0,0.0,85.54139,0.0,0.0,0,0.077193,0.004348,1.0,0.415994,0.188536,0.521579,0.355058,0.016079,0.06629,0.0,0.0,999.6144,0.074183,0.094881,0.044653,80.62492,38.04655,157.3616,0.901931,0.064338,0.059408,0.061274,0.085354,0.103068,0.092626,0.110697,0.090291,0.053989,0.057368,0.068603,0.055828
403209A,1951-01-01,2014-12-31,64.0,0.02716461327857632,0.000351787520337716,31.93038921763232,125,3.480484132153078,Reedy Creek at Wangaratta North (403209A),Murray-Darling Basin,OVENS RIVER,No notes,-36.3325,146.344722,-36.72073887,146.6667558,55,5486.9,VIC,,1400,2300,2300,Not nested,,2,19510101,20141231,0.027164613,,,,,,,3.143487,3.190876,1.015075,-0.416305,7.4e-05,20.917401,1.27089,jja,240.1501,5.181536,djf,1.216722023,0.585519124,99.88644591,0.00080791,1.682699288,0.84375006,4.409156677,2.015768505,0.02932439,3.48748474,0.549443508,0.076425839,0.37236709,0.000351788,1,8.236966825,33.73705179,2.666666667,154.7346939,74.12244898,0.953618866,0.941390386,0.100937979,-4.49203034,0.146849169,0.107061374,2.824129111,0.360502,0.138651503,-5.625179465,-3.423526165,2.251577711,0.739763062,0.001008993,504.0322948,-0.931753065,393.9039917,0.265774638,0.521688241,SILICSED,0.6034681,UNCONSOLDTED,0.224411,0.224411,0.1659836,0.6034681,0.0,0.0005605,0.00142761,0.0,0.0,22.0,57.0,65.0,1.008823589,145.7669,129.675,143,1904.808,559.7708,1761.808,25.61,150.8087,0.810015,6,0.557087,0.233949,0.011643,0.7503,0.0503,0.0617,0.037,0.0253,0.0221,0.0392,0.0141,0.0,0.0,0.0,0.0001,0.0007,0.0,0.00922,0.00469,0.0,0.01085,0.23258,0.0,0.00112,0.01033,0.0005,0.00055,0.00358,0.00122,0.00012,0.0,0.23476,0.43549,0.00072,0.05095,0.0024,0.72192,0.222381,0.222381,67.61665,54.15509,0.250387,0.240492,31.65905,10.18931,0.0,0.004037,0.0,26.20698,149.6115,0.0,0.0,0,0.0,0.055814,0.0,0.283085,0.125786,0.55475,0.340268,3.641984,1932.872,0.441458,0.021309,2406.093,0.066396,0.315404,0.399808,128.5729,86.18264,75.81316,6.120171,0.561454,0.379146,0.513716,0.484251,0.351259,0.263802,0.309815,0.469863,0.635931,0.796425,0.713006,0.648344
422202B,1950-01-01,2022-02-28,72.1615331964408,3.794058504382138e-05,0.5932994384580361,5.62412269410848,125,3.5149673943487176,Dogwood Creek at Gilweir (422202B),Murray-Darling Basin,CONDAMINE-CULGOA RIVERS,No notes,-26.708889,150.178889,-26.4385154,150.2933726,56,2987.4,QLD,,1400,2300,2300,Not nested,,0,19500101,20220228,3.79e-05,9.0,40.19378955,60.94034273,32.26055181,0.091057404,18.61338476,1.725134,4.44233,2.575063,0.575738,0.0,21.357862,1.353846,djf,291.60313,8.354365,jja,0.010358622,0.054526363,72.10472463,0.0,8.649256478,0.072989022,17.66165195,0.398540664,0.0,0.13176622,1.178084959,0.406700562,0.847017757,0.593299438,1,48.50226244,62.53221289,71.07727273,254.0294118,61.0,0.839587686,0.836515121,0.354201934,,0.575073652,0.478747038,1.796783839,0.429694727,0.01595248,-9.441483289,-9.17090204,3.87803966,1.220611643,0.0,186.9956353,-0.929812798,111.3456403,0.042018926,0.379649864,UNCONSOLDTED,0.3735492,SILICSED,0.3680704,0.3735492,0.0,0.3680704,0.0,0.2583804,0.0,0.0,0.0,26.18421,61.32895,48.71053,0.979522493,33.35462,75.99558,291,476.5356,348.8754,185.5356,1.86,107.6105,0.578966,6,0.563768,0.319742,0.001744,0.2419,0.009,0.0879,0.1854,0.0874,0.1007,0.1253,0.0838,0.0786,0.0,0.0,0.0004,0.0,0.0,0.0,0.0,0.0,0.00133,0.00512,0.0,9e-05,0.04488,0.0,0.00036,0.04457,0.00757,0.00066,0.0003,1e-05,0.12658,0.04788,0.71965,0.0006,0.89412,0.0,0.0,3.060703,3.26088,2.585723,2.49535,94.35355,72.3276,0.0,0.0,0.0,0.0,107.6105,0.0,0.0,0,0.0,0.011111,0.0,0.572599,0.264671,0.064135,0.164403,0.634538,483.3437,0.001508,0.001508,2128.155,0.227004,0.321615,0.095945,86.35049,25.41214,150.8662,3.182544,0.297215,0.268404,0.221261,0.258225,0.271734,0.252414,0.276438,0.238399,0.21165,0.297625,0.285307,0.302558
422306A,1950-01-01,2022-02-28,72.1615331964408,0.0,0.13032590962552643,2.988535949069106,125,1.1047906544943225,Swan Creek at Swanfels (422306A),Murray-Darling Basin,CONDAMINE-CULGOA RIVERS,No notes,-28.164444,152.283333,-28.14446183,152.3552833,56,81.9,QLD,,1400,2300,2300,Not nested,,0,19500101,20220228,0.0,47.0,61.53428391,38.95275463,46.87151015,0.07588117,19.23653564,2.689184,3.837736,1.427101,0.540816,0.0,20.503907,1.333918,djf,260.89671,6.077052,jja,0.099771482,0.144814189,387.4095824,0.0,9.054988258,0.349938047,34.96195958,10.04056406,0.0,0.85767033,0.644526226,0.129529157,0.704518724,0.13032591,1,8.266343826,43.48711944,23.20945946,212.2361111,92.83333333,0.476258243,0.464349209,0.149363285,-4.931577081,0.841118016,0.275965546,0.946418114,0.554982351,0.055090913,-9.912554431,-7.492497721,2.953247396,1.217493878,0.0,285.1883047,-0.887933091,204.4831829,0.126380698,0.435912395,IGNEOUS,0.9997998,UNCONSOLDTED,0.0002002,0.0002002,0.9997998,0.0,0.0,0.0,0.0,0.0,0.0,60.66667,60.91667,22.75,0.190381807,99.17501,89.84461,540,1248.925,758.892,708.925,27.44,20.00396,0.689707,3,0.520275,0.326238,0.036358,0.8631,0.0689,0.0461,0.0214,0.0005,0.0,0.0,0.0,0.0,0.0,1.0,0.0,0.0,0.0,0.0,0.0,0.0,0.0007,0.02461,0.0,0.00118,0.00632,0.0,0.0,0.0,5e-05,0.0,0.0,0.44822,0.46302,0.0,0.05588,0.0,0.96712,0.0,0.0,75.79169,59.67426,0.0,0.0,24.20827,19.48254,0.0,0.0,0.0,0.0,20.00396,0.0,0.0,0,0.275862,0.08,1.0,0.490875,0.133019,0.0,0.06651,1.237709,1.515712,1.0,0.0,2574.578,0.166527,0.468925,0.288311,99.95628,43.36409,100.4531,7.20274,0.741354,0.674433,0.603297,0.586222,0.527849,0.436639,0.506465,0.461994,0.470776,0.641894,0.721766,0.822075
422313B,1972-10-02,2014-12-31,42.247775496235455,0.004471518372108094,0.062036193204009896,2.8160376456776213,125,1.311101768650929,Emu Creek at Emu Vale (422313B),Murray-Darling Basin,CONDAMINE-CULGOA RIVERS,No notes,-28.228333,152.226667,-28.20895374,152.3519097,56,153.4,QLD,,1400,2300,2300,Not nested,,0,19721002,20141231,0.004471518,,,,,,,2.685459,3.826875,1.425036,0.531487,0.0,20.324127,1.335499,djf,257.166275,5.914616,jja,0.07979798,0.134684641,319.4971512,0.0,9.651869656,0.317736485,35.27750679,9.404962567,0.0,0.8719296,0.891602193,0.182267934,0.688256737,0.062036193,1,10.0,35.5993266,7.941666667,210.8636364,117.1818182,0.471688572,0.122516012,0.215984858,-7.018284843,0.755249297,0.251267033,1.77968586,0.483250178,0.046519536,-10.12774132,-8.371711716,3.76750701,1.102025452,0.0,290.2821843,-0.913463227,191.9385726,0.11466811,0.405688519,IGNEOUS,0.8170721,OTHERSED,0.1126074,0.03148817,0.8170721,0.03883323,0.0,0.1126074,0.0,0.0,0.0,35.91177,61.14706,48.20588,0.461011193,114.39,98.74828,503,1380.436,757.0749,877.436,28.05,33.74422,0.681758,3,0.426555,0.303024,0.026505,0.8443,0.0558,0.0485,0.0347,0.0167,0.0,0.0,0.0,0.0,0.0,0.8,0.0,0.0,0.0,0.02835,0.00025,0.0004,0.02082,0.09218,0.0,0.00348,0.01448,0.0,0.0,0.00148,0.00049,0.0,0.0,0.47611,0.32688,0.0,0.03509,0.0,0.83808,0.094146,0.041843,77.71712,62.38098,0.0,0.0,22.15744,10.30535,0.0,0.0,0.031392,0.020923,33.74422,0.0,0.0,0,0.18239,0.065517,1.0,0.76017,0.098434,0.094966,0.0967,1.576601,3.334781,0.803306,0.0,2676.775,0.165152,0.476426,0.300596,99.14348,43.49161,98.96139,7.433458,0.756759,0.697346,0.648768,0.603514,0.532669,0.44875,0.514847,0.488109,0.490414,0.66974,0.734143,0.840336
422319B,1968-10-02,2022-02-28,53.40999315537303,0.012661472216526554,0.31924614505996574,2.7230070706986216,125,1.5658368394343316,Dalrymple Creek at Allora (422319B),Murray-Darling Basin,CONDAMINE-CULGOA RIVERS,No notes,-28.035833,152.014444,-28.00241425,152.1748402,56,245.7,QLD,,1400,2300,2300,Not nested,,0,19681002,20220228,0.012661472,8.0,89.16736165,26.28536899,64.65040413,0.112774246,32.15065476,2.03455,3.943781,1.938404,0.555052,0.0,21.276961,1.318663,djf,278.13761,6.992542,jja,0.044941396,0.1518294,249.8447472,0.0,11.83486544,0.211527063,34.07044523,6.266983185,0.0,0.37098901,0.564897502,0.125279061,0.672394995,0.319246145,1,6.333333333,31.35835351,44.55797101,223.88,95.46,0.49256267,0.346147117,0.236329544,-11.15330661,0.932557983,0.253888862,2.013889069,0.502493075,0.047467633,-7.161626861,-5.149864501,4.004805198,1.215304702,0.0,205.1043462,-0.79479612,110.130497,0.101522986,0.467555526,IGNEOUS,0.8607153,UNCONSOLDTED,0.1392853,0.1392853,0.8607153,0.0,0.0,0.0,0.0,0.0,0.0,61.0,62.0,22.71428,0.421848782,81.07959,112.694,476,1070.622,643.8113,594.622,17.08,46.54237,0.923304,4,0.384554,0.302114,0.01314,0.6704,0.0686,0.1191,0.0798,0.0521,0.01,0.0,0.0,0.0,0.0,0.65,0.0,0.0,0.0,0.02383,0.00056,0.0007,0.03803,0.16032,0.0007,0.0,0.07893,0.0,0.0,0.01228,0.00444,3e-05,0.0,0.14861,0.33769,2e-05,0.1937,0.0,0.68002,12.84519,0.027115,34.3623,24.17844,0.0,0.0,52.79256,26.34876,0.0,0.0,0.0,0.0,46.54237,0.0,0.0,0,0.179592,0.024242,1.0,0.888021,0.220123,0.01993,0.120026,1.334143,4.975871,0.48122,0.0,2439.668,0.150565,0.357877,0.191625,98.84355,41.13693,109.1182,4.949382,0.498021,0.451756,0.417286,0.387594,0.353362,0.300974,0.344664,0.34752,0.356462,0.451929,0.489771,0.545403
422321B,1972-10-03,2019-10-08,47.01437371663244,0.0,0.002038201723736315,18.16274573717994,125,1.147050625804118,Spring Creek at Killarney (422321B),Murray-Darling Basin,CONDAMINE-CULGOA RIVERS,No notes,-28.353889,152.333056,-28.33893493,152.3795654,56,33.3,QLD,,1400,2300,2300,Level 1,422394A,0,19721003,20191008,0.0,15.0,11.94408871,27.07375778,9.356910882,0.774516655,21.53473605,2.95133,3.780476,1.280939,0.531647,0.0,19.479161,1.35607,djf,247.197475,5.447702,jja,0.369486758,0.569393581,302.5115676,0.0,3.403137162,0.761223865,24.14023623,6.710945285,0.06486486,2.21318919,0.369326467,0.031213604,0.214069415,0.002038202,1,3.748251748,11.97394137,5.833333333,176.9361702,175.7659574,0.60085089,0.575677571,0.075763629,-2.661619011,0.357385623,0.122895699,2.146383744,0.583840304,0.113448651,-3.989981553,-2.708928662,2.629908948,0.510856799,0.0,218.5533892,-0.71334524,156.3347453,0.257157946,0.441163311,IGNEOUS,0.9642171,OTHERSED,0.03578302,0.0,0.9642171,0.0,0.0,0.03578302,0.0,0.0,0.0,62.0,62.0,22.0,0.521412477,161.3924,124.5582,562,1076.136,852.8707,514.136,19.83,12.78339,0.737083,2,0.507229,0.576118,0.041203,0.8265,0.1047,0.0631,0.0057,0.0,0.0,0.0,0.0,0.0,0.0,1.0,0.0,0.0,0.0,0.00028,0.0125,0.0,0.00014,0.35844,0.0,0.0,0.0,0.0,0.0,0.0,0.0,0.0,0.0,0.48238,0.14615,0.0,0.00014,0.0,0.62867,0.0,0.0,96.85908,26.10631,0.0,0.0,2.317028,2.394228,0.0,0.0,0.823908,1.441692,12.78339,0.0,0.0,0,0.193548,0.088889,1.0,0.522222,0.341956,0.0,0.170978,0.856225,0.858392,0.0,0.0,3027.198,0.164221,0.53206,0.370966,100.7969,47.19411,90.93754,8.590551,0.877879,0.836731,0.827686,0.713594,0.602694,0.517849,0.577493,0.562722,0.542637,0.741302,0.82031,0.958272
422334A,1969-04-17,2021-12-14,52.662559890485966,0.00015596568754873928,0.13877911813643926,2.311269898311971,125,1.100965798621294,Kings Creek at Aides Bridge (422334A),Murray-Darling Basin,CONDAMINE-CULGOA RIVERS,No notes,-27.926389,151.8625,-27.86897954,152.0057809,56,513.5,QLD,,1400,2300,2300,Not nested,,0,19690417,20211214,0.000155966,27.0,27.16670969,24.08130731,21.95654692,0.020713583,12.8717037,1.894204,4.045676,2.135819,0.572988,0.0,21.744389,1.292201,djf,283.108526,7.153077,jja,0.004715135,0.069910816,184.6380619,0.0,12.97568626,0.123863416,39.64617889,2.58313305,0.0,0.10785278,0.510405538,0.06062812,0.820143511,0.138779118,1,3.952542373,40.54755784,40.43939394,238.8367347,72.87755102,0.420439904,0.456504296,0.315437922,-4.038524186,1.130637789,0.230536205,1.319867355,0.474302496,0.032627989,-9.73458018,-3.777003913,4.191543327,1.305494712,0.0,193.6680302,-0.850819533,101.8137778,0.064377079,0.506826186,IGNEOUS,0.8077097,UNCONSOLDTED,0.1922905,0.1922905,0.8077097,0.0,0.0,0.0,0.0,0.0,0.0,62.0,62.0,22.0,0.658663425,47.36294,102.429,424,975.0788,544.5762,551.0788,8.16,57.06374,0.74019,4,0.450696,0.212604,0.009581,0.4681,0.0492,0.1356,0.1337,0.0882,0.0992,0.026,0.0,0.0,0.0,0.17,0.0,0.0,0.0,0.0602,0.00028,0.0021,0.20492,0.19502,0.0001,0.00073,0.1406,0.0,0.0,0.0285,0.00558,0.00063,0.0002,0.00242,0.21693,7e-05,0.14052,0.0012,0.35994,37.11062,0.134738,16.34495,6.266525,0.0,0.0,46.53785,19.65056,0.0,0.0,0.006576,0.0,57.06374,0.0,0.0,0,0.055556,0.05,0.0,0.896484,0.369071,0.193247,0.281159,4.267622,751.9474,0.972911,0.008153,2235.341,0.151473,0.31504,0.150814,97.30428,38.84517,115.732,4.274846,0.443303,0.411353,0.339348,0.331498,0.31419,0.254867,0.303181,0.283818,0.287129,0.396786,0.423032,0.481036
422338A,1972-10-27,2022-02-28,49.34154688569473,0.006769503939629342,0.7516759776536313,1.8600861426970046,125,0.6845140452189775,Canal Creek at Leyburn (422338A),Murray-Darling Basin,CONDAMINE-CULGOA RIVERS,No notes,-28.0321,151.5853,-28.15553014,151.5539405,56,395.6,QLD,,1400,2300,2300,Not nested,,0,19721027,20220228,0.006769504,16.0,12.03318057,61.22433945,9.498389781,0.005548774,3.853378239,1.725974,4.121271,2.387795,0.462696,0.0,22.202828,1.317333,djf,291.009857,7.928974,jja,0.005216602,0.028748212,86.3141701,0.0,13.26290488,0.084641728,29.80703845,1.260219957,0.0,0.09042089,0.823847825,0.248324022,0.882402235,0.751675978,1,33.67424242,83.13157895,102.7099237,239.0714286,38.92857143,0.315162358,0.372313893,0.358409319,,1.175705333,0.625047504,2.279107264,0.5346651,0.022703425,-8.733360695,-9.467312399,3.881968266,0.878693296,0.0,205.0267593,-0.894634134,75.22414423,0.047497304,0.477993984,SILICSED,0.8717607,UNCONSOLDTED,0.1282392,0.1282392,0.0,0.8717607,0.0,0.0,0.0,0.0,0.0,21.0,55.33333,52.0,0.599630317,30.0,64.90359,414,665.9518,493.4672,251.9518,4.19,37.49569,0.700328,5,0.599494,0.335708,0.006925,0.4049,0.0296,0.1989,0.2226,0.0744,0.0501,0.0195,0.0,0.0,0.0,1.0,0.0,0.0,0.0,0.00048,0.0,0.0,0.0001,0.03252,0.0,0.00244,0.02549,0.0,0.00028,0.01159,0.00078,5e-05,0.0,0.00015,0.37314,0.00137,0.55169,0.0,0.92635,0.0,0.0,13.70313,8.702308,0.0,0.0,86.29686,29.79249,0.0,0.0,0.0,0.0,37.49569,0.0,0.0,0,0.204651,0.017021,0.0,0.426662,0.314142,0.0,0.157071,0.344647,0.613903,0.0,0.0,1871.87,0.149079,0.284728,0.142769,96.99784,38.28782,120.0006,3.584419,0.324317,0.300131,0.27762,0.290058,0.2941,0.239851,0.286981,0.277579,0.265791,0.338414,0.313994,0.375178
422394A,1972-12-03,2022-02-15,49.204654346338124,5.564210994880926e-05,0.07389683378776918,6.170104824675391,125,1.448162054930811,Condamine River at Elbow Valley (422394A),Murray-Darling Basin,CONDAMINE-CULGOA RIVERS,No notes,-28.371111,152.141944,-28.34701448,152.2864618,56,327.8,QLD,,1400,2300,2300,Not nested,,1,19721203,20220215,5.56e-05,22.0,32.07004595,29.60322327,26.06316271,0.083402836,14.23063688,2.4262,3.865437,1.593206,0.528985,0.0,20.045468,1.342565,djf,257.399989,5.935945,jja,0.104935531,0.320404597,252.38236,0.0,6.34833888,0.306698689,31.71298433,3.790914974,0.0,0.90880781,0.657761295,0.067497635,0.439207612,0.073896834,1,4.910931174,24.74294671,21.41935484,178.9591837,140.1020408,0.566189767,0.664389339,0.120813275,-3.876282012,0.545011721,0.204997739,1.817025103,0.467053016,0.052767332,-5.988427811,-4.734310953,3.012696718,0.620931406,0.0,231.8451485,-0.805603514,161.9733831,0.12630684,0.417770978,IGNEOUS,0.4992395,SILICSED,0.2032455,0.09013736,0.4992395,0.2032455,0.0,0.1653447,0.0,0.04203332,0.0,27.83823,10.75,60.05882,0.767083695,102.2057,109.5045,476,1337.58,652.8102,861.58,14.94,52.54496,0.88626,4,0.390437,0.203354,0.016359,0.6561,0.0811,0.1284,0.0873,0.0356,0.0112,0.0003,0.0,0.0,0.0,0.27,0.0004,0.0002,0.0,0.0314,0.00204,0.0049,0.01075,0.24474,0.0005,0.00218,0.00923,0.0,5e-05,0.0005,0.00025,5e-05,0.0,0.28045,0.31729,0.00011,0.09183,0.0031,0.68968,0.046266,0.005149,61.63173,23.0381,0.0,0.0,38.13694,9.362592,0.0,0.0,0.185119,0.730112,52.54496,0.0,0.0,0,0.116667,0.0,0.0,0.653809,0.245083,0.265822,0.255453,3.745671,117.9433,0.544286,0.023454,2641.08,0.167135,0.442061,0.258691,97.48726,40.45301,104.9004,6.741788,0.690534,0.642247,0.615915,0.549964,0.4763,0.404772,0.455607,0.442509,0.442968,0.600058,0.656403,0.756541
424201A,1967-04-19,2022-02-28,54.86652977412731,0.010479041916167664,0.42561775088250126,9.17642380918565,125,3.7725637962947314,Paroo River at Caiwarro (424201A),Murray-Darling Basin,PAROO RIVER,No notes,-28.6891,144.7859,-27.4397626,145.0968412,55,22886.1,QLD,,1400,2300,2300,Level 1,424002,0,19670419,20220228,0.010479042,24.0,8.700338108,23.05160659,6.694062567,0.0499002,4.00113794,0.963069,4.309568,4.474829,0.470083,0.0,20.108391,1.72608,djf,313.356508,13.70283,jja,0.037241104,0.1076417,33.25654584,0.0,5.035257985,0.060442773,8.910582489,0.092625852,0.0,0.22550883,0.924957337,0.357539082,0.806101866,0.425466465,6,22.94498382,49.33641975,53.06289308,250.3653846,92.38461538,0.945330261,0.929061536,0.32370648,,0.322673124,0.323394173,1.596218645,0.343664182,0.011764446,-8.234807475,-6.480462501,1.835902841,1.424276698,0.0,122.9484432,-0.959798978,128.1616549,0.060319192,0.195036527,UNCONSOLDTED,0.6616696,SILICSED,0.3327969,0.6616696,4.32e-05,0.3327969,0.0,0.00548454,0.0,0.0,0.0,47.84322,53.58475,32.81356,1.240233049,115.3229,105.574,145,409.933,224.687,264.933,1.27,392.9855,0.517671,6,0.413557,0.321819,0.000695,0.1582,0.0053,0.0528,0.1011,0.0784,0.1071,0.1303,0.1313,0.1921,0.0434,0.14,0.0,0.00025,0.00274,0.0,0.0,0.0,0.0,0.0,0.0,5e-05,0.00085,0.0,0.12532,0.01453,0.28094,0.27052,0.18906,0.0,3e-05,0.10553,0.01012,0.0,0.11568,4.965796,4.781572,0.0,0.0,28.06037,25.89003,66.97136,63.95396,0.001418,0.001418,0.0,0.0,392.9855,0.0,0.0,0,0.116883,0.023358,0.0,0.057482,0.189904,0.489549,0.339726,0.016939,0.06629,0.0,0.0,1030.23,0.074143,0.095622,0.045394,80.06361,37.94844,158.1032,0.903454,0.065029,0.060593,0.061136,0.085553,0.103209,0.093026,0.110843,0.091066,0.052249,0.056925,0.068696,0.055977
A4260533,1973-05-13,2022-02-28,48.799452429842574,0.0604802513464991,0.34461961065329033,6.128908857210805,125,1.5906538324646786,Bremer River at near Hartley (A4260533),Murray-Darling Basin,LOWER MURRAY RIVER,No notes,-35.2087,139.0063,-35.05475467,138.9669856,54,473.5,SA,,1430,2330,1400,Not nested,,0,19730513,20220228,0.060480251,3.0,21.0491035,20.40246333,18.72452611,0.011220826,2.782444504,1.706761,3.277366,1.920225,-0.62763,0.0,21.28595,1.296114,jja,266.254153,6.107216,djf,0.066358317,0.214507933,59.52548972,0.0,5.190784617,0.090590158,22.06250855,0.221120015,0.0,0.3435633,0.80883687,0.198554879,0.615072256,0.344619611,1,10.65705128,34.91525424,72.1375,140.6315789,49.94736842,0.613197203,0.418990862,0.188845623,,0.664218064,0.279659163,3.762853077,0.539836766,0.040623039,-7.514411133,-6.552068215,2.382131845,0.636759395,0.0,406.6776887,-0.921462305,242.2479305,0.053680091,0.75676174,METAMORPH,0.6557414,SILICSED,0.2186256,0.1020154,0.0,0.2186256,0.0,0.02361764,0.6557414,0.0,0.2196851,12.75815,42.0625,76.23098,0.687576253,152.7973,75.4683,53,528.7696,265.197,475.7696,8.65,47.52272,0.868409,5,0.531092,0.462825,0.010325,0.5938,0.1175,0.1899,0.0879,0.0063,0.0046,0.0,0.0,0.0,0.0,0.82,0.0015,0.0,0.0,0.01979,0.00155,0.0,0.21492,0.64315,0.0,0.00134,0.05713,0.0,4e-05,0.00137,0.00144,2e-05,0.00011,0.00149,0.01048,0.00042,0.02644,0.0188,0.03883,0.205309,0.205309,0.787515,0.787515,0.30288,0.30288,98.70431,5.588919,0.0,0.0,0.0,93.11542,47.52272,0.0,0.0,0,0.131148,0.046602,0.8,0.714064,0.440551,0.285539,0.363045,39.66184,1650.709,0.88419,0.420507,621.4056,0.052943,0.276704,0.343684,99.50235,47.66634,89.21899,2.879551,0.100057,0.062255,0.1426,0.173308,0.202399,0.212232,0.2615,0.376182,0.469965,0.452677,0.253172,0.184805
102101A,1967-10-02,2014-12-31,47.2498288843258,0.053134778073936725,0.04399975521693899,5.383241677291651,125,1.3129862163749269,Pascoe River at Fall Creek (102101A),North East Coast,OLIVE-PASCOE RIVERS,No notes,-12.880278,142.983056,-12.93259912,143.1291786,54,648.4,QLD,,1400,2300,2300,Not nested,,0,19671002,20141231,0.053134778,,,,,,,4.142665,4.988924,1.204279,1.025251,0.0,20.755599,1.503255,djf,239.16131,6.198975,son,2.443530624,0.288828985,673.5507403,0.0,3.539446382,2.451284929,10.23904152,75.27630023,0.0001974,11.17692782,0.946644208,0.182791751,0.607979928,0.043999755,1,11.8531746,53.7027027,14.67346939,228.7826087,144.0434783,0.675279268,0.61778091,0.071439931,-6.60334573,0.52825179,0.158823624,6.310137181,0.489601174,0.385657125,-8.416347024,-4.008416097,1.941681976,0.642693745,0.0,85.61359361,-0.928962528,267.9460348,0.574986591,0.670723684,IGNEOUS,0.5853222,UNCONSOLDTED,0.2928648,0.2928648,0.5853222,0.02407917,0.0,0.05492981,0.04280578,0.0,0.04280578,19.83333,36.33333,54.83333,0.982816286,101.8126,142.9105,70,662.5751,227.6283,592.5751,9.8,52.36437,1.011197,4,0.550029,0.293436,0.011756,0.5298,0.0655,0.1309,0.1791,0.037,0.0383,0.0194,0.0,0.0,0.0,0.94,0.0,0.0,0.0,0.0,0.0,0.0,0.0,0.0,0.0,0.00018,0.00212,0.0,1e-05,1e-05,5e-05,1e-05,0.0,0.81808,0.17882,0.0,0.00072,0.0,0.99762,0.858319,0.858319,56.99552,56.94061,1.202395,1.202395,40.94388,40.9063,0.0,0.0,0.0,0.0,52.36437,0.0,0.0,0,0.0,0.08,0.0,0.0,0.008086,0.0,0.004043,0.002724,0.006415,0.0,0.0,12200.15,0.490377,0.399984,0.0,71.97557,69.07346,6.384738,4.873363,0.63562,0.551655,0.616438,0.581998,0.452613,0.299882,0.200285,0.17639,0.064107,0.206955,0.446207,0.62917
104001A,1970-01-20,2014-12-31,44.94729637234771,0.06572455381616617,0.26248533055157125,4.966453083062079,125,1.5982244218588477,Stewart River at Telegraph Road (104001A),North East Coast,STEWART RIVER,No notes,-14.168611,143.393889,-14.05929505,143.2989967,54,473.7,QLD,,1400,2300,2300,Not nested,,0,19700120,20141231,0.065724554,,,,,,,3.256171,5.098522,1.565803,1.26584,0.0,23.038805,1.579174,djf,273.301528,9.483468,jja,1.194670727,0.228156027,461.9725565,0.0,3.893515429,1.232167859,12.9729539,23.0156663,0.0,6.73183449,1.3705971,0.309166775,0.709349328,0.262485331,1,31.40397351,57.87234043,29.82222222,280.4285714,134.0714286,0.707640481,0.741314011,0.141135995,-15.90523103,0.535979528,0.205074379,6.23163843,0.50261963,0.234588022,-7.980959706,-6.225763679,1.956344374,0.568563918,0.0,60.26419178,-0.943377657,325.685045,0.353275831,0.664036431,IGNEOUS,0.5370439,METAMORPH,0.396984,0.06597417,0.5370439,0.0,0.0,0.0,0.396984,0.0,0.396984,20.03125,27.21875,57.48958,0.866228695,166.2449,136.7184,60,730.8564,243.4503,670.8564,8.63,59.93695,1.022378,4,0.409363,0.28503,0.011374,0.5304,0.0731,0.1507,0.2266,0.0165,0.0027,0.0,0.0,0.0,0.0,0.52,0.0,0.0,0.0,0.0,0.0,0.0,0.0,0.0,0.0,0.00538,0.02888,0.0,0.0,0.0,1e-05,0.0,0.0,0.43994,0.51991,0.0,0.00587,0.0,0.96572,0.0,0.0,12.87916,12.87916,0.091224,0.091224,87.02977,86.73257,0.0,0.0,0.0,0.0,59.93695,0.0,0.0,0,0.0,0.0,0.0,0.178571,0.083354,0.0,0.041677,0.006395,0.006415,0.0,0.0,10711.1,0.413839,0.302361,2e-06,91.41499,93.34444,25.90021,3.153056,0.532158,0.477444,0.542046,0.412488,0.169575,0.051368,0.034963,0.026262,0.015418,0.110067,0.271979,0.493558
105101A,1967-12-16,2022-02-28,54.20670773442848,0.004394161321278852,0.15843141233766234,7.140562715793436,125,3.0303364905293058,Normanby River at Battle Camp (105101A),North East Coast,NORMANBY RIVER,No notes,-15.281389,144.838611,-15.76396602,144.9737414,55,2308.6,QLD,,1400,2300,2300,Not nested,,1,19671216,20220228,0.004394161,61.0,10.66697721,23.253023,7.456963274,0.070710642,5.529219799,3.969049,5.082554,1.280547,1.123896,0.0,19.21848,1.857515,djf,228.913851,6.513043,jja,0.816383973,0.206418075,253.4728844,0.0,3.967656955,0.840919821,9.930356434,11.13210799,0.0,4.3497531,1.130077416,0.233816964,0.727780032,0.158431412,1,18.73577236,60.0251046,33.22340426,296.7234043,102.8297872,0.844452083,0.857910618,0.108259083,-7.186381578,0.430209569,0.264472932,5.528847904,0.470588235,0.10837011,-10.46132657,-3.635745749,2.635163149,1.34447879,0.0,232.1037957,-0.912670613,519.2486448,0.20231176,0.535658976,SILICSED,0.6130386,UNCONSOLDTED,0.2510184,0.2510184,0.1130711,0.6130386,0.0,0.0,0.01352397,0.00934957,0.0,9.75,20.75,81.75,0.720096668,99.41389,110.4816,83,1202.7,278.2433,1119.7,16.25,146.6455,0.969159,5,0.370218,0.184661,0.007732,0.65,0.076,0.1068,0.1057,0.0317,0.0232,0.0066,0.0,0.0,0.0,1.0,0.0,8e-05,0.0,0.00089,0.0,0.0,0.00066,0.00028,0.0,0.00896,0.03178,0.0,2e-05,0.00027,0.00027,0.0,0.0,0.20538,0.63365,0.0,0.11776,0.0,0.95679,2.310021,0.0,14.76613,14.76212,0.0,0.0,81.81461,81.78967,0.0,0.0,0.0,0.0,146.6455,0.0,0.0,0,0.038095,0.033333,0.0,0.25,0.135914,0.003145,0.06953,0.138177,0.383464,0.0,0.0,9971.502,0.427935,0.432485,0.003907,77.60398,65.42114,238.2093,3.679267,0.4342,0.395767,0.477906,0.450247,0.378701,0.225456,0.194128,0.135962,0.1077,0.156227,0.306024,0.4088
105102A,1968-03-29,2014-12-31,46.75975359342916,0.07254523098542069,0.3168560606060606,4.8787082730626405,125,1.1576442570092274,Laura River at Coalseam Creek (105102A),North East Coast,NORMANBY RIVER,No notes,-15.613333,144.483611,-15.7624338,144.6433254,55,1322.0,QLD,,1400,2300,2300,Not nested,,0,19680329,20141231,0.072545231,,,,,,,2.928592,5.147848,1.757789,1.318635,0.0,21.996081,1.745364,djf,265.247385,9.152605,jja,0.354050266,0.0877328,350.0776853,0.0,5.34846631,0.742289454,12.68382536,15.76177448,0.0,3.30002269,1.055683575,0.275,0.811300505,0.316856061,1,15.84,39.06079027,52.83157895,318.2777778,44.11111111,0.647747672,0.48770151,0.273573825,-15.0165402,0.694188197,0.348286318,4.285990347,0.534583822,0.127748353,-9.970051696,-2.396904397,2.537005599,3.088660992,0.0,112.6040224,-0.928305741,368.9145581,0.244482695,0.522525135,SILICSED,0.6622932,UNCONSOLDTED,0.2390219,0.2390219,0.0986831,0.6622932,0.0,0.0,0.0,0.0,0.0,14.33333,43.66667,74.66666,0.803870056,131.9362,127.3852,86,710.189,253.2544,624.189,14.47,75.55684,0.968964,5,0.542733,0.263736,0.008214,0.6115,0.0599,0.1094,0.1417,0.0391,0.0344,0.004,0.0,0.0,0.0,1.0,0.0,0.00042,0.0,0.01056,0.00061,0.0,0.01806,0.00065,0.0,0.01127,0.10845,0.0,2e-05,0.00046,0.00034,0.0,0.0,0.03168,0.50583,8e-05,0.31137,0.0,0.84896,0.0,0.0,0.0,0.0,0.0,0.0,100.0,99.92392,0.0,0.0,0.0,0.0,75.38849,0.0,0.0,0,0.066667,0.133333,0.0,0.05,0.115647,0.08053,0.098089,0.018651,0.021327,0.0,0.0,7440.338,0.405067,0.353214,0.000375,89.40351,79.57691,283.431,2.21353,0.288605,0.28041,0.358462,0.28936,0.222062,0.082053,0.069916,0.027983,0.032786,0.102014,0.186659,0.265933
105105A,1969-02-26,2022-02-28,53.007529089664615,0.004338618872992098,0.1983711158375266,5.725678707489124,125,1.6303257279653856,East Normanby River at Development Road (105105A),North East Coast,NORMANBY RIVER,No notes,-15.771111,145.014167,-15.84216143,145.123847,55,296.1,QLD,,1400,2300,2300,Level 1,105101A,0,19690226,20220228,0.004338619,44.0,10.44535838,16.86118496,7.905560028,0.330544365,18.89176265,4.707397,5.022529,1.066944,1.032907,0.0,18.760041,1.840388,djf,218.801227,5.769377,jja,0.892985651,0.224318936,379.8485982,0.0,4.372033351,1.179141365,11.80304829,26.57655484,0.0,4.97916109,1.167527294,0.162317788,0.650049282,0.198371116,1,10.39534884,43.06185567,37.49019608,280.5333333,122.2222222,0.681961699,0.688950739,0.162300895,-6.034694553,0.587174924,0.204748958,6.004944231,0.50428769,0.120635477,-8.819730953,-2.853450037,2.296733757,1.036734291,0.0,298.9298219,-0.882768338,538.2968338,0.241705835,0.499100393,SILICSED,0.641302,UNCONSOLDTED,0.2441793,0.2441793,0.09485698,0.641302,0.0,0.0,0.0,0.019661,0.0,22.56522,62.0,60.30435,0.724442321,92.97008,106.3242,152,936.5405,337.1949,784.5405,21.54,51.15963,0.942151,4,0.383209,0.251348,0.015648,0.733,0.0627,0.0695,0.088,0.0257,0.021,0.0001,0.0,0.0,0.0,0.81,0.0,0.0,0.0,0.0,0.0,0.0,0.0,0.0,0.0,0.00023,0.01838,0.0,0.0,0.0,0.0,0.0,0.0,0.40868,0.48782,0.0,0.08484,0.0,0.98134,3.563815,0.0,60.77595,60.75132,0.0,0.0,35.66018,35.66018,0.0,0.0,0.0,0.0,51.15963,0.0,0.0,0,0.067532,0.008081,0.2,0.298485,0.185196,0.0,0.092598,0.20778,0.383464,0.0,0.0,11889.16,0.453387,0.521532,0.005923,65.97047,51.30669,227.338,6.053364,0.72895,0.629799,0.707113,0.659099,0.576917,0.397424,0.342237,0.276618,0.215419,0.267172,0.52605,0.715246
107001B,1967-10-02,2014-12-31,47.2498288843258,0.05197589523699154,0.06961677159097855,11.511324271479157,125,1.220580678839789,Endeavour River at Flaggy (107001B),North East Coast,ENDEAVOUR RIVER,No notes,-15.423333,145.067222,-15.38074442,145.0074541,55,340.2,QLD,,1400,2300,2300,Not nested,,0,19671002,20141231,0.051975895,,,,,,,4.269864,5.143676,1.204646,1.084957,0.0,20.054457,1.749804,djf,240.977088,6.549719,son,1.362640873,0.33121224,259.7378601,0.0,2.957434073,1.289467622,11.64869625,14.54290032,0.0,7.77877719,0.979748134,0.172788949,0.60521973,0.069616772,1,11.87815126,38.98425197,37.96666667,251.2857143,135.5238095,0.707459065,0.653351307,0.109027029,-5.454907038,0.416659369,0.181164514,3.902421297,0.476269316,0.159970467,-8.071690023,-3.249167443,1.819212403,0.658650094,0.0,209.7504331,-0.907720426,510.4869137,0.283377706,0.56451324,SILICSED,0.5158976,UNCONSOLDTED,0.404241,0.404241,0.06801727,0.5158976,0.0,0.0,0.0,0.01184406,0.0,39.0,52.0,29.0,0.897929767,170.5167,141.4477,29,488.7712,179.3875,459.7712,13.28,35.1955,0.98466,4,0.590793,0.325247,0.013028,0.6326,0.0916,0.1548,0.1122,0.0075,0.0013,0.0,0.0,0.0,0.0,0.5,0.0,0.0,0.0,0.0,0.0,0.0,0.0,0.0,0.0,0.0,0.00228,0.0,0.0,0.0,2e-05,3e-05,0.0,0.66029,0.32269,0.0,0.01473,0.0,0.99771,0.89473,0.867292,23.7612,22.29651,0.054864,0.054864,75.28921,73.97272,0.0,0.0,0.0,0.0,35.1955,0.0,0.0,0,0.16,0.016667,0.0,0.604167,0.116024,0.00031,0.058167,0.259477,0.383464,0.0,0.0,10868.87,0.472987,0.418107,5.1e-05,70.38565,66.38525,187.4232,4.761521,0.60392,0.516374,0.576825,0.541971,0.449612,0.286913,0.267417,0.181922,0.125124,0.171395,0.438974,0.590631
108002A,1968-09-27,2022-02-28,53.42368240930869,0.02183159944652283,0.0,8.625191346714928,125,1.6753211055155208,Daintree River at Bairds (108002A),North East Coast,DAINTREE RIVER,No notes,-16.179444,145.281944,-16.14303496,145.1742605,55,910.2,QLD,,1400,2300,2300,Not nested,,0,19680927,20220228,0.021831599,51.0,12.47620915,21.98560706,8.923523599,0.015374366,1.309714169,5.594396,4.918749,0.879228,0.93207,0.0,17.924064,1.816029,djf,198.126529,5.245359,son,2.35198032,0.414280038,604.8153777,0.06454846,2.885714163,2.727812961,12.48275898,61.96347978,0.18633619,9.9854555,0.454242923,0.067323309,0.350657516,0.0,1,4.118589744,18.59166667,0.0,233.6458333,202.4583333,0.696471489,0.793928237,0.061398276,-3.253671483,0.416651922,0.208467661,2.073542059,0.488590604,0.291632436,-5.207181402,-3.209738306,1.697654784,0.541881168,0.0,146.9768336,-0.826133317,496.5760385,0.477298537,0.611006349,SILICSED,0.6663604,IGNEOUS,0.2922701,0.01163806,0.2922701,0.6663604,0.0,0.0,0.0297327,0.0,0.0,12.27083,50.22917,77.85416,1.29406751,196.1525,165.2035,24,1360.705,458.9734,1336.705,21.96,91.15245,1.025359,5,0.374467,0.325686,0.014671,0.7849,0.1044,0.0826,0.028,0.0001,0.0,0.0,0.0,0.0,0.0,1.0,0.0,0.0,0.0,0.0,0.0,0.0,0.0,0.0,0.0001,0.0,3e-05,0.0,0.0,0.0,0.0,0.0,0.0,0.93937,0.06032,0.0,0.00012,0.0,0.99981,0.34301,0.0,89.94612,89.37434,0.0,0.0,9.710898,9.710898,0.0,0.0,0.0,0.0,91.15245,0.0,0.0,0,0.089655,0.010526,0.0,0.367023,0.091034,0.0,0.045517,0.239795,1.82097,0.179314,0.0,13016.14,0.462783,0.587567,0.026583,58.38619,40.8315,236.0164,7.713922,0.929787,0.793171,0.868103,0.79438,0.696751,0.499869,0.448698,0.379055,0.279856,0.379096,0.722691,0.908852
108003A,1970-01-18,2014-12-31,44.95277207392197,0.0015226262257141117,0.0,4.238104305630098,125,1.5270993827726536,Bloomfield River at China Camp (108003A),North East Coast,DAINTREE RIVER,No notes,-15.988333,145.2875,-16.04108692,145.30236,55,262.5,QLD,,1400,2300,2300,Not nested,,0,19700118,20141231,0.001522626,,,,,,,6.309472,4.958781,0.785926,0.906082,0.0,17.924064,1.822669,djf,196.292773,5.040859,son,4.572286927,0.385247234,982.5285714,0.75490134,2.26559919,5.790266336,9.750201855,172.0930147,0.35220952,21.01695238,0.452028845,0.050994266,0.296266927,0.0,1,2.662420382,16.35353535,0.0,242.5357143,245.7857143,0.688290213,0.673255857,0.063376641,-3.381246925,0.428169484,0.226854385,1.934374459,0.512433186,0.653639125,-4.67922298,-3.890445816,1.209883418,0.49492661,0.0,0.252002869,-0.906847178,276.9264284,0.8815341,0.741479116,SILICSED,0.5983725,IGNEOUS,0.3721361,0.02914178,0.3721361,0.5983725,0.0,0.0003499,0.0,0.0,0.0,39.0,62.0,29.0,1.612936752,219.776,172.9636,150,1243.66,400.1447,1093.66,17.82,31.78863,0.990936,4,0.57811,0.235713,0.034719,0.6918,0.077,0.108,0.1157,0.0071,0.0004,0.0,0.0,0.0,0.0,1.0,0.0,0.0,0.0,0.0,0.0,0.0,0.0,0.0,0.0,0.0,0.0,0.0,0.0,0.0,0.0,0.0,0.0,0.99012,0.00988,0.0,0.0,0.0,1.0,0.0,0.0,95.57589,95.37991,0.0,0.0,4.4241,4.361084,0.0,0.0,0.0,0.0,31.78863,0.0,0.0,0,0.066667,0.0,0.0,0.191562,0.251917,0.0,0.125959,0.284712,28.98383,0.01876,0.00616,16073.66,0.502062,0.618446,0.00876,50.43102,35.68074,238.5123,9.434127,1.080514,0.919583,1.003997,0.933855,0.833474,0.660681,0.611847,0.569913,0.413892,0.472932,0.858723,1.061551
111005A,1966-10-30,2022-02-28,55.3347022587269,0.004106674583147791,0.0,6.688383982601036,125,1.368940109187716,Mulgrave River at The Fisheries (111005A),North East Coast,MULGRAVE-RUSSELL RIVERS,No notes,-17.1832,145.7248,-17.28386439,145.7502165,55,356.5,QLD,,1400,2300,2300,Level 1,111007A,0,19661030,20220228,0.004106675,34.0,13.63223479,25.135498,10.18711855,1.424966602,20.97837716,7.722033,4.664924,0.604106,0.718319,0.0,16.054352,1.692891,djf,186.018347,5.152888,son,3.410300838,0.458713036,1130.824527,1.26267599,2.316302988,4.350581094,12.46639152,101.5512495,0.41636802,14.43861543,0.390528878,0.036665342,0.228587043,0.0,1,3.087866109,14.46855346,0.0,197.4693878,224.7755102,0.703404436,0.751712886,0.060070111,-2.857919412,0.349556363,0.175795119,1.71054865,0.498679743,0.384711112,-4.427948445,-3.43068812,1.467750802,0.586608459,0.0,196.4095304,-0.87883306,515.0705157,0.55872491,0.688551925,IGNEOUS,0.5399456,SILICSED,0.4431549,0.0158214,0.5399456,0.4431549,0.0,0.0,0.0,0.0,0.0,19.8,39.0,58.8,1.46569465,297.2077,198.7759,47,1523.204,529.4063,1476.204,28.72,36.74612,1.029402,4,0.582133,0.332439,0.040513,0.8385,0.0874,0.0617,0.0124,0.0,0.0,0.0,0.0,0.0,0.0,1.0,0.0,0.0002,0.0,0.0,0.0,0.0,0.0,0.09666,0.0118,0.0,3e-05,0.0,0.0,0.0,0.00017,0.0,0.0,0.88503,0.00607,0.0,3e-05,0.0,0.89113,0.097549,0.097549,99.32222,86.173,0.0,0.0,0.580229,0.836857,0.0,0.0,0.0,0.0,36.74612,0.0,0.0,0,0.2,0.003333,0.0,0.00625,0.062151,0.0,0.031076,2.482017,6.32499,0.740889,0.0,20704.7,0.513481,0.723771,0.033271,42.27092,20.81225,218.8371,9.91916,1.014231,0.857728,0.912745,0.814548,0.731119,0.679907,0.695294,0.767504,0.754897,0.748781,0.918989,1.016145
111007A,1972-03-02,2022-02-28,49.9958932238193,0.00021904605443294454,0.0,5.647818285743444,125,1.5295557370048931,Mulgrave River at Peets Br (111007A),North East Coast,MULGRAVE-RUSSELL RIVERS,No notes,-17.13,145.76,-17.23221188,145.7324804,55,521.4,QLD,,1400,2300,2300,Not nested,,1,19720302,20220228,0.000219046,18.0,11.35142334,7.737117134,8.679427864,0.224522206,9.609485971,7.110167,4.701938,0.661298,0.764222,0.0,16.108286,1.681051,djf,190.692627,5.318125,son,3.3725669,0.451168022,1126.076362,1.0329626,2.681656127,4.137397023,13.04093306,123.1007131,0.37878609,13.04376244,0.393543328,0.036040971,0.242646656,0.0,1,2.977375566,16.46840149,0.0,203.8723404,209.106383,0.669073179,0.691915077,0.057725069,-2.791102281,0.383607651,0.172808465,1.563141123,0.501717475,0.376920802,-4.482571651,-3.259967595,1.527865163,0.620035396,0.0,174.7912109,-0.882184555,416.6495521,0.573748707,0.656944055,IGNEOUS,0.5451391,SILICSED,0.3548142,0.03744539,0.5451391,0.3548142,0.0,0.0,0.06186255,0.0,0.0,32.375,39.875,41.125,1.473503651,288.5397,196.2561,154,1523.204,496.2674,1369.204,29.65,49.45063,1.030092,5,0.522777,0.318654,0.030479,0.8457,0.0805,0.0569,0.0154,0.0015,0.0,0.0,0.0,0.0,0.0,1.0,0.0001,0.0001,0.0,8e-05,0.00052,0.0,0.0,0.07509,0.0093,0.0,2e-05,0.0,0.0,0.0,8e-05,0.0,0.0,0.89333,0.0201,0.0,0.00023,0.0009,0.91366,0.221542,0.221542,98.44917,86.26136,0.0,0.0,1.329264,1.53311,0.0,0.0,0.0,0.0,49.45063,0.0,0.0,0,0.766667,0.0,0.0,0.102326,0.062539,0.032923,0.047731,2.614726,12.95055,0.611615,0.044294,18243.86,0.507426,0.693195,0.03018,44.58698,25.29083,236.0591,9.62991,1.027211,0.871546,0.926365,0.82273,0.733509,0.656561,0.655821,0.70307,0.671301,0.659957,0.890309,1.001469
112002A,1950-01-01,2022-02-28,72.1615331964408,0.0004932276055696779,0.0,7.099166253338471,125,1.7067459210989187,Fisher Creek at Nerada (112002A),North East Coast,JOHNSTONE RIVER,No notes,-17.564167,145.9075,-17.59627576,145.8675337,55,16.0,QLD,,1400,2300,2300,Not nested,,0,19500101,20220228,0.000493228,14.0,39.12723212,24.79322333,29.30712149,0.053116819,3.438300839,9.194557,4.881127,0.530871,0.739903,0.0,17.052131,1.721416,djf,182.332858,5.162637,son,6.081757028,0.516392486,2360.6316,0.2268,2.553162315,6.342750731,15.0819124,262.2479724,0.4266,20.5848,0.426752706,0.03837686,0.264576374,0.0,1,2.816155989,21.84952978,0.0,239.0597015,222.0,0.736873824,0.693427954,0.046344051,-3.235393585,0.318893709,0.112094751,1.891551242,0.549578867,0.44785002,-4.983476113,-2.729910127,1.367178842,0.787402007,0.0,214.9106383,-0.900448365,488.3835362,0.686977314,0.651913842,IGNEOUS,0.9538302,SILICSED,0.04616981,0.0,0.9538302,0.04616981,0.0,0.0,0.0,0.0,0.0,39.0,42.0,29.0,1.650066013,300.0,221.365,72,338.3979,172.8589,266.3979,10.25,15.23514,1.034268,2,0.305849,0.40235,0.018181,0.6079,0.1335,0.2041,0.0545,0.0,0.0,0.0,0.0,0.0,0.0,1.0,0.0,0.0,0.0,0.0,0.0,0.0,0.0,0.8057,0.1093,0.0,0.0,0.0,0.0,0.0,0.0,0.0,0.0,0.0769,0.0081,0.0,0.0,0.0,0.085,0.0,0.0,100.0,5.669501,0.0,0.0,0.0,1.295749,0.0,0.0,0.0,0.0,15.23514,0.0,0.0,0,0.510345,0.055172,0.0,0.824892,0.434073,0.0,0.217037,1.543425,5.903443,1.0,0.0,22834.69,0.651764,0.72418,0.00178,26.63407,15.65787,261.7908,9.816253,1.005,0.837484,0.889433,0.783624,0.698767,0.665879,0.68191,0.749723,0.766077,0.762661,0.953886,1.014681
112101B,1974-10-02,2022-02-28,47.4113620807666,0.004446497661257724,0.0,9.953573955168096,125,1.3669203354481254,South Johnstone River at Upstream Central Mill (112101B),North East Coast,JOHNSTONE RIVER,No notes,-17.6089,145.9791,-17.65484279,145.7713926,55,397.3,QLD,,1400,2300,2300,Not nested,,0,19741002,20220228,0.004446498,36.0,29.43534456,9.978852203,21.12499325,0.063521395,2.139298849,8.357346,4.697175,0.562041,0.651275,0.0,15.901539,1.702599,djf,182.036221,5.179284,son,4.669182979,0.590665541,628.9992551,2.8104194,1.760968979,5.5419951,9.149747453,95.2435745,0.90390045,16.92405197,0.327609185,0.018967517,0.10400232,0.0,1,2.386861314,10.01675978,0.0,213.8139535,214.627907,0.727402214,0.794618747,0.042239745,-2.413560679,0.256292774,0.124647201,1.39120431,0.508257279,0.45995468,-3.892694087,-2.257125939,1.17908,0.687065969,0.0,161.7532632,-0.845566239,420.4279489,0.668131887,0.688418992,IGNEOUS,0.8253088,SILICSED,0.1499035,0.02478675,0.8253088,0.1499035,0.0,0.0,0.0,0.0,0.0,32.1875,40.79167,49.1875,1.720952313,295.0556,210.9007,19,1167.742,453.0862,1148.742,20.91,75.6726,1.043616,4,0.298459,0.381134,0.01526,0.7682,0.1042,0.0902,0.0339,0.0034,0.0001,0.0,0.0,0.0,0.0,0.88,0.0,0.0,0.0,0.0,0.0002,0.0,0.0,0.11517,0.0167,0.0,0.0,0.0,0.0,0.0,0.0,0.0,0.0,0.82702,0.04098,0.0,2e-05,0.0,0.86802,0.395277,0.395277,99.49902,81.27467,0.004593,0.004593,0.101104,0.707883,0.0,0.0,0.0,0.0,75.6726,0.0,0.0,0,0.409524,0.1,1.0,0.87372,0.112391,0.0,0.056195,1.778795,147.5744,0.514199,0.001103,18579.31,0.569866,0.771894,0.027683,36.2681,11.36936,213.6001,9.553905,0.976454,0.821744,0.878607,0.779825,0.699038,0.662497,0.682102,0.744249,0.736522,0.708217,0.883402,0.974366
112102A,1970-05-27,2022-02-28,51.761806981519506,0.0003702528297894848,0.0,10.994476751048692,125,1.426055265795051,Liverpool Creek at Upper Japoonvale (112102A),North East Coast,JOHNSTONE RIVER,No notes,-17.715,145.905278,-17.72530367,145.8542059,55,77.9,QLD,,1400,2300,2300,Not nested,,0,19700527,20220228,0.000370253,55.0,21.95306289,19.48895964,17.21521156,0.391410134,7.428682423,8.764551,4.780577,0.545445,0.700399,0.0,16.764483,1.695455,djf,183.609295,5.138616,son,5.726485444,0.556222969,712.615887,2.31472144,1.793826807,5.637242628,7.055748873,102.257336,0.63441335,19.8487086,0.381402409,0.037197735,0.187893539,0.0,1,2.869387755,11.79734219,0.0,230.6122449,219.1632653,0.773992893,0.720755119,0.054363025,-2.833335282,0.283154496,0.129674436,1.73117614,0.55292678,0.435987971,-4.688017193,-2.545139774,1.42514318,0.778782299,0.0,264.2265727,-0.849340225,525.3195739,0.638676629,0.682642751,SILICSED,0.6209309,IGNEOUS,0.2316733,0.1473958,0.2316733,0.6209309,0.0,0.0,0.0,0.0,0.0,34.3,44.3,41.7,1.140118081,292.3836,200.236,40,882.8219,301.7047,842.8219,30.25,15.58845,0.922744,3,0.640451,0.314495,0.054381,0.8563,0.0643,0.0464,0.0286,0.0044,0.0,0.0,0.0,0.0,0.0,1.0,0.0,0.0,0.0,0.0,0.0017,0.0,0.0,0.0326,0.005,0.0,0.0,0.0,0.0,0.0,0.0,0.0,0.0,0.88731,0.07339,0.0,0.0,0.0,0.9607,0.047017,0.047017,99.95296,89.86794,0.0,0.0,0.0,0.0,0.0,0.0,0.0,0.0,15.58845,0.0,0.0,0,0.257143,0.011538,0.0,0.284761,0.048356,0.0,0.024178,1.024013,1.598536,0.393512,0.0,20752.13,0.614179,0.752294,0.012326,31.7846,12.98977,233.5835,9.887636,1.00527,0.843501,0.900591,0.796618,0.71272,0.67884,0.700693,0.76742,0.777799,0.764929,0.925287,1.007263
113004A,1966-12-23,2022-02-28,55.186858316221766,0.009822890311058194,0.0,12.81018465996898,125,1.6242825423049743,Cochable Creek at Powerline (113004A),North East Coast,TULLY-MURRAY RIVERS,No notes,-17.739722,145.63,-17.67269599,145.6074228,55,93.4,QLD,,1400,2300,2300,Not nested,,0,19661223,20220228,0.00982289,27.0,6.395625022,14.2564226,5.03263521,0.228208563,4.956765909,6.631659,4.551769,0.68637,0.633773,0.0,15.847605,1.655399,djf,192.19379,5.378868,son,4.61575576,0.563073301,673.1577559,1.78072804,1.684238749,5.079661386,7.416847709,73.19422817,0.63088651,16.61488651,0.36101021,0.025001253,0.162633398,0.0,1,2.935294118,12.34220532,0.0,206.7083333,224.5,0.804351892,0.859575574,0.042496604,-2.650614261,0.251016567,0.139531876,1.667917031,0.50483559,0.509129489,-4.016640661,-2.470294145,1.14147438,0.600128338,0.0,20.73879198,-0.876351541,357.794095,0.773280825,0.658401803,IGNEOUS,1.0,UNCONSOLDTED,0.0,0.0,1.0,0.0,0.0,0.0,0.0,0.0,0.0,39.0,42.0,29.0,1.658591071,231.4242,196.7728,167,1166.931,682.3875,999.931,24.39,20.79748,1.137627,3,0.53275,0.533934,0.049989,0.8189,0.1017,0.0673,0.0121,0.0,0.0,0.0,0.0,0.0,0.0,1.0,0.0,0.0,0.0,0.0,0.0,0.0,0.0,0.025,0.0014,0.0,0.0,0.0,0.0,0.0,0.0,0.0,0.0,0.96622,0.00738,0.0,0.0,0.0,0.9736,0.0,0.0,100.0,94.48154,0.0,0.0,0.0,0.133597,0.0,0.0,0.0,0.0,20.79748,0.0,0.0,0,0.010526,0.0,0.0,0.032895,0.064021,0.0,0.032011,0.520234,1.189441,0.006873,0.0,12143.2,0.476562,0.761785,0.067945,45.92829,15.58585,183.7598,9.313836,0.97858,0.839996,0.90279,0.80541,0.725179,0.669658,0.679514,0.715838,0.643782,0.581004,0.814424,0.948511
114001A,1970-05-28,2022-02-28,51.75906913073238,0.00037027241470510445,0.0,12.68723737024643,125,1.509395139044361,Murray River at Upper Murray (114001A),North East Coast,TULLY-MURRAY RIVERS,No notes,-18.1069,145.8054,-18.14298045,145.7746158,55,155.4,QLD,,1400,2300,2300,Not nested,,0,19700528,20220228,0.000370272,57.0,28.06019177,16.82045391,21.51996846,0.317376355,11.67909341,5.530697,4.754265,0.859614,0.876074,0.0,17.492592,1.674699,djf,212.679718,5.419148,jja,3.258990043,0.463530388,593.1713667,0.24788957,2.804432091,3.074880407,9.974714583,74.36118714,0.20286926,11.71417114,0.429443086,0.069213673,0.334374008,0.0,1,5.542372881,16.80585106,0.0,254.38,182.7,0.701919886,0.653942578,0.0414069,-3.085632447,0.380638818,0.147627227,2.451769409,0.540778408,0.329009789,-5.921826702,-2.786412001,1.808064619,0.885503378,0.0,210.9898423,-0.824577463,390.7416703,0.559264523,0.588290113,IGNEOUS,0.7882765,UNCONSOLDTED,0.2117232,0.2117232,0.7882765,0.0,0.0,0.0,0.0,0.0,0.0,25.52083,49.3125,59.02083,1.827909756,266.4774,178.7504,34,1021.076,420.6928,987.076,27.23,26.04852,1.117174,4,0.550788,0.400369,0.038438,0.8211,0.0574,0.0508,0.0465,0.0228,0.0014,0.0,0.0,0.0,0.0,0.9,0.0,0.0,0.0,0.0,0.0,0.0,0.0,0.0146,0.0004,0.0,0.0,0.0,0.0,0.0,0.0,0.0,0.0,0.96824,0.01678,0.0,0.0,0.0,0.98502,0.0,0.0,97.63792,89.53983,0.0,0.0,2.362034,1.941689,0.0,0.0,0.0,0.0,26.04852,0.0,0.0,0,0.101299,0.029268,0.0,0.546494,0.050368,0.0,0.025184,1.497038,40.51196,0.040427,0.015898,11373.26,0.499939,0.651514,0.028703,46.77424,29.38364,224.2053,9.248051,1.054909,0.904874,0.970277,0.840403,0.749318,0.626238,0.626273,0.591603,0.5054,0.554582,0.848945,0.9616
116006B,1969-09-17,2022-02-28,52.4517453798768,0.00015659254619480113,0.0,8.232428877833968,125,2.288487257576935,Herbert River at Abergowrie (116006B),North East Coast,HERBERT RIVER,No notes,-18.492778,145.922222,-17.99337643,145.3650741,55,7457.1,QLD,,1400,2300,2300,Not nested,,5,19690917,20220228,0.000156593,42.0,10.09385713,12.30301357,6.777961638,0.214009813,13.50765026,2.957655,4.663997,1.576924,0.982282,0.0,18.436437,1.826358,djf,232.248769,6.847866,jja,0.803022439,0.314503082,466.6971815,0.02309145,3.941853849,0.905860556,12.2933139,12.7503978,0.0159543,3.41469494,0.562553637,0.106081963,0.519864265,0.0,1,8.991150442,45.05882353,0.0,275.5192308,152.0576923,0.856586067,0.807162857,0.058072689,-3.946753836,0.339715455,0.129794599,2.649957175,0.396108108,0.157707625,-6.762926809,-3.169324067,1.977502099,0.971299704,0.0,163.4635575,-0.897162558,246.2029409,0.299705102,0.526209343,IGNEOUS,0.6135916,UNCONSOLDTED,0.335484,0.335484,0.6135916,0.02555407,0.0,0.01407196,0.011317,0.0,0.011317,21.55,41.65,61.45,1.170859088,198.9702,151.004,22,1379.57,660.2351,1357.57,9.8,284.5332,0.860018,6,0.34371,0.471273,0.004782,0.5271,0.0669,0.1427,0.1531,0.0378,0.0381,0.0291,0.0052,0.0,0.0,0.72,0.0004,0.00027,0.0,0.00329,0.00052,0.0017,0.00045,0.00894,0.0017,0.01132,0.03675,0.0,4e-05,0.00918,0.00053,1e-05,0.0,0.25355,0.40298,0.00043,0.26753,0.0004,0.92449,1.520998,1.008071,47.00859,45.68805,0.187565,0.187565,50.9728,49.81346,0.0,0.0,0.0,0.001961,284.5332,0.0,0.0,0,0.0,0.051064,0.0,0.798505,0.121924,0.142314,0.132119,0.749589,328.2426,0.075402,0.010958,5482.991,0.380019,0.519684,0.030043,75.76296,56.40384,199.3177,3.898351,0.454363,0.403761,0.446085,0.382094,0.349475,0.275997,0.241891,0.209811,0.148905,0.214072,0.35203,0.41275
116010A,1960-10-02,2022-02-28,61.40999315537303,0.008069549710209541,0.00022472920131241854,8.959167931809777,125,1.706659405175482,Blencoe Creek at Blencoe Falls (116010A),North East Coast,HERBERT RIVER,No notes,-18.204444,145.537778,-18.12488317,145.6105214,55,226.8,QLD,,1400,2300,2300,Level 1,116006B,0,19601002,20220228,0.00806955,30.0,22.50196591,20.67987211,16.37484777,0.383415069,16.49454068,3.907689,4.621898,1.18277,0.796826,0.0,17.618438,1.627907,djf,223.646297,5.872079,son,1.222892943,0.404254912,456.4068571,0.0015238,3.46260966,1.549341295,13.29123249,28.78069424,0.08228571,5.48419048,0.42226881,0.066385006,0.352914738,0.000224729,1,5.81496063,20.88297872,5.0,247.8392857,169.1607143,0.69132465,0.790050027,0.067520981,-2.912981631,0.411343686,0.139428901,2.218031466,0.466620063,0.215423923,-6.134041813,-2.449466359,1.903762481,0.888273548,0.0,218.2341602,-0.834665052,300.7803636,0.405523287,0.531224545,IGNEOUS,0.9960897,UNCONSOLDTED,0.00391034,0.00391034,0.9960897,0.0,0.0,0.0,0.0,0.0,0.0,16.5,31.75,66.0,1.112016049,139.6088,138.4357,550,1028.452,673.9979,478.452,13.99,33.5752,1.001302,4,0.504431,0.271308,0.014488,0.6707,0.1091,0.1364,0.0814,0.0023,0.0001,0.0,0.0,0.0,0.0,1.0,0.0,0.0,0.0,0.0,0.0,0.0,0.0,0.0054,0.0,0.00038,0.0,0.0,0.0,0.0,0.00011,0.0,0.0,0.72526,0.26851,0.0,0.00033,0.0,0.9941,4.7997,0.0,80.48926,80.47296,0.0,0.0,14.71107,14.38511,0.0,0.0,0.0,0.0,33.5752,0.0,0.0,0,0.102326,0.016,0.0,0.24475,0.119961,0.0,0.059981,0.018285,0.821385,0.0,0.0,6661.42,0.426464,0.663147,0.050415,58.44034,33.47079,190.8898,6.290789,0.710201,0.619674,0.673992,0.58712,0.53771,0.452403,0.447269,0.405212,0.300152,0.348041,0.54907,0.651249
116011A,1962-03-23,2022-02-28,59.93976728268309,4.567670031516923e-05,0.0020555454047140507,4.519861678934213,125,1.4713860907662244,Millstream River at Ravenshoe (116011A),North East Coast,HERBERT RIVER,No notes,-17.605,145.4775,-17.5442525,145.4906706,55,90.6,QLD,,1400,2300,2300,Level 2,116013A,0,19620323,20220228,4.57e-05,15.0,11.26603719,25.33233846,8.948467016,0.01827068,2.972626219,4.732101,4.408033,0.931517,0.725322,0.0,16.306044,1.652095,djf,205.227838,5.736432,son,1.63946056,0.488101256,667.5115232,0.0,3.855537658,1.808893983,24.45111887,48.6402868,0.1058543,5.73139073,0.422421649,0.042663987,0.279097387,0.002055545,1,5.55952381,20.57239057,5.0,227.4576271,195.559322,0.599073414,0.519421904,0.061165654,-2.965110997,0.343903005,0.07691746,2.466680247,0.452293431,0.20871216,-5.126105183,-2.598632653,1.898141039,0.722577491,0.0,256.437221,-0.845114871,328.8903687,0.389323051,0.536089911,IGNEOUS,0.6933958,UNCONSOLDTED,0.3066044,0.3066044,0.6933958,0.0,0.0,0.0,0.0,0.0,0.0,7.0,7.0,86.0,1.405272584,184.829,179.4579,901,1248.252,1023.481,347.252,10.59,23.89968,0.988687,3,0.451742,0.421333,0.016252,0.6138,0.1193,0.1664,0.0991,0.0014,0.0,0.0,0.0,0.0,0.0,1.0,0.0,0.0,0.0,0.01581,0.0013,0.0207,0.0,0.33643,0.0242,0.0,0.00054,0.0,0.0,0.0,0.0,0.0,0.0,0.47299,0.12595,0.0,0.00065,0.0014,0.59959,0.160924,0.0,81.59064,36.67598,0.0,0.0,18.24843,15.03971,0.0,0.0,0.0,0.0,23.89968,0.0,0.0,0,0.393651,0.094186,1.0,0.384193,0.386447,0.060275,0.223361,4.404415,328.2426,1.0,0.005634,7063.474,0.365044,0.757747,0.1515,61.48814,18.81671,152.8571,6.506805,0.689878,0.59757,0.645325,0.578252,0.532355,0.472077,0.468533,0.46266,0.380179,0.377466,0.616063,0.678979
116012A,1961-10-03,2014-12-31,53.24572210814511,0.0014911559029206088,0.013440444925073382,5.640866227687971,125,1.6293438744725217,Cameron Creek at 8.7KM (116012A),North East Coast,HERBERT RIVER,No notes,-18.065278,145.341944,-18.05079534,145.490331,55,350.9,QLD,,1400,2300,2300,Level 1,116006B,0,19611003,20141231,0.001491156,,,,,,,3.447615,4.61817,1.339526,0.79953,0.0,17.636416,1.626866,djf,229.354312,6.203501,son,0.864889855,0.249457868,623.3494443,0.0,5.158756129,1.27326812,15.76445643,43.14492578,0.01279917,4.10575663,0.546637774,0.095370513,0.565116638,0.013440445,1,7.528455285,31.53448276,18.64285714,272.9142857,136.5428571,0.650644807,0.759253058,0.132038889,-3.631930941,0.572124567,0.172684618,3.462349842,0.42833368,0.188217203,-7.989167588,-2.842299238,2.033812722,1.202475184,0.0,236.838545,-0.875897684,221.0132056,0.369285426,0.509679477,IGNEOUS,0.72633,UNCONSOLDTED,0.2736696,0.2736696,0.72633,0.0,0.0,0.0,0.0,0.0,0.0,54.18182,57.81818,29.45454,1.035792576,124.871,140.7085,591,1007.29,698.4214,416.29,10.08,53.54095,0.828884,4,0.40469,0.273173,0.007937,0.6032,0.1094,0.1617,0.1109,0.012,0.0028,0.0,0.0,0.0,0.0,0.82,0.0,0.0,0.0,0.0,0.0,0.0,0.0,0.0,0.0,0.00499,0.03072,0.0,3e-05,0.00084,0.0,0.0,0.0,0.3678,0.52982,0.0,0.06581,0.0,0.96343,2.549511,0.0,82.62347,82.62347,0.0,0.0,14.82697,14.61275,0.0,0.0,0.0,0.0,53.54095,0.0,0.0,0,0.026263,0.0,0.0,0.381481,0.125,0.0,0.0625,0.024821,0.762848,0.0,0.0,5530.028,0.398076,0.612132,0.047819,65.71839,41.32875,189.3935,4.62205,0.506191,0.444549,0.49686,0.439733,0.409544,0.352988,0.33089,0.303915,0.20543,0.258369,0.398092,0.469959
116013A,1961-12-26,2022-02-28,60.17796030116359,0.0005914467697907188,0.0,6.01683940668599,125,1.4484226934847841,Millstream river at Archer Creek (116013A),North East Coast,HERBERT RIVER,No notes,-17.651944,145.341111,-17.61142795,145.4656,55,319.4,QLD,,1400,2300,2300,Level 1,116006B,1,19611226,20220228,0.000591447,27.0,17.18469499,8.891176976,13.51591525,0.0,0.0,4.32658,4.475572,1.034437,0.784269,0.0,16.665604,1.66129,djf,211.286424,5.94311,son,1.275950345,0.422480684,516.0628178,0.0300263,3.557104617,1.522436288,17.2102811,29.32726277,0.08683281,5.22322354,0.43403242,0.058269222,0.337415214,0.0,1,5.289256198,24.87248322,0.0,221.9818182,173.2,0.669216686,0.783700052,0.064770822,-3.020551018,0.388520325,0.118260412,2.287997691,0.413132471,0.187454088,-6.301042383,-2.338369326,1.738407241,0.776463407,0.0,252.2966575,-0.848594594,347.2795205,0.354405108,0.528926032,IGNEOUS,0.8871,UNCONSOLDTED,0.09652058,0.09652058,0.8871,0.01637976,0.0,0.0,0.0,0.0,0.0,23.0,24.5,57.5,1.286627323,190.9428,166.1304,650,1379.57,911.2263,729.57,11.81,48.86219,0.974096,4,0.411526,0.370557,0.015228,0.636,0.107,0.1525,0.0908,0.0107,0.003,0.0,0.0,0.0,0.0,1.0,0.0002,0.0,0.0,0.00632,0.00046,0.0063,0.0,0.13382,0.0208,0.00453,0.00607,0.0,0.0,2e-05,2e-05,0.0,0.0,0.38335,0.30332,0.0,0.13156,0.0032,0.81823,0.59724,0.0,58.65467,32.81719,0.0,0.0,40.74809,39.80312,0.0,0.0,0.0,0.011594,48.86219,0.0,0.0,0,0.5,0.066667,0.0,0.375,0.287173,0.020929,0.154051,6.260226,328.2426,0.679578,0.126174,6968.783,0.377324,0.706333,0.11004,62.98848,27.66911,167.3415,5.543458,0.586326,0.512492,0.5605,0.505298,0.466739,0.412619,0.39726,0.384375,0.308875,0.312827,0.514446,0.575069
116014A,1961-12-02,2022-02-28,60.24366872005476,4.544628249409198e-05,0.1573876289596873,7.061745978462708,125,1.2541445887128573,Wild River at Silver Valley (116014A),North East Coast,HERBERT RIVER,No notes,-17.625,145.298889,-17.48712772,145.3580694,55,585.4,QLD,,1400,2300,2300,Level 1,116006B,0,19611202,20220228,4.54e-05,12.0,15.18513597,22.63074879,12.21536343,0.031812398,4.521322479,3.313255,4.513664,1.362305,0.968521,0.0,18.337558,1.687345,djf,231.502683,6.551514,jja,0.604293606,0.203498349,453.2361872,0.0,4.789899994,0.80262513,15.63026823,14.78013493,0.0,3.47164469,0.94012934,0.167704404,0.666181884,0.157387629,1,12.94736842,45.80625,37.64130435,293.3333333,96.01666667,0.708751709,0.863616531,0.17386608,-6.446991493,0.515033338,0.183112903,4.820272814,0.432321388,0.129826975,-9.019809927,-3.454819299,2.456670471,1.899709803,0.0,224.044281,-0.911181632,251.7278306,0.243206127,0.533814571,IGNEOUS,0.7591119,SILICSED,0.1213228,0.1082801,0.7591119,0.1213228,0.0,0.01128467,0.0,0.0,0.0,44.75,47.0,27.25,0.993734419,149.3432,137.472,644,1234.454,891.5519,590.454,13.65,56.17563,0.996958,5,0.488256,0.426682,0.010647,0.6595,0.097,0.1497,0.0841,0.0086,0.0011,0.0,0.0,0.0,0.0,0.75,0.0002,0.0,0.0,0.02236,0.00011,0.0026,0.00533,0.01672,0.0033,0.0086,0.00977,0.0,1e-05,0.00101,4e-05,0.0,0.0,0.1524,0.41893,6e-05,0.35566,0.0029,0.92705,0.40235,0.0,16.05426,14.51055,1.10396,1.10396,82.43933,75.69075,0.0,0.0,0.0,0.006239,56.17563,0.0,0.0,0,0.044444,0.0,0.0,0.2,0.193434,0.040913,0.117174,3.210074,208.0981,0.508015,0.061373,5457.607,0.356263,0.614445,0.07715,72.78301,44.07047,176.8675,3.546506,0.381975,0.33993,0.381776,0.345031,0.325316,0.258055,0.236694,0.203655,0.152458,0.209104,0.333392,0.374421
116015A,1966-10-22,2022-02-28,55.356605065023956,4.945843018942579e-05,0.000544069640914037,5.355118196205872,125,1.7091873455468813,Blunder Creek at Wooroora (116015A),North East Coast,HERBERT RIVER,No notes,-17.735278,145.438056,-17.76275226,145.5019445,55,125.9,QLD,,1400,2300,2300,Level 1,116006B,0,19661022,20220228,4.95e-05,16.0,12.05209906,20.41070435,8.811187008,0.004945843,0.834163601,4.858957,4.549707,0.936355,0.705524,0.0,16.503802,1.632,djf,207.45711,5.758234,son,1.425985564,0.387897847,716.1811978,0.0,3.379457847,1.958887593,17.00144537,43.82410936,0.0535282,7.32512788,0.533122064,0.080077159,0.401325551,0.00054407,1,5.844765343,29.39855072,5.5,218.8909091,189.4181818,0.679677222,0.912396693,0.075240471,-3.840938234,0.39229508,0.169184798,2.917072229,0.432258065,0.218199616,-6.354219335,-3.239550935,1.850601736,0.680365973,0.0,259.9241152,-0.89730486,358.6961498,0.404320698,0.539669667,IGNEOUS,0.9360912,UNCONSOLDTED,0.063909,0.063909,0.9360912,0.0,0.0,0.0,0.0,0.0,0.0,22.41072,29.58928,66.23214,1.179855057,100.8053,144.3063,668,1058.916,771.6381,390.916,12.71,30.21038,0.989058,3,0.422478,0.276947,0.013151,0.6585,0.121,0.139,0.0801,0.0014,0.0,0.0,0.0,0.0,0.0,1.0,0.0,0.0,0.0,0.0,0.0,0.0,0.0,0.0,0.0,0.0,0.0,0.0,0.0,0.0,0.0,0.0,0.0,0.91381,0.0859,0.0,0.00027,0.0,0.99998,0.0,0.0,75.74884,73.7788,0.0,0.0,24.2512,24.06422,0.0,0.0,0.0,0.0,30.21038,0.0,0.0,0,0.011111,0.0,0.0,0.253161,0.062939,0.0,0.03147,0.503397,0.503396,0.0,0.0,7165.452,0.426181,0.725768,0.072269,54.81622,25.25675,175.3633,6.598212,0.703112,0.610942,0.664691,0.603222,0.550698,0.500283,0.485451,0.472636,0.379958,0.372411,0.574608,0.672684
117002A,1973-03-15,2022-02-28,48.96098562628337,0.0001118380584913046,0.42536770874112184,5.478572604846533,125,1.4430082653355536,BlaCreek at Bruce HWY (117002A),North East Coast,BLACK RIVER,No notes,-19.2377,146.6329,-19.33660549,146.5416167,55,250.6,QLD,,1400,2300,2300,Not nested,,0,19730315,20220228,0.000111838,71.0,17.17959863,42.38213484,13.07969043,0.279595146,24.90366883,3.019566,5.011555,1.659694,1.1714,0.0,19.676919,1.810587,djf,279.980355,9.193329,jja,0.598689824,0.163416564,512.9698001,0.0,6.032037649,1.02410692,13.37406024,38.16090702,0.0,3.39567813,0.953308503,0.372014988,0.769755607,0.425367709,1,30.93953488,61.44642857,49.7124183,277.3829787,73.25531915,0.654786342,0.630723614,0.147373703,,0.67524208,0.242211969,4.599907629,0.552264808,0.139678759,-9.998818625,-4.879580977,1.963053706,1.274201277,0.0,137.3190293,-0.887018886,534.760961,0.32239168,0.433257952,UNCONSOLDTED,0.5673901,IGNEOUS,0.3769221,0.5673901,0.3769221,0.0,0.0,0.04674548,0.00894234,0.0,0.00894234,17.7027,60.51351,69.45946,1.112439468,105.4994,91.58212,15,839.7175,181.3264,824.7175,13.22,42.64845,1.102456,4,0.429831,0.214236,0.019647,0.4768,0.0359,0.0717,0.1195,0.0519,0.1886,0.0556,0.0,0.0,0.0,0.74,0.0003,0.0,0.0,0.0026,5e-05,0.0,0.00147,0.16441,0.0005,0.03664,0.02624,0.0,0.0,0.0001,0.0,0.0,0.0,0.29555,0.40721,0.0,0.05735,0.0077,0.76011,4.495536,0.0,16.71994,16.71994,0.0,0.0,78.78455,66.34253,0.0,0.0,0.0,0.0,42.64845,0.0,0.0,0,0.242718,0.193333,0.0,0.53343,0.186994,0.0,0.093497,7.782535,349.4117,0.083851,0.062301,8424.573,0.443962,0.375511,0.003633,75.03388,53.71036,268.4324,4.033786,0.489529,0.428158,0.46719,0.367637,0.348485,0.228625,0.225712,0.303705,0.144246,0.227176,0.36277,0.435264
117003A,1973-11-18,2022-02-28,48.28199863107461,0.00011341083073433512,0.2548063290421369,4.324181056164054,125,1.1287913747178546,Bluewater Creek at Bluewater (117003A),North East Coast,BLACK RIVER,No notes,-19.185,146.5461,-19.24493027,146.4674151,55,87.6,QLD,,1400,2300,2300,Not nested,,0,19731118,20220228,0.000113411,54.0,9.806805297,48.75195849,7.540979848,0.238162745,23.8534574,3.37072,4.980546,1.477591,1.163625,0.0,19.712875,1.824459,djf,269.589072,8.333148,jja,1.391843615,0.207190714,1699.384938,0.0,6.189240478,1.837791587,16.99588917,129.3800255,0.0,6.22582802,0.939236148,0.257471786,0.734645267,0.254806329,1,33.62962963,95.95555556,65.11594203,286.1458333,73.125,0.629142147,0.606815786,0.103323231,-8.874289494,0.602054983,0.154172733,5.184137482,0.497483221,0.211461493,-10.90892734,-3.470722435,1.959743421,1.454740718,0.0,134.7996378,-0.948836147,183.2083154,0.51075192,0.414019967,IGNEOUS,0.6763314,UNCONSOLDTED,0.3236002,0.3236002,0.6763314,0.0,0.0,0.0,0.0,0.0,0.0,15.6391,54.13534,72.57895,1.478698651,255.8598,172.5663,19,739.8948,205.3349,720.8948,27.13,29.28523,1.013492,4,0.385157,0.277403,0.025261,0.7639,0.0359,0.0559,0.0799,0.0401,0.0243,0.0,0.0,0.0,0.0,0.25,0.0,0.0,0.0,0.0,0.0,0.0,0.00044,0.01955,0.0,0.00783,0.00089,0.0,0.0,0.0,0.0,0.0,0.0,0.48165,0.44925,0.0,0.02642,0.0139,0.95732,0.0,0.0,36.02309,36.02309,0.0,0.0,62.9724,54.88329,0.0,0.14611,1.004507,0.0,29.28523,0.0,0.0,0,0.326108,0.239344,0.0,0.480471,0.180797,0.0,0.090398,7.574558,19.63886,0.539248,0.539248,11464.65,0.438757,0.417821,0.00639,71.50777,57.40491,264.7692,5.697427,0.766263,0.649163,0.672081,0.506637,0.457492,0.268103,0.265275,0.374027,0.201895,0.312155,0.558839,0.654031
118106A,1974-09-17,2022-02-28,47.45242984257358,0.0,0.34525732748672977,4.964826531960769,125,1.1631218632772742,Alligator Creek at Allendale (118106A),North East Coast,HAUGHTON RIVER,No notes,-19.39,146.96,-19.44515634,146.9557303,55,69.7,QLD,,1400,2300,2300,Not nested,,0,19740917,20220228,0.0,32.0,43.54542323,103.5100145,30.94367477,0.07500577,9.341846274,3.177656,4.924845,1.549836,1.116059,0.0,19.470172,1.760976,djf,285.535556,9.364682,jja,1.231552781,0.238584829,1015.061367,0.0,5.555546309,1.522711511,14.78535577,71.56304403,0.0,4.95519053,0.699291959,0.180879298,0.613431802,0.345257327,1,13.17226891,57.16129032,72.97560976,283.5625,110.3958333,0.605879808,0.616459832,0.158531893,,0.631315756,0.164233678,3.916895345,0.459222561,0.233488867,-7.443165302,-4.134249663,1.721862842,1.235098834,0.0,131.5951801,-0.90590279,164.5711662,0.490017677,0.476490702,IGNEOUS,0.906497,UNCONSOLDTED,0.09350283,0.09350283,0.906497,0.0,0.0,0.0,0.0,0.0,0.0,52.54878,59.80488,31.65854,1.430357469,179.584,141.7483,13,1233.293,316.4248,1220.293,29.73,21.27117,0.984359,3,0.446793,0.25125,0.057568,0.8293,0.0444,0.0484,0.0411,0.02,0.0168,0.0,0.0,0.0,0.0,0.5,0.0,0.0,0.0,0.0,0.0,0.0,0.0029,0.10927,0.0,0.01384,0.00732,0.0,0.0,0.0,0.0,0.0,0.0,0.54547,0.31307,0.0,0.00816,0.0,0.8667,3.391093,2.825955,11.5541,11.5541,2.952847,2.952847,82.10194,78.78871,0.0,0.0,0.0,0.0,21.27117,0.0,0.0,0,0.180282,0.146429,0.0,0.460495,0.077965,0.096497,0.087231,7.067422,62.36398,1.0,0.098613,11915.76,0.395918,0.425236,0.022236,79.6498,59.22827,235.9802,6.11196,0.781366,0.670221,0.695044,0.547712,0.49984,0.339513,0.343783,0.401401,0.15963,0.397966,0.542214,0.725705
119003A,1969-09-18,2022-02-28,52.44900752908966,0.0,0.1122827165004959,4.018134394512262,125,1.656506664376435,Haughton River at Powerline (119003A),North East Coast,HAUGHTON RIVER,No notes,-19.63,147.11,-19.7215575,146.8074178,55,1758.8,QLD,,1400,2300,2300,Not nested,,0,19690918,20220228,0.0,77.0,21.42649746,333.5932299,14.15199966,0.0,0.0,2.44849,5.007955,2.045324,1.103325,0.0,19.587029,1.740415,djf,289.886232,10.182823,jja,0.291609358,0.150290351,614.7083046,0.0,6.984846652,0.629985449,16.68804296,19.36309557,0.0,1.5830198,0.640540149,0.108367698,0.730281359,0.112282717,1,9.611111111,34.20537897,65.18181818,266.1698113,92.26415094,0.677777939,0.253288869,0.165679824,-3.846168918,0.662495026,0.225207242,2.535870849,0.380088195,0.105195044,-7.486587324,-2.300201689,2.210479442,1.421302949,0.0,133.3559511,-0.891880351,294.2686535,0.257925886,0.407849891,UNCONSOLDTED,0.4273483,IGNEOUS,0.3702045,0.4273483,0.3702045,0.03118794,0.00672461,0.0,0.02118917,0.143345,0.02118917,18.0,44.54545,69.0,0.977115101,98.409,86.38705,19,1223.966,200.4558,1204.966,12.34,97.65375,1.052784,6,0.491955,0.15311,0.012376,0.4873,0.0426,0.0823,0.1186,0.075,0.0977,0.0964,0.0001,0.0,0.0,0.7,0.0004,0.0,0.0,0.00684,0.00013,0.0051,0.01627,0.07715,0.0,0.02692,0.09607,0.0,0.0,0.01105,0.00121,0.0,0.0,0.06069,0.32021,0.00079,0.37708,0.0,0.75877,0.91873,0.475234,7.558404,7.516195,0.088812,0.088812,91.20553,78.85174,0.0,0.0,0.0,0.0,97.65375,0.0,0.0,0,0.075,0.0,0.0,0.620661,0.187954,0.23777,0.212862,0.420501,3.401394,0.164231,0.0,4840.472,0.393834,0.332856,0.004857,83.69897,59.54083,242.6195,2.73156,0.31314,0.298076,0.331292,0.267906,0.265391,0.180962,0.17454,0.189422,0.071415,0.15084,0.208944,0.275774
120102A,1967-08-25,2022-02-28,54.5160848733744,0.00457010847730012,0.37445133948842135,9.300552105106224,125,1.1308036328015603,Keelbottom Creek at Keelbottom (120102A),North East Coast,BURDEKIN RIVER,No notes,-19.3719,146.3589,-19.28017399,146.3752863,55,193.4,QLD,,1400,2300,2300,Not nested,,0,19670825,20220228,0.004570108,17.0,12.92944686,19.81730254,9.643711913,0.080353556,13.52072445,3.520988,4.748231,1.348551,1.071699,0.0,20.045468,1.839934,djf,263.161937,7.861439,jja,0.637596824,0.109113872,1222.561367,0.0,7.340868527,1.545456549,19.4197274,128.708874,0.0,4.52858947,1.097506974,0.330205338,0.778971798,0.374451339,1,34.26701571,69.23766816,97.65789474,281.9387755,74.48979592,0.551121055,0.469099722,0.148283602,,0.746816559,0.238124047,3.497097843,0.443646161,0.170607487,-8.776987191,-5.462097937,2.107397926,1.492957173,0.0,172.0193635,-0.948697015,287.1571053,0.424094954,0.402286058,IGNEOUS,0.9663239,UNCONSOLDTED,0.01806008,0.01806008,0.9663239,0.01561602,0.0,0.0,0.0,0.0,0.0,15.25,52.83333,73.25,1.545854804,300.0,196.4721,348,873.7717,549.3104,525.7717,21.88,40.39057,1.030034,4,0.390709,0.373471,0.012822,0.797,0.0926,0.0804,0.0293,0.0007,0.0,0.0,0.0,0.0,0.0,1.0,0.0,0.0,0.0,0.0,0.0,0.0,5e-05,0.0,0.0,0.00884,0.02222,0.0,8e-05,0.00852,0.00018,7e-05,0.0,0.43343,0.33941,0.0,0.18719,0.0,0.96003,38.23572,0.0,50.6449,50.6449,0.0,0.0,11.11936,11.10072,0.0,0.0,0.0,0.0,40.39057,0.0,0.0,0,0.095238,0.0,0.0,0.267857,0.022368,0.0,0.011184,0.080441,12.26817,0.000746,0.000746,9036.155,0.408541,0.537997,0.026309,68.9202,47.14531,203.1061,5.137233,0.596491,0.508149,0.560133,0.468917,0.434811,0.305721,0.328776,0.382184,0.209399,0.316161,0.483639,0.538014
120301B,1976-08-07,2022-02-28,45.56331279945243,0.00024035572647518327,0.3924750570982089,8.857504673320221,125,4.171698529928019,Belyando River at Gregory Development Road (120301B),North East Coast,BURDEKIN RIVER,No notes,-21.53,146.86,-22.80477082,146.689764,55,35299.9,QLD,,1400,2300,2300,Not nested,,0,19760807,20220228,0.000240356,43.0,9.951536911,38.20786792,7.085698033,0.144213436,13.55376851,1.466736,4.684197,3.193618,0.79378,0.0,20.65672,1.670058,djf,297.320134,11.03637,jja,0.027489134,0.130892891,44.14686231,0.0,5.351631983,0.047493307,15.39517839,0.064600711,0.0,0.19374732,1.482757837,0.385743479,0.769864166,0.392475057,6,28.14912281,44.01718213,58.30357143,262.3023256,91.13953488,0.948538221,0.962094239,0.280623634,,0.27250659,0.286322098,3.930560936,0.355776892,0.009122041,-6.96996323,-9.150344045,2.34363504,1.495324435,0.0,141.3596276,-0.965446193,169.1566154,0.032041945,0.284690629,SILICSED,1.0,UNCONSOLDTED,0.0,0.0,0.0,1.0,0.0,0.0,0.0,0.0,0.0,21.0,55.0,62.0,1.053560674,30.0,61.0,181,499.9979,458.8754,318.9979,2.18,12.56818,0.915986,2,0.402949,0.444504,0.00589,0.2401,0.0134,0.0798,0.1538,0.0949,0.0962,0.114,0.1377,0.0551,0.015,0.11,0.0,0.0002,0.0001,5e-05,0.0,0.0,0.00569,0.00976,0.0,0.00109,0.15131,0.0,0.00837,0.30218,0.04698,0.01252,0.00192,2e-05,0.01823,0.09598,0.3455,0.0,0.45973,0.0,0.0,0.0,0.0,0.0,0.0,100.0,100.0,0.0,0.0,0.0,0.0,12.56818,0.0,0.0,0,0.0,0.0,0.0,0.35,0.190068,0.028083,0.109075,0.012606,0.012606,0.0,0.0,3342.711,0.304818,0.286393,0.002784,100.9953,81.41328,219.8543,1.61206,0.179638,0.1775,0.212707,0.164821,0.188291,0.117743,0.101466,0.065175,0.033118,0.082996,0.130001,0.155648
120304A,1967-08-23,2022-02-28,54.521560574948666,0.003264035352013659,0.6467328328883067,4.7137983285956455,125,1.6560416244772131,Suttor River at Eaglefield (120304A),North East Coast,BURDEKIN RIVER,No notes,-21.45,147.71,-21.28354586,147.8412447,55,1953.6,QLD,,1400,2300,2300,Not nested,,0,19670823,20220228,0.003264035,38.0,18.06909365,46.52912938,13.35259767,0.065280707,16.19667053,1.695338,4.729973,2.789988,0.891761,0.0,20.261204,1.577327,djf,296.106619,10.564785,jja,0.019836607,0.042793051,136.001759,0.0,9.048219594,0.13684268,21.62932097,1.533096202,0.0,0.30015747,1.108735173,0.353267167,0.865182125,0.646732833,1,30.75438596,49.34770115,55.57142857,267.0612245,57.85714286,0.612467912,0.522918472,0.340114925,,0.830761792,0.577062642,3.356787851,0.566622691,0.044885423,-8.629207037,-9.571333784,1.996506532,3.220908225,0.0,146.4695356,-0.927699119,242.6146258,0.07687424,0.583881194,UNCONSOLDTED,0.3778814,IGNEOUS,0.2732462,0.3778814,0.2732462,0.1986708,0.0,0.1502013,0.0,0.0,0.0,30.49367,46.20886,53.01899,0.943526741,86.78275,95.34885,269,679.1951,341.6849,410.1951,3.01,98.86398,0.511952,5,0.50069,0.200252,0.004269,0.3389,0.0187,0.1285,0.2373,0.084,0.0791,0.0783,0.0352,0.0,0.0,0.44,0.0059,0.00022,0.0,0.0,0.0,0.0,0.01108,0.04015,0.0,0.00428,0.20296,0.0,0.00104,0.19118,0.03283,0.00298,0.00076,4e-05,0.03015,0.05732,0.41878,0.0003,0.50629,1.658785,1.087458,5.97846,0.982792,9.374073,8.728961,82.9887,65.15238,0.0,0.0,0.0,0.0,98.86398,0.0,0.0,0,0.041558,0.0,0.0,0.477134,0.235913,0.012753,0.124333,0.584533,941.4716,0.002432,0.002432,2784.312,0.253495,0.258478,0.018576,83.29594,43.51457,210.3424,1.999042,0.218127,0.203559,0.209157,0.192161,0.201611,0.141516,0.142524,0.139416,0.033606,0.121446,0.17539,0.218965
121001A,1957-03-03,2014-12-31,57.831622176591374,0.010415187236661459,0.3367459216380424,6.333499311888324,125,0.7476502666474537,Don River at Ida Creek (121001A),North East Coast,DON RIVER,No notes,-20.289444,148.116111,-20.44328045,148.1508582,55,603.6,QLD,,1400,2300,2300,Level 1,121003A,0,19570303,20141231,0.010415187,,,,,,,2.881552,4.914579,1.705532,1.007719,0.0,18.993755,1.691753,djf,273.400407,8.211393,jja,0.28562126,0.176437233,319.339397,0.0,7.531284505,0.466980227,24.51987313,12.36901429,0.0,1.3558383,1.106901988,0.356647371,0.764340047,0.336745922,1,20.59392265,38.68523002,39.10555556,265.7575758,87.84848485,0.434867607,0.217852526,0.252430131,-23.27374322,0.801596985,0.273916632,4.671098434,0.497137405,0.082201159,-9.310659737,-5.260287818,1.819419971,1.582772183,0.0,188.1557348,-0.898697908,471.1465158,0.168271954,0.488501839,IGNEOUS,0.9077539,UNCONSOLDTED,0.09224621,0.09224621,0.9077539,0.0,0.0,0.0,0.0,0.0,0.0,21.0,42.0,52.0,0.667513761,117.8896,76.45362,81,797.5258,268.2932,716.5258,13.15,46.38541,0.852532,4,0.596596,0.263855,0.015499,0.5933,0.0707,0.1421,0.1701,0.0212,0.0026,0.0,0.0,0.0,0.0,0.84,0.0,0.0,0.0,0.0,0.0,0.0,0.00086,0.04015,0.0,0.01367,0.04664,0.0,0.0,0.00415,1e-05,0.0,0.0,0.03765,0.57401,1e-05,0.28284,0.0,0.89451,0.0,0.0,6.472553,6.331022,0.0,0.0,93.35577,88.69202,0.0,0.0,0.0,0.0,46.38541,0.3,0.0,0,0.028369,0.0,0.0,0.42911,0.182529,0.12,0.151264,0.149334,0.420024,0.0,0.0,5790.065,0.390613,0.395222,0.012981,84.19404,56.83826,212.6668,3.347444,0.360548,0.337245,0.373226,0.328933,0.316711,0.244966,0.240612,0.219966,0.12299,0.179689,0.266024,0.352496
121002A,1973-03-14,2022-02-28,48.9637234770705,0.003970029076269291,0.5715488688036827,2.4841992856525463,125,0.7792308915126418,Elliot River at Guthalungra (121002A),North East Coast,DON RIVER,No notes,-19.94,147.84,-20.08954567,147.8547783,55,269.5,QLD,,1400,2300,2300,Not nested,,0,19730314,20220228,0.003970029,43.0,17.72047743,47.10115981,14.1861578,0.044732722,12.51261765,2.375226,5.05115,2.126598,1.100824,0.0,19.335337,1.731884,djf,297.886441,10.523658,jja,0.177470205,0.055590952,415.0939355,0.0,9.205538968,0.609039732,19.87843069,31.4332794,0.0,0.93125806,1.083274552,0.428451131,0.86891596,0.571548869,1,50.54304636,61.912,67.42384106,286.8333333,66.66666667,0.370638572,0.094601029,0.392640429,,1.102969311,0.375582689,3.715853876,0.578794902,0.127192358,-11.9457052,-4.637971523,1.704153756,2.239164232,0.0,135.4595488,-0.867546806,190.1635334,0.275046021,0.462440276,IGNEOUS,0.7936678,UNCONSOLDTED,0.2063323,0.2063323,0.7936678,0.0,0.0,0.0,0.0,0.0,0.0,27.52846,48.63414,45.64228,0.822706939,93.86689,83.54631,25,1053.118,129.958,1028.118,9.53,44.32008,0.870399,4,0.433825,0.115441,0.023548,0.4184,0.027,0.0879,0.1926,0.0762,0.1236,0.0743,0.0,0.0,0.0,0.0,0.0,0.0,0.0,0.0,0.0,0.0,0.00552,0.08159,0.0,0.01867,0.05828,0.0,0.0,0.00019,7e-05,0.0,0.0,0.03795,0.46548,0.0,0.33221,0.0,0.83564,0.587721,0.587721,7.969108,7.675376,4.326655,4.164135,87.11653,73.45207,0.0,0.0,0.0,0.0,44.32008,0.0,0.0,0,0.183333,0.021739,0.0,0.523306,0.18963,0.0,0.094815,0.135567,0.23067,0.0,0.0,5791.589,0.373489,0.322465,0.005244,88.60168,63.77101,232.6276,2.864033,0.331694,0.307548,0.333499,0.285222,0.293169,0.187982,0.196925,0.187824,0.083493,0.12662,0.209019,0.317482
121003A,1984-03-16,2022-02-28,37.95756331279945,0.0,0.30965089440276977,6.070159084739689,125,1.1661547979682494,Don River at Reeves (121003A),North East Coast,DON RIVER,No notes,-20.15,148.15,-20.37133613,148.1373187,55,1012.5,QLD,,1400,2300,2300,Not nested,,1,19840316,20220228,0.0,63.0,52.56737046,145.4221989,37.30903256,0.050490479,12.15899785,2.751323,4.966135,1.804999,1.042044,0.0,18.715096,1.679032,djf,278.281434,8.5899,jja,0.233591267,0.146859814,311.9863478,0.0,8.089448574,0.438943009,19.83055962,12.6082296,0.0,1.07610688,0.9650436,0.317512983,0.789815349,0.309650894,1,19.82882883,45.81589958,40.5,288.3421053,62.13157895,0.499940321,0.242825878,0.237811188,-13.31688672,0.874427682,0.300455578,2.957500392,0.542343884,0.079344464,-10.68301898,-7.068707348,1.97244747,1.592718229,0.0,170.1100849,-0.858433267,452.3179458,0.178717195,0.443966593,IGNEOUS,0.8942725,UNCONSOLDTED,0.1055768,0.1055768,0.8942725,0.0,0.0,0.0,0.0,0.00015058,0.0,36.42763,58.44737,45.77632,0.679301522,116.1983,76.00921,44,797.5258,206.1698,753.5258,10.01,70.15525,0.848284,5,0.514462,0.229449,0.010939,0.5093,0.0557,0.1301,0.2077,0.0486,0.0343,0.0143,0.0,0.0,0.0,0.57,0.0,1e-05,0.0,0.002,0.0,0.0,0.00561,0.08845,0.0,0.01385,0.0984,0.0,0.0,0.00852,0.0001,0.0,0.0001,0.02438,0.46842,5e-05,0.29006,0.0,0.78291,0.101029,0.021256,6.694897,6.421204,0.0,0.0,92.53098,76.02174,0.0,0.0,0.0,0.0,70.15525,0.0,0.0,0,0.021918,0.017391,0.0,0.641691,0.207121,0.189107,0.198114,0.193079,0.420024,0.0,0.0,5558.292,0.390093,0.367738,0.008867,85.11482,57.92757,218.8401,3.080896,0.331205,0.320598,0.354877,0.311291,0.304308,0.224918,0.219007,0.197001,0.105573,0.15368,0.233809,0.320174
122004A,1972-10-25,2022-02-28,49.347022587268995,0.0005548158011540169,0.2000111024758521,2.5865431969264483,125,0.9416959263444852,Gregory river at Lower Gregory (122004A),North East Coast,PROSERPINE RIVER,No notes,-20.3,148.547222,-20.26872681,148.5873902,55,46.6,QLD,,1400,2300,2300,Not nested,,0,19721025,20220228,0.000554816,67.0,110.8700753,93.6228915,89.70922097,0.011096316,2.994122283,4.511884,4.926251,1.091839,0.954978,0.0,18.31958,1.732993,djf,245.309785,6.547505,jja,0.611102773,0.117329538,1534.452876,0.0,7.160737582,2.25042581,19.30800421,259.6838355,0.0,6.04614592,0.970711602,0.185355834,0.728044854,0.200011102,1,10.73633441,42.85947712,50.74647887,255.8604651,101.744186,0.474492763,0.21836742,0.130184137,-6.868206992,0.929510634,0.267091518,2.852325813,0.515081206,0.232009401,-9.507112779,-7.676365966,2.025844992,1.436972966,0.0,265.9582934,-0.909204874,494.6502157,0.489145043,0.474316164,IGNEOUS,0.846173,UNCONSOLDTED,0.1038216,0.1038216,0.846173,0.0,0.0,0.0,0.0,0.05000519,0.0,30.6,62.0,45.0,0.624013119,92.61697,151.5583,29,740.9734,245.4819,711.9734,29.43,11.97321,0.800851,3,0.637135,0.305089,0.059552,0.8206,0.0394,0.0444,0.0307,0.0609,0.004,0.0,0.0,0.0,0.0,1.0,0.0014,0.0,0.0,0.00084,0.00326,0.0,0.0,0.07364,0.0041,0.0016,0.0,0.0,0.0,0.0,0.0,0.0,0.0,0.86525,0.04443,0.0,0.0055,0.0,0.91518,0.0,0.0,91.7139,86.32184,0.0,0.0,8.286079,0.594812,0.0,0.0,0.0,0.0,11.97321,0.0,0.0,0,0.133333,0.126316,0.0,0.653947,0.19037,0.0,0.095185,1.056891,1.056892,1.0,0.0,9369.666,0.458847,0.549216,0.018961,62.95827,44.13356,211.7837,8.184959,0.991,0.876053,0.911469,0.774855,0.699829,0.544457,0.549412,0.518865,0.256681,0.425988,0.667271,0.957405
124002A,1973-02-08,2022-02-28,49.05681040383299,0.004297354615470476,0.02914634829886217,4.7747211896007755,125,1.2571439353007847,StHelens Creek at Calen (124002A),North East Coast,O'CONNELL RIVER,No notes,-20.9075,148.7586,-20.9618283,148.6903273,55,118.1,QLD,,1400,2300,2300,Not nested,,0,19730208,20220228,0.004297355,74.0,16.72466454,17.0920237,12.07479058,0.10045764,9.72473845,4.76517,4.769412,1.00089,0.945602,0.0,18.58925,1.661044,djf,249.867208,6.65637,jja,1.728162402,0.206826824,1239.237703,0.0,4.948375394,3.079885439,12.94118157,232.270686,0.01609884,9.20195225,0.561151078,0.098649179,0.584552435,0.029146348,1,5.906040268,27.73670213,12.68292683,270.3404255,100.4255319,0.606806047,0.189445523,0.130737437,-3.719171154,0.676821764,0.222354027,2.631857958,0.51609323,0.293176283,-8.221684829,-3.240071021,1.825282451,1.306592983,0.0,199.6343016,-0.865521947,208.5796906,0.631983338,0.463898753,IGNEOUS,0.6331451,SEDVOLC,0.2268807,0.06933084,0.6331451,0.0,0.0,0.07064337,0.0,0.2268807,0.0,21.83333,48.41667,56.66667,1.90333512,292.4978,186.4631,23,1238.854,319.5364,1215.854,28.37,27.02809,0.84966,3,0.458789,0.24186,0.044864,0.8306,0.0569,0.055,0.053,0.0045,0.0,0.0,0.0,0.0,0.0,1.0,0.0,0.0,0.0,0.01118,0.00331,0.0054,0.0,0.09055,0.0064,0.00141,0.0,0.0,0.0,0.0,0.0,0.0,0.0,0.8537,0.02808,0.0,0.0,0.0,0.88178,0.0,0.0,83.67673,71.36559,0.0,0.0,16.32325,6.753357,0.0,0.0,0.0,0.0,27.02809,0.0,0.0,0,0.129032,0.078049,0.0,0.543445,0.107135,0.0,0.053567,1.176215,54.71536,0.622946,0.001195,14354.88,0.431293,0.591922,0.068774,66.85998,36.28748,191.9752,9.337114,1.109688,0.97412,0.998784,0.846215,0.745652,0.594946,0.6234,0.616579,0.311924,0.554976,0.859571,1.088873
125005A,1973-12-14,2022-02-28,48.21081451060917,0.0,0.06218411039809189,6.283627485518793,125,1.2314551266217648,BlaCreeks Creek at Whitefords (125005A),North East Coast,PIONEER RIVER,No notes,-21.3228,148.8351,-21.28935583,148.6665528,55,510.2,QLD,,1400,2300,2300,Not nested,,0,19731214,20220228,0.0,88.0,41.57799295,20.30570979,32.19628017,0.0,0.0,3.748289,4.715191,1.257958,0.900084,0.0,18.607228,1.674757,djf,255.008915,6.712967,jja,0.786873015,0.212234704,802.9108249,0.0,6.251358258,1.166791725,17.84302423,53.20291868,0.0,3.75695866,0.839874725,0.1297064,0.676415469,0.06218411,1,10.24215247,38.54692557,28.81578947,251.9183673,120.3265306,0.58864256,0.251853058,0.161385963,-4.68546974,0.646559598,0.231328007,3.373224418,0.459397285,0.115752862,-8.676814105,-3.149953074,2.337682181,1.26871201,0.0,252.0378361,-0.853754444,327.9575358,0.304839757,0.379717078,IGNEOUS,0.9943732,UNCONSOLDTED,0.00562679,0.00562679,0.9943732,0.0,0.0,0.0,0.0,0.0,0.0,40.125,44.64583,35.85417,1.831186157,274.968,167.5417,80,1071.049,375.6198,991.049,20.24,58.99119,0.84878,5,0.43238,0.310306,0.017093,0.751,0.1023,0.1054,0.0388,0.0018,0.0007,0.0,0.0,0.0,0.0,0.7,0.0,0.01026,0.0,0.0004,0.0,0.0,0.00018,0.0015,0.0,0.00495,0.00059,0.0,8e-05,0.00016,0.00113,1e-05,0.0,0.85045,0.1293,8e-05,0.00088,0.0,0.98071,0.0,0.0,66.59351,64.10154,0.0,0.0,33.40644,32.39891,0.0,0.0,0.0,0.0,57.17309,0.0,0.0,0,0.182857,0.018605,0.0,0.607731,0.208796,0.359563,0.28418,0.76798,1.863726,0.241175,0.0,8660.158,0.399076,0.578387,0.080457,70.05888,38.71544,185.3902,6.556263,0.740556,0.669509,0.686332,0.592409,0.535282,0.451965,0.45859,0.479034,0.239385,0.398836,0.566144,0.730537
126003A,1973-11-10,2021-12-15,48.09856262833676,0.00022768670309653916,0.2975404235937144,3.0466043865644274,125,1.2459244503816203,Carmila Creek at Carmila (126003A),North East Coast,PLANE CREEK,No notes,-21.915556,149.398611,-21.9287557,149.3413039,55,83.7,QLD,,1400,2300,2300,Not nested,,0,19731110,20211215,0.000227687,32.0,25.53992828,59.60758518,17.14289668,0.062347673,12.4111978,3.432091,4.772458,1.390539,0.990862,0.0,19.083645,1.707965,djf,270.164368,7.562909,jja,0.487686759,0.132560223,1090.898581,0.0,7.498519224,1.472323418,19.11070871,121.8870197,0.0,3.40541935,1.01788717,0.200125256,0.751081758,0.297540424,1,16.27314815,67.30612245,59.38636364,264.6222222,57.66666667,0.517360297,0.29990704,0.15003746,-9.406089827,0.87488643,0.217841163,2.833401094,0.541635125,0.176637401,-11.1985995,-4.990068613,2.431924147,1.777274629,0.0,203.8805779,-0.907054603,171.1743219,0.416908787,0.423683564,IGNEOUS,0.6563891,UNCONSOLDTED,0.2215689,0.2215689,0.6563891,0.0,0.0,0.0,0.0,0.1220425,0.0,21.0,-99.0,56.875,1.276165817,210.4484,159.501,18,540.4606,180.1324,522.4606,21.99,19.68644,0.973947,4,0.537455,0.309658,0.026513,0.7423,0.0623,0.0804,0.101,0.014,0.0,0.0,0.0,0.0,0.0,1.0,0.0,0.0,0.0,0.03458,0.02642,0.0354,0.0,0.08411,0.0151,0.00018,0.0,0.0,0.0,0.0,0.0,0.0,0.0,0.76031,0.04395,0.0,0.0,0.0,0.80426,0.081563,0.081563,69.25269,50.29584,0.0,0.0,30.66579,26.24248,0.0,0.0,0.0,0.0,19.68644,0.0,0.0,0,0.215385,0.002632,1.0,0.373602,0.25253,0.075096,0.163813,0.144169,0.144169,0.0,0.0,7395.969,0.425756,0.482158,0.024849,73.00761,44.6726,204.6387,6.592848,0.795187,0.698536,0.714975,0.577708,0.527794,0.392632,0.380284,0.450973,0.200742,0.411822,0.638631,0.794835
129001A,1952-02-22,2022-02-28,70.02053388090349,0.033040078201368527,0.0016174686615446825,4.570606380730609,125,1.5613929568224474,Waterpark Creek at Byfield (129001A),North East Coast,WATER PARK CREEK,No notes,-22.835,150.6653,-22.75181641,150.6796996,56,248.7,QLD,,1400,2300,2300,Not nested,,0,19520222,20220228,0.033040078,49.0,8.409063959,74.08187372,5.759439246,0.058651026,6.8925386,3.870892,4.743567,1.225446,0.722064,0.0,18.346547,1.634107,djf,249.786307,6.014719,jja,0.410414644,0.22272424,698.9121189,0.0,4.990625891,1.485177438,18.48548772,54.93722483,0.03648222,4.44214456,0.451080484,0.083582693,0.549332794,0.001617469,1,4.852112676,25.72916667,4.444444444,227.983871,165.2903226,0.619222962,0.593852333,0.11457427,-2.706365478,0.604258875,0.295745218,1.201009898,0.423647604,0.181583581,-8.292500013,-3.376164879,1.896378289,0.929923261,0.0,269.6018573,-0.848490806,280.836413,0.385141634,0.471472219,UNCONSOLDTED,0.795677,SILICSED,0.1475634,0.795677,0.05430644,0.1475634,0.0,0.00245304,0.0,0.0,0.0,19.43333,62.0,60.87778,0.95875123,110.0245,107.7557,14,564.2543,67.50761,550.2543,6.39,31.57011,0.951148,4,0.561525,0.096541,0.017416,0.4235,0.0381,0.1123,0.24,0.0403,0.0842,0.0616,0.0,0.0,0.0,0.0,0.0,0.0,0.0,0.0,0.0,0.0,0.0,0.0,0.0,0.00033,0.00108,0.0,2e-05,2e-05,0.00011,0.0,0.0,0.90998,0.08639,0.0,0.00212,0.0,0.99849,0.0,0.0,42.03035,32.65784,6.332128,6.332128,51.3126,43.79305,0.324905,0.324905,0.0,0.0,31.57011,0.0,0.0,0,0.066667,0.021053,0.0,0.626961,0.132265,0.004005,0.068135,1.270495,11.20816,0.090371,0.090371,6352.345,0.488686,0.588738,0.017119,55.37798,36.63816,210.82,6.057721,0.654778,0.58266,0.63076,0.541784,0.493205,0.444102,0.449627,0.451313,0.297589,0.390437,0.472646,0.644023
130004A,1963-10-03,2022-02-28,58.40930869267625,9.374707040404987e-05,0.002156384774048378,2.707298797043269,125,1.4435106780802205,Raglan Creek at Old Stn (130004A),North East Coast,FITZROY RIVER (QLD),No notes,-23.8191,150.8206,-23.8748561,150.7402531,56,392.9,QLD,,1400,2300,2300,Not nested,,0,19631003,20220228,9.37e-05,55.0,86.76249276,71.8966281,69.48605375,0.140620606,34.14680133,2.346532,4.677766,1.993481,0.762971,0.0,19.84771,1.57827,djf,283.171449,8.709428,jja,0.097060863,0.177916731,363.4792725,0.0,11.16657471,0.243251405,34.3710654,7.378204136,0.00373797,0.41183678,0.409881016,0.077536096,0.729983124,0.002156385,1,5.865248227,42.20054201,5.111111111,257.7368421,92.40350877,0.522845974,0.40229974,0.149908402,-2.495325119,0.843991573,0.224132159,1.825461362,0.47453808,0.040808071,-8.996737205,-3.30290711,2.756041664,2.231726584,0.0,206.840113,-0.807478321,272.7048436,0.106339527,0.383752609,SILICSED,0.3842876,OTHERSED,0.2264353,0.1988468,0.1892788,0.3842876,0.0,0.2264353,0.0,0.00115086,0.0,21.0,42.0,52.0,0.696834343,52.22391,70.19234,32,744.4579,171.8627,712.4579,13.8,36.73988,0.978942,4,0.610494,0.190868,0.019262,0.5699,0.0593,0.1149,0.135,0.0474,0.0626,0.0109,0.0,0.0,0.0,0.81,0.0,0.0,0.0,0.0,0.0,0.0,0.00328,0.2421,0.0,0.00362,0.08549,0.0,0.0,0.00047,0.00012,0.0,0.0,0.16963,0.32345,8e-05,0.17178,0.0,0.66494,0.0,0.0,33.66418,23.09344,0.0,0.0,66.33577,15.13402,0.0,0.0,0.0,0.0,36.73988,0.0,0.0,0,0.075472,0.022222,0.0,0.731771,0.299377,0.085354,0.192365,0.554333,1.54777,0.131002,0.0,3410.626,0.314834,0.380666,0.04089,79.72239,33.9819,193.8878,4.332829,0.473755,0.422528,0.411826,0.343777,0.361171,0.259272,0.310088,0.289087,0.268014,0.346633,0.374255,0.468736
130302A,1950-01-01,2022-02-28,72.1615331964408,0.00018970292521910688,0.049370066788099576,7.066237118294503,125,4.404761592238582,Dawson River at Taroom (130302A),North East Coast,FITZROY RIVER (QLD),No notes,-25.64,149.79,-25.88347903,149.2478527,55,15806.9,QLD,,1400,2300,2300,Not nested,,1,19500101,20220228,0.000189703,45.0,35.63382857,28.43628837,28.04898592,0.166938574,21.94541199,1.670016,4.51628,2.704333,0.611479,0.0,21.474719,1.527494,djf,284.681601,8.753455,jja,0.015779382,0.068227831,112.3437387,0.0,7.438270817,0.077026612,21.65650275,0.328265743,5.47e-06,0.19241845,0.786273803,0.191370674,0.827717061,0.049370067,2,12.3,53.2,27.10416667,249.6231884,83.15942029,0.888912832,0.827837363,0.216543639,-4.583695111,0.487661626,0.333724482,1.532575825,0.357327427,0.015681698,-13.02186704,-8.97737465,3.130442044,1.182628598,0.0,175.0370167,-0.936197242,129.257598,0.045991994,0.340965823,SILICSED,0.9379396,UNCONSOLDTED,0.05390884,0.05390884,0.00287276,0.9379396,0.0,0.00527683,0.0,0.0,0.0,61.90196,61.90196,22.10784,0.952078237,58.80331,88.70056,187,937.6868,360.4514,750.6868,5.07,301.7217,0.659731,6,0.471665,0.237368,0.002509,0.4376,0.0374,0.1655,0.2479,0.0539,0.0315,0.0183,0.0072,0.0007,0.0,0.24,0.0,0.0001,0.0001,4e-05,0.0,0.0,0.00999,0.07464,0.0,0.00349,0.3222,0.0,0.0,0.12461,0.01119,0.00019,0.0003,0.00059,0.12808,0.00424,0.32005,0.0001,0.45296,0.086438,0.003056,24.48234,14.03714,0.799977,0.676176,74.62677,17.71786,0.0,0.0,0.0,0.0,301.7217,0.3,0.0,0,0.178344,0.082969,1.0,0.713996,0.307042,0.515979,0.411511,0.176228,281.2802,0.000468,0.000468,2021.325,0.204019,0.270442,0.080694,84.06588,21.69217,153.4955,2.795312,0.286305,0.251346,0.213966,0.226703,0.233494,0.212801,0.219842,0.2026,0.164113,0.247073,0.252188,0.283046
130324A,1966-06-19,2022-02-28,55.69883641341547,0.00014746362563900905,0.0008849122462022516,6.073994581000019,125,3.737021476118386,Dawson River at Utopia Downs (130324A),North East Coast,FITZROY RIVER (QLD),No notes,-25.7447,149.3299,-25.6704999,148.7047058,55,6056.7,QLD,,1400,2300,2300,Level 1,130302A,0,19660619,20220228,0.000147464,65.0,16.34273897,52.94374232,12.24254089,0.157294534,25.37129723,1.707365,4.501008,2.636231,0.637236,0.0,22.041026,1.497862,djf,289.391837,9.078962,jja,0.00949553,0.099952686,54.76262072,1.43e-05,8.134834237,0.057622271,18.00301907,0.219724333,0.00105563,0.10736021,0.433929594,0.110909002,0.801435524,0.000884912,2,7.621621622,50.00613497,3.6,240.7924528,79.33962264,0.808721499,0.810545528,0.205596128,-2.092275158,0.595334392,0.255269445,1.480698054,0.400629746,0.014688909,-9.527248485,-4.694404523,3.117789763,1.163336708,0.0,171.0951095,-0.822606877,152.8547481,0.034934323,0.420472127,SILICSED,0.9733306,UNCONSOLDTED,0.01968392,0.01968392,0.00698581,0.9733306,0.0,0.0,0.0,0.0,0.0,62.0,62.0,22.0,0.749203368,119.8054,78.64057,229,937.6868,456.5496,708.6868,6.93,223.2085,0.671637,6,0.392904,0.331298,0.003223,0.5022,0.054,0.1795,0.2,0.0377,0.0176,0.0082,0.0008,0.0,0.0,0.44,0.0,0.0,0.0,2e-05,0.0,0.0,0.00131,0.02765,0.0,0.00064,0.15808,0.0,2e-05,0.10866,0.00792,0.00017,0.0001,0.0012,0.21537,0.00707,0.47165,0.0001,0.69529,0.0,0.0,31.57868,25.28617,1.431605,1.320247,66.98898,28.6546,0.0,0.0,0.0,0.0,223.2085,0.0,0.0,0,0.054545,0.0,0.0,0.635969,0.260975,0.513538,0.387256,0.120811,106.4145,0.000565,0.000565,2074.371,0.218452,0.284484,0.083197,88.41214,29.11434,150.3817,2.999967,0.309654,0.277934,0.244119,0.25816,0.254197,0.234416,0.235847,0.207685,0.165905,0.251188,0.261711,0.296252
130403A,1965-12-14,2022-02-16,56.17796030116359,0.0006335591403089819,0.24773237101336193,3.302119080048359,125,1.6933363789526916,Connors River at Mt Bridget (130403A),North East Coast,FITZROY RIVER (QLD),No notes,-22.0383,149.1286,-22.04383303,149.2489092,55,1286.4,QLD,,1400,2300,2300,Not nested,,0,19651214,20220216,0.000633559,44.0,36.53566451,42.76166533,26.55271866,0.092542984,17.24349025,2.754231,4.710858,1.710407,0.927613,0.0,19.470172,1.694836,djf,275.638668,8.287568,jja,0.363869277,0.073700415,1016.389036,0.0,8.129807346,1.149073669,23.40771675,87.26824736,0.0,2.51129662,1.025679766,0.249244124,0.816443968,0.247732371,1,20.04313725,63.17735849,64.30379747,276.7058824,47.05882353,0.635657591,0.638563357,0.176975898,-10.59544224,0.791411554,0.304158216,3.119792791,0.414192056,0.180429469,-10.83734202,-9.30233964,2.530689174,1.900874906,0.0,169.3778481,-0.930453181,159.2208471,0.415682152,0.434056329,IGNEOUS,0.9154803,UNCONSOLDTED,0.05931856,0.05931856,0.9154803,0.0,0.0,0.0023237,0.0,0.02287679,0.0,20.0,47.0,60.0,0.766190069,78.5885,75.49419,158,813.2449,307.1339,655.2449,16.3,67.78288,0.879464,5,0.59695,0.235031,0.009761,0.672,0.0825,0.1118,0.0906,0.0203,0.0223,0.0005,0.0,0.0,0.0,1.0,0.0,1e-05,0.0,0.0,0.0,0.0,0.00031,0.06192,0.0,0.01162,0.0474,0.0,0.0,0.00216,2e-05,0.0,0.0,0.39342,0.37616,0.00022,0.10669,0.0,0.87649,0.054383,0.065539,43.02391,40.40321,0.044575,0.044575,56.87704,42.04388,0.0,0.0,0.0,0.0,67.78288,0.0,0.0,0,0.256,0.02963,0.0,0.49537,0.209444,5e-05,0.104747,0.107788,1.122188,0.000947,0.0,5510.185,0.391264,0.462572,0.032173,79.20068,43.76031,197.4336,4.524312,0.512316,0.465591,0.482242,0.399601,0.377749,0.294849,0.28517,0.333631,0.138306,0.29741,0.415613,0.517112
130410A,1968-05-22,2022-02-28,53.7741273100616,0.0031566620844152536,0.7356861943919506,3.6974371815945744,125,1.6967403606496134,Isaac River at Deverill (130410A),North East Coast,FITZROY RIVER (QLD),No notes,-22.1742,148.3811,-21.92895519,148.0827097,55,4067.2,QLD,,1400,2300,2300,Not nested,,0,19680522,20220228,0.003156662,35.0,30.50610176,39.72453331,25.29996539,0.0,0.0,1.550383,4.716662,3.042256,0.848963,0.0,20.791555,1.649786,djf,295.045917,10.951952,jja,0.019825486,0.044453981,109.9160337,0.0,10.16230614,0.105880154,21.17263435,1.157747027,0.0,0.19339966,0.851235475,0.264313806,0.887992237,0.735686194,1,25.74626866,66.61302682,71.66169154,268.3921569,43.8627451,0.598120608,0.453897421,0.371321165,,0.885630553,0.721337992,2.520111767,0.529515419,0.034127189,-7.891601681,-8.977875773,2.518923829,2.244174299,0.0,133.9489842,-0.943003199,111.8141819,0.066779804,0.511040561,UNCONSOLDTED,0.4906647,SILICSED,0.3356205,0.4906647,0.03826086,0.3356205,0.0,0.1354548,0.0,0.0,0.0,36.005,62.0,40.135,0.977122291,107.6481,98.28358,185,682.8297,291.8931,497.8297,4.16,146.5548,0.501843,5,0.496013,0.231347,0.00347,0.3524,0.0311,0.1119,0.1771,0.1044,0.0902,0.0916,0.0413,0.0,0.0,0.0,0.0272,0.00184,0.0,0.0,0.0,0.0,0.00784,0.02402,0.0,0.00592,0.25587,0.0,0.00288,0.22648,0.07198,0.00402,0.00211,4e-05,0.03052,0.03553,0.3027,0.0011,0.36879,7.284608,3.004795,6.327323,5.622719,12.08702,8.379924,74.2245,38.29316,0.0,0.0,0.0,0.0,122.732,0.0,0.0,0,0.17561,0.015385,0.0,0.53726,0.256268,0.47326,0.364764,1.858288,2202.54,0.002038,0.002038,2351.764,0.228619,0.223244,0.017006,79.20811,34.2067,205.4797,2.187714,0.229149,0.211895,0.203892,0.18788,0.206106,0.165387,0.158318,0.182112,0.050958,0.151636,0.203683,0.235688
130413A,1971-12-09,2022-02-16,50.19301848049281,0.0,0.44951726395025365,3.651299886844385,125,1.140725044005558,Denison Creek at Braeside (130413A),North East Coast,FITZROY RIVER (QLD),No notes,-21.7696,148.7869,-21.57693208,148.8164656,55,764.8,QLD,,1400,2300,2300,Not nested,,0,19711209,20220216,0.0,39.0,21.26713698,28.89092068,14.37918599,0.981193786,62.43839134,2.691227,4.754731,1.766752,0.93148,0.0,19.281403,1.682353,djf,273.831879,8.160461,jja,0.255211108,0.102237085,800.9244899,0.0,9.550067572,0.649032435,27.28845984,38.41896769,0.0,1.44009452,0.944040843,0.389679812,0.804505536,0.449517264,1,33.38317757,63.30042918,79.24038462,273.8823529,59.50980392,0.507868909,0.287293298,0.253837879,,0.85616652,0.336916799,3.390839369,0.48270751,0.088896017,-9.886806863,-5.913252782,2.47760464,1.8705735,0.0,195.2732482,-0.896468269,222.1485116,0.23344345,0.380803216,IGNEOUS,0.8142794,UNCONSOLDTED,0.1314587,0.1314587,0.8142794,0.0,0.0,0.03066641,0.0,0.02359586,0.0,18.0,51.11111,69.0,0.719099645,92.21776,75.72456,178,998.3151,301.5342,820.3151,12.61,68.55273,0.986601,5,0.456327,0.158192,0.012074,0.55,0.0522,0.1158,0.165,0.0566,0.0571,0.0033,0.0,0.0,0.0,0.51,0.0,0.0,0.0,0.001,0.0,0.0002,0.0002,0.03875,0.0,0.00984,0.03948,0.0,0.0,0.00102,8e-05,0.0,0.0001,0.21532,0.50882,2e-05,0.18527,0.0,0.90943,0.0,0.0,22.79617,21.41632,0.0,0.0,77.20386,67.71963,0.0,0.0,0.0,0.0,68.55273,0.0,0.0,0,0.257143,0.0,1.0,0.521429,0.210672,0.0,0.105336,0.230542,1.002541,0.00028,0.0,5120.454,0.363,0.417116,0.032424,83.89999,49.38305,197.356,4.007468,0.431805,0.405479,0.426372,0.363561,0.345693,0.286558,0.28061,0.304104,0.120885,0.255753,0.342548,0.440391
132001A,1950-01-01,2022-02-28,72.1615331964408,7.588117008764276e-05,0.07638019351166761,2.4839755665411527,125,2.008354734191721,Calliope River at Castlehope (132001A),North East Coast,CALLIOPE RIVER,No notes,-23.99,151.1,-24.02567897,150.9155594,56,1287.7,QLD,,1400,2300,2300,Not nested,,0,19500101,20220228,7.59e-05,44.0,52.94569019,16.55572484,38.862572,0.068293053,18.96363943,2.357487,4.691966,1.99024,0.785849,0.0,19.75782,1.439424,djf,282.71301,8.416109,jja,0.085429678,0.111231201,479.2057511,0.0,9.637514418,0.347397621,29.11691545,11.20943597,0.0,0.65942828,0.824667556,0.115575792,0.779776134,0.076380194,1,8.079575597,47.1353211,33.55,260.4366197,77.4084507,0.602364117,0.469530306,0.190211635,-4.059112744,0.82189626,0.261984748,1.527371485,0.413673734,0.05844747,-10.9001444,-5.836193897,2.86107958,1.984219259,0.0,198.1270499,-0.863669439,176.4553983,0.148172873,0.394454587,SILICSED,0.3629702,IGNEOUS,0.3138337,0.2213279,0.3138337,0.3629702,0.0,0.02325546,0.0,0.07861502,0.0,20.0,55.0,58.0,0.949394012,97.39494,76.41862,26,767.8743,128.3715,741.8743,8.97,68.06994,0.810856,5,0.595556,0.147574,0.011021,0.4743,0.0471,0.1269,0.1893,0.0545,0.0667,0.04,0.0012,0.0,0.0,0.88,0.0039,0.0001,0.0,0.00026,0.0,0.0,0.0011,0.19852,0.0,0.00185,0.14245,0.0,0.0,0.00155,0.00103,1e-05,0.0,0.07344,0.35151,0.00012,0.22402,0.0,0.64909,0.0,0.0,25.34468,9.699534,0.0,0.0,74.65563,25.0289,0.0,0.0,0.0,0.0,68.06994,0.0,0.0,0,0.096,0.055814,0.0,0.577035,0.315954,0.001551,0.158752,0.434215,1.54777,0.192673,0.0,3196.706,0.356791,0.422405,0.03799,76.88548,31.12822,193.2112,3.864358,0.416765,0.381793,0.371464,0.316182,0.320471,0.234703,0.278156,0.251493,0.242566,0.302784,0.330755,0.412959
135002A,1965-11-02,2022-02-28,56.32580424366872,0.0,0.32022553832693335,3.2426475701542277,125,1.6068382719181387,Kolan River at Springfield (135002A),North East Coast,KOLAN RIVER,No notes,-24.7533,151.5872,-24.71654334,151.4731444,56,547.9,QLD,,1400,2300,2300,Not nested,,0,19651102,20220228,0.0,43.0,20.36123695,47.70910662,16.1426093,0.072911097,21.36238798,2.616445,4.44803,1.700028,0.695355,0.0,19.811754,1.533751,djf,270.622807,7.294887,jja,0.088253113,0.09435902,494.6053858,0.0,10.56398223,0.366945041,30.40186763,15.02648389,0.0,0.65191475,0.693841672,0.19428377,0.823360716,0.320225538,1,18.41935484,83.03431373,62.1509434,220.3214286,80.10714286,0.579907448,0.663918301,0.107397113,-11.42111189,0.762036348,0.175459819,3.288117684,0.492220651,0.047230138,-10.89409404,-6.212987076,3.767094701,1.606773695,0.0,225.3168405,-0.926095369,162.801552,0.145020147,0.325679839,SILICSED,0.5090715,IGNEOUS,0.4511462,0.02827161,0.4511462,0.5090715,0.0,0.0,0.00140844,0.01010164,0.00140844,18.0,62.0,69.0,0.933427569,55.92515,73.22023,128,714.7448,287.3399,586.7448,19.46,53.55928,0.803457,4,0.494728,0.293418,0.011294,0.7346,0.0915,0.1045,0.0628,0.0064,0.0002,0.0,0.0,0.0,0.0,0.5,0.0,0.0,0.0,0.0,0.0,0.0,1e-05,0.04009,0.0,0.00115,0.00055,0.0,0.0,0.0,0.0,0.0,0.0,0.58948,0.36432,0.0,0.00437,0.0,0.95817,0.0,0.0,99.20745,77.8933,0.015921,0.015921,0.776628,0.363067,0.0,0.0,0.0,0.0,53.55928,0.0,0.0,0,0.0,0.0,0.0,0.442647,0.171373,0.0,0.085686,0.213831,0.410977,0.0,0.0,2960.094,0.354366,0.532077,0.096201,79.78887,33.53283,168.9722,5.214034,0.559787,0.488818,0.517247,0.433003,0.423044,0.338854,0.377215,0.355561,0.327279,0.451066,0.421031,0.518066
135004A,1965-10-31,2022-02-28,56.33127994524298,4.860267314702309e-05,0.3628365898707106,2.8759572474890787,125,0.9399046590311203,Gin Gin Creek at Dam Site (135004A),North East Coast,KOLAN RIVER,No notes,-24.97,151.89,-25.0299138,151.7148656,56,536.3,QLD,,1400,2300,2300,Not nested,,0,19651031,20220228,4.86e-05,70.0,51.00322269,4399.058656,41.05012676,0.009720535,7.14850343,2.402957,4.479457,1.864143,0.697873,0.0,20.02749,1.484344,djf,272.348694,7.298964,jja,0.091776354,0.107127942,496.9949726,0.0,11.03528183,0.326072349,52.4139829,12.94776483,0.0,0.75266338,0.937041952,0.285360163,0.767716535,0.36283659,1,17.26764706,43.51239669,39.9197861,246.125,79.16071429,0.44943623,0.655486036,0.184062015,,0.778041596,0.327747888,1.765182127,0.508960573,0.058700603,-9.361351624,-5.748709048,2.706035392,2.03779779,0.0,212.8223641,-0.89257182,116.8386955,0.140307699,0.418370506,IGNEOUS,0.5703935,METAMORPH,0.2896539,0.00397854,0.5703935,0.1359743,0.0,0.0,0.2896539,0.0,0.0,25.0,54.0,56.0,0.899999976,52.99339,64.9199,56,662.9315,221.4562,606.9315,14.86,68.78855,0.814809,4,0.383117,0.280815,0.008924,0.672,0.1111,0.1405,0.0763,0.0001,0.0,0.0,0.0,0.0,0.0,0.83,0.0001,0.0,0.0,0.0,0.0,0.0,0.00018,0.12465,0.0,0.00238,0.00158,0.0,0.0,0.0,0.0,0.0,0.0,0.43581,0.42832,0.0,0.00698,0.0,0.87111,0.0,0.0,89.1351,38.05651,0.0,0.0,10.86489,9.273483,0.0,0.0,0.0,0.0,68.78855,0.0,0.0,0,0.0,0.0,0.0,0.6375,0.296817,0.000201,0.148509,1.186454,3.609448,0.263462,0.0,2935.69,0.350016,0.487618,0.070426,78.46145,32.34943,176.3272,4.368354,0.461538,0.414997,0.426076,0.35638,0.363244,0.283866,0.318786,0.304344,0.264467,0.363655,0.370565,0.437244
136006A,1965-10-03,2022-02-28,56.407939767282684,0.00024268310440227152,0.5611709874745121,2.9431637444884777,125,0.6594770118152189,Reid Creek at Dam Site (136006A),North East Coast,BURNETT RIVER,No notes,-25.2731,151.5173,-25.19000771,151.5459436,56,220.7,QLD,,1400,2300,2300,Not nested,,0,19651003,20220228,0.000242683,41.0,17.69601679,44.12704201,14.75987814,0.004853662,4.802446713,2.122655,4.410404,2.077777,0.659889,0.0,20.854478,1.450907,djf,278.67695,7.561463,jja,0.081903272,0.118800851,362.8793978,0.0,10.23466462,0.273188869,51.5570281,7.81759613,0.0,0.70079274,0.759257465,0.438829013,0.766822022,0.561170987,1,36.89387755,40.81395349,47.17959184,236.1296296,75.03703704,0.398931215,0.580527403,0.252113901,,0.789370782,0.395227408,2.81905437,0.495083579,0.063060326,-7.832720142,-6.791482944,3.862283796,1.535596719,0.0,189.8653715,-0.864782987,93.38884004,0.133448525,0.472544198,IGNEOUS,0.6986674,SILICSED,0.2979344,0.00339814,0.6986674,0.2979344,0.0,0.0,0.0,0.0,0.0,21.0,42.0,52.0,0.889403355,90.60771,84.06557,178,500.9549,311.132,322.9549,13.26,33.44361,0.834449,4,0.498881,0.432063,0.009994,0.6759,0.1419,0.1417,0.0405,0.0,0.0,0.0,0.0,0.0,0.0,1.0,0.0,0.0,0.0,0.0,0.0,0.0,0.0,0.28252,0.0,0.0006,0.0287,0.0,0.0,0.0003,0.0,0.0,0.0,0.04784,0.52992,0.0,0.11015,0.0,0.68791,0.0,0.0,82.42731,14.48153,0.0,0.0,17.57268,1.870456,0.0,0.0,0.0,0.0,33.44361,0.3,0.0,0,0.0,0.0,0.0,0.460714,0.358346,0.473679,0.416013,0.113028,0.889768,0.0,0.0,2158.999,0.296336,0.438504,0.082536,83.33369,34.98454,164.7422,3.779171,0.382987,0.360742,0.34869,0.305878,0.322674,0.251316,0.287596,0.255104,0.236729,0.321962,0.333599,0.368139
136202D,1964-10-02,2022-02-28,57.40999315537303,0.0,0.12523248605083695,3.3248099341942625,125,1.1558915928965776,Barambah Creek at Litzows (136202D),North East Coast,BURNETT RIVER,No notes,-26.301111,152.044444,-26.37627001,152.2292986,56,649.6,QLD,,1400,2300,2300,Not nested,,0,19641002,20220228,0.0,44.0,29.94216006,26.17946807,23.18234059,0.057227336,17.78993957,2.39994,4.185152,1.743857,0.602943,0.0,20.65672,1.391884,djf,262.41585,6.386567,jja,0.02953231,0.105499667,301.9010985,0.0,10.00087574,0.208804908,26.96502469,4.36071264,0.0,0.4401133,0.690988886,0.166531547,0.76226811,0.125232486,1,10.27058824,49.18153846,25.25,233.862069,86.96551724,0.536742077,0.495070631,0.227458878,-5.01077248,0.791886969,0.289903184,1.609212284,0.419698142,0.034032837,-10.49793607,-8.761513907,4.003238531,1.334845107,0.0,245.5512949,-0.859124527,140.7056048,0.088176026,0.385964734,IGNEOUS,0.8298783,METAMORPH,0.09824653,0.04099406,0.8298783,0.00612343,0.0,0.00953275,0.09824653,0.01522508,0.0,37.20161,61.30107,40.14516,0.948241233,71.10749,69.7923,305,732.7839,438.679,427.7839,11.48,83.12895,0.723221,4,0.351224,0.339385,0.005356,0.6419,0.1231,0.1489,0.0795,0.0065,0.0001,0.0,0.0,0.0,0.0,0.72,0.0001,0.0,0.0,0.00282,0.0,0.0001,0.00167,0.28295,0.0,0.00082,0.07416,0.0,0.0,0.00012,0.0,0.0,0.0,0.2489,0.24125,0.0,0.14712,0.0,0.63727,0.0,0.0,97.26376,18.40853,0.0,0.0,2.736255,2.234966,0.0,0.0,0.0,0.0,0.65139,0.0,0.0,0,0.134694,0.049536,1.0,0.756627,0.304646,0.236394,0.27052,0.385294,3.061739,0.062923,0.0,2893.952,0.257927,0.476126,0.149842,88.41015,32.35214,138.6424,5.241573,0.531727,0.506822,0.468486,0.436138,0.39441,0.334542,0.383543,0.346396,0.324664,0.458419,0.46543,0.585208
136203A,1950-01-01,2022-02-28,72.1615331964408,0.004249345524907994,0.4579538959801867,5.1085052021578505,125,0.9264489850676085,Barker Creek at Brooklands (136203A),North East Coast,BURNETT RIVER,No notes,-26.733889,151.820556,-26.80941471,151.696623,56,310.7,QLD,,1400,2300,2300,Not nested,,0,19500101,20220228,0.004249346,22.0,12.49040336,46.047303,9.177754306,0.060704936,14.74861003,2.044537,4.148141,2.028891,0.566089,0.0,22.238784,1.348964,djf,282.488285,7.420543,jja,0.033624746,0.128441018,130.7117709,0.0,8.618291963,0.158992502,25.31465186,1.877568079,0.0,0.35928162,0.705609456,0.319679939,0.750314346,0.457953896,1,25.1951952,55.31460674,73.28658537,224.2575758,66.74242424,0.454661024,0.473968896,0.184891987,,0.877423218,0.279871418,1.417456434,0.470471135,0.036980241,-10.03875404,-8.343925068,3.412347587,1.172307564,0.0,217.7083558,-0.868642448,102.1752416,0.077236983,0.478789308,IGNEOUS,0.8740191,UNCONSOLDTED,0.07995052,0.07995052,0.8740191,0.00326604,0.0,0.01182566,0.03093811,0.0,0.0,42.68182,59.17045,43.36364,0.548756852,71.71915,91.48285,377,1108.824,584.9758,731.824,13.97,41.74507,0.555373,4,0.481021,0.287318,0.017608,0.6827,0.1111,0.1396,0.0565,0.0081,0.002,0.0,0.0,0.0,0.0,0.63,0.0,0.0,0.0,0.00749,5e-05,0.0,0.00827,0.15437,0.0,0.00051,0.06132,0.0,0.0,0.0006,0.0,0.0,0.0,0.28654,0.31778,0.0,0.16309,0.0,0.76741,1.191772,1.110136,96.47157,30.63967,0.0,0.0,2.336658,2.194953,0.0,0.0,0.0,0.0,41.74507,0.0,0.0,0,0.234043,0.153261,1.0,0.629443,0.286536,0.0,0.143268,1.500704,3.001146,0.988892,0.0,2485.473,0.18865,0.370076,0.163489,96.20338,38.41512,121.6558,5.203978,0.554979,0.509816,0.403137,0.41006,0.402898,0.334559,0.389452,0.336557,0.332512,0.471542,0.463048,0.589259
136208A,1968-06-13,2022-02-28,53.713894592744694,0.0,0.3795810184005301,4.486610610404214,125,1.7980393139690563,Boonara Creek at Ettiewyn (136208A),North East Coast,BURNETT RIVER,No notes,-25.902778,151.844167,-26.02288641,151.9874224,56,1391.9,QLD,,1400,2300,2300,Not nested,,0,19680613,20220228,0.0,16.0,16.92820546,57.27084908,12.29758371,0.030582599,11.99056194,2.064464,4.339712,2.102101,0.63797,0.0,21.169093,1.3597,djf,279.144378,7.198424,jja,0.028415255,0.09941264,169.5446834,0.0,10.53257134,0.131993046,28.1416549,1.932728802,0.0,0.23606523,1.194953854,0.398185432,0.776339263,0.379581018,1,43.4,59.03488372,53.19285714,250.1698113,65.03773585,0.651385302,0.52990857,0.245362198,,0.754218276,0.304048966,1.891789852,0.468201327,0.02568258,-10.11028255,-8.064616236,3.843149136,1.691966975,0.0,205.9836833,-0.866900479,153.9578475,0.065686871,0.390984974,IGNEOUS,0.5611271,SEDVOLC,0.2037734,0.1696379,0.5611271,0.04846191,0.0,0.01553002,0.00051059,0.2037734,0.0,39.57813,62.0,38.40625,0.882867628,105.7774,92.02139,169,638.9323,299.585,469.9323,12.12,81.39236,0.686498,5,0.520751,0.301814,0.005972,0.6217,0.1134,0.1408,0.0851,0.0303,0.0086,0.0001,0.0,0.0,0.0,0.95,0.0,0.0002,0.0,0.02356,0.00059,0.0012,0.00728,0.26084,0.0,0.00211,0.05135,0.0,0.0,0.00112,6e-05,0.0,0.0,0.09129,0.38808,3e-05,0.17195,0.0004,0.65135,0.0,0.0,64.60842,16.5191,0.0,0.0,35.39169,11.68397,0.0,0.0,0.0,0.0,81.39236,0.1,0.0,0,0.254118,0.012403,0.0,0.604849,0.338257,0.047107,0.192682,1.124843,188.695,0.303172,0.001969,2165.308,0.237794,0.379941,0.092231,82.92889,27.7136,153.2814,3.979247,0.408445,0.371877,0.347506,0.321657,0.314956,0.245925,0.299877,0.254919,0.259001,0.344061,0.361581,0.446297
136304A,1965-10-03,2022-02-28,56.407939767282684,0.0,0.4646896083094695,5.654795381104273,125,1.647165202087065,Stuart River at Proston Rifle Range (136304A),North East Coast,BURNETT RIVER,No notes,-26.1816,151.5461,-26.4821759,151.6885352,56,1554.4,QLD,,1400,2300,2300,Not nested,,0,19651003,20220228,0.0,31.0,11.88109625,45.27673779,8.718228793,0.043682959,14.58778001,1.976166,4.235629,2.143357,0.595782,0.0,22.166872,1.354945,djf,283.360218,7.581289,jja,0.020929716,0.077712344,139.3554195,0.0,10.17333488,0.09630312,38.44532839,0.959858899,0.0,0.20216086,1.014283537,0.404261515,0.794690094,0.464689608,1,26.028125,42.19845361,42.17621145,239.122807,69.45614035,0.648422637,0.719497909,0.278274529,,0.721470898,0.369521948,2.299373345,0.501917178,0.02181951,-8.625700058,-7.760773865,3.268228875,1.879700383,0.0,206.6588939,-0.921233834,116.3038845,0.049316884,0.44243489,IGNEOUS,0.4724524,UNCONSOLDTED,0.4501423,0.4501423,0.4724524,0.00356836,0.0,0.02040439,0.05343123,0.0,0.0,17.5875,61.625,69.6375,1.126008678,117.8254,114.7038,294,1139.025,449.8909,845.025,5.35,133.7291,0.397546,4,0.333572,0.200338,0.006444,0.4667,0.045,0.2193,0.214,0.0428,0.0116,0.0006,0.0,0.0,0.0,0.89,0.0013,0.00668,0.0,0.00221,2e-05,0.0002,0.06293,0.10367,0.0,0.00598,0.10295,0.0,2e-05,0.02207,0.00187,1e-05,0.0002,0.019,0.32528,0.0002,0.34082,0.0045,0.6853,0.001103,0.001103,56.78194,6.279824,0.0,0.0,43.20696,14.58799,0.0,0.0,0.009974,0.002215,21.07266,0.0,0.0,0,0.054054,0.006639,0.0,0.69704,0.404051,0.568905,0.486478,7.439507,1545.399,0.767753,0.046781,2210.854,0.244272,0.413496,0.125076,91.16145,37.09832,132.3187,3.638291,0.378646,0.342849,0.289837,0.293126,0.283933,0.238204,0.273031,0.2402,0.245341,0.331114,0.325562,0.392757
137101A,1966-02-12,2022-02-28,56.04654346338125,0.023887450539787993,0.23736362726453808,3.774891561377889,125,2.1974073457846464,Gregory River at Burrum Highway (137101A),North East Coast,BURRUM RIVER,No notes,-25.086667,152.240833,-25.29677181,152.1571087,56,453.4,QLD,,1400,2300,2300,Not nested,,0,19660212,20220228,0.023887451,27.0,7.039931182,277.4630983,5.831636167,0.0,0.0,2.560778,4.519647,1.764951,0.693455,0.0,19.470172,1.397419,djf,269.418281,6.784065,jja,0.05105186,0.051052243,360.6965611,0.0,9.820761339,0.339134884,22.79990326,11.09264826,0.0,0.59664402,0.928232338,0.227604844,0.831248123,0.237363627,1,13.69879518,51.10769231,24.703125,254.1428571,75.71428571,0.661001231,0.602036092,0.246256461,-8.975329021,0.78868478,0.355791701,3.065510449,0.489772727,0.050278541,-12.12051428,-7.414699313,3.393567248,2.57992718,0.0,233.9913563,-0.91790669,132.7659437,0.136827241,0.36746002,IGNEOUS,0.5488206,SILICSED,0.1842676,0.02763546,0.5488206,0.1842676,0.0,0.06201384,0.0,0.1772625,0.0,18.64474,49.60526,65.34649,0.74183578,218.5229,107.9133,47,658.6777,123.7148,611.6777,5.32,77.85192,0.889184,4,0.309096,0.135544,0.007949,0.4473,0.0424,0.1665,0.3147,0.0188,0.0065,0.0038,0.0,0.0,0.0,0.37,0.0,0.0,0.0,0.01725,0.00043,0.002,0.00016,0.02166,0.0,0.00156,0.00105,0.0,4e-05,8e-05,0.00013,0.0,0.0,0.52845,0.41948,5e-05,0.00758,0.0,0.95556,0.0,0.0,92.68214,70.3467,0.0,0.0,7.317878,4.956205,0.0,0.0,0.0,0.0,77.85192,1.0,0.6,0,0.065116,0.013223,0.0,0.578597,0.236001,1.0,0.618001,1.411389,237.3137,0.471388,0.000154,3249.708,0.37237,0.495068,0.054867,73.91518,29.1712,185.5361,4.441135,0.47001,0.40485,0.423842,0.354826,0.362637,0.288523,0.32911,0.296952,0.27293,0.381934,0.396192,0.457371
137201A,1966-02-11,2022-02-28,56.049281314168375,4.8847205939820246e-05,0.22881148942406332,2.856832023012314,125,1.078173136419778,Isis River at Bruce Highway (137201A),North East Coast,BURRUM RIVER,No notes,-25.266944,152.368611,-25.33302012,152.2748688,56,444.5,QLD,,1400,2300,2300,Not nested,,0,19660211,20220228,4.88e-05,37.0,19.92428981,2214.338125,14.98770994,0.019538882,7.753387138,2.632802,4.539868,1.724348,0.695738,0.0,19.649952,1.403081,djf,269.948632,6.624972,jja,0.041323784,0.038632367,335.3859456,0.0,10.25670817,0.372872276,23.40126163,14.62635749,0.0,0.55960765,0.797051272,0.22031166,0.84553759,0.228811489,1,10.94660194,42.95037221,23.65656566,246.7454545,59.16363636,0.421613403,0.490230283,0.281374886,-8.206745504,1.034638036,0.418355508,2.355212985,0.452331725,0.063577952,-11.83118234,-6.402036947,3.9576268,2.491239382,0.0,238.5452316,-0.909530479,190.7943693,0.14647749,0.434045888,IGNEOUS,0.4103292,SILICSED,0.327912,0.01760814,0.4103292,0.327912,0.0,0.190412,0.0,0.05373887,0.0,18.61184,54.7807,65.5329,0.854310118,153.7676,106.9045,19,340.4396,81.24994,321.4396,5.39,45.07606,0.752121,4,0.541715,0.201248,0.007199,0.4651,0.0601,0.1853,0.2714,0.0122,0.0036,0.0023,0.0,0.0,0.0,0.29,0.0001,0.0,0.0,0.01832,0.00035,0.0043,0.00024,0.06004,0.0,0.00171,0.00048,0.0,1e-05,0.0,2e-05,0.0,0.0,0.60366,0.3072,0.0,0.00245,0.0011,0.91331,0.0,0.0,78.10078,55.47211,0.0,0.0,21.89927,16.76725,0.0,0.0,0.0,0.0,45.07606,0.0,0.0,0,0.087943,0.002963,1.0,0.412268,0.285069,0.002578,0.143823,4.648083,740.5086,0.82206,0.045044,3340.629,0.390719,0.505988,0.046382,71.78539,28.98065,187.9737,4.482538,0.472595,0.416633,0.428943,0.359283,0.369016,0.296153,0.330901,0.291998,0.266869,0.382855,0.400641,0.463873
138004B,1974-10-02,2014-12-31,40.24914442162902,0.012312087613087545,0.1322314049586777,4.375445385296719,125,2.1001333701769305,Munna Creek at Marodian (138004B),North East Coast,MARY RIVER (QLD),No notes,-25.903611,152.349167,-25.73621395,152.1921758,56,1189.0,QLD,,1400,2300,2300,Not nested,,0,19741002,20141231,0.012312088,,,,,,,2.41961,4.423699,1.82827,0.680298,0.0,20.351094,1.366325,djf,271.57564,6.676685,jja,0.071495438,0.08755861,386.48418,0.0,8.978440265,0.326208278,35.92707996,8.578112753,0.0,0.68275273,0.943880271,0.173209366,0.766391185,0.132231405,1,8.982142857,36.247557,25.6,235.3684211,74.0,0.674932171,0.651020557,0.224405808,-6.730259145,0.651741209,0.336482185,2.035453473,0.439322672,0.059167526,-9.921490374,-7.86451231,4.803906963,1.553445892,0.0,225.9334461,-0.916202767,138.5628741,0.140748167,0.420378659,IGNEOUS,0.3417605,SILICSED,0.3080967,0.02020216,0.3417605,0.3080967,0.04035397,0.01092197,0.0,0.2786629,0.0,15.9375,51.6875,72.1875,0.688544254,94.76324,95.99837,46,727.2302,187.2259,681.2302,12.88,97.99771,0.941079,5,0.397696,0.221811,0.007081,0.6085,0.0743,0.1499,0.1505,0.0098,0.0049,0.0021,0.0,0.0,0.0,1.0,0.0,0.0,0.0,0.00025,0.0,0.0,8e-05,0.26106,0.0,0.00111,0.02164,0.0,0.0,2e-05,1e-05,0.0,0.0,0.38388,0.28346,0.0,0.04854,0.0,0.71588,0.0,0.0,93.74448,43.62264,0.325576,0.325576,5.929941,0.915853,0.0,0.0,0.0,0.0,97.99771,1.0,0.0,0,0.027027,0.034783,0.0,0.737179,0.279603,0.409148,0.344376,0.34293,0.770244,0.0,0.0,2917.577,0.316997,0.456564,0.077491,78.73688,29.68738,170.1619,4.910912,0.515076,0.462932,0.463247,0.395322,0.386393,0.307827,0.365324,0.31906,0.290507,0.417396,0.446522,0.537871
138009A,1974-07-14,2022-02-28,47.630390143737166,0.0,0.1223199402195781,3.2894724209811077,125,1.2308066287791977,Tinana Creek at Tagigan Road (138009A),North East Coast,MARY RIVER (QLD),No notes,-26.078611,152.783889,-26.14688541,152.8004674,56,101.4,QLD,,1400,2300,2300,Level 1,138903A,0,19740714,20220228,0.0,41.0,43.76496965,32.41197823,31.38606985,0.0,0.0,3.625627,4.361802,1.203048,0.606801,0.0,18.67914,1.420369,djf,244.240094,5.508007,jja,0.273684165,0.210428967,776.0779882,0.0,7.650743287,0.689423106,27.22090797,27.82139672,0.0,1.71521893,0.71247985,0.107662241,0.574581824,0.12231994,1,6.886029412,36.61538462,23.64444444,177.6041667,124.4375,0.477004294,0.44425168,0.123767922,-6.289849029,0.722286188,0.25588185,1.707054262,0.470507545,0.076023302,-7.283812956,-5.766580368,3.141784842,0.836992512,0.0,332.7809007,-0.858709883,215.1994318,0.198064367,0.383831291,METAMORPH,0.8315303,IGNEOUS,0.07414228,0.04404421,0.07414228,0.05028282,0.0,0.0,0.8315303,0.0,0.0,24.33333,36.5,53.44445,0.678882945,120.5892,81.70741,63,381.1812,148.3704,318.1812,14.96,24.77978,0.824387,3,0.460845,0.25094,0.012543,0.6634,0.0961,0.121,0.0966,0.0198,0.0031,0.0,0.0,0.0,0.0,0.61,0.0,0.0,0.0,0.01103,0.04588,0.0,0.0,0.24001,0.0,0.0,0.0,0.0,0.0,0.0,9e-05,0.0,0.0,0.69565,0.00734,0.0,0.0,0.0,0.70299,0.0,0.0,100.0,31.62931,0.0,0.0,0.0,0.0,0.0,0.0,0.0,0.0,24.77978,0.0,0.0,0,0.522222,0.088889,1.0,0.705823,0.371936,0.0,0.185968,7.287492,11.15698,1.0,0.428717,5105.127,0.403066,0.688442,0.142883,66.52187,18.27373,159.7821,7.568516,0.758698,0.769271,0.767067,0.638073,0.552742,0.497069,0.522668,0.489375,0.436659,0.606212,0.675053,0.843454
138010A,1974-10-16,2014-12-31,40.21081451060917,0.13671954789950297,0.29749980282356653,3.2167879721819426,125,1.080935526791623,Wide Bay Creek at Kilkivan (138010A),North East Coast,MARY RIVER (QLD),No notes,-26.079444,152.22,-26.18256559,152.1989384,56,351.8,QLD,,1400,2300,2300,Not nested,,0,19741016,20141231,0.136719548,,,,,,,2.301719,4.302919,1.869437,0.626174,0.0,20.845489,1.371378,djf,273.580187,6.703744,jja,0.031144657,0.138164645,271.3269756,0.0,11.30714902,0.193029335,30.08205303,4.763792788,0.0,0.35253837,1.167315894,0.144727502,0.714251913,0.297499803,1,9.039408867,35.10077519,25.83561644,218.0,78.625,0.463204762,0.313510459,0.235603033,-10.91636556,0.913930779,0.205903149,2.616056266,0.507948244,0.033210768,-8.091470002,-5.544679731,3.17411402,1.334786249,0.0,241.6594268,-0.79965755,137.5199366,0.086097376,0.385734956,IGNEOUS,0.6230231,SEDVOLC,0.1410204,0.1263415,0.6230231,0.0,0.0,0.0,0.1096154,0.1410204,0.0,39.0,62.0,29.0,0.603517778,100.0,80.45663,117,702.7022,290.9729,585.7022,13.32,37.39876,0.709912,4,0.568163,0.300666,0.015742,0.6293,0.0974,0.1396,0.0918,0.0313,0.0106,0.0,0.0,0.0,0.0,0.81,0.0012,0.0,0.0,0.01692,2e-05,0.0,0.00275,0.18384,0.0,0.00017,0.07792,0.0,0.0,7e-05,0.0002,0.0,0.0,0.13076,0.38728,8e-05,0.19887,0.0,0.71699,0.0,0.0,99.20837,24.06016,0.0,0.0,0.79162,0.79162,0.0,0.0,0.0,0.0,37.39876,0.0,0.0,0,0.230769,0.035556,0.0,0.755155,0.336752,0.377275,0.357013,0.620061,170.7573,0.119488,0.000196,2795.891,0.263788,0.435345,0.113048,82.73505,27.33412,152.1403,4.643837,0.475476,0.447679,0.422482,0.386989,0.362565,0.293812,0.350107,0.304466,0.287217,0.386948,0.401655,0.519883
138110A,1959-10-02,2022-02-28,62.41204654346338,0.0,0.016801193191788032,2.685977939264431,125,0.8565930730797445,Mary River at Bellbird Ck (138110A),North East Coast,MARY RIVER (QLD),No notes,-26.63,152.7,-26.70525075,152.6730236,56,485.4,QLD,,1400,2300,2300,Not nested,,0,19591002,20220228,0.0,78.0,83.7046308,22.69995666,63.39167924,0.026320407,7.487345602,3.72946,4.142378,1.110718,0.646751,0.0,18.220701,1.495941,djf,236.662368,5.64373,jja,0.340129554,0.218839592,1014.699911,0.0,7.415141177,0.910670401,25.74083633,45.59962699,0.00569639,2.55269465,0.587644281,0.086988945,0.554614845,0.016801193,1,5.418032787,24.74168297,15.95833333,223.047619,130.7301587,0.449352943,0.324353637,0.140959373,-3.837084097,0.747004612,0.235988822,1.624657462,0.467423015,0.102340961,-7.568787413,-5.293407206,2.764172084,0.920549919,0.0,313.3977619,-0.852940688,248.2096297,0.246607404,0.414995493,IGNEOUS,0.4914629,METAMORPH,0.281095,0.05464962,0.4914629,0.1470268,0.0,0.0,0.281095,0.02576541,0.0,12.0,62.0,78.0,1.153450244,161.8174,128.9516,122,858.3201,366.4165,736.3201,21.75,39.98658,0.686535,5,0.62538,0.352623,0.019002,0.7756,0.0862,0.0831,0.0459,0.0088,0.0004,0.0,0.0,0.0,0.0,1.0,0.0,0.0,0.0,0.00293,0.01075,0.0001,0.00012,0.13628,0.0,5e-05,0.00019,0.0,0.0,0.0,0.0,0.0,0.0,0.80298,0.04595,0.0,0.00063,0.0,0.84956,0.0,0.0,93.03811,56.23475,0.0,0.0,6.961893,0.495703,0.0,0.0,0.0,0.0,39.98658,0.3,0.0,0,0.235,0.041667,1.0,0.585231,0.273148,0.241585,0.257367,4.274418,56.72157,0.901328,0.154192,5181.861,0.336021,0.681158,0.216367,76.95358,20.94671,137.7919,8.715878,0.884885,0.876502,0.845167,0.739235,0.626784,0.552996,0.59916,0.570274,0.493804,0.729293,0.811432,0.973006
138113A,1971-11-11,2014-12-31,43.14031485284052,0.054007742590594654,0.15577619750436067,2.41820380487145,125,1.5544556409058485,Kandanga Creek at Hygait (138113A),North East Coast,MARY RIVER (QLD),No notes,-26.39,152.644444,-26.43117867,152.5088558,56,170.3,QLD,,1400,2300,2300,Not nested,,0,19711111,20141231,0.054007743,,,,,,,2.916648,4.227019,1.449273,0.638945,0.0,18.939821,1.449106,djf,252.35716,6.108355,jja,0.166237581,0.13530655,549.0015796,0.0,9.76138164,0.696340179,26.62635327,46.20250199,0.0,1.71139166,0.722239545,0.118542869,0.688380518,0.155776198,1,7.393305439,40.23921569,40.03448276,196.1538462,90.69230769,0.515700959,0.455820465,0.163291927,-5.631510372,0.807731433,0.232120007,1.180796982,0.474760383,0.086709967,-9.436726797,-6.946338442,3.378920311,1.127296472,0.0,270.1132579,-0.912481101,163.5669694,0.236843952,0.366105893,SEDVOLC,0.5434304,IGNEOUS,0.2099386,0.04077517,0.2099386,0.0,0.0,0.0,0.2058544,0.5434304,0.0,27.14286,-99.0,44.72619,0.807417599,147.4205,99.72047,82,678.1189,299.0944,596.1189,21.98,45.67901,0.776968,3,0.331057,0.367516,0.013119,0.7907,0.085,0.0839,0.0384,0.002,0.0,0.0,0.0,0.0,0.0,1.0,0.0,0.0,0.0,0.00131,0.00152,0.0,0.00015,0.12369,0.0,9e-05,0.0,0.0,0.0,0.0,0.0,0.0,0.0,0.81617,0.05704,0.0,3e-05,0.0,0.87324,0.0,0.0,82.29912,48.51602,0.0,0.0,17.7008,7.733697,0.0,0.0,0.0,0.0,45.67901,0.1,0.0,0,0.292,0.079681,0.0,0.682338,0.238648,0.04,0.139324,1.798717,3.061739,0.994991,0.0,4252.888,0.328653,0.595207,0.163055,77.69034,25.21559,145.606,7.028036,0.728765,0.715714,0.665584,0.588573,0.51823,0.443006,0.490569,0.446478,0.406091,0.599531,0.627751,0.78699
138903A,1981-07-08,2022-02-28,40.64613278576318,0.0,0.001077731375454668,5.454757745248033,125,4.418557266264068,Tinana Creek at Bauple East (138903A),North East Coast,MARY RIVER (QLD),No notes,-25.82,152.72,-26.03158196,152.8026978,56,772.0,QLD,,1400,2300,2300,Not nested,,1,19810708,20220228,0.0,10.0,85.10596213,13.93529493,66.89013446,0.101037316,13.47241046,3.515071,4.41163,1.255061,0.579184,0.0,18.697118,1.432507,djf,241.525417,5.466734,jja,0.184562164,0.152820691,444.2289879,0.0,6.061761167,0.671757906,15.86893572,16.58147711,0.00268611,1.88632293,0.696638243,0.130203422,0.665970632,0.001077731,1,8.225531915,44.94090909,16.0,182.7804878,121.9756098,0.827429403,0.867358815,0.091315152,-4.927354468,0.449594665,0.24733175,1.407498913,0.371159875,0.06392194,-8.849874238,-8.096168079,3.375483394,0.94434462,0.0,341.7556623,-0.93276834,247.5633991,0.197713888,0.32330526,UNCONSOLDTED,0.4043621,OTHERSED,0.2576659,0.4043621,0.02488687,0.1197505,0.0,0.2576659,0.193335,0.0,0.0,15.3973,36.84054,69.0,1.15158604,119.0434,148.9217,31,381.1812,89.27757,350.1812,7.0,70.99251,0.791775,4,0.447713,0.191807,0.005088,0.4928,0.0554,0.155,0.2372,0.0244,0.021,0.0117,0.0025,0.0,0.0,0.13,0.0,0.0001,0.0,0.0103,0.015,0.0002,9e-05,0.10452,0.0,0.00015,0.00015,0.0,0.0,0.0,0.00025,1e-05,0.0,0.81825,0.04846,2e-05,0.00264,0.0,0.86937,0.0,0.0,95.80305,22.46773,0.356423,0.0,3.801203,1.348535,0.0,0.0,0.0,0.0,70.99251,0.0,0.0,0,0.035294,0.003125,0.0,0.524311,0.368258,0.000195,0.184226,3.094905,12.58161,0.711504,0.063011,4629.458,0.422689,0.687405,0.118083,62.8276,18.61805,165.6954,7.094116,0.717356,0.708084,0.709066,0.591833,0.525647,0.468815,0.493895,0.462765,0.404837,0.576657,0.642943,0.782123
140002A,1974-09-19,2022-02-28,47.44695414099932,0.007963069821119446,0.0,7.757230646650482,125,1.6907493502946842,Teewah Creek at Coops Coner Tm (140002A),North East Coast,NOOSA RIVER,Some uncertainty regarding catchment boundary: the adopted catchment boundary is 10% larger than the HRS-2022 value.  The discrepancy is because the HRS boundary is very blocky due to this being a small catchment.,-26.0572,153.0426,-26.0268696,153.0409157,56,52.2,QLD,,1400,2300,2300,Not nested,,0,19740919,20220228,0.00796307,16.0,15.04685171,4.080550325,13.77345083,0.317368725,9.757752241,4.034667,4.439267,1.100281,0.480176,0.0,17.96002,1.418027,djf,227.880116,4.775099,son,0.390612158,0.604437143,427.0089483,2.83365517,2.138735296,1.759444272,20.26827381,14.16006036,0.64055172,4.07337931,0.177807412,0.014483481,0.0,0.0,1,1.872180451,0.0,0.0,172.8139535,186.3488372,0.592058476,0.622275152,0.082620876,-1.169600398,0.299962128,0.128937843,0.793164185,0.491061018,0.240633231,-3.70455985,-2.134180591,1.146160334,0.584342637,0.0,205.1897925,-0.716175352,214.8561346,0.464955648,0.517540182,UNCONSOLDTED,0.9040827,SILICSED,0.09591738,0.9040827,0.0,0.09591738,0.0,0.0,0.0,0.0,0.0,8.0,8.0,83.57143,0.983469876,265.6869,144.3365,7,227.5682,67.27306,220.5682,7.44,15.07452,0.654613,3,0.56946,0.265537,0.014478,0.5186,0.07,0.1554,0.1563,0.0407,0.0569,0.0021,0.0,0.0,0.0,0.33,0.0,0.0,0.0,0.0,0.0,0.0,0.0,0.0,0.0,9e-05,0.0,0.0,9e-05,0.0,0.00064,0.0,0.0,0.8806,0.11688,0.0,0.0017,0.0,0.99918,0.0,0.0,52.63846,52.39845,22.04578,0.0,25.31577,47.36155,0.0,0.0,0.0,0.0,15.07452,0.0,0.0,0,0.072727,0.0,0.0,0.0,0.048859,0.0,0.024429,0.248609,0.248609,0.0,0.0,5467.201,0.450032,0.739376,0.100011,55.38059,12.80903,165.5384,7.958848,0.806315,0.77816,0.778469,0.653574,0.564809,0.52275,0.553309,0.574134,0.478701,0.661893,0.725552,0.851084
141008A,1982-01-06,2021-05-13,39.351129363449694,0.0,0.06790509983997774,4.16471813767624,125,1.1900986731735406,Eudlo Creek at Kiels Mountain (141008A),North East Coast,MAROOCHY RIVER,No notes,-26.66,153.02,-26.70626074,152.9730447,56,57.2,QLD,,1400,2300,2300,Not nested,,0,19820106,20210513,0.0,37.0,187.5029866,21.74144572,146.0433347,0.034787449,5.318763678,4.571859,4.297287,0.939943,0.591473,0.0,18.661162,1.505439,djf,233.13868,5.432761,jja,0.570366615,0.19639877,493.2105749,0.0,5.117068854,1.46505564,18.45441265,56.20186903,0.0,4.95687503,0.874554279,0.13921937,0.559521325,0.0679051,1,7.43866171,28.5177305,15.25,191.0769231,145.3846154,0.524920298,0.659637456,0.15894439,-6.079416243,0.616349388,0.285043064,2.690071806,0.439130435,0.156607067,-7.29874834,-5.906440741,2.380966043,0.761250961,0.0,366.7193002,-0.925268842,286.2409641,0.328612667,0.476570391,SILICSED,0.7428507,UNCONSOLDTED,0.2437844,0.2437844,0.01336526,0.7428507,0.0,0.0,0.0,0.0,0.0,27.3,62.0,43.6,1.213155208,283.6693,136.1192,4,378.385,63.9984,374.385,9.56,19.54664,0.709377,3,0.432603,0.159083,0.019127,0.5489,0.0765,0.1267,0.181,0.0551,0.0084,0.0034,0.0,0.0,0.0,0.75,0.0021,0.0,0.0,0.0,0.0011,0.0,0.0,0.07001,0.0,0.00147,0.0,0.0,0.0,0.0,0.0,0.0,0.0,0.90048,0.02333,0.0,0.00042,0.0011,0.92423,0.0,0.0,91.51626,34.35641,0.0,0.0,8.483765,1.997853,0.0,0.0,0.0,0.0,19.54664,0.0,0.0,0,0.4,0.2,0.0,0.567772,0.378236,0.038615,0.208426,77.95166,1032.567,1.0,1.0,8539.425,0.440211,0.745464,0.133313,62.2669,11.79928,161.4748,7.439488,0.795665,0.715565,0.729071,0.596158,0.505976,0.466934,0.49698,0.511475,0.457199,0.634383,0.705838,0.816039
143007A,1964-10-18,2022-02-26,57.360711841204655,0.011837143811751228,0.108873110177269,4.1465732998179945,125,1.221402259597202,Brisbane River at Linville (143007A),North East Coast,BRISBANE RIVER,No notes,-26.8061,152.2711,-26.76996404,152.1212598,56,2010.0,QLD,,1400,2300,2300,Level 1,143009A,0,19641018,20220226,0.011837144,55.0,21.40923098,62.45310586,16.24129243,0.014317759,6.92471429,2.268464,4.178139,1.841837,0.599079,0.0,20.845489,1.40716,djf,265.058616,6.704638,jja,0.041014559,0.160676995,265.5310488,0.0,9.813192469,0.154755347,30.81595611,2.306279617,0.0,0.38570893,0.842681389,0.15920398,0.681881853,0.10887311,1,10.66666667,45.83441558,34.15151515,240.34,86.46,0.52850947,0.580415575,0.162996222,-7.503314723,0.72900148,0.240877729,1.499591986,0.438530735,0.028619573,-8.9254212,-7.074084372,3.712371707,1.143989795,0.0,236.846541,-0.897587738,163.1129551,0.068511115,0.417736203,IGNEOUS,0.5017204,SILICSED,0.3226214,0.1033122,0.5017204,0.3226214,0.0,0.03518824,0.0371589,0.0,0.0,30.0,61.0,47.0,0.670324549,83.05912,93.85826,154,979.5815,414.8744,825.5815,15.64,121.8682,0.635046,5,0.414346,0.34188,0.007041,0.7074,0.1116,0.1245,0.0502,0.0053,0.001,0.0,0.0,0.0,0.0,1.0,0.0001,0.0002,0.0,0.00204,0.00011,0.0,0.00245,0.13565,0.0,0.00215,0.02556,0.0,0.0,0.00051,0.00018,0.0,0.0,0.29593,0.43727,2e-05,0.09723,0.0006,0.83045,0.025804,0.025804,98.80445,38.44141,0.0,0.0,1.16895,0.28119,0.0,0.0,0.000859,0.0,121.8682,0.0,0.0,0,0.038095,0.02963,0.0,0.678241,0.300644,0.038354,0.169499,2.068443,709.1314,0.465246,0.014126,2685.31,0.230125,0.422942,0.144482,89.5619,33.29696,133.7513,5.788887,0.578269,0.565428,0.510328,0.477688,0.443181,0.376188,0.423281,0.375631,0.35598,0.519429,0.527299,0.628711
143009A,1962-02-08,2022-02-28,60.05749486652977,0.0,0.10521517140773158,3.600516911499393,125,1.2489441344549173,Brisbane River at Gregors Creek (143009A),North East Coast,BRISBANE RIVER,No notes,-26.996389,152.408611,-26.89758575,152.1348483,56,3868.7,QLD,,1400,2300,2300,Not nested,,1,19620208,20220228,0.0,44.0,20.08800239,19.38107651,14.94216621,0.045587163,17.06905518,2.257092,4.188332,1.855632,0.604786,0.0,20.818522,1.396864,djf,266.263142,6.704617,jja,0.040384303,0.201735877,282.0511775,0.0,9.766024041,0.183130449,32.52062722,3.198576163,0.0,0.43853243,0.72078046,0.10845186,0.596872721,0.105215171,1,8.436170213,47.61090909,56.29268293,230.2,98.75,0.579231675,0.662522861,0.148252544,-5.919439049,0.64611909,0.190338414,1.298284075,0.420459878,0.03167819,-7.657112806,-6.358097103,3.935716659,0.982263858,0.0,230.4710967,-0.884002637,152.7588592,0.081478326,0.38879285,IGNEOUS,0.4722494,SILICSED,0.3467528,0.09532016,0.4722494,0.3467528,0.0,0.01936806,0.06486575,0.00144669,0.0,30.75,57.0,48.75,0.647637799,81.45759,87.8898,89,979.5815,388.0464,890.5815,14.97,153.8767,0.691031,5,0.456804,0.33784,0.005806,0.6923,0.1131,0.1304,0.0574,0.006,0.0008,0.0,0.0,0.0,0.0,1.0,0.0,0.0001,0.0,0.00249,0.00019,0.0001,0.00177,0.20386,0.0,0.00407,0.03525,0.0,0.0,0.00029,0.00011,0.0,0.0,0.22945,0.42369,0.0,0.09818,0.0003,0.75132,0.013317,0.013317,94.89388,29.49976,0.0,0.0,5.091544,1.351728,0.0,0.0,0.001329,0.0,153.8767,0.0,0.0,0,0.24,0.0,0.0,0.75,0.337131,0.081521,0.209326,1.56446,709.1314,0.446016,0.009324,2631.956,0.237659,0.424635,0.138683,89.68964,34.14864,136.7423,5.372335,0.536714,0.525175,0.473399,0.444452,0.413378,0.35158,0.389147,0.349066,0.330641,0.48015,0.487701,0.58388
143107A,1961-10-03,2022-02-28,60.407939767282684,0.027329586656997824,0.32370346209403106,2.8446819480127328,125,1.2426016457557298,Bremer River at Walloon (143107A),North East Coast,BRISBANE RIVER,No notes,-27.6,152.69,-27.74810088,152.5065527,56,624.3,QLD,,1400,2300,2300,Not nested,,1,19611003,20220228,0.027329587,17.0,22.16147473,39.80607932,16.78151853,0.00906454,4.2598661,2.310411,4.223932,1.828216,0.65209,0.0,20.072435,1.41958,djf,268.222744,6.960345,jja,0.020622755,0.043719308,549.3904183,0.0,9.507803469,0.295026935,20.88331208,7.868351022,0.0,0.44325096,0.818219091,0.237034621,0.82554401,0.323703462,1,13.28198433,45.78036176,36.75661376,201.7291667,78.14583333,0.564152,0.3750744,0.274620346,-12.48218577,0.955641906,0.387713383,1.824919155,0.476283301,0.054740612,-11.49469724,-8.632284053,3.995393892,0.869032819,0.0,214.9579469,-0.896240663,119.4175256,0.12475483,0.438785513,OTHERSED,0.3247545,UNCONSOLDTED,0.2884179,0.2884179,0.245125,0.1417023,0.0,0.3247545,0.0,0.0,0.0,39.0,60.0,42.0,0.867256303,54.57956,89.28872,26,879.8817,137.9838,853.8817,8.72,63.67173,1.022625,5,0.44447,0.133863,0.013453,0.4866,0.0642,0.1363,0.1374,0.0741,0.0754,0.026,0.0,0.0,0.0,0.26,0.0074,0.00034,0.0,0.03647,0.00108,0.0024,0.01076,0.41033,0.0,0.00411,0.04046,0.0,0.00014,0.00055,0.00127,5e-05,0.0,0.14538,0.27328,0.00012,0.06138,0.0045,0.48016,0.0,0.0,80.55076,13.33475,0.543875,0.035354,18.90532,7.42211,0.0,0.0,0.0,0.0,63.67173,0.0,0.0,0,0.175,0.051064,0.0,0.730053,0.413118,0.069493,0.241306,10.90823,812.1118,1.0,0.101821,3158.322,0.291216,0.463597,0.111658,84.87074,30.56345,150.9646,4.296137,0.446465,0.430851,0.36986,0.361816,0.327131,0.266308,0.292484,0.265402,0.253413,0.367607,0.41357,0.494291
143110A,1969-02-23,2022-02-28,53.01574264202601,0.013788473455897543,0.3961878829135466,2.568430663293595,125,0.9681249819411625,Bremer River at Adams Bridge (143110A),North East Coast,BRISBANE RIVER,No notes,-27.8275,152.510833,-27.88955435,152.4616936,56,125.7,QLD,,1400,2300,2300,Level 1,143107A,0,19690223,20220228,0.013788473,21.0,16.30813083,57.61418135,12.01724631,0.015492667,6.262913919,2.514344,4.164408,1.65626,0.658098,0.0,20.234237,1.435587,djf,265.723802,6.648898,jja,0.045534865,0.069079459,448.9810024,0.0,9.361432375,0.39894635,24.43089924,13.94805341,0.0,0.66535561,0.887655475,0.221500759,0.795936535,0.396187883,1,9.746543779,34.7826087,43.98837209,244.8666667,71.48888889,0.428759972,0.301105523,0.283517953,,1.110360417,0.35126141,1.999772148,0.533493542,0.074826706,-10.29182739,-7.070649175,3.259202399,1.062515578,0.0,215.697914,-0.850976646,99.61944895,0.153780032,0.486582722,IGNEOUS,0.6343261,UNCONSOLDTED,0.1965455,0.1965455,0.6343261,0.0,0.0,0.1691282,0.0,0.0,0.0,39.0,60.0,42.0,0.867824654,62.21401,87.1383,79,879.8817,206.5795,800.8817,13.28,27.30412,1.051579,3,0.475904,0.171274,0.029756,0.5725,0.0743,0.1285,0.1107,0.07,0.044,0.0,0.0,0.0,0.0,0.75,0.0,0.0,0.0,0.047,0.00522,0.0033,0.00627,0.32924,0.0,0.00046,0.025,0.0,0.0,0.0,0.0,0.0,0.0,0.27581,0.27165,0.0,0.03602,0.0,0.58348,0.0,0.0,54.42005,7.658793,0.0,0.0,45.57993,18.77065,0.0,0.0,0.0,0.0,27.30412,0.0,0.0,0,0.393548,0.295455,1.0,0.763494,0.415371,0.04154,0.228456,1.88362,5.886827,1.0,0.0,3747.219,0.283567,0.476262,0.131579,88.28568,32.77175,143.4436,5.361555,0.571837,0.533989,0.468191,0.439816,0.398662,0.316653,0.370463,0.335211,0.299422,0.464362,0.538318,0.617097
143209B,1967-03-07,2022-02-28,54.98425735797399,0.04680575611213464,0.38379564331609467,4.392631337074871,125,1.606003799247661,Laidley Creek at Mulgowie2 (143209B),North East Coast,BRISBANE RIVER,No notes,-27.7314,152.3633,-27.84975935,152.3667694,56,172.7,QLD,,1400,2300,2300,Not nested,,0,19670307,20220228,0.046805756,48.0,14.35547958,54.8565754,10.59480519,0.537768262,49.21338294,2.505812,4.05912,1.619882,0.60921,0.0,20.072435,1.43141,djf,262.227081,6.449702,jja,0.125621888,0.188520575,396.4051789,0.0,8.040069562,0.402069983,20.38674419,10.45015942,0.0,0.80227257,0.800683896,0.138954187,0.632137074,0.383795643,1,11.0373444,52.38528139,64.44736842,227.7380952,105.2619048,0.656158281,0.454073855,0.092554847,,0.728926998,0.113317063,2.673111273,0.535739313,0.064410954,-7.956078429,-2.971765826,3.616984489,1.00631312,0.0,232.0154416,-0.813489504,128.341499,0.155919893,0.413102863,IGNEOUS,0.6898753,UNCONSOLDTED,0.1186127,0.1186127,0.6898753,0.1143716,0.0,0.07714027,0.0,0.0,0.0,20.03572,52.89286,60.75,0.546537781,236.5149,94.23166,140,1123.144,404.326,983.144,27.37,32.95806,0.829987,3,0.44391,0.284795,0.030495,0.7947,0.0631,0.0603,0.041,0.0409,0.0,0.0,0.0,0.0,0.0,1.0,0.0,0.0,0.0,0.0614,0.00717,0.0024,0.00139,0.08245,0.0,0.0,0.00142,0.0,0.0,0.0,0.0,0.0,0.0,0.50202,0.33973,0.0,0.00195,0.0,0.8437,0.0,0.0,36.32663,14.3385,0.0,0.0,63.67338,52.08236,0.0,0.0,0.0,0.0,32.95806,0.0,0.0,0,0.48,0.12,0.0,0.804063,0.224632,0.000311,0.112472,3.41634,5.886827,0.989027,0.0,3681.965,0.231741,0.452981,0.17577,93.73003,36.27907,129.5572,6.486052,0.684609,0.638161,0.553133,0.529109,0.474397,0.392275,0.446402,0.428216,0.388769,0.564563,0.643359,0.733962
143303A,1950-01-01,2022-02-28,72.1615331964408,0.0031490685586371744,0.0055568242368881785,4.430097736392664,125,1.232717923848282,Stanley River at Peachester (143303A),North East Coast,BRISBANE RIVER,No notes,-26.838889,152.840556,-26.81859641,152.8604163,56,104.0,QLD,,1400,2300,2300,Not nested,,0,19500101,20220228,0.003149069,37.0,56.05190529,26.99562982,42.86548169,0.011382176,1.591599194,4.465041,4.19435,0.939376,0.631581,0.0,18.553294,1.526627,djf,235.179183,5.435903,jja,0.984793288,0.233352025,990.6173308,0.0,4.695286485,2.065469693,14.99563244,94.05065964,0.01329231,6.78156923,0.602654279,0.096635457,0.528202786,0.005556824,1,5.139676113,27.97983871,10.42857143,217.8529412,162.1764706,0.585109179,0.532030964,0.074785528,-4.134349865,0.626743867,0.301595818,1.952265533,0.464071856,0.21024238,-7.795290041,-6.495594442,2.076009618,0.885900988,0.0,270.6449625,-0.877541438,217.4393795,0.457429102,0.459617413,SILICSED,0.5137949,IGNEOUS,0.4089785,0.07722636,0.4089785,0.5137949,0.0,0.0,0.0,0.0,0.0,22.66667,32.94792,64.45833,0.859391943,148.5805,105.7399,135,542.2856,223.1925,407.2856,13.55,26.59196,0.790649,3,0.455172,0.290773,0.016919,0.6498,0.0865,0.1074,0.1273,0.015,0.014,0.0,0.0,0.0,0.0,1.0,0.0,0.0,0.0,0.0,0.0,0.0,0.0,0.09778,0.0,0.0,0.0,0.0,0.0,0.0,0.0,0.0,0.0,0.8823,0.01521,0.0,5e-05,0.0047,0.89756,0.0,0.0,100.0,35.60221,0.0,0.0,0.0,0.0,0.0,0.0,0.0,0.0,26.59196,0.0,0.0,0,0.593507,0.373878,1.0,0.755962,0.419459,0.0,0.20973,17.95191,248.3837,1.0,0.694636,7719.294,0.386958,0.728474,0.18536,70.76371,15.18247,147.2448,8.566031,0.908141,0.846422,0.848601,0.698878,0.58562,0.535403,0.566838,0.58082,0.499458,0.716298,0.813883,0.954341
145010A,1965-11-28,2022-02-28,56.25462012320329,4.866890543631674e-05,9.734254842791784e-05,5.677076631140131,125,0.9022097581942597,Running Creek at 5.8KM Deickmans Bridge (145010A),North East Coast,LOGAN-ALBERT RIVERS,No notes,-28.246389,152.891111,-28.30885186,152.9752194,56,132.2,QLD,,1400,2300,2300,Not nested,,0,19651128,20220228,4.87e-05,18.0,35.7403526,31.22454448,27.42234872,0.038935124,4.57008614,3.561756,3.92322,1.101485,0.572691,0.0,18.993755,1.414324,djf,241.264736,5.457503,jja,0.598977553,0.386477072,346.6437277,0.01960666,4.127704733,0.864432925,20.49008519,12.73150801,0.04052042,2.54167625,0.412647957,0.048914631,0.310279373,9.73e-05,1,3.602150538,13.98026316,1.0,211.7142857,160.4464286,0.47071512,0.389319395,0.075660897,-2.814618961,0.523197027,0.187287688,2.009923729,0.514626055,0.116977755,-5.137623024,-3.577879322,2.278187363,0.72646021,0.0,297.8345558,-0.813278186,309.323493,0.242292004,0.482796599,IGNEOUS,0.9636485,UNCONSOLDTED,0.03635167,0.03635167,0.9636485,0.0,0.0,0.0,0.0,0.0,0.0,23.5,62.0,63.125,1.003996975,214.8466,161.9908,99,1001.969,445.1917,902.969,29.73,37.29369,0.814243,3,0.344049,0.383169,0.024204,0.8727,0.0595,0.0465,0.0195,0.0018,0.0,0.0,0.0,0.0,0.0,1.0,0.0,0.0,0.0,0.01472,0.00387,0.0005,0.00151,0.28975,0.0,0.0,0.00088,0.0,0.0,0.0,0.0,0.0,0.0,0.58454,0.09375,0.0,0.01058,0.0,0.68887,0.0,0.0,81.97346,45.59999,0.0,0.0,17.93451,3.854763,0.0,0.0,0.092055,0.223568,37.29369,0.0,0.0,0,0.335294,0.141667,1.0,0.646788,0.116848,0.347943,0.232396,1.786922,5.951086,0.997369,0.0,4567.773,0.255623,0.616239,0.263533,86.54753,28.10242,119.1372,8.195672,0.886987,0.806284,0.756174,0.672597,0.566496,0.487721,0.538276,0.524389,0.472385,0.702774,0.822805,0.94772
145011A,1966-02-09,2022-02-28,56.054757015742645,0.0,0.08054117417212074,3.5441254149900656,125,1.1331275016034696,Teviot Brook at Croftby (145011A),North East Coast,LOGAN-ALBERT RIVERS,No notes,-28.147778,152.570833,-28.2065825,152.5338372,56,82.8,QLD,,1400,2300,2300,Not nested,,0,19660209,20220228,0.0,14.0,34.60471132,30.60945423,26.98333173,0.058610921,13.14184542,2.716887,3.96947,1.461036,0.593316,0.0,19.766809,1.403318,djf,252.141424,5.825545,jja,0.130874785,0.158565249,521.8486957,0.0,7.625622921,0.471457891,21.889641,12.92517617,0.0,1.18330435,0.734701557,0.113412132,0.664794373,0.080541174,1,6.361643836,34.37121212,11.77857143,237.0714286,122.5535714,0.503363353,0.293566965,0.155619599,-4.368626517,0.850246734,0.236499025,1.13262123,0.586995922,0.085660291,-9.509942197,-6.546938511,3.268637397,1.197678774,0.0,245.8103944,-0.894476594,117.5473608,0.172394208,0.496886131,OTHERSED,0.616144,IGNEOUS,0.309783,0.03390102,0.309783,0.04017224,0.0,0.616144,0.0,0.0,0.0,23.0,60.0,56.0,0.712421211,147.6609,107.7713,168,1326.515,427.213,1158.515,19.27,19.12141,0.777926,3,0.544568,0.222674,0.060504,0.7553,0.1029,0.09,0.0438,0.008,0.0,0.0,0.0,0.0,0.0,1.0,0.0,0.0,0.0,0.00968,0.00043,0.0,0.00011,0.20045,0.0,0.0007,0.00038,0.0,0.0,0.0,0.0,0.0,0.0,0.58309,0.20112,0.0,0.00395,0.0,0.78816,0.0,0.0,89.36314,40.33656,0.0,0.0,10.59691,7.397546,0.0,0.0,0.039968,0.1199,19.12141,0.0,0.0,0,0.016,0.032,0.0,0.6875,0.189727,0.0,0.094864,0.93108,1.28317,0.40064,0.0,4192.631,0.236789,0.511135,0.219424,92.34644,35.38451,121.9658,7.474548,0.795228,0.729246,0.672749,0.601546,0.518281,0.437826,0.504058,0.488001,0.476041,0.662801,0.740955,0.837822
145018A,1970-05-07,2022-02-28,51.81656399726215,0.00760858078833351,0.07565754445745927,7.254935133920635,125,1.2944581776865527,Burnett Creek at Up Stream Maroon Dam (145018A),North East Coast,LOGAN-ALBERT RIVERS,No notes,-28.219722,152.608333,-28.27109977,152.5776335,56,81.5,QLD,,1400,2300,2300,Not nested,,0,19700507,20220228,0.007608581,19.0,40.99169448,54.59160881,33.15348763,0.073972313,8.755876879,2.84599,3.879324,1.363084,0.573335,0.0,19.110612,1.415446,djf,246.954772,5.683285,jja,0.181597117,0.205252129,248.0316074,0.0,5.18298115,0.493347362,15.68396743,6.538300546,0.0,1.64637055,0.743506484,0.136726653,0.598125865,0.075657544,1,6.484848485,28.95360825,15.78888889,228.9574468,132.106383,0.589588083,0.390077814,0.138330599,-5.322537353,0.650938128,0.278722655,1.514160112,0.540079458,0.088034386,-8.035094184,-7.702301065,3.657620713,0.87172184,0.0,252.1418187,-0.899242928,147.1213584,0.172463115,0.510453415,OTHERSED,0.5888625,IGNEOUS,0.2951843,0.0,0.2951843,0.1159532,0.0,0.5888625,0.0,0.0,0.0,55.2,61.2,26.2,0.796658715,160.5168,117.102,229,1243.467,535.8333,1014.467,27.66,20.03811,0.891632,3,0.516375,0.302681,0.050643,0.8643,0.0751,0.0463,0.0141,0.0002,0.0,0.0,0.0,0.0,0.0,1.0,0.0,0.0,0.0,0.0015,0.0,0.0,5e-05,0.09371,0.0,0.0,0.0,0.0,0.0,0.0,0.0,0.0,0.0,0.82218,0.08262,0.0,0.0,0.0,0.9048,0.0,0.0,95.91196,67.25529,0.0,0.0,3.622802,3.602563,0.020229,0.020229,0.445019,1.476622,20.03811,0.0,0.0,0,0.193103,0.0,0.0,0.464583,0.084286,0.0,0.042143,0.697528,1.32077,0.002428,0.0,4572.273,0.225996,0.550663,0.266542,92.72678,34.45305,113.1758,9.569642,1.014299,0.934413,0.898975,0.778339,0.649848,0.567532,0.633761,0.644647,0.604696,0.830993,0.932274,1.067181
145101D,1954-03-17,2022-02-28,67.95619438740589,0.00012086539623705733,0.025707148037714563,4.433404718956801,125,0.8962299386992836,Albert River at Lumeah Number 2 (145101D),North East Coast,LOGAN-ALBERT RIVERS,No notes,-28.053056,153.045278,-28.18398449,153.0670214,56,166.8,QLD,,1400,2300,2300,Level 1,,0,19540317,20220228,0.000120865,25.0,57.85349235,29.66534155,45.89617936,0.004028847,1.248559691,3.475086,3.9817,1.145785,0.5825,0.0,18.616217,1.412688,djf,244.689544,5.586087,jja,0.383789572,0.291860461,445.8668633,0.0,5.294876514,0.786495302,22.23265223,17.3421899,0.00569784,2.25530935,0.531754187,0.063502297,0.421669756,0.025707148,1,4.568115942,19.37962963,7.87654321,211.4090909,148.4090909,0.472744908,0.568097802,0.107978963,-3.27570525,0.600332145,0.193162783,1.687079245,0.502403496,0.101341259,-5.983770312,-4.534360544,2.3343222,0.775460978,0.0,315.0953539,-0.845040335,231.8532071,0.223291238,0.453852377,IGNEOUS,0.8568628,UNCONSOLDTED,0.07750972,0.07750972,0.8568628,0.0,0.0,0.06562729,0.0,0.0,0.0,61.22727,61.90909,22.47727,1.02246659,162.8703,159.97,89,1136.492,372.7766,1047.492,26.71,41.70453,0.868774,3,0.34963,0.27819,0.02537,0.7916,0.0626,0.068,0.0387,0.0351,0.004,0.0,0.0,0.0,0.0,0.81,0.0,0.0,0.0,0.03476,0.00592,0.004,0.00338,0.24415,0.0,0.00062,0.00105,0.0,0.0,0.0,0.0,0.0,0.0,0.36842,0.31243,0.0,0.02534,0.0,0.70619,0.0,0.0,51.25745,31.28171,0.0,0.0,48.74255,15.65236,0.0,0.0,0.0,0.030566,41.70453,0.0,0.0,0,0.392308,0.386487,1.0,0.925676,0.186933,0.040035,0.113484,2.339648,8.892447,1.0,0.0,4912.461,0.264461,0.603233,0.231143,82.44279,23.49323,125.5085,7.883846,0.85112,0.759839,0.709925,0.641926,0.537872,0.468884,0.514148,0.518927,0.499408,0.681086,0.787866,0.902687
145102B,1950-01-01,2022-02-28,72.1615331964408,0.0071328299882384184,0.01410065344491574,3.000690807316989,125,1.2186586618114914,Albert River at Bromfleet (145102B),North East Coast,LOGAN-ALBERT RIVERS,No notes,-27.91,153.11,-28.08961099,153.0940175,56,543.2,QLD,,1400,2300,2300,Not nested,,1,19500101,20220228,0.00713283,15.0,16.041925,19.67790307,11.7381619,0.02655841,6.351156727,3.288147,4.053631,1.232801,0.592579,0.0,18.31958,1.433193,djf,248.195254,5.811619,jja,0.259085366,0.238478031,510.2320797,0.0,6.570644536,0.671958849,24.22489627,19.49401524,0.00349901,1.64421502,0.559914432,0.071458596,0.508043869,0.014100653,1,5.054054054,24.48434622,12.3,214.0625,121.296875,0.491414821,0.572135664,0.11391996,-3.451720474,0.685758166,0.207022223,1.935192167,0.447679956,0.083385014,-6.651387312,-5.262520045,2.387589991,0.77321728,0.0,309.7398113,-0.823329721,246.0170607,0.199583871,0.417794352,IGNEOUS,0.6094239,SILICSED,0.1671487,0.1224315,0.6094239,0.1671487,0.0,0.1009958,0.0,0.0,0.0,47.33333,62.0,37.66667,0.962447339,146.8964,144.7055,50,1158.847,289.867,1108.847,20.55,66.52921,0.976262,5,0.39643,0.22446,0.016842,0.7131,0.0688,0.0902,0.0727,0.0433,0.0119,0.0,0.0,0.0,0.0,0.25,0.0007,0.0,0.0,0.03442,0.00595,0.0038,0.00315,0.31054,0.0,0.00192,0.00058,0.0,1e-05,0.0,2e-05,1e-05,0.0,0.39975,0.22881,1e-05,0.00966,0.0008,0.63823,0.0,0.0,67.37028,27.45431,0.0,0.0,32.62971,12.22217,0.0,0.0,0.0,0.015573,66.52921,0.0,0.0,0,0.676923,0.057143,0.0,0.6875,0.221106,0.125546,0.173326,7.400641,390.6246,0.999875,0.130093,4733.88,0.286951,0.604407,0.201781,78.9176,21.99065,134.5706,7.251637,0.776233,0.697017,0.653049,0.593354,0.499297,0.43487,0.475033,0.479149,0.463112,0.623294,0.715655,0.83241
145107A,1973-01-26,2022-02-28,49.09240246406571,0.0,0.004405777703418661,4.383732190958915,125,0.9987212882878479,Canungra Creek at Main Rd Bridge (145107A),North East Coast,LOGAN-ALBERT RIVERS,No notes,-27.996667,153.158333,-28.13174744,153.1388136,56,99.7,QLD,,1400,2300,2300,Level 1,145102B,0,19730126,20220228,0.0,5.0,9.964532026,17.01957999,7.875857727,0.027884669,4.992909948,3.989677,3.948185,0.9896,0.58532,0.0,17.636416,1.453333,djf,236.985972,5.403566,jja,0.481710357,0.321492852,559.0684453,0.0,5.003502713,1.005782078,22.21095794,25.32538547,0.05286259,2.65526179,0.398244098,0.051642407,0.345881434,0.004405778,1,4.584158416,14.32332564,9.875,215.1836735,159.5306122,0.538593736,0.595612,0.08450906,-2.789951015,0.513261304,0.17961957,1.780715105,0.489180068,0.117293026,-5.036099363,-3.737819748,2.188167833,0.773288656,0.0,339.0237144,-0.854648555,320.4668272,0.251528791,0.466320479,IGNEOUS,0.8491224,SILICSED,0.1206342,0.0302433,0.8491224,0.1206342,0.0,0.0,0.0,0.0,0.0,62.0,62.0,22.0,1.114250593,240.2644,187.7409,79,1158.847,447.0945,1079.847,31.27,41.3574,0.794877,2,0.277547,0.341636,0.02614,0.8964,0.045,0.0311,0.0271,0.0004,0.0,0.0,0.0,0.0,0.0,1.0,0.0,0.0,0.0,0.00198,0.00282,0.0,5e-05,0.00669,0.0,0.0,0.00046,0.0,5e-05,0.0,0.0,0.0,0.0,0.90047,0.08497,0.0,5e-05,0.0024,0.98549,0.0,0.0,72.47626,52.49201,0.0,0.0,27.52376,14.16654,0.0,0.0,0.0,0.032891,41.3574,0.0,0.0,0,0.341667,0.006897,0.0,0.588147,0.121917,0.039121,0.080519,10.51207,330.4269,0.999341,0.100428,6612.331,0.277151,0.675792,0.267056,80.15881,22.45589,119.0753,8.58795,0.925635,0.819182,0.795897,0.687817,0.566653,0.507261,0.551776,0.583938,0.565395,0.744911,0.853703,0.975592
146010A,1962-10-03,2022-02-28,59.408624229979466,9.217014608968155e-05,0.027238788772641378,2.8435087101668777,125,1.3713906242975493,Coomera River at Army Camp (146010A),North East Coast,SOUTH COAST,No notes,-28.025833,153.193056,-28.1129922,153.1681251,56,97.0,QLD,,1400,2300,2300,Not nested,,0,19621003,20220228,9.22e-05,16.0,81.58428474,30.95514581,61.48971224,0.032259551,8.411700783,3.988759,3.995477,1.001684,0.600812,0.0,17.402702,1.464448,djf,238.046674,5.465841,jja,0.411214732,0.207991319,848.9922309,0.0,6.760449593,1.049138529,26.36291363,50.30565765,0.00267216,2.77192577,0.572971525,0.074895147,0.506982532,0.027238789,1,4.513888889,22.13279678,8.565217391,205.2931034,129.7068966,0.520219363,0.621905741,0.159712955,-3.665329802,0.669136055,0.235966507,2.15260508,0.51827957,0.113170154,-6.535182217,-5.710393972,2.286806594,0.858835874,0.0,349.7026917,-0.857045218,343.0856317,0.257560217,0.439392989,IGNEOUS,0.7408636,SILICSED,0.2591366,0.0,0.7408636,0.2591366,0.0,0.0,0.0,0.0,0.0,42.38636,42.90909,39.43182,1.051609701,188.5506,172.3943,87,1119.247,360.5851,1032.247,27.41,39.37255,0.794613,3,0.287704,0.260521,0.026057,0.854,0.0608,0.0529,0.0302,0.0021,0.0,0.0,0.0,0.0,0.0,1.0,0.0,0.0,0.0,0.0,0.0,0.0,9e-05,0.23687,0.0,0.0,0.00028,0.0,0.0,0.0,0.0,0.0,0.0,0.71613,0.04657,0.0,5e-05,0.0,0.76275,0.0,0.0,87.14767,38.93038,0.0,0.0,12.85232,2.062936,0.0,0.0,0.0,0.0,39.37255,0.0,0.0,0,0.144,0.0,1.0,0.076389,0.288359,0.0,0.14418,10.00519,330.4269,0.866419,0.609401,6446.983,0.307211,0.699846,0.245268,76.79941,18.8372,126.1323,8.424928,0.910266,0.806133,0.7833,0.678115,0.559312,0.498919,0.542625,0.571067,0.551578,0.724433,0.831448,0.957604
146012A,1970-02-21,2022-02-28,52.02190280629706,0.012578285353402453,0.015243577443769321,3.922469410362357,125,1.3111893795467413,Currumbin Creek at Nicolls Bridge (146012A),North East Coast,SOUTH COAST,No notes,-28.178333,153.424167,-28.21613875,153.3819212,56,30.1,QLD,,1400,2300,2300,Not nested,,0,19700221,20220228,0.012578285,11.0,21.91137297,39.65052314,16.65095186,0.031577285,3.938815511,5.007466,4.096344,0.818047,0.572913,0.0,17.69035,1.510361,djf,230.927387,5.201458,jja,1.082464716,0.256762019,907.7123721,0.0,4.273713112,2.269448794,15.59353883,94.07007858,0.03444518,7.54636545,0.540022574,0.082613794,0.464023025,0.015243577,1,3.914141414,19.09210526,14.3,220.5217391,153.4347826,0.535262128,0.523802371,0.116974977,-3.611276878,0.62558435,0.260270887,2.013923003,0.548513482,0.225994683,-6.681414045,-5.587431801,2.072842696,0.817551534,0.0,303.5360101,-0.87778308,220.6752778,0.445087266,0.507753649,SILICSED,0.652497,IGNEOUS,0.3475027,0.0,0.3475027,0.652497,0.0,0.0,0.0,0.0,0.0,33.0,49.0,37.0,1.101527541,156.5832,163.5745,17,594.8356,190.7984,577.8356,29.96,17.12592,0.723725,2,0.368558,0.310289,0.034206,0.8765,0.0551,0.0485,0.0199,0.0,0.0,0.0,0.0,0.0,0.0,1.0,0.0,0.0,0.0,0.0,0.0,0.0,0.00398,0.0,0.0,0.0,0.0,0.0,0.0,0.0,0.0,0.0,0.0,0.98964,0.00641,0.0,0.0,0.0,0.99605,0.0,0.0,97.38757,35.5785,0.0,0.0,2.612458,0.0,0.0,0.0,0.0,0.271999,17.12592,1.0,0.0,0,0.241096,0.129268,0.4,0.668683,0.331524,0.4,0.365762,33.67105,74.94432,1.0,1.0,12271.7,0.389435,0.774579,0.18934,68.41432,12.4341,139.9537,8.971201,0.987697,0.841781,0.853884,0.690295,0.556007,0.512101,0.557904,0.631886,0.616579,0.789537,0.902644,1.02202
146014A,1971-06-07,2014-12-31,43.57015742642026,0.008043232374010306,0.005827948815406056,4.08059107014701,125,0.8922640177920813,Back Creek at Beechmont (146014A),North East Coast,SOUTH COAST,No notes,-28.123333,153.19,-28.14784527,153.1869652,56,6.8,QLD,,1400,2300,2300,Not nested,,0,19710607,20141231,0.008043232,,,,,,,4.375518,3.982757,0.910237,0.59035,0.0,17.276856,1.509819,djf,233.129691,5.302597,jja,0.867403246,0.405645976,998.4083235,0.0,6.115800531,1.848773071,30.40146051,127.8420828,0.06221279,5.22380882,0.430094838,0.049790954,0.349233498,0.005827949,1,4.391061453,17.61341853,7.076923077,230.24,134.6,0.416449354,0.603336031,0.075664343,-2.954666748,0.581081282,0.138386562,1.927041846,0.511358575,0.189601264,-5.114970038,-3.298068008,2.374004999,0.71530502,0.0,271.9680793,-0.782121753,288.91134,0.417873451,0.453728906,IGNEOUS,1.0,UNCONSOLDTED,0.0,0.0,1.0,0.0,0.0,0.0,0.0,0.0,0.0,-99.0,-99.0,-99.0,1.075017702,225.4186,171.9878,505,663.0645,419.3879,158.0645,10.73,16.65288,0.747775,1,0.320633,0.533398,0.03136,0.6381,0.1684,0.1614,0.0321,0.0,0.0,0.0,0.0,0.0,0.0,1.0,0.0,0.0,0.0,0.0,0.0,0.0,0.0,0.6174,0.0,0.0,0.0,0.0,0.0,0.0,0.0,0.0,0.0,0.34981,0.03279,0.0,0.0,0.0,0.3826,0.0,0.0,95.12835,34.63439,0.0,0.0,4.871645,2.435904,0.0,0.0,0.0,0.0,16.65288,0.0,0.0,0,0.310781,0.196961,1.0,0.506288,0.469678,0.0,0.234839,16.41489,49.40731,0.65449,0.627093,6331.399,0.307817,0.719619,0.253945,78.45253,18.98997,123.4097,8.38783,0.910739,0.806828,0.786354,0.678746,0.559219,0.498354,0.541801,0.564435,0.540155,0.713704,0.824572,0.952613
146095A,1970-06-05,2022-02-28,51.73716632443532,0.00814944171032439,0.016646214586779066,2.746632952714965,125,1.2249652682253342,Tallebudgera Creek at Tallebudgera Ck Rd (146095A),North East Coast,SOUTH COAST,No notes,-28.149444,153.403611,-28.19456612,153.3531024,56,56.3,QLD,,1400,2300,2300,Not nested,,0,19700605,20220228,0.008149442,37.0,18.92687275,48.09069489,13.9389735,0.021167381,3.41608342,4.830726,4.083739,0.845367,0.599932,0.0,17.366746,1.533333,djf,231.017277,5.235282,jja,0.850060111,0.175173429,997.7937762,0.0,5.107673012,2.095114984,16.39274084,114.5148738,0.01074245,6.78462522,0.607436768,0.10467908,0.56309022,0.016646215,1,4.979695431,23.24669604,10.06451613,226.5217391,144.673913,0.514457411,0.564205828,0.141243097,-4.103929174,0.698673742,0.281971185,2.192497581,0.548836284,0.198019864,-8.114730759,-5.57938596,1.974899781,0.853113369,0.0,308.2616688,-0.907335191,274.5450039,0.424366085,0.466625093,SILICSED,0.6920745,IGNEOUS,0.3079253,0.0,0.3079253,0.6920745,0.0,0.0,0.0,0.0,0.0,33.0,49.0,37.0,1.122602422,186.1759,171.4859,7,923.9398,218.6522,916.9398,31.55,19.7193,0.786265,3,0.431656,0.228371,0.046352,0.8817,0.0579,0.0464,0.0133,0.0007,0.0,0.0,0.0,0.0,0.0,1.0,0.0,0.0011,0.0,0.0,0.0,0.0,0.0,0.0,0.0,0.0,0.0,0.0,0.0,0.0,0.0,0.0,0.0,0.99579,0.00312,0.0,0.0,0.0,0.99891,0.0,0.0,99.86529,58.85329,0.0,0.0,0.134716,0.0,0.0,0.0,0.0,0.029911,19.7193,0.0,0.0,0,0.464,0.226415,0.0,0.716509,0.193009,0.259425,0.226217,25.65209,231.7681,1.0,1.0,13359.05,0.379922,0.770556,0.200291,69.58515,13.26928,137.2972,9.259149,1.020479,0.867139,0.877609,0.709184,0.571271,0.525368,0.574022,0.654592,0.645208,0.818173,0.933326,1.053675
710003,1974-11-07,2022-02-28,47.31279945242984,0.06232278224639778,0.5398666995803505,3.3789488334143356,125,2.639419335763205,De Grey River at Coolenar Pool (710003),North Western Plateau,DE GREY RIVER,No notes,-20.3114,119.249,-21.5526805,120.3784574,51,53384.3,WA,,1600,100,1700,Not nested,,1,19741107,20220228,0.062322782,11.0,11.97222699,331.2937186,10.86973623,0.023146809,4.446668126,0.866981,5.020727,5.791046,0.978362,0.0,17.142021,1.747938,djf,318.758897,15.739458,son,0.026014177,0.107514771,53.38309229,0.0,7.20541768,0.067012214,14.60175096,0.233145083,0.0,0.1499967,1.04921699,0.4601333,0.82954826,0.5398667,2,102.1369863,122.2,119.8356164,275.6511628,59.58139535,0.82182226,0.933400354,0.163026121,,0.532453601,0.284547832,5.518466701,0.480922099,0.028146515,-11.06782723,-5.103318059,1.28924127,0.962395019,0.0,66.88164688,-0.938095929,99.86615755,0.062883946,0.44759461,UNCONSOLDTED,0.4024311,IGNEOUS,0.3064178,0.4024311,0.3064178,0.07921301,0.03708973,0.02422552,0.01889179,0.13171,0.5565474,17.82353,53.65686,63.26471,0.693464142,149.4439,104.5797,26,654.361,311.7365,628.361,3.7,534.0074,0.761515,7,0.488535,0.458728,0.001185,0.3034,0.0303,0.0971,0.1701,0.0783,0.0979,0.12,0.0893,0.0136,0.0,0.01,0.0006,0.0004,0.00081,0.0,0.0,0.0,0.0,0.0,0.0,0.0,9e-05,0.0,0.11494,0.00279,0.73931,0.04864,0.08525,0.0,7e-05,0.00637,0.00071,0.0,0.00715,54.33914,54.33914,0.0,0.0,23.61906,23.61906,22.03996,22.03996,0.0,0.0,0.0,0.0,534.0074,0.0,0.0,0,0.270968,0.000893,0.0,0.339286,0.120846,5.7e-05,0.060452,0.015185,340.0644,0.000255,0.000255,1941.225,0.093514,0.036199,0.001629,98.89307,108.6878,284.5703,0.245261,0.021673,0.032806,0.03165,0.028826,0.031663,0.032393,0.024548,0.016273,0.001287,0.002305,0.00377,0.017048
710229,1967-02-17,2022-02-28,55.03353867214237,0.018755285806676285,0.8197627256134659,2.4350778219129543,125,1.5880788943067539,Shaw River at North Pole Mine (710229),North Western Plateau,DE GREY RIVER,No notes,-21.0943,119.3173,-21.74978444,119.3894117,50,6502.0,WA,,1600,100,1700,Level 1,710003,0,19670217,20220228,0.018755286,16.0,137.7953278,161.6689852,106.6829141,0.004974877,2.770997882,0.934875,4.971889,5.318237,0.953428,0.0,17.106065,1.597817,djf,323.235418,16.132346,son,0.034664199,0.072746791,91.0299628,0.0,10.83389949,0.094993052,24.91216432,1.059139788,0.0,0.14066995,0.0,0.180237274,0.891046441,0.819762726,1,28.44,123.7676056,131.4552846,270.7272727,48.52272727,0.53030731,0.691166941,0.308400534,,0.879752463,0.573457968,5.177710884,0.535511364,0.052376708,-8.126200345,-3.884566377,2.092905179,2.104535731,0.0,80.12126778,-0.880900449,76.74558973,0.086804498,0.603387026,IGNEOUS,0.5522288,UNCONSOLDTED,0.2634913,0.2634913,0.5522288,0.01185749,0.0,0.00214728,0.02232577,0.1479528,0.7365118,30.0,39.0,40.0,0.569771541,98.87654,93.18244,163,654.361,345.5971,491.361,5.14,200.067,0.932175,6,0.455422,0.405917,0.002598,0.3689,0.0385,0.1133,0.1946,0.0826,0.1226,0.0793,0.0002,0.0,0.0,1.0,0.0012,2e-05,0.0004,0.0,0.0,0.0,0.0,0.0,0.0,0.0,0.00012,0.0,0.08793,0.00101,0.78386,0.03372,0.08818,0.0,0.0,0.00341,0.00014,0.0,0.00355,38.88031,38.88031,0.0,0.0,5.26562,5.26562,55.85436,55.85436,0.0,0.0,0.0,0.0,200.067,0.0,0.0,0,0.05,0.0,0.0,0.5,0.151235,0.0,0.075618,0.006463,0.035294,0.0,0.0,1962.241,0.102105,0.038486,0.001301,100.7077,96.80756,246.0739,0.23796,0.018637,0.02818,0.031442,0.028338,0.032645,0.033656,0.027169,0.01981,0.000952,0.00189,0.002069,0.012551
701002,1971-01-02,2022-02-28,51.15947980835045,0.0,0.105908166541796,2.8629825569431295,125,1.3598284963966272,Greenough River at Karlanew Peak (701002),Pilbara-Gascoyne,GREENOUGH RIVER,No notes,-28.8242,114.8455,-28.28457701,115.7172258,50,11608.3,WA,,1600,100,1700,Not nested,,0,19710102,20220228,0.0,5.0,13.46173569,73.81396971,11.89850012,0.0053516,2.734975825,0.798286,4.18977,5.248461,-0.567769,0.0,20.414017,1.401852,jja,311.235104,11.322433,son,0.003684978,0.30569273,6.30789713,0.0,9.081054057,0.006049757,30.22372831,0.003018202,0.0,0.01305491,0.640913334,0.137215027,0.612758215,0.105908167,3,16.64935065,50.44052863,53.48648649,138.5294118,81.96078431,0.596256722,0.805878086,0.148100777,-5.159767415,0.507595619,0.092578372,3.145483385,0.472407129,0.00197486,-5.519473224,-5.105161807,1.934033889,1.605384979,0.0,197.5897584,-0.855126347,91.75047752,0.007538003,0.261987163,UNCONSOLDTED,0.7094272,IGNEOUS,0.2048087,0.7094272,0.2048087,0.03203177,0.0,0.0,0.05373674,0.0,0.259605,14.46667,40.76667,75.18333,0.950201939,266.1331,126.4584,50,482.9982,288.3104,432.9982,1.82,332.0389,0.404719,5,0.363674,0.546214,0.001292,0.2514,0.0087,0.0876,0.1827,0.1186,0.137,0.1282,0.0656,0.0202,0.0,1.0,0.0003,0.00924,0.00228,0.0,0.0,0.0,0.2538,0.00505,0.0,0.0,0.00766,0.0,0.0318,0.02892,0.37278,0.08162,0.19471,0.0,0.0001,0.00802,0.00374,0.0,0.01186,0.0,0.0,0.404925,0.069305,84.84844,57.93584,14.74111,6.710083,0.0,0.0,0.0,0.0,332.0389,0.0,0.0,0,0.017391,0.0,0.0,0.679618,0.411871,0.008135,0.210003,0.093844,92.4698,0.000404,0.000404,319.3954,0.089051,0.180769,0.107879,75.29943,65.15932,159.1705,0.863084,0.010388,0.018276,0.017908,0.037666,0.064662,0.101737,0.168791,0.231692,0.137859,0.046247,0.020019,0.012522
701007,1976-03-14,2022-02-28,45.96303901437371,0.00035739814152966406,0.5867596234060303,5.459142265422207,125,1.2887447595566464,Chapman River at Utakarra (701007),Pilbara-Gascoyne,GREENOUGH RIVER,No notes,-28.7629,114.6688,-28.47228169,114.8721249,50,1931.6,WA,,1600,100,1700,Not nested,,0,19760314,20220228,0.000357398,3.0,17.75194663,9.038118001,15.89189175,0.017869907,8.854074473,1.088936,4.170242,3.829648,-0.920105,0.0,21.870235,1.397473,jja,302.452852,10.245737,djf,0.024663413,0.27743592,25.12406807,0.0,8.908481324,0.020606325,52.71439727,0.033698333,0.0,0.07416032,0.868925423,0.413240377,0.700035753,0.586759623,1,73.77659574,78.84563758,104.7553191,122.5227273,40.22727273,0.532137077,0.722766965,0.150626479,,0.58314057,0.23441203,3.159225475,0.443277311,0.012420199,-6.186213003,-4.353909229,3.265836253,0.146774591,0.0,286.6881925,-0.879063407,105.200702,0.020446259,0.607455831,UNCONSOLDTED,0.534425,METAMORPH,0.2436331,0.534425,0.103539,0.118402,0.0,0.0,0.2436331,0.0,0.3471724,14.34483,-99.0,74.57471,0.973169985,195.3429,109.8959,25,315.5886,212.9407,290.5886,3.31,114.8009,0.380211,5,0.411099,0.66627,0.002679,0.3556,0.028,0.151,0.2114,0.0771,0.0695,0.1071,0.0003,0.0,0.0,0.48,0.0002,0.0139,0.0014,0.0,0.0,0.0,0.85185,0.05413,0.0,0.0,0.01485,0.0,0.00077,0.01674,0.01222,0.00736,0.00225,0.0,0.0004,0.00302,0.02091,0.0,0.02433,0.0,0.0,10.15851,1.9855,75.05924,4.736962,14.78216,0.910606,0.0,0.0,0.0,0.0,114.8009,0.3,0.0,0,0.092771,0.054755,0.0,0.92183,0.477421,0.12,0.29871,1.964367,559.5662,0.061557,0.006348,436.2454,0.069841,0.246476,0.165451,51.60646,80.65077,154.538,1.855763,0.00847,0.013898,0.014966,0.0341,0.086189,0.203515,0.355707,0.570738,0.392917,0.133287,0.042545,0.011103
701009,1982-12-10,2022-02-28,39.22245037645448,0.004118386151054028,0.0,1.726990768474869,125,1.300368865290181,Irwin River at Mountain Bridge (701009),Pilbara-Gascoyne,GREENOUGH RIVER,No notes,-29.238,115.0351,-28.99156598,115.5873319,50,5254.0,WA,,1600,100,1700,Not nested,,0,19821210,20220228,0.004118386,1.0,16.69359131,6.467606358,15.42406867,0.034901578,18.50121866,0.998245,4.120766,4.128011,-0.800494,0.0,21.483708,1.379908,jja,302.92028,10.077452,djf,0.007134636,0.221553435,25.93281036,0.00253247,12.37967028,0.01388762,59.13305459,0.029557917,0.00131557,0.03104743,0.277974827,0.064274199,0.555547768,0.0,1,4.726804124,26.07236842,0.0,139.8205128,94.25641026,0.460407014,0.080300905,0.190642023,-1.62101441,0.773776181,0.143561395,1.057786591,0.479844485,0.010211038,-5.824677652,-1.411418095,2.642312676,0.688353872,0.0,254.5261647,-0.855269709,105.6022954,0.014562865,0.701169637,UNCONSOLDTED,0.7168694,IGNEOUS,0.1629568,0.7168694,0.1629568,0.07545549,0.0,0.01292,0.03100995,0.00078889,0.2131553,18.99141,-99.0,71.18041,1.028520348,232.869,115.451,35,402.5184,257.5416,367.5184,2.63,198.5909,0.388445,6,0.41506,0.639826,0.002027,0.3351,0.0131,0.1359,0.2506,0.1009,0.085,0.0539,0.0255,0.0,0.0,0.75,0.0,0.0113,0.0015,0.0,0.0,0.0,0.61836,0.01986,0.0,0.0,0.02074,0.0,0.01545,0.07629,0.16958,0.02115,0.01065,0.0,0.0007,0.01508,0.01925,0.0,0.03503,0.014534,0.012638,0.709129,0.237153,92.80975,12.0609,6.466828,1.016637,0.0,0.0,0.000316,0.000316,198.5909,0.0,0.0,0,0.201054,0.020446,0.4,0.818228,0.456792,0.012006,0.234399,0.478967,880.9438,0.00107,0.00107,379.8267,0.083497,0.232741,0.153604,59.31074,69.73906,153.0688,1.369894,0.010646,0.014653,0.017483,0.038982,0.077209,0.13777,0.24666,0.395509,0.290869,0.101852,0.033295,0.012971
704139,1957-02-05,2022-02-28,65.06502395619438,0.00012623606143488322,0.7240552142075583,6.431345748959394,125,2.4674892568985993,Gascoyne River at Nine Mile Bridge (704139),Pilbara-Gascoyne,GASCOYNE RIVER,No notes,-24.8276,113.7691,-24.8271538,117.0237678,50,72876.7,WA,,1600,100,1700,Not nested,,1,19570205,20220228,0.000126236,10.0,35.5381232,41.26318227,28.55654033,0.122028193,20.1093372,0.620107,4.651581,7.501249,0.403571,0.0,18.1398,1.878957,djf,325.82425,18.578678,son,0.015491614,0.106008714,31.0029126,0.0,7.874772198,0.02922979,16.51625676,0.052981884,0.0,0.07422701,0.665003174,0.275944786,0.869539601,0.724055214,3,52.03968254,126.7607362,136.547619,193.6774194,55.25806452,0.81131712,0.706274039,0.223932638,,0.510579578,0.375652661,3.69355103,0.482862903,0.01479471,-7.622532197,-11.29054546,1.841789185,1.440409307,0.0,95.13007817,-0.934364298,71.21361807,0.043266818,0.341941254,UNCONSOLDTED,0.5916948,SILICSED,0.1635151,0.5916948,0.1455932,0.1635151,0.01822635,0.00974985,0.07001961,0.00119235,0.3398779,20.0,36.76563,60.0,0.783543548,152.2258,87.00454,9,1087.347,393.6268,1078.347,1.99,929.8461,0.699607,7,0.327768,0.357011,0.00116,0.1948,0.0118,0.0597,0.1082,0.0821,0.1152,0.1874,0.2018,0.039,0.0,0.0,0.0002,0.0001,0.00122,0.0,0.0,0.0,0.0,0.0,0.0,0.0,9e-05,0.0,0.00748,0.00118,0.87133,0.01576,0.10095,0.0,0.0,0.00155,0.00012,0.0,0.00167,1.739281,1.739305,0.0,0.0,37.25021,37.24704,60.83885,60.83885,0.149521,0.149289,0.0,0.0,929.8461,0.0,0.0,0,0.425,0.25,0.0,0.689453,0.191841,0.00054,0.096191,0.004734,1174.083,6.8e-05,6.8e-05,614.9631,0.076013,0.064407,0.01707,90.7759,102.3771,211.1376,0.197881,0.008815,0.014604,0.011732,0.016959,0.025549,0.035098,0.0393,0.02318,0.007609,0.004324,0.003665,0.007166
704193,1964-04-13,2022-02-28,57.880903490759756,0.0005676174258549738,0.612570400870841,5.086602520260161,125,2.6485873766710095,Gascoyne River at Fishy Pool (704193),Pilbara-Gascoyne,GASCOYNE RIVER,No notes,-24.9497,114.6442,-24.82720713,117.0800707,50,71234.8,WA,,1600,100,1700,Level 1,704139,0,19640413,20220228,0.000567617,21.0,111.2564322,16.80637548,101.4926356,0.09933305,19.32697405,0.620186,4.650168,7.49802,0.412014,0.0,18.103844,1.866543,djf,325.941107,18.537832,son,0.011233485,0.071572257,26.33844001,0.0,8.366058762,0.030445354,23.57627361,0.064875971,0.0,0.07877604,1.011383194,0.387429599,0.866392162,0.612570401,2,73.74774775,98.95135135,116.6036036,209.1052632,68.03508772,0.726257067,0.694831542,0.261579268,,0.591614667,0.408178319,4.073377522,0.475281873,0.022385279,-7.760658332,-13.44348759,1.851401378,1.155302568,0.0,96.26168172,-0.965930443,70.36291208,0.045201501,0.495233091,UNCONSOLDTED,0.5833978,SILICSED,0.1662491,0.5833978,0.1489022,0.1662491,0.01864059,0.00997144,0.07161099,0.00121945,0.3476025,19.05205,28.74471,64.8906,0.778757448,152.3432,86.7002,90,1087.347,400.2855,997.347,1.99,828.2267,0.709878,7,0.364675,0.323307,0.001226,0.1934,0.0117,0.0595,0.1075,0.0814,0.1142,0.1882,0.2042,0.0399,0.0,0.04,0.0002,8e-05,0.0008,0.0,0.0,0.0,0.0,0.0,0.0,0.0,7e-05,0.0,0.00727,0.00102,0.88632,0.01407,0.08859,0.0,0.0,0.00153,8e-05,0.0,0.00161,1.750289,1.750313,0.0,0.0,36.81598,36.81595,61.34316,61.34316,0.068238,0.068238,0.0,0.0,828.2267,0.0,0.0,0,0.00534,0.000782,0.0,0.359038,0.19216,0.000548,0.096354,0.003772,1174.083,1e-06,1e-06,617.6301,0.076074,0.064042,0.017217,90.97326,102.3131,210.9668,0.195357,0.008721,0.014304,0.011495,0.016863,0.025273,0.034838,0.038859,0.022739,0.007461,0.004214,0.003647,0.007063
705001,1974-11-23,2022-02-28,47.26899383983573,0.0035331595713871994,0.903103929318763,4.820375527772134,125,2.2318344540452686,Minilya River at Minilya Bridge (705001),Pilbara-Gascoyne,GASCOYNE RIVER,No notes,-23.8163,114.0103,-23.93049468,115.0278119,50,4642.6,WA,,1600,100,1700,Not nested,,0,19741123,20220228,0.00353316,14.0,17.77568377,35.83468498,15.54531325,0.034752389,8.196703062,0.648411,4.794774,7.394655,0.359908,0.0,16.629648,1.638618,djf,332.880614,20.060672,son,0.021379313,0.101502657,46.48833577,0.0,9.561691408,0.032438905,16.2529467,0.096205926,0.0,0.0372579,,0.096896071,0.926703092,0.903103929,2,16.5049505,142.3482143,150.8446602,178.9756098,48.02439024,0.795742746,0.475302412,0.420165875,,0.642380392,0.608582143,2.956487313,0.549450549,0.022160086,-5.511545964,-3.704824293,2.054689387,1.683754346,0.0,101.4115445,-0.913393984,137.9186626,0.046417694,0.477406004,UNCONSOLDTED,0.4660429,SILICSED,0.2996476,0.4660429,0.1863891,0.2996476,0.0,0.0,0.04732106,0.00059568,0.2337103,20.0,24.0,60.0,0.925520045,106.7013,94.0813,16,345.2544,199.205,329.2544,2.09,204.8363,0.638711,5,0.375736,0.563581,0.001634,0.2093,0.0145,0.0622,0.1188,0.0936,0.1289,0.2071,0.1628,0.0028,0.0,0.0,0.0,0.0,0.0012,0.0,0.0,0.0,0.0,0.0,0.0,0.0,3e-05,0.0,0.00899,0.00435,0.56179,0.05253,0.36789,0.0,0.0,0.00302,0.00015,0.0,0.00317,4.769248,4.768869,0.0,0.0,60.21795,60.21872,35.01297,35.01258,0.0,0.0,0.0,0.0,204.8363,0.0,0.0,0,0.136,0.017391,0.2,0.497962,0.196144,0.038901,0.117522,0.003851,0.005282,0.0,0.0,636.8966,0.063412,0.061003,0.006815,89.94396,124.2503,230.4961,0.197824,0.009483,0.019342,0.01251,0.011271,0.025845,0.03393,0.0433,0.025832,0.004576,0.005412,0.002721,0.003573
707002,1972-01-20,2022-02-28,50.110882956878854,0.0,0.7887777959897284,1.4967586684527658,125,0.7969962487260144,Robe River at Yarraloola (707002),Pilbara-Gascoyne,ONSLOW COAST,No notes,-21.6162,115.9225,-21.92092895,116.5847483,50,7258.1,WA,,1600,100,1700,Not nested,,0,19720120,20220228,0.0,20.0,34.90780248,68.05579744,31.76488478,0.01092717,18.4139338,0.952675,4.96386,5.210442,0.860081,0.0,18.76903,1.6,djf,320.754455,14.708574,son,0.022104556,0.118047579,103.4103524,0.0,21.54348868,0.041943922,61.86026136,0.816526234,0.0,0.04705622,1.618981862,0.211222204,0.889526307,0.788777796,1,59.47692308,226.125,222.1076923,216.9767442,42.44186047,0.328121784,0.976364767,0.249532348,,0.985427349,0.21177223,3.740360454,0.49905838,0.01484131,-9.501079874,-3.601655329,2.077704017,2.185778284,0.0,94.46791635,-0.84595665,93.26301469,0.039707764,0.373763418,OTHERSED,0.4052518,UNCONSOLDTED,0.3621816,0.3621816,0.1125126,0.08381441,0.0078819,0.4052518,0.0,0.02835897,0.6162209,21.0,61.08333,52.0,0.569192685,109.8647,101.102,54,1002.511,360.4227,948.511,6.82,244.0669,0.747719,6,0.394566,0.32171,0.003879,0.4493,0.0576,0.1241,0.1556,0.0761,0.0741,0.0624,0.0008,0.0,0.0,0.19,0.0017,5e-05,0.0,0.0,0.0,0.0,0.0,0.0,0.0,0.0,9e-05,0.0,0.10732,0.00078,0.8543,0.01287,0.01435,0.0,8e-05,0.00687,0.00151,0.0001,0.00846,86.69415,86.69415,0.0,0.0,10.90419,10.90419,2.401765,2.401765,0.0,0.0,0.0,0.0,244.0669,0.0,0.0,0,0.2,0.0,0.0,0.154422,0.084754,0.000311,0.042532,0.102445,217.6673,0.000453,0.000453,1818.062,0.137451,0.063043,0.001607,91.96115,108.7698,259.5609,0.505812,0.041713,0.062844,0.065164,0.054017,0.072075,0.08383,0.065499,0.024486,0.005241,0.001293,0.005965,0.021686
707005,1986-10-02,2022-02-28,35.4113620807666,0.0,0.8078707283129736,1.3766491447220268,125,1.5827585509550355,Cane River at Toolunga (707005),Pilbara-Gascoyne,ONSLOW COAST,No notes,-22.0226,115.5945,-22.19296,115.879896,50,2329.7,WA,,1600,100,1700,Not nested,,0,19861002,20220228,0.0,8.0,5.157907297,22.42505318,4.627305984,0.0,0.0,0.822671,5.050485,6.139132,0.738596,0.0,18.013954,1.660315,djf,325.887173,16.862326,son,0.009247417,0.020564722,73.15737688,0.0,10.93948204,0.085343388,22.99169709,0.871632222,0.0,0.1194576,0.0,0.192129272,0.896474409,0.807870728,1,15.06060606,53.43317972,62.94578313,268.0555556,92.30555556,0.489881124,0.452103842,0.480186817,,1.122905706,1.041928644,1.269166713,0.631756757,0.069322678,-6.03747246,-0.72569026,1.538844636,1.348980948,0.0,83.85550822,-0.893866237,110.6071702,0.098272804,0.705410599,UNCONSOLDTED,0.5840798,SILICSED,0.3213607,0.5840798,0.03877462,0.3213607,0.01115569,0.04378167,0.00075596,9.48e-05,0.41496,21.0,62.0,52.0,0.864143033,51.03905,100.9301,67,669.9476,153.76,602.9476,2.3,125.3998,0.763339,5,0.434971,0.142787,0.004802,0.2104,0.0147,0.0609,0.1075,0.087,0.1203,0.1906,0.2086,0.0,0.0,0.0,0.0,8e-05,2e-05,0.0,0.0,0.0,0.0,0.0,0.0,0.0,0.00033,0.0,0.07617,0.00325,0.78676,0.03769,0.0886,0.0,5e-05,0.00523,0.00188,0.0,0.00716,40.12373,40.12373,0.0,0.0,59.87641,59.87641,0.0,0.0,0.0,0.0,0.0,0.0,125.3998,0.0,0.0,0,0.1,0.0,0.0,0.05,0.102905,0.0,0.051453,0.003896,0.003896,0.0,0.0,1421.958,0.108673,0.054137,0.000356,90.53175,135.6663,272.2944,0.281404,0.018601,0.03216,0.03326,0.026414,0.042408,0.05028,0.042863,0.017332,0.002825,0.000192,0.002937,0.011334
708011,1980-01-11,2022-02-28,42.13552361396304,0.0001299545159194282,0.8279828437743696,1.1454960507912524,125,1.000180333348482,Fortescue River at Newman (708011),Pilbara-Gascoyne,FORTESCUE RIVER,No notes,-23.4014,119.7943,-23.47576294,119.4093063,50,2878.9,WA,,1600,100,1700,Not nested,,0,19800111,20220228,0.000129955,9.0,25.26720973,24.36425424,24.22029718,0.0,0.0,0.783303,4.644933,5.929932,0.770398,0.0,17.816196,1.599677,djf,327.873742,16.777829,son,0.002989234,0.017138918,50.61082979,0.0,13.20828106,0.046887018,29.73765832,0.383528666,0.0,0.03541414,0.0,0.172017156,0.919872628,0.827982844,1,17.88513514,81.35057471,85.51006711,274.6097561,49.58536585,0.361137745,0.299537834,0.256760978,,1.232523652,0.980406256,1.403322981,0.598566308,0.035419604,-6.118191048,-9.358099857,1.826344516,5.67389371,0.0,88.4144184,-0.838010287,78.86763701,0.049998302,0.708416135,UNCONSOLDTED,0.6399276,IGNEOUS,0.2349645,0.6399276,0.2349645,0.00128043,0.00274231,0.0618466,0.00232308,0.0569178,0.3600748,30.0,39.0,40.0,0.747305836,143.4444,96.17812,525,1159.437,634.2398,634.437,2.28,133.0168,0.806481,5,0.455578,0.180164,0.004816,0.2426,0.0116,0.0753,0.1742,0.0856,0.108,0.2121,0.0906,0.0,0.0,0.15,0.0,0.0,0.0,0.0,0.0,0.0,0.0,0.0,0.0,0.0,0.0,0.0,0.01388,0.00012,0.94168,0.01011,0.03239,0.0,0.0,0.00182,1e-05,0.0,0.00183,23.98897,23.98897,0.0,0.0,37.32069,37.32069,38.69063,38.69063,0.0,0.0,0.0,0.0,133.0168,0.0,0.0,0,0.317647,0.0,0.0,0.5,0.095853,0.0,0.047927,0.014665,0.035294,0.0,0.0,1202.62,0.10147,0.059666,0.01383,99.87632,78.06248,204.5028,0.356118,0.027471,0.04031,0.0338,0.039541,0.046707,0.052722,0.042943,0.025383,0.008989,0.004301,0.00748,0.025357
709010,1985-01-14,2022-02-28,37.125256673511295,0.0,0.866519174041298,1.3614588358020567,125,0.9691379812281417,Turner River at Pincunah (709010),Pilbara-Gascoyne,PORT HEDLAND COAST,No notes,-21.2305,118.8338,-21.39278345,118.9883089,50,885.2,WA,,1600,100,1700,Not nested,,0,19850114,20220228,0.0,13.0,15.21414175,67.34556742,12.79842129,0.014749263,8.338114268,0.986021,5.031103,5.102432,0.994745,0.0,16.944263,1.564315,djf,326.72315,16.284498,son,0.073383164,0.123082978,92.47251339,0.0,13.88771676,0.091290844,29.95463026,1.607371064,0.0,0.15871108,0.0,0.133480826,0.907817109,0.866519174,1,26.61764706,138.3146067,170.2898551,292.5,40.0,0.36270503,0.72546054,0.199562692,,1.032613146,0.66156871,5.787986467,0.608069164,0.033940424,-5.57867962,-2.110714727,1.655634438,3.545322517,0.0,86.6472096,-0.820726166,114.0231301,0.073376639,0.462550815,IGNEOUS,0.5051568,SEDVOLC,0.3320557,0.08234687,0.5051568,0.0,0.0,0.01362426,0.06681667,0.3320557,0.9176533,21.0,62.0,52.0,0.748378622,100.0,84.14593,178,479.8633,271.1204,301.8633,5.04,59.75305,0.85797,5,0.571038,0.324493,0.005172,0.3366,0.0363,0.097,0.1669,0.0731,0.1472,0.1429,0.0,0.0,0.0,0.03,0.0,2e-05,0.00048,0.0,0.0,0.0,0.0,0.0,0.0,0.0,1e-05,0.0,0.13656,0.00015,0.70014,0.04846,0.11188,0.0,0.0,0.00228,5e-05,0.0,0.00233,43.99439,43.99439,0.0,0.0,0.0,0.0,56.00563,56.00563,0.0,0.0,0.0,0.0,59.75305,0.0,0.0,0,0.243243,0.0,0.0,0.5,0.165759,0.0,0.08288,0.008494,0.011667,0.0,0.0,2187.397,0.094965,0.034406,0.000644,102.8296,95.79136,254.427,0.284886,0.024882,0.03435,0.035111,0.031465,0.038684,0.043167,0.034088,0.022842,0.001046,0.001094,0.002054,0.015295
A5030502,1969-03-29,2022-02-28,52.92265571526352,0.0036213140196585617,0.03888888888888889,6.466240327722821,125,1.2331150772505537,Scott Creek at Scott Bottom (A5030502),South Australian Gulf,ONKAPARINGA RIVER,No notes,-35.099167,138.673889,-35.06564989,138.6966074,54,26.8,SA,,1430,2330,1400,Not nested,,0,19690329,20220228,0.003621314,5.0,543.0667372,16679.58161,443.9336439,0.010346611,1.144141078,2.383682,3.282101,1.376904,-0.699252,0.0,21.456741,1.275107,jja,254.011136,5.715615,djf,0.352144598,0.317859478,85.90352239,0.0,3.166212303,0.361260092,11.87024966,1.308338254,0.00322388,1.39916418,0.676559858,0.108566978,0.486604361,0.038888889,1,5.038554217,24.72823219,11.01470588,135.9607843,53.45098039,0.627949977,0.554785379,0.148796444,-5.110138639,0.540668549,0.222352928,3.162405079,0.596110542,0.110061681,-6.887108961,-4.226158757,2.437592958,0.483647066,0.0,506.5262286,-0.85569615,283.6849268,0.154244945,0.713551302,SILICSED,1.0,UNCONSOLDTED,0.0,0.0,0.0,1.0,0.0,0.0,0.0,0.0,1.0,28.25,55.25,47.5,0.585853533,254.0107,72.73262,211,497.2729,342.1469,286.2729,15.34,11.49988,1.004279,2,0.533559,0.479466,0.025914,0.7602,0.1393,0.0935,0.007,0.0,0.0,0.0,0.0,0.0,0.0,1.0,0.0,0.0,0.0,0.00638,0.00162,0.0,0.00016,0.01395,0.0,0.0,0.0,0.0,0.0,0.0,0.0,0.0,0.0,0.6792,0.29809,0.0,0.00065,0.0,0.97794,0.0,0.0,5.346524,5.346524,0.0,0.0,94.65349,43.90372,0.0,0.0,0.0,50.74978,11.49988,0.0,0.0,0,0.08,0.032,1.0,0.533875,0.335001,0.082283,0.208642,41.29253,335.9205,1.0,0.985027,897.415,0.046136,0.29908,0.384995,93.74171,68.54685,82.4623,3.553844,0.209178,0.136783,0.301808,0.304972,0.24324,0.197326,0.235521,0.332404,0.422257,0.479245,0.373421,0.327927
A5040517,1976-10-09,2006-06-25,29.711156741957563,0.0574087725764836,0.0,11.708293125878319,125,1.997660707763766,First Creek at Waterfall Gully (A5040517),South Australian Gulf,TORRENS RIVER,No notes,-34.970278,138.681111,-34.97907891,138.6971126,54,5.1,SA,,1430,2330,1400,Not nested,,0,19761009,20060625,0.057408773,,,,,,,2.724116,3.239968,1.189365,-0.70401,0.0,21.447752,1.275936,jja,251.682986,5.703606,djf,0.493475298,0.423366861,76.34868628,0.14823568,2.274516161,0.472058453,6.144793844,1.152841526,0.04249137,2.1572549,0.415564167,0.085443347,0.324176361,0.0,1,7.048387097,12.01449275,0.0,127.55,64.55,0.868521407,0.735555738,0.102519591,-2.65819047,0.290008461,0.149307346,2.18189729,0.522073483,0.103947752,-5.454109878,-2.078674065,2.112689008,0.663207393,0.0,595.3418071,-0.930472643,292.5217644,0.173643035,0.598628974,SILICSED,1.0,UNCONSOLDTED,0.0,0.0,0.0,1.0,0.0,0.0,0.0,0.0,1.0,21.625,52.925,60.775,0.899999976,100.0,87.23183,278,724.7574,443.1222,446.7574,25.51,6.617454,0.678037,1,0.515796,0.453459,0.077871,0.9225,0.0596,0.0179,0.0,0.0,0.0,0.0,0.0,0.0,0.0,1.0,0.0,0.0,0.0,0.0,0.0,0.0,0.0,0.0,0.0,0.0,0.0,0.0,0.0,0.0,0.0,0.0,0.0,0.16722,0.77257,0.0,0.01674,0.0435,0.95653,0.0,0.0,5.70855,5.70855,0.0,0.0,94.29146,68.51122,0.0,0.0,0.0,25.78022,6.617454,0.0,0.0,0,0.297959,0.164828,1.0,0.124332,0.269128,0.0,0.134564,68.29395,356.902,1.0,1.0,1083.879,0.045258,0.295224,0.399328,98.00034,70.01308,79.76571,3.839434,0.236317,0.155541,0.342882,0.336854,0.259815,0.206671,0.245328,0.341441,0.438299,0.506289,0.412633,0.367848
A5040523,1977-11-12,2022-02-28,44.2984257357974,0.03868974042027194,0.012922720843512923,8.294085495855853,125,1.5006652491689854,Sixth Creek at Castambul (A5040523),South Australian Gulf,TORRENS RIVER,No notes,-34.873056,138.754444,-34.91996662,138.7697809,54,43.5,SA,,1430,2330,1400,Not nested,,0,19771112,20220228,0.03868974,,,,,,,2.511363,3.274565,1.3039,-0.709353,0.0,22.157883,1.306306,jja,254.631377,5.912544,djf,0.394230079,0.412843481,125.0465057,0.0,2.832422587,0.449254419,10.69467117,1.619201185,0.01374713,1.6174023,0.485761885,0.063649222,0.338369551,0.012922721,1,4.090909091,18.66312057,11.82352941,137.425,63.725,0.710140163,0.723143184,0.079630541,-3.294060519,0.419117375,0.180137815,2.7684759,0.552911094,0.109738846,-5.62618622,-3.079053671,2.313610871,0.792862989,0.0,535.1444354,-0.843522886,352.9462036,0.183658343,0.597516258,SILICSED,0.9798208,METAMORPH,0.02017894,0.0,0.0,0.9798208,0.0,0.0,0.02017894,0.0,1.0,29.0,56.0,46.0,0.899999976,100.0,88.0,171,599.9152,433.2445,428.9152,27.55,15.91201,0.888037,3,0.491616,0.592016,0.025674,0.8747,0.0745,0.0477,0.0031,0.0,0.0,0.0,0.0,0.0,0.0,1.0,0.0,0.0,0.0,0.03091,0.01157,0.0,0.0,0.0082,0.0,0.0,0.00387,0.0,0.0,0.0015,0.002,0.0,0.0,0.79086,0.14615,0.0,0.00506,0.0,0.94207,0.0,0.0,0.296536,0.296536,0.0,0.0,99.70347,45.24306,0.0,0.0,0.0,54.46038,15.91201,0.0,0.0,0,0.317647,0.047059,1.0,0.350552,0.347381,0.044177,0.195779,38.69637,507.3627,1.0,0.678972,1416.281,0.043654,0.287378,0.400809,100.0321,73.91709,79.65759,3.790814,0.219325,0.135791,0.324834,0.326824,0.260479,0.213113,0.253511,0.348288,0.449525,0.517451,0.401901,0.351549
A5050517,1977-06-24,2022-02-28,44.68446269678302,0.018442497395992893,0.31566791510611736,6.011778211536017,125,0.7201856674273766,North Para River at Penrice (A5050517),South Australian Gulf,GAWLER RIVER,No notes,-34.463333,139.058333,-34.5530708,139.0743905,54,116.3,SA,,1430,2330,1400,Not nested,,0,19770624,20220228,0.018442497,1.0,70.89820406,21.7567553,68.55030093,0.0,0.0,1.590499,3.38402,2.127647,-0.622076,0.0,22.157883,1.283854,jja,277.130842,6.887846,djf,0.070492577,0.178549956,46.58170938,0.0,6.48722182,0.100577036,23.21408281,0.425711287,0.0,0.36476698,0.913566173,0.334144819,0.763046192,0.315667915,1,43.16935484,76.88050314,35.86524823,147.9705882,34.05882353,0.429246918,0.645197017,0.197311069,-6.976986369,0.778353757,0.239506072,2.838062188,0.5799294,0.051130729,-10.21447406,-6.619273334,3.769618416,0.608043075,0.0,363.7889364,-0.903889271,100.9562768,0.064482782,0.792936149,METAMORPH,0.504204,SILICSED,0.1985798,0.0,0.07213489,0.1985798,0.1858998,0.0391815,0.504204,0.0,0.1985798,20.0,53.39286,61.57143,0.823291101,113.9523,74.43352,300,577.7806,406.4745,277.7806,6.35,26.75148,0.916126,4,0.464637,0.393587,0.01056,0.5214,0.0892,0.2263,0.1575,0.0056,0.0,0.0,0.0,0.0,0.0,0.96,0.0,0.0,0.0,0.07362,0.00165,0.0,0.10269,0.76011,0.0,0.001,0.01918,0.0,0.0,0.0,0.0,0.0,0.0,0.0,0.00305,0.0,0.03874,0.0,0.04179,0.170355,0.170355,0.0,0.0,0.013108,0.013108,99.81653,3.278459,0.0,0.0,0.0,96.53808,26.75148,0.0,0.0,0,0.155556,0.119149,1.0,0.607048,0.40887,0.269759,0.339314,5.410332,9.73365,1.0,0.0,681.1272,0.037373,0.22866,0.371176,101.1936,79.9024,88.88537,2.760327,0.074456,0.051272,0.109393,0.129184,0.155022,0.190424,0.26189,0.394688,0.510281,0.496083,0.264567,0.13403
A5060500,1971-09-16,2022-02-28,50.455852156057496,0.015681805849476368,0.04586549062844542,2.8254276738929494,125,0.6859857730829334,Wakefield River at Near Rhynie (A5060500),South Australian Gulf,WAKEFIELD RIVER,No notes,-34.13,138.63,-34.00777489,138.7102772,54,492.6,SA,,1430,2330,1400,Not nested,,0,19710916,20220228,0.015681806,8.0,1359.762964,56102.09476,1023.417678,0.086819686,24.18746036,1.474735,3.497137,2.371366,-0.56438,0.0,22.319685,1.282541,jja,278.308401,6.871061,djf,0.022879679,0.256559969,61.54605792,0.0,12.02080903,0.038655703,55.37422879,0.215920837,0.0001754,0.06963494,0.472952438,0.05893054,0.5792172,0.045865491,1,7.475524476,28.24462366,24.47058824,158.8604651,71.37209302,0.304362994,0.350107245,0.117974397,-2.696647213,0.847546806,0.103111396,2.425793082,0.516944172,0.019500665,-4.875199923,-2.458850498,3.244510972,0.902596098,0.0,339.8686871,-0.76923226,176.6123184,0.026422507,0.738032372,SILICSED,0.9830426,UNCONSOLDTED,0.01695763,0.01695763,0.0,0.9830426,0.0,0.0,0.0,0.0,0.9830426,28.5,58.375,47.5,0.987348576,95.71255,60.00109,231,602.752,369.8126,371.752,6.6,50.44873,0.875726,4,0.500634,0.44888,0.008378,0.5084,0.0685,0.2002,0.1956,0.0154,0.0111,0.0008,0.0,0.0,0.0,1.0,0.0,0.0,0.0,0.01133,0.0,0.0,0.5509,0.32985,0.0,4e-05,0.0226,0.0,0.0,0.00015,2e-05,0.0,0.0,0.00022,0.03117,0.00011,0.05235,0.0011,0.08385,0.214177,0.214177,0.0,0.0,0.031936,0.031936,99.75388,8.558341,0.0,0.0,0.0,91.17637,50.44873,0.0,0.0,0,0.285714,0.067568,0.0,0.760557,0.414076,0.150556,0.282316,2.553373,188.6344,1.0,0.003325,510.7712,0.032836,0.194854,0.309773,87.89523,77.58873,99.32417,2.805571,0.05775,0.035864,0.076851,0.100138,0.132093,0.175824,0.256817,0.424355,0.605304,0.575499,0.27523,0.101263
A5070500,1969-07-05,2022-02-28,52.65434633812457,0.018146838602329452,0.5798866705502304,4.904630815507731,125,1.257811394540163,Hill River at near Andrews (A5070500),South Australian Gulf,BROUGHTON RIVER,No notes,-33.61,138.63,-33.7593792,138.6766017,54,237.0,SA,,1430,2330,1400,Level 1,A5070503,0,19690705,20220228,0.018146839,2.0,5.986771331,25.54684131,5.423120967,0.010399334,3.028860776,1.457545,3.526662,2.41959,-0.576476,0.0,22.014059,1.330255,jja,277.86794,7.434343,djf,0.022700649,0.183622814,40.456152,0.0,8.089368375,0.042861352,19.36033073,0.120215637,0.0,0.11011453,0.623848244,0.420113329,0.761372663,0.579886671,1,93.32941176,107.2910448,116.4893617,157.1463415,42.68292683,0.528795516,0.305278887,0.178145242,,0.821158486,0.15658689,2.608851891,0.535840188,0.022635519,-9.509958592,-7.30536292,3.795238268,0.578340645,0.0,342.9438639,-0.873568013,114.2935182,0.028973308,0.781254223,SILICSED,0.9108848,UNCONSOLDTED,0.07879411,0.07879411,0.0,0.9108848,0.0,0.01032099,0.0,0.0,0.9108848,24.33621,55.68103,49.0431,0.972634586,89.88371,61.31229,321,610.242,415.5955,289.242,5.1,43.92311,0.851327,4,0.402804,0.339037,0.006705,0.4447,0.048,0.176,0.2346,0.0622,0.0345,0.0,0.0,0.0,0.0,0.46,0.0,0.0007,0.0,0.01307,0.0,0.0,0.7126,0.24992,0.0,0.0,0.00955,0.0,0.0,2e-05,0.0,0.0,0.0,0.0,0.0002,0.0,0.01392,0.0,0.01412,0.013065,0.013065,0.0,0.0,0.065276,0.065276,99.92166,1.513169,0.0,0.0,0.0,98.40849,43.92311,0.0,0.0,0,0.219277,0.061719,0.0,0.901367,0.427101,0.114685,0.270893,1.738047,3.00541,0.844113,0.0,549.3106,0.032169,0.187924,0.313033,90.89043,81.46168,98.45821,2.842043,0.048879,0.029184,0.056635,0.074124,0.104778,0.171732,0.261791,0.458402,0.656897,0.619006,0.280715,0.091827
A5070503,1972-05-21,2022-02-28,49.776865160848736,0.034101534569055604,0.0022208302488468767,6.281182492803743,125,1.434994583316627,Broughton River at Mooroola (A5070503),South Australian Gulf,BROUGHTON RIVER,No notes,-33.5331,138.5181,-33.51312846,138.6954477,54,2538.0,SA,,1430,2330,1400,Not nested,,1,19720521,20220228,0.034101535,3.0,41.99780721,71.68382402,32.89075094,0.181508168,19.4382229,1.290422,3.500292,2.712519,-0.524055,0.0,21.780345,1.318281,jja,285.364765,7.948423,djf,0.018168794,0.37781083,15.70935334,0.0,5.880887686,0.026699827,21.54728417,0.024654867,0.00142978,0.06621223,0.354159802,0.050908263,0.332213427,0.00222083,1,6.251748252,28.04807692,13.0,163.9189189,88.18918919,0.570492111,0.551398666,0.133358844,-1.993814468,0.537316883,0.066879102,1.627005142,0.424044586,0.013136416,-4.831218654,-2.496321192,2.315546533,0.836728391,0.0,300.2326358,-0.819148424,162.0727106,0.020162999,0.651511036,SILICSED,0.753758,UNCONSOLDTED,0.2417246,0.2417246,0.0,0.753758,0.0,0.00451692,0.0,0.0,0.753758,24.0,46.0,53.0,0.985161091,96.3245,59.87901,196,813.2857,457.0247,617.2857,6.04,88.77768,0.785691,5,0.631051,0.416268,0.006875,0.4624,0.0573,0.1708,0.182,0.0754,0.0476,0.0045,0.0,0.0,0.0,1.0,0.0,0.0004,0.0,0.00445,0.0,0.0,0.74595,0.18051,0.0,8e-05,0.03176,0.0,0.0,0.00401,0.00052,0.0,0.0001,0.00021,0.00738,0.0003,0.02252,0.0018,0.03041,35.09176,0.755644,0.10471,0.10471,0.303419,0.303419,64.50008,1.611299,0.0,0.0,0.0,83.0092,88.77768,0.0,0.0,0,0.171429,0.0,0.0,0.589286,0.433167,0.355103,0.394135,2.816835,1244.971,0.341701,0.006403,495.3278,0.029375,0.161782,0.283694,92.90704,74.04423,100.0306,2.539804,0.047962,0.029596,0.051293,0.071345,0.099428,0.148195,0.23461,0.403577,0.579556,0.56113,0.237652,0.086435
A5090503,1977-09-20,2022-02-28,44.4435318275154,0.037824185301546236,0.43818426275689865,0.8402920152265827,125,0.9280316877335335,Kanyaka Creek at Old Kanyaka Ruins (A5090503),South Australian Gulf,LAKE TORRENS-MAMBRAY COAST,No notes,-32.09,138.29,-31.98328683,138.3409024,54,186.7,SA,,1430,2330,1400,Not nested,,0,19770920,20220228,0.037824185,2.0,9.602534813,421.7226577,8.798621674,0.123205815,64.60651949,0.796284,3.624616,4.551916,-0.188256,0.0,19.955578,1.365314,jja,321.752233,12.432789,mam,0.001876733,0.125624395,21.93680348,0.0,22.86512339,0.010049835,43.01025973,0.052803774,0.0,0.00324016,0.115540697,0.01856713,0.65177028,0.438184263,1,3.020833333,29.08571429,59.0,173.1891892,84.67567568,0.310998332,0.096384944,0.151264709,,1.33685279,0.194842735,2.495999129,0.838247683,0.008375044,-4.627865189,-1.01599303,2.031339002,2.966264282,0.0,159.6632554,-0.9423788,12.1389567,0.012397695,0.675532387,CARBNATESED,0.5522174,UNCONSOLDTED,0.2595092,0.2595092,0.0,0.1882728,0.5522174,0.0,0.0,0.0,0.1882728,42.0,62.0,37.0,0.411289676,29.04903,60.85587,272,662.8054,381.542,390.8054,8.03,30.75009,0.822003,3,0.488378,0.341114,0.013882,0.5023,0.0439,0.1409,0.2176,0.0708,0.0245,0.0,0.0,0.0,0.0,1.0,0.0,0.0,0.0,0.0,0.0,0.0,0.00073,0.00016,0.0,0.0,0.09341,0.0,0.01286,0.11914,0.53536,0.08891,0.03393,0.0,0.0,0.10667,0.00879,0.0,0.11546,3.314354,3.314354,0.0,0.0,83.24069,35.99554,13.44494,13.44494,0.0,0.0,0.0,0.0,30.75009,0.0,0.0,0,0.326087,0.0,0.0,0.719318,0.356388,0.0,0.178194,0.065419,0.071039,0.0,0.0,391.7156,0.048487,0.112751,0.108936,100.2002,25.85897,118.5162,1.283108,0.036558,0.034024,0.053081,0.062225,0.089827,0.112515,0.172538,0.251941,0.236817,0.132881,0.056268,0.049801
A5130501,1973-06-07,2022-02-28,48.73100616016427,0.01876509916287432,0.22851417119954195,14.045498321982107,125,1.6053738305702974,Rocky River upstream Gorge Falls (A5130501),South Australian Gulf,KANGAROO ISLAND,No notes,-35.955,136.697778,-35.87467584,136.7835566,53,190.5,SA,,1430,2330,1400,Not nested,,0,19730607,20220228,0.018765099,3.0,282.5792438,5039.084827,235.8878946,0.011236586,1.039654792,1.995224,3.047076,1.527185,-0.768851,0.0,19.946589,1.2797,jja,245.103038,5.328708,djf,0.290385876,0.462646487,38.38790552,0.0,2.803531668,0.192301843,11.04768059,0.290655018,0.0,0.8168315,0.646824221,0.143429717,0.498539937,0.228514171,1,9.209558824,45.34895833,59.56716418,142.4444444,52.33333333,0.712793097,0.164731813,0.089012085,-6.777636732,0.363275373,0.175303096,4.403110313,0.412848485,0.065576274,-5.187945725,-4.135576042,3.293552056,0.701512145,0.0,489.8507212,-0.892202963,264.307367,0.096479275,0.679692858,UNCONSOLDTED,0.8422845,METAMORPH,0.08399013,0.8422845,0.00873033,0.06499504,0.0,0.0,0.08399013,0.0,0.0,15.31429,43.25,69.95,0.678651151,152.4647,77.26311,48,308.3226,167.1339,260.3226,4.66,35.10992,0.617897,4,0.451665,0.470278,0.007591,0.4931,0.0569,0.2205,0.2134,0.0119,0.0042,0.0,0.0,0.0,0.0,0.87,0.0,0.0,0.0,0.0,0.0,0.0,0.0,0.0,0.0,0.00052,0.01632,0.0,0.00915,0.00358,0.0076,0.00282,0.00022,0.39599,0.45705,0.00243,0.1043,0.0,0.95977,0.0,0.0,0.379999,0.379999,0.182105,0.182105,99.43789,98.50292,0.0,0.0,0.0,0.934972,35.10992,0.0,0.0,0,0.114286,0.003397,0.0,0.007072,0.010777,0.0,0.005389,0.160923,0.160923,0.0,0.0,591.2116,0.035323,0.328858,0.376935,71.53242,54.34696,83.20312,4.746757,0.249983,0.167929,0.433298,0.441801,0.36694,0.298223,0.351319,0.49291,0.595306,0.591551,0.390436,0.382578
201001,1957-03-04,2022-02-28,64.99110198494182,0.015797455556491702,0.0012840816675940589,3.7298550669629735,125,1.0899854192519796,Oxley River at Eungella (201001),South East Coast (NSW),TWEED RIVER,No notes,-28.3553,153.292,-28.35741332,153.1906109,56,214.8,NSW,,1400,2300,2300,Not nested,,0,19570304,20220228,0.015797456,14.0,35.60624139,12.70086415,23.96086626,0.004212655,0.983480297,4.306519,3.979062,0.923963,0.575189,0.0,17.294834,1.51139,djf,227.331787,5.167552,jja,0.753755405,0.225434911,974.4585578,0.0,4.872884221,1.758284717,18.84248073,73.40921637,0.03700559,5.90306699,0.519400791,0.088944057,0.493686598,0.001284082,1,4.537117904,18.72402597,7.5,225.0,134.0192308,0.503440529,0.685175585,0.1296751,-3.762664603,0.639597592,0.278374066,1.936742098,0.491514253,0.207319222,-6.446736699,-5.690228347,1.990205943,0.8629766,0.0,291.1534383,-0.880580595,194.9288062,0.407557201,0.508687424,IGNEOUS,0.4778484,OTHERSED,0.4016777,0.00741829,0.4778484,0.1130554,0.0,0.4016777,0.0,0.0,0.0,32.7,50.0,52.3,1.027200895,180.0882,159.3375,49,1148.628,288.6667,1099.628,28.74,26.94955,1.093358,4,0.615382,0.239595,0.041965,0.803,0.0748,0.072,0.0452,0.005,0.0,0.0,0.0,0.0,0.0,1.0,0.0,0.0,0.0,0.00401,0.01635,0.0,0.00057,0.21391,0.0,0.0,0.00055,0.0,0.0,0.0,0.0,0.0,0.0,0.74981,0.01372,0.0,0.0,0.0011,0.76353,0.173223,0.173223,98.02501,49.10313,0.0,0.0,0.731695,0.731695,1.022805,1.022805,0.047255,48.43398,26.94955,0.0,0.0,0,0.152381,0.088889,0.0,0.547962,0.213413,0.043035,0.128224,6.376148,370.5662,1.0,0.090194,8236.641,0.328406,0.722919,0.25446,78.75409,20.38966,124.9175,9.523171,1.039108,0.915989,0.914342,0.75544,0.610449,0.554502,0.602134,0.661367,0.601661,0.813426,0.953581,1.09016
203005,1971-07-02,2022-02-28,50.66392881587954,0.006592812753309916,0.0,5.150449178516892,125,1.3014202110426651,Richmond River at Wiangaree (203005),South East Coast (NSW),RICHMOND RIVER,No notes,-28.5065,152.9658,-28.41175616,152.8992232,56,702.5,NSW,,1400,2300,2300,Not nested,,0,19710702,20220228,0.006592813,111.0,15.04336936,15.62633457,11.78260775,0.059443394,6.846536765,3.365264,3.938554,1.170355,0.57348,0.0,18.508349,1.442887,djf,237.552279,5.487334,jja,0.401512176,0.302783985,451.213878,0.04058421,4.483713006,0.8921194,16.70006389,16.00005885,0.03652578,2.78223121,0.4557892,0.069847141,0.422129141,0.0,1,4.102236422,18.43230404,0.0,207.0217391,150.8478261,0.561409883,0.533782204,0.0950194,-3.222383259,0.583142313,0.258189233,1.812378236,0.476557978,0.130825909,-6.35085149,-4.234547088,2.46611898,0.679218535,0.0,261.5434327,-0.80343717,217.6924142,0.265888072,0.492033763,IGNEOUS,0.7726882,OTHERSED,0.1581703,0.03983726,0.7726882,0.02930242,0.0,0.1581703,0.0,0.0,0.0,41.375,57.83333,40.875,1.14274305,167.7158,149.0703,75,1119.222,387.0346,1044.222,28.4,54.43389,0.809438,5,0.554134,0.305861,0.019378,0.8583,0.0675,0.0453,0.0262,0.0027,0.0,0.0,0.0,0.0,0.0,1.0,0.0,0.0,0.0,0.00378,0.00979,0.0002,0.00168,0.0592,0.0,0.0,0.00012,0.0,0.0,0.0,0.0,0.0,0.0,0.88359,0.04159,0.0,6e-05,0.0,0.92524,0.0,0.0,96.42183,73.31727,0.007132,0.007132,2.757854,2.750716,0.660879,0.660879,0.102316,22.01078,54.43389,0.0,0.0,0,0.512,0.4,1.0,0.655313,0.13206,0.031125,0.081592,1.531062,63.69026,0.676511,0.001902,4471.617,0.273324,0.635177,0.268129,85.56659,26.28688,119.8183,8.863647,0.955049,0.900813,0.853509,0.74611,0.634517,0.539214,0.59133,0.54648,0.462568,0.716196,0.87261,1.031385
203010,1967-06-19,2022-02-28,54.69952087611225,0.009860353371039592,0.005358406632291982,1.9754179681512525,125,0.9266594133245641,Leycester River at Rock Valley (203010),South East Coast (NSW),RICHMOND RIVER,No notes,-28.7381,153.163,-28.60460753,153.1287902,56,175.9,NSW,,1400,2300,2300,Not nested,,0,19670619,20220228,0.009860353,80.0,33.54847888,26.32020999,24.99391015,0.165173432,21.08507167,3.940984,4.001686,1.015403,0.527973,0.0,17.995976,1.538816,djf,234.154437,5.296665,jja,0.400809366,0.184349169,1026.010586,0.0,6.623830026,1.37442768,20.52610253,82.88236694,0.00933205,3.49067792,0.56608819,0.085279547,0.567738348,0.005358407,1,4.281725888,23.59453782,11.77777778,211.25,126.8846154,0.380314482,0.532393193,0.152879476,-3.851284653,0.838073904,0.28625441,2.13658922,0.446979866,0.159634812,-7.580080917,-5.532542108,2.446402392,0.755842666,0.0,286.7667139,-0.804465656,184.8187233,0.350084127,0.45598986,IGNEOUS,0.668619,SILICSED,0.226141,0.00550567,0.668619,0.226141,0.0,0.0997347,0.0,0.0,0.0,25.55556,46.66667,48.66667,0.891162137,164.0983,116.5866,23,917.5792,188.7535,894.5792,19.64,45.34503,0.946062,3,0.33526,0.188827,0.019814,0.764,0.1118,0.0842,0.0387,0.0013,0.0,0.0,0.0,0.0,0.0,1.0,0.0,0.0,0.0,0.0,0.0,0.0,0.0,0.06373,0.0,0.0,0.0,0.0,0.0,0.0,0.0,0.0,0.0,0.93312,0.00315,0.0,0.0,0.0,0.93627,0.0,0.0,93.22612,29.2973,0.018666,0.018666,6.745905,6.745905,0.009353,0.009353,0.0,60.02284,45.34503,0.0,0.0,0,0.266667,0.088889,1.0,0.620403,0.329057,0.085243,0.20715,8.46857,17.35456,1.0,0.399178,5518.992,0.33058,0.681662,0.226049,78.06448,19.81206,133.4669,7.79383,0.824356,0.770755,0.783196,0.644933,0.525281,0.474544,0.50824,0.515519,0.446926,0.636107,0.75405,0.899478
203030,1979-09-29,2022-02-28,42.42026009582478,0.0009035755776429585,0.17364341085271318,7.823128912173958,125,3.17064827435106,Myrtle Creek at Rappville (203030),South East Coast (NSW),RICHMOND RIVER,No notes,-29.1116,152.9984,-29.09577838,152.8263067,56,387.3,NSW,,1400,2300,2300,Not nested,,0,19790929,20220228,0.000903576,53.0,37.20758944,28.99270541,30.01318247,0.019362334,1.665343926,2.982147,4.007215,1.343735,0.60886,0.0,18.760041,1.49178,djf,246.721058,5.693217,jja,0.177367405,0.187301968,166.2723709,0.0,4.895729817,0.37968186,10.08931234,3.455211054,0.0,1.31905545,1.139995305,0.231976744,0.69244186,0.173643411,1,19.20320856,60.90340909,19.2,205.4878049,105.8536585,0.831049056,0.801168347,0.149046928,-10.81760849,0.464441006,0.244031047,2.247841321,0.45891182,0.060448839,-9.76094776,-7.568171079,2.951375342,0.55760486,0.0,275.5027221,-0.907236318,199.4579535,0.126008097,0.479721864,SILICSED,0.6819187,UNCONSOLDTED,0.1974212,0.1974212,0.00381857,0.6819187,0.0,0.116841,0.0,0.0,0.0,17.912,61.944,69.136,0.869142681,128.3335,81.99975,36,644.5347,156.5638,608.5347,14.3,48.63757,0.877348,4,0.463828,0.219492,0.012854,0.6157,0.0665,0.0908,0.0844,0.0215,0.0354,0.0836,0.0021,0.0,0.0,0.36,0.0,0.0,0.0,0.0,0.0,0.0,0.00028,0.08246,0.0,0.0,0.0,0.0,0.0,0.0,0.0,0.0,0.0,0.87471,0.04251,0.0,3e-05,0.0,0.91725,0.168932,0.168932,77.58562,50.47209,0.092847,0.092847,21.67552,21.67552,0.477078,0.477078,0.0,24.96302,48.63757,0.1,0.0,0,0.155725,0.017094,1.0,0.433147,0.210643,0.439016,0.324829,0.764941,161.1277,0.015373,0.001858,4604.823,0.302485,0.563673,0.195984,89.97036,35.61054,133.3364,5.697178,0.626033,0.567873,0.566887,0.483307,0.400778,0.34686,0.373279,0.358309,0.313894,0.464768,0.538621,0.648887
204002,1965-07-09,2022-02-28,56.643394934976044,0.020155638261878293,0.023924625098658246,5.703436830404978,125,2.0398002767959045,Clarence River at Tabulam (204002),South East Coast (NSW),CLARENCE RIVER,No notes,-28.89,152.56,-28.67189271,152.3810104,56,4545.3,NSW,,1400,2300,2300,Level 1,204007,3,19650709,20220228,0.020155638,73.0,32.60646082,10.8979054,23.8314868,0.05316835,7.894200543,2.674803,3.880097,1.45061,0.560796,0.0,18.804986,1.407806,djf,243.206359,5.567078,jja,0.132195275,0.206701983,300.5042581,0.0,5.760827215,0.430745392,18.32580051,6.157592989,0.00079836,1.32369635,0.710346456,0.113999605,0.578679953,0.023924625,1,6.837278107,33.70977011,23.0952381,220.4693878,105.0408163,0.688314324,0.701909401,0.117214537,-4.785916436,0.553522049,0.229682478,1.806844412,0.384660883,0.072886044,-7.436902279,-5.557696348,3.003303965,0.798365193,0.0,253.5487007,-0.919031046,166.9612094,0.15919178,0.457850548,IGNEOUS,0.4851529,SILICSED,0.2988538,0.0266742,0.4851529,0.2988538,0.0,0.1857291,0.0,0.00358751,0.0,14.67857,37.82143,68.39286,0.97160313,135.6477,107.7949,120,1275.332,535.9897,1155.332,16.3,153.9241,0.861343,6,0.4945,0.364418,0.007557,0.7151,0.1042,0.116,0.0546,0.0092,0.0009,0.0,0.0,0.0,0.0,0.94,0.0001,0.0,0.0,0.00016,0.00025,0.0,0.00104,0.1887,0.0,0.0,0.00025,0.0,0.0,0.0,5e-05,0.0,0.0,0.60313,0.20375,0.0,0.0025,0.0,0.80938,0.195998,0.168423,80.55644,52.23408,0.140216,0.140216,18.60848,5.297567,0.330091,0.330091,0.063454,38.5194,153.9241,0.0,0.0,0,0.092857,0.085714,1.0,0.661875,0.228748,0.01881,0.123779,0.793127,348.2047,0.100184,0.001922,3126.622,0.206588,0.483578,0.248867,99.10715,42.92107,112.4269,7.023825,0.74682,0.697591,0.670358,0.585344,0.502091,0.423215,0.47052,0.4533,0.411336,0.591924,0.6691,0.792542
204007,1971-08-14,2022-02-28,50.54620123203286,0.017441230635900768,0.0,7.001275125543588,125,2.293696052390243,Clarence River at Lilydale (Newbold Crossing (204007),South East Coast (NSW),CLARENCE RIVER,No notes,-29.51,152.68,-29.45967005,152.3453677,56,16944.4,NSW,,1400,2300,2300,Not nested,,8,19710814,20220228,0.017441231,76.0,22.39328821,9.918844573,15.93093496,0.005416531,0.794662086,2.853724,3.752005,1.314775,0.575736,0.0,17.492592,1.513219,djf,226.639634,5.292401,jja,0.219954825,0.294648588,192.8623413,0.00436477,4.259908249,0.519358278,16.22140663,4.894796125,0.01560305,1.85857924,0.505766109,0.08831312,0.467199559,0.0,1,7.12,32.59615385,0.0,217.106383,130.0212766,0.755373098,0.78765367,0.082264107,-3.713355787,0.391995798,0.172486578,1.350791246,0.374306106,0.077686461,-7.005568678,-4.928178115,3.260105635,0.780566124,0.0,256.0701136,-0.914489129,158.2353387,0.178984653,0.434039791,IGNEOUS,0.4505139,SILICSED,0.3735036,0.01364129,0.4505139,0.3735036,0.0,0.05872385,0.0422485,0.03705397,0.0,10.66667,48.66667,80.33334,1.293402641,167.6629,146.9495,26,1559.977,665.2929,1533.977,20.45,330.8076,0.897577,8,0.444395,0.42203,0.004679,0.7551,0.0895,0.1026,0.0473,0.0047,0.0008,0.0,0.0,0.0,0.0,1.0,0.0001,0.0,0.0,0.0001,8e-05,0.0,0.00062,0.16405,0.0,0.00014,0.00195,0.0,0.0,0.00014,8e-05,0.0,0.0,0.61462,0.21508,0.0,0.00299,0.0001,0.83269,0.439135,0.432596,71.57514,56.42228,0.250545,0.250545,26.73449,9.491058,0.763857,0.763857,0.015047,29.51776,330.8076,0.0,0.0,0,0.0,0.005556,0.0,0.541837,0.203487,0.00961,0.106548,0.587956,348.2047,0.092412,0.000717,3534.139,0.173956,0.464112,0.303425,108.1355,54.58645,94.24718,7.133059,0.787935,0.703969,0.657094,0.580931,0.481604,0.406903,0.457981,0.463218,0.456484,0.612416,0.694217,0.82039
204014,1972-05-11,2022-02-28,49.804243668720055,0.017371227530097302,0.007608391608391609,7.217639130584833,125,1.413646711752672,Mann River at Mitchell (204014),South East Coast (NSW),CLARENCE RIVER,No notes,-29.6947,152.1049,-29.82951963,151.8775871,56,882.9,NSW,,1400,2300,2300,Level 1,204007,0,19720511,20220228,0.017371228,22.0,53.73885258,10.85525473,41.63346879,0.186905613,14.5113684,2.377156,3.583034,1.507278,0.454707,0.000104,20.593797,1.322748,djf,250.784086,5.370356,jja,0.06561002,0.287949666,153.2140567,0.0,4.690997852,0.301803284,27.00089923,2.004372291,0.00577351,0.98912869,0.517860659,0.076755245,0.444531469,0.007608392,1,4.763888889,21.41778976,15.11111111,202.5116279,129.2093023,0.571940491,0.640327201,0.132660596,-3.607717208,0.536562105,0.24637028,1.939539147,0.415827338,0.066118636,-6.322341895,-5.82252886,3.180462522,0.781152149,0.001315011,256.0315565,-0.880117147,162.6212906,0.123253841,0.536442798,IGNEOUS,0.9844424,METAMORPH,0.01306432,0.0,0.9844424,0.00249325,0.0,0.0,0.01306432,0.0,0.0,15.25,51.0,73.25,0.877981497,216.6406,119.0376,414,1509.453,1108.14,1095.453,11.78,101.2652,0.84961,5,0.332378,0.642748,0.011093,0.6224,0.0949,0.1663,0.1045,0.008,0.0031,0.0008,0.0,0.0,0.0,1.0,0.0,0.0,0.0,0.0,0.0,0.0,0.00138,0.59903,0.0,0.00041,0.00144,0.0,2e-05,0.00039,0.00029,2e-05,0.0,0.19965,0.19502,2e-05,0.00236,0.0,0.39705,0.126184,0.126184,33.90601,30.34681,0.026356,0.026356,65.22089,3.59689,0.265957,0.265957,0.0,63.43154,101.2652,0.0,0.0,0,0.266667,0.0,0.0,0.167958,0.303121,0.009388,0.156254,0.663353,1.637507,0.071426,0.0,2188.731,0.087797,0.354231,0.349181,123.7562,73.24889,68.37051,6.208228,0.678249,0.587652,0.512055,0.472849,0.403334,0.342199,0.392134,0.438842,0.480986,0.578958,0.597394,0.716562
204017,1971-08-19,2022-02-28,50.53251197809719,0.0029798992252262012,0.0,5.5379137850047355,125,1.0737931855513383,Bielsdown Creek at Dorrigo No.2 & No.3 (204017),South East Coast (NSW),CLARENCE RIVER,No notes,-30.3073,152.7135,-30.35384323,152.6982058,56,74.0,NSW,,1400,2300,2300,Level 1,204007,0,19710819,20220228,0.002979899,43.0,237.657826,70.59662307,175.7304463,0.005417999,0.70719378,4.760834,3.591107,0.754302,0.513511,0.0,17.699339,1.572684,djf,225.740734,4.901054,jja,2.525687484,0.457196696,1198.404131,0.62339905,3.091670367,3.530098976,16.79465053,119.1132655,0.37707471,10.80324879,0.358951314,0.035267906,0.206227584,0.0,1,3.527173913,14.76653696,0.0,204.1666667,188.0833333,0.604108733,0.659058553,0.044601171,-2.549044474,0.379888116,0.120570511,1.274781874,0.552321849,0.409746904,-4.781662503,-3.49767544,1.615345721,0.642597487,0.0,5.461009079,-0.863733071,194.6008004,0.752724625,0.544351666,IGNEOUS,0.8012563,SILICSED,0.1987437,0.0,0.8012563,0.1987437,0.0,0.0,0.0,0.0,0.0,39.0,43.0,29.0,1.276232681,280.9856,172.7623,659,973.4619,769.9145,314.4619,12.44,17.75337,1.071672,4,0.555742,0.431504,0.020168,0.6738,0.1065,0.1258,0.0863,0.0072,0.0004,0.0,0.0,0.0,0.0,1.0,0.0,0.0,0.0,0.0,0.0,0.0,0.0,0.78034,0.0,0.0,0.0,0.0,0.0,0.0,0.0,0.0,0.0,0.20368,0.00333,0.0,0.0,0.0126,0.20701,0.0,0.0,99.97819,7.611121,0.021811,0.021811,0.0,0.0,0.0,0.0,0.0,92.25801,17.75337,0.0,0.0,0,0.557895,0.036364,0.0,0.707207,0.379278,0.0,0.189639,16.01144,306.9014,1.0,0.042739,7940.069,0.15486,0.568981,0.44119,109.2264,58.15079,75.95247,10.04616,1.141353,0.975514,0.969545,0.770811,0.594575,0.526936,0.593921,0.651816,0.712025,0.905011,1.037265,1.153969
204025,1969-11-02,2022-02-28,52.32580424366872,0.021452490581833402,0.037589562613624214,7.895957015412737,125,1.099047511768016,Orara River at Karangi (204025),South East Coast (NSW),CLARENCE RIVER,No notes,-30.2544,153.0323,-30.28994014,152.9702494,56,134.3,NSW,,1400,2300,2300,Level 2,204906,0,19691102,20220228,0.021452491,113.0,61.08104473,198.1055149,43.89808064,0.146504814,10.06678794,4.835861,3.779115,0.781477,0.490609,0.0,18.310591,1.619237,djf,232.770131,5.128738,jja,0.897637043,0.257705806,716.1460805,0.0,4.073202709,2.052016602,13.2086772,69.86083759,0.01414818,6.70816602,0.545696585,0.084964175,0.474227355,0.037589563,1,5.595070423,22.85824742,19.0,202.0666667,137.1555556,0.601697907,0.481500846,0.111279285,-3.604178694,0.546148729,0.198721919,1.467878991,0.557843504,0.190422835,-6.617042349,-4.00066233,1.965296139,0.736915778,0.0,302.9975287,-0.898452747,307.8418835,0.418076676,0.45547347,SILICSED,0.9428443,UNCONSOLDTED,0.05715567,0.05715567,0.0,0.9428443,0.0,0.0,0.0,0.0,0.0,39.0,43.5,29.0,1.313531707,204.792,131.4223,102,895.5401,318.3992,793.5401,28.09,22.04548,0.832798,4,0.599444,0.272427,0.035982,0.8337,0.0624,0.058,0.0369,0.009,0.0,0.0,0.0,0.0,0.0,1.0,0.0,0.0022,0.0,0.0,0.0,0.0,0.00058,0.0158,0.0,0.0,0.00071,0.0,0.0,0.0,0.0,0.0,0.0,0.97253,0.00816,0.0,3e-05,0.0,0.98072,0.0,0.0,99.53775,76.70824,0.0,0.0,0.145957,0.145957,0.194646,0.194646,0.0,19.18117,22.04548,1.0,0.0,0,0.231035,0.012,1.0,0.390447,0.168969,0.4,0.284485,5.250502,24.55645,1.0,0.078326,9289.652,0.268988,0.669742,0.310969,88.70119,30.49389,108.1851,10.11624,1.151079,1.004934,0.999009,0.79489,0.61101,0.539517,0.606197,0.637308,0.681251,0.861362,1.062829,1.15058
204030,1977-08-31,2022-02-28,44.498288843258045,0.006521872885005845,0.06279804298012015,13.840748511995555,125,1.8123204807452833,Aberfoyle River at Aberfoyle (204030),South East Coast (NSW),CLARENCE RIVER,No notes,-30.2603,152.0083,-30.1908543,151.8265826,56,208.6,NSW,,1400,2300,2300,Level 1,204007,0,19770831,20220228,0.006521873,26.0,11.77328045,20.46821784,8.987766047,0.535285793,21.38386286,2.295385,3.499058,1.524389,0.4498,0.000438,20.108391,1.346779,djf,251.602085,5.394103,jja,0.056098334,0.214944041,64.14322085,0.0,3.696984587,0.206841491,12.29404688,0.584750494,0.0,0.76858896,0.697445002,0.124790983,0.529324333,0.062798043,1,4.950859951,20.79562044,19.88235294,218.625,112.9,0.679432902,0.660121772,0.188318859,-4.992631618,0.562338819,0.304796025,2.204823159,0.460329157,0.051234085,-6.663414787,-7.513260713,2.98566752,0.605071333,0.0047053,248.7912874,-0.900840479,164.2899995,0.08879591,0.576986994,IGNEOUS,0.7750801,SILICSED,0.2249199,0.0,0.7750801,0.2249199,0.0,0.0,0.0,0.0,0.0,12.5,23.0,77.5,0.886758483,161.7911,108.622,1138,1460.507,1303.152,322.507,7.42,56.34214,0.899334,4,0.290709,0.531357,0.005959,0.5464,0.0932,0.1932,0.1506,0.0159,0.0007,0.0,0.0,0.0,0.0,1.0,0.0,0.0008,0.0,0.00292,0.00018,0.0,0.00107,0.82543,0.0,0.0,0.00032,0.0,0.0,0.0,0.0,0.0,0.0,0.07593,0.09311,0.0,0.00022,0.0,0.16926,0.0,0.0,7.933789,7.933789,0.095039,0.095039,91.83635,5.111186,0.134808,0.134808,0.0,86.42397,56.34214,0.0,0.0,0,0.128,0.051613,1.0,0.708507,0.333205,0.447619,0.390412,0.313697,1.765776,0.004438,0.0,2049.259,0.060998,0.329249,0.375902,131.7071,82.43646,53.61349,5.241904,0.595122,0.500247,0.440561,0.392154,0.320097,0.267609,0.296741,0.357654,0.414888,0.497328,0.543185,0.609323
204034,1971-08-18,2014-12-31,43.37303216974675,0.006438580987249085,0.00590851334180432,6.7571109676432535,125,1.653166000947542,Henry River at Newton Boyd (204034),South East Coast (NSW),CLARENCE RIVER,No notes,-29.763056,152.213333,-29.87102157,152.0498869,56,400.1,NSW,,1400,2300,2300,Level 1,204007,0,19710818,20141231,0.006438581,,,,,,,2.372347,3.603942,1.519147,0.559842,0.0,19.497139,1.380649,djf,248.348067,5.410889,jja,0.097286439,0.23077807,159.9501875,0.0,4.89069908,0.33190919,23.0020508,2.6349989,0.00405451,1.13737816,0.538866804,0.087166455,0.504002541,0.005908513,1,5.025641026,20.93139842,9.3,217.1,125.175,0.660187272,0.63773699,0.221499618,-3.675640923,0.512825153,0.269384145,1.730164251,0.426363436,0.070952157,-6.878072552,-4.748955171,3.553139461,0.917025372,0.000280623,239.1795746,-0.842033669,126.3437358,0.135644827,0.523073075,IGNEOUS,0.6155292,METAMORPH,0.3762051,0.00826705,0.6155292,0.0,0.0,0.0,0.3762051,0.0,0.0,18.0,62.0,69.0,1.020817274,191.4663,160.9887,323,1339.99,944.3904,1016.99,22.28,69.07713,0.902175,4,0.326927,0.612151,0.014766,0.7594,0.0927,0.1057,0.0402,0.002,0.0,0.0,0.0,0.0,0.0,1.0,0.0,0.0,0.0,0.0,0.0,0.0,0.00086,0.12349,0.0,0.0,0.0072,0.0,0.0,0.00012,2e-05,0.0,0.0,0.52679,0.3385,0.0,0.00298,0.0,0.86827,0.091959,0.091959,75.00189,73.51646,0.0,0.0,24.86452,3.641831,0.041782,0.041782,0.0,21.06902,69.07713,0.0,0.0,0,0.0,0.053333,0.0,0.505471,0.139817,0.0,0.069909,0.247447,0.612756,0.0,0.0,2521.691,0.110415,0.378059,0.318471,120.7102,70.41185,73.93288,7.150016,0.789674,0.694129,0.610396,0.571789,0.478881,0.400892,0.465225,0.492727,0.504385,0.637796,0.673509,0.821684
204036,1952-03-16,2022-02-28,69.95756331279945,0.028177833437695678,0.011839561855670103,6.567087330832827,125,1.1065106047190048,Cataract Creek at Sandy Hill(below Snake Cre (204036),South East Coast (NSW),CLARENCE RIVER,No notes,-28.9341,152.2171,-29.01172897,152.1327952,56,238.6,NSW,,1400,2300,2300,Level 3,204002,0,19520316,20220228,0.028177833,66.0,24.39593152,18.83605908,18.34088393,0.32874139,20.93693515,2.599325,3.675788,1.414132,0.499222,0.0,20.351094,1.369631,djf,250.703185,5.389372,jja,0.214011298,0.296078402,391.1050871,0.0,4.704830735,0.625582793,20.7738986,8.662786211,0.01158808,2.05941985,0.524588471,0.072728737,0.440520296,0.011839562,1,4.31026253,18.32328308,13.36363636,206.9482759,134.5344828,0.582165318,0.643072572,0.153171209,-3.707446194,0.53480256,0.251744325,2.126026672,0.47436699,0.111385322,-5.61882989,-4.851791609,2.854019669,0.778429824,0.000236049,237.2732564,-0.821981333,121.6112785,0.233496057,0.477032988,IGNEOUS,1.0,UNCONSOLDTED,0.0,0.0,1.0,0.0,0.0,0.0,0.0,0.0,0.0,21.0,42.0,52.0,0.800000012,48.49094,73.28313,588,1162.958,908.2818,574.958,11.59,40.5932,0.838843,4,0.427847,0.565264,0.014431,0.6511,0.1155,0.1806,0.0528,0.0,0.0,0.0,0.0,0.0,0.0,1.0,0.0,0.0,0.0,0.0002,0.0,0.0,0.0,0.57493,0.0,0.0,3e-05,0.0,4e-05,0.0,0.00045,0.0,0.0,0.30557,0.11673,2e-05,0.00194,0.0,0.42426,1.363425,1.363425,43.58052,32.86118,0.021407,0.021407,54.8776,2.617231,0.157007,0.157007,0.0,62.41255,40.5932,0.0,0.0,0,0.266667,0.0,0.0,0.240807,0.266366,0.0,0.133183,0.417353,0.608805,0.0,0.0,2544.646,0.140553,0.44795,0.338696,114.6489,64.21596,82.28174,6.601387,0.69309,0.629057,0.575519,0.517969,0.44332,0.382364,0.432366,0.466935,0.469204,0.600863,0.64285,0.739975
204037,1971-02-18,2022-02-28,51.030800821355236,0.0072965287837330325,0.03885856347619305,6.851924312223219,125,1.223815558563358,Clouds Creek at Clouds Ck (204037),South East Coast (NSW),CLARENCE RIVER,No notes,-30.0938,152.6282,-30.11108268,152.5692009,56,62.8,NSW,,1400,2300,2300,Level 1,204007,0,19710218,20220228,0.007296529,37.0,10.11311313,10.20847347,7.641764609,0.042920758,6.656092397,3.638815,3.602497,0.990019,0.591205,0.0,17.043142,1.598651,djf,223.772143,5.081445,jja,0.372965747,0.319172575,348.8881529,0.0,5.356433492,0.67491161,20.6220814,13.06908648,0.00275146,2.10359236,0.645504159,0.088634276,0.49673026,0.038858563,1,6.949152542,29.84090909,15.29787234,216.5714286,130.1428571,0.605297703,0.365849551,0.088915173,-4.036235931,0.519831113,0.177122034,1.972787914,0.524193548,0.086812723,-6.507475647,-3.798843031,2.925906376,0.789943084,0.0,317.3051942,-0.826384316,249.5523096,0.182706517,0.475148477,SILICSED,0.9815843,IGNEOUS,0.01841553,0.0,0.01841553,0.9815843,0.0,0.0,0.0,0.0,0.0,36.9,59.7,33.0,2.0,300.0,165.0,589,1063.992,736.0651,474.992,15.82,17.78638,0.91073,3,0.506496,0.322454,0.027211,0.7489,0.1204,0.1019,0.0288,0.0,0.0,0.0,0.0,0.0,0.0,1.0,0.0,0.0,0.0,0.0,0.0,0.0,0.0,0.0,0.0,0.0,0.0,0.0,0.0,0.0,7e-05,0.0,0.0,0.98803,0.01182,0.0,7e-05,0.0,0.99992,0.0,0.0,99.97376,89.95769,0.0,0.0,0.026228,0.026228,0.0,0.0,0.0,8.757551,17.78638,0.0,0.0,0,0.233333,0.08,0.0,0.467571,0.224081,0.011633,0.117857,0.110791,0.22689,0.0,0.0,4780.438,0.157435,0.536268,0.420187,110.8812,58.32143,80.34492,8.507768,0.972722,0.833502,0.79498,0.678345,0.538603,0.465237,0.525865,0.538145,0.554327,0.742001,0.856475,0.996276
204039,1979-03-10,2022-02-28,42.97604380561259,0.03911575460279034,0.22024796128091229,7.522715426018446,125,1.6483599568544052,Maryland River at D/S Wylie Ck (204039),South East Coast (NSW),CLARENCE RIVER,No notes,-28.468,152.1978,-28.56267241,152.0819013,56,385.5,NSW,,1400,2300,2300,Level 3,204002,0,19790310,20220228,0.039115755,51.0,8.735732205,17.99996088,6.774719944,0.012741288,5.150167112,2.256611,3.804339,1.685864,0.484901,0.0,21.169093,1.332767,djf,264.132749,5.849891,jja,0.06982686,0.230825527,252.5712934,0.0,7.300566949,0.216659435,30.49695888,2.501891019,0.0,0.67439066,0.939367364,0.234237221,0.63097527,0.220247961,1,14.30364372,43.456621,43.14285714,207.15625,73.0,0.64764062,0.702373345,0.057708915,-11.4910054,0.576455573,0.260677425,2.705369756,0.462118207,0.047359251,-6.600921177,-5.296410689,3.418692461,0.548332468,8.04e-05,232.2591344,-0.905239483,131.324797,0.096861079,0.488939948,IGNEOUS,0.9426164,SEDVOLC,0.03003019,0.0,0.9426164,0.02735358,0.0,0.0,0.0,0.03003019,0.0,7.0,18.0,86.0,0.800000012,88.63317,84.92645,530,1074.164,791.8207,544.164,7.83,45.78176,0.799931,4,0.481476,0.555827,0.013885,0.5563,0.088,0.225,0.1295,0.0011,0.0001,0.0,0.0,0.0,0.0,1.0,0.0006,0.0,0.0,0.00018,0.0,0.0,2e-05,0.31707,0.0,6e-05,0.00052,0.0,0.0,2e-05,3e-05,0.0,0.0,0.21254,0.45873,0.0,0.01025,0.0,0.68152,0.200121,0.0,97.92772,38.83498,0.004441,0.004441,1.596544,0.862741,0.017792,0.017792,0.226706,57.82515,45.78176,0.0,0.0,0,0.174603,0.0,0.0,0.524193,0.307616,0.008579,0.158097,0.804783,25.00746,0.009426,0.00498,2365.172,0.135932,0.370052,0.250402,108.8064,53.25491,98.43668,6.26159,0.645784,0.589159,0.535633,0.496237,0.439301,0.37403,0.425762,0.442965,0.443879,0.572004,0.597696,0.692377
204041,1960-07-01,2022-02-28,61.66461327857632,0.022776717133596767,0.002044525215810995,8.265472092112134,125,4.164100254177573,Orara River at Bawden Br (204041),South East Coast (NSW),CLARENCE RIVER,No notes,-29.7242,152.8092,-29.99840876,152.9229265,56,1809.8,NSW,,1400,2300,2300,Not nested,,1,19600701,20220228,0.022776717,18.0,33.86355102,14.61038974,25.34183048,0.0,0.0,3.61314,3.899098,1.079144,0.519328,0.0,17.645405,1.586904,djf,234.612876,5.245177,jja,0.45691855,0.345632428,458.8280385,0.0,3.844178914,1.156037027,11.58768135,19.74925301,0.03212854,3.14420507,0.434813681,0.043207633,0.317582917,0.002044525,1,4.707920792,23.61486486,11.25,205.9166667,136.4791667,0.873036834,0.84910079,0.067551749,-2.743272702,0.328354813,0.130124968,1.503728327,0.46282936,0.123013519,-4.772058014,-2.873181508,2.364071021,0.630620034,0.0,277.5925813,-0.809330466,252.1934951,0.310615415,0.396031596,SILICSED,0.7983881,OTHERSED,0.1469977,0.04148736,0.0,0.7983881,0.0,0.1469977,0.0,0.0,0.0,18.0,62.0,69.0,1.165966563,112.7977,104.2715,27,895.5401,165.7398,868.5401,15.26,134.3333,0.89736,5,0.357861,0.168995,0.006538,0.6807,0.0768,0.1167,0.1001,0.0136,0.0053,0.0068,0.0,0.0,0.0,0.31,0.0003,0.0002,0.0,0.0001,0.00018,0.0,0.00022,0.06351,0.0,0.0,0.00012,0.0,2e-05,5e-05,0.00024,3e-05,0.0,0.83142,0.10266,2e-05,0.00095,0.0,0.93505,0.378316,0.378316,82.98795,61.30206,0.097764,0.097764,16.48721,10.77728,0.019309,0.019309,0.0,23.37671,134.3333,0.0,0.0,0,0.122222,0.001724,0.4,0.228761,0.217064,0.105835,0.161449,4.144434,420.7706,0.852049,0.032263,5292.419,0.289878,0.602439,0.228767,87.21385,28.9192,127.6952,6.723018,0.749007,0.665373,0.652531,0.553532,0.443168,0.386646,0.426355,0.41331,0.43489,0.552678,0.67666,0.758086
204046,1969-07-09,2022-02-28,52.643394934976044,0.007125026003744539,0.00806662825415117,9.40851032218055,125,1.9039544717509773,Timbarra River at Drake (204046),South East Coast (NSW),CLARENCE RIVER,No notes,-29.0573,152.3849,-29.30368712,152.2082756,56,1714.6,NSW,,1400,2300,2300,Level 1,204007,0,19690709,20220228,0.007125026,53.0,32.51041096,14.32078457,24.81083392,0.202829207,14.99814461,2.75144,3.690088,1.341148,0.558898,0.0,19.101623,1.413839,djf,240.024254,5.287525,jja,0.238861398,0.359987098,196.5693404,0.0,4.256795017,0.505788655,18.46749503,4.635575332,0.01410933,1.68243699,0.481370948,0.069404431,0.398145723,0.008066628,1,6.495098039,22.55489614,38.5,223.173913,141.3695652,0.700660409,0.787016069,0.118779089,-3.481564265,0.390820328,0.18285486,1.920479531,0.396194101,0.078544156,-5.591689362,-3.89714439,2.981696448,0.744441762,5.56e-05,245.8663343,-0.862254323,178.9048009,0.180132108,0.436036403,IGNEOUS,0.8011522,SILICSED,0.1917504,0.001388,0.8011522,0.1917504,0.0,0.0,0.0,0.00570681,0.0,39.0,42.0,29.0,1.70340871,247.4839,209.6462,219,1508.193,793.5451,1289.193,23.16,123.9456,0.930597,6,0.37811,0.452917,0.010539,0.8004,0.0837,0.0865,0.0287,0.0007,0.0,0.0,0.0,0.0,0.0,1.0,0.0004,0.0,0.0,0.0,0.0,0.0,3e-05,0.05801,0.0,0.0,0.00099,0.0,6e-05,2e-05,0.00012,0.0,0.0,0.73616,0.20258,1e-05,0.00161,0.0,0.94036,0.582449,0.582449,72.13634,61.88861,0.208601,0.208601,21.36346,11.67685,5.45263,5.45263,0.0,13.35176,123.9456,0.0,0.0,0,0.044444,0.0,0.0,0.300781,0.149135,0.0,0.074567,0.20199,1.991328,0.009513,0.0,2962.728,0.143109,0.434026,0.328249,111.6262,59.33729,86.72711,7.680295,0.832245,0.752658,0.688577,0.619664,0.520898,0.442433,0.501593,0.517573,0.504903,0.672782,0.738568,0.878194
204051,1976-03-28,2022-02-28,45.92470910335387,0.011863598426135687,0.03770739064856712,6.235846918069742,125,2.002497165898493,Clarence River at Paddys Flat (204051),South East Coast (NSW),CLARENCE RIVER,No notes,-28.7211,152.4174,-28.63757293,152.285436,56,3116.8,NSW,,1400,2300,2300,Level 2,204002,0,19760328,20220228,0.011863598,49.0,69.64153463,8.364425786,54.13169763,0.131155359,16.18018576,2.589557,3.837827,1.48204,0.54243,0.0,19.209491,1.39582,djf,244.743478,5.533943,jja,0.094309047,0.242687086,278.1806533,0.0,5.968898264,0.328275434,22.3855872,3.839415577,0.00038809,0.98815484,0.742596068,0.112518854,0.548959276,0.037707391,1,6.757246377,33.82527881,34.72222222,209.0,122.7317073,0.718252617,0.756963827,0.137222391,-4.873226022,0.518105229,0.217632209,1.845936229,0.389465875,0.05526402,-6.744927485,-5.371944151,3.237157803,0.626171977,0.0,248.9513272,-0.917851911,154.5978532,0.128605262,0.429718183,IGNEOUS,0.6031656,SILICSED,0.2425342,0.01418978,0.6031656,0.2425342,0.0,0.1348711,0.0,0.00523824,0.0,16.625,43.875,71.125,0.959148943,136.7166,109.9012,170,1275.332,636.8831,1105.332,16.43,107.8543,0.888033,5,0.584035,0.418434,0.010179,0.7135,0.1014,0.1239,0.0555,0.0054,0.0003,0.0,0.0,0.0,0.0,1.0,0.0001,0.0,0.0,0.00017,0.00015,0.0,0.00115,0.18532,0.0,0.0,0.00038,0.0,1e-05,1e-05,8e-05,0.0,0.0,0.5395,0.26963,0.0,0.00356,0.0,0.81269,0.283464,0.243201,91.00348,56.19488,0.180784,0.180784,7.900528,3.541772,0.454779,0.454779,0.092652,35.60488,107.8543,0.0,0.0,0,0.218182,0.034783,0.0,0.324363,0.224986,0.003255,0.114121,0.710238,348.2047,0.079438,0.001523,2859.155,0.178115,0.453159,0.263007,102.2673,46.0579,106.001,7.107973,0.743539,0.699023,0.6629,0.586117,0.505633,0.427138,0.479661,0.470487,0.439292,0.611271,0.678722,0.794561
204056,1975-05-25,2022-02-28,46.76796714579056,0.0033368458025992273,0.0021732745961820852,6.766728000927289,125,1.730974485965618,Dandahra Creek at Gibraltar Range (204056),South East Coast (NSW),CLARENCE RIVER,No notes,-29.4864,152.4456,-29.52728059,152.356559,56,112.4,NSW,,1400,2300,2300,Level 1,204007,0,19750525,20220228,0.003336846,58.0,20.48134423,10.40732253,15.0694121,0.070249385,6.461975348,3.153263,3.638532,1.153894,0.571927,0.0,18.661162,1.492451,djf,240.842253,5.342572,jja,1.158065266,0.380012556,535.9811342,0.0,3.663701914,1.736154295,17.00459914,40.45916365,0.08606115,5.83448467,0.442248012,0.061262849,0.344787078,0.002173275,1,4.806451613,17.5748503,18.5,219.4888889,160.0888889,0.710891423,0.657349022,0.088150094,-3.148825864,0.396535681,0.187547969,1.916030622,0.486261261,0.265266799,-5.406381934,-3.387736263,2.342758358,0.771503266,0.0,128.9009994,-0.861467472,127.5097862,0.548315094,0.48378533,IGNEOUS,0.8551839,UNCONSOLDTED,0.0,0.0,0.8551839,0.0,0.0,0.0,0.0,0.0,0.0,18.0,62.0,69.0,1.621073173,210.6826,173.6602,103,1179.894,818.4551,1076.894,21.42,23.86162,0.996059,4,0.495599,0.673753,0.046429,0.7684,0.1007,0.1068,0.0241,0.0,0.0,0.0,0.0,0.0,0.0,1.0,0.0,0.0,0.0,0.0,0.0,0.0,4e-05,0.0,0.0,0.0,4e-05,0.0,0.0002,0.0,0.00116,0.00012,8e-05,0.50136,0.48172,0.0,0.01527,0.0,0.99835,23.69142,23.69142,57.46175,53.7798,8.828793,8.828793,9.987406,9.987406,0.030604,0.030604,0.0,1.408416,23.86162,0.0,0.0,0,0.333333,0.0,0.0,0.160976,0.026635,0.0,0.013317,0.145094,0.15241,0.0,0.0,3766.325,0.145943,0.485253,0.397214,112.5875,61.1482,80.79952,8.182304,0.91528,0.817547,0.759512,0.673444,0.548344,0.468318,0.526171,0.528166,0.506748,0.692015,0.782969,0.952072
204906,1972-11-16,2022-02-28,49.28678986995209,0.008610154427285858,0.0,5.217995956454202,125,2.152912900474535,Orara River at Glenreagh (204906),South East Coast (NSW),CLARENCE RIVER,No notes,-30.07,152.98,-30.21400842,153.0161086,56,432.2,NSW,,1400,2300,2300,Level 1,204041,1,19721116,20220228,0.008610154,57.0,21.71823116,21.46086123,15.47796866,0.0,0.0,4.479119,3.83218,0.855566,0.483405,0.0,17.888108,1.621842,djf,232.554395,5.12297,jja,0.529333778,0.258907835,495.469128,0.02318978,4.392178479,1.505044479,11.74682104,43.69770509,0.03738356,4.38067369,0.488846062,0.076875665,0.480472909,0.0,1,5.532258065,33.89328063,0.0,201.9565217,125.4347826,0.70832082,0.621141119,0.084439936,-3.502832524,0.518755724,0.198917149,1.369135304,0.449234393,0.1415696,-7.605674058,-4.455437615,2.100156445,0.718041244,0.0,355.3174471,-0.914524066,291.1815245,0.327802759,0.43187434,SILICSED,0.9404784,UNCONSOLDTED,0.04924181,0.04924181,0.0,0.9404784,0.0,0.0102809,0.0,0.0,0.0,28.71428,52.25,42.14286,1.378210111,205.5766,138.3941,81,895.5401,218.7375,814.5401,19.54,52.78315,0.945635,5,0.444168,0.191653,0.015862,0.7287,0.0718,0.0946,0.0788,0.0213,0.0048,0.0,0.0,0.0,0.0,1.0,0.0,0.0007,0.0,2e-05,0.00067,0.0,0.00017,0.0631,0.0,0.0,0.00034,0.0,0.0,0.0,2e-05,2e-05,0.0,0.92528,0.0096,0.0,8e-05,0.0,0.93496,0.027109,0.027109,99.67119,65.82793,0.01162,0.01162,0.17412,0.17412,0.07731,0.07731,0.0,29.17705,52.78315,0.0,0.0,0,0.257143,0.068571,0.0,0.284886,0.260467,0.155886,0.208177,8.268095,420.7706,1.0,0.104726,7543.011,0.292683,0.67012,0.271296,83.8912,24.7282,119.0284,9.431149,1.072034,0.947543,0.939767,0.757195,0.587161,0.515617,0.575634,0.575464,0.624762,0.780027,0.975575,1.063938
206009,1954-01-22,2022-02-28,68.10403832991102,0.010814070351758794,0.002600991628058197,25.2731584231731,125,1.5237107370243947,Tia River at Tia (206009),South East Coast (NSW),MACLEAY RIVER,No notes,-31.1878,151.8291,-31.25974838,151.7575451,56,262.2,NSW,,1400,2300,2300,Not nested,,0,19540122,20220228,0.01081407,66.0,11.35866698,13.42063816,8.723959734,0.024120603,1.895178965,2.596836,3.38945,1.305223,0.371218,0.000233,18.966788,1.35517,djf,235.853358,4.825823,jja,0.15604152,0.43461297,121.4255764,0.0,2.703595526,0.515864031,13.79306587,1.945153744,0.02899881,1.65490908,0.42792119,0.039096155,0.269934162,0.002600992,1,3.103225806,13.02352941,64.0,187.375,146.5625,0.691843962,0.710833661,0.105558252,-3.079192603,0.384413401,0.203948998,1.346957894,0.476124948,0.106333458,-4.472811981,-3.911367934,2.49319666,0.566916481,0.004134763,245.9114625,-0.829785245,185.7361323,0.197260815,0.539050077,IGNEOUS,0.4668018,METAMORPH,0.4148386,0.0,0.4668018,0.1183599,0.0,0.0,0.4148386,0.0,0.0,18.0,42.0,69.0,1.244741748,223.8344,157.0843,1042,1430.642,1203.395,388.642,12.04,31.8431,0.916234,4,0.57756,0.412821,0.012154,0.6834,0.1287,0.1387,0.049,0.0002,0.0,0.0,0.0,0.0,0.0,0.92,0.0,0.0,0.0,0.0,0.0,0.0,0.00032,0.69015,0.0,0.0,0.0,0.0,0.0,0.0,0.0,0.0,0.0,0.28859,0.02095,0.0,0.0,0.0,0.30954,0.0,0.0,23.95846,13.50887,0.0,0.0,76.04155,3.966614,0.0,0.0,0.0,68.70148,31.8431,0.0,0.0,0,0.345454,0.059259,0.0,0.720944,0.339324,0.002,0.170662,0.22995,0.484834,0.0,0.0,2192.258,0.07336,0.384598,0.443395,129.9031,80.52706,59.17647,6.064992,0.665821,0.554639,0.527154,0.453322,0.362655,0.312124,0.345695,0.438337,0.506224,0.595029,0.636521,0.660754
206014,1954-06-24,2022-02-28,67.68514715947981,0.011730442520831648,0.04821545514079895,4.392969407365621,125,1.1619539831154542,Wollomombi River at Coninside (206014),South East Coast (NSW),MACLEAY RIVER,No notes,-30.476389,152.028333,-30.34736604,151.9331286,56,369.9,NSW,,1400,2300,2300,Not nested,,0,19540624,20220228,0.011730443,51.0,59.48696591,14.12585127,42.90959681,0.00808996,2.108493108,2.12308,3.511547,1.653988,0.535689,2.6e-05,20.306149,1.397032,djf,255.835903,5.641427,jja,0.033508008,0.153156726,146.8377226,0.0,5.958238888,0.234240145,19.56388314,1.947863316,0.00023358,0.67924088,0.675203823,0.103143418,0.586321218,0.048215455,1,4.666666667,22.73809524,21.41818182,211.8548387,122.7096774,0.550484773,0.54404606,0.221267864,-4.200662309,0.71836281,0.286903016,1.98964492,0.463042758,0.064811087,-7.523677104,-6.616331855,3.594891123,0.804091116,0.002023849,210.8651575,-0.877755218,112.2520883,0.108231298,0.598820195,SILICSED,0.578292,IGNEOUS,0.4211877,0.0,0.4211877,0.578292,0.0,0.00052137,0.0,0.0,0.0,20.36364,40.40909,53.54545,0.786599153,95.34284,84.13241,962,1471.594,1168.02,509.594,9.45,60.53979,0.909508,5,0.364895,0.503022,0.01009,0.6078,0.1165,0.1754,0.09,0.0103,0.0,0.0,0.0,0.0,0.0,1.0,0.0,0.0,0.0,0.0,0.0,0.0,0.0001,0.78929,0.0,0.0,0.00108,0.0,0.0,0.0,0.0,0.0,0.0,0.0147,0.19311,0.0,0.00172,0.0,0.20953,0.0,0.0,7.145449,7.145449,0.665312,0.665312,92.18929,6.689812,0.0,0.0,0.0,85.49955,60.53979,0.0,0.0,0,0.066667,0.009639,0.0,0.702713,0.370424,0.000215,0.18532,0.426926,1.765776,0.007308,0.0,1997.996,0.068965,0.315725,0.3237,128.9816,79.69161,57.57971,4.639017,0.537188,0.454161,0.401582,0.353617,0.286091,0.232222,0.255171,0.300222,0.354133,0.43314,0.48049,0.543952
206018,1960-03-30,2022-02-28,61.9192334017796,0.005792359391581181,0.07333778074271737,5.1941439656455,125,0.9329203337867132,Apsley River at Apsley Falls (206018),South East Coast (NSW),MACLEAY RIVER,No notes,-31.049722,151.766111,-30.99995485,151.6331477,56,862.9,NSW,,1400,2300,2300,Not nested,,0,19600330,20220228,0.005792359,33.0,12.04715282,14.83045132,8.596217453,0.013264945,2.724422424,2.152941,3.465862,1.609827,0.380702,0.000406,21.124148,1.286966,djf,260.015788,5.618881,mam,0.030051418,0.137741848,67.37918369,0.0,5.820924192,0.142683008,19.37802573,0.689808279,0.0,0.48041164,0.832410344,0.128885924,0.632288192,0.073337781,1,6.355263158,29.13319672,26.17460317,208.9830508,90.50847458,0.476136918,0.633907883,0.222521239,-4.756918454,0.760751027,0.295024231,2.135016613,0.416904422,0.044274818,-9.036984113,-8.388950025,3.352150796,0.667355107,0.007614862,259.7019182,-0.927211803,150.0565386,0.065227914,0.678771033,SILICSED,0.5435802,IGNEOUS,0.2107127,0.0,0.2107127,0.5435802,0.0,0.0,0.2065813,0.03912685,0.0,21.0,42.0,52.0,0.953782472,127.6282,91.10574,1006,1329.94,1127.338,323.94,6.45,69.31256,0.872699,5,0.475352,0.370991,0.004647,0.5167,0.0784,0.1944,0.192,0.017,0.0015,0.0,0.0,0.0,0.0,1.0,0.0,0.0004,0.0,0.0,0.0,0.0,0.00194,0.92223,0.0,0.0,0.00096,0.0,0.0,0.0,1e-05,0.0,0.0,0.00425,0.06592,0.0,0.00175,0.0025,0.07192,0.0,0.0,5.764674,2.735638,0.021375,0.021375,94.21398,2.769959,0.0,0.0,0.0,94.47305,69.31256,0.0,0.0,0,0.0,0.0,0.0,0.375,0.378455,0.201165,0.28981,2.51685,569.8833,0.006138,0.005827,1755.706,0.070703,0.305133,0.333049,133.134,81.76469,64.86417,5.020227,0.541167,0.457475,0.381815,0.358443,0.306247,0.262927,0.297045,0.370961,0.43453,0.515663,0.528397,0.559998
206025,1972-12-31,2022-02-28,49.163586584531146,0.013699392994375453,0.19750437581164249,4.18336423056721,125,1.0277368173362675,Salisbury Waters River at near Dangar Falls (206025),South East Coast (NSW),MACLEAY RIVER,No notes,-30.681,151.7133,-30.67816839,151.5584849,56,648.7,NSW,,1400,2300,2300,Not nested,,0,19721231,20220228,0.013699393,23.0,17.98340856,31.98224372,12.88636967,0.072395166,17.40158896,2.104468,3.564665,1.693855,0.371417,0.000203,21.717422,1.264921,djf,267.575536,5.848134,mam,0.022496212,0.084472863,79.54324405,0.0,8.41878968,0.115659334,23.90623998,0.948114293,0.0,0.29900571,0.972586426,0.212862063,0.772853029,0.197504376,1,14.11985019,52.44444444,30.95575221,223.0204082,62.26530612,0.459972522,0.583072916,0.21404822,-8.363122073,0.854492201,0.276854558,2.329696346,0.456813221,0.034964191,-10.63035202,-9.550407163,4.750956083,0.7814281,0.002755174,255.0347369,-0.939869136,97.25296898,0.055291341,0.632362876,SILICSED,0.6006306,IGNEOUS,0.3680838,0.0075644,0.3680838,0.6006306,0.0,0.02372106,0.0,0.0,0.0,15.5,45.33333,71.83334,0.799307513,34.38324,76.91554,972,1264.856,1053.312,292.856,4.49,55.74437,0.750862,5,0.517159,0.610639,0.009746,0.4388,0.0393,0.1865,0.2602,0.0515,0.0213,0.0024,0.0,0.0,0.0,1.0,0.0,0.0014,0.0,0.0,0.0,0.0,0.00292,0.97122,0.0,0.00035,0.00105,0.0,0.0,5e-05,0.00028,0.0,0.0,0.00021,0.01861,2e-05,0.00391,0.0,0.02275,0.0,0.0,9.909186,1.617227,0.012749,0.012749,90.07806,1.608976,0.0,0.0,0.0,96.76103,54.43572,0.0,0.0,0,0.026667,0.0,0.0,0.483246,0.396945,0.288771,0.342858,2.25137,24.52117,0.652242,0.047447,1678.414,0.08194,0.29714,0.296187,127.2839,76.49896,73.43871,4.450685,0.473484,0.400898,0.315633,0.310825,0.273371,0.235909,0.267904,0.331557,0.40013,0.476673,0.470117,0.489343
207004,1972-08-31,2022-02-28,49.497604380561256,0.012777255379169202,0.0034177498879426264,7.202778721215819,125,1.61862274282291,Hastings River at Ellenborough (Kindee Bridg (207004),South East Coast (NSW),HASTINGS RIVER,No notes,-31.4241,152.4697,-31.39054997,152.270615,56,1580.9,NSW,,1400,2300,2300,Not nested,,2,19720831,20220228,0.012777255,113.0,30.76721844,43.21861814,22.99311203,0.055312794,4.973509981,3.642816,3.600582,0.988406,0.502976,0.0,17.609449,1.543735,djf,225.587921,4.773825,jja,0.469322062,0.317272753,380.0061345,0.0,3.9090871,1.071001399,13.37439725,17.52793569,0.04530757,3.36254323,0.436389583,0.065889736,0.39119229,0.00341775,1,5.369863014,22.81699346,61.0,219.8372093,168.0232558,0.693070923,0.762448083,0.083660823,-3.124196299,0.448589102,0.203949672,1.624910942,0.431346283,0.138057876,-5.982669785,-4.418499164,2.59553169,0.651772085,0.0,276.9272388,-0.840482973,280.0659925,0.283467243,0.487032909,SILICSED,0.4292757,IGNEOUS,0.2706153,0.00272747,0.2706153,0.4292757,0.0,0.0,0.1637173,0.1336655,0.0,27.0625,31.83333,47.0,1.208515911,160.8799,158.1519,53,1243.789,536.1295,1190.789,27.85,88.73734,0.923838,5,0.50629,0.407413,0.013458,0.8528,0.0708,0.0579,0.0178,0.0007,0.0,0.0,0.0,0.0,0.0,1.0,0.0,0.0,0.0,0.00011,0.00012,0.0,0.0012,0.05085,0.0,0.0,0.00103,0.0,0.0,0.0,0.0,1e-05,0.0,0.89072,0.05579,1e-05,0.00011,0.0,0.94663,0.165693,0.165693,98.02386,76.67134,0.187692,0.187692,0.408753,0.408753,1.213989,1.213989,0.0,20.9174,88.73734,0.0,0.0,0,0.245283,0.042105,0.0,0.467892,0.147388,0.0,0.073694,0.469,3.284318,0.12469,0.0,4435.316,0.214576,0.612308,0.361348,98.81028,42.74863,94.32473,8.631224,0.972171,0.843747,0.818502,0.671336,0.53094,0.466548,0.518068,0.54101,0.631702,0.759838,0.910552,0.95257
207013,1975-06-08,2022-02-28,46.729637234770706,0.013241153034919148,0.004453152832205202,4.135817791329759,125,1.1928636531111232,Ellenborough River at D/S Bunnoo R Junction (207013),South East Coast (NSW),HASTINGS RIVER,No notes,-31.481,152.4478,-31.54802027,152.3099282,56,497.6,NSW,,1400,2300,2300,Level 1,207004,0,19750608,20220228,0.013241153,48.0,52.36529215,8.492223409,38.40012721,0.023337223,3.700079627,3.773581,3.618987,0.959033,0.47746,0.0,18.040921,1.525076,djf,234.03758,4.862906,jja,0.397716,0.310734306,528.482503,0.0,4.557877799,0.940538406,18.38525662,18.37716113,0.0463606,2.92387224,0.405658348,0.06157226,0.375727348,0.004453153,1,4.338912134,20.02531646,75.0,213.3488372,170.1860465,0.601236829,0.553673533,0.091719214,-2.763152485,0.544343756,0.21121744,1.626175422,0.461136364,0.119322647,-6.270764841,-3.871441011,2.405596196,0.662970673,0.0,318.3755065,-0.827938817,308.1896234,0.243338011,0.490357618,SILICSED,0.3808879,SEDVOLC,0.3084536,0.0,0.138837,0.3808879,0.0,0.0,0.1718222,0.3084536,0.0,21.0,21.0,52.0,1.295387572,181.2316,167.7891,72,962.8257,446.718,890.8257,24.28,63.06313,0.967811,4,0.401154,0.425357,0.014242,0.825,0.0894,0.0701,0.0153,0.0002,0.0,0.0,0.0,0.0,0.0,1.0,0.0,0.0,0.0,0.00026,8e-05,0.0,0.00014,0.05801,0.0,0.0,0.00013,0.0,0.0,0.0,0.0,0.0,0.0,0.92192,0.01942,0.0,1e-05,0.0,0.94135,0.016391,0.016391,99.65269,66.27404,0.0,0.0,0.0,0.0,0.330908,0.330908,0.0,32.88403,63.06313,0.0,0.0,0,0.126984,0.011594,0.0,0.409867,0.197591,0.0,0.098795,0.965479,3.284318,0.355257,0.0,5181.788,0.232591,0.639611,0.342147,94.98306,38.03789,99.10596,8.346836,0.930369,0.807328,0.797024,0.640955,0.503209,0.444298,0.493221,0.539753,0.624762,0.753829,0.8879,0.911164
207014,1984-05-13,2022-02-28,37.79876796714579,0.007822685788787484,0.018250839538618776,2.924205399806976,125,1.3349515633405882,Wilson River at Avenel (207014),South East Coast (NSW),HASTINGS RIVER,No notes,-31.3326,152.7404,-31.23246732,152.6026128,56,508.8,NSW,,1400,2300,2300,Not nested,,0,19840513,20220228,0.007822686,43.0,33.19468264,14.10414901,24.9959292,0.065189048,7.309991565,3.677149,3.741057,1.01738,0.48005,0.0,18.751052,1.586312,djf,243.476029,5.508643,jja,0.534191514,0.193996108,387.8978039,0.0,5.154283319,1.252667665,13.23779115,41.68773587,0.00679219,3.72771383,0.623972943,0.101693678,0.568842167,0.01825084,1,5.927659574,32.7394958,50.0,219.1142857,144.2571429,0.588115421,0.447943608,0.122728297,-4.145060731,0.654432668,0.252773665,1.647378331,0.486119874,0.158472813,-8.315820712,-6.894592835,2.271844123,0.797834322,0.0,272.3048845,-0.909326406,183.4752775,0.342700503,0.462423638,SILICSED,0.8208729,IGNEOUS,0.1390838,0.04004374,0.1390838,0.8208729,0.0,0.0,0.0,0.0,0.0,26.9375,48.1875,58.375,0.999606206,118.5451,149.3193,9,1222.761,249.0862,1213.761,23.32,54.50403,1.033617,4,0.466813,0.197745,0.022268,0.7884,0.0685,0.0752,0.0515,0.014,0.0024,0.0,0.0,0.0,0.0,0.88,0.0,0.0,0.0,0.00025,0.00215,0.0,0.00025,0.09958,0.0,0.0,0.00021,0.0,0.0,0.0,0.0,0.0,0.0,0.88125,0.01624,0.0,2e-05,0.0,0.89751,0.0,0.0,98.36208,79.79586,0.016232,0.016232,0.006495,0.006495,1.615203,1.615203,0.0,18.26734,54.50403,0.0,0.0,0,0.4,0.24,0.8,0.365185,0.169674,0.005837,0.087755,1.592637,7.561557,0.29677,0.0,5174.443,0.270666,0.662833,0.287048,87.75175,27.69081,113.0301,8.047703,0.915466,0.785341,0.776326,0.63372,0.500823,0.443862,0.486769,0.494878,0.552186,0.702393,0.844423,0.899238
207015,1984-06-02,2022-02-28,37.74401095140315,0.0,0.001813433918468011,8.550348050122382,125,1.7802408631634532,Hastings River at Mount Seaview (207015),South East Coast (NSW),HASTINGS RIVER,No notes,-31.3714,152.2442,-31.26469901,152.1686152,56,349.1,NSW,,1400,2300,2300,Level 1,207004,0,19840602,20220228,0.0,15.0,71.11422276,7.995333689,54.66022226,0.116059771,10.48951394,3.434124,3.508522,1.021664,0.518019,0.0,17.708328,1.528317,djf,223.646297,4.73995,jja,0.491303197,0.370914004,350.5619983,0.0,4.083255891,0.978654301,18.15930443,15.96878275,0.04256889,3.09049366,0.455300632,0.061221529,0.368054548,0.001813434,1,5.552631579,19.21969697,12.5,214.3947368,155.3684211,0.691311902,0.707638473,0.080567439,-3.367001577,0.384532242,0.181826249,1.868966985,0.458927553,0.136075687,-5.11266672,-3.94624462,2.881247205,0.536847533,0.0,250.4187045,-0.850273032,268.7529134,0.272463427,0.49942735,METAMORPH,0.4017104,IGNEOUS,0.3744705,0.0,0.3744705,0.2048474,0.0,0.0,0.4017104,0.01897249,0.0,24.0,57.0,62.75,1.101041198,179.2492,159.8688,173,1207.519,779.4907,1034.519,30.24,43.89156,0.885691,4,0.482263,0.591251,0.023858,0.8567,0.069,0.0581,0.0152,0.001,0.0,0.0,0.0,0.0,0.0,1.0,0.0,0.0,0.0,0.0,0.0,0.0,0.00205,0.0065,0.0,0.0,0.00245,0.0,0.0,0.0,3e-05,0.0,0.0,0.89462,0.09422,0.0,0.00017,0.0,0.98901,0.619915,0.619915,92.9122,87.42046,0.737496,0.737496,1.662816,1.662816,4.067565,4.067565,0.0,4.373796,43.89156,0.0,0.0,0,0.133333,0.0,0.0,0.235549,0.051716,0.0,0.025858,0.132815,0.155121,0.0,0.0,3439.539,0.159323,0.543965,0.41641,109.4519,56.09388,79.82104,8.358264,0.942421,0.812312,0.776994,0.650465,0.517675,0.453069,0.507348,0.530579,0.624012,0.734866,0.873154,0.921928
208003,1950-01-01,2022-02-28,72.1615331964408,0.014455362901695945,0.0010779180782260547,8.45665936197366,125,2.3841244024220116,Gloucester River at Doon Ayre (208003),South East Coast (NSW),MANNING RIVER,No notes,-31.8981,152.0956,-31.99894182,151.7901732,56,1629.7,NSW,,1400,2300,2300,Level 1,208004,0,19500101,20220228,0.014455363,67.0,29.78632271,6.473579499,21.80573933,0.113821755,7.094430106,2.99504,3.587958,1.197967,0.396397,0.0,18.490371,1.481988,djf,234.388151,4.953457,jja,0.350392521,0.332780992,340.6441326,0.0,3.321046208,0.920422012,13.01168592,9.343806352,0.03822329,2.97378929,0.420204458,0.052740992,0.291268864,0.001077918,1,4.13897281,17.39310345,28.0,212.779661,161.5084746,0.751960247,0.758810404,0.103623712,-2.746530983,0.38269265,0.183889792,0.910199997,0.430586823,0.160321909,-5.591137918,-4.520746312,1.996313089,0.719830927,0.0,254.4993682,-0.900390573,156.9758529,0.300779354,0.533021655,SILICSED,0.5755206,SEDVOLC,0.2502947,0.03780292,0.1029608,0.5755206,0.0,0.03342437,0.0,0.2502947,0.0,20.30769,30.84616,55.92308,1.133166144,139.992,143.6044,82,1585.4,479.6229,1503.4,25.66,121.4011,0.897368,5,0.375898,0.283814,0.012718,0.8084,0.0629,0.0732,0.0398,0.0111,0.0046,0.0,0.0,0.0,0.0,0.95,0.0019,0.0002,0.0,0.00134,0.00415,0.0,0.00051,0.31336,0.0,0.0,0.00018,0.0,9e-05,5e-05,0.00028,0.0,0.0,0.62201,0.05364,5e-05,0.00073,0.0015,0.67643,0.432627,0.432627,96.57943,53.049,0.145302,0.145302,2.831611,2.831611,0.011024,0.011024,0.0,43.43666,121.4011,0.0,0.0,0,0.133333,0.042105,0.0,0.697684,0.202275,0.029085,0.11568,2.67407,1131.614,0.379084,0.00581,3190.929,0.195717,0.526521,0.318913,100.0188,44.86012,100.0167,8.099075,0.873995,0.779989,0.7504,0.62446,0.507134,0.441686,0.488091,0.574026,0.639567,0.739006,0.829171,0.838841
208004,1950-01-01,2022-02-28,72.1615331964408,0.03228743787229199,0.0005096839959225281,20.26182223081604,125,2.780241955894646,Manning River at Killawarra (208004),South East Coast (NSW),MANNING RIVER,No notes,-31.92,152.31,-31.72716283,151.7793326,56,6631.4,NSW,,1400,2300,2300,Not nested,,3,19500101,20220228,0.032287438,30.0,29.66136316,6.024774538,20.55531368,0.037940585,3.221324116,2.805118,3.574195,1.274169,0.407456,0.0,17.744284,1.474235,djf,228.805983,4.827233,jja,0.364119429,0.320797125,280.7356486,0.0,3.752983155,0.729180925,12.49069655,7.488999965,0.02571917,2.29740994,0.43149625,0.057045401,0.348976711,0.000509684,1,5.196428571,20.32191781,13.0,203.1754386,156.3333333,0.80632201,0.77861342,0.104269404,-2.827634988,0.364555595,0.178659845,1.196721143,0.39885783,0.127433642,-5.419671731,-4.481037025,2.294410931,0.682078519,0.0,255.0304554,-0.879846612,163.8308843,0.254451552,0.500816918,SILICSED,0.5287058,METAMORPH,0.1833982,0.01191036,0.1580576,0.5287058,0.0,0.00933274,0.1833982,0.1063088,0.0,39.0,45.5,29.0,1.332233846,224.5001,154.9148,18,1585.4,597.6954,1567.4,27.48,197.1056,0.922047,6,0.466746,0.370691,0.007963,0.854,0.0637,0.0558,0.0217,0.0035,0.0013,0.0,0.0,0.0,0.0,1.0,0.0005,0.0,0.0,0.00033,0.00105,0.0,0.00028,0.15417,0.0,0.0,0.00136,0.0,0.0,5e-05,0.0001,0.0,0.0,0.68336,0.15675,3e-05,0.00163,0.0004,0.84177,0.127727,0.127727,96.83228,63.69401,0.220485,0.220485,2.681661,1.598858,0.13784,0.13784,0.0,32.93271,197.1056,0.0,0.0,0,0.0,0.0,0.0,0.5,0.187169,0.009506,0.098338,1.056367,1131.614,0.180648,0.00266,2889.488,0.17006,0.487398,0.327757,102.8089,47.58869,94.87387,7.81926,0.845723,0.751107,0.71126,0.602096,0.493857,0.429982,0.4797,0.551502,0.620086,0.71289,0.794557,0.814426
208005,1950-01-01,2022-02-28,72.1615331964408,0.018401183746253366,0.0045995670995671,18.145203533970587,125,2.7601206731624517,Nowendoc River at Rocks Crossing (208005),South East Coast (NSW),MANNING RIVER,No notes,-31.779,152.0746,-31.51151065,151.9095664,56,1894.0,NSW,,1400,2300,2300,Level 1,208004,1,19500101,20220228,0.018401184,60.0,94.01732098,12.95177181,71.41924267,0.50840384,20.14285751,2.823296,3.558963,1.26057,0.455334,0.0,17.735295,1.472388,djf,230.576816,4.83525,jja,0.228073194,0.339316659,244.0604411,0.0,3.578980738,0.675246591,10.89542915,5.840412513,0.02472442,2.20298263,0.445428813,0.065012369,0.39575603,0.004599567,1,6.094202899,22.80400891,59.5,204.7704918,159.0491803,0.821468747,0.798516058,0.091574655,-3.150072331,0.357580584,0.174251253,1.642928277,0.38090379,0.113041326,-5.840671013,-4.397469288,2.414568896,0.611514517,0.0,247.2471697,-0.825186476,202.6897878,0.233738808,0.483622411,SILICSED,0.5933723,METAMORPH,0.2662553,0.00108686,0.103786,0.5933723,0.0,0.0,0.2662553,0.03549977,0.0,39.6,42.0,32.0,1.501706185,267.0564,169.4015,113,1435.919,655.3539,1322.919,27.3,103.5339,0.931448,6,0.474564,0.431406,0.013259,0.8768,0.0662,0.0452,0.0114,0.0004,0.0,0.0,0.0,0.0,0.0,1.0,0.0,0.0,0.0,0.0,0.0,0.0,4e-05,0.07548,0.0,0.0,0.00037,0.0,0.0,1e-05,0.0,0.0,0.0,0.83194,0.09195,0.0,0.00017,0.0,0.92406,0.012172,0.012172,99.48277,75.02293,0.04607,0.04607,0.326198,0.320108,0.132798,0.132798,0.0,22.54972,103.5339,0.0,0.0,0,0.32,0.053333,0.0,0.333937,0.153983,0.0,0.076991,0.260053,1.097146,0.03949,0.0,2917.279,0.168976,0.507787,0.349123,103.3802,48.61106,90.92748,8.122695,0.901852,0.7939,0.760054,0.6347,0.514119,0.447184,0.498308,0.540528,0.614995,0.726441,0.827804,0.84934
208007,1950-01-01,2022-02-28,72.1615331964408,0.020487915923663544,0.0017817717008172908,25.99562581467992,125,2.4085289877470797,Nowendoc River at Nowendoc (208007),South East Coast (NSW),MANNING RIVER,No notes,-31.516389,151.716389,-31.42930542,151.6558062,56,222.2,NSW,,1400,2300,2300,Level 2,208005,0,19500101,20220228,0.020487916,37.0,14.85084028,22.16584582,10.99191137,0.011382176,0.999933147,2.625868,3.445092,1.311982,0.3564,0.000145,18.301602,1.365526,djf,233.255537,4.771791,jja,0.249671784,0.461840273,274.6586787,0.0,2.76919218,0.774184001,12.72465125,4.596154062,0.05249325,2.47690369,0.403778986,0.040942015,0.252662974,0.001781772,1,4.065384615,14.69144144,23.0,182.0967742,162.4516129,0.795409947,0.814818444,0.075601192,-2.934182276,0.315101051,0.170197806,1.448150902,0.470761093,0.150134193,-4.55853777,-3.656955891,2.382549548,0.619794875,0.001271571,219.3056875,-0.840181018,137.046072,0.291968742,0.514213242,IGNEOUS,0.3234135,SEDVOLC,0.2992385,0.00931364,0.3234135,0.08548321,0.0,0.0,0.2825508,0.2992385,0.0,16.9,39.0,70.7,1.351380242,276.5758,184.1158,850,1435.919,1015.883,585.919,13.07,29.86886,0.880081,4,0.561935,0.299754,0.020082,0.6943,0.1285,0.1199,0.0538,0.0035,0.0,0.0,0.0,0.0,0.0,0.62,0.0,0.0,0.0,0.0,0.0,0.0,0.00012,0.31016,0.0,0.0,0.00057,0.0,0.0,0.0,0.0,0.0,0.0,0.64388,0.04454,0.0,0.00074,0.0,0.68916,0.0,0.0,98.27823,37.60091,0.327828,0.327828,1.393945,1.341758,0.0,0.0,0.0,52.5376,29.86886,0.0,0.0,0,0.509091,0.153846,1.0,0.680288,0.29527,0.0,0.147635,0.236937,0.27794,0.0,0.0,2267.449,0.0976,0.404066,0.408366,118.459,68.9294,70.93332,8.541417,0.93541,0.80095,0.748298,0.647547,0.526577,0.45891,0.522575,0.641303,0.725693,0.797235,0.84497,0.880699
208009,1950-01-01,2022-02-28,72.1615331964408,0.036536783397199984,0.00488304323856029,21.53956050680005,125,2.3022609789561432,Barnard River at Barry (208009),South East Coast (NSW),MANNING RIVER,No notes,-31.579167,151.315278,-31.58933736,151.233981,56,151.5,NSW,,1400,2300,2300,Level 3,208024,0,19500101,20220228,0.036536783,62.0,22.26738168,10.44898631,17.39463515,0.428728611,14.25464869,2.552502,3.487665,1.366371,0.222408,0.000188,21.330895,1.319066,djf,255.152739,5.675865,mam,0.248600201,0.461386365,369.0095524,0.0,2.732957467,0.7954341,18.87621989,4.725787142,0.04220198,2.58401584,0.415042866,0.037016618,0.242301331,0.004883043,1,2.520107239,13.76510067,15.5,176.6538462,129.4230769,0.703213817,0.669281605,0.071049562,-2.888776321,0.371779249,0.213521488,0.89892325,0.515358362,0.170406221,-5.061183315,-4.655315713,1.952924741,0.658512424,0.002574315,242.7378701,-0.844197528,128.5671785,0.306127064,0.556651931,IGNEOUS,0.7093149,SILICSED,0.1436065,0.0,0.7093149,0.1436065,0.0,0.0,0.1371803,0.00989845,0.0,18.75,44.75,64.75,1.272987063,299.3078,182.9165,596,1409.889,1009.046,813.889,27.0,23.1727,0.904663,4,0.600655,0.507271,0.035107,0.8961,0.066,0.0349,0.003,0.0,0.0,0.0,0.0,0.0,0.0,1.0,0.0,0.0,0.0,0.0,0.0,0.0,6e-05,0.0,0.0,0.0,0.00139,0.0,0.0,0.0,3e-05,0.0,0.0,0.69445,0.30253,0.0,0.0015,0.0,0.99848,0.0,0.0,86.6517,58.83663,2.174103,2.174103,11.1742,6.521365,0.0,0.0,0.0,32.46791,23.1727,0.0,0.0,0,0.3,0.0,0.0,0.645115,0.160529,0.0,0.080264,0.344847,0.468394,0.0,0.0,2793.422,0.086576,0.344528,0.379776,120.7157,69.23013,78.08682,7.602068,0.768173,0.674853,0.586365,0.559912,0.47067,0.409648,0.467587,0.616766,0.716736,0.769119,0.763622,0.790455
208011,1965-02-03,2022-02-28,57.07049965776865,0.020292636123770687,0.015571442561943002,19.652851939730215,125,2.2150014362383468,Barnard River at Mackay (208011),South East Coast (NSW),MANNING RIVER,No notes,-31.77,151.9,-31.60679793,151.5187009,56,1813.5,NSW,,1400,2300,2300,Level 1,208004,2,19650203,20220228,0.020292636,46.0,15.34210218,176.6059252,5.499054637,0.09594627,6.106522553,2.539578,3.542221,1.394807,0.355347,0.0,18.885887,1.381328,djf,236.967994,5.01751,jja,0.079903563,0.378992548,114.2459231,0.0,3.190261823,0.386817244,12.11828671,1.522875171,0.00676511,1.28441844,0.486915081,0.052100676,0.328763099,0.015571443,1,4.433333333,19.46086957,21.2,193.5333333,143.2444444,0.769773648,0.770801882,0.117862726,-3.239717021,0.378935226,0.201396348,1.427672971,0.416128437,0.078174973,-4.880544492,-4.032267814,2.836909727,0.67763657,0.000105647,270.0573873,-0.836202604,187.0998812,0.151723634,0.51524585,SILICSED,0.3646681,METAMORPH,0.3321754,0.0,0.2661791,0.3646681,0.0,0.00403826,0.3321754,0.02838629,0.0,34.95,40.5,36.15,1.40072578,268.568,153.0347,130,1409.889,767.9205,1279.889,30.42,132.4229,0.9092,5,0.363998,0.509507,0.009884,0.8864,0.0582,0.0424,0.0111,0.0014,0.0005,0.0,0.0,0.0,0.0,1.0,0.0,0.0,0.0,0.0,0.0,0.0,0.00038,0.07106,0.0,0.0,0.00408,0.0,0.0,9e-05,5e-05,0.0,0.0,0.55475,0.36442,0.0001,0.00506,0.0,0.92433,0.028002,0.028002,93.40096,65.95328,0.563906,0.563906,5.660954,1.722869,0.346159,0.346159,0.0,28.91281,132.4229,0.0,0.0,0,0.171429,0.042105,0.0,0.321057,0.199809,0.002146,0.100977,0.266129,1.430582,0.002705,0.0,2376.329,0.129024,0.403058,0.329432,109.3982,54.86604,88.68122,7.485957,0.786394,0.699254,0.63594,0.560797,0.473738,0.412364,0.469112,0.564823,0.640487,0.703659,0.74551,0.783905
208015,1969-06-25,2022-02-28,52.681724845995895,0.013668017877559505,0.05801148637968281,2.1537063775376044,125,1.7482195176532367,Landsdowne River at Landsdowne (208015),South East Coast (NSW),MANNING RIVER,No notes,-31.7889,152.5128,-31.70697602,152.4635118,56,95.4,NSW,,1400,2300,2300,Not nested,,0,19690625,20220228,0.013668018,33.0,6.307694624,17.00760748,4.41502038,0.129924124,15.61495707,3.89228,3.699982,0.950595,0.402791,0.0,18.58925,1.527326,djf,240.123133,5.070805,jja,0.336821794,0.105108537,1287.185644,0.0,6.017852511,1.709125891,17.28605494,105.7867283,0.0,5.2443522,0.828618934,0.121766163,0.657147373,0.058011486,1,4.959227468,28.02696629,19.66071429,223.122449,157.1632653,0.638848222,0.447407286,0.159606187,-4.817498425,0.756479312,0.382108444,1.848276309,0.484777518,0.21882136,-9.202679305,-7.773859099,2.422229619,1.003104864,0.0,276.2771133,-0.921606377,141.9907618,0.444676921,0.492090662,SILICSED,0.3895971,UNCONSOLDTED,0.2890413,0.2890413,0.03557313,0.3895971,0.0,0.0,0.0,0.2857891,0.0,7.404412,62.0,85.375,1.110781244,151.3912,153.9116,12,821.4539,156.6947,809.4539,20.42,26.86159,1.100397,4,0.42095,0.181441,0.030233,0.6714,0.051,0.0833,0.0857,0.0361,0.0725,0.0,0.0,0.0,0.0,0.41,0.0,0.0,0.0,0.0,0.0,0.0,0.00028,0.25097,0.0,0.0,0.0,0.0,0.0,0.0,0.0,0.0,0.0,0.72505,0.02375,0.0,0.0,0.0,0.7488,0.0,0.0,99.42695,52.15551,0.049095,0.049095,0.0,0.0,0.523954,0.523954,0.0,47.22236,26.86159,0.0,0.0,0,0.246808,0.123077,0.4,0.635631,0.193278,0.0,0.096639,5.164042,206.0839,1.0,0.002291,5875.59,0.287403,0.676956,0.2774,85.78277,25.58492,115.3546,9.144001,1.010268,0.892263,0.878514,0.70058,0.54719,0.487884,0.54055,0.604931,0.676426,0.844784,0.975484,0.970217
208024,1982-04-03,2022-02-28,39.90965092402464,0.028400905536118543,0.010449763468191767,28.44176819805298,125,1.3923668754660572,Barnard River at D/S Back R Jctn (208024),South East Coast (NSW),MANNING RIVER,No notes,-31.56,151.34,-31.55883898,151.2613083,56,281.1,NSW,,1400,2300,2300,Level 2,208011,1,19820403,20220228,0.028400906,39.0,32.22141476,16.82398665,25.80947844,0.589970501,14.67633357,2.535924,3.495159,1.378258,0.223887,0.000199,21.232016,1.313682,djf,254.172938,5.610317,mam,0.217274859,0.460516123,87.53950727,0.0,2.417878867,0.57174192,9.278222555,1.911037239,0.01875185,1.92283382,0.454985292,0.046388477,0.277059945,0.010449763,1,3.173913043,12.95049505,18.5,186.5277778,130.3055556,0.671941757,0.635938813,0.088481712,-3.229248291,0.409572499,0.210796682,1.056357702,0.547554348,0.124606308,-5.097316197,-4.557914546,3.145529963,0.619759908,0.002146475,253.8988912,-0.797273238,157.7078671,0.229368791,0.543257465,IGNEOUS,0.5535104,METAMORPH,0.3353339,0.0,0.5535104,0.09022147,0.0,0.0,0.3353339,0.0209341,0.0,26.4,40.2,53.0,1.282585611,298.3266,179.6933,604,1409.889,979.199,805.889,27.37,29.66115,0.921992,5,0.640322,0.514169,0.029888,0.8924,0.0656,0.0377,0.0043,0.0,0.0,0.0,0.0,0.0,0.0,1.0,0.0,0.0,0.0,0.0,0.0,0.0,0.00017,0.00082,0.0,0.0,0.00258,0.0,0.0,2e-05,3e-05,0.0,0.0,0.63168,0.36076,0.0,0.00395,0.0,0.99639,0.0,0.0,85.80055,60.88961,2.057061,2.057061,12.14235,4.27563,0.0,0.0,0.0,27.98539,29.66115,0.0,0.0,0,0.0,0.036364,1.0,0.364985,0.173625,0.0,0.086813,0.357549,1.430582,0.004416,0.0,2667.83,0.090243,0.347862,0.37181,118.7426,67.87589,79.49757,7.601116,0.769632,0.67531,0.586636,0.556357,0.473883,0.412929,0.472201,0.61667,0.712864,0.765446,0.759431,0.791815
208026,1984-05-05,2022-02-28,37.82067077344285,0.010207036339944983,0.012433262634388941,28.63437835567854,125,2.2966102274567204,Myall River at Jacky Barkers (208026),South East Coast (NSW),MANNING RIVER,No notes,-31.6417,151.7342,-31.51715402,151.5619056,56,546.8,NSW,,1400,2300,2300,Level 2,208011,0,19840505,20220228,0.010207036,8.0,7.599166174,6.012371263,6.058949581,1.38989431,24.56720869,2.637049,3.482016,1.320422,0.335637,2.4e-05,18.751052,1.382372,djf,233.722965,4.847315,jja,0.168495704,0.463857116,149.0204067,0.0,2.75585275,0.518360787,13.63133417,2.04068653,0.01738107,1.73004832,0.436797409,0.041834272,0.27002121,0.012433263,1,4.46875,14.768,28.33333333,192.4166667,143.4444444,0.810501175,0.817962914,0.104308387,-3.04781166,0.315970578,0.196878451,1.333375624,0.431438127,0.098364593,-4.016714247,-3.877921875,2.669035161,0.555709412,0.00042123,251.9623349,-0.803485806,162.9675139,0.19663156,0.500248247,SILICSED,0.6720487,IGNEOUS,0.2605538,0.0,0.2605538,0.6720487,0.0,0.0,0.03511749,0.03228084,0.0,32.25,37.35,39.6,1.396508766,248.6514,165.8725,213,1369.675,920.4874,1156.675,26.12,66.03952,0.889743,4,0.400102,0.619478,0.017875,0.8223,0.0737,0.0702,0.0274,0.0047,0.0017,0.0,0.0,0.0,0.0,1.0,0.0,0.0,0.0,0.0,0.0,0.0,0.00024,0.09742,0.0,0.0,0.00209,0.0,0.0,5e-05,1e-05,0.0,0.0,0.70817,0.19075,0.0,0.00124,0.0,0.90016,0.09319,0.09319,86.87222,72.07664,0.639747,0.639747,11.99847,2.960429,0.396373,0.396373,0.0,20.4029,66.03952,0.0,0.0,0,0.027273,0.0,0.0,0.404178,0.232122,0.006126,0.119124,0.234971,1.430582,0.000481,0.0,2240.769,0.111266,0.403449,0.372807,114.9599,63.33422,79.08065,7.972775,0.855072,0.742999,0.691776,0.597979,0.491456,0.426827,0.485981,0.600574,0.685663,0.752529,0.79318,0.838588
209002,1967-12-19,2022-02-28,54.19849418206708,0.028743180440493028,0.0788474541010038,7.878158936415293,125,1.6229651188863086,Mammy Johnsons River at Crossing (209002),South East Coast (NSW),KARUAH RIVER,No notes,-32.2453,151.9778,-32.25456471,152.0558554,56,157.5,NSW,,1400,2300,2300,Level 1,209003,0,19671219,20220228,0.02874318,29.0,37.20889709,39.3254652,27.2732221,0.0,0.0,3.194097,3.60913,1.129938,0.305432,0.0,18.984766,1.495751,djf,244.509764,5.185093,jja,0.105390581,0.082414903,532.1884313,0.0,6.366195379,0.9037475,14.9484018,33.10199307,0.0,2.65875754,0.90404765,0.145472513,0.70244968,0.078847454,1,6.028017241,27.90495868,23.32307692,178.1702128,143.4042553,0.602781586,0.666899056,0.217485214,-5.564197097,0.76707659,0.351485172,1.590445358,0.466399771,0.149180474,-8.342254602,-8.000855578,2.943626497,0.793020459,0.0,302.721886,-0.932779781,162.4096997,0.285342547,0.522811881,SILICSED,0.9479848,SEDVOLC,0.0418131,0.0,0.01020202,0.9479848,0.0,0.0,0.0,0.0418131,0.0,19.9,59.2,58.4,1.0,100.0,155.974,117,656.49,274.0101,539.49,24.5,27.91396,0.686797,4,0.508833,0.336309,0.020645,0.8462,0.0803,0.0589,0.0146,0.0,0.0,0.0,0.0,0.0,0.0,1.0,0.0,0.0,0.0,0.0,0.0,0.0,0.0,0.0059,0.0,0.0,0.0,0.0,0.0,0.0,0.0,0.0,0.0,0.98936,0.00474,0.0,3e-05,0.0,0.99413,0.0,0.0,100.0,89.42808,0.0,0.0,0.0,0.0,0.0,0.0,0.0,10.51004,27.91396,0.0,0.0,0,0.248276,0.001333,0.0,0.062325,0.11521,0.0,0.057605,0.584375,1.098643,0.008249,0.0,3602.321,0.216442,0.584387,0.31877,94.59138,35.0862,103.7337,8.36691,0.875962,0.813012,0.801929,0.665698,0.528011,0.469859,0.515976,0.589,0.641838,0.742309,0.859029,0.849756
209003,1968-10-27,2022-02-28,53.34154688569473,0.019350202740851,0.019365644300219826,2.468806123406402,125,1.9748388884483183,Karuah River at Booral (209003),South East Coast (NSW),KARUAH RIVER,No notes,-32.48,151.96,-32.27384928,151.9200945,56,982.1,NSW,,1400,2300,2300,Not nested,,1,19681027,20220228,0.019350203,50.0,32.93775396,18.55318186,23.66570695,0.107786275,11.99889515,3.125767,3.62744,1.160496,0.313307,0.0,18.849931,1.484076,djf,242.496228,5.127732,jja,0.139189047,0.13618964,454.1955873,0.0,5.53549468,0.737729527,17.16897196,16.67658832,0.00202346,2.38416461,0.61014265,0.117031299,0.612896472,0.019365644,1,5.224299065,24.49790795,23.125,205.5365854,138.5121951,0.646267172,0.488949878,0.160825456,-3.887813048,0.682118566,0.322523193,1.618752736,0.433419244,0.131663176,-8.371352972,-7.578903974,2.786967457,0.794004746,0.0,315.1553582,-0.904759679,175.0463609,0.237346392,0.554730052,SILICSED,0.7000832,SEDVOLC,0.2528945,0.01890156,0.01080934,0.7000832,0.0,0.0173122,0.0,0.2528945,0.0,28.17647,37.88235,50.01471,1.050266245,108.6733,150.4653,9,1047.948,256.0743,1038.948,22.9,78.76484,0.775239,5,0.44742,0.235701,0.013154,0.7994,0.0739,0.0742,0.0432,0.0085,0.0008,0.0,0.0,0.0,0.0,0.96,0.0006,0.0,0.0,0.00023,0.00247,0.0,8e-05,0.1661,0.0,0.0,1e-05,0.0,7e-05,9e-05,0.00028,4e-05,0.0,0.82046,0.00872,0.00012,0.0003,0.0005,0.8296,0.0,0.0,99.99833,70.39698,0.001675,0.001675,0.0,0.0,0.0,0.0,0.0,28.83861,78.76484,0.0,0.0,0,0.223256,0.191195,1.0,0.431126,0.191414,0.0,0.095707,1.706868,109.4703,0.29725,0.006364,3439.135,0.219423,0.572758,0.307026,93.2876,34.80301,106.1637,8.201758,0.865032,0.7951,0.776803,0.639955,0.513333,0.455014,0.501517,0.58109,0.638145,0.740717,0.840028,0.841339
210006,1951-01-01,2014-12-31,64.0,0.02344284736481862,0.0056947608200455585,9.14743914893171,125,1.4075879743143032,Goulburn River at Coggan (210006),South East Coast (NSW),HUNTER RIVER,No notes,-32.342778,150.101389,-32.23279193,150.0154527,56,3390.6,NSW,,1400,2300,2300,Level 2,210016,0,19510101,20141231,0.023442847,,,,,,,1.77721,3.709551,2.087289,0.269759,0.0,21.663488,1.346369,djf,280.726442,7.194195,mam,0.023487403,0.31387887,51.09558486,0.0,5.951031862,0.066963527,26.13977816,0.158803912,0.00047956,0.19160001,0.574199081,0.074601367,0.485587875,0.005607149,1,6.55,37.0735786,6.4,201.9622642,110.5849057,0.557440229,0.68630432,0.12955388,-3.98949632,0.495090237,0.176065463,1.664202126,0.38038038,0.017469074,-6.831325559,-5.909937407,2.069516919,0.758434709,4.84e-05,255.2012298,-0.842618847,167.4027348,0.036610347,0.477162218,SILICSED,0.4776054,SEDVOLC,0.3115899,0.02533692,0.03381164,0.4776054,0.0,0.1516545,0.0,0.3115899,0.0,14.33333,43.66667,74.66666,1.10921025,94.0137,134.1062,219,1239.78,513.6639,1020.78,15.65,123.5328,0.875901,6,0.53306,0.282839,0.008196,0.683,0.0894,0.1409,0.0771,0.0096,0.0,0.0,0.0,0.0,0.0,1.0,0.0017,0.0002,0.0,0.00182,0.00025,0.0,0.01886,0.254,0.0,0.0,0.01854,0.0,0.00026,0.00168,0.00238,0.00015,2e-05,0.04104,0.50896,0.00071,0.1494,0.0,0.70011,5.767218,5.767218,0.991954,0.99626,3.794438,3.794438,89.44448,35.22281,0.0,0.0,0.0,0.00861,120.916,0.0,0.0,0,0.0,0.053333,0.0,0.371778,0.190364,0.163485,0.176925,0.452331,72.94049,0.04115,0.000345,1460.521,0.096594,0.244861,0.221061,108.355,48.62631,99.14838,4.277728,0.416952,0.334475,0.326598,0.319707,0.305822,0.263601,0.300576,0.371175,0.403074,0.44256,0.40233,0.390767
210011,1950-01-01,2022-02-28,72.1615331964408,0.012027165458891376,0.036789554531490014,3.396039542751557,125,1.42402821031888,William River at Tillegra (210011),South East Coast (NSW),HUNTER RIVER,No notes,-32.318889,151.688056,-32.22525444,151.5831631,56,195.9,NSW,,1400,2300,2300,Not nested,,0,19500101,20220228,0.012027165,137.0,42.11765771,40.09456967,30.63877793,0.216261335,17.26885173,3.181621,3.61613,1.136568,0.371481,0.0,19.272414,1.485793,djf,241.057989,5.116772,jja,0.293030282,0.173365804,510.8740705,0.0,4.894462457,1.348632679,17.79161481,43.57098328,0.00485145,4.73060949,0.554649063,0.094662058,0.520238095,0.036789555,1,4.286956522,19.2977208,13.68571429,214.2241379,147.5517241,0.554585868,0.518901991,0.167219804,-3.444240973,0.66104402,0.292811024,1.161191359,0.445112306,0.240815409,-7.535248222,-5.99693392,2.782806998,0.828725014,0.0,236.844669,-0.919191371,159.7253755,0.412168579,0.584264355,SILICSED,0.5811544,SEDVOLC,0.3786865,0.0,0.0401588,0.5811544,0.0,0.0,0.0,0.3786865,0.0,18.95,46.75,63.61667,0.996791212,100.0,136.0411,93,1507.483,357.6911,1414.483,23.27,49.74775,0.76901,3,0.32302,0.194528,0.028694,0.7996,0.0793,0.0792,0.0416,0.0003,0.0,0.0,0.0,0.0,0.0,1.0,0.0,0.0,0.0,0.00168,0.00922,0.0,0.00044,0.39487,0.0,0.0,0.00039,0.0,0.0,0.0,0.0,0.0,0.0,0.5655,0.02791,0.0,2e-05,0.0,0.59343,0.0,0.0,99.42682,37.30923,0.0,0.0,0.573189,0.573189,0.0,0.0,0.0,62.05307,49.74775,0.0,0.0,0,0.197436,0.095413,0.0,0.692483,0.273829,0.0,0.136914,0.805045,1.244899,0.401612,0.0,3520.663,0.218123,0.55715,0.314807,97.09098,40.71954,103.4199,8.773253,0.943771,0.858218,0.830429,0.663305,0.538914,0.473342,0.524666,0.631558,0.702136,0.819904,0.869701,0.903342
210014,1959-02-17,2022-02-28,63.03353867214237,0.018112322460148548,0.052419711580996196,6.274844006780496,125,1.8400937913050417,Rouchel Brook River at Rouchel Brook (The Vale) (210014),South East Coast (NSW),HUNTER RIVER,No notes,-32.1531,151.0474,-32.12316685,151.1862886,56,401.3,NSW,,1400,2300,2300,Not nested,,0,19590217,20220228,0.018112322,39.0,9.22689173,16.4837011,7.165297699,0.013029882,2.712316969,2.388733,3.561452,1.490937,0.19265,0.0,20.467951,1.38,djf,258.119109,5.811577,mam,0.103146905,0.26963535,147.7169807,0.0,4.541413719,0.352152717,21.80133563,2.557668314,0.0,1.18470849,0.792728881,0.082455985,0.463814916,0.052419712,1,4.513317191,23.82954545,19.75,178.1428571,118.0612245,0.609798095,0.643048686,0.158743464,-4.61186164,0.517319774,0.256049482,1.6962564,0.45851216,0.079077493,-6.159343539,-5.951779407,2.866248266,0.515737809,0.0,298.3364577,-0.875416454,144.2180911,0.14557184,0.543219711,SILICSED,0.893978,IGNEOUS,0.1060218,0.0,0.1060218,0.893978,0.0,0.0,0.0,0.0,0.0,18.91667,62.0,63.80555,1.044063624,94.80252,143.8164,239,1408.139,583.0224,1169.139,28.39,41.28529,0.848071,5,0.546742,0.309594,0.028948,0.9027,0.0576,0.0339,0.0057,0.0001,0.0,0.0,0.0,0.0,0.0,1.0,0.0,0.0,0.0,0.0,0.0,0.0,0.0003,0.22231,0.0,0.0,0.00145,0.0,0.0,0.0,1e-05,0.0,0.0,0.39876,0.37502,0.0,0.0022,0.0,0.77598,0.008175,0.008175,41.84803,41.84803,0.008183,0.008183,58.13562,0.343639,0.0,0.0,0.0,57.79198,41.28529,0.0,0.0,0,0.274286,0.031373,0.0,0.661823,0.20668,0.0,0.10334,0.425702,5.372584,0.026658,0.0,2045.359,0.128626,0.377886,0.311005,102.3534,44.82248,96.8259,6.441559,0.637067,0.560499,0.522906,0.470948,0.415262,0.362064,0.412141,0.52876,0.598343,0.641402,0.630704,0.656211
210016,1950-01-01,2022-02-28,72.1615331964408,0.06559927154076715,0.00901413025824265,6.7619090209190045,125,1.4430711293196872,Goulburn River at Kerrabee (210016),South East Coast (NSW),HUNTER RIVER,No notes,-32.42,150.32,-32.21577361,150.1060873,56,4973.6,NSW,,1400,2300,2300,Level 1,210031,1,19500101,20220228,0.065599272,162.0,116.0853697,47.05186997,88.20183722,0.079675229,14.08953585,1.758551,3.720411,2.115612,0.287207,0.0,21.519664,1.356374,djf,280.043278,7.30286,mam,0.017889638,0.269992501,86.23408207,0.0,6.947687603,0.075617264,33.98514073,0.276008516,0.00020846,0.21469755,0.627280806,0.07974663,0.528341725,0.00901413,1,7.014285714,38.84179104,11.68421053,202.6938776,101.3469388,0.609357768,0.691500919,0.137100814,-3.827926601,0.523469214,0.16137148,1.352700364,0.420929871,0.019105788,-6.827234344,-5.751615195,2.006572303,0.871072273,4.24e-05,249.2795566,-0.826892306,170.9324607,0.041250796,0.463161683,SILICSED,0.4579636,SEDVOLC,0.3727341,0.02966766,0.02553498,0.4579636,0.0,0.1141031,0.0,0.3727341,0.0,19.0,49.0,62.0,1.170551468,90.24502,138.6231,178,1239.78,467.2854,1061.78,15.36,178.506,0.882616,6,0.446298,0.284909,0.006052,0.6812,0.0892,0.1431,0.0762,0.0098,0.0005,0.0,0.0,0.0,0.0,0.85,0.0011,0.0002,0.0,0.00123,0.00018,0.0,0.03382,0.27302,0.0,0.0,0.02462,0.0,0.00015,0.00157,0.00173,0.00012,2e-05,0.03331,0.46082,0.00051,0.16722,0.0004,0.66186,4.335835,4.335835,1.922396,1.937074,2.592762,2.592435,91.14771,33.02989,0.0,0.0,0.0,0.823534,175.8892,0.0,0.0,0,0.444444,0.011111,0.0,0.546875,0.203073,0.132263,0.167668,0.598079,254.4275,0.029156,0.001272,1467.577,0.10132,0.247304,0.208159,106.3314,46.25579,101.4355,4.167799,0.411629,0.328943,0.316494,0.308843,0.297853,0.256757,0.293632,0.35936,0.390316,0.427922,0.389833,0.386053
210017,1950-01-01,2022-02-28,72.1615331964408,0.05634176879007474,0.004543261498874236,19.87413714448834,125,2.9690035160858947,Moonan Brook River at Moonan Brook (210017),South East Coast (NSW),HUNTER RIVER,No notes,-31.9437,151.2797,-31.97428757,151.3703306,56,102.4,NSW,,1400,2300,2300,Not nested,,0,19500101,20220228,0.056341769,35.0,8.289776764,11.14938846,6.605952702,0.147968282,5.951557668,2.932145,3.399286,1.159317,0.210035,6.5e-05,19.721864,1.420984,djf,237.857905,4.967336,mam,0.394017236,0.489503414,321.8886564,0.0,2.273259892,0.832898293,18.11305719,3.58494191,0.03965247,2.85931838,0.430373,0.027742039,0.229495014,0.004543261,1,2.804878049,14.27,8.692307692,161.75,132.4423077,0.812293086,0.80407263,0.09647611,-2.866220907,0.264295545,0.154634035,1.521820359,0.485142013,0.146747266,-4.55458303,-4.094324419,1.713965661,0.464260605,0.000881507,286.035457,-0.866462181,213.026646,0.277340308,0.529123468,IGNEOUS,0.5301567,SILICSED,0.4698435,0.0,0.5301567,0.4698435,0.0,0.0,0.0,0.0,0.0,39.0,42.0,29.0,1.162558113,122.5677,150.4494,464,1563.151,1010.424,1099.151,34.85,21.82604,0.93103,3,0.530538,0.500749,0.050724,0.9393,0.0389,0.0195,0.0023,0.0,0.0,0.0,0.0,0.0,0.0,1.0,0.0,0.0,0.0,0.0,0.0,0.0,9e-05,0.0006,0.0,0.0,0.00619,0.0,0.0,5e-05,0.0,0.0,0.0,0.62352,0.36848,0.0,0.00113,0.0,0.99313,0.015558,0.015558,71.11667,69.63863,0.684665,0.684665,28.16755,11.37379,0.015558,0.015558,0.0,17.29126,21.82604,0.0,0.0,0,0.294737,0.084211,0.0,0.504371,0.091918,0.0,0.045959,0.137537,0.183431,0.0,0.0,2916.301,0.100213,0.408957,0.416146,117.898,67.99223,73.63781,7.916876,0.823385,0.707758,0.667438,0.580611,0.471507,0.409255,0.465652,0.617878,0.719793,0.78599,0.817333,0.842048
210022,1950-01-01,2022-02-28,72.1615331964408,0.012292749554198125,0.013636538239926247,6.80952906740204,125,1.9471912557118292,Allyn River at Halton (210022),South East Coast (NSW),HUNTER RIVER,No notes,-32.3078,151.5117,-32.19202473,151.4761576,56,188.7,NSW,,1400,2300,2300,Not nested,,0,19500101,20220228,0.01229275,65.0,40.95639822,20.89927678,30.41247487,0.003794059,0.522821848,3.166387,3.575132,1.129089,0.347794,0.0,18.966788,1.492221,djf,239.098387,5.118145,jja,0.304126498,0.211948933,374.5885518,0.0,3.66871034,1.304280674,11.75253722,22.89649292,0.0201484,4.97757105,0.499110428,0.082856375,0.443821304,0.013636538,1,4.001855288,15.82739726,16.9047619,211.5666667,151.5833333,0.690125316,0.640104044,0.160043629,-3.091295736,0.544957325,0.285647272,1.152736594,0.480031447,0.233960798,-6.919411612,-5.72005427,1.892794738,0.853556355,0.0,251.4501141,-0.892628454,179.665365,0.399650837,0.585413006,SILICSED,0.5996045,SEDVOLC,0.331238,0.0,0.06915789,0.5996045,0.0,0.0,0.0,0.331238,0.0,21.0,62.0,52.0,1.12999468,109.7712,163.4469,129,1533.663,453.7826,1404.663,27.72,40.7836,0.874248,3,0.381443,0.252879,0.03544,0.8872,0.0637,0.0405,0.0086,0.0,0.0,0.0,0.0,0.0,0.0,1.0,0.0,0.0,0.0,0.00025,0.00125,0.0,0.00028,0.16403,0.0,0.0,0.0,0.0,0.0,0.0,0.0,0.0,0.0,0.81626,0.01782,0.0,5e-05,0.0,0.83413,0.0,0.0,99.19025,62.8521,0.034448,0.034448,0.775291,0.775291,0.0,0.0,0.0,36.07135,40.7836,0.0,0.0,0,0.193939,0.111111,0.0,0.723684,0.214921,0.0,0.10746,0.423646,1.244899,0.104937,0.0,3153.12,0.204745,0.541422,0.333649,100.4973,44.05487,99.12799,8.879934,0.949616,0.849074,0.825208,0.664156,0.542562,0.474018,0.531075,0.663024,0.736673,0.842842,0.881999,0.90711
210031,1954-11-24,2022-02-28,67.2662559890486,0.021531197850950385,0.10669717138103162,7.638929618002312,125,1.8112429576340052,Goulburn River at Sandy Hollow (210031),South East Coast (NSW),HUNTER RIVER,No notes,-32.35,150.57,-32.28414238,150.1949697,56,6815.3,NSW,,1400,2300,2300,Not nested,,1,19541124,20220228,0.021531198,126.0,51.6160481,92.03161344,39.05407306,0.02035002,8.411693458,1.791669,3.697142,2.063519,0.296019,0.0,21.339884,1.3683,djf,277.535347,7.114055,mam,0.016085235,0.288626372,108.0643884,0.0,8.083219425,0.070623517,56.09821485,0.325887285,0.0,0.20243324,0.586395396,0.077870216,0.496464226,0.106697171,1,7.2,35.0,37.17391304,200.9322034,109.8135593,0.606180739,0.749891063,0.163384516,-4.452298024,0.487564158,0.147533801,1.637234424,0.377793671,0.016585911,-6.270444738,-5.146183375,2.552220825,0.892635342,4.32e-05,248.5582944,-0.831691817,147.9143123,0.038166488,0.434567392,SILICSED,0.5139586,SEDVOLC,0.3074784,0.02915266,0.02162409,0.5139586,0.0,0.1277837,0.0,0.3074784,0.0,8.285714,11.5,83.42857,1.188657503,87.80666,139.4777,127,1257.906,465.3743,1130.906,18.83,217.5492,0.885472,6,0.428492,0.30725,0.005259,0.72,0.081,0.1233,0.0657,0.0096,0.0004,0.0,0.0,0.0,0.0,0.76,0.0008,0.0001,0.0,0.00148,0.00022,0.0,0.02595,0.23512,0.0,0.0,0.02062,0.0,0.00014,0.00173,0.0015,9e-05,1e-05,0.04778,0.51212,0.00048,0.15155,0.0003,0.71193,3.166858,3.166858,15.79601,15.83878,2.488963,2.43709,78.54712,28.07302,0.0,0.0,0.0,5.488013,214.9324,0.0,0.0,0,0.171429,0.0,0.0,0.615195,0.157032,0.089422,0.123227,0.529298,254.4275,0.021887,0.000929,1528.704,0.103464,0.255709,0.213426,106.1161,45.582,101.2625,4.383379,0.436698,0.354133,0.339069,0.324629,0.3083,0.265119,0.303828,0.374192,0.40707,0.44339,0.413127,0.412961
210040,1955-06-15,2022-02-28,66.71047227926078,0.03652630714930641,0.06283012438234793,6.342867798317731,125,1.7809775887487196,Wybong Creek at Wybong (210040),South East Coast (NSW),HUNTER RIVER,No notes,-32.2708,150.6349,-32.05452269,150.6261683,56,670.9,NSW,,1400,2300,2300,Not nested,,0,19550615,20220228,0.036526307,50.0,34.97726609,124.2234744,25.42539698,0.008208159,2.803832321,1.889774,3.719607,1.968281,0.31111,0.0,21.214038,1.349342,djf,281.211848,7.085844,mam,0.029038388,0.270863708,95.23317644,0.0,6.980213451,0.113486654,25.35571061,0.627519156,0.0,0.27881769,0.821102522,0.078250128,0.54021128,0.062830124,1,5.831746032,42.98983051,16.0326087,195.4561404,98.43859649,0.570969061,0.496481436,0.138458634,-4.934313146,0.633625152,0.17238896,1.83599565,0.480307397,0.030594774,-7.398749893,-6.632460755,2.244906472,0.811638822,0.0,248.8197087,-0.841321099,141.5693897,0.058954799,0.518953079,SEDVOLC,0.619446,SILICSED,0.3190815,0.06147231,0.0,0.3190815,0.0,0.0,0.0,0.619446,0.0,44.625,55.125,39.25,1.252205839,62.15338,144.6951,148,1051.762,374.2277,903.762,16.5,69.96162,0.930871,5,0.418795,0.260363,0.013093,0.7142,0.0945,0.1201,0.0637,0.0075,0.0,0.0,0.0,0.0,0.0,1.0,0.0,0.0,0.0,0.00325,0.0,0.0,0.00417,0.40038,0.0,0.0,0.04197,0.0,0.0,0.0034,8e-05,0.0,0.0,0.03059,0.41965,4e-05,0.09649,0.0,0.54677,0.0,0.0,22.72896,16.45683,0.0,0.0,77.271,11.32719,0.0,0.0,0.0,72.04318,69.96162,0.1,0.0,0,0.225,0.017021,0.4,0.464906,0.289321,0.040078,0.164699,0.70233,2.501594,0.112341,0.0,1606.208,0.123273,0.280407,0.194534,100.2028,39.4738,107.3413,4.312126,0.4392,0.35662,0.344645,0.315464,0.295305,0.254474,0.287372,0.352926,0.389594,0.428793,0.414671,0.43174
210052,1958-09-26,2022-02-28,63.42778918548939,0.08179738421029913,0.05768145919518616,5.620944666517607,125,1.6725148661830331,Pages River at Gundy Recorder (210052),South East Coast (NSW),HUNTER RIVER,No notes,-32.0119,150.9965,-31.79132683,151.0000494,56,1070.4,NSW,,1400,2300,2300,Not nested,,0,19580926,20220228,0.081797384,38.0,84.72946404,789.6523225,64.41802919,0.012949454,4.444252581,2.0356,3.639321,1.787837,0.239932,0.0,21.879224,1.307197,djf,272.285771,6.484907,mam,0.039785558,0.231524833,110.8667257,0.0,6.353539762,0.172430208,29.38155078,1.200212676,0.0,0.54292107,0.925593836,0.107653253,0.544847687,0.057681459,1,5.337995338,28.40686275,15.73076923,198.8,116.84,0.539411254,0.598555926,0.186704262,-4.742747042,0.681668243,0.292866989,1.348176967,0.46658237,0.046562079,-8.337414508,-7.552148812,2.471232861,0.707294068,5.24e-05,276.3400073,-0.853433021,119.8405009,0.083350801,0.558627852,SILICSED,0.5134182,IGNEOUS,0.2852968,0.00607152,0.2852968,0.5134182,0.01293882,0.05860118,0.0,0.123673,0.0,42.28571,44.85714,28.0,0.925639955,82.72463,110.215,235,1418.144,593.5855,1183.144,21.83,74.41275,0.998099,5,0.496722,0.312003,0.016106,0.796,0.0861,0.0804,0.0318,0.0056,0.0001,0.0,0.0,0.0,0.0,1.0,0.0,0.0,0.0,0.0007,8e-05,0.0001,0.00075,0.27586,0.0,0.0,0.00554,0.0,0.0,3e-05,2e-05,0.0,0.0,0.14382,0.54391,0.0,0.02768,0.0015,0.71541,0.0,0.0,31.07607,31.08373,0.001532,0.001532,68.92236,0.007652,0.0,0.0,0.0,16.55904,74.41275,0.0,0.0,0,0.214286,0.155172,0.0,0.691472,0.294955,0.003336,0.149145,1.6365,329.5294,0.22866,0.004162,1806.03,0.109801,0.299522,0.266347,105.8177,46.12898,99.65446,4.787119,0.476498,0.404644,0.348035,0.344783,0.313635,0.271786,0.307127,0.392444,0.45132,0.493319,0.480612,0.499764
211008,1969-12-19,2014-12-31,45.034907597535934,0.07143291385494559,0.0983370433416263,7.182976126343407,125,1.7092642070245787,Jigadee Creek at Avondale (211008),South East Coast (NSW),MACQUARIE-TUGGERAH LAKES,No notes,-33.071667,151.47,-33.02515557,151.4846537,56,66.3,NSW,,1400,2300,2300,Not nested,,0,19691219,20141231,0.071432914,,,,,,,2.933198,3.611544,1.231265,0.231776,0.0,19.793776,1.478845,mam,256.878627,5.495577,jja,0.067214137,0.065364139,245.8352293,0.0,6.241191014,0.619525256,13.25130397,14.95040579,0.0,1.69757164,1.178491464,0.148160272,0.743616603,0.098337043,1,6.521613833,30.04761905,14.44230769,194.2592593,138.4444444,0.534858538,0.529079109,0.209090012,-6.631641289,0.894033077,0.384637368,2.085966551,0.441848254,0.124663181,-10.35052714,-7.529233835,2.48170171,0.888112007,0.0,358.9856879,-0.910409291,236.6440576,0.211465204,0.58952101,SILICSED,0.6177215,OTHERSED,0.288258,0.09402039,0.0,0.6177215,0.0,0.288258,0.0,0.0,0.0,19.8375,62.0,58.5875,0.917635105,100.0,81.56451,7,483.9671,60.5274,476.9671,9.06,17.44001,0.943015,3,0.523781,0.112068,0.027344,0.5335,0.0698,0.1808,0.1931,0.0135,0.0093,0.0,0.0,0.0,0.0,0.05,0.0,0.0017,0.0,0.0,0.0,0.0,0.0,0.0009,0.0,0.0,7e-05,0.0,0.00069,0.0,0.00178,0.0,0.0,0.95693,0.0311,7e-05,0.00335,0.0034,0.99145,0.0,0.0,79.90844,56.25989,11.41655,11.41655,8.67502,8.67502,0.0,0.0,0.0,23.64855,17.44001,0.0,0.0,0,0.348148,0.274074,1.0,0.40162,0.288897,0.02323,0.156064,13.21275,425.1195,1.0,0.319822,3691.186,0.239797,0.569096,0.241196,81.44357,21.18111,123.9975,7.032941,0.72124,0.698003,0.674473,0.560418,0.433697,0.387989,0.430045,0.53573,0.564542,0.635303,0.715329,0.661989
211009,1972-12-26,2022-02-28,49.177275838466805,0.011412982964035185,0.0026468434983386835,5.736628773630448,125,2.708721056104356,Wyong River at Gracemere (211009),South East Coast (NSW),MACQUARIE-TUGGERAH LAKES,No notes,-33.2724,151.3593,-33.16550385,151.2829128,56,236.5,NSW,,1400,2300,2300,Not nested,,1,19721226,20220228,0.011412983,52.0,32.25408482,13.62773695,25.16782015,0.217125042,19.5960243,3.069635,3.538863,1.152861,0.286724,0.0,19.371293,1.516538,djf,254.865091,5.510787,jja,0.150175701,0.227735116,369.0286912,0.0,5.598725305,0.595390725,19.5695249,11.11174969,0.01534247,1.59379058,0.440665608,0.06465056,0.466182351,0.002646843,1,5.242009132,22.93074792,7.833333333,188.1190476,149.2142857,0.707675857,0.709053201,0.138424957,-2.927626297,0.512035179,0.188870594,1.084672735,0.402653991,0.084235009,-6.814889941,-4.475077248,2.662319008,0.701407259,0.0,345.8633016,-0.835684406,219.291834,0.192258706,0.43813365,SILICSED,0.9473464,UNCONSOLDTED,0.05265348,0.05265348,0.0,0.9473464,0.0,0.0,0.0,0.0,0.0,19.25,62.0,61.91667,1.299999952,100.0,147.0,46,537.603,207.0718,491.603,25.49,38.39651,0.796707,4,0.453201,0.373512,0.013741,0.8727,0.0616,0.0429,0.0202,0.0026,0.0,0.0,0.0,0.0,0.0,1.0,0.0,0.0,0.0,2e-05,0.00138,0.0,0.0,0.0,0.0,0.0,0.0,0.0,0.0,0.0,0.0,0.0,0.0,0.9874,0.01113,0.0,0.0,0.0,0.99853,0.0,0.0,99.59214,81.68349,0.0,0.0,0.407849,0.407849,0.0,0.0,0.0,17.90859,38.39651,0.0,0.0,0,0.190698,0.066667,0.0,0.444697,0.18587,0.038927,0.112398,3.796437,14.32391,1.0,0.127567,3555.3,0.235647,0.613919,0.291869,88.37109,29.31744,109.0038,8.734346,0.888448,0.881611,0.828915,0.700501,0.541144,0.476256,0.531439,0.685631,0.687937,0.787834,0.871619,0.834855
211013,1976-11-14,2022-02-28,45.29226557152635,0.005621713111285741,0.0027963525835866263,4.5289575973896925,125,1.5269470925544986,Ourimbah Creek at U/S Weir (211013),South East Coast (NSW),MACQUARIE-TUGGERAH LAKES,No notes,-33.3497,151.3428,-33.29669514,151.2783265,56,81.6,NSW,,1400,2300,2300,Not nested,,0,19761114,20220228,0.005621713,34.0,94.98142769,16.00323228,75.86065609,0.126941909,12.70181799,3.37816,3.52486,1.043426,0.251783,0.0,19.344326,1.477008,djf,254.253839,5.424818,jja,0.215447764,0.297187475,377.0062094,0.0,4.999756016,0.707452805,19.07635345,12.51101571,0.02222989,1.71381881,0.406108775,0.043282675,0.346200608,0.002796353,1,3.327102804,15.47554348,6.571428571,166.7619048,147.3571429,0.563243948,0.489630166,0.14631917,-2.743826752,0.614162588,0.217135701,1.572460142,0.412043796,0.098809716,-5.749878142,-4.126863867,2.314167797,0.611155498,0.0,378.2422066,-0.770063148,321.8653521,0.210549326,0.469294861,SILICSED,0.9796414,UNCONSOLDTED,0.01903293,0.01903293,0.00132558,0.9796414,0.0,0.0,0.0,0.0,0.0,19.3125,62.0,61.5625,1.299999952,100.0,147.0,24,379.7759,195.9025,355.7759,20.52,21.63326,0.819187,3,0.47306,0.489954,0.016664,0.8073,0.0812,0.0933,0.0182,0.0,0.0,0.0,0.0,0.0,0.0,1.0,0.0,0.0,0.0,0.0,0.0,0.0,0.0,0.00549,0.0,0.0,0.0,0.0,0.0,0.0,5e-05,0.0,0.0,0.97991,0.01395,0.0,0.00059,0.0,0.99445,0.0,0.0,95.3266,78.59885,0.0,0.0,4.673361,0.0,0.0,0.0,0.0,21.40114,21.63326,0.0,0.0,0,0.3,0.133333,1.0,0.363333,0.199809,0.002259,0.101034,11.60743,29.22209,1.0,0.393404,4187.743,0.228772,0.617088,0.296863,86.82612,29.51891,107.1325,8.468498,0.888123,0.857746,0.795159,0.660645,0.504965,0.442573,0.497925,0.658997,0.669668,0.7897,0.857556,0.828269
211014,1976-11-11,2022-02-28,45.30047912388775,0.006587694911156775,0.0007300602299689724,4.504907743826071,125,1.805331048359726,Wyong River at Yarramalong (211014),South East Coast (NSW),MACQUARIE-TUGGERAH LAKES,No notes,-33.2198,151.2734,-33.14140605,151.2763065,56,180.9,NSW,,1400,2300,2300,Level 1,211009,0,19761111,20220228,0.006587695,39.0,15.27617215,11.42919016,11.76115358,0.120875136,15.853929,3.016979,3.533581,1.171232,0.296127,0.0,19.30837,1.508427,djf,255.674101,5.531505,jja,0.094700845,0.222365465,328.9671416,0.00191,6.17367856,0.534605139,18.22411206,10.89317009,0.01480269,1.23196564,0.420180314,0.061446736,0.4852467,0.00073006,1,4.54954955,23.39002933,1.714285714,192.3684211,141.4210526,0.630875244,0.542658109,0.089000559,-2.900071734,0.642790514,0.218702326,1.328304014,0.421232098,0.080289272,-6.283962248,-4.219384959,3.040594411,0.664335145,0.0,339.4411564,-0.841835076,226.9198599,0.178045577,0.450947859,SILICSED,0.9681337,UNCONSOLDTED,0.03186633,0.03186633,0.0,0.9681337,0.0,0.0,0.0,0.0,0.0,19.05,62.0,63.05,1.299999952,100.0,147.0,27,537.603,231.3578,510.603,25.66,24.12418,0.814463,4,0.629076,0.408495,0.021461,0.8796,0.0662,0.043,0.0107,0.0005,0.0,0.0,0.0,0.0,0.0,1.0,0.0,0.0,0.0,0.0,0.0,0.0,0.0,0.0,0.0,0.0,0.0,0.0,0.0,0.0,0.0,0.0,0.0,0.98662,0.01338,0.0,0.0,0.0,1.0,0.0,0.0,99.69606,83.56421,0.0,0.0,0.303936,0.303936,0.0,0.0,0.0,16.13183,24.12418,0.0,0.0,0,0.161905,0.109091,0.0,0.313352,0.191575,0.0,0.095787,2.898632,14.32391,1.0,0.098015,3392.736,0.231306,0.610403,0.296436,88.99966,30.22332,107.759,8.869621,0.896635,0.893998,0.841846,0.713735,0.553155,0.486942,0.543065,0.698238,0.69844,0.797539,0.883186,0.844418
212040,1979-06-09,2022-02-28,42.72689938398357,0.03851082916826862,0.0319893368877041,3.661643980098691,125,0.3605568629623241,Kialla Creek at Pomeroy (212040),South East Coast (NSW),HAWKESBURY RIVER,No notes,-34.6089,149.5431,-34.56054454,149.5013618,55,91.9,NSW,,1400,2300,2300,Not nested,,0,19790609,20220228,0.038510829,12.0,507.3084452,33.66473986,373.1440259,0.019223376,10.83273615,2.102856,3.270838,1.555427,-0.045639,0.000946,20.92639,1.277016,son,263.692288,5.823903,mam,0.17823279,0.274898463,210.7932607,0.0,9.769347125,0.244908249,56.02312134,5.724504618,0.00282015,0.78494253,0.561755252,0.116294568,0.606931023,0.031989337,1,4.847222222,19.25369979,22.85714286,163.1470588,73.5,0.175836328,0.453501769,0.066970223,-3.155697935,0.832512365,0.314993338,2.362399588,0.507302075,0.077921071,-7.154929579,-6.270567777,2.936266112,0.477520052,0.009714908,307.6760526,-0.84517024,145.6890803,0.120843752,0.644808441,IGNEOUS,0.5115638,SILICSED,0.4634301,0.025006,0.5115638,0.4634301,0.0,0.0,0.0,0.0,0.0,18.0,61.54545,69.0,0.976256513,82.26981,124.6762,739,997.489,865.4727,258.489,5.88,17.21254,0.511966,3,0.636753,0.517704,0.015903,0.5018,0.0792,0.2268,0.1659,0.0261,0.0002,0.0,0.0,0.0,0.0,0.95,0.0,0.0,0.0,0.0,0.0,0.0,0.00032,0.98068,0.0,0.0,0.0,0.0,0.0,0.0,0.0,0.0,0.0,0.00203,0.01464,0.0,0.00227,0.0,0.01894,0.0,0.0,2.175675,2.175675,0.0,0.0,97.82433,4.131606,0.0,0.0,0.0,48.31376,17.21254,0.0,0.0,0,0.010811,0.0,0.0,0.710054,0.360584,0.013328,0.186956,1.584979,2.157965,0.527487,0.0,1293.583,0.048002,0.235782,0.353331,132.5069,78.73684,78.95486,3.311017,0.266385,0.199925,0.220885,0.219728,0.188752,0.160151,0.184804,0.25624,0.352241,0.467504,0.466659,0.329862
212209,1970-02-06,2022-02-28,52.062970568104035,0.0350231384097602,0.0,7.22721489891124,125,1.296808319585051,Nepean River at Maguires Crossing (212209),South East Coast (NSW),HAWKESBURY RIVER,No notes,-34.476389,150.533333,-34.53265546,150.5523953,56,70.3,NSW,,1400,2300,2300,Not nested,,0,19700206,20220228,0.035023138,,,,,,,3.63839,3.191738,0.877239,0.175717,0.0,18.157778,1.550269,djf,247.278376,5.221906,jja,0.680076611,0.524299122,327.91934,0.06882505,2.97419768,1.594599922,17.93376016,22.49278013,0.07497013,6.06274822,0.501933088,0.084414169,0.354223433,0.0,1,7.447115385,17.85714286,0.0,168.44,145.04,0.530987798,0.462903757,0.14695569,-3.597588847,0.335196909,0.140163779,1.557092228,0.485049167,0.195575968,-5.481388942,-5.522506195,1.040226806,0.54326773,0.0,224.7271933,-0.719391281,288.9040029,0.450553054,0.434079774,SILICSED,0.7470479,IGNEOUS,0.2528928,0.0,0.2528928,0.7470479,0.0,0.0,0.0,0.0,0.0,17.3125,60.1875,70.0625,1.069472829,198.6301,125.906,568,822.5801,673.4839,254.5801,9.44,19.88502,0.648127,3,0.465811,0.479896,0.014416,0.6199,0.1143,0.1606,0.0952,0.0092,0.0008,0.0,0.0,0.0,0.0,1.0,0.0088,0.0,0.0,0.00511,0.01889,0.0,0.0,0.43686,0.0,0.0,0.0,0.0,0.0,0.0,0.0,0.0,0.0,0.49874,0.03132,0.0,0.00025,0.0,0.53031,0.0,0.0,26.87387,20.05143,0.637884,0.637884,72.48822,24.07321,0.0,0.0,0.0,55.23748,19.88502,0.0,0.0,0,0.101492,0.0,0.0,0.021843,0.307768,0.048191,0.17798,4.780382,12.14937,1.0,0.155881,4288.613,0.095197,0.43333,0.43874,111.206,60.38185,70.46254,8.032917,0.834078,0.76357,0.733584,0.593091,0.445559,0.374274,0.437879,0.609081,0.702572,0.830386,0.852977,0.844012
212260,1968-05-19,2022-02-28,53.782340862423,0.037416004886988395,0.004283674440742504,7.262086985813454,125,1.6205785260755536,Kowmung River at Cedar Ford (212260),South East Coast (NSW),HAWKESBURY RIVER,No notes,-33.947222,150.244444,-33.99283566,150.0248718,56,715.3,NSW,,1400,2300,2300,Not nested,,0,19680519,20220228,0.037416005,,,,,,,2.395043,3.243605,1.354299,0.17419,0.000272,18.211712,1.38105,djf,241.40856,4.956811,mam,0.193625952,0.372064361,361.602541,0.0,4.121103141,0.551776739,27.53223336,5.170752419,0.00616021,1.81460534,0.52802966,0.059495478,0.353958432,0.004283674,1,5.160550459,22.31,10.125,182.9117647,136.5294118,0.669607478,0.774673514,0.123806834,-3.450453399,0.372095171,0.1610847,1.776813831,0.427650728,0.109331135,-5.05082441,-3.8403041,3.134622414,0.617101014,0.003985334,255.4780807,-0.896756633,144.3387629,0.230322286,0.474687609,SILICSED,0.7153142,IGNEOUS,0.2102006,0.0030347,0.2102006,0.7153142,0.0,0.00994279,0.0,0.06150623,0.0,18.0,62.0,69.0,1.366141407,141.7771,162.0101,188,1348.438,901.973,1160.438,29.47,78.90479,0.826363,4,0.381889,0.624046,0.01505,0.8347,0.0637,0.0755,0.0254,0.0007,0.0,0.0,0.0,0.0,0.0,1.0,0.0,0.0,0.0,0.0002,4e-05,0.0,0.00185,0.04709,0.0,0.0,0.01269,0.0,0.00083,0.00232,0.00212,0.00069,2e-05,0.48473,0.4189,0.00275,0.02575,0.0,0.93213,0.004496,0.004496,41.3364,41.3364,0.523269,0.523269,58.13579,35.39149,0.0,0.0,0.0,2.81021,78.90479,0.0,0.0,0,0.0,0.01,0.0,0.0,0.136912,0.001175,0.069044,0.179167,2.461934,9e-05,0.0,1902.175,0.056604,0.278397,0.385597,133.0318,78.37485,73.41348,7.747494,0.77318,0.681446,0.673851,0.596878,0.468243,0.393191,0.457344,0.624475,0.719608,0.789574,0.783737,0.778438
215002,1969-06-12,2014-12-31,45.555099247091036,0.07157882084259871,6.47332988089073e-05,11.170849661048859,125,1.7973111107149446,Shoalhaven River at Warri  (215002),South East Coast (NSW),SHOALHAVEN RIVER,No notes,-35.340833,149.739444,-35.63958771,149.654358,55,1396.0,NSW,,1400,2300,2300,Level 1,215207,0,19690612,20141231,0.071578821,,,,,,,2.267149,3.126233,1.378927,0.188441,0.000367,18.903865,1.423832,djf,264.321518,5.754403,jja,0.099905822,0.308895898,270.8004799,0.00037678,5.608736262,0.441650171,24.9400502,6.136021078,0.01219921,1.26289398,0.437719678,0.060590368,0.398498187,6.47e-05,1,4.751269036,24.92307692,1.0,190.7741935,121.9032258,0.629050573,0.699728299,0.112722811,-2.981872355,0.516521659,0.190251115,1.629071035,0.403500796,0.091011139,-5.921578239,-5.082866189,2.619751951,0.639175779,0.005505762,265.0328616,-0.835174462,191.9626998,0.195766353,0.464896739,IGNEOUS,0.7008818,SILICSED,0.2310287,0.0646103,0.7008818,0.2310287,0.0,0.0,0.0,0.00347899,0.0,14.88095,46.52381,69.40476,0.950001504,108.6477,96.2481,591,1444.046,829.6049,853.046,12.36,105.509,0.740254,5,0.39889,0.296272,0.008275,0.6422,0.0852,0.1408,0.0978,0.0262,0.0076,0.0002,0.0,0.0,0.0,0.94,0.0,0.0,0.0,0.00158,0.00013,0.0,1e-05,0.34315,0.0,0.0,0.00053,0.0,0.0,5e-05,0.00016,2e-05,0.0,0.36574,0.26178,7e-05,0.02595,0.0008,0.65354,1.298198,0.647128,97.44427,33.98819,1.197651,1.676472,0.031643,15.9049,0.02821,0.0,0.0,47.7833,105.509,0.0,0.0,0,0.089286,0.004908,0.0,0.393176,0.225767,0.049489,0.137628,1.320188,474.9562,0.143112,0.002618,1895.934,0.047925,0.269989,0.383844,136.6019,80.39118,66.53426,6.003119,0.620601,0.480795,0.534349,0.466266,0.352076,0.291938,0.337402,0.455278,0.552476,0.633774,0.677316,0.598205
215004,1950-01-01,2022-02-28,72.1615331964408,0.03278066547786167,0.019142509708547445,2.8273165432507943,125,1.414163576762777,Corang River at Hockeys (215004),South East Coast (NSW),SHOALHAVEN RIVER,No notes,-35.146944,150.033056,-35.23731627,150.0616747,56,163.7,NSW,,1400,2300,2300,Level 1,215207,0,19500101,20220228,0.032780665,41.0,28.55245275,26.08319899,21.542621,0.011382176,2.072069965,2.431963,3.179049,1.307194,0.152175,0.0,18.625206,1.459155,djf,262.784399,5.647991,jja,0.165457544,0.161641321,395.8455321,0.0,5.080853497,1.020537259,15.27203042,26.88630219,0.00791692,2.97042883,0.557546332,0.085592123,0.550151022,0.01914251,1,4.055762082,22.95417349,17.42857143,190.3829787,134.1702128,0.53597743,0.526603741,0.120317454,-3.62090732,0.753257642,0.321113677,1.642239378,0.42745173,0.229275472,-8.037085469,-6.209834471,2.179225015,0.614626715,0.000367461,200.2873983,-0.904337718,165.0195502,0.404341963,0.567033583,SILICSED,0.8921378,OTHERSED,0.08919586,0.01217497,0.0064916,0.8921378,0.0,0.08919586,0.0,0.0,0.0,10.14286,22.71428,81.14286,1.119875897,68.35436,91.94633,550,914.8831,640.255,364.8831,10.73,30.31967,0.757447,3,0.481819,0.329533,0.01351,0.634,0.1143,0.1746,0.0743,0.0026,0.0002,0.0,0.0,0.0,0.0,1.0,0.0,0.0,0.0,0.0,0.0,0.0,0.0,0.01397,0.0,0.0,0.00041,0.0,5e-05,0.0,5e-05,0.0,0.0,0.20061,0.75676,0.0,0.02815,0.0,0.98552,1.675445,0.649278,86.02477,24.43919,0.395302,4.094997,11.74447,41.30654,0.160007,0.0,0.0,29.50997,30.31967,0.0,0.0,0,0.084211,0.016,1.0,0.272646,0.10919,0.001387,0.055289,0.468173,0.468303,0.0,0.0,1679.393,0.065587,0.305272,0.373773,122.3743,63.9556,69.96138,5.404921,0.539212,0.459592,0.473294,0.419996,0.322437,0.273168,0.318992,0.428403,0.497042,0.56009,0.588945,0.518854
215207,1977-07-16,2022-02-28,44.62422997946612,0.013988588256948278,0.0,4.692527668450379,125,1.9351979097521923,Shoalhaven River at Fossickers Flat,South East Coast (NSW),SHOALHAVEN RIVER,No notes,-34.818901,150.182923,-35.27898774,149.8422275,55,4682.0,NSW,,1400,2300,2300,Not nested,,2,19770716,20220228,0.013988588,,,,,,,2.160291,3.186228,1.474907,0.165327,0.0,18.867909,1.456627,djf,262.406861,5.817457,jja,0.094249324,0.272029726,149.8813519,0.00018453,5.054193831,0.337536,19.71031608,2.910341728,0.00686461,1.07892499,0.50048198,0.077530956,0.457967768,0.0,1,5.587443946,29.67741935,0.0,169.969697,135.3939394,0.64842021,0.677982855,0.112710952,-3.272840414,0.510536603,0.200598894,1.19429939,0.419128693,0.071845124,-6.762573619,-5.315758505,2.837281705,0.498501365,0.000823775,255.6023988,-0.905534878,141.3389796,0.159601425,0.450153399,SILICSED,0.4963584,IGNEOUS,0.3541175,0.1183368,0.3541175,0.4963584,0.0,0.00557025,0.0,0.02561295,0.0,7.0,60.0,86.0,1.001172592,96.51019,94.75513,72,1444.046,693.8674,1372.046,11.58,251.8942,0.74204,5,0.305791,0.454581,0.00546,0.6127,0.0882,0.1634,0.1147,0.0171,0.0036,0.0003,0.0,0.0,0.0,1.0,0.0004,0.0001,0.0,0.00051,4e-05,0.0,9e-05,0.21808,0.0,0.0,0.00179,0.0,0.00045,0.00096,0.00111,0.00011,0.0,0.18039,0.4929,0.00136,0.10143,0.0003,0.77608,2.999538,0.310992,86.12569,27.46843,0.751795,1.764737,10.00492,31.73078,0.114313,0.0,0.003742,38.72389,251.8942,0.0,0.0,0,0.0,0.0,0.0,0.006667,0.18709,0.036836,0.111963,1.051636,474.9562,0.189321,0.001069,1607.138,0.061127,0.274167,0.346403,126.5641,69.50936,71.75559,5.120717,0.50654,0.413955,0.446429,0.40008,0.311222,0.26151,0.300889,0.40162,0.472629,0.542902,0.568986,0.491056
216002,1960-07-09,2022-02-28,61.64271047227926,0.026782145236508993,0.006891201168309602,4.681772027120494,125,1.6014096106834264,Clyde River at Brooman (216002),South East Coast (NSW),CLYDE RIVER-JERVIS BAY,No notes,-35.468056,150.237222,-35.36434575,150.1916361,56,859.7,NSW,,1400,2300,2300,Not nested,,0,19600709,20220228,0.026782145,43.0,46.94890785,23.2739565,34.07676839,0.262047524,25.8841768,2.931498,3.254212,1.110085,0.150699,0.0,18.121822,1.502235,mam,250.046988,5.104973,jja,0.173717241,0.172060438,659.8801256,0.0,6.239745733,1.207084888,19.82402708,56.72955945,0.00733651,3.40554891,0.582048504,0.096933187,0.581918583,0.006891201,1,5.432225064,29.11187215,18.875,186.5531915,145.3404255,0.543047037,0.577339658,0.113245466,-3.870481653,0.670330674,0.267721662,0.668664977,0.397870075,0.186675956,-7.45802236,-6.664873585,2.407666774,0.756386194,0.0,255.8216632,-0.911233617,205.4564189,0.407724849,0.457847876,SILICSED,0.9650401,IGNEOUS,0.03495996,0.0,0.03495996,0.9650401,0.0,0.0,0.0,0.0,0.0,23.16667,21.0,56.5,0.939645764,142.6997,145.9382,21,1130.1,315.3132,1109.1,28.13,58.90631,0.805813,5,0.561887,0.266891,0.018867,0.8547,0.071,0.0577,0.0162,0.0003,0.0001,0.0,0.0,0.0,0.0,0.84,0.0,0.0001,0.0,0.0,0.0,0.0,0.00134,0.0089,0.0,0.0,0.00545,0.0,5e-05,0.00025,0.00016,1e-05,0.0,0.85385,0.12002,7e-05,0.0099,0.0,0.98384,0.001832,0.0,88.74165,48.287,0.181485,0.054953,10.5617,50.32544,0.513325,0.0,0.0,1.332634,58.90631,0.0,0.0,0,0.107143,0.121212,0.0,0.4053,0.091698,0.007282,0.04949,0.466139,9.496857,0.001025,0.0,2588.651,0.103743,0.407048,0.357013,103.9954,43.94476,85.32485,7.913167,0.804663,0.729377,0.707467,0.607677,0.455607,0.378768,0.443327,0.605486,0.712992,0.828437,0.857198,0.770549
216004,1970-04-11,2014-12-31,44.72553045859001,0.0498898139079334,0.13942400618516848,3.177463197084288,125,0.9628220933054525,Currambene Creek at Falls Creek (216004),South East Coast (NSW),CLYDE RIVER-JERVIS BAY,No notes,-34.970278,150.598611,-34.99269556,150.5354715,56,93.4,NSW,,1400,2300,2300,Not nested,,0,19700411,20141231,0.049889814,,,,,,,3.20947,3.346944,1.042834,0.105444,0.0,18.166767,1.490413,mam,252.294237,5.237358,jja,0.102905368,0.111035881,288.7298287,0.0,7.216973309,0.584316392,21.66764568,17.78305362,0.0,1.6967773,0.77982383,0.145738032,0.679724245,0.139424006,1,6.633431085,31.39880952,20.41509434,185.0416667,117.0,0.417266575,0.406328984,0.197874565,-6.494333871,0.891069656,0.354097345,1.385121531,0.466079295,0.10230259,-9.897907757,-8.373728513,3.203490206,0.722393865,0.0,418.3260795,-0.863462833,213.5404944,0.188730252,0.542057191,SILICSED,0.958841,UNCONSOLDTED,0.04115918,0.04115918,0.0,0.958841,0.0,0.0,0.0,0.0,0.0,21.0,61.74359,52.0,1.128823372,56.32772,102.9783,15,305.9509,102.4272,290.9509,5.27,24.75339,0.911069,3,0.463426,0.308766,0.011895,0.5132,0.0594,0.2581,0.1557,0.012,0.0016,0.0,0.0,0.0,0.0,0.51,0.0,0.0,0.0,0.0006,0.0,0.0,0.0,0.18094,0.0,0.0,0.00046,0.0,0.00074,0.00023,0.0006,0.00014,0.00018,0.67177,0.13014,0.00032,0.01395,0.0,0.81618,3.003212,0.0,92.98524,3.001866,0.229679,0.0,3.720651,71.11064,0.0,0.0,0.0,25.88758,24.75339,0.0,0.0,0,0.091429,0.05625,0.0,0.425331,0.179163,0.024471,0.101817,7.011607,47.10452,1.0,0.102603,3293.017,0.153193,0.485263,0.271192,87.16228,23.57648,106.1201,7.18256,0.733588,0.690075,0.636137,0.548982,0.412579,0.345225,0.403128,0.55407,0.638786,0.7406,0.761811,0.704897
216009,1985-04-20,2022-02-28,36.86242299794661,0.00267379679144385,0.0204051236222818,3.6338366340110175,125,1.4896140249769851,BuCreekenbowra River at Buckenbowra No.3 (216009),South East Coast (NSW),CLYDE RIVER-JERVIS BAY,No notes,-35.714,150.0342,-35.67203778,149.9725003,55,162.0,NSW,,1400,2300,2300,Not nested,,0,19850420,20220228,0.002673797,11.0,17.03821037,29.07059042,12.42497484,0.259952466,22.8426697,2.672539,3.23661,1.211062,0.201177,0.0,18.04991,1.486306,djf,271.737442,6.141812,jja,0.091288575,0.204981442,308.8634667,0.0,5.638305359,0.610714881,17.41997657,11.85698279,0.0032,1.72218279,0.560211398,0.083780161,0.539246351,0.020405124,1,6.284916201,28.964,19.57142857,200.3333333,138.3888889,0.594900961,0.612403132,0.108975598,-3.825182113,0.588915513,0.2024707,1.511300828,0.443688587,0.107816462,-7.555990836,-5.954717539,2.748812719,0.751619309,0.0,288.089353,-0.882818668,211.5241463,0.237532895,0.453901183,SILICSED,0.7215434,IGNEOUS,0.278456,0.0,0.278456,0.7215434,0.0,0.0,0.0,0.0,0.0,28.0,48.0,45.0,0.713559109,130.5824,138.6399,60,1023.744,341.6144,963.744,35.58,24.7237,0.766043,3,0.587051,0.303746,0.039627,0.9285,0.0403,0.025,0.0062,0.0,0.0,0.0,0.0,0.0,0.0,1.0,0.0,0.0,0.0,0.0,0.0,0.0,0.00241,0.0062,0.0,0.0,0.01281,0.0,0.0,5e-05,0.0,0.0,0.0,0.8623,0.11472,0.0,0.00154,0.0,0.97856,0.0,0.0,98.80473,43.1807,0.616736,0.0,0.559558,54.9698,0.018974,0.0,0.0,1.849446,24.7237,0.0,0.0,0,0.085714,0.0,0.0,0.33436,0.082784,0.0,0.041392,1.287094,1.353523,0.992411,0.0,2621.558,0.088247,0.375012,0.375308,109.9445,50.8032,79.19212,7.527649,0.752154,0.679585,0.686092,0.584853,0.434323,0.361171,0.420125,0.568939,0.669365,0.774786,0.824209,0.762277
218001,1970-11-12,2022-02-28,51.29911019849418,0.0,0.015584138335912899,9.80612230911011,125,1.5175687467034962,Tuross River at Tuross Vale (218001),South East Coast (NSW),TUROSS RIVER,No notes,-36.265,149.510556,-36.34248541,149.5173988,55,90.1,NSW,,1400,2300,2300,Level 2,218005,0,19701112,20220228,0.0,23.0,12.81234054,17.02944457,9.993334164,0.384266425,22.00326235,2.37062,2.978467,1.256409,0.181814,0.002196,18.193734,1.466667,djf,263.836112,5.731498,jja,0.212821482,0.334606802,365.2044573,0.0,4.307563524,0.825264921,15.69026488,12.63717943,0.00958935,2.40404883,0.549907967,0.063083738,0.419704328,0.015584138,1,4.671936759,27.88652482,29.2,178.0961538,126.75,0.628555636,0.568202677,0.088089041,-3.973566217,0.507178185,0.194236765,1.504268458,0.499767225,0.164766551,-5.557087814,-4.974083438,2.319176547,0.585262329,0.01617768,190.7930565,-0.886639732,134.4509448,0.349896224,0.470901198,IGNEOUS,0.5292087,SILICSED,0.4707912,0.0,0.5292087,0.4707912,0.0,0.0,0.0,0.0,0.0,9.016667,21.85,82.88334,0.65391344,100.0,126.5698,938,1303.054,1052.689,365.054,12.12,22.37895,0.79382,4,0.483716,0.323249,0.016531,0.6584,0.0933,0.1337,0.0975,0.0158,0.0013,0.0,0.0,0.0,0.0,0.98,0.0,0.0,0.0,0.0,0.0,0.0,0.0008,0.01005,0.0,0.0,0.00028,0.0,0.0,0.00014,0.00167,9e-05,0.0,0.44704,0.45717,0.00291,0.07983,0.0,0.98695,3.322763,3.060684,22.5973,20.1873,0.0,0.0,74.07991,57.46388,0.0,0.0,0.0,0.0,22.37895,0.0,0.0,0,0.034286,0.009877,0.0,0.31697,0.087631,0.0,0.043815,0.207161,1.108892,0.004058,0.0,2350.092,0.024783,0.24538,0.445785,146.597,93.06549,61.43045,6.544374,0.670613,0.52981,0.611891,0.502845,0.370008,0.307952,0.36162,0.484793,0.585728,0.683696,0.715889,0.717858
218005,1964-06-12,2022-02-28,57.71663244353183,0.005028224467530003,0.009249106078665078,6.337252481212637,125,1.7355673327884038,Tuross River at D/S Wadbilliga R Junct (218005),South East Coast (NSW),TUROSS RIVER,No notes,-36.1975,149.7606,-36.22918966,149.6119216,55,918.9,NSW,,1400,2300,2300,Level 1,218008,2,19640612,20220228,0.005028224,27.0,14.22376788,43.44644313,10.75350268,0.02371804,3.873365077,2.364873,3.097269,1.309698,0.247665,2.3e-05,17.888108,1.481757,djf,262.874289,5.788599,jja,0.147801407,0.259426524,420.8036597,0.0,5.745691474,0.705544941,16.83001421,16.43364755,0.0059238,1.80976595,0.525256931,0.073563766,0.504982122,0.009249106,1,6.827433628,37.42756184,17.63636364,202.1052632,127.4561404,0.683692058,0.671673289,0.082895089,-3.547988488,0.500234102,0.165104902,1.118868358,0.408675264,0.126665393,-6.329370903,-4.93567282,2.25215809,0.680926983,0.000617824,209.3771471,-0.865413248,151.952746,0.302823787,0.418280855,IGNEOUS,0.5535133,SILICSED,0.4458396,0.00064534,0.5535133,0.4458396,0.0,0.0,0.0,0.0,0.0,15.55556,52.88889,72.77778,0.519778944,100.0,116.7803,71,1335.861,657.6608,1264.861,29.07,73.05982,0.866406,5,0.468346,0.468469,0.017464,0.8422,0.0622,0.0656,0.0273,0.0025,0.0002,0.0,0.0,0.0,0.0,1.0,0.0,0.0,0.0,0.0,0.0,0.0,0.00146,0.06082,0.0,0.0,0.00785,0.0,2e-05,0.00041,0.00025,2e-05,0.0,0.58811,0.32358,0.00035,0.01718,0.0,0.92922,0.716523,0.323259,83.40567,76.07343,0.603384,0.615239,15.23018,13.91129,0.04409,0.04409,0.0,0.049307,73.05982,0.0,0.0,0,0.09,0.0,0.0,0.030728,0.071911,0.0,0.035956,0.500474,1.342807,0.065892,0.0,2184.518,0.055244,0.289801,0.387836,127.9424,70.92065,68.4974,6.55154,0.682259,0.543403,0.609787,0.505389,0.373299,0.311821,0.362773,0.477082,0.576844,0.677125,0.721128,0.707556
218007,1974-06-14,2022-02-28,47.71252566735113,0.0,0.015378435760601366,3.781716801207035,125,1.1769949558460164,Wadbilliga River at Wadbilliga (218007),South East Coast (NSW),TUROSS RIVER,No notes,-36.2586,149.6914,-36.28742422,149.6280542,55,123.5,NSW,,1400,2300,2300,Level 2,218005,0,19740614,20220228,0.0,22.0,17.13896333,19.27301983,13.25690702,0.195099558,18.8648033,2.433373,3.095662,1.27217,0.245385,2.6e-05,17.951031,1.473801,djf,264.105782,5.766634,jja,0.200620465,0.242029938,389.3006232,0.0,5.43575596,0.764488373,17.78475099,17.26878056,0.00279885,2.30065163,0.585181884,0.091754175,0.528949331,0.015378436,1,7.614285714,39.39316239,33.5,189.0625,120.2708333,0.583362295,0.713264389,0.081486697,-3.859655095,0.55605038,0.175332062,0.895116924,0.494348602,0.138780505,-7.416400483,-6.429798036,2.197511497,0.762192281,0.000352783,221.3076774,-0.907070381,144.2491237,0.316697463,0.43821161,SILICSED,0.7000585,IGNEOUS,0.2999414,0.0,0.2999414,0.7000585,0.0,0.0,0.0,0.0,0.0,17.96428,58.25,65.96429,0.626904731,100.0,125.0034,227,1335.861,624.0659,1108.861,38.66,24.55664,0.826324,3,0.518426,0.389655,0.047491,0.9241,0.0438,0.029,0.0031,0.0,0.0,0.0,0.0,0.0,0.0,1.0,0.0,0.0,0.0,0.0,0.0,0.0,0.001,0.0,0.0,0.0,0.00855,0.0,0.00013,0.00106,0.00015,0.0,0.0,0.60608,0.35838,0.00027,0.02428,0.0,0.98901,0.440491,0.036687,92.4285,91.18011,0.024477,0.024477,7.106549,7.192144,0.0,0.0,0.0,0.0,24.55664,0.0,0.0,0,0.163636,0.000847,0.0,0.011406,0.013676,0.0,0.006838,0.799206,1.108892,0.002447,0.0,2324.581,0.057784,0.301965,0.401372,127.1922,70.11451,67.19117,6.68437,0.709278,0.546382,0.626282,0.513663,0.379374,0.315767,0.36893,0.488827,0.591568,0.698758,0.738703,0.704498
218008,1977-04-15,2022-02-28,44.876112251882276,0.004636690866939174,0.02028807845540913,5.816600123702124,125,1.7448065413554046,Tuross River at Eurobodalla (218008),South East Coast (NSW),TUROSS RIVER,No notes,-36.13,150.0,-36.21284988,149.7100745,55,1607.2,NSW,,1400,2300,2300,Not nested,,1,19770415,20220228,0.004636691,23.0,72.35282701,31.59572895,51.95647875,0.122018181,14.0525355,2.471517,3.146123,1.272952,0.257403,1.2e-05,17.834174,1.491729,djf,262.047301,5.818762,jja,0.135115676,0.320953283,364.4078989,0.0,5.380311843,0.476094932,19.22667426,6.561483088,0.00215038,1.37737028,0.570081376,0.082623353,0.484094392,0.020288078,1,8.023809524,43.3956044,25.46153846,186.9545455,135.8636364,0.661128401,0.588640985,0.098758633,-3.819634669,0.460225523,0.149855646,1.359326978,0.417306166,0.07434325,-6.861103949,-5.607764504,2.392687819,0.616117971,0.0,255.4316125,-0.876341811,163.8856511,0.199569192,0.372518669,SILICSED,0.6129407,IGNEOUS,0.3842702,0.00278887,0.3842702,0.6129407,0.0,0.0,0.0,0.0,0.0,17.86364,40.81818,67.31818,0.553603547,100.0,119.6603,13,1335.861,478.5125,1322.861,28.08,118.8082,0.889395,5,0.380747,0.353186,0.011157,0.8541,0.0634,0.0591,0.0216,0.0017,0.0001,0.0,0.0,0.0,0.0,1.0,0.0,0.0,0.0,0.00039,0.00056,0.0,0.00098,0.04631,0.0,0.0,0.00603,0.0,1e-05,0.00023,0.00019,0.0,0.0,0.67159,0.26268,0.0002,0.01079,0.0,0.94526,0.415781,0.184958,88.77918,82.34601,0.95647,0.963253,9.823104,8.395565,0.025227,0.025227,0.0,0.028212,118.8082,0.0,0.0,0,0.164286,0.03871,1.0,0.457766,0.134683,0.034131,0.084407,0.554431,3.441039,0.204081,0.0,2408.352,0.077823,0.343826,0.374806,120.0985,61.20398,73.08668,6.80985,0.714418,0.582723,0.633451,0.520971,0.385424,0.321565,0.373131,0.486012,0.594708,0.698026,0.746947,0.747822
219001,1950-01-01,2022-02-28,72.1615331964408,0.0,0.00022764351026292827,9.16907829782322,125,1.2552110069442908,Rutherford Creek at Brown Mountain (219001),South East Coast (NSW),BEGA RIVER,No notes,-36.593889,149.4425,-36.59496623,149.4108092,55,15.3,NSW,,1400,2300,2300,Level 1,219003,0,19500101,20220228,0.0,13.0,42.04517426,19.56477687,31.97794248,0.011382176,3.037056719,2.396128,2.948484,1.23052,0.167316,0.002245,17.906086,1.479941,djf,262.721476,5.631407,jja,0.294019117,0.477809652,1111.284706,0.00564706,4.6685648,1.35306846,32.20277089,39.90307131,0.08470588,3.72705882,0.398786142,0.033918883,0.265849679,0.000227644,1,3.60483871,20.42857143,3.0,179.5972222,150.9583333,0.538383739,0.548220452,0.068430782,-2.845338275,0.437651972,0.12347178,0.836523785,0.58717619,0.244706769,-4.426192014,-3.888607476,2.32824489,0.650239288,0.022052991,124.2213467,-0.745100477,149.4591963,0.548812232,0.44588432,IGNEOUS,0.9620548,SILICSED,0.03794526,0.0,0.9620548,0.03794526,0.0,0.0,0.0,0.0,0.0,18.0,28.0,62.0,0.561597028,100.0,123.8153,835,1241.862,1034.875,406.862,15.68,7.340911,0.701723,2,0.587559,0.519259,0.058652,0.7661,0.1194,0.0977,0.0168,0.0,0.0,0.0,0.0,0.0,0.0,1.0,0.0,0.0,0.0,0.0,0.0,0.0,0.0,0.0,0.0,0.0,0.0,0.0,0.0,0.0,0.0,0.0,0.0,0.95625,0.04125,0.0,0.00249,0.0,0.99999,0.424601,0.424601,78.23697,72.39845,0.0,0.0,21.33844,14.96883,0.0,0.0,0.0,0.0,7.340911,0.0,0.0,0,0.152727,0.0,0.0,0.190854,0.190866,0.0,0.095433,0.691206,0.697993,0.0,0.0,2497.943,0.024684,0.258146,0.473734,149.1735,95.49934,61.21316,6.099383,0.642324,0.519346,0.576513,0.453355,0.330581,0.270987,0.316851,0.429527,0.530516,0.639641,0.691331,0.69487
219003,1950-01-01,2022-02-28,72.1615331964408,0.0,0.0,18.433007810840007,125,1.2908894055263282,Bemboka River at Morans Crossing (219003),South East Coast (NSW),BEGA RIVER,No notes,-36.6674,149.6469,-36.60719165,149.5196356,55,314.5,NSW,,1400,2300,2300,Not nested,,1,19500101,20220228,0.0,11.0,31.98612502,12.30199638,23.85535832,0.098645521,8.155191677,2.261066,3.072934,1.359065,0.242467,0.0,17.942042,1.496252,djf,270.793598,6.199835,jja,0.16668359,0.41633629,368.7349693,0.01181418,3.924734317,0.919596081,18.27401478,13.02611022,0.0354425,2.69885015,0.432959118,0.04473195,0.311454263,0.0,1,4.773279352,14.73788151,0.0,184.5416667,151.7361111,0.611526594,0.635609458,0.058948504,-2.990792659,0.431071904,0.13260735,0.996543211,0.48818366,0.172504768,-4.172520201,-3.684511738,2.179261152,0.64193261,0.000321411,175.0967197,-0.731073644,168.9089518,0.393535141,0.438346541,IGNEOUS,0.8958695,SILICSED,0.101622,0.0,0.8958695,0.101622,0.0,0.00250847,0.0,0.0,0.0,16.70454,58.52273,70.1591,0.519112641,100.0,122.7368,131,1241.862,559.7518,1110.862,19.81,36.60976,0.833868,4,0.54739,0.407819,0.031463,0.7548,0.1001,0.1156,0.0295,0.0,0.0,0.0,0.0,0.0,0.0,1.0,0.0,0.001,0.0,0.01268,0.00657,0.0,0.00038,0.27088,0.0,0.0,0.004,0.0,0.0,6e-05,6e-05,0.0,0.0,0.57982,0.12107,9e-05,0.00336,0.0,0.70434,0.108196,0.068839,61.5602,58.68425,0.0,0.0,38.3316,7.380813,0.0,0.0,0.0,0.0,35.36099,0.0,0.0,0,0.293333,0.044944,1.0,0.677168,0.21482,0.155895,0.185358,1.75168,128.8959,0.257547,0.006097,2286.012,0.068499,0.328802,0.401881,127.4332,70.65669,69.2156,6.422583,0.663921,0.540502,0.60514,0.49251,0.364567,0.303866,0.355458,0.453222,0.553737,0.661803,0.718686,0.705469
219006,1951-02-19,2022-02-28,71.0280629705681,0.0003083683459892842,0.0018893387314439945,15.246633144743818,125,1.5930371617519419,Tantawangalo Creek at Tantawangalo Mountain Dam (219006),South East Coast (NSW),BEGA RIVER,No notes,-36.78,149.54,-36.73955931,149.4876743,55,80.7,NSW,,1400,2300,2300,Level 1,219022,0,19510219,20220228,0.000308368,28.0,35.35676757,13.38023217,28.16798172,0.223567051,17.630534,2.419891,2.982385,1.232446,0.208973,3.7e-05,17.807207,1.501895,djf,266.622702,5.890963,jja,0.161182056,0.533709523,506.3064372,0.0,4.572631477,0.857288027,24.11343754,15.3668878,0.04280982,2.18437127,0.41355648,0.029612493,0.272681704,0.001889339,1,4.085106383,29.71428571,16.33333333,185.7971014,151.9275362,0.601132618,0.599862845,0.058718555,-2.99393195,0.392131926,0.107991436,1.008643718,0.427941675,0.137007761,-4.41567991,-4.016252026,1.922710831,0.742309435,0.004046924,226.4618431,-0.672557856,233.0904543,0.346576836,0.395317131,IGNEOUS,0.9861378,UNCONSOLDTED,0.01386217,0.01386217,0.9861378,0.0,0.0,0.0,0.0,0.0,0.0,18.0,42.0,69.0,0.539258353,123.5727,118.53,542,972.9777,789.8066,430.9777,15.0,21.42422,0.795148,3,0.482901,0.649537,0.024395,0.7585,0.1288,0.0975,0.0152,0.0,0.0,0.0,0.0,0.0,0.0,1.0,0.0,0.0,0.0,0.0,0.0,0.0,0.0,0.0,0.0,0.0,0.00151,0.0,0.0,0.0,0.00016,0.0,0.0,0.95852,0.03922,0.0,0.00058,0.0,0.99832,1.915717,1.842027,92.6687,90.60539,0.0,0.0,5.415559,5.065502,0.0,0.0,0.0,0.0,21.42422,0.0,0.0,0,0.046154,0.0,0.0,0.00625,0.021317,0.0,0.010658,1.081582,1.485332,0.505709,0.0,2362.07,0.039686,0.300096,0.467356,137.0202,82.17652,58.24234,6.821968,0.720549,0.588343,0.64786,0.509436,0.369921,0.305035,0.359568,0.477085,0.591239,0.713691,0.767716,0.766876
219017,1966-07-09,2022-02-28,55.644079397672826,0.0,0.04556189726431805,2.7034705232705343,125,1.2242146161074143,Double Creek at near Brogo (219017),South East Coast (NSW),BEGA RIVER,No notes,-36.6,149.8094,-36.59338992,149.709412,55,152.9,NSW,,1400,2300,2300,Not nested,,0,19660709,20220228,0.0,14.0,51.28135638,21.07502639,37.74187649,0.034442039,9.308810895,2.445286,3.136255,1.282572,0.250162,0.0,17.807207,1.489474,djf,278.560093,6.691643,jja,0.094502701,0.15092891,409.0415385,0.0,7.768295372,0.599210643,26.27820638,21.66758445,0.00056519,1.38357737,0.738244862,0.106671915,0.637472938,0.045561897,1,7.687943262,35.30245232,31.93103448,207.5535714,118.0357143,0.508314372,0.665770948,0.117005932,-4.651579933,0.713661312,0.219371803,1.150136125,0.447121481,0.10260312,-7.495019415,-6.349041732,2.539438512,0.805923609,0.0,245.5594865,-0.859314687,153.6819198,0.246889157,0.415583743,IGNEOUS,0.5202237,SILICSED,0.4797772,0.0,0.5202237,0.4797772,0.0,0.0,0.0,0.0,0.0,31.5,42.0,49.5,0.600000024,100.0,132.572,52,936.438,301.0946,884.438,27.33,25.20723,0.863333,4,0.551509,0.286691,0.035335,0.859,0.0769,0.0568,0.0073,0.0,0.0,0.0,0.0,0.0,0.0,0.98,0.0,0.0,0.0,0.0013,0.00012,0.0,0.00226,0.22168,0.0,0.0,0.01892,0.0,0.0,0.0003,3e-05,0.0,0.0,0.51304,0.23726,0.0,0.00506,0.0,0.75536,0.0,0.0,48.76687,50.31913,0.112402,0.112402,51.12085,21.12583,0.0,0.0,0.0,0.0,25.20723,0.0,0.0,0,0.014493,0.03038,0.0,0.572142,0.147649,0.01674,0.082195,1.248027,4.451327,0.107092,0.0,2520.562,0.091226,0.384879,0.382413,112.8707,54.9049,74.46251,6.862143,0.716105,0.603886,0.642742,0.525639,0.386827,0.321405,0.374543,0.480195,0.595304,0.693352,0.757783,0.75793
219022,1971-12-01,2022-02-28,50.247775496235455,0.002778837247316515,0.013605070484100099,12.800156933408159,125,1.4544482698944248,Tantawangalo Creek at Candelo Dam Site (219022),South East Coast (NSW),BEGA RIVER,No notes,-36.7319,149.6842,-36.76573057,149.5437844,55,198.9,NSW,,1400,2300,2300,Not nested,,1,19711201,20220228,0.002778837,10.0,60.07740991,21.38431692,44.46775302,0.147114913,15.19121807,2.377302,3.036829,1.277426,0.224862,0.0,17.573493,1.510819,djf,270.173357,6.138889,jja,0.144344945,0.461231687,241.2702465,0.0,4.784417361,0.551197257,22.68949093,6.954600876,0.0043429,1.56170821,0.608006506,0.048683204,0.392306852,0.01360507,1,5.823529412,29.42622951,22.63636364,189.2857143,137.2244898,0.547930102,0.691773457,0.114960864,-4.073659796,0.437642519,0.137840163,0.957456273,0.472623048,0.098644583,-5.165948817,-4.779686939,2.420372768,0.679118514,0.000270106,248.0620146,-0.667415242,249.5525739,0.233977633,0.421598347,IGNEOUS,0.9680914,SILICSED,0.02611782,0.00579113,0.9680914,0.02611782,0.0,0.0,0.0,0.0,0.0,27.93333,52.13333,58.23333,0.63316892,128.8571,131.2052,105,972.9777,581.344,867.9777,17.4,43.02562,0.822575,3,0.372023,0.55826,0.020606,0.772,0.117,0.0916,0.0194,0.0,0.0,0.0,0.0,0.0,0.0,1.0,0.0,0.0,0.0,0.0113,0.00338,0.0,2e-05,0.1897,0.0,0.0,0.00135,0.0,0.0,0.0,8e-05,0.0,0.0,0.75168,0.04215,0.0,0.00036,0.0,0.79419,0.861808,0.831023,81.94476,72.50777,0.0,0.0,17.19351,3.85461,0.0,0.0,0.0,0.0,28.533,0.0,0.0,0,0.0,0.052747,1.0,0.611896,0.139246,0.023808,0.081527,1.316922,1.694091,0.792955,0.0,2610.685,0.057198,0.322671,0.42738,127.5232,71.36456,64.27324,6.518854,0.691184,0.569525,0.621243,0.486609,0.354075,0.292501,0.344201,0.448487,0.559013,0.67591,0.733932,0.737099
220003,1966-09-02,2022-02-28,55.493497604380565,0.0,0.05412205831565445,2.385375186158261,125,1.3767152676911598,Pambula River at Lochiel (220003),South East Coast (NSW),TOWAMBA RIVER,No notes,-36.9414,149.8194,-36.91502234,149.7654945,55,106.4,NSW,,1400,2300,2300,Not nested,,0,19660902,20220228,0.0,12.0,33.05937342,21.62524734,24.31007563,0.054270068,14.056304,2.399799,3.102733,1.292914,0.208915,0.0,17.924064,1.490284,djf,276.78926,6.536192,jja,0.06154551,0.111829277,497.1135114,0.0,8.878872381,0.581235129,20.59878668,26.63295386,0.0,1.07319887,0.71669783,0.100596971,0.690907297,0.054122058,1,7.179577465,36.18604651,19.24561404,191.125,81.78571429,0.503478269,0.532457357,0.140728766,-4.762604659,0.859460312,0.238014083,1.644770328,0.508058124,0.108642666,-8.330543947,-6.028211025,2.327234415,0.848821227,0.0,260.5222945,-0.875221238,155.9590663,0.24598003,0.441672706,SILICSED,0.6419363,IGNEOUS,0.3374325,0.00518103,0.3374325,0.6419363,0.0,0.01545028,0.0,0.0,0.0,35.14286,53.85714,33.92857,0.928455781,100.0,114.7498,30,702.0924,236.3704,672.0924,24.28,18.56369,1.02402,4,0.626334,0.318534,0.036814,0.8612,0.0793,0.0519,0.0076,0.0,0.0,0.0,0.0,0.0,0.0,0.75,0.0,0.0,0.0,0.0,0.0,0.0,0.0,0.01357,0.0,0.0,0.00073,0.0,0.0,0.0,0.00012,0.0,0.0,0.89788,0.08705,0.0,0.00058,0.0,0.98551,0.0,0.0,74.7364,73.12207,0.10177,0.10177,25.16184,16.71906,0.0,0.0,0.0,0.0,18.56369,0.0,0.0,0,0.294737,0.168421,0.8,0.569091,0.194823,0.0,0.097411,3.409996,20.0368,1.0,0.033459,3074.268,0.07524,0.365466,0.382968,107.1377,47.02781,75.24575,6.565102,0.688737,0.562899,0.625148,0.499209,0.359033,0.296488,0.352214,0.444796,0.568549,0.666912,0.743515,0.752935
221002,1971-12-01,2022-02-28,50.247775496235455,0.006974336620715959,5.486968449931413e-05,4.770374768917667,125,1.5415054164769648,Wallagaraugh River at Princes HWY (221002),South East Coast (Victoria),EAST GIPPSLAND,No notes,-37.3719,149.7125,-37.24173273,149.6114153,55,480.1,NSW,,1400,2300,2300,Not nested,,0,19711201,20220228,0.006974337,11.0,14.78956295,24.05622606,10.92612088,0.027243502,6.185002211,2.565119,3.031745,1.181912,0.052415,0.0,17.762262,1.445501,djf,254.51452,5.183815,mam,0.129593057,0.198064728,372.5335923,0.00179954,6.451119704,0.511082774,20.74579908,10.87057927,0.0035991,1.46483342,0.578025809,0.088285322,0.578161866,5.49e-05,1,7.518691589,35.24080268,1.0,154.9787234,110.8510638,0.604480671,0.611962146,0.107825426,-3.639707294,0.621301264,0.178122107,1.09330515,0.409016585,0.093183373,-7.603346821,-6.101880944,2.788625439,0.580293184,0.0,321.4475157,-0.896825381,195.2750556,0.204839518,0.454909163,IGNEOUS,0.7956525,SILICSED,0.1620025,0.00772232,0.7956525,0.1620025,0.0,0.03462258,0.0,0.0,0.0,19.6875,44.1875,64.3125,0.964356799,100.0,101.8841,26,879.775,335.5408,853.775,15.83,51.5391,0.795653,4,0.478158,0.362532,0.016565,0.7509,0.1226,0.1003,0.0255,0.0007,0.0,0.0,0.0,0.0,0.0,0.71,0.0,0.0,0.0,0.0,0.0,0.0,0.0,0.0,0.0,0.0,0.00031,0.0,1e-05,0.0,7e-05,0.0,0.0,0.84676,0.15173,0.0,0.00111,0.0,0.9996,0.0,0.0,52.57193,52.46564,0.048401,0.048401,47.34428,47.2477,0.0,0.0,0.0354,0.0,51.5391,0.0,0.0,0,0.278261,0.030769,0.0,0.197596,0.235567,0.0,0.117783,0.174452,0.362478,0.0,0.0,2195.885,0.061317,0.372662,0.44131,107.7002,60.38297,64.7698,7.232367,0.722372,0.56718,0.671296,0.552449,0.395142,0.326809,0.387644,0.51905,0.654165,0.763162,0.853414,0.818064
221201,1957-02-23,2022-02-28,65.01574264202601,0.0,0.0022318608666357857,20.3663795701819,125,1.5684356690362578,Cann(West Branch River at Weeragua (221201),South East Coast (Victoria),EAST GIPPSLAND,No notes,-37.373,149.2,-37.30084337,149.1110005,55,323.3,VIC,NSW,1400,2300,2300,Not nested,,0,19570223,20220228,0.0,30.0,63.34635836,7.318844497,48.59248458,0.0,0.0,2.580776,2.986764,1.157313,-0.021173,7.2e-05,17.465625,1.381935,djf,240.455726,4.476987,mam,0.162833518,0.463509626,139.5322076,0.0,3.182417404,0.412548687,13.26902906,1.723711979,0.02218261,1.27991094,0.406863244,0.044637217,0.279235272,0.002231861,1,5.608465608,19.38888889,7.571428571,150.9692308,120.4923077,0.728010507,0.696097082,0.090047257,-2.624361227,0.341189274,0.146492086,1.160491205,0.476993382,0.076926661,-4.305346263,-3.053821849,2.705050802,0.674367949,0.000652316,378.0995802,-0.838716013,314.6350297,0.161471229,0.476410944,SILICSED,0.7954195,IGNEOUS,0.2045825,0.0,0.2045825,0.7954195,0.0,0.0,0.0,0.0,0.0,25.0,40.5,56.0,1.161701097,152.1077,128.1567,169,1165.865,602.234,996.865,28.0,39.23672,0.802842,4,0.516853,0.436999,0.025515,0.8886,0.0616,0.0399,0.0099,0.0,0.0,0.0,0.0,0.0,0.0,1.0,0.0,0.0,0.0,0.0,0.0,0.0,0.00016,0.0,0.0,0.0,0.00435,0.0,0.0,0.00012,8e-05,0.0,0.0,0.86184,0.13152,2e-05,0.00197,0.0,0.99535,0.0,0.0,99.65214,97.78583,0.0,0.0,0.081007,0.02383,0.0,0.0,0.266857,0.109603,39.23672,0.0,0.0,0,0.055814,0.015686,0.0,0.344853,0.250253,0.0,0.125127,0.186273,0.218075,0.0,0.0,2032.306,0.04073,0.306546,0.467071,133.1508,83.18093,59.6923,7.500128,0.732603,0.526389,0.682311,0.567928,0.413834,0.337504,0.400939,0.555629,0.702102,0.840483,0.889542,0.855088
221207,1968-02-22,2022-02-28,54.02053388090349,0.009984288682783437,0.0,28.37671758911713,125,1.5547240019658908,Errinundra River at Errinundra (221207),South East Coast (Victoria),EAST GIPPSLAND,No notes,-37.447222,148.914167,-37.35781641,148.8891973,55,158.1,VIC,,1400,2300,2300,Level 1,221212,0,19680222,20220228,0.009984289,23.0,10.80654771,5.358533807,8.798988995,0.035477168,1.523787432,2.990392,2.952742,0.98741,-0.084168,0.000828,17.501581,1.370162,mam,233.687009,4.208677,mam,0.4695319,0.656146381,143.636038,0.84869827,1.761738497,1.03135128,12.00238103,3.301384539,0.24045541,2.78655028,0.254359545,0.015153066,0.023907034,0.0,1,2.619469027,6.486111111,0.0,163.6153846,134.9615385,0.71164995,0.707997467,0.048688348,-1.707958829,0.233419927,0.10657067,0.888858157,0.567668471,0.164412001,-3.035183069,-2.441759988,2.156552913,0.788552222,0.001900915,341.8045,-0.784414033,217.1390278,0.349715569,0.470130632,SILICSED,0.5752843,IGNEOUS,0.424715,0.0,0.424715,0.5752843,0.0,0.0,0.0,0.0,0.0,30.0,50.0,40.0,1.445721235,261.7448,162.3069,152,1201.315,693.3071,1049.315,29.44,26.4351,0.976225,4,0.538443,0.519895,0.040027,0.8908,0.0654,0.0399,0.0039,0.0,0.0,0.0,0.0,0.0,0.0,1.0,0.0,0.0,0.0,0.0,0.0,0.0,8e-05,0.0003,0.0,0.0,0.01015,0.0,0.0,0.0,0.0,0.0,0.0,0.87201,0.11641,0.0,0.00101,0.0,0.98943,0.0,0.0,92.59121,92.59121,0.077212,0.077212,7.331564,7.177193,0.0,0.0,0.0,0.0,26.4351,0.0,0.0,0,0.3,0.0,0.0,0.440972,0.144995,0.0,0.072498,0.171834,0.306542,0.0,0.0,2623.344,0.037881,0.306436,0.481223,144.1922,93.64452,60.95991,8.512078,0.854188,0.582733,0.786828,0.640902,0.455401,0.364631,0.435721,0.618622,0.796993,0.974176,1.02016,0.988437
221208,1979-06-24,2022-02-28,42.68583162217659,0.0,0.0005131165415945097,7.421621647990698,125,2.1012273602047244,Wingan River at Wingan Inlet National Park (221208),South East Coast (Victoria),EAST GIPPSLAND,No notes,-37.689,149.49,-37.57770113,149.4485714,55,421.0,VIC,,1400,2300,2300,Not nested,,0,19790624,20220228,0.0,27.0,14.41278176,11.09108355,10.46637662,0.076967481,7.405366521,2.64084,3.046321,1.153543,-0.082162,0.0,17.735295,1.395332,jja,244.294028,4.605491,djf,0.203573983,0.309122485,168.4157287,0.0,3.976627578,0.428760085,17.06669824,2.907090403,0.01333872,1.40528565,0.485323192,0.061317427,0.378166891,0.000513117,1,5.759036145,26.32142857,8.0,141.4418605,114.1860465,0.712750043,0.748867752,0.115716297,-3.278358872,0.407882388,0.175448383,1.518543126,0.341076614,0.078846962,-5.673267033,-5.941861119,2.509191006,0.58592196,0.0,386.756061,-0.894505903,245.5378812,0.168816807,0.46705635,IGNEOUS,0.4099743,SILICSED,0.3115408,0.03052871,0.4099743,0.3115408,0.0,0.2479561,0.0,0.0,0.0,12.0,15.0,75.0,0.998384807,132.6481,101.7684,76,519.2696,155.3171,443.2696,10.92,48.06022,0.860931,4,0.485447,0.269952,0.010373,0.6694,0.1166,0.1441,0.0628,0.0054,0.0017,0.0,0.0,0.0,0.0,1.0,0.0,0.0,0.0,0.0,0.0,0.0,0.00048,0.0,0.0,0.0,0.00017,0.0,8e-05,1e-05,7e-05,2e-05,0.0,0.9374,0.06055,2e-05,0.00116,0.0,0.99913,0.0,0.0,84.85853,84.25279,2.177719,2.109632,12.96372,12.55145,0.0,0.0,0.0,0.0,48.06022,0.0,0.0,0,0.019512,0.001333,0.0,0.000667,0.226313,0.0,0.113156,0.088133,0.171572,0.0,0.0,2039.06,0.075344,0.421913,0.422721,97.20655,51.16233,69.87436,7.79215,0.779456,0.544374,0.689837,0.601689,0.432441,0.35362,0.417797,0.570313,0.725188,0.845879,0.924517,0.911319
221209,1972-10-25,2022-02-28,49.347022587268995,0.0,0.024245450510430536,8.372280723856404,125,1.5509762429312015,Cann(East Branch River at Weeragua (221209),South East Coast (Victoria),EAST GIPPSLAND,No notes,-37.356,149.21,-37.27854953,149.2262116,55,148.9,VIC,NSW,1400,2300,2300,Not nested,,0,19721025,20220228,0.0,36.0,14.82949801,14.09332532,11.22326263,0.0,0.0,2.507096,3.002502,1.197601,0.00902,0.0,17.573493,1.402439,djf,244.033347,4.647834,mam,0.115032801,0.302954697,184.3864003,0.0,4.960773818,0.343842317,17.29088313,2.909494247,0.00232071,1.0292327,0.576887696,0.073679538,0.471648913,0.024245451,1,6.81025641,24.15056818,12.85294118,147.54,107.64,0.642192356,0.536723209,0.137934478,-3.83415791,0.517017435,0.190071423,2.606241978,0.509574228,0.072016027,-5.468640931,-4.387069605,2.890597712,0.481303763,0.000120802,356.7207379,-0.846854361,254.8663609,0.141006119,0.510729798,IGNEOUS,0.861785,SILICSED,0.1382151,0.0,0.861785,0.1382151,0.0,0.0,0.0,0.0,0.0,20.0,41.75,63.5,1.040328493,115.6765,115.4509,253,1019.826,508.6724,766.826,23.58,22.47786,0.793081,3,0.609626,0.397454,0.03774,0.8532,0.085,0.0552,0.0066,0.0,0.0,0.0,0.0,0.0,0.0,1.0,0.0,0.0,0.0,0.0,0.0,0.0,0.00035,0.0,0.0,0.0,0.0038,0.0,0.0,0.00015,3e-05,0.0,0.0,0.84352,0.14967,0.0,0.00252,0.0,0.99571,0.0,0.0,94.04771,93.73624,0.593552,0.593552,4.691115,3.89835,0.0,0.0,0.667626,0.323375,22.47786,0.0,0.0,0,0.245283,0.026667,0.0,0.254323,0.139077,0.0,0.069539,0.172028,0.184462,0.0,0.0,2002.148,0.049386,0.327553,0.45991,126.2486,75.04102,60.70747,7.01672,0.67839,0.510096,0.637829,0.532386,0.389319,0.319895,0.379368,0.517917,0.650705,0.775487,0.827704,0.799855
221210,1972-08-24,2022-02-28,49.516769336071185,0.0,0.03146079840760809,5.279776258534401,125,1.5672849720533502,Genoa River at The Gorge (221210),South East Coast (Victoria),EAST GIPPSLAND,No notes,-37.416389,149.518611,-37.2390062,149.379466,55,838.8,VIC,NSW,1400,2300,2300,Not nested,,0,19720824,20220228,0.0,17.0,15.32266745,8.987277352,11.45197442,0.049762247,8.048758064,2.536399,3.003201,1.184041,0.03602,0.0,17.60046,1.433382,djf,247.458156,4.891436,mam,0.115769533,0.214488925,226.7198627,0.0,5.883980565,0.379542049,18.20309597,4.987262806,0.00051502,1.09864378,0.63073781,0.093055402,0.574532788,0.031460798,1,7.547085202,36.71731449,40.64285714,155.64,107.14,0.600942497,0.532550364,0.149658436,-3.743513438,0.637196556,0.215142034,1.937087171,0.406256983,0.077194306,-7.793059339,-6.075227969,3.467767425,0.490172998,5.83e-05,344.6532427,-0.892802237,223.5176215,0.15365454,0.502388707,IGNEOUS,0.6209481,SILICSED,0.341142,0.00259767,0.6209481,0.341142,0.0,0.03531176,0.0,0.0,0.0,27.0,40.0,53.0,1.036315772,117.4888,113.571,71,1091.014,480.4022,1020.014,18.17,80.35871,0.919727,4,0.408169,0.398882,0.012641,0.7725,0.1097,0.0937,0.0235,0.0006,0.0,0.0,0.0,0.0,0.0,1.0,0.0,0.0,0.0,0.0,0.0,0.0,0.00013,0.00187,0.0,0.0,0.00122,0.0,0.0,0.00011,0.00025,3e-05,0.0,0.80147,0.1907,0.00012,0.00414,0.0,0.99643,0.030999,0.025534,89.9579,79.14024,0.007281,0.007281,9.669036,7.985026,0.0,0.0,0.334727,0.087334,80.35871,0.0,0.0,0,0.06,0.012121,0.4,0.37605,0.120384,0.0,0.060192,0.171569,0.184462,0.0,0.0,2070.665,0.051694,0.334659,0.45213,122.8838,70.59216,61.24852,7.104889,0.690203,0.542523,0.650562,0.539712,0.392456,0.323072,0.38323,0.51993,0.649471,0.768548,0.832812,0.812321
221211,1974-08-13,2022-02-28,47.5482546201232,0.0005182242183451373,0.0,9.556564602250804,125,1.2824601800493258,Combienbar River at Combienbar (221211),South East Coast (Victoria),EAST GIPPSLAND,No notes,-37.44,148.98,-37.37233504,149.0073221,55,179.3,VIC,,1400,2300,2300,Level 1,221212,0,19740813,20220228,0.000518224,30.0,16.84590496,9.030648455,13.40530907,0.051822422,4.24170758,2.746916,2.993895,1.089911,-0.057564,0.000121,17.33079,1.384063,mam,237.498345,4.332732,mam,0.200733012,0.441027855,133.7296598,0.00385497,3.499746412,0.472867614,14.61674549,2.738749398,0.03662242,1.41670943,0.361456855,0.043034912,0.245419979,0.0,1,3.952380952,14.74048443,0.0,145.2765957,116.3829787,0.619523998,0.586318226,0.097725823,-2.274672447,0.423285948,0.147755889,1.219425039,0.546801202,0.087707247,-4.652547877,-3.310790169,2.937514948,0.686802933,0.00032514,401.1911227,-0.809763711,249.5551411,0.176366344,0.497301494,SILICSED,0.9731317,UNCONSOLDTED,0.02015758,0.02015758,0.00671073,0.9731317,0.0,0.0,0.0,0.0,0.0,39.0,49.0,29.0,1.585716182,295.0651,177.2853,176,1199.616,509.6145,1023.616,31.08,23.39649,0.916113,4,0.650081,0.325463,0.043721,0.9066,0.0444,0.0354,0.0128,0.0008,0.0,0.0,0.0,0.0,0.0,1.0,0.0,0.0,0.0,0.0,0.0,0.0,0.00104,0.0027,0.0,0.0,0.01162,0.0,0.0,0.0,5e-05,0.0,0.0,0.86924,0.11442,0.0,0.00088,0.0,0.98454,0.0,0.0,99.99999,93.8677,0.0,0.0,0.0,0.0,0.0,0.0,0.0,0.0,23.39649,0.0,0.0,0,0.266667,0.0,0.0,0.5,0.241737,0.0,0.120868,0.170927,0.218075,0.0,0.0,2207.311,0.04855,0.331938,0.45893,128.4637,83.57376,60.54476,7.588445,0.756881,0.529636,0.697785,0.572415,0.412316,0.333415,0.394815,0.551807,0.702011,0.856215,0.907825,0.878256
221212,1975-05-02,2022-02-28,46.83093771389459,0.0,0.0,9.13441747827486,125,1.6660370524595947,Bemm River at Princes HWY (221212),South East Coast (Victoria),EAST GIPPSLAND,No notes,-37.606,148.9,-37.44278671,148.9083798,55,727.2,VIC,,1400,2300,2300,Not nested,,2,19750502,20220228,0.0,19.0,14.18857245,4.764121937,11.13653744,0.035077463,2.874167014,2.806528,3.001282,1.069393,-0.073868,1e-06,17.573493,1.399427,mam,236.257863,4.294608,mam,0.252129135,0.531240788,124.128441,0.30094637,2.884404807,0.6045333,15.80023816,3.040555105,0.09314724,1.65217542,0.296570735,0.024846536,0.1055247,0.0,1,3.269230769,11.49681529,0.0,153.4468085,125.2553191,0.642598407,0.630868519,0.062376577,-1.967342981,0.336966836,0.139676592,0.852450568,0.497903564,0.102051596,-3.830237128,-3.054615538,2.564038894,0.717384012,0.000189048,392.96959,-0.818816546,233.4693603,0.219600339,0.464715109,SILICSED,0.8305045,IGNEOUS,0.1623379,0.00715755,0.1623379,0.8305045,0.0,0.0,0.0,0.0,0.0,14.0,43.0,74.0,1.473959107,270.9105,165.7112,106,1256.611,461.1137,1150.611,28.39,52.22152,0.907267,5,0.584136,0.325252,0.022576,0.8944,0.0598,0.0384,0.0071,0.0003,0.0,0.0,0.0,0.0,0.0,1.0,0.0,0.0,0.0,0.0,0.0,0.0,0.00032,0.001,0.0,0.0,0.00687,0.0,0.0,0.0,2e-05,0.0,0.0,0.86899,0.12168,0.0,0.00112,0.0,0.99179,0.0,0.0,98.17084,95.82484,0.016811,0.016811,1.812351,1.690607,0.0,0.0,0.0,0.0,52.22152,0.0,0.0,0,0.65,0.0,0.0,0.197917,0.208474,0.0,0.104237,0.21116,0.306542,0.0,0.0,2430.985,0.055053,0.353338,0.46,126.4364,80.19913,61.64829,8.286169,0.814066,0.564354,0.752776,0.629139,0.449812,0.361198,0.430724,0.605246,0.781951,0.944158,0.995127,0.963815
222004,1950-01-01,2022-02-28,72.1615331964408,0.0,0.0,32.192747847726054,125,1.9792400090340514,Little Plains River at Wellesley (Rowes) (222004),South East Coast (Victoria),SNOWY RIVER,No notes,-36.9969,149.0925,-37.14142503,149.0317206,55,614.3,NSW,VIC,1400,2300,2300,Not nested,,0,19500101,20220228,0.0,10.0,21.76432582,12.59153198,17.36112045,0.056910878,3.801469318,2.403872,2.935697,1.221237,0.012002,0.006366,18.346547,1.328776,djf,246.541278,4.711733,mam,0.251266122,0.557688263,176.0537493,0.00548543,2.571796905,0.409451644,15.33370214,1.108864748,0.03896074,1.34337202,0.375122298,0.04017908,0.202147437,0.0,1,5.573684211,17.41176471,0.0,162.8472222,122.5,0.815669562,0.718843172,0.063058038,-2.592424286,0.225573691,0.116780939,1.383659463,0.339305711,0.075163249,-4.430415665,-3.633919424,2.69396873,0.649512575,0.023651487,339.6395939,-0.820491091,277.3535557,0.169922917,0.442337329,SILICSED,0.8831341,IGNEOUS,0.0926632,0.02187193,0.0926632,0.8831341,0.0,0.00233096,0.0,0.0,0.0,20.0,30.0,60.0,0.958429597,100.0,101.9739,725,1302.005,858.684,577.005,10.14,54.08285,0.828106,5,0.517543,0.26408,0.011139,0.6359,0.127,0.1695,0.0662,0.0014,0.0,0.0,0.0,0.0,0.0,0.94,0.0,0.0,0.0,0.0,0.0,0.0,0.00018,0.2704,0.0,0.0,0.00105,0.0,0.0002,0.00186,0.00112,0.00012,0.0,0.49942,0.21044,0.00062,0.01461,0.0,0.72509,3.014333,0.097624,41.39363,30.87988,0.0,0.0,55.1415,15.22145,0.0,0.0,0.45057,11.51373,54.08285,0.0,0.0,0,0.098361,0.047619,0.0,0.731846,0.261227,0.000139,0.130683,0.218608,0.357279,0.0,0.0,1766.696,0.020195,0.221815,0.433485,148.1219,92.75279,61.49102,5.698002,0.584612,0.415958,0.515082,0.419657,0.310629,0.252671,0.294524,0.407026,0.520339,0.644526,0.677856,0.657484
222016,1975-03-19,2022-02-28,46.95140314852841,0.015336171205318095,0.0,37.10031981717221,125,1.2622838773827338,Pinch River at The Barry Way (222016),South East Coast (Victoria),SNOWY RIVER,No notes,-36.7936,148.4033,-36.71071063,148.3222475,55,157.9,NSW,,1400,2300,2300,Not nested,,0,19750319,20220228,0.015336171,11.0,10.18285421,13.74772138,8.271104731,0.069974926,1.120773831,2.490806,2.972667,1.193456,-0.056075,0.009404,17.789229,1.263729,son,228.752049,4.332312,mam,1.007594922,0.740616391,57.45384829,0.17022795,0.947083117,0.863742066,5.639627093,0.669182124,0.17077382,2.22774196,0.297455962,0.002013502,0.052114177,0.0,1,1.47826087,8.62745098,0.0,176.1315789,112.0,0.810870288,0.574401149,0.045950982,-2.323548211,0.172464629,0.112194308,1.676384398,0.548152403,0.180157615,-2.490341718,-2.569086525,0.901721934,0.809444707,0.035905978,270.4407324,-0.711217348,150.7030211,0.350830849,0.513517028,IGNEOUS,0.9043727,SILICSED,0.09562742,0.0,0.9043727,0.09562742,0.0,0.0,0.0,0.0,0.0,19.25,35.125,56.25,0.865484131,151.353,152.9354,285,1777.628,1016.52,1492.628,31.11,32.32621,0.890432,4,0.437132,0.499772,0.047068,0.926,0.0508,0.0214,0.0018,0.0,0.0,0.0,0.0,0.0,0.0,1.0,0.0,0.0,0.0,0.0,0.0,0.0,0.03285,0.0031,0.0,0.0,0.0111,0.0021,0.00029,0.01595,0.0023,5e-05,0.0,0.19801,0.57745,0.00103,0.15572,0.0,0.93221,1.423109,1.423109,83.26447,83.26447,0.0,0.0,15.30256,15.30256,0.009876,0.009876,0.0,0.0,32.32621,0.0,0.0,0,0.125,0.0,0.0,0.0,0.001247,0.0,0.000624,0.31411,0.315918,0.0,0.0,1993.536,0.023151,0.221612,0.415365,159.4603,105.5879,76.38435,6.889928,0.733741,0.52516,0.645047,0.500948,0.368539,0.291412,0.337475,0.476451,0.617005,0.786455,0.811414,0.798126
222202,1950-01-01,2022-02-28,72.1615331964408,0.01768031263042076,0.0,15.628857505060843,125,1.8604911952206165,Brodribb Riber River at Sardine Creek (222202),South East Coast (Victoria),SNOWY RIVER,No notes,-37.512,148.55,-37.40646946,148.6551509,55,652.1,VIC,,1400,2300,2300,Not nested,,0,19500101,20220228,0.017680313,34.0,46.44690298,7.1231683,36.38476825,0.003794059,0.421581942,2.631763,3.012271,1.144583,-0.055129,0.000119,18.103844,1.370068,son,239.053442,4.328451,mam,0.250190378,0.502137783,120.1039515,0.19714978,2.854673971,0.555511827,13.20373794,2.514777984,0.07048626,1.60342994,0.315397992,0.035572207,0.144644857,0.0,1,4.559405941,14.92031873,0.0,155.2,121.6769231,0.699834281,0.737069988,0.064125655,-2.113861903,0.320121478,0.138076607,0.850602654,0.462355798,0.099352942,-4.312190543,-2.815431057,2.398229095,0.706351694,0.000504498,379.174729,-0.827769212,239.8111122,0.208916567,0.475562772,SILICSED,0.7114813,IGNEOUS,0.2885198,0.0,0.2885198,0.7114813,0.0,0.0,0.0,0.0,0.0,27.0,40.0,53.0,1.084292467,137.6506,113.0552,122,1286.87,450.4724,1164.87,27.86,56.51165,0.819457,5,0.50889,0.303031,0.021235,0.8981,0.0595,0.0363,0.0061,0.0,0.0,0.0,0.0,0.0,0.0,1.0,0.0,0.0,0.0,0.0,0.0,0.0,0.00299,0.0,0.0,0.0,0.00651,0.0,0.00018,5e-05,0.0001,3e-05,0.0,0.71943,0.2656,3e-05,0.00512,0.0,0.99018,0.0,0.0,97.71033,94.15351,0.044923,0.044923,2.24478,2.065203,0.0,0.0,0.0,0.0,56.51165,0.0,0.0,0,0.26383,0.003226,0.0,0.479839,0.209274,0.0,0.104637,0.235613,0.306542,0.0,0.0,1982.194,0.054074,0.35035,0.463852,122.373,78.40515,61.54137,7.864367,0.753439,0.528452,0.707863,0.599154,0.434299,0.346007,0.41305,0.579322,0.753396,0.907153,0.945816,0.902465
222206,1950-01-01,2022-02-28,72.1615331964408,0.0,3.794058504382138e-05,25.037234557714388,125,2.0352554510605803,Buchan River at Buchan (222206),South East Coast (Victoria),SNOWY RIVER,No notes,-37.494722,148.174722,-37.144633,148.1108278,55,847.5,VIC,,1400,2300,2300,Not nested,,0,19500101,20220228,0.0,69.0,21.58559176,9.411867818,16.77409512,0.011382176,0.699064432,2.701279,2.936934,1.087238,-0.011432,0.004336,18.166767,1.288903,djf,236.024149,4.337849,mam,0.356075293,0.489528459,76.71830655,0.00479151,2.343368702,0.449148657,9.842560829,1.107800255,0.02191858,1.49046372,0.433147323,0.041355238,0.265090868,3.79e-05,1,4.678111588,17.25185185,1.0,167.3611111,104.0694444,0.804219109,0.78851063,0.094917741,-3.183223679,0.261714294,0.141119512,1.899551879,0.436969385,0.081903254,-4.558792553,-3.955061021,2.522391827,0.721069663,0.019997624,398.4203494,-0.898801729,252.4119257,0.162926263,0.50270136,IGNEOUS,0.6763792,SILICSED,0.2810226,0.00398384,0.6763792,0.2810226,0.0,0.00179421,0.00335141,0.03346823,0.0,30.0,50.0,40.0,0.981398574,239.3253,161.9405,87,1800.701,891.3252,1713.701,28.61,108.6426,0.802987,4,0.303137,0.473864,0.015909,0.9066,0.0598,0.0303,0.0032,0.0001,0.0,0.0,0.0,0.0,0.0,1.0,0.0,0.0001,0.0,0.0,0.0,0.0,0.02506,0.01132,0.0,0.0,0.00803,0.0,0.0019,0.00798,0.00301,9e-05,0.0,0.27192,0.56305,0.00188,0.10565,0.0,0.9425,0.804092,0.798671,65.38337,63.67843,0.037934,0.037934,33.69484,31.94197,0.079693,0.079693,0.0,0.0,108.6426,0.0,0.0,0,0.609756,0.32,0.0,0.503542,0.072909,0.0,0.036454,0.199915,32.84853,0.003001,0.003001,1947.979,0.028907,0.26204,0.450792,154.6977,102.9905,68.67368,7.49061,0.745514,0.552543,0.684995,0.550419,0.405894,0.318329,0.377293,0.534597,0.700143,0.875113,0.894756,0.853342
222210,1964-03-27,2020-02-29,55.92881587953457,0.04175641276679068,0.0,15.158456128392128,125,1.7912273260395828,Deddick River at Deddick (Caseys) (222210),South East Coast (Victoria),SNOWY RIVER,No notes,-37.0853747,148.4241522,-37.07046004,148.6181211,55,846.1,VIC,NSW,1400,2300,2300,Not nested,,0,19640327,20200229,0.041756413,,,,,,,2.111648,2.994627,1.418147,0.074042,0.00228,18.876898,1.298701,djf,250.820042,4.80589,mam,0.110104583,0.419875201,50.5649604,0.01121617,3.089323675,0.198026042,11.22288584,0.3742583,0.00980972,0.74248198,0.456300282,0.075555556,0.377471264,0.0,1,7.825396825,21.47965116,0.0,158.877551,99.93877551,0.753963974,0.632175167,0.099331871,-3.210227542,0.33863932,0.154513718,1.915692305,0.428352621,0.05077084,-5.787327419,-4.390866617,3.501327426,0.535748945,0.011291611,309.0714735,-0.87294059,299.3373707,0.094407489,0.537784033,SILICSED,0.6655978,IGNEOUS,0.334403,0.0,0.334403,0.6655978,0.0,0.0,0.0,0.0,0.0,19.0,42.0,65.0,1.003702694,114.9817,114.6769,181,1445.822,747.8394,1264.822,26.39,65.79174,0.798593,5,0.499627,0.451521,0.019343,0.8763,0.0786,0.0407,0.0043,0.0001,0.0,0.0,0.0,0.0,0.0,1.0,0.0,0.0002,0.0,0.0,0.0,0.0,0.00404,0.02937,0.0,0.0,0.00292,0.0,0.00059,0.00889,0.00291,5e-05,0.0,0.17916,0.59765,0.00095,0.17326,0.0,0.95102,0.0,0.0,84.59563,76.54539,0.220131,0.220131,15.14248,12.32466,0.0,0.0,0.041835,0.03093,65.79174,0.0,0.0,0,0.228571,0.015686,0.0,0.278615,0.108607,0.0,0.054304,0.087083,0.218075,0.0,0.0,1410.049,0.031371,0.247444,0.416166,139.976,88.37152,67.71058,6.023382,0.60481,0.432437,0.548896,0.45063,0.341265,0.276526,0.325142,0.445155,0.563444,0.680065,0.700886,0.656925
222213,1957-07-26,2022-02-28,64.5968514715948,0.015385267440874798,0.002238388360380526,30.564925251782665,125,1.9981909078005542,Suggan Buggan River at Suggan Buggan (222213),South East Coast (Victoria),SNOWY RIVER,No notes,-36.954722,148.326667,-36.84833283,148.2543839,55,363.7,VIC,NSW,1400,2300,2300,Not nested,,0,19570726,20220228,0.015385267,31.0,18.13751555,12.94515788,14.26245501,0.033906925,1.24533537,2.717982,2.944748,1.083432,-0.055719,0.023538,17.537537,1.260336,son,224.985658,4.262432,mam,0.375669616,0.546434716,57.12401211,0.0,1.650722246,0.379671828,8.3454295,0.392793918,0.02090514,1.24076767,0.431866731,0.0222117,0.214153502,0.002238388,1,2.882681564,13.93557423,13.0,170.1551724,99.75862069,0.812404437,0.745974579,0.106869438,-3.187025282,0.244295669,0.158662207,2.004132852,0.498772918,0.077524225,-3.733068031,-3.83707429,1.685343656,0.788979762,0.066204705,418.1380248,-0.88434483,311.5600965,0.138460895,0.559899778,IGNEOUS,0.8707526,SILICSED,0.1292475,0.0,0.8707526,0.1292475,0.0,0.0,0.0,0.0,0.0,19.0,42.0,65.0,0.74035499,176.7114,148.2132,370,1828.117,1058.82,1458.117,25.25,42.91153,0.834746,4,0.503265,0.481642,0.034585,0.882,0.0717,0.041,0.0052,0.0001,0.0,0.0,0.0,0.0,0.0,1.0,0.0,0.0,0.0,0.0,0.0,0.0,0.02296,0.0,0.0,0.0,0.00428,0.0018,0.00135,0.00915,0.00691,8e-05,0.0,0.0729,0.62292,0.00536,0.25217,0.0,0.95335,1.279264,1.279264,52.26135,52.29935,0.278187,0.278187,46.18113,45.70462,0.0,0.0,0.0,0.038006,42.91153,0.0,0.0,0,0.092754,0.027907,0.0,0.063408,0.017928,0.0,0.008964,0.171504,0.315918,0.0,0.0,2237.357,0.021211,0.226064,0.429038,164.3604,110.5167,74.41775,6.783831,0.7141,0.52879,0.637713,0.492506,0.363554,0.283293,0.331713,0.467852,0.606399,0.77315,0.798617,0.786894
222217,1976-06-04,2022-02-28,45.738535249828885,5.985873338920148e-05,0.0022747680335228975,8.016732464085802,125,1.365549505808212,Rodger River at Jacksons Crossing (222217),South East Coast (Victoria),SNOWY RIVER,No notes,-37.41,148.36,-37.34424147,148.5021819,55,432.1,VIC,,1400,2300,2300,Not nested,,0,19760604,20220228,5.99e-05,21.0,15.34238189,8.440289362,11.56590951,0.28732192,17.23569639,2.51602,2.998662,1.191828,-0.018152,0.000143,18.427448,1.33812,son,242.496228,4.487939,mam,0.172409788,0.405428128,109.8389329,0.0,4.099909716,0.372155293,19.26038033,2.328075102,0.02039338,1.14362864,0.409357355,0.053097875,0.315294822,0.002274768,1,5.835526316,19.57992565,19.0,148.3333333,104.1333333,0.59586216,0.674150469,0.095751787,-2.649609181,0.414769951,0.152429784,1.649326229,0.418274562,0.069630018,-4.82646936,-3.333182814,2.730851918,0.568006919,0.000629151,368.0830523,-0.825119293,213.4390168,0.149592962,0.465463195,SILICSED,0.6499632,IGNEOUS,0.3500372,0.0,0.3500372,0.6499632,0.0,0.0,0.0,0.0,0.0,16.0,55.0,69.0,1.002818741,260.4044,176.0607,118,1179.819,547.2069,1061.819,26.72,53.4208,0.773836,4,0.438762,0.41626,0.020287,0.8839,0.0682,0.0409,0.007,0.0,0.0,0.0,0.0,0.0,0.0,1.0,0.0,0.0,0.0,0.0,0.0,0.0,0.01733,0.0,0.0,0.0,0.00819,0.0,0.00082,0.00034,0.00052,4e-05,0.0,0.56067,0.39645,1e-05,0.01562,0.0,0.97275,0.0,0.0,99.81324,96.8009,0.055163,0.012447,0.131584,0.049793,0.0,0.0,0.0,0.0,53.4208,0.0,0.0,0,0.029268,0.0,0.0,0.022989,0.128213,0.0,0.064107,0.118575,0.258896,0.0,0.0,1805.752,0.049295,0.334504,0.458775,132.7341,85.85239,61.00819,7.903571,0.760213,0.531728,0.711532,0.599877,0.438874,0.348669,0.417154,0.585934,0.763198,0.92069,0.948612,0.883023
223202,1950-01-01,2022-02-28,72.1615331964408,7.588117008764276e-05,0.0013280212483399733,30.00770203566462,125,1.6314586639270248,Tambo River at Swifts Creek (223202),South East Coast (Victoria),MITCHELL-THOMSON RIVERS,No notes,-37.268056,147.728056,-37.1368414,147.7788038,55,894.3,VIC,,1400,2300,2300,Level 1,223205,0,19500101,20220228,7.59e-05,76.0,13.94305814,7.01724206,10.5725295,0.022764351,2.030632443,2.448911,2.966935,1.211532,-0.027215,0.002107,18.778019,1.273004,son,248.419979,4.819672,mam,0.178776513,0.503605083,82.55793895,0.0,2.58228419,0.230476241,16.76012838,0.354209657,0.006473,0.84487085,0.477543472,0.052513755,0.298425346,0.001328021,1,5.364341085,18.29069767,4.375,167.6428571,99.54285714,0.751514979,0.802689566,0.109664401,-3.303457453,0.279033634,0.150543722,2.084910892,0.453674541,0.04724142,-4.872824449,-4.331408348,2.50005134,0.762848556,0.013571943,399.360901,-0.88750803,267.9757978,0.093197589,0.506895306,IGNEOUS,0.4314927,METAMORPH,0.2874744,0.0321451,0.4314927,0.1962233,0.0,0.0,0.2874744,0.05266356,0.0,21.0,62.0,52.0,0.961686765,174.8538,132.7922,284,1558.502,814.3757,1274.502,28.87,63.15928,0.809919,5,0.536174,0.414421,0.02012,0.8799,0.0657,0.0432,0.0093,0.0019,0.0,0.0,0.0,0.0,0.0,1.0,0.0,0.001,0.0,0.0,0.0001,0.0,0.00968,0.11982,0.0,0.0,0.00742,0.0,0.00185,0.01301,0.0075,0.00018,0.0,0.08835,0.54893,0.00358,0.19859,0.0001,0.83945,0.391616,0.391616,61.90227,56.89341,0.854505,0.828807,36.85152,20.48591,0.0,0.0,0.0,7.472947,63.15928,0.0,0.0,0,0.392,0.15,0.0,0.609375,0.239528,0.273547,0.256537,0.358075,96.21014,0.001847,0.001847,1588.569,0.029329,0.249459,0.429206,142.1732,98.00014,69.94877,6.779207,0.651985,0.495291,0.602116,0.49893,0.383288,0.300066,0.35561,0.506904,0.65069,0.807779,0.791198,0.737585
223204,1961-05-13,2020-02-29,58.80082135523614,0.0055873725380639755,0.020414852273259353,6.655727750607738,125,1.6261026639327045,Nicholson River at Deptford (223204),South East Coast (Victoria),MITCHELL-THOMSON RIVERS,No notes,-37.59294631,147.697124,-37.49503229,147.6025447,55,289.1,VIC,,1400,2300,2300,Not nested,,0,19610513,20200229,0.005587373,,,,,,,2.20468,2.961757,1.343396,0.055969,1.4e-05,17.951031,1.324271,djf,251.988611,4.782156,mam,0.076754951,0.280904407,115.4904704,0.0,5.421489977,0.307085229,15.98855015,2.771757119,0.0076375,0.80036666,0.42203425,0.063164302,0.455822447,0.020414852,1,6.363207547,20.07216495,22.94736842,157.6428571,96.67857143,0.617508843,0.648801138,0.135015806,-2.668418152,0.556558387,0.186945764,1.533408299,0.420046261,0.076751112,-5.213227557,-4.084298233,3.218376513,0.578631336,0.000260552,303.7953149,-0.846839395,179.4853522,0.142959891,0.536871644,SILICSED,0.8694071,IGNEOUS,0.1305929,0.0,0.1305929,0.8694071,0.0,0.0,0.0,0.0,0.0,16.0,55.0,69.0,1.0,164.8353,124.3627,131,1296.857,497.4985,1165.857,34.93,39.95189,0.816912,4,0.482016,0.319209,0.029389,0.9512,0.0325,0.0158,0.0005,0.0,0.0,0.0,0.0,0.0,0.0,1.0,0.0,0.0,0.0,0.0,0.0,0.0,0.00505,0.0,0.0,0.0,0.02835,0.0,0.00028,0.00222,0.00018,0.00014,0.0,0.33459,0.58453,5e-05,0.04461,0.0,0.96378,0.0,0.0,99.51023,99.31039,0.0,0.0,0.489797,0.489797,0.0,0.0,0.0,0.0,39.95189,0.0,0.0,0,0.8,0.4,0.0,0.375,0.259244,0.0,0.129622,0.145135,0.163859,0.0,0.0,1383.426,0.051356,0.341463,0.466363,127.1634,81.59423,60.8289,7.175482,0.697045,0.529831,0.646756,0.549682,0.399765,0.309146,0.368281,0.524023,0.689935,0.847092,0.848544,0.766305
223205,1965-06-10,2020-02-29,54.724161533196444,0.0,0.0005503301981188714,13.282208969542655,125,2.154512782082466,Tambo River at D/S Of Ramrod Creek (223205),South East Coast (Victoria),MITCHELL-THOMSON RIVERS,No notes,-37.67253062,147.8698513,-37.32299696,147.8477181,55,2673.2,VIC,,1400,2300,2300,Not nested,,1,19650610,20200229,0.0,,,,,,,2.310688,2.98143,1.290278,0.028402,0.00037,18.04991,1.317585,djf,248.644704,4.741344,mam,0.111343355,0.419511632,70.56824743,0.0,3.719537268,0.24015143,14.39180961,0.797899485,0.0125606,0.72266684,0.395136514,0.049879928,0.293826296,0.00055033,1,5.569832402,18.64444444,11.0,158.5636364,105.8181818,0.723720092,0.69777032,0.101753604,-2.670068521,0.366976472,0.147279382,1.399934398,0.407264167,0.052712576,-4.913016006,-3.834305394,2.126495166,0.6557048,0.000887868,343.3553305,-0.841202069,252.9686469,0.105931085,0.497611969,SILICSED,0.346428,IGNEOUS,0.3463445,0.01936509,0.3463445,0.346428,0.0,0.01171243,0.239749,0.03639767,0.0,16.0,55.0,69.0,0.997285124,140.2118,113.1713,27,1558.502,595.6766,1531.502,26.96,145.348,0.78939,5,0.401498,0.375163,0.010602,0.877,0.0711,0.0443,0.0068,0.0008,0.0,0.0,0.0,0.0,0.0,0.66,0.0,0.0003,0.0,0.0,0.0,0.0,0.00462,0.12896,0.0,0.0,0.00909,0.0,0.00069,0.00492,0.00266,6e-05,0.0,0.30071,0.46726,0.00122,0.07944,0.0,0.84863,0.346532,0.345957,72.6185,68.30925,0.375219,0.366565,26.65946,13.80571,0.0,0.0,0.0,2.619944,145.348,0.0,0.0,0,0.138461,0.1,0.0,0.337695,0.23813,0.478098,0.358114,0.300007,96.21014,0.007674,0.00062,1527.763,0.042073,0.298501,0.442783,129.1431,86.06881,66.85579,6.996327,0.677545,0.50447,0.617103,0.519139,0.39696,0.311552,0.37117,0.520576,0.676605,0.823752,0.8212,0.758762
224201,1965-12-12,2022-02-28,56.21629021218344,0.00024351044659815907,0.0,108.7308872844091,125,2.2826508830440515,Wonnangatta R River at Waterford (224201),South East Coast (Victoria),MITCHELL-THOMSON RIVERS,No notes,-37.49,147.17,-37.27244568,146.9648022,55,1974.8,VIC,,1400,2300,2300,Level 1,224203,1,19651212,20220228,0.00024351,18.0,7.79824259,13.15847608,5.727710354,0.029221254,0.708152829,3.179044,2.91868,0.9181,-0.298061,0.003468,17.627427,1.218769,jja,218.441667,4.26483,djf,1.018223008,0.620737101,73.34527688,0.00437522,1.568688142,0.804301303,4.225175111,1.591881632,0.0264263,3.22243352,0.550299787,0.050224084,0.327747467,0.0,1,6.248484848,29.63876652,0.0,153.5714286,86.76785714,0.907506443,0.865802198,0.080913999,-4.281158805,0.162327625,0.11078836,2.555458324,0.420504386,0.137957873,-4.711381171,-4.269521067,1.701231185,0.760206143,0.013786214,456.3360719,-0.931337293,330.8020648,0.258458616,0.533771615,SILICSED,0.8882964,IGNEOUS,0.1022543,0.0094495,0.1022543,0.8882964,0.0,0.0,0.0,0.0,0.0,19.38235,59.73529,57.5,1.080656409,209.4669,173.1625,183,1711.76,895.5827,1528.76,41.08,110.5536,0.834471,6,0.454563,0.466753,0.013845,0.9467,0.0289,0.019,0.0053,0.0001,0.0,0.0,0.0,0.0,0.0,1.0,0.0,0.0,0.0,0.0,0.0,0.0,0.00765,0.001,0.0,0.0,0.02304,0.0034,0.00137,0.02033,0.00718,0.00032,1e-05,0.15345,0.65992,0.00159,0.12075,0.0,0.93571,2.292906,2.184973,64.49741,63.33598,3.75833,3.757555,29.45144,29.09635,0.0,0.0,0.0,0.0,110.5536,0.0,0.0,0,0.139175,0.003425,0.0,0.415986,0.129063,0.0,0.064531,0.051879,0.770155,0.0,0.0,3102.024,0.034969,0.280139,0.454209,158.1234,103.5434,66.92283,7.142777,0.7348,0.559322,0.654735,0.54758,0.374745,0.276178,0.324839,0.484587,0.654469,0.852896,0.846529,0.831669
224203,1950-03-01,2020-02-29,70.00136892539356,0.0,0.000977784730913642,22.947780016651333,125,2.4620721116807296,Mitchell River at Glenaladale (224203),South East Coast (Victoria),MITCHELL-THOMSON RIVERS,No notes,-37.76358991,147.3747776,-37.34325108,147.1438566,55,3917.6,VIC,,1400,2300,2300,Not nested,,3,19500301,20200229,0.0,,,,,,,2.885541,2.934001,1.016794,-0.212451,0.000588,17.133032,1.226512,jja,224.032824,4.303004,djf,0.660129248,0.554199507,86.16130411,0.0,1.770762597,0.59111852,8.03596127,1.095644878,0.02189197,2.02798167,0.515200413,0.032345119,0.305929287,0.000977785,1,3.776255708,26.97241379,12.5,156.5714286,90.08571429,0.844005009,0.764570035,0.100187632,-4.027775638,0.20618407,0.118163194,2.577387139,0.413283103,0.114204069,-4.645271008,-4.361662793,2.162809717,0.680722506,0.004739148,437.881384,-0.928859931,341.775613,0.205254106,0.556403334,SILICSED,0.8893385,IGNEOUS,0.08297598,0.00896056,0.08297598,0.8893385,0.0,2.54e-05,0.01696138,0.0,0.0,24.3,43.55,57.1,1.0576819,183.6725,153.1814,41,1859.023,762.2639,1818.023,37.47,178.9752,0.817352,6,0.394376,0.400725,0.010226,0.9334,0.0381,0.0239,0.0044,0.0002,0.0,0.0,0.0,0.0,0.0,0.7,0.0,0.0001,0.0,0.0,0.0,0.0,0.00851,0.01148,0.0,0.0,0.0209,0.0029,0.00097,0.01573,0.00465,0.00022,1e-05,0.18303,0.64779,0.00125,0.10249,0.0,0.93456,1.467975,1.409322,72.5488,70.6263,2.052155,2.051368,23.93101,22.48746,0.0,0.0,0.0,0.55255,178.9752,0.0,0.0,0,0.147253,0.055814,0.0,0.657949,0.138321,0.116926,0.127623,0.177946,134.4571,0.057639,0.001256,2421.066,0.041216,0.300362,0.454471,147.5132,96.10703,66.11628,6.979202,0.697417,0.531896,0.633726,0.537935,0.376824,0.281708,0.33392,0.48841,0.65394,0.83407,0.824696,0.784923
224206,1960-03-11,2022-02-28,61.97125256673511,0.0,0.016743980561077978,34.0394773368782,125,2.2231562130521874,Wonnangatta River at Crooked River (224206),South East Coast (Victoria),MITCHELL-THOMSON RIVERS,No notes,-37.406389,147.088056,-37.29368408,146.8718321,55,1102.3,VIC,,1400,2300,2300,Level 2,224201,0,19600311,20220228,0.0,41.0,8.132008151,7.410826705,6.118258441,0.039761431,1.102483834,3.11481,2.913195,0.935272,-0.304467,0.003575,17.348768,1.213074,jja,217.42591,4.287892,djf,1.105077006,0.584960552,77.63913562,0.0,1.600573188,0.805965911,5.113651987,1.664119164,0.01395192,3.04551574,0.594711628,0.042809808,0.340269494,0.016743981,1,4.845,29.73745174,18.95,155.4032258,82.56451613,0.882962742,0.768567059,0.117791157,-4.585124858,0.183742373,0.117572464,3.016179119,0.436396936,0.149806941,-4.586709923,-4.189592441,1.911745979,0.668820717,0.01331763,446.018348,-0.938112614,312.848283,0.262992992,0.569623319,SILICSED,0.8196532,IGNEOUS,0.1660397,0.01430853,0.1660397,0.8196532,0.0,0.0,0.0,0.0,0.0,20.55882,61.38235,53.5,1.115519118,213.9357,185.6777,249,1669.661,913.8056,1420.661,38.7,76.6833,0.854983,6,0.487843,0.472417,0.018683,0.9337,0.0354,0.0232,0.0075,0.0002,0.0,0.0,0.0,0.0,0.0,1.0,0.0,0.0,0.0,0.0,0.0,0.0,0.00318,0.0003,0.0,0.0,0.01699,0.0008,0.00096,0.01364,0.00588,0.0003,1e-05,0.18965,0.66775,0.00124,0.09918,0.0,0.95782,3.240851,3.240851,65.00096,63.69258,3.705303,3.705303,28.05305,27.85052,0.0,0.0,0.0,0.0,76.6833,0.0,0.0,0,0.192593,0.010989,0.0,0.367496,0.077349,0.0,0.038675,0.048734,0.695635,0.0,0.0,3284.529,0.034715,0.278936,0.454705,162.1125,105.3213,66.94735,6.996463,0.714135,0.53981,0.639362,0.539931,0.369287,0.270573,0.318279,0.476664,0.644808,0.841734,0.829388,0.81268
224213,1973-05-25,2022-02-28,48.766598220396986,0.0018526835841006064,0.001237414927723719,21.117047027188615,125,2.0956428654289834,Dargo River at Lower Dargo Rd (224213),South East Coast (Victoria),MITCHELL-THOMSON RIVERS,In CAMELS-AUS version 1 this catchment ID had an A on the end. However following the example of both the Bureau of Meteorology and the data owner (in this case the government of Victoria) we are now omitting the A from the ID,-37.493889,147.271389,-37.2265301,147.2443976,55,666.3,VIC,,1400,2300,2300,Level 1,224203,0,19730525,20220228,0.001852684,23.0,13.33409412,7.672478011,9.961770272,0.028070963,0.765020262,3.241622,2.909689,0.897603,-0.25735,0.003919,18.391492,1.230307,jja,223.646297,4.185734,djf,0.772234547,0.5706438,63.54542998,0.0,1.433815941,0.668050773,5.681466947,0.91749932,0.04292121,2.21426745,0.461793258,0.020923562,0.245908094,0.001237415,1,2.88372093,18.14107884,22.0,157.4444444,90.95555556,0.854780932,0.773430856,0.080273352,-3.747079717,0.199677509,0.126591787,2.053742916,0.457592056,0.11741399,-4.172703529,-3.434937463,1.613758234,0.705508648,0.016898257,477.4195766,-0.92942783,381.3053306,0.212072634,0.553649889,SILICSED,0.7686581,IGNEOUS,0.1276978,0.00413245,0.1276978,0.7686581,0.0,0.0,0.08937536,0.0,0.0,21.0,62.0,52.0,1.103901027,185.9777,167.2073,187,1859.023,921.7853,1672.023,39.02,91.24588,0.769249,4,0.320266,0.443656,0.018463,0.9374,0.0352,0.0231,0.0039,0.0004,0.0,0.0,0.0,0.0,0.0,1.0,0.0,0.0003,0.0,0.0,0.0,0.0,0.01971,0.03678,0.0,0.0,0.02785,0.0069,0.00115,0.02189,0.00514,0.00022,1e-05,0.16365,0.61139,0.00188,0.10298,0.0001,0.8799,1.767333,1.744341,60.69017,59.37859,0.394211,0.391909,37.14823,32.66599,0.0,0.0,0.0,0.0,91.24588,0.0,0.0,0,0.130435,0.021622,0.0,0.446601,0.1254,0.0,0.0627,0.292954,134.4571,0.015779,0.007339,2404.167,0.032832,0.274662,0.453335,157.7886,104.3274,67.83547,6.970773,0.699216,0.542915,0.631942,0.533157,0.377379,0.282702,0.332956,0.486136,0.648119,0.832145,0.817565,0.78601
224214,1974-08-15,2022-02-28,47.54277891854894,0.0068528649582493524,0.0036530209903745795,8.617654605086678,125,1.361351692256773,Wentworth River at Tabberabbera (224214),South East Coast (Victoria),MITCHELL-THOMSON RIVERS,In CAMELS-AUS version 1 this catchment ID had an A on the end. However following the example of both the Bureau of Meteorology and the data owner (in this case the government of Victoria) we are now omitting the A from the ID,-37.494444,147.393333,-37.37260302,147.4224491,55,440.6,VIC,,1400,2300,2300,Level 1,224203,0,19740815,20220228,0.006852865,17.0,10.36566374,15.94010955,8.137902319,0.345522603,17.22926668,2.497621,2.950132,1.181177,-0.070461,0.000502,18.193734,1.281824,son,244.033347,4.527685,djf,0.125379183,0.492840895,84.30726101,0.0,3.75140348,0.245097709,21.06524855,0.845407422,0.01686428,0.70065184,0.35810312,0.037399977,0.209845761,0.003653021,1,5.243902439,16.22869955,15.75,155.5555556,111.0444444,0.610687733,0.730779423,0.081147772,-2.368433092,0.33423332,0.118807505,1.290838352,0.47460382,0.045222762,-3.607437177,-2.84661201,2.623136634,0.736213801,0.001717159,389.045448,-0.817071833,237.6925366,0.101560456,0.445279234,SILICSED,0.9744691,METAMORPH,0.01435905,0.0,0.01117189,0.9744691,0.0,0.0,0.01435905,0.0,0.0,19.92857,60.5,55.64286,1.00470941,204.675,146.97,176,1460.209,683.1629,1284.209,35.39,53.45837,0.804488,4,0.446404,0.410518,0.024658,0.9457,0.0369,0.0168,0.0006,0.0,0.0,0.0,0.0,0.0,0.0,1.0,0.0,0.0,0.0,0.0,0.0,0.0,0.01069,0.0,0.0,0.0,0.01822,0.0,0.00063,0.00724,0.00082,0.00018,0.0,0.18552,0.66105,0.00088,0.11478,0.0,0.96223,0.024028,0.024028,92.10503,92.08107,0.14083,0.14083,7.730062,7.706033,0.0,0.0,0.0,0.0,53.45837,0.0,0.0,0,0.021277,0.005333,0.0,0.372458,0.245706,0.0,0.122853,0.147473,0.603392,0.0,0.0,1410.539,0.042378,0.306086,0.458858,140.018,91.94888,63.39565,7.168616,0.680424,0.528938,0.639791,0.552442,0.399512,0.304924,0.365059,0.528615,0.694625,0.868412,0.842424,0.76443
225201,1976-11-12,2020-02-29,43.29911019849418,0.0,0.0,4.731082829615953,125,1.3242552749847825,Avon River at Stratford (225201),South East Coast (Victoria),MITCHELL-THOMSON RIVERS,No notes,-37.9685868,147.0760061,-37.70955956,146.9670216,55,1460.2,VIC,,1400,2300,2300,Not nested,,3,19761112,20200229,0.0,,,,,,,2.125984,2.936079,1.381045,-0.020947,0.0,17.195955,1.341515,djf,247.296354,4.864038,djf,0.098225158,0.232091147,185.0275079,0.00287425,6.962244773,0.28682937,28.09489432,3.987914258,0.00575606,0.70523079,0.476244558,0.067467594,0.529434082,0.0,1,7.845588235,31.71590909,0.0,161.2272727,90.02272727,0.532571889,0.602713168,0.138312682,-3.257086291,0.598990298,0.124532505,2.391320101,0.411411957,0.075011923,-4.662650575,-3.912899717,2.562533202,0.574440739,6.69e-05,302.9100863,-0.859933416,193.5694519,0.141060554,0.53177108,SILICSED,0.6967781,UNCONSOLDTED,0.1575383,0.1575383,0.1159938,0.6967781,0.0,0.02824667,0.0,0.0,0.0,26.19048,52.18849,56.71429,0.992688409,144.5898,125.5823,12,1614.465,383.5808,1602.465,28.34,98.62528,0.792555,5,0.445103,0.232328,0.016257,0.8265,0.0413,0.0435,0.0321,0.0148,0.0254,0.0164,0.0,0.0,0.0,0.07,0.0,0.0,0.0,0.00246,0.00541,0.0,0.0024,0.12385,0.0,0.00017,0.01223,0.0003,0.00095,0.00367,0.00201,0.00024,2e-05,0.19765,0.58413,0.00048,0.06302,0.001,0.84528,2.916496,0.030542,84.16656,78.99638,0.235345,0.121371,12.68183,3.509932,0.0,0.0,0.0,16.16275,98.62528,0.0,0.0,0,0.333929,0.192814,1.0,0.659525,0.140743,0.316948,0.228845,2.184231,544.6716,0.079544,0.003129,1409.466,0.057456,0.339641,0.436909,125.8246,73.51411,65.66479,6.558517,0.632961,0.481407,0.591052,0.516961,0.361649,0.266003,0.323062,0.474198,0.641599,0.788509,0.776661,0.705261
225209,1952-08-02,2020-02-29,67.57837097878166,0.005590892517117044,0.0,18.290844405970294,125,1.8301855592482876,Macalister River at Licola (225209),South East Coast (Victoria),MITCHELL-THOMSON RIVERS,No notes,-37.62961037,146.6233123,-37.43294723,146.6249625,55,1237.3,VIC,,1400,2300,2300,Level 1,225221,1,19520802,20200229,0.005590893,,,,,,,2.992637,2.86149,0.956177,-0.288945,0.004074,16.620659,1.206919,jja,217.434899,4.294159,djf,1.057438663,0.520055891,93.16220885,0.00154934,1.621051697,0.877008176,5.059582792,2.021161491,0.02803685,3.20912309,0.582542444,0.04522306,0.353799144,0.0,1,3.580645161,28.37908497,0.0,155.9491525,79.79661017,0.841921658,0.654009116,0.092117174,-4.813551838,0.236723514,0.1388957,2.866925715,0.436860567,0.186656429,-4.897237675,-4.181151494,1.940015776,0.679857295,0.013561712,416.1265318,-0.954693513,272.3945704,0.293225622,0.63656248,SILICSED,0.8834364,IGNEOUS,0.1070765,0.0094877,0.1070765,0.8834364,0.0,0.0,0.0,0.0,0.0,16.0,55.0,69.0,1.095748705,212.9741,178.842,202,1719.97,910.9236,1517.97,38.41,69.95727,0.888376,5,0.566865,0.472028,0.021904,0.9413,0.0341,0.0213,0.0033,0.0,0.0,0.0,0.0,0.0,0.0,1.0,0.0,0.0002,0.0,0.0,0.0,0.0,0.00494,0.00308,0.0,0.0,0.01855,0.0067,0.00262,0.01805,0.01444,0.00067,4e-05,0.145,0.63917,0.00369,0.14285,0.0,0.93071,4.736247,4.600892,66.09023,64.64186,3.229979,3.203943,25.9436,25.0188,0.0,0.0,0.0,0.0,69.95727,0.0,0.0,0,0.4,0.1125,0.0,0.59375,0.093897,0.0,0.046948,0.029201,0.447368,0.0,0.0,2029.883,0.031464,0.273614,0.463753,165.2562,106.4992,65.77307,7.215356,0.731323,0.534474,0.651092,0.565966,0.382283,0.272649,0.325912,0.501964,0.682177,0.889974,0.849582,0.830058
225213,1963-06-29,2022-02-28,58.672142368240934,0.0005132991133924406,0.014426443811569168,7.201040793805757,125,1.6766633797984067,Aberfeldy River at Beardmore (225213),South East Coast (Victoria),MITCHELL-THOMSON RIVERS,No notes,-37.854,146.43,-37.73238457,146.4492367,55,311.0,VIC,,1400,2300,2300,Not nested,,0,19630629,20220228,0.000513299,66.0,50.24627968,12.16356552,38.44045757,0.018665422,2.563467685,3.101592,2.808875,0.905624,-0.22121,0.000718,15.667825,1.212944,son,212.401059,3.851508,djf,0.512109913,0.414935291,201.4516326,0.0,3.441671459,0.582035478,20.53022721,4.01270965,0.01416985,1.99378111,0.510693624,0.055651524,0.35417153,0.014426444,1,4.925619835,23.55900621,30.9,155.9482759,88.74137931,0.634081651,0.514879715,0.114973437,-3.763420916,0.357350874,0.152926714,2.544229072,0.422605296,0.105090401,-5.509215276,-3.609836466,3.0651686,0.70493345,0.002207389,482.751365,-0.922726687,330.6340393,0.192115948,0.547015499,SILICSED,0.9966615,IGNEOUS,0.00333835,0.0,0.00333835,0.9966615,0.0,0.0,0.0,0.0,0.0,28.83333,41.25,45.16667,1.021345533,283.0297,193.4241,358,1455.339,756.9724,1097.339,38.33,40.44139,0.908741,4,0.494161,0.40021,0.028791,0.96,0.0273,0.0123,0.0004,0.0,0.0,0.0,0.0,0.0,0.0,1.0,0.0,0.0,0.0,0.0,0.0,0.0,0.00684,0.0,0.0,0.0,0.01509,0.0,0.00262,0.00979,0.00415,0.00064,0.0,0.18191,0.6486,0.00116,0.12922,0.0,0.96089,0.131384,0.0,92.57176,92.31836,0.0,0.0,7.296842,7.214,0.0,0.0,0.0,0.0,40.44139,0.0,0.0,0,0.261538,0.0,0.0,0.039402,0.249127,0.000888,0.125007,0.092963,2.39437,0.001364,0.0,1734.649,0.037385,0.315155,0.500184,159.6774,98.71951,54.16507,7.87951,0.804009,0.59445,0.730771,0.604965,0.39798,0.273676,0.336626,0.533234,0.73329,0.97124,0.955955,0.945149
225218,1967-04-14,2022-02-28,54.88021902806297,0.0,0.07967074083312546,3.181661383016814,125,1.4433891215862313,Freestone Creek at Briagolong (225218),South East Coast (Victoria),MITCHELL-THOMSON RIVERS,No notes,-37.812,147.09,-37.66553688,147.1124634,55,305.2,VIC,,1400,2300,2300,Level 1,225201,0,19670414,20220228,0.0,32.0,32.52967964,17.78019823,25.26218061,0.049887753,13.63231326,2.110167,2.953681,1.399738,0.018035,0.0,17.753273,1.332659,son,252.680764,4.893802,mam,0.057574785,0.135551264,284.7055679,0.0,8.26959307,0.32543169,29.90488886,7.242490937,0.0,0.78818126,0.905614056,0.116138688,0.685657271,0.079670741,1,9.540983607,44.19292605,38.95121951,170.8909091,84.36363636,0.520615354,0.612870153,0.169355023,-4.750402388,0.712923949,0.181807348,1.947588677,0.47426557,0.080873865,-8.206269656,-7.86645842,3.067462519,0.558189745,5.62e-05,292.1741023,-0.926754254,163.3233837,0.155085621,0.521478809,SILICSED,0.8455423,IGNEOUS,0.1188061,0.01597103,0.1188061,0.8455423,0.0,0.01968073,0.0,0.0,0.0,14.0,58.0,72.0,0.996308207,176.2182,130.8516,72,1407.777,394.2924,1335.777,34.61,47.7749,0.707798,4,0.418337,0.24484,0.028092,0.9244,0.0443,0.0282,0.003,0.0001,0.0,0.0,0.0,0.0,0.0,0.93,0.0,0.0,0.0,0.0,0.0,0.0,0.00183,0.0002,0.0,0.0,0.02069,0.0,0.00088,0.00678,0.00172,0.00024,5e-05,0.18156,0.68214,0.00037,0.10358,0.0,0.96765,0.0,0.0,98.04096,97.5592,0.02436,0.02436,1.934677,1.740048,0.0,0.0,0.0,0.301639,47.7749,0.0,0.0,0,0.223256,0.0625,0.0,0.500244,0.242457,0.0,0.121229,0.858214,0.967474,0.0,0.0,1379.036,0.055382,0.342629,0.449349,122.9955,75.63779,64.27145,6.632382,0.639785,0.492487,0.603563,0.52348,0.36984,0.276358,0.335108,0.48378,0.648691,0.793947,0.777199,0.68837
225219,1967-04-09,2022-02-28,54.893908281998634,0.001346633416458853,0.0,15.160211756666788,125,1.7792070158394766,Macalister River at Glencairn (225219),South East Coast (Victoria),MITCHELL-THOMSON RIVERS,No notes,-37.516111,146.566111,-37.35446043,146.6370647,55,572.0,VIC,,1400,2300,2300,Level 2,225209,0,19670409,20220228,0.001346633,32.0,16.554449,115.0441235,8.251104717,0.004987531,0.21883739,3.168583,2.842684,0.897147,-0.312804,0.011205,16.899318,1.202046,jja,215.313495,4.274268,djf,1.460797361,0.531139905,102.3480503,0.0074014,1.566189468,1.046572391,5.122108819,2.68674931,0.02552727,3.75401958,0.60855328,0.038705489,0.346651351,0.0,1,3.29787234,25.80297398,0.0,154.7962963,78.51851852,0.837197673,0.716084246,0.090693503,-4.834033171,0.2338859,0.140727259,3.144955997,0.452121872,0.204550671,-4.674325424,-4.096146637,1.644871876,0.634097452,0.032189619,394.5329467,-0.951878798,331.0144054,0.336062619,0.608668322,SILICSED,0.9570595,IGNEOUS,0.03647989,0.00646082,0.03647989,0.9570595,0.0,0.0,0.0,0.0,0.0,16.0,55.0,69.0,1.098314738,221.1932,183.6087,299,1719.97,1054.849,1420.97,39.64,52.62525,0.89935,4,0.512553,0.538763,0.027402,0.9332,0.0368,0.0256,0.0044,0.0,0.0,0.0,0.0,0.0,0.0,1.0,0.0,0.0001,0.0,0.0,0.0,0.0,0.0039,0.0,0.0,0.0,0.01985,0.0136,0.00236,0.02089,0.01325,0.00049,3e-05,0.09074,0.68142,0.00303,0.15038,0.0,0.92557,9.169523,8.87695,51.67831,51.26978,6.1288,6.1288,33.0233,32.99374,0.0,0.0,0.0,0.0,52.62525,0.0,0.0,0,0.008364,0.0,0.0,0.252425,0.043494,0.0,0.021747,0.024591,0.447368,0.0,0.0,2099.087,0.025473,0.253806,0.462843,174.4541,113.1527,68.65099,7.047677,0.722901,0.535462,0.640333,0.550037,0.370962,0.266631,0.315153,0.481373,0.654632,0.859328,0.831149,0.820764
225221,1968-03-19,2020-02-04,51.88227241615332,0.09145118733509235,0.0,64.45864994050865,125,2.026965570234622,Macalister River at Stringybark Creek (225221),South East Coast (Victoria),MITCHELL-THOMSON RIVERS,No notes,-37.76935073,146.6677493,-37.48116814,146.619823,55,1541.3,VIC,,1400,2300,2300,Not nested,,1,19680319,20200204,0.091451187,,,,,,,2.898389,2.865443,0.988633,-0.267388,0.002249,16.090308,1.211096,son,218.100085,4.270903,djf,0.798778495,0.511006096,95.22343542,0.00057289,1.781505463,0.74890136,7.725004681,1.780014565,0.02371959,2.74900409,0.559235183,0.042516118,0.335308126,0.0,1,3.570731707,26.97663551,0.0,152.5365854,84.46341463,0.799981945,0.652788955,0.093943746,-4.428331361,0.238883207,0.138010745,2.693016102,0.416970216,0.152820548,-4.852655591,-4.054268984,2.14161534,0.624738603,0.006768831,419.7616284,-0.95068652,296.6374277,0.262613485,0.581921938,SILICSED,0.8863927,IGNEOUS,0.09612662,0.01748229,0.09612662,0.8863927,0.0,0.0,0.0,0.0,0.0,14.11111,58.11111,71.91666,1.086004634,205.4174,172.1893,111,1719.97,840.7899,1608.97,38.87,100.3295,0.889426,5,0.441795,0.456513,0.016124,0.942,0.0324,0.0202,0.0045,0.0009,0.0,0.0,0.0,0.0,0.0,1.0,0.0,0.0002,0.0,0.0,0.0,0.0,0.00637,0.00741,0.0,0.0,0.01912,0.0053,0.00258,0.01698,0.01275,0.00069,4e-05,0.153,0.63455,0.00326,0.13769,0.0,0.9285,3.79105,3.682707,71.75986,69.55399,2.637897,2.617058,21.80926,20.84404,0.0,0.0,0.0,0.0,100.3295,0.0,0.0,0,0.25641,0.0,0.0,0.4375,0.107319,0.0,0.053659,0.035689,0.447368,0.0,0.0,1941.127,0.034789,0.284249,0.46455,160.4235,102.8065,64.99874,7.175833,0.717277,0.526086,0.645085,0.564329,0.383001,0.272703,0.32774,0.505188,0.686415,0.888028,0.843625,0.81869
225223,1971-09-07,2020-02-29,48.48186173853525,0.02992997515247346,0.003667481662591687,6.340943732706318,125,1.5932746391930446,Valencia Creek at Gillio Road (225223),South East Coast (Victoria),MITCHELL-THOMSON RIVERS,No notes,-37.74346413,146.9922931,-37.62709061,146.9873851,55,202.2,VIC,,1400,2300,2300,Level 1,225201,0,19710907,20200229,0.029929975,,,,,,,2.364366,2.923694,1.236566,-0.075933,5.8e-05,17.195955,1.332173,son,242.163635,4.627276,djf,0.112107293,0.254825219,191.1202473,0.0,6.136511384,0.315190654,21.9753421,3.741017598,0.00620178,0.87967359,0.445444269,0.075328909,0.525439516,0.003667482,1,8.037267081,28.20625,9.0,160.8181818,92.25,0.604426009,0.663356864,0.119224269,-2.822424016,0.530562002,0.145994415,1.569977749,0.435194725,0.070964816,-5.760967251,-4.296305441,3.409235715,0.645025044,0.000514106,358.5807735,-0.885670251,223.6945623,0.137473449,0.516207432,SILICSED,0.8122895,IGNEOUS,0.1877107,0.0,0.1877107,0.8122895,0.0,0.0,0.0,0.0,0.0,14.26667,57.6,71.6,1.012740076,208.2788,152.0486,97,1359.077,548.1964,1262.077,34.52,37.31736,0.804495,3,0.430663,0.362089,0.034063,0.9493,0.0329,0.0159,0.0019,0.0,0.0,0.0,0.0,0.0,0.0,1.0,0.0,0.0,0.0,0.0,0.0,0.0,0.00058,0.0,0.0,0.0,0.00996,0.0,0.00075,0.00434,0.00165,0.00026,0.0,0.23185,0.67912,0.00061,0.07089,0.0,0.98247,0.0,0.0,96.78635,96.45862,0.173353,0.173353,3.040341,3.032806,0.0,0.0,0.0,0.0,37.31736,0.0,0.0,0,0.0625,0.0,0.0,0.411613,0.213335,0.0,0.106667,0.695635,0.695635,0.0,0.0,1577.213,0.047258,0.324362,0.464303,135.7326,84.65673,61.07507,6.910983,0.666876,0.516669,0.622247,0.544744,0.37928,0.278663,0.337721,0.503567,0.672777,0.838551,0.814927,0.7351
225224,1972-07-13,2020-02-29,47.6331279945243,0.0006322565812162317,0.011617875424167482,5.184871895288265,125,1.778965044718342,Avon River at The Channel (225224),South East Coast (Victoria),MITCHELL-THOMSON RIVERS,No notes,-37.80184085,146.8849073,-37.68017573,146.8324785,55,557.0,VIC,,1400,2300,2300,Level 1,225201,0,19720713,20200229,0.000632257,,,,,,,2.283437,2.906824,1.273004,-0.078004,0.0,16.764483,1.311533,son,238.918607,4.624043,djf,0.128892418,0.250082019,240.5798797,0.0,5.84563733,0.373761293,22.6230102,4.773669871,0.00516158,0.9556553,0.487778813,0.065853799,0.488755967,0.011617875,1,6.505681818,24.56069364,28.85714286,162.673913,98.02173913,0.635322572,0.704538602,0.151158059,-3.354155098,0.528856594,0.152415652,2.117747933,0.425988225,0.091648553,-5.353411215,-5.130497726,3.373528544,0.656924836,0.000247463,330.0771495,-0.911878231,183.6199032,0.169248581,0.541502636,SILICSED,0.8674751,IGNEOUS,0.1316453,0.00088044,0.1316453,0.8674751,0.0,0.0,0.0,0.0,0.0,14.0,58.0,72.0,1.032035077,181.9918,147.983,85,1614.465,517.1529,1529.465,36.23,53.9339,0.916032,5,0.497231,0.284347,0.028429,0.9493,0.0334,0.0163,0.001,0.0,0.0,0.0,0.0,0.0,0.0,1.0,0.0,0.0,0.0,0.0,0.0,0.0,0.00507,0.001,0.0,0.0,0.01662,0.0007,0.00167,0.00426,0.00347,0.00039,3e-05,0.25979,0.62988,0.00084,0.07635,0.0,0.96686,0.075942,0.075942,93.64664,92.88165,0.232609,0.232609,6.044871,6.042249,0.0,0.0,0.0,0.018904,53.9339,0.0,0.0,0,0.105263,0.0,0.0,0.05,0.053896,0.239264,0.14658,0.327993,2.694575,0.042986,0.0,1599.889,0.050021,0.330543,0.461568,135.8363,83.53153,62.14623,7.132312,0.690167,0.526476,0.639802,0.561187,0.385392,0.277799,0.338371,0.512888,0.692718,0.871464,0.850871,0.786135
226023,1960-10-14,2020-02-29,59.37850787132101,0.0965971966064183,0.008931761343336906,11.852638414924435,125,1.571135818147251,Traralgon Creek at Traralgon (226023),South East Coast (Victoria),MITCHELL-THOMSON RIVERS,No notes,-38.19405359,146.5439326,-38.33531383,146.5359443,55,168.4,VIC,,1400,2300,2300,Not nested,,1,19601014,20200229,0.096597197,,,,,,,2.606976,2.796845,1.072831,-0.204316,0.0,17.348768,1.232439,son,225.605899,4.104334,djf,0.377142756,0.44817057,155.1189846,0.0,2.416200345,0.61926139,21.82314927,2.238792743,0.03279097,1.98868171,0.405111112,0.027867095,0.208033481,0.008931761,1,2.504587156,11.38547486,8.333333333,146.58,98.14,0.613470124,0.746521053,0.143587905,-2.761347517,0.353875647,0.189899906,1.851799509,0.481061653,0.144607928,-4.28911148,-3.101585497,2.169164461,0.611320897,0.0,391.4194495,-0.862854131,220.7847524,0.23927748,0.604352438,SILICSED,0.4551483,OTHERSED,0.4000253,0.1038657,0.0409605,0.4551483,0.0,0.4000253,0.0,0.0,0.0,12.0,57.0,78.0,1.251307663,204.9048,170.2522,41,739.6433,239.7551,698.6433,22.37,39.00188,0.678438,3,0.398317,0.301467,0.018349,0.7843,0.0667,0.0737,0.0511,0.0207,0.0035,0.0,0.0,0.0,0.0,0.04,0.0263,0.0105,0.0,0.0,0.0022,0.0,0.00348,0.16292,0.0,0.0,0.00324,0.0,0.00085,0.00135,0.00563,0.00091,0.00012,0.59477,0.15878,0.00046,0.01452,0.014,0.76853,0.0,0.040043,83.00218,29.99029,0.0,0.063978,16.99778,0.263967,0.0,0.0,0.0,36.24017,16.92176,0.0,0.0,0,0.567123,0.693467,1.0,0.942392,0.336593,0.430982,0.383788,93.64189,2649.535,1.0,0.101071,2015.773,0.068996,0.402258,0.441955,119.6047,67.15113,63.04241,6.872012,0.70348,0.491162,0.637627,0.50738,0.346027,0.239372,0.300484,0.477134,0.65053,0.834133,0.854725,0.834069
226204,1950-01-01,2022-02-28,72.1615331964408,0.0002655840953067496,0.0,91.24411610137439,125,1.8925529918591792,Latrobe River at Willow Grove (226204),South East Coast (Victoria),MITCHELL-THOMSON RIVERS,No notes,-38.089,146.16,-37.8927682,145.9965281,55,562.9,VIC,,1400,2300,2300,Not nested,,1,19500101,20220228,0.000265584,39.0,12.23258596,5.952091236,10.51640631,0.003794059,0.117112512,3.532714,2.814329,0.796648,-0.240355,0.0,16.422901,1.17492,son,204.068257,3.715548,djf,0.517593015,0.721640659,70.59857753,0.77057936,0.983222555,0.849980281,7.634203292,0.698427556,0.2554271,2.09284442,0.219504447,0.003149905,0.009032258,0.0,1,1.765957447,7.212121212,0.0,172.0428571,131.2857143,0.798940911,0.744835917,0.04258437,-1.533758243,0.18368199,0.142014103,0.575568402,0.475112082,0.140502284,-2.636570394,-1.976577236,2.059945581,1.087384759,0.000279743,561.0462361,-0.749711529,444.7310828,0.240331571,0.584618508,IGNEOUS,0.5421963,SILICSED,0.4237714,0.01908299,0.5421963,0.4237714,0.0,0.01494862,0.0,0.0,0.0,12.0,57.0,78.0,1.000203923,264.329,168.6882,78,1219.121,448.9293,1141.121,20.48,63.66817,0.889184,5,0.418565,0.33192,0.018107,0.8313,0.0966,0.0619,0.0102,0.0,0.0,0.0,0.0,0.0,0.0,0.91,0.0,0.0,0.0,0.0,0.0,0.0,4e-05,0.0712,0.0,0.0,0.00084,0.0,0.0,0.0,2e-05,0.0,0.0,0.85283,0.07462,0.0,0.00046,0.0,0.92791,0.052001,0.052001,97.07542,79.80859,0.136478,0.136478,2.736026,1.689038,0.0,0.0,0.0,14.00045,63.66817,0.3,0.0,0,0.236364,0.062338,1.0,0.623783,0.284451,0.161784,0.223117,1.82234,43.65263,0.399333,0.00492,2137.55,0.05718,0.382396,0.491301,140.821,83.4604,52.37669,7.956283,0.789717,0.579452,0.747772,0.602184,0.389887,0.256257,0.324762,0.540897,0.743104,0.990302,0.995665,1.000201
226205,1957-03-06,2020-02-29,62.98699520876112,0.0016082761018864644,0.0,143.55302790468778,125,1.9092201860441795,Latrobe River at Noojee (226205),South East Coast (Victoria),MITCHELL-THOMSON RIVERS,No notes,-37.90701017,146.0221188,-37.85046959,145.9223388,55,296.1,VIC,,1400,2300,2300,Level 1,226204,2,19570306,20200229,0.001608276,,,,,,,3.736082,2.805237,0.75085,-0.25946,4.6e-05,16.647626,1.173638,son,203.50195,3.706451,djf,0.567520106,0.788453808,49.03641,1.05721716,0.693063926,0.914446452,3.904535523,0.401664221,0.3204897,2.01530564,0.192503803,0.000609517,0.002350995,0.0,1,1.555555556,3.375,0.0,170.5,139.5178571,0.843978963,0.740702561,0.033262789,-1.380020562,0.1566696,0.12653189,0.479059925,0.548701299,0.147656087,-2.118675926,-1.823194063,1.771057355,1.146512893,0.000186003,589.3005209,-0.660283213,568.5525413,0.249364817,0.592128787,IGNEOUS,0.7909198,SILICSED,0.1858083,0.02327245,0.7909198,0.1858083,0.0,0.0,0.0,0.0,0.0,39.0,42.0,29.0,1.004116321,300.0,183.5441,222,1090.383,507.0429,868.383,22.19,28.58982,0.928727,5,0.675839,0.338759,0.030857,0.8528,0.0839,0.0545,0.0088,0.0,0.0,0.0,0.0,0.0,0.0,1.0,0.0,0.0,0.0,0.0,0.0,0.0,8e-05,0.016,0.0,0.0,0.00142,0.0,0.0,0.0,2e-05,0.0,0.0,0.94124,0.04075,0.0,0.00042,0.0,0.98241,0.0,0.0,99.98441,90.08717,0.0,0.0,0.015595,0.015595,0.0,0.0,0.0,4.99027,28.58982,0.0,0.0,0,0.288608,0.135484,0.0,0.436441,0.295412,0.05636,0.175886,1.486804,43.65263,0.254188,0.00926,2489.049,0.05143,0.372528,0.505606,146.7004,87.53345,48.33379,8.158178,0.832808,0.609919,0.769122,0.611676,0.392328,0.256476,0.32491,0.540926,0.744503,1.005987,1.020818,1.052027
226209,1960-10-21,2022-02-28,61.35797399041752,0.0,4.462094507161662e-05,14.921428602619258,125,1.7359126201877677,Moe R River at Darnum (226209),South East Coast (Victoria),MITCHELL-THOMSON RIVERS,No notes,-38.206,146.0,-38.18078532,145.960761,55,215.7,VIC,,1400,2300,2300,Level 1,226402,0,19601021,20220228,0.0,49.0,16.06322326,25.15895311,12.57646303,0.0,0.0,2.715085,2.842003,1.046745,-0.222119,0.0,18.067888,1.190758,son,221.488938,4.100516,djf,0.52368589,0.436665994,74.5960294,0.01321773,1.706981032,0.601506267,5.344155056,1.054235662,0.03965317,2.25186134,0.458837645,0.04957387,0.277810004,4.46e-05,1,2.559907834,11.52962963,1.0,148.7580645,83.09677419,0.775928173,0.726061216,0.116295919,-3.568343122,0.364054147,0.238231478,1.971682764,0.544591484,0.151568805,-5.158643339,-3.512150085,2.285368415,0.560570789,0.0,380.6654447,-0.892373979,192.7839452,0.229375626,0.660788628,IGNEOUS,0.6075423,UNCONSOLDTED,0.1739697,0.1739697,0.6075423,0.1509087,0.0,0.06757919,0.0,0.0,0.0,21.0,42.0,52.0,1.114646159,243.0115,179.0941,95,499.623,145.5337,404.623,8.69,20.08175,0.877316,4,0.810885,0.157526,0.020929,0.5938,0.1017,0.1367,0.1189,0.0291,0.0186,0.0012,0.0,0.0,0.0,0.5,0.0,0.0,0.0,0.0,0.0015,0.0,0.0,0.92132,0.0,0.0,0.0,0.0,0.0,6e-05,2e-05,0.0,0.0,0.03291,0.00815,3e-05,0.00095,0.0351,0.04204,0.0,0.0,65.65911,3.024118,1.502454,0.0,32.83843,0.773272,0.0,0.0,0.0,93.84962,20.08175,0.0,0.0,0,0.266667,0.0,0.0,0.625,0.424351,0.018592,0.221471,66.16583,2438.551,1.0,0.706723,1418.101,0.075799,0.419739,0.427259,115.1809,65.5173,65.01813,5.465075,0.550302,0.395551,0.492058,0.398221,0.269336,0.186764,0.231038,0.374852,0.514614,0.688353,0.690786,0.675953
226218,1955-06-23,2020-02-29,64.68993839835728,0.00025393600812595224,0.0,101.09468543785707,125,2.1056963198877723,Narracan Creek at Thorpdale (226218),South East Coast (Victoria),MITCHELL-THOMSON RIVERS,No notes,-38.27191618,146.1865277,-38.27456758,146.1414841,55,65.7,VIC,,1400,2300,2300,Not nested,,0,19550623,20200229,0.000253936,,,,,,,2.875869,2.783674,0.967942,-0.248117,0.0,18.202723,1.209677,son,218.495601,4.00841,djf,0.992796022,0.770095913,61.49133941,0.29587518,0.883542996,0.925997523,3.182619671,0.669383537,0.17549467,2.40549467,0.28502757,0.002116671,0.056684447,0.0,7,1.724137931,9.845588235,0.0,158.6666667,109.7460317,0.93737536,0.903625883,0.062372849,-2.029774269,0.110073698,0.066092185,1.590592948,0.513507109,0.171481457,-2.738827395,-1.914959729,2.055247606,0.841947254,0.0,382.6658524,-0.688090057,226.115871,0.326963001,0.524467469,IGNEOUS,0.7294041,SILICSED,0.1924423,0.0,0.7294041,0.1924423,0.0,0.07815333,0.0,0.0,0.0,39.0,42.0,29.0,1.156808742,300.0,189.8053,219,458.4541,306.4711,239.4541,11.59,16.00173,0.729737,3,0.582428,0.42021,0.016382,0.7222,0.147,0.113,0.0178,0.0,0.0,0.0,0.0,0.0,0.0,0.96,0.0,0.0,0.0,0.0,0.0,0.0,0.0,0.72548,0.0,0.0,0.0,0.0,0.0,0.0,0.0,0.0,0.0,0.22688,0.04767,0.0,0.0,0.0,0.27455,0.0,0.0,81.83792,6.559737,0.0,0.0,18.16205,0.0,0.0,0.0,0.0,88.99372,16.00173,0.0,0.0,0,0.068085,0.02963,0.0,0.683449,0.390622,0.0,0.195311,9.134105,115.5564,1.0,0.021343,1344.27,0.062824,0.401272,0.469002,128.1816,72.25024,56.88793,6.508487,0.648298,0.456753,0.602426,0.488901,0.325834,0.222823,0.27939,0.456638,0.624693,0.819851,0.805575,0.78178
226220,1957-03-07,2022-02-28,64.98288843258042,0.0381714767221403,0.0,99.5283837190567,125,1.5107317726443352,Loch River at Noojee (226220),South East Coast (Victoria),MITCHELL-THOMSON RIVERS,No notes,-37.866667,146.006111,-37.81099978,145.9838312,55,104.2,VIC,,1400,2300,2300,Level 2,226205,0,19570307,20220228,0.038171477,21.0,6.675801554,7.014369742,5.72399245,0.021065936,0.564232454,3.748378,2.813641,0.750629,-0.278089,4.1e-05,16.422901,1.167412,son,202.69294,3.680268,djf,0.538098808,0.766356017,57.75864875,0.31674472,0.851080204,0.689282485,10.39616231,0.344140245,0.20231862,1.61274472,0.221434426,0.001051294,0.015112357,0.0,1,1.411764706,10.14705882,0.0,168.0555556,127.6851852,0.78016451,0.687769059,0.039026847,-1.610322943,0.166594204,0.120598609,0.893117384,0.588997696,0.112226173,-2.335444326,-1.936617899,2.089461741,1.077124815,0.000232213,647.6308171,-0.672756335,503.44687,0.186583065,0.601481025,IGNEOUS,0.6574891,SILICSED,0.3239526,0.01855813,0.6574891,0.3239526,0.0,0.0,0.0,0.0,0.0,39.0,42.0,29.0,1.0,300.0,186.4272,264,1090.383,536.4324,826.383,22.21,16.9273,1.046921,4,0.672379,0.34469,0.049939,0.8675,0.0844,0.0443,0.0038,0.0,0.0,0.0,0.0,0.0,0.0,1.0,0.0,0.0,0.0,0.0,0.0,0.0,0.0,0.0,0.0,0.0,0.0005,0.0,0.0,0.0,0.0,0.0,0.0,0.96298,0.03608,0.0,0.00044,0.0,0.9995,0.0,0.0,100.0,89.10963,0.0,0.0,0.0,0.0,0.0,0.0,0.0,0.0,16.9273,0.0,0.0,0,0.9,0.4,0.0,0.164063,0.270546,0.0,0.135273,0.325929,0.325929,0.0,0.0,2586.027,0.048114,0.362383,0.507483,149.4071,90.05374,47.93792,7.943557,0.811963,0.6032,0.747933,0.594554,0.38088,0.24922,0.315221,0.521352,0.719518,0.975689,0.996632,1.029781
226222,1971-05-12,2014-12-31,43.6413415468857,0.10646173149309912,0.0,142.06605821241763,125,1.570336741896574,Latrobe River at Near Noojee (226222),South East Coast (Victoria),MITCHELL-THOMSON RIVERS,No notes,-37.881944,145.8925,-37.88440618,145.8309066,55,64.7,VIC,,1400,2300,2300,Level 2,226205,0,19710512,20141231,0.106461731,,,,,,,3.773145,2.789011,0.739174,-0.250149,1.2e-05,16.980219,1.179151,son,204.454784,3.725635,djf,0.500832461,0.819155521,52.52959814,1.35590109,0.596284777,1.15491357,4.795628789,0.474248987,0.45655487,2.32001546,0.172260774,0.000491469,0.001193569,0.0,1,1.166666667,4.25,0.0,174.7352941,148.9705882,0.779531733,0.747929749,0.030687959,-1.208827384,0.147394458,0.106697513,0.610187007,0.573980154,0.177657691,-1.764252208,-1.716035808,1.055294185,1.186796647,0.000142714,566.6890983,-0.558153455,424.3990502,0.310792432,0.571628113,IGNEOUS,1.0,UNCONSOLDTED,0.0,0.0,1.0,0.0,0.0,0.0,0.0,0.0,0.0,39.0,42.0,29.0,1.0,300.0,182.0,295,863.4173,481.6544,568.4173,23.91,14.62161,0.902774,3,0.622994,0.361645,0.040901,0.8628,0.0755,0.0535,0.0082,0.0,0.0,0.0,0.0,0.0,0.0,1.0,0.0,0.0,0.0,0.0,0.0,0.0,0.00013,0.0,0.0,0.0,0.00095,0.0,0.0,0.0,0.0,0.0,0.0,0.96315,0.03522,0.0,0.00058,0.0,0.99895,0.0,0.0,99.92983,99.92983,0.0,0.0,0.070166,0.070166,0.0,0.0,0.0,0.0,14.62161,0.0,0.0,0,0.155556,0.017391,0.0,0.5,0.278196,0.0,0.139098,1.079375,3.313004,0.669162,0.0,2843.647,0.053321,0.381284,0.507184,144.5246,85.32485,47.47604,8.562415,0.88292,0.637191,0.808044,0.640679,0.409476,0.26587,0.337846,0.566655,0.779481,1.0577,1.071062,1.109539
226226,1960-06-04,2022-02-28,61.738535249828885,0.0004878048780487805,0.0,37.398429338995236,125,1.643206162069687,Tanjil River at Tanjil Junction (226226),South East Coast (Victoria),MITCHELL-THOMSON RIVERS,No notes,-37.98,146.19,-37.87396456,146.1753524,55,299.2,VIC,,1400,2300,2300,Not nested,,0,19600604,20220228,0.000487805,20.0,21.80897691,6.406001803,18.03337928,0.00886918,0.288931888,3.575098,2.784866,0.778962,-0.225499,0.0,15.640858,1.174882,son,201.605272,3.578175,djf,1.064495509,0.696417594,103.1579391,1.01050768,1.021546349,1.179806828,7.110426689,1.452572984,0.31161411,3.04018698,0.263280822,0.004259284,0.011846133,0.0,1,1.523809524,7.852941176,0.0,171.1,117.6833333,0.785147009,0.680479891,0.051501956,-2.038333321,0.201822177,0.13197738,0.959175222,0.544980259,0.204653548,-2.682261262,-2.283808233,1.905318212,1.035803666,0.00033859,477.1751275,-0.814482654,286.1388879,0.337786954,0.605865755,SILICSED,0.7424949,IGNEOUS,0.2575055,0.0,0.2575055,0.7424949,0.0,0.0,0.0,0.0,0.0,16.0,55.0,69.0,1.044073505,268.1915,189.4629,226,1565.671,622.1619,1339.671,24.79,40.85468,0.92605,5,0.477866,0.320662,0.033995,0.8828,0.0763,0.0387,0.0022,0.0,0.0,0.0,0.0,0.0,0.0,1.0,0.0,0.0,0.0,0.0,0.0,0.0,0.00016,0.0,0.0,0.0,0.00262,0.0,0.0,0.0,2e-05,0.0,0.0,0.92008,0.07659,0.0,0.00052,0.0,0.99719,1.279544,1.18271,92.2664,84.76814,0.0,0.0,6.454073,6.454073,0.0,0.0,0.0,0.661557,40.85468,0.0,0.0,0,0.55,0.0,0.0,0.5,0.24483,0.084988,0.164909,0.386703,2.459522,0.060927,0.0,1874.44,0.047058,0.351189,0.504444,154.4274,92.68593,53.08705,8.337623,0.840878,0.626058,0.787085,0.625819,0.403759,0.269465,0.337137,0.555725,0.767869,1.027378,1.046768,1.052173
226402,1957-06-07,2022-02-28,64.73100616016427,0.0,0.0,13.310135701928063,125,2.362959312838833,Moe Drain River at Trafalgar East (226402),South East Coast (Victoria),MITCHELL-THOMSON RIVERS,No notes,-38.176,146.21,-38.14778922,146.0339924,55,609.4,VIC,,1400,2300,2300,Not nested,,1,19570607,20220228,0.0,29.0,27.24506039,268.4998005,14.88053758,0.012688745,0.402304595,2.708861,2.845771,1.050542,-0.213719,0.0,17.789229,1.190018,son,219.843951,4.053199,djf,0.368375301,0.382403749,65.70093307,0.00935679,1.945158646,0.455793675,5.522497727,0.786043615,0.02069844,1.80415824,0.492387874,0.066404433,0.333883179,0.0,1,3.078431373,14.97912713,0.0,150.6153846,81.52307692,0.806909432,0.746422503,0.120039812,-3.789087077,0.384876278,0.266655525,1.912939163,0.485476613,0.115894821,-5.450683342,-3.973965599,2.462724192,0.5556895,0.0,418.7651141,-0.913232725,233.7113812,0.173303274,0.668739943,SILICSED,0.2998564,IGNEOUS,0.2594576,0.2314684,0.2594576,0.2998564,0.0,0.2092192,0.0,0.0,0.0,21.0,42.0,52.0,1.055412987,175.2354,151.0542,54,499.623,153.6684,445.623,8.79,50.99117,0.856688,5,0.545286,0.236149,0.008882,0.5665,0.0898,0.1282,0.0998,0.0411,0.0728,0.0018,0.0,0.0,0.0,0.0,0.0,0.0002,0.0,0.0,0.0005,0.0,0.0,0.80295,0.0,0.0,2e-05,0.0,0.0,3e-05,2e-05,0.0,0.0,0.16477,0.01416,2e-05,0.00064,0.0167,0.17959,0.017505,0.0,64.79002,10.94417,0.85527,0.0,34.33741,1.909952,0.0,0.0,0.0,83.49104,50.99117,0.0,0.6,0,0.4,0.0,0.0,0.703125,0.391749,1.0,0.695874,33.07842,2438.551,1.0,0.333283,1401.909,0.076576,0.419658,0.427972,114.665,65.64235,65.12917,5.769621,0.569471,0.413507,0.525984,0.42633,0.287142,0.196682,0.244921,0.400347,0.549037,0.7289,0.72781,0.70251
226407,1958-10-07,2020-02-29,61.399041752224505,0.15325960938196737,0.0,53.79770039688705,125,1.663107852828608,Morwell River at Boolarra (226407),South East Coast (Victoria),MITCHELL-THOMSON RIVERS,No notes,-38.4075,146.304722,-38.47166287,146.3412133,55,115.0,VIC,,1400,2300,2300,Not nested,,0,19581007,20200229,0.153259609,,,,,,,2.952556,2.749194,0.931124,-0.246382,0.0,16.728527,1.239015,son,212.104423,3.831141,djf,0.574143941,0.483636171,165.0670783,0.11026086,1.971724645,0.866006482,12.61947175,2.915646146,0.07990435,2.98667826,0.404950741,0.03591553,0.21522987,0.0,1,2.516605166,10.61558442,0.0,144.1111111,98.15555556,0.709216802,0.664630116,0.063858345,-3.171137973,0.338755197,0.217662605,1.614261682,0.504943244,0.191467691,-4.624561446,-4.079220261,1.95825538,0.648455575,0.0,425.3619821,-0.861107557,249.4867049,0.298515152,0.641400243,SILICSED,0.8757915,IGNEOUS,0.1071875,0.0,0.1071875,0.8757915,0.0,0.01702103,0.0,0.0,0.0,36.42857,41.14286,33.42857,1.491845426,299.0209,246.0121,125,517.3867,306.424,392.3867,24.38,20.26769,0.835774,3,0.603245,0.499853,0.020812,0.8685,0.0888,0.0406,0.0021,0.0,0.0,0.0,0.0,0.0,0.0,1.0,0.0,0.0,0.0,0.0,0.0,0.0,0.0,0.09527,0.0,0.0,0.00015,0.0,0.0,0.0,0.0,0.0,0.0,0.87708,0.02748,0.0,0.0,0.0,0.90456,0.0,0.0,100.0,32.83719,0.0,0.0,0.0,0.051518,0.0,0.0,0.0,18.89664,20.26769,0.0,0.0,0,0.26,0.034043,1.0,0.56383,0.314548,0.0,0.157274,1.974456,5.544208,0.991239,0.0,1721.81,0.069107,0.43007,0.475922,128.8883,69.42001,54.65973,8.343269,0.858038,0.594436,0.79135,0.620997,0.408152,0.275982,0.352446,0.57504,0.790969,1.028157,1.050824,1.001904
226410,1962-06-02,2022-02-28,59.74537987679671,0.004765832645953625,0.007182981858366332,5.497707051232126,125,1.5632045062868527,Traralgon Creek at Koornalla (226410),South East Coast (Victoria),MITCHELL-THOMSON RIVERS,No notes,-38.323,146.53,-38.3877752,146.520899,55,83.9,VIC,,1400,2300,2300,Level 1,226023,0,19620602,20220228,0.004765833,22.0,28.87367318,27.26651856,20.83355008,0.013747594,1.930991092,2.999512,2.749798,0.916749,-0.230183,0.0,17.231911,1.240777,jja,216.500043,3.913715,djf,0.441125654,0.32608463,232.8631491,0.0,3.122453215,0.727748329,19.71403753,5.16362047,0.03397148,2.59727381,0.461145116,0.059121466,0.340040519,0.007182982,1,3.124087591,13.37862319,10.4,149.6724138,92.0862069,0.607343977,0.634195602,0.105946418,-3.469091709,0.483407488,0.264939402,1.357559933,0.501306762,0.155364533,-5.799749814,-4.199366712,2.461007875,0.582186064,0.0,446.8924273,-0.906898045,280.6684957,0.240849729,0.64506833,SILICSED,0.8895285,OTHERSED,0.06245552,0.01983755,0.0281784,0.8895285,0.0,0.06245552,0.0,0.0,0.0,31.83333,40.16667,39.16667,1.47884745,297.1941,242.6489,96,739.6433,356.5928,643.6433,34.93,21.64224,0.677434,3,0.502351,0.424391,0.030749,0.952,0.034,0.0134,0.0006,0.0,0.0,0.0,0.0,0.0,0.0,1.0,0.0,0.0,0.0,0.0,0.0032,0.0,0.0064,0.0362,0.0,0.0,0.00112,0.0,0.00098,0.00065,0.00015,0.0001,0.0,0.72295,0.21136,0.0,0.01687,0.0,0.95118,0.0,0.0,99.19988,45.86734,0.0,0.0,0.800113,0.0,0.0,0.0,0.0,4.832428,21.64224,0.0,0.0,0,0.177273,0.015484,0.0,0.625,0.29853,0.0,0.149265,5.951185,10.96077,1.0,0.013703,2865.509,0.062332,0.407346,0.486194,131.6411,73.62917,53.24928,8.389487,0.902734,0.643103,0.795677,0.612959,0.402534,0.275148,0.347439,0.55952,0.768315,1.006797,1.043005,1.034267
227200,1965-03-05,2022-02-28,56.988364134154686,0.002450156137400913,0.004767867462916586,5.154055518500991,125,1.352815729864694,Tarra River at Yarram (227200),South East Coast (Victoria),SOUTH GIPPSLAND,No notes,-38.538,146.68,-38.46492953,146.6547962,55,222.1,VIC,,1400,2300,2300,Not nested,,1,19650305,20220228,0.002450156,60.0,151.3187437,18.2464796,116.1867717,0.024021139,4.641192266,2.476384,2.798951,1.130257,-0.178169,0.0,16.620659,1.264706,son,228.374511,4.182746,djf,0.188830007,0.364868726,194.9674654,0.0,4.627053097,0.388144728,26.99631831,3.22549482,0.01905741,1.07927196,0.412228496,0.041225197,0.302205741,0.004767867,1,3.437751004,12.67676768,7.071428571,164.8113208,108.4339623,0.525042168,0.569692358,0.135157897,-3.055656247,0.496724358,0.202596467,1.497664822,0.508015729,0.086889378,-4.83318994,-3.639059219,2.97685006,0.815120967,0.0,413.216959,-0.851392103,229.2301778,0.156543722,0.555048631,SILICSED,0.4835977,OTHERSED,0.2656698,0.182888,0.06784443,0.4835977,0.0,0.2656698,0.0,0.0,0.0,12.0,62.0,78.0,1.07839266,178.0236,138.5988,30,695.4733,217.2987,665.4733,16.86,26.51183,0.746351,4,0.635405,0.283058,0.025157,0.7042,0.0559,0.0721,0.0702,0.0372,0.0604,0.0,0.0,0.0,0.0,0.18,0.0005,0.0,0.0,0.0,0.0,0.0,9e-05,0.20874,0.0,0.0,0.0003,0.0,4e-05,0.0,0.00012,2e-05,0.0,0.72207,0.06643,0.0,0.00168,0.0,0.79018,0.040725,0.0,80.78459,38.94833,0.841778,0.074622,18.33288,4.934449,0.0,0.0,0.0,34.07544,26.51183,0.0,0.0,0,0.0,0.04,0.0,0.728125,0.271668,0.336841,0.304255,3.25998,6.772366,0.922356,0.0,1586.11,0.06528,0.407079,0.45142,115.7346,63.81085,61.22311,7.8766,0.797042,0.542371,0.740717,0.590614,0.406245,0.283611,0.360267,0.564537,0.767225,0.92696,0.963617,0.939502
227202,1955-06-23,2022-02-28,66.68856947296372,0.001354791033746613,0.0,11.887522834850477,125,2.889741236148033,Tarwin River at Meeniyan (227202),South East Coast (Victoria),SOUTH GIPPSLAND,No notes,-38.582,145.99,-38.44854122,146.0368614,55,1069.5,VIC,,1400,2300,2300,Not nested,,2,19550623,20220228,0.001354791,29.0,16.65146961,9.073104119,12.87556598,0.049265128,1.472170359,2.793015,2.794377,1.000488,-0.278523,0.0,17.133032,1.22023,jja,214.216837,4.018041,djf,0.589439022,0.372029721,90.87296678,0.02972764,1.834408487,0.638041532,5.425228876,1.369903581,0.02673872,2.76959863,0.553309508,0.111325797,0.400945529,0.0,1,6.058165548,22.21640091,0.0,143.5757576,75.40909091,0.90266853,0.861421942,0.11562607,-4.441894432,0.253405389,0.21510217,1.951189483,0.362693653,0.13624695,-5.144968004,-4.132408178,2.971449834,0.502962268,0.0,415.4744305,-0.939123524,228.5501254,0.23175778,0.587885119,SILICSED,0.6134057,IGNEOUS,0.1888571,0.07834264,0.1888571,0.6134057,0.0,0.1193946,0.0,0.0,0.0,7.0,7.0,86.0,1.261266282,269.4388,202.5864,31,506.7216,161.8911,475.7216,13.51,66.07063,0.716232,5,0.560138,0.29904,0.007446,0.6894,0.0997,0.0997,0.0595,0.0317,0.0181,0.0019,0.0,0.0,0.0,0.4,0.0002,0.0003,0.0,0.0,0.0002,0.0,0.0,0.81393,0.0,0.0,1e-05,0.0,0.0,0.0,0.0,0.0,0.0,0.16881,0.01042,0.0,0.00013,0.0058,0.17936,0.0,0.0,91.75446,9.59968,0.855027,0.071594,7.390503,0.259831,0.0,0.0,0.0,84.67776,66.07063,0.0,0.0,0,0.111364,0.051376,0.0,0.635751,0.369635,0.004901,0.187268,11.66962,1647.954,1.0,0.016316,1261.305,0.076937,0.437378,0.431561,117.1608,63.24273,63.33422,5.699893,0.596148,0.401641,0.516383,0.413377,0.278877,0.19639,0.244444,0.392224,0.53701,0.711942,0.717022,0.698607
227205,1950-03-01,2020-02-29,70.00136892539356,0.19645650813516896,0.000827451934777318,11.231200975480458,125,0.9189179734907855,Merriman Creek at Calignee South (227205),South East Coast (Victoria),SOUTH GIPPSLAND,No notes,-38.35208581,146.6547464,-38.38995145,146.6205432,55,39.2,VIC,,1400,2300,2300,Not nested,,0,19500301,20200229,0.196456508,,,,,,,2.897553,2.745643,0.947573,-0.213786,0.0,17.034153,1.256631,jja,220.994543,3.991719,djf,0.468202245,0.440258357,277.5130102,0.0255102,3.295978196,0.888879009,33.99532863,8.58329345,0.0632398,2.68084184,0.419417899,0.032173278,0.268824532,0.000827452,1,2.836909871,13.98227848,2.833333333,156.9433962,106.3773585,0.459995735,0.677526939,0.077903716,-3.265834248,0.399744555,0.185857755,1.349454063,0.56071296,0.179756069,-4.629615683,-3.929606822,1.984187385,0.747055152,9.41e-05,447.0076767,-0.901355048,303.5651834,0.299658412,0.599869926,SILICSED,0.761688,IGNEOUS,0.2097199,0.01407419,0.2097199,0.761688,0.0,0.01451799,0.0,0.0,0.0,34.28846,41.05769,34.65385,1.319969166,300.0,223.3001,198,724.8059,422.7172,526.8059,26.61,14.16663,0.835962,3,0.521056,0.474448,0.040574,0.8907,0.0702,0.0377,0.0014,0.0,0.0,0.0,0.0,0.0,0.0,1.0,0.0,0.0,0.0,0.0,0.0,0.0,0.00262,0.0177,0.0,0.0,0.00032,0.0,0.0,0.0,0.0,0.00032,0.0,0.87584,0.09845,0.0,0.00472,0.0,0.97901,0.0,0.0,99.04394,37.71838,0.0,0.0,0.956058,0.0,0.0,0.0,0.0,8.602924,14.16663,0.0,0.0,0,0.180247,0.013675,0.0,0.633894,0.296279,0.0,0.14814,2.595015,6.772366,1.0,0.0,2407.455,0.053837,0.389936,0.509173,135.6558,76.96394,48.95963,8.338105,0.872337,0.608201,0.783338,0.620937,0.412946,0.283579,0.361633,0.576764,0.787216,0.998912,1.022939,1.01356
227210,1952-08-08,2020-02-29,67.56194387405887,0.0,0.007861571503829478,21.19264480355154,125,1.3205647676774177,Bruthen Creek at Carrajung Lower (227210),South East Coast (Victoria),SOUTH GIPPSLAND,No notes,-38.39502395,146.74407,-38.3964568,146.6972401,55,17.8,VIC,,1400,2300,2300,Not nested,,0,19520808,20200229,0.0,,,,,,,2.631943,2.772806,1.053521,-0.186874,0.0,16.854373,1.264329,son,227.871127,4.146222,djf,0.352478155,0.394260904,156.594382,0.0,3.331263327,0.619914352,16.80183136,4.264629529,0.02539326,2.11932584,0.455811211,0.057583985,0.335980873,0.007861572,1,3.749340369,16.64859438,12.125,160.9852941,104.75,0.58861915,0.656197792,0.109883914,-3.273338847,0.461944542,0.232770323,1.041277927,0.499931253,0.145884476,-5.622835047,-4.158934292,2.62278619,0.758547206,0.0,397.2209205,-0.872180591,305.5142387,0.233299947,0.625308657,SILICSED,0.709673,IGNEOUS,0.1679973,0.03988329,0.1679973,0.709673,0.0,0.0824465,0.0,0.0,0.0,31.5,39.5,41.91667,1.379870441,293.2264,225.7023,153,610.2292,338.6248,457.2292,19.37,10.05678,0.930627,2,0.462461,0.429002,0.047298,0.8598,0.0903,0.0454,0.0045,0.0,0.0,0.0,0.0,0.0,0.0,1.0,0.0,0.0,0.0,0.0,0.003,0.0,0.0,0.0119,0.0,0.0,0.0,0.0,0.0,0.0,0.0,0.0,0.0,0.9403,0.04477,0.0,0.0,0.0,0.98507,0.0,0.0,100.0,24.7322,0.0,0.089131,0.0,0.0,0.0,0.0,0.0,38.63585,10.05678,0.0,0.0,0,0.101754,0.022535,0.0,0.633143,0.343739,0.0,0.17187,3.118182,3.118182,1.0,0.0,2119.073,0.057339,0.394963,0.488073,129.2188,73.27618,53.38098,8.069855,0.818124,0.559798,0.753996,0.611754,0.414576,0.286373,0.365937,0.578132,0.785428,0.961128,0.981504,0.959055
227211,1960-11-15,2022-02-28,61.28952772073922,0.0,0.0,4.907536359454012,125,1.431701799215048,Agnes River at Toora (227211),South East Coast (Victoria),SOUTH GIPPSLAND,No notes,-38.64,146.37,-38.5779769,146.3609087,55,66.2,VIC,,1400,2300,2300,Not nested,,0,19601115,20220228,0.0,31.0,10.91957322,8.505628388,8.226459749,0.035736621,2.49797963,3.104691,2.746448,0.884612,-0.244848,0.0,16.845384,1.233706,jja,211.016754,3.810877,djf,0.602409285,0.397601456,237.0322025,0.12273949,2.436906418,0.985351679,15.67882937,5.765808651,0.09140177,3.24345699,0.388760263,0.036183329,0.221835075,0.0,1,2.109375,11.96626506,0.0,150.7419355,106.0322581,0.573223313,0.534617975,0.091730361,-2.889242776,0.465812445,0.252650828,1.262327607,0.501762992,0.206635047,-4.813046951,-4.057643278,2.187168132,0.718656837,0.0,408.8439903,-0.875570946,261.3728362,0.32032631,0.645076723,SILICSED,0.9104169,OTHERSED,0.08958293,0.0,0.0,0.9104169,0.0,0.08958293,0.0,0.0,0.0,14.0,37.0,75.0,1.294554538,234.3052,195.7872,141,580.9004,286.2172,439.9004,19.0,23.61406,0.78888,3,0.389089,0.437335,0.022179,0.786,0.0893,0.0774,0.0388,0.0061,0.0024,0.0,0.0,0.0,0.0,0.97,0.0,0.0,0.0,0.0,0.0,0.0,0.0,0.2679,0.0,0.0,0.0,0.0,0.0,0.0,0.0,0.0,0.0,0.73081,0.00129,0.0,0.0,0.0,0.7321,0.0,0.0,99.33975,48.41571,0.045537,0.36427,0.614712,0.0,0.0,0.0,0.0,35.97606,23.61406,0.0,0.0,0,0.122523,0.026846,0.0,0.648192,0.287488,0.0,0.143744,2.134805,4.41517,0.511617,0.0,1697.539,0.06536,0.43095,0.484436,124.8164,67.70111,53.09322,8.584026,0.900441,0.626949,0.822723,0.630274,0.414832,0.284191,0.360922,0.581944,0.799478,1.041508,1.087538,1.037283
227213,1960-10-02,2020-02-29,59.4113620807666,0.0,0.0,11.693358507575786,125,1.018514759984608,Jack River at Jack River (227213),South East Coast (Victoria),SOUTH GIPPSLAND,No notes,-38.52579869,146.538118,-38.48810701,146.5060663,55,35.0,VIC,,1400,2300,2300,Not nested,,0,19601002,20200229,0.0,,,,,,,2.951011,2.750866,0.932177,-0.229132,0.0,16.503802,1.246436,jja,214.72921,3.864747,djf,0.482060086,0.424075685,256.2986,0.10834287,3.330811474,0.945413983,25.39785261,9.916174185,0.07682857,3.0774,0.379754516,0.042949309,0.226820276,0.0,1,3.159322034,11.18636364,0.0,158.4,108.5666667,0.478114703,0.524880568,0.082566477,-2.753406347,0.458181465,0.217439753,0.866270674,0.528813003,0.200674402,-4.887124602,-3.614204046,2.577797674,0.816917278,0.0,397.7405126,-0.858127664,252.8062078,0.322121641,0.622977087,SILICSED,1.0,UNCONSOLDTED,0.0,0.0,0.0,1.0,0.0,0.0,0.0,0.0,0.0,35.47059,41.29412,33.23529,1.475881493,300.0,245.4896,68,661.0831,368.1014,593.0831,25.46,13.26062,0.803247,2,0.49236,0.514237,0.045483,0.908,0.0673,0.0246,0.0001,0.0,0.0,0.0,0.0,0.0,0.0,1.0,0.0,0.0,0.0,0.0,0.0,0.0,0.0,0.0,0.0,0.0,0.00023,0.0,0.0,0.0,0.0,0.0,0.0,0.98503,0.01391,0.0,0.00082,0.0,0.99976,0.0,0.0,100.0,45.12396,0.0,0.0,0.0,0.0,0.0,0.0,0.0,2.392703,13.26062,0.0,0.0,0,0.056566,0.02069,0.0,0.539601,0.27666,0.0,0.13833,2.279094,5.544208,0.990967,0.0,1900.251,0.060792,0.416476,0.504014,132.9231,73.04756,49.31606,8.485131,0.878533,0.603161,0.805588,0.623564,0.415995,0.285876,0.364953,0.584484,0.798882,1.01977,1.078443,1.031101
227219,1966-04-03,2022-02-28,55.90965092402464,0.0009304147691102297,0.17664934810312716,4.697535293089802,125,1.496921306562251,Bass River at Loch (227219),South East Coast (Victoria),SOUTH GIPPSLAND,No notes,-38.358,145.72,-38.37920853,145.7806809,55,53.9,VIC,,1400,2300,2300,Level 1,227231,0,19660403,20220228,0.000930415,22.0,12.85169374,18.20413517,10.16090418,0.034278439,1.565763745,2.888724,2.794321,0.96732,-0.28466,0.0,17.591471,1.18678,son,215.870813,4.021266,djf,0.543652987,0.209348092,122.7089353,0.0,2.672009308,0.78974413,6.663904131,4.452959508,0.0,3.74258167,1.048892004,0.211302813,0.561856681,0.176649348,1,7.233221477,26.17123288,33.68224299,136.6296296,67.68518519,0.66524303,0.522751583,0.210590711,-9.780492896,0.574717649,0.387938196,4.078071682,0.493944065,0.215334741,-6.024438353,-8.390646998,2.80899217,0.35541394,0.0,372.0008623,-0.950133762,191.263844,0.278831491,0.772275542,SILICSED,0.9451079,UNCONSOLDTED,0.05489196,0.05489196,0.0,0.9451079,0.0,0.0,0.0,0.0,0.0,23.14286,50.07143,56.78571,0.718895229,103.8142,126.2263,90,336.7227,176.0602,246.7227,13.17,17.82614,0.840961,3,0.483603,0.395253,0.014903,0.7058,0.1545,0.1068,0.0315,0.0014,0.0,0.0,0.0,0.0,0.0,1.0,0.0,0.0,0.0,0.0,0.0,0.0,0.0,0.99892,0.0,0.0,0.0,0.0,0.0,0.0,0.0,0.0,0.0,0.0,0.00108,0.0,0.0,0.0,0.00108,0.0,0.0,100.0,2.698842,0.0,0.0,0.0,0.0,0.0,0.0,0.0,96.80802,17.82614,0.0,0.0,0,0.192157,0.074074,0.0,0.678241,0.407473,0.0,0.203736,9.789002,55.35527,1.0,0.035288,1508.742,0.06598,0.41177,0.442803,113.7425,64.18726,61.99487,4.852153,0.510308,0.372681,0.435102,0.338416,0.229278,0.165399,0.203026,0.32187,0.440163,0.602301,0.621959,0.612584
227225,1968-04-25,2022-02-28,53.84804928131417,0.0014236322961155175,0.0,10.899237063032858,125,1.6014154428478862,Tarra River at Fischers (227225A),South East Coast (Victoria),SOUTH GIPPSLAND,No notes,-38.469722,146.555278,-38.45386285,146.5303232,55,20.3,VIC,,1400,2300,2300,Level 1,227200,0,19680425,20220228,0.001423632,19.0,15.97442627,8.3848981,13.42786507,0.066097214,5.400344548,3.140256,2.729621,0.869235,-0.237263,0.0,16.710549,1.245144,jja,212.580839,3.827938,djf,0.570477564,0.58035727,396.4525714,0.60011824,2.907770746,1.141040979,27.47534488,11.00836471,0.20855172,2.68989163,0.275382376,0.013391039,0.067617108,0.0,1,2.481132075,9.034013605,0.0,168.3584906,128.5283019,0.592707062,0.518956442,0.068966704,-2.066544875,0.320194802,0.117058438,0.783717729,0.614475025,0.193923602,-2.857000542,-2.563979918,2.501549096,1.024277906,0.0,429.1055294,-0.794200144,266.2017199,0.357944724,0.541769688,SILICSED,1.0,UNCONSOLDTED,0.0,0.0,0.0,1.0,0.0,0.0,0.0,0.0,0.0,34.0,41.0,35.0,1.5,300.0,249.0,189,679.6342,444.9357,490.6342,27.19,7.257252,0.904165,3,0.715062,0.521559,0.067594,0.922,0.0538,0.0233,0.0009,0.0,0.0,0.0,0.0,0.0,0.0,1.0,0.0,0.0,0.0,0.0,0.0,0.0,0.0,0.0,0.0,0.0,0.0,0.0,0.0,0.0,0.0,0.00021,0.0,0.95569,0.0439,0.0,0.00021,0.0,0.9998,0.0,0.0,100.0,72.67773,0.0,0.0,0.0,0.0,0.0,0.0,0.0,0.0,7.257252,0.0,0.0,0,0.175,0.0,0.0,0.473936,0.209804,0.0,0.104902,3.837117,6.772366,1.0,0.0,2223.691,0.053349,0.400839,0.527632,138.6091,77.55718,44.74899,8.741274,0.940425,0.660962,0.829906,0.634729,0.418986,0.287525,0.365369,0.586117,0.802847,1.042495,1.098639,1.075977
227226,1970-04-25,2022-02-28,51.84941820670773,0.0,0.0,4.849550824649485,125,1.2765895835753656,Tarwin River East Branch  at Dumbalk North (227226),South East Coast (Victoria),SOUTH GIPPSLAND,No notes,-38.499722,146.160833,-38.50462875,146.2282591,55,127.1,VIC,,1400,2300,2300,Level 1,227202,0,19700425,20220228,0.0,23.0,8.7043885,11.1145849,6.601489771,0.132009716,5.586162242,2.869271,2.769126,0.965098,-0.260917,0.0,17.06112,1.235677,son,212.967366,3.883298,djf,0.538727996,0.351329513,146.1852652,0.0203934,2.435426214,0.732324971,13.21692156,3.180955827,0.02787097,2.68784894,0.506143576,0.057397824,0.351251452,0.0,1,2.801546392,14.27467811,0.0,141.0576923,88.34615385,0.602902142,0.631121713,0.115863587,-3.895192213,0.464110919,0.279109401,2.097273918,0.473544034,0.179569458,-5.372874427,-4.144974499,2.73526687,0.506846025,0.0,389.1570504,-0.915118197,208.3157574,0.262598423,0.683817731,SILICSED,0.8714146,IGNEOUS,0.1268517,0.00173415,0.1268517,0.8714146,0.0,0.0,0.0,0.0,0.0,39.0,42.0,29.0,1.45605471,299.7315,239.5623,58,420.2119,208.4265,362.2119,20.06,26.96844,0.712184,3,0.486375,0.42723,0.013711,0.8265,0.1009,0.0606,0.0108,0.0012,0.0,0.0,0.0,0.0,0.0,1.0,0.0,0.0,0.0,0.0,0.0,0.0,0.0,0.65847,0.0,0.0,0.0,0.0,0.0,0.0,0.0,0.0,0.0,0.31976,0.02176,0.0,3e-05,0.0,0.34155,0.0,0.0,98.06443,13.68695,0.346817,0.0,1.588851,0.011187,0.0,0.0,0.0,73.17271,26.96844,0.0,0.0,0,0.155556,0.032653,0.0,0.733737,0.370169,0.0,0.185084,3.388323,4.74049,1.0,0.0,1394.136,0.079215,0.448037,0.443057,122.0206,63.9524,60.72167,7.111577,0.72989,0.492676,0.663951,0.528628,0.351604,0.241685,0.305076,0.493724,0.676547,0.881375,0.887861,0.864337
227227,1973-10-26,2022-02-28,48.34496919917864,0.007362102163325405,0.09613190324052943,4.86305662387446,125,1.6916431949667947,Wilkur Creek at Leongatha (227227),South East Coast (Victoria),SOUTH GIPPSLAND,No notes,-38.393333,145.957222,-38.3516551,145.9209819,55,105.1,VIC,,1400,2300,2300,Level 1,227202,0,19731026,20220228,0.007362102,48.0,10.64950633,14.39584443,8.472148165,0.033978933,1.348795649,2.984538,2.78511,0.93318,-0.277319,0.0,17.582482,1.2,jja,213.902222,4.020274,djf,0.631468935,0.234960577,151.654607,0.0,2.517811753,0.898060216,6.556186289,5.1127838,0.0,4.05035966,1.067754489,0.135041077,0.499372433,0.096131903,1,4.391465677,20.59529412,21.32911392,135.3695652,71.56521739,0.696531727,0.697356791,0.204962235,-6.805154289,0.528689006,0.345275451,3.732692321,0.494408201,0.225225872,-6.007767028,-6.105867476,2.51467111,0.404700384,0.0,362.2606153,-0.95501466,180.0782653,0.309903794,0.726760615,SILICSED,0.9825141,OTHERSED,0.01064624,0.00412534,0.00271437,0.9825141,0.0,0.01064624,0.0,0.0,0.0,39.0,42.0,29.0,1.453731155,298.7581,240.3381,72,479.8255,226.8811,407.8255,21.54,21.29502,0.832616,4,0.54902,0.382073,0.019223,0.8633,0.0899,0.0419,0.0049,0.0,0.0,0.0,0.0,0.0,0.0,1.0,0.0,0.0,0.0,0.0,0.0,0.0,0.0,0.83011,0.0,0.0,0.0,0.0,0.0,0.0,0.0,0.0,0.0,0.15902,0.01085,0.0,0.0,0.0,0.16987,0.0,0.0,99.13255,6.931641,0.0,0.0,0.867445,0.0,0.0,0.0,0.0,88.53516,21.29502,0.0,0.0,0,0.304762,0.1,0.0,0.733887,0.365847,0.0,0.182923,5.966491,8.345091,1.0,0.0,1576.01,0.073469,0.430903,0.451717,125.4911,67.78722,59.21545,5.797476,0.610752,0.422632,0.52778,0.417143,0.279652,0.194706,0.242309,0.390709,0.535381,0.72059,0.733798,0.725227
227231,1973-03-31,2022-02-28,48.917180013689254,0.0,0.010354284434991885,5.767579224094719,125,2.070866547398738,Bass River at Glen Forbes South (227231),South East Coast (Victoria),SOUTH GIPPSLAND,No notes,-38.467,145.51,-38.40563357,145.6714662,55,233.7,VIC,,1400,2300,2300,Not nested,,1,19730331,20220228,0.0,29.0,18.36055291,24.8283306,13.2721624,0.0,0.0,2.7,2.808153,1.040056,-0.27817,0.0,17.195955,1.18452,son,218.738304,4.107698,djf,0.424759182,0.221329588,97.29560096,0.0,2.627806581,0.616450382,6.265623408,2.624116091,0.00184837,3.01949698,0.866159048,0.186321151,0.564896177,0.010354284,1,6.821721311,29.68529412,16.81818182,140.8163265,64.75510204,0.742942796,0.695752372,0.182978759,-6.880891882,0.515029534,0.350625161,3.015083485,0.429470072,0.164608716,-8.221662548,-6.058664452,2.657675035,0.378223876,0.0,390.3743986,-0.961353826,185.3468108,0.231735409,0.710330445,SILICSED,0.7003127,UNCONSOLDTED,0.1851911,0.1851911,0.0,0.7003127,0.0,0.1130913,0.0,0.0,0.0,18.0,47.44118,69.0,0.785627783,79.1133,100.6442,16,336.7227,121.5945,320.7227,11.33,47.44819,0.738005,3,0.380315,0.355153,0.007031,0.6297,0.1119,0.1185,0.0627,0.0598,0.0174,0.0,0.0,0.0,0.0,0.06,0.0,0.0025,0.0,0.0,0.0005,0.0,0.0,0.96241,0.0,0.0,0.00032,0.0,0.0,0.0,3e-05,0.0,0.0,0.02755,0.00662,0.0,0.00011,0.0,0.03428,0.0,0.0,85.0561,5.368964,1.964894,0.266328,12.97902,1.130136,0.0,0.0,0.0,92.10981,47.44819,0.0,0.6,0,0.194074,0.044884,0.0,0.676404,0.388582,0.328226,0.358404,8.03364,375.5518,1.0,0.013496,1401.467,0.069649,0.419089,0.430459,106.2401,58.06808,65.13672,4.795654,0.49922,0.365855,0.431408,0.335574,0.229581,0.166623,0.204253,0.321507,0.438978,0.596349,0.607902,0.599546
227236,1979-05-20,2022-02-28,42.78165639972622,0.0008319467554076539,0.03682828412220585,4.893860130833286,125,2.1625329275260805,Powlett River at D/S Foster Ck Junction (227236),South East Coast (Victoria),SOUTH GIPPSLAND,No notes,-38.559,145.71,-38.49516931,145.7679243,55,233.8,VIC,,1400,2300,2300,Not nested,,0,19790520,20220228,0.000831947,15.0,16.50622642,34.77003628,11.64337887,0.0,0.0,2.737924,2.802048,1.023421,-0.306882,0.0,17.007186,1.203562,jja,217.803448,4.05523,djf,0.317729824,0.178209005,86.62061934,0.0,2.985800409,0.544091325,6.797188775,2.639156527,0.00073909,2.70655945,0.958237297,0.190866586,0.58816371,0.036828284,1,6.436285097,23.6066838,11.73469388,137.2142857,60.0,0.713943899,0.523766224,0.232177876,-7.559006755,0.602235986,0.406613702,4.490827672,0.490503324,0.160212304,-7.904163099,-6.435565207,3.297405106,0.39804764,0.0,424.6768769,-0.959512851,210.7539283,0.203363563,0.787812239,SILICSED,0.5240816,OTHERSED,0.2561029,0.2169542,0.00286158,0.5240816,0.0,0.2561029,0.0,0.0,0.0,12.93548,56.67742,76.59677,0.795775709,155.3921,110.0861,38,302.0838,107.4341,264.0838,9.08,26.83535,0.703059,4,0.639089,0.292412,0.010251,0.5362,0.0742,0.1032,0.1027,0.0728,0.0873,0.0236,0.0,0.0,0.0,0.18,0.0,0.0,0.0,0.0,0.0,0.0,0.0,0.9947,0.0,0.0,0.0,0.0,0.0,0.0,0.0,0.0,0.0,0.00017,0.00025,0.0,0.0,0.0048,0.00042,0.0,0.0,82.04644,2.349189,0.301095,0.013078,17.65249,1.366886,0.0,0.0,0.0,95.47256,26.83535,0.0,0.0,0,0.132,0.020202,0.0,0.643624,0.39677,0.0,0.198385,10.72652,930.5318,1.0,0.011258,1241.37,0.070189,0.426153,0.428718,104.9965,58.27689,64.80983,4.728197,0.501633,0.34973,0.420331,0.329566,0.226048,0.16571,0.202161,0.319199,0.438511,0.592856,0.60095,0.583548
227237,1979-06-10,2022-02-28,42.724161533196444,0.0,0.0,4.668306920543506,125,1.3317571618475206,Franklin River at Toora (227237),South East Coast (Victoria),SOUTH GIPPSLAND,No notes,-38.63,146.31,-38.58780701,146.2942082,55,73.6,VIC,,1400,2300,2300,Not nested,,0,19790610,20220228,0.0,18.0,39.92497454,8.068498962,30.00674521,0.019224607,1.748400723,3.131748,2.748272,0.877552,-0.261103,0.0,17.06112,1.230869,jja,209.61447,3.814033,djf,0.551219699,0.380065539,192.6381571,0.13272267,2.685638709,0.828178817,16.37505716,4.947017098,0.0540287,2.68734058,0.432594022,0.038897789,0.271387376,0.0,1,2.183453237,12.1,0.0,148.5813953,103.3488372,0.543289957,0.625723234,0.113095585,-3.323253934,0.484263906,0.260257928,1.585265821,0.512847966,0.180171071,-4.743238324,-4.562420535,2.574393936,0.675866934,0.0,433.7958351,-0.880974996,212.6695455,0.273279865,0.659291423,SILICSED,0.9702524,OTHERSED,0.02974767,0.0,0.0,0.9702524,0.0,0.02974767,0.0,0.0,0.0,14.0,37.0,75.0,1.289440404,225.6602,188.773,70,572.889,247.4833,502.889,19.6,22.00886,0.845827,3,0.448774,0.395728,0.024468,0.811,0.1054,0.0696,0.014,0.0,0.0,0.0,0.0,0.0,0.0,1.0,0.0,0.0,0.0,0.0,0.0,0.0,0.0,0.124,0.0,0.0,0.0,0.0,0.0,0.0,0.0,0.0,0.0,0.85022,0.02578,0.0,0.0,0.0,0.876,0.0,0.0,98.93612,35.95484,0.886579,0.295523,0.177306,0.078893,0.0,0.0,0.0,40.19197,22.00886,0.0,0.0,0,0.0,0.0,0.0,0.6025,0.313087,0.0,0.156544,2.91088,4.41517,0.999212,0.0,1541.249,0.069203,0.437197,0.468225,120.956,65.21342,56.12653,8.161851,0.834374,0.561938,0.775467,0.608658,0.404197,0.278853,0.353083,0.568741,0.779198,1.003049,1.029012,0.971742
230205,1955-06-22,2022-02-28,66.69130732375086,0.003448417422718502,0.10698249227600412,9.186409340077008,125,1.742034047937807,Deep Creek at Bulla (D/S of Emu Ck Ju (230205),South East Coast (Victoria),YARRA RIVER,No notes,-37.632,144.8,-37.38490166,144.7780867,55,861.2,VIC,,1400,2300,2300,Not nested,,0,19550622,20220228,0.003448417,43.0,26.71795227,14.47318973,21.31994694,0.004105259,0.878071579,1.921363,2.973788,1.54775,-0.203656,0.0,18.94881,1.260766,son,252.860544,5.026805,djf,0.145728716,0.264511696,62.55722715,0.0,4.242624662,0.18091775,15.96413307,0.58915773,0.0,0.74317393,0.791383078,0.162718847,0.59884655,0.106982492,1,10.94182825,43.26488095,38.76119403,159.8730159,66.93650794,0.647724514,0.574964989,0.181225618,-6.358861097,0.534896747,0.224906336,3.086503627,0.459285386,0.064018391,-8.59194908,-5.554394125,2.948073974,0.534781326,0.000236888,342.6436337,-0.937450188,173.2091918,0.094512852,0.677351167,IGNEOUS,0.5685657,SILICSED,0.3275718,0.0964796,0.5685657,0.3275718,0.0,0.00738278,0.0,0.0,0.0,21.48,50.4,51.88,1.1167976,29.92385,85.54167,93,961.1959,408.4478,868.1959,7.66,111.2907,0.825878,5,0.299891,0.399812,0.008275,0.5638,0.0772,0.1678,0.1494,0.0363,0.0055,0.0,0.0,0.0,0.0,1.0,0.0005,0.0,0.0,0.0,0.0,0.0,0.02107,0.76943,0.0,0.0,0.00549,0.0,2e-05,0.00012,4e-05,0.0,0.0,0.08474,0.06715,3e-05,0.04261,0.0088,0.19453,0.008756,0.0,35.45329,10.74224,0.0,0.0,64.53799,2.454666,0.0,0.0,0.0,85.84638,111.2907,0.0,0.0,0,0.181053,0.103766,1.0,0.660369,0.374667,0.145636,0.260152,14.91118,3100.663,1.0,0.062322,952.6254,0.043487,0.265694,0.404366,120.6907,73.63106,72.24537,3.456891,0.286749,0.183452,0.221802,0.206419,0.163083,0.145465,0.179586,0.278449,0.391118,0.525778,0.488617,0.391958
230209,1966-06-17,2020-02-29,53.7056810403833,0.0012234910277324632,0.02046753777051858,155.70220668997686,125,1.5061293409871062,Barringo Creek at Barringo (U/S Of Diversion) (230209),South East Coast (Victoria),YARRA RIVER,No notes,-37.41050387,144.6260551,-37.38973933,144.6235417,55,5.5,VIC,,1400,2300,2300,Not nested,,0,19660617,20200229,0.001223491,,,,,,,2.495757,2.88112,1.154407,-0.258452,0.000978,18.463404,1.257808,jja,237.444411,4.598712,djf,0.448051117,0.767952098,57.04018182,0.0,1.144652927,0.525587438,7.418092154,0.361940848,0.03163636,1.47018182,0.378355358,0.004236423,0.153225806,0.020467538,1,1.844444444,13.89814815,16.70833333,164.3584906,115.1886792,0.843895869,0.74408938,0.07293249,-2.421413242,0.149602544,0.066551753,1.043352152,0.599639758,0.104021145,-2.776409533,-2.065763363,2.375625191,1.085504862,0.003921038,400.6771459,-0.718314215,368.379175,0.214141244,0.485759508,IGNEOUS,1.0,UNCONSOLDTED,0.0,0.0,1.0,0.0,0.0,0.0,0.0,0.0,0.0,31.41667,39.27778,43.44445,1.06249683,238.7117,158.9448,553,960.0314,768.6111,407.0314,18.64,5.136407,1.038435,1,0.491416,0.583777,0.089537,0.8397,0.1028,0.053,0.0045,0.0,0.0,0.0,0.0,0.0,0.0,1.0,0.0,0.0,0.0,0.0,0.0,0.0,0.0,0.0,0.0,0.0,0.0,0.0,0.0,0.0,0.0,0.0,0.0,0.95538,0.04462,0.0,0.0,0.0,1.0,0.0,0.0,100.0,96.31899,0.0,0.0,0.0,0.0,0.0,0.0,0.0,0.0,5.136407,0.0,0.0,0,0.205128,0.009756,0.0,0.266616,0.160362,0.0,0.080181,13.61601,23.3703,1.0,0.435583,1451.65,0.030583,0.267954,0.459793,148.9706,97.81754,60.63356,6.033179,0.582248,0.40898,0.53331,0.476726,0.328771,0.242918,0.283818,0.428853,0.570496,0.736767,0.734802,0.709875
230210,1968-05-10,2022-02-28,53.80698151950719,0.0037144456317101714,0.3153728294177732,3.8708121207482207,125,1.2154425212318858,Saltwater Creek at Bullengarook (230210),South East Coast (Victoria),YARRA RIVER,No notes,-37.471944,144.524167,-37.46368576,144.4723013,55,39.0,VIC,,1400,2300,2300,Not nested,,0,19680510,20220228,0.003714446,12.0,20.46701645,29.98163711,17.65259627,0.005088282,1.424225888,2.400713,2.871564,1.19613,-0.274769,0.000421,17.807207,1.256183,son,235.017381,4.534339,djf,0.123739491,0.206353931,121.4030769,0.0,7.166754501,0.249301258,21.1847123,3.192228691,0.0,0.66683077,0.786655995,0.236261491,0.641521961,0.315372829,1,15.89690722,53.22457627,29.12735849,169.6585366,57.34146341,0.415299626,0.182600911,0.188916841,-10.09822092,0.794603094,0.223310329,1.96379919,0.570510653,0.069905118,-7.500471451,-6.220954638,3.528262592,0.976989916,0.001783238,446.5669269,-0.807739986,152.5459309,0.103355667,0.676354968,SILICSED,0.9311069,OTHERSED,0.04596056,0.01667818,0.00625446,0.9311069,0.0,0.04596056,0.0,0.0,0.0,18.0,38.0,69.0,0.952656792,67.58539,90.60524,471,725.8923,594.1945,254.8923,8.03,12.32117,0.994442,3,0.569071,0.47521,0.020368,0.5947,0.1365,0.2084,0.0604,0.0,0.0,0.0,0.0,0.0,0.0,1.0,0.0,0.0,0.0,0.0,0.0,0.0,0.0,0.0042,0.0,0.0,0.0,0.0,0.0,0.0,0.00022,0.0,0.0,0.87375,0.12165,0.0,0.00022,0.0,0.99562,0.0,0.0,98.2128,90.56838,0.0,0.0,1.787192,1.747482,0.0,0.0,0.0,0.0,12.32117,0.0,0.0,0,0.4,0.08,0.0,0.478125,0.263676,0.0,0.131838,5.329275,9.267552,1.0,0.0,1087.36,0.036002,0.280525,0.468642,140.8603,84.65693,59.33962,6.25746,0.566505,0.407994,0.516725,0.500519,0.364318,0.267927,0.315971,0.478902,0.625283,0.775315,0.758209,0.684351
231211,1978-08-27,2022-02-28,43.50992470910335,0.00044047319405990436,0.2877557444129682,4.241079954381741,125,1.425963592128239,Lerderderg River at U/S Goodman Ck Junction (231211),South East Coast (Victoria),WERRIBEE RIVER,No notes,-37.63,144.43,-37.48584184,144.3442763,55,234.5,VIC,,1400,2300,2300,Not nested,,1,19780827,20220228,0.000440473,36.0,20.14376908,31.40266073,16.2301575,0.0,0.0,2.384594,2.860966,1.199771,-0.305078,0.000131,17.798218,1.246067,jja,234.361184,4.582074,djf,0.192259393,0.319521212,111.3554149,0.0,6.064206722,0.200281521,24.02180385,1.47512817,0.0,0.61898507,0.850677038,0.123512748,0.534718288,0.287755744,1,10.16580311,42.04950495,95.22916667,167.0697674,55.60465116,0.517603724,0.459986292,0.14402359,-9.814329601,0.563028909,0.144092805,3.259725227,0.493514916,0.049919525,-5.152813801,-5.252132164,3.126051495,1.062080773,0.001143467,452.5410237,-0.856715014,235.6989309,0.085887519,0.581219781,SILICSED,0.9417423,IGNEOUS,0.03467205,0.02266792,0.03467205,0.9417423,0.0,0.00091777,0.0,0.0,0.0,17.35714,52.14286,69.32143,0.87760888,143.3462,102.4821,139,875.9676,588.1118,736.9676,17.25,43.9308,0.897196,4,0.395902,0.617822,0.017145,0.7571,0.1266,0.0904,0.024,0.0013,0.0006,0.0,0.0,0.0,0.0,1.0,0.0,0.0,0.0,0.0,0.0,0.0,0.00044,0.0104,0.0,0.0,0.00015,0.0,0.0,0.00035,0.0005,0.0,0.0,0.59268,0.37556,0.0,0.01664,0.0032,0.98488,0.0,0.0,96.11272,92.02689,0.0,0.0,3.887298,3.001727,0.0,0.0,0.0,3.299587,43.9308,0.0,0.0,0,0.14,0.044444,0.0,0.364988,0.234264,0.0,0.117132,4.097092,676.9579,1.0,0.024777,1310.9,0.035832,0.278829,0.46475,141.5749,84.58187,60.07768,6.731412,0.61197,0.432277,0.560129,0.541043,0.386105,0.285488,0.33739,0.51108,0.669689,0.842896,0.815082,0.74401
231213,1959-04-17,2022-02-28,62.87200547570158,0.006793241595540847,0.16362679761487198,9.390988254724014,125,1.137434439973045,Lerderderg River at Sardine Creek O'brien Crossing (231213),South East Coast (Victoria),WERRIBEE RIVER,No notes,-37.496111,144.359722,-37.45611118,144.3220162,55,153.4,VIC,,1400,2300,2300,Level 1,231211,0,19590417,20220228,0.006793242,26.0,16.24512571,14.79241239,13.01991175,0.004354642,0.581393817,2.57135,2.848913,1.107944,-0.348445,0.000394,18.04991,1.237978,jja,231.394815,4.537634,djf,0.432619788,0.375795261,124.1450848,0.0,3.374013249,0.431907638,14.33985724,2.123612808,0.0,1.71729857,0.790418334,0.129033672,0.503200631,0.163626798,1,7.624352332,34.25970149,40.12903226,155.0517241,67.67241379,0.568521482,0.451262036,0.13158545,-6.696835778,0.479636981,0.181548634,3.183087069,0.503442849,0.11063805,-6.706190922,-5.08764971,2.977115531,0.755043242,0.00231332,456.7872386,-0.916258728,296.2741476,0.167976091,0.65865356,SILICSED,0.9315178,IGNEOUS,0.04715055,0.02133188,0.04715055,0.9315178,0.0,0.0,0.0,0.0,0.0,17.84616,60.30769,68.84615,0.996515475,108.8183,116.4983,442,875.9676,657.3857,433.9676,12.76,26.47143,0.890839,4,0.533284,0.542876,0.018064,0.7019,0.1449,0.1159,0.0346,0.0018,0.0009,0.0,0.0,0.0,0.0,1.0,0.0,0.0,0.0,0.0,0.0,0.0,0.00069,0.0159,0.0,0.0,0.0,0.0,0.0,0.0,3e-05,0.0,0.0,0.81058,0.16747,0.0,0.0004,0.0049,0.97845,0.0,0.0,98.0947,93.25227,0.0,0.0,1.905318,1.905318,0.0,0.0,0.0,2.715447,26.47143,0.0,0.0,0,0.034328,0.009756,1.0,0.05,0.27984,0.0,0.13992,4.538948,39.55353,1.0,0.037233,1398.395,0.031298,0.268928,0.470834,144.6991,89.56356,59.28555,7.070811,0.638262,0.447514,0.589659,0.573847,0.405815,0.298694,0.353304,0.536845,0.705763,0.889444,0.854973,0.783246
231225,1973-05-17,2018-09-28,45.36892539356605,0.0,0.23885100476736468,10.513122680191682,125,1.6230831175763205,Werribee River at Ballan (U/S Old Western H- (231225),South East Coast (Victoria),WERRIBEE RIVER,No notes,-37.598,144.25,-37.50303696,144.1885525,55,108.2,VIC,,1400,2300,2300,Not nested,,0,19730517,20180928,0.0,11.0,16.22968941,17.42355483,14.59060376,0.024138555,2.423733446,2.425481,2.849874,1.174973,-0.329034,0.000141,18.220701,1.228485,jja,233.426328,4.556589,djf,0.387622262,0.327702957,111.1097148,0.0,3.535933861,0.381079828,12.32026164,1.815683671,0.0,1.66973057,0.814588043,0.201134512,0.575704544,0.238851005,1,13.54878049,43.16742081,32.7107438,158.8444444,59.82222222,0.660027705,0.448749869,0.154855263,-9.112178918,0.485535208,0.212393635,3.090263063,0.515017911,0.107588274,-7.691534492,-4.989971987,3.229348877,0.714977311,0.001488317,422.2670703,-0.924733078,217.2663514,0.158929801,0.67695469,SILICSED,0.5223219,IGNEOUS,0.3527732,0.08438568,0.3527732,0.5223219,0.0,0.04051988,0.0,0.0,0.0,45.66667,57.83333,36.75,1.001388421,101.5592,109.5433,500,866.7465,618.0536,366.7465,6.49,29.97683,0.854724,3,0.391055,0.378131,0.013341,0.5287,0.085,0.1903,0.1665,0.0219,0.0076,0.0,0.0,0.0,0.0,0.78,0.0,0.0,0.0,0.0,0.0,0.0,0.00246,0.31758,0.0,0.0,8e-05,0.0,0.0,0.0,0.00015,0.0,0.0,0.57161,0.08944,0.0,0.00419,0.0145,0.66524,0.141858,0.014183,70.61978,54.24451,0.0,0.0,29.23843,1.646321,0.0,0.0,0.0,34.56146,29.97683,0.0,0.0,0,0.344828,0.066667,0.0,0.673611,0.306227,0.227389,0.266808,18.6213,502.741,1.0,0.052826,1078.98,0.032319,0.268513,0.463564,141.4936,88.33616,60.31628,6.29721,0.565965,0.408623,0.516468,0.508001,0.362842,0.269595,0.31776,0.480925,0.629222,0.789146,0.748526,0.705289
231231,1979-05-04,2016-01-21,36.720054757015745,0.0,0.006263048016701462,1.306318104287922,125,1.010783681062792,Toolern Creek at Melton South (231231),South East Coast (Victoria),WERRIBEE RIVER,No notes,-37.72796,144.57898,-37.6224139,144.5980432,55,85.8,VIC,,1400,2300,2300,Not nested,,0,19790504,20160121,0.0,,,,,,,1.553759,2.95239,1.900159,-0.012184,0.0,17.456636,1.286093,son,265.930549,5.345862,djf,0.007961034,0.074778933,77.03948719,0.0,11.59432849,0.080613845,33.45355333,0.873595674,0.00151515,0.16339161,0.478148471,0.116462869,0.736653743,0.006263048,1,3.417943107,16.25,10.5,188.9459459,88.75675676,0.368429055,0.557306461,0.237189071,-2.98716756,1.032419039,0.450173954,0.768635296,0.511798637,0.046011878,-7.064442612,-6.235097731,3.586987457,1.630918773,0.0,248.9354295,-0.923157031,117.3101436,0.05380761,0.855118414,IGNEOUS,0.6101777,UNCONSOLDTED,0.2373281,0.2373281,0.6101777,0.1524944,0.0,0.0,0.0,0.0,0.0,36.0,62.0,42.0,0.869098521,46.91654,108.5335,94,601.3059,226.0593,507.3059,5.39,29.76845,0.725895,3,0.380611,0.29151,0.017792,0.4421,0.043,0.1259,0.1477,0.1534,0.0877,0.0002,0.0,0.0,0.0,0.36,0.0006,0.0,0.0,0.0,0.0,0.0,0.04027,0.39162,0.0,0.0,0.03014,0.0,0.00018,0.00238,0.0052,0.00032,0.0,0.00231,0.16337,0.00218,0.26722,0.0942,0.43508,25.79034,0.0,10.78229,4.495219,0.0,0.0,63.42736,7.408185,0.0,0.0,0.0,88.02068,29.76845,0.0,0.0,0,0.396825,0.215775,1.0,0.717883,0.439201,0.0,0.219601,140.1938,3241.568,1.0,0.220334,776.108,0.038921,0.240789,0.349897,109.5292,59.70745,75.51823,3.173326,0.275599,0.203545,0.229954,0.217903,0.171484,0.135621,0.166495,0.251488,0.345551,0.449268,0.403268,0.325452
232214,1977-06-07,2020-02-29,42.732375085557834,0.001345463864684777,0.10008340283569642,26.32950910467262,125,1.294874864134434,Black Creek at U/S Of Bungal Dam (232214),South East Coast (Victoria),BARWON RIVER-LAKE CORANGAMITE,No notes,-37.62982,144.06236,-37.60711895,144.0694073,55,11.7,VIC,,1400,2300,2300,Not nested,,0,19770607,20200229,0.001345464,,,,,,,2.169843,2.846968,1.312062,-0.246435,1.6e-05,17.42068,1.213525,son,235.92527,4.498029,djf,0.162783783,0.373121362,24.60581197,0.0,3.117420947,0.14095582,9.895313176,0.19308873,0.0,0.73837607,0.757559503,0.195996664,0.623853211,0.100083403,1,17.35795455,38.13333333,9.689440994,159.75,70.0,0.740957218,0.729863164,0.173983272,-6.041625373,0.346920428,0.159602046,3.454746291,0.49301676,0.044417339,-8.851139892,-4.775713246,3.524209804,0.699496159,0.000173025,403.1296225,-0.914627575,223.0185402,0.066665686,0.666269883,IGNEOUS,1.0,UNCONSOLDTED,0.0,0.0,1.0,0.0,0.0,0.0,0.0,0.0,0.0,18.0,57.0,69.0,1.003229461,48.05353,66.53041,488,682.6246,529.4763,194.6246,4.89,7.641401,0.723605,2,0.523749,0.368508,0.031737,0.4739,0.0376,0.2194,0.2544,0.0147,0.0,0.0,0.0,0.0,0.0,1.0,0.0,0.0,0.0,0.0,0.0,0.0,0.03232,0.96345,0.0,0.0,0.0,0.0,0.0,0.0,0.0,0.0,0.0,0.0,0.00283,0.0,0.00141,0.0,0.00424,0.0,0.0,0.0,0.0,0.0,0.0,100.0,7.298885,0.0,0.0,0.0,92.09293,7.641401,0.0,0.0,0,0.119403,0.052747,0.0,0.635302,0.361308,0.0,0.180654,6.958376,7.185999,1.0,0.0,860.5961,0.038213,0.289463,0.467411,135.4834,82.80005,60.17984,4.525608,0.434883,0.335572,0.375491,0.336934,0.243056,0.1858,0.216595,0.32216,0.426061,0.558694,0.552154,0.539013
232215,1977-06-07,2020-02-29,42.732375085557834,6.406970784213224e-05,0.21721022618056002,17.329598011591692,125,1.4861572269893983,Woollen Creek at U/S Of Bungal Dam (232215),South East Coast (Victoria),BARWON RIVER-LAKE CORANGAMITE,No notes,-37.6337175,144.0807662,-37.60591966,144.0919049,55,8.8,VIC,,1400,2300,2300,Not nested,,0,19770607,20200229,6.41e-05,,,,,,,2.241868,2.841172,1.267324,-0.253284,1.5e-05,17.456636,1.220616,son,234.648832,4.447019,djf,0.185272438,0.395539011,43.32761364,0.0,3.24459088,0.148368098,15.19446692,0.23173997,0.0,0.76590909,0.684930302,0.203370283,0.63317742,0.217210226,1,15.94974874,42.23076923,18.62637363,161.952381,65.80952381,0.742205375,0.794161562,0.200971521,-5.447267494,0.32862596,0.160550195,2.468262845,0.485726931,0.047442737,-8.453852613,-3.573977571,3.420388582,0.751167937,0.000437598,418.5680557,-0.926640385,215.1850598,0.067832814,0.699406883,IGNEOUS,0.8495671,SILICSED,0.1502789,0.0,0.8495671,0.1502789,0.0,0.00015425,0.0,0.0,0.0,20.625,59.5,64.0,1.004408655,49.35802,64.39012,505,651.6107,547.7933,146.6107,5.59,9.491646,0.568785,1,0.418557,0.55159,0.024392,0.4839,0.048,0.172,0.2905,0.0056,0.0,0.0,0.0,0.0,0.0,1.0,0.0,0.0,0.0,0.0,0.0,0.0,0.02423,0.8965,0.0,0.0,0.0,0.0,0.0,0.0,0.0,0.0,0.0,0.0,0.07274,0.0,0.00047,0.0061,0.07321,0.0,0.0,18.51777,6.542339,0.0,0.0,81.48225,8.949456,0.0,0.0,0.0,84.01439,9.491646,0.0,0.0,0,0.18042,0.09064,0.0,0.626694,0.357658,0.0,0.178829,11.67399,168.4741,1.0,0.049383,856.405,0.039072,0.295018,0.471084,138.834,83.41429,58.89209,4.509951,0.434119,0.33506,0.374589,0.335699,0.242226,0.185106,0.215465,0.320528,0.423871,0.556156,0.550564,0.537318
233214,1955-05-28,2020-02-29,64.76112251882273,0.0,0.012090978270060032,3.0112550357956014,125,1.2677177602984615,Barwon River East Branch at Forrest (233214),South East Coast (Victoria),BARWON RIVER-LAKE CORANGAMITE,No notes,-38.52871645,143.730405,-38.56082313,143.7719044,54,16.6,VIC,,1400,2300,2300,Not nested,,0,19550528,20200229,0.0,,,,,,,3.254757,2.665853,0.819064,-0.407379,0.0,16.07233,1.197589,jja,203.286214,3.811731,djf,1.102998149,0.338475436,468.3763253,0.0,3.881653257,1.243210461,24.36612911,23.28749567,0.01861446,4.55216867,0.606532122,0.092753868,0.443984104,0.012090978,1,4.486707566,28.85164835,15.88888889,146.5692308,74.2,0.504262272,0.323622926,0.146801793,-4.776364174,0.486698106,0.227734511,2.637922002,0.431932071,0.2638672,-7.233952513,-4.111712853,2.542200294,0.577779692,0.0,403.2279461,-0.935737082,299.3500548,0.38155131,0.691564132,SILICSED,0.7464252,OTHERSED,0.2200295,0.03354547,0.0,0.7464252,0.0,0.2200295,0.0,0.0,0.0,15.0625,44.78125,71.90625,0.800000012,100.0,81.46493,199,617.6542,311.6762,418.6542,26.79,15.7808,0.854332,2,0.335151,0.364069,0.03049,0.9305,0.0517,0.0174,0.0004,0.0,0.0,0.0,0.0,0.0,0.0,1.0,0.0,0.0,0.0,0.0,0.0,0.0,0.0,0.0,0.0,0.0,0.0,0.0,0.0,0.0,0.0,0.0,0.0,0.97278,0.02722,0.0,0.0,0.0,1.0,0.0,0.0,90.64085,81.42159,0.0,0.0,9.359181,7.53554,0.0,0.0,0.0,0.0,15.7808,1.0,0.6,0,0.228931,0.034783,0.0,0.359857,0.245985,0.64,0.442992,1.5867,2.561334,1.0,0.0,1756.995,0.035328,0.331413,0.508058,123.7942,74.44143,51.93382,7.444785,0.715532,0.528412,0.668304,0.560417,0.395937,0.296166,0.368668,0.547763,0.717762,0.917212,0.893601,0.838909
233223,1970-06-03,2020-02-29,49.74401095140315,0.011062799273487809,0.3920859305431879,2.116986217414868,125,0.9264852713872135,Warrambine Creek at Warrambine (233223),South East Coast (Victoria),BARWON RIVER-LAKE CORANGAMITE,No notes,-37.928637,143.8663116,-37.87062926,143.8735192,54,53.5,VIC,,1400,2300,2300,Not nested,,0,19700603,20200229,0.011062799,,,,,,,1.689918,2.879861,1.704143,-0.16811,0.0,17.60046,1.213887,son,251.494217,4.910144,djf,0.010581205,0.047426664,70.29990655,0.0,11.12674016,0.072597225,28.21046975,0.652493109,0.0,0.10196262,0.821658062,0.141195459,0.869824132,0.392085931,1,6.471938776,42.58583106,46.96666667,159.9361702,50.91489362,0.370951999,0.49358943,0.439004447,,1.074107668,0.368935979,2.688202145,0.46939876,0.043029546,-9.151316565,-4.170181785,3.65721645,1.13598918,0.0,312.3408327,-0.871914088,161.9727914,0.043181788,0.996474395,IGNEOUS,0.9980124,SILICSED,0.00017047,0.0,0.9980124,0.00017047,0.0,0.0,0.0,0.0,0.0,33.225,45.325,40.0,1.200000048,30.0,60.0,184,428.0658,247.4219,244.0658,2.45,20.41145,0.648633,2,0.452912,0.313709,0.012896,0.3737,0.0101,0.1253,0.3358,0.1453,0.0098,0.0,0.0,0.0,0.0,0.03,0.0,0.002,0.0,0.0,0.0,0.0,0.08228,0.81588,0.0,0.0,0.07855,0.0,0.0,0.00031,0.0,0.0,0.0,0.0,0.0,8e-05,0.02085,0.0,0.02093,0.113612,0.0,0.02273,0.0,0.0,0.0,99.86366,1.249014,0.0,0.0,0.0,98.751,20.41145,0.0,0.0,0,0.227848,0.040252,0.0,0.706565,0.382949,0.055869,0.219409,1.244523,1.258076,0.970468,0.0,716.2408,0.045609,0.296399,0.414293,108.545,67.62571,72.90127,3.413646,0.283957,0.203665,0.220345,0.203833,0.169723,0.142496,0.171185,0.264856,0.372534,0.505216,0.474683,0.405012
234200,1957-04-03,2022-02-28,64.90896646132786,0.011177661548844272,0.09414324105276628,7.278152246107949,125,1.469136853281113,Woady Yaloak River River at Pitfield (234200),South East Coast (Victoria),BARWON RIVER-LAKE CORANGAMITE,No notes,-37.809,143.59,-37.66652065,143.650363,54,309.5,VIC,,1400,2300,2300,Level 1,234201,0,19570403,20220228,0.011177662,51.0,34.16096469,21.38420166,26.87665758,0.008435971,2.25146111,1.792155,2.882978,1.608666,-0.211516,0.0,17.133032,1.210159,son,245.309785,4.843805,djf,0.05859582,0.184898535,56.91512762,0.0,5.298471094,0.115124121,21.27458278,0.372077833,0.0,0.43465202,0.815057887,0.144008873,0.654310455,0.094143241,1,9.002666667,41.68206522,24.25274725,162.8813559,62.72881356,0.571274192,0.482861108,0.186880786,-4.524061697,0.66392673,0.248389123,2.933115466,0.43636092,0.054588903,-9.542088114,-4.803597653,3.167204195,0.679106241,0.0,333.1984624,-0.929255837,166.4720628,0.064286482,0.849150566,SILICSED,0.5952205,IGNEOUS,0.2467445,0.1121963,0.2467445,0.5952205,0.0,0.04583851,0.0,0.0,0.0,18.0,55.30645,69.0,0.900333622,30.0,63.76401,225,489.7108,362.6624,264.7108,5.79,49.64143,0.862212,4,0.40685,0.570079,0.005953,0.4968,0.0776,0.1917,0.152,0.0304,0.0206,0.0274,0.0035,0.0,0.0,0.24,0.0019,0.0,0.0,0.0,0.0,0.0,0.00818,0.45551,0.0,0.00617,0.00046,0.0,0.00076,0.00013,0.00031,0.00018,2e-05,0.28699,0.22285,0.00125,0.01481,0.0003,0.5259,0.965422,0.019104,53.33965,34.0969,0.0,0.0,45.68056,4.49637,0.0,0.0,0.0,40.76098,49.64143,0.0,0.0,0,0.203125,0.044721,0.4,0.720594,0.360751,0.241574,0.301163,13.00912,196.2679,0.990549,0.428831,689.3566,0.048961,0.300818,0.43709,125.0477,68.81142,69.26231,3.969301,0.330834,0.241381,0.286398,0.28073,0.216968,0.175056,0.213591,0.315974,0.4276,0.550909,0.503598,0.430283
234201,1963-05-05,2022-02-28,58.822724161533195,0.0,0.0025133814289038862,6.813517597624199,125,1.3763255780573551,Woady Yaloak River at Cressy (Yarima) (234201),South East Coast (Victoria),BARWON RIVER-LAKE CORANGAMITE,No notes,-38.012,143.64,-37.79682063,143.644235,54,1149.2,VIC,,1400,2300,2300,Not nested,,1,19630505,20220228,0.0,42.0,27.04438055,78.84058895,21.75720886,0.00465441,1.598220693,1.687596,2.885351,1.709741,-0.194172,0.0,17.133032,1.210928,son,248.375034,4.923557,djf,0.050829341,0.204053064,45.91347761,0.0,5.163898902,0.086973196,23.45799619,0.201709484,0.00060146,0.31877207,0.691544983,0.13814289,0.6331394,0.002513381,1,9.667752443,46.58561644,3.857142857,167.8135593,71.72881356,0.585054647,0.335969621,0.184254179,-5.000366468,0.593951804,0.204474213,2.480094784,0.431459707,0.036257032,-9.406010226,-5.492273983,3.003052225,0.715079111,0.0,316.7140898,-0.927079781,195.8985003,0.051444215,0.704783466,IGNEOUS,0.4747216,SILICSED,0.3100852,0.1062927,0.4747216,0.3100852,0.0,0.1084918,0.0,0.0,0.0,18.0,62.0,69.0,0.94481852,30.17578,62.05243,131,489.7108,269.947,358.7108,4.2,83.84203,0.682437,5,0.462171,0.418572,0.004508,0.4092,0.0512,0.1535,0.162,0.0609,0.0732,0.0891,0.0009,0.0,0.0,0.19,0.002,0.0,0.0,0.0,0.0,0.0,0.05299,0.67672,0.0,0.00341,0.00296,0.0,0.00021,4e-05,0.00012,6e-05,0.0,0.13103,0.11411,0.00033,0.01585,0.0001,0.26132,1.201604,0.055675,28.32527,15.51964,0.0,0.0,70.46403,3.193944,0.0,0.0,0.0,74.0443,83.84203,0.0,0.0,0,0.251777,0.059331,0.0,0.767808,0.360785,0.336067,0.348426,4.786733,196.2679,0.613405,0.117741,674.6284,0.054062,0.310595,0.418276,120.1295,62.08015,71.79322,3.620824,0.257748,0.185965,0.214652,0.217768,0.185767,0.163499,0.209523,0.315287,0.437644,0.569111,0.49713,0.372394
234203,1973-12-20,2022-02-28,48.19438740588638,0.0,0.246776117707209,16.83685783677994,125,2.8893214824496396,Pirron YalloCreek C River at Pirron Yallock (above H'Wy (234203),South East Coast (Victoria),BARWON RIVER-LAKE CORANGAMITE,No notes,-38.354,143.42,-38.38822312,143.3350108,54,164.6,VIC,,1400,2300,2300,Not nested,,0,19731220,20220228,0.0,19.0,20.57471648,26.06014087,17.65916695,0.056808499,1.673159881,2.23102,2.763063,1.238475,-0.394917,0.0,16.566725,1.205363,jja,222.324914,4.355168,djf,0.357702712,0.388497808,40.01432806,0.0,2.47367273,0.234869034,4.423769136,0.337548363,0.0,1.35006561,1.072468128,0.3322161,0.6477305,0.246776118,1,39.24832215,81.44285714,45.72631579,151.5306122,43.06122449,0.92424579,0.80568044,0.122486629,-11.17839661,0.275937587,0.209688983,4.600627572,0.491135303,0.076548683,-6.986750475,-5.44685935,3.009720087,0.499740339,0.0,431.016353,-0.949608672,157.3846059,0.106224842,0.720628824,UNCONSOLDTED,0.3717261,OTHERSED,0.3542071,0.3717261,0.2738105,0.0,0.0,0.3542071,0.0,0.00025744,0.0,27.19643,55.01786,44.48214,0.720617551,215.8703,118.3558,125,283.3944,150.308,158.3944,1.92,27.97062,0.419261,3,0.512893,0.191399,0.005884,0.2506,0.0115,0.0934,0.1699,0.086,0.106,0.1339,0.1487,0.0,0.0,0.5,0.0007,0.0,0.0,0.0,0.0,0.0,0.0424,0.72917,0.0,0.00068,0.0,0.0,0.0,0.0,0.0,0.0,0.0,0.19079,0.03501,0.0,0.0013,0.0,0.2271,4.599649,0.168726,24.30701,5.196886,0.0,0.0,70.89657,13.34471,0.0,0.0,0.0,79.38822,27.97062,0.0,0.6,0,0.173913,0.097238,0.0,0.608028,0.375348,0.589651,0.4825,2.033322,2.777105,1.0,0.0,795.938,0.037154,0.308721,0.439606,103.6939,66.72578,66.39548,4.143296,0.391122,0.28498,0.343591,0.297079,0.226785,0.176643,0.214444,0.310066,0.407329,0.529064,0.500874,0.464177
234209,1975-11-13,2020-02-23,44.28199863107461,0.0034005193520464942,0.15701966623239655,5.055256696062543,125,1.1864840701774346,Dean Creek at Lake Colac (234209),South East Coast (Victoria),BARWON RIVER-LAKE CORANGAMITE,No notes,-38.33843869,143.5583248,-38.37553919,143.5474196,54,53.7,VIC,,1400,2300,2300,Not nested,,0,19751113,20200223,0.003400519,,,,,,,2.231829,2.76397,1.238432,-0.390824,0.0,17.474614,1.197044,jja,230.792552,4.520246,djf,0.168000463,0.187763475,46.7970391,0.0,3.922426418,0.22121353,10.10689758,0.752892522,0.0,0.94487896,0.742691917,0.176685899,0.640362305,0.157019666,1,8.0,17.61433447,11.99526066,148.9285714,47.35714286,0.54693204,0.335538932,0.259757246,-5.308614084,0.73295289,0.350222436,3.643364749,0.576903808,0.0903977,-8.604718562,-4.028907822,3.453782338,0.462796752,0.0,423.7044191,-0.919088597,236.3959532,0.100982679,0.895180252,OTHERSED,0.5888269,UNCONSOLDTED,0.2217108,0.2217108,0.02168213,0.1674221,0.0,0.5888269,0.0,0.0,0.0,42.25926,62.0,36.44445,0.997727406,100.0,133.1812,120,286.8232,172.5808,166.8232,4.15,16.30684,0.515542,2,0.527856,0.330341,0.010462,0.4077,0.0577,0.1502,0.1609,0.0912,0.1317,0.0006,0.0,0.0,0.0,0.0,0.0,0.0,0.0,0.0,0.0,0.0,0.04162,0.94058,0.0,0.0,0.0,0.0,0.0,0.0,0.0,0.0,0.0,0.0,0.00054,0.0,0.00023,0.017,0.00077,0.0,0.0,30.88386,2.211497,0.0,0.0,69.07708,0.650852,0.0,0.0,0.0,94.74317,16.30684,0.0,0.0,0,0.387879,0.286364,1.0,0.761966,0.421205,0.16408,0.292642,39.72186,814.7601,1.0,0.125976,961.4081,0.044003,0.324238,0.436885,113.6809,68.74299,66.62984,3.267481,0.286339,0.200443,0.22651,0.202889,0.173007,0.139824,0.167084,0.253339,0.34436,0.465163,0.434132,0.378205
235202,1950-01-01,2022-02-28,72.1615331964408,0.010585423227226163,0.0,11.159301647261394,125,1.7428740931415825,Gellibrand River River at Upper Gelliberand (235202),South East Coast (Victoria),OTWAY COAST,No notes,-38.564,143.66,-38.60892729,143.6764771,54,51.6,VIC,,1400,2300,2300,Level 2,235227,0,19500101,20220228,0.010585423,46.0,17.4744122,16.28228726,13.55290663,0.011382176,1.126603212,3.757785,2.639461,0.702398,-0.415353,0.0,14.984661,1.205351,jja,190.917352,3.525145,djf,1.876984127,0.469397958,527.2392558,0.01841862,2.275148617,1.686323597,17.81350309,14.71978194,0.06195349,5.58753488,0.539598778,0.038499885,0.337219112,0.0,1,2.413461538,16.07678245,0.0,148.0,87.31147541,0.675144944,0.540575482,0.092347393,-4.487548832,0.358246456,0.199601462,2.590931339,0.530545786,0.301529315,-4.586544988,-4.455467165,2.424452332,0.6776978,0.0,436.5517016,-0.897322214,314.6914998,0.442254554,0.681800362,SILICSED,1.0,UNCONSOLDTED,0.0,0.0,0.0,1.0,0.0,0.0,0.0,0.0,0.0,16.0,47.0,70.0,0.800000012,100.0,74.0,175,579.798,375.8528,404.798,19.36,14.92554,0.81561,3,0.575186,0.561193,0.031139,0.8306,0.1129,0.0537,0.0028,0.0,0.0,0.0,0.0,0.0,0.0,1.0,0.0,0.0062,0.0,0.0,0.0,0.0,0.0,0.001,0.0,0.0,0.0,0.0,0.0,0.0,0.0,0.0,0.0,0.98644,0.00633,0.0,0.0,0.0,0.99277,0.0,0.0,100.0,86.51112,0.0,0.0,0.0,0.0,0.0,0.0,0.0,0.0,14.92554,0.0,0.0,0,0.197102,0.045455,0.0,0.582564,0.167875,0.366059,0.266967,0.957001,1.618723,0.008346,0.0,2692.775,0.032331,0.333476,0.536793,130.315,77.78011,44.89459,7.837305,0.833836,0.660277,0.729312,0.550788,0.383323,0.286703,0.354484,0.524426,0.697128,0.916337,0.952421,0.944932
235203,1975-01-25,2022-02-28,47.096509240246405,0.0,0.001860248808278107,5.090080516160919,125,1.7691812311913648,Curdies River River at Curdie (235203),South East Coast (Victoria),OTWAY COAST,No notes,-38.445,142.96,-38.41472083,143.1301478,54,780.5,VIC,,1400,2300,2300,Not nested,,1,19750125,20220228,0.0,28.0,19.128326,16.50859821,14.74170792,0.005813278,1.016236827,2.277086,2.759725,1.211955,-0.412309,0.0,16.036374,1.18775,jja,219.754061,4.268727,djf,0.278379674,0.264186502,88.050954,0.0,3.324499687,0.300213699,15.7750219,0.99612446,0.00188187,1.53527431,0.773780705,0.19480293,0.600162772,0.001860249,1,10.03293413,58.0,5.333333333,147.6595745,47.70212766,0.68908025,0.797009651,0.130519184,-5.95756127,0.467450217,0.253243958,2.911067121,0.445498479,0.108301426,-10.09643373,-3.261694979,2.97612918,0.432828065,0.0,420.4247557,-0.951262238,247.8874119,0.13438657,0.805894715,SEDVOLC,0.3235891,OTHERSED,0.2450665,0.1068352,0.2103332,0.0,0.1140229,0.2450665,0.0,0.3235891,0.0,56.25,57.0,23.75,0.862176487,120.4358,110.6157,16,266.9846,111.5197,250.9846,5.77,62.53745,0.717684,4,0.48451,0.393452,0.004099,0.4911,0.0765,0.1599,0.1553,0.0556,0.0397,0.0218,0.0001,0.0,0.0,0.83,0.0003,0.0047,0.0,0.0,0.0,0.0,0.03371,0.86649,0.0,0.001,0.00069,0.0,8e-05,1e-05,0.00054,1e-05,0.0,0.07595,0.01294,1e-05,0.00155,0.0021,0.09045,0.256462,0.096698,67.81144,9.224308,1.559785,0.062976,30.26081,3.437624,0.0,0.0,0.0,86.27204,62.53745,0.0,0.0,0,0.533333,0.133333,0.0,0.416667,0.378412,0.239989,0.3092,5.881595,395.4565,1.0,0.010831,927.4669,0.044075,0.345212,0.441425,102.9742,61.06537,64.67751,4.262672,0.397272,0.291786,0.35138,0.299604,0.228113,0.180876,0.221894,0.317028,0.418948,0.539845,0.525429,0.493496
235204,1955-04-15,2020-02-29,64.8788501026694,0.08043212220956239,4.589050525446285e-05,8.940377640264884,125,1.209206820950211,Little Aire Creek at Beech Forest (235204),South East Coast (Victoria),OTWAY COAST,No notes,-38.6548305,143.5291815,-38.64377202,143.5518309,54,11.1,VIC,,1400,2300,2300,Level 1,235219,0,19550415,20200229,0.080432122,,,,,,,4.414917,2.60654,0.590394,-0.437819,0.0,13.896993,1.205928,jja,176.768667,3.240237,djf,2.626464559,0.512495713,222.6681982,0.27432431,1.437364673,2.776792783,7.639057105,15.93018713,0.2554955,8.66207207,0.418438778,0.015189757,0.21522647,4.59e-05,1,1.432900433,12.77929155,1.0,140.0909091,100.0,0.655396532,0.483710248,0.07657684,-3.256912868,0.341025078,0.175391336,1.709811317,0.560968365,0.455839585,-3.856884718,-3.687663188,1.272405483,0.672968632,0.0,357.2870319,-0.903746796,231.3507486,0.624403818,0.730039714,SILICSED,1.0,UNCONSOLDTED,0.0,0.0,0.0,1.0,0.0,0.0,0.0,0.0,0.0,16.0,47.0,70.0,0.800000012,100.0,74.0,417,539.7469,421.3277,122.7469,8.96,9.656425,0.598361,1,0.47039,0.632892,0.033405,0.631,0.1391,0.1584,0.0688,0.0027,0.0,0.0,0.0,0.0,0.0,1.0,0.0,0.0,0.0,0.0,0.0094,0.0,0.0,0.0896,0.0,0.0,0.0,0.0,0.0,0.0,0.0,0.0,0.0,0.90018,0.00072,0.0,0.0,0.0,0.9009,0.0,0.0,100.0,40.96736,0.0,0.0,0.0,0.0,0.0,0.0,0.0,0.0,9.656425,0.3,0.0,0,0.146,0.065428,0.0,0.518204,0.292979,0.12,0.206489,1.004246,1.004635,0.992551,0.0,3047.955,0.030238,0.33601,0.556547,135.437,80.51055,39.71711,8.760536,0.964173,0.76104,0.814932,0.599733,0.415703,0.310456,0.385741,0.573023,0.763123,1.012944,1.068194,1.086565
235205,1958-02-14,2022-02-28,64.04106776180699,0.00017100594245650035,0.0,20.96873274930353,125,1.3998294319335216,Arkins Creek West Branch at Wyelangta (235205),South East Coast (Victoria),OTWAY COAST,No notes,-38.638056,143.443056,-38.65158741,143.4490994,54,4.4,VIC,,1400,2300,2300,Level 1,235224,0,19580214,20220228,0.000171006,14.0,11.29728135,13.76594128,8.947765872,0.008550297,0.290486842,4.427644,2.59351,0.585754,-0.445646,0.0,13.780136,1.207087,jja,175.141658,3.233322,djf,2.963969143,0.625648953,202.6865455,0.35345455,1.151494273,2.524971713,5.488606711,8.453500814,0.29454545,7.61890909,0.395753208,0.006200026,0.170607603,0.0,1,1.629213483,10.81300813,0.0,144.4920635,96.84126984,0.824650407,0.599054186,0.054678174,-3.200039387,0.194183529,0.112477253,1.636600593,0.605242256,0.386363914,-3.268857946,-2.748919021,1.276294371,0.783951347,0.0,402.7362398,-0.865706612,263.1457491,0.562554215,0.686802984,SILICSED,1.0,UNCONSOLDTED,0.0,0.0,0.0,1.0,0.0,0.0,0.0,0.0,0.0,16.0,43.48148,68.7037,0.800000012,110.3371,79.47865,369,547.4727,322.3623,178.4727,10.43,8.001239,0.601221,1,0.516835,0.534319,0.060416,0.6675,0.1728,0.1368,0.0229,0.0,0.0,0.0,0.0,0.0,0.0,1.0,0.0,0.0,0.0,0.0,0.0,0.0,0.0,0.0,0.0,0.0,0.0,0.0,0.0,0.0,0.0,0.0,0.0,1.0,0.0,0.0,0.0,0.0,1.0,0.0,0.0,100.0,95.17,0.0,0.0,0.0,0.0,0.0,0.0,0.0,0.0,8.001239,0.3,0.0,0,0.089941,0.003587,0.0,0.247478,0.135429,0.12,0.127714,0.917298,0.917299,0.0,0.0,2825.234,0.03494,0.348771,0.530457,126.653,75.41527,45.26233,8.638735,0.911699,0.706452,0.802603,0.606759,0.421054,0.315857,0.394234,0.584231,0.774445,1.017505,1.045497,1.056971
235209,1964-03-14,2020-02-29,55.964407939767284,0.00014676385695416077,0.0,3.6191987872386298,125,0.9240030696568323,Aire River at Beech Forest (235209),South East Coast (Victoria),OTWAY COAST,No notes,-38.66849499,143.5812749,-38.65646558,143.6095414,54,25.1,VIC,,1400,2300,2300,Level 1,235219,0,19640314,20200229,0.000146764,,,,,,,4.154971,2.607828,0.62764,-0.423501,0.0,14.301498,1.198945,jja,181.95532,3.308057,djf,2.389007884,0.510642457,652.7050199,0.55776889,2.851683511,2.241093058,30.96434356,40.84345095,0.20820717,6.78023904,0.406405727,0.018690674,0.223309521,0.0,1,2.273809524,11.46733668,0.0,151.0,95.77777778,0.419444276,0.286222713,0.071376592,-3.216511133,0.346558709,0.147063679,1.684826153,0.575347685,0.361655938,-3.811945585,-3.462835645,2.004426295,0.778409392,0.0,397.9559901,-0.918048063,302.7715168,0.53419678,0.677008832,SILICSED,1.0,UNCONSOLDTED,0.0,0.0,0.0,1.0,0.0,0.0,0.0,0.0,0.0,16.0,47.0,70.0,0.800000012,100.0,74.0,280,574.8472,424.2719,294.8472,18.99,10.0938,0.585252,2,0.579625,0.551141,0.033235,0.839,0.1114,0.0461,0.0035,0.0,0.0,0.0,0.0,0.0,0.0,1.0,0.0,0.0,0.0,0.0,0.0,0.0,0.0,0.0,0.0,0.0,0.0,0.0,0.0,0.0,0.0,0.0,0.0,0.99021,0.00979,0.0,0.0,0.0,1.0,0.0,0.0,100.0,31.65349,0.0,0.0,0.0,0.0,0.0,0.0,0.0,0.0,10.0938,0.0,0.0,0,0.085926,0.0,0.0,0.73272,0.326715,0.0,0.163358,1.003955,1.434583,0.968575,0.0,3474.312,0.030423,0.336675,0.557818,135.6754,80.19264,39.68679,8.085602,0.897493,0.72179,0.753241,0.551101,0.382549,0.287121,0.353627,0.523325,0.69634,0.926898,0.984774,1.001098
235210,1964-06-20,2022-02-28,57.69472963723477,0.002704883025672662,4.7582794061667303e-05,12.037694965656128,125,1.47003458777065,Lardner Creek at Gellibrand (235210),South East Coast (Victoria),OTWAY COAST,No notes,-38.535,143.54,-38.59079705,143.588286,54,51.6,VIC,,1400,2300,2300,Level 2,235227,0,19640620,20220228,0.002704883,24.0,19.91771849,42.52506998,15.75010941,0.009490818,0.356603076,3.620155,2.665794,0.736376,-0.429707,0.0,14.634091,1.201476,jja,188.733025,3.508104,djf,1.410176112,0.524908931,111.5337476,0.02513493,1.66545282,1.226304269,6.820277997,4.171201296,0.09216354,4.13060212,0.445713088,0.030452988,0.262466692,4.76e-05,1,2.176870748,15.8962536,1.0,147.6730769,82.55769231,0.714102327,0.386915449,0.097703011,-3.597617061,0.318281943,0.17613535,1.840416782,0.530663121,0.228081362,-4.710283234,-3.170743177,2.063358395,0.691580222,0.0,518.7589286,-0.902989197,352.0528525,0.334033755,0.682809322,SILICSED,0.9746461,OTHERSED,0.02268482,0.00266902,0.0,0.9746461,0.0,0.02268482,0.0,0.0,0.0,16.0,47.0,70.0,0.800000012,100.0,74.0,98,554.6497,276.4172,456.6497,17.26,15.03821,0.959851,3,0.550306,0.424882,0.03217,0.8044,0.125,0.0644,0.0062,0.0,0.0,0.0,0.0,0.0,0.0,0.84,0.001,0.0,0.0,0.0,0.0,0.0,0.0,0.001,0.0,0.0,0.0,0.0,0.0,0.0,8e-05,0.0,0.0,0.99081,0.00641,0.0,0.00062,0.0,0.99784,0.0,0.0,98.90443,68.64182,0.056185,0.056185,1.039397,1.039397,0.0,0.0,0.0,0.0,15.03821,0.0,0.0,0,0.225352,0.040816,0.0,0.543017,0.29322,0.0,0.14661,0.951269,1.004635,0.003369,0.0,2569.382,0.036515,0.342709,0.509753,121.1187,73.28001,50.40994,7.791938,0.807109,0.625354,0.719403,0.556852,0.388756,0.291043,0.361191,0.535099,0.708634,0.925876,0.938782,0.933089
235211,1964-06-19,2022-02-28,57.6974674880219,0.003036917528708361,0.0,9.521023637622937,125,1.7789627245997581,Kennedys Creek at Kennedys Ck (235211),South East Coast (Victoria),OTWAY COAST,No notes,-38.588,143.26,-38.49862065,143.3250296,54,266.3,VIC,,1400,2300,2300,Level 1,235224,0,19640619,20220228,0.003036918,29.0,41.47001184,26.90166476,31.55842342,0.204042896,6.485687067,2.554018,2.737793,1.071955,-0.423636,0.0,15.164441,1.20414,jja,209.713349,4.109565,djf,0.435871365,0.310680121,75.4382636,0.00584003,2.523062456,0.393940252,9.370936334,0.987908493,0.00519114,1.88016523,0.745331907,0.156068539,0.51618277,0.0,1,6.094795539,26.2590799,0.0,143.5272727,56.30909091,0.763092772,0.588931968,0.178727733,-6.014604131,0.406822759,0.279194372,2.990411701,0.44636159,0.118470124,-7.052491613,-4.80315576,2.674174029,0.460914675,0.0,469.2748404,-0.943290058,244.0806604,0.153612137,0.771228928,OTHERSED,0.524263,SEDVOLC,0.4549166,0.00381493,0.0,0.0016458,0.01535995,0.524263,0.0,0.4549166,0.0,12.0,50.0,78.0,0.843878609,167.5134,104.5914,27,286.9633,130.4118,259.9633,6.82,43.94851,0.854262,3,0.417378,0.414532,0.006084,0.5675,0.112,0.1947,0.1042,0.0176,0.004,0.0,0.0,0.0,0.0,1.0,0.0,0.0,0.0,0.0,0.0,0.0,0.01711,0.56713,0.0,0.0,0.0,0.0,0.0,0.0,0.0,0.0,0.0,0.37951,0.03518,0.0,0.00108,0.0,0.41577,0.01717,0.0,85.54805,24.98084,2.499478,0.497873,11.93533,4.057998,0.0,0.0,0.0,39.39255,43.94851,0.0,0.0,0,0.155,0.068571,0.0,0.598066,0.299104,0.244704,0.271904,2.471535,245.6278,0.855819,0.000915,934.2712,0.04517,0.356768,0.460304,107.4454,63.05197,61.03227,5.885733,0.548664,0.405902,0.520028,0.447664,0.3218,0.246957,0.304672,0.444175,0.581264,0.728987,0.681026,0.658749
235219,1967-03-30,2020-02-29,52.92265571526352,0.003776513191929643,0.0,8.819064709508758,125,1.200734344292764,Aire River at Wyelangta (235219),South East Coast (Victoria),OTWAY COAST,No notes,-38.7031718,143.4772919,-38.66222382,143.5453146,54,90.3,VIC,,1400,2300,2300,Not nested,,2,19670330,20200229,0.003776513,,,,,,,4.182541,2.613699,0.624907,-0.435406,0.0,13.950927,1.202169,jja,178.764225,3.269813,djf,2.484473258,0.566575277,261.5221373,0.57248062,1.532880721,2.216902082,12.13461865,11.54807901,0.25155039,6.87624585,0.394910212,0.013709301,0.18985304,0.0,1,1.692307692,11.71794872,0.0,146.6862745,101.8823529,0.639864735,0.505292128,0.06488171,-3.129007678,0.281846002,0.15258532,1.58407133,0.537084399,0.363062704,-3.698443246,-3.182211996,1.672472083,0.775399684,0.0,414.9922327,-0.904070983,262.5765423,0.523200787,0.693926142,SILICSED,0.9659872,OTHERSED,0.03401315,0.0,0.0,0.9659872,0.0,0.03401315,0.0,0.0,0.0,16.0,47.0,70.0,0.800000012,100.0,74.0,196,574.8472,361.2941,378.8472,15.7,25.71187,0.637173,3,0.438474,0.545426,0.018271,0.7736,0.13,0.0821,0.014,0.0003,0.0,0.0,0.0,0.0,0.0,1.0,0.0,0.0,0.0,0.0,0.0012,0.0,0.0,0.0283,0.0,0.0,0.0,0.0,0.0,0.0,0.0,0.0,0.0,0.96649,0.00401,0.0,0.0,0.0,0.9705,0.0,0.0,98.70162,61.6748,1.298401,1.298401,0.0,0.0,0.0,0.0,0.0,0.0,25.71187,0.0,0.0,0,0.029412,0.0,0.0,0.473099,0.277196,0.028293,0.152745,1.003941,1.434583,0.984285,0.0,2742.45,0.032941,0.34631,0.543818,129.3196,76.46651,42.47049,8.188316,0.904456,0.719835,0.763952,0.560212,0.389495,0.2908,0.359677,0.532417,0.709072,0.942379,0.996825,1.013877
235224,1969-03-22,2022-02-28,52.941820670773446,0.0014997155711847752,0.0,20.770304202907216,125,3.0579128601251697,Gellibrand River at Burrupa (235224),South East Coast (Victoria),OTWAY COAST,No notes,-38.7,143.25,-38.56085848,143.4245914,54,1038.3,VIC,,1400,2300,2300,Not nested,,3,19690322,20220228,0.001499716,30.0,12.84996426,20.99501008,9.716076533,0.005171433,0.202547839,2.898838,2.710611,0.935068,-0.43071,0.0,14.625102,1.197204,jja,199.052396,3.826508,djf,0.838559211,0.52904544,74.06229071,0.0361959,1.448494063,0.664098425,4.665247152,0.925333616,0.0622403,2.46581407,0.435210167,0.039310131,0.234203439,0.0,2,5.79389313,17.3256705,0.0,147.32,77.42,0.9383309,0.920059001,0.097545665,-3.459639815,0.169044277,0.161825352,1.729130393,0.307269004,0.138185986,-4.859861171,-2.322648438,2.090569465,0.656349018,0.0,488.90183,-0.886904204,263.4845892,0.227326797,0.607873722,OTHERSED,0.4223185,SILICSED,0.3492024,0.03630115,0.00450836,0.3492024,0.00592929,0.4223185,0.0,0.1817412,0.0,16.0,44.76471,69.17647,0.892852776,165.0693,113.1831,9,579.798,170.8766,570.798,12.38,84.3399,0.852877,4,0.433091,0.290883,0.006837,0.6924,0.116,0.1277,0.0534,0.0093,0.0012,0.0,0.0,0.0,0.0,1.0,0.0003,0.0003,0.0,0.0,0.0001,0.0,0.00492,0.18463,0.0,0.0,2e-05,0.0,4e-05,1e-05,3e-05,0.0,0.0,0.75865,0.05019,0.0,0.00082,0.0001,0.80966,0.00433,0.0,78.23907,47.22401,2.646347,1.92239,19.11025,14.42418,0.0,0.0,0.0,12.88043,84.3399,0.3,0.0,0,0.2,0.039437,0.0,0.393486,0.232922,0.500621,0.366771,1.54903,245.6278,0.377101,0.000231,1455.308,0.043314,0.360089,0.477951,114.4346,67.61911,56.64099,6.940974,0.67037,0.502841,0.626816,0.517572,0.366568,0.277869,0.345133,0.508246,0.6681,0.849612,0.815808,0.79531
235227,1970-03-11,2020-02-29,49.973990417522245,0.007615186544677587,0.0,23.253869372008374,125,1.705568806661859,Gellibrand River at Bunkers Hill (235227),South East Coast (Victoria),OTWAY COAST,No notes,-38.5241,143.4829,-38.55031875,143.5956264,54,314.1,VIC,,1400,2300,2300,Level 1,235224,3,19700311,20200229,0.007615187,,,,,,,3.143108,2.691618,0.856356,-0.426164,0.0,15.038595,1.200143,jja,198.20743,3.732859,djf,0.980748588,0.510346936,79.35770455,0.2880866,1.693732481,0.869844334,8.01778738,2.170564571,0.08941102,3.22118115,0.422978611,0.04328144,0.242243569,0.0,1,2.722222222,15.89855072,0.0,148.5909091,80.0,0.738521127,0.666528364,0.074143533,-3.38405751,0.30580888,0.20058466,1.395675088,0.446018311,0.195974809,-4.971536024,-2.868128248,2.284099662,0.680393872,0.0,493.431149,-0.897511165,277.9809799,0.274742941,0.713302435,SILICSED,0.6214599,OTHERSED,0.2050724,0.03722645,0.01402002,0.6214599,0.0,0.2050724,0.0,0.1222217,0.0,16.0,28.0,63.0,0.897006484,102.2686,91.26184,75,579.798,239.6973,504.798,15.1,37.5603,0.809852,4,0.534896,0.357681,0.014097,0.7547,0.1187,0.0929,0.0325,0.0011,0.0001,0.0,0.0,0.0,0.0,1.0,0.0002,0.001,0.0,0.0,0.0002,0.0,0.00035,0.01382,0.0,0.0,0.0,0.0,2e-05,0.0,2e-05,0.0,0.0,0.93879,0.0451,0.0,0.00035,0.0002,0.98424,0.0,0.0,89.42847,62.7266,1.11083,0.729427,9.460703,8.044249,0.0,0.0,0.0,1.536531,37.5603,0.0,0.0,0,0.026667,0.02,0.0,0.511797,0.234704,0.103094,0.168899,1.409669,3.903481,0.266705,0.0,1937.658,0.039404,0.344455,0.495082,118.8282,70.83926,53.83509,7.483674,0.737812,0.555067,0.679685,0.553923,0.389856,0.29255,0.363367,0.538585,0.709579,0.911477,0.887211,0.867165
235233,1977-10-13,2020-02-29,42.38193018480493,0.0,0.0024547803617571058,3.91122267698693,125,1.377534303352777,Barham River East Branch at Apollo Bay Paradise (235233),South East Coast (Victoria),OTWAY COAST,No notes,-38.75502396,143.6249731,-38.69585554,143.6358582,54,43.9,VIC,,1400,2300,2300,Not nested,,0,19771013,20200229,0.0,,,,,,,3.596665,2.651347,0.737168,-0.424901,0.0,14.64308,1.199558,jja,190.378012,3.439266,djf,1.300231707,0.407824673,239.7542141,0.0,2.257843104,1.365966214,14.35037262,9.511903477,0.09118451,4.82389522,0.458141671,0.043669251,0.284819121,0.00245478,1,2.781893004,12.35014006,7.6,148.0697674,98.18604651,0.602180348,0.394686063,0.156539126,-3.49922475,0.393229916,0.237768724,1.731020649,0.517430388,0.27232376,-4.930167809,-3.974523284,2.114547981,0.723329106,0.0,476.6811614,-0.914984217,302.1906508,0.379496907,0.717591515,SILICSED,1.0,UNCONSOLDTED,0.0,0.0,0.0,1.0,0.0,0.0,0.0,0.0,0.0,16.0,47.0,70.0,0.800000012,100.0,74.0,50,542.8389,288.2014,492.8389,32.81,16.69061,0.709885,2,0.458768,0.511877,0.031255,0.9448,0.0399,0.0151,0.0002,0.0,0.0,0.0,0.0,0.0,0.0,1.0,0.0,0.0,0.0,0.0,0.0,0.0,0.0,0.0012,0.0,0.0,0.0,0.0,0.0,0.0,0.0,0.0,0.0,0.98796,0.01082,0.0,0.0,0.0,0.99878,0.0,0.0,100.0,78.65454,0.0,0.0,0.0,0.0,0.0,0.0,0.0,0.0,16.69061,0.0,0.0,0,0.234667,0.053933,0.0,0.455934,0.256228,0.0,0.128114,1.405534,1.434583,0.982973,0.0,2815.539,0.037414,0.362214,0.527306,122.8907,71.55267,45.67436,7.435823,0.798378,0.647052,0.69323,0.517288,0.36045,0.271653,0.334131,0.491706,0.650958,0.859501,0.904453,0.902148
235234,1979-05-03,2022-02-28,42.82819986310746,0.0012146007799015534,0.0,13.322152778792908,125,1.7206868713075874,Love Creek at Gellibrand (235234),South East Coast (Victoria),OTWAY COAST,No notes,-38.483,143.57,-38.48442796,143.6092598,54,76.6,VIC,,1400,2300,2300,Level 2,235227,0,19790503,20220228,0.001214601,13.0,7.819703131,13.69961395,6.182129139,0.0,0.0,2.662036,2.726165,1.02409,-0.423816,0.0,16.153231,1.197202,jja,213.713453,4.120451,djf,0.242969292,0.335072092,78.96288099,0.00789159,2.762382024,0.292699524,11.54109261,0.653749714,0.01578288,1.20626305,0.487346044,0.091077829,0.401625704,0.0,1,4.210059172,17.97994269,0.0,147.5853659,63.34146341,0.670840879,0.502913618,0.138030385,-3.538142813,0.476816257,0.255970539,1.549405463,0.517061421,0.08610357,-6.590714896,-2.933109041,3.030573083,0.58526766,0.0,514.2654915,-0.892829338,270.9810223,0.111365377,0.773162835,OTHERSED,0.3890919,SEDVOLC,0.357872,0.03821941,0.01106279,0.2037541,0.0,0.3890919,0.0,0.357872,0.0,18.0,62.0,69.0,1.087068206,100.0,124.597,105,340.701,201.7079,235.701,9.7,15.96151,0.796147,3,0.618533,0.418738,0.014981,0.6502,0.1344,0.1548,0.058,0.0023,0.0003,0.0,0.0,0.0,0.0,1.0,0.0,0.0,0.0,0.0,0.0,0.0,0.00043,0.04232,0.0,0.0,0.0,0.0,0.0,0.0,0.0,0.0,0.0,0.8534,0.10382,0.0,5e-05,0.0,0.95727,0.0,0.0,77.99563,52.86377,1.204749,1.204749,20.79961,16.88839,0.0,0.0,0.0,6.363038,15.96151,0.0,0.0,0,0.243243,0.054545,0.0,0.52983,0.234876,0.0,0.117438,2.808436,3.903481,0.983011,0.0,1395.951,0.044889,0.350231,0.475547,115.772,65.39717,58.4282,7.002212,0.651999,0.465744,0.619419,0.539148,0.382373,0.287958,0.358193,0.531129,0.696236,0.880052,0.816892,0.779447
235237,1982-04-29,2022-02-28,39.83846680355921,0.003023847158270909,0.19280347418487626,5.2646147939159995,125,2.1440016601489065,Scotts Creek at Curdie (Digneys Br) (235237),South East Coast (Victoria),OTWAY COAST,No notes,-38.448,142.99,-38.49715659,143.1189332,54,344.7,VIC,,1400,2300,2300,Level 1,235203,0,19820429,20220228,0.003023847,18.0,18.87845571,17.59529117,13.88466576,0.00687238,0.620111958,2.45151,2.74577,1.120032,-0.430486,0.0,15.497034,1.190608,jja,213.317937,4.17065,djf,0.296141941,0.196594527,83.16850836,0.0,3.550041788,0.390077409,8.995171842,1.917646403,0.0,1.86326609,1.200450766,0.286206659,0.648445578,0.192803474,1,18.87272727,55.99404762,38.84722222,144.3947368,47.02631579,0.71841843,0.77970113,0.194728672,-11.02367611,0.565285584,0.333180491,3.82084057,0.434409831,0.137341099,-8.275122366,-5.939021926,3.219404879,0.38153568,0.0,437.5321655,-0.960203355,169.6265449,0.161736937,0.849163474,SEDVOLC,0.6558244,OTHERSED,0.1915406,0.06952898,0.0,0.0,0.08310565,0.1915406,0.0,0.6558244,0.0,62.0,62.0,22.0,0.875457002,110.1338,99.44575,22,216.7175,99.57288,194.7175,6.78,36.92835,0.804847,4,0.56457,0.430839,0.005573,0.5452,0.1101,0.1756,0.1338,0.0284,0.0069,0.0,0.0,0.0,0.0,1.0,0.0,0.0,0.0,0.0,0.0,0.0,0.01691,0.90013,0.0,0.0,0.0,0.0,0.0,0.0,0.0,0.0,0.0,0.07557,0.00604,0.0,0.0012,0.0002,0.08281,0.0,0.0,77.82143,9.53469,0.0,0.0,22.17855,2.458215,0.0,0.0,0.0,86.66517,36.92835,0.0,0.0,0,0.227273,0.16,1.0,0.576875,0.372991,0.225959,0.299475,3.07018,245.6278,1.0,0.001063,914.1462,0.046724,0.365125,0.452161,102.2582,58.34995,62.32108,4.795817,0.450938,0.336378,0.412301,0.34671,0.256089,0.201288,0.248016,0.356286,0.468665,0.593756,0.57613,0.552103
236202,1964-05-26,2019-12-31,55.60027378507871,0.009011227102619658,0.14792546583850932,11.784410642326467,125,1.9706449156606052,Hopkins River at Wickliffe (236202),South East Coast (Victoria),HOPKINS RIVER,No notes,-37.694023,142.725571,-37.43294855,142.8212301,54,1394.3,VIC,,1400,2300,2300,Level 2,236210,0,19640526,20191231,0.009011227,,,,,,,1.551146,2.943125,1.897388,-0.314543,0.0,18.643184,1.225044,jja,260.006799,5.700631,djf,0.047567819,0.294404866,27.7468902,0.0,5.021671236,0.048554419,15.19341809,0.059450304,0.0,0.1807796,0.761573117,0.133267081,0.653763975,0.147925466,1,15.59302326,53.48373984,45.10606061,159.754717,56.41509434,0.767903345,0.623910413,0.161096141,-5.146304609,0.428887026,0.130715138,3.921698982,0.391247428,0.019773388,-8.164579965,-5.087508929,3.875668263,0.652628814,5.74e-05,324.6236673,-0.932759041,169.6538541,0.031059644,0.636626375,IGNEOUS,0.4443019,UNCONSOLDTED,0.2874238,0.2874238,0.4443019,0.1888377,0.0,0.01189984,0.06254806,0.0,0.0,42.0625,60.35938,43.0625,0.883164446,41.44983,69.87225,203,862.7307,295.6373,659.7307,3.49,91.69958,0.694549,5,0.442076,0.144308,0.007227,0.3265,0.0242,0.1153,0.1883,0.0829,0.089,0.1011,0.0727,0.0,0.0,0.42,0.0003,0.00602,0.0,4e-05,0.0,0.0,0.14212,0.6887,0.0,0.0152,0.0482,0.0,0.00042,0.00153,0.00289,5e-05,0.0001,0.00719,0.05995,0.00045,0.02288,0.004,0.09047,2.493813,0.001187,19.59568,2.666863,0.144037,0.128565,75.63385,3.595956,0.0,0.0,0.0,92.38007,91.69958,0.0,0.0,0,0.269444,0.04,0.0,0.753819,0.39062,0.545613,0.468117,6.485082,1476.976,0.340124,0.015737,559.6104,0.045127,0.267711,0.39401,115.3552,64.47629,76.5667,3.062578,0.11482,0.070435,0.091872,0.12872,0.142904,0.146916,0.215692,0.344736,0.496904,0.633522,0.457961,0.228266
236203,1950-03-01,2020-02-29,70.00136892539356,0.0021511264080100127,0.08956218398463528,16.719104920719012,125,3.1184021440265073,Mount Emu Creek at Skipton (236203),South East Coast (Victoria),HOPKINS RIVER,No notes,-37.68769856,143.3600674,-37.49050998,143.543252,54,1251.5,VIC,,1400,2300,2300,Level 2,236216,1,19500301,20200229,0.002151126,,,,,,,1.746393,2.924277,1.674467,-0.24988,0.0,17.753273,1.219136,son,248.294133,5.103843,djf,0.097870448,0.328394448,65.86591211,0.0,4.400335612,0.08894009,20.94780455,0.153167539,0.0,0.45182901,0.959565634,0.211343237,0.696703641,0.089562184,1,23.75330396,72.55102041,45.7,166.968254,54.44444444,0.841610415,0.812616662,0.133078612,-6.189184093,0.349472574,0.156244908,3.966713262,0.461806564,0.037136298,-10.58880514,-6.726156871,3.14700222,0.74513082,8.88e-05,345.7067718,-0.951864283,230.549314,0.050494578,0.735451209,IGNEOUS,0.5452894,SILICSED,0.2151235,0.1968321,0.5452894,0.2151235,0.0,0.01064272,0.0,0.0,0.0,23.84375,53.32813,62.75781,0.902373191,34.24879,67.24083,280,721.2944,403.8894,441.2944,3.59,85.49503,0.533359,5,0.465522,0.285056,0.005193,0.3634,0.0335,0.1316,0.2022,0.0783,0.0844,0.1061,0.0005,0.0,0.0,0.33,0.0005,0.01222,0.0,0.0,0.0,0.0,0.02576,0.74528,0.0,0.0165,0.00646,0.0,0.00019,0.00175,0.00375,4e-05,0.0,0.05419,0.11177,0.00039,0.01158,0.0096,0.17793,3.739214,0.089792,20.93766,9.021095,0.0,0.0,70.93036,1.576374,0.0,0.0,0.0,85.32424,85.49503,0.0,0.0,0,0.453846,0.20117,0.0,0.69481,0.385032,0.950169,0.667601,18.40197,2831.69,0.755181,0.136862,672.1569,0.042349,0.272731,0.426968,122.2519,74.54814,70.90392,3.336162,0.241587,0.152806,0.183735,0.192556,0.164012,0.142938,0.182796,0.28105,0.40551,0.550126,0.481921,0.363974
236204,1950-03-01,2019-12-16,69.79603011635866,0.005491703604911152,0.22139391787954088,13.584764474142947,125,2.4269576787202323,Fiery Creek at Streatham (236204),South East Coast (Victoria),HOPKINS RIVER,No notes,-37.68052,143.0657,-37.47670484,143.1698664,54,986.4,VIC,,1400,2300,2300,Level 2,236210,0,19500301,20191216,0.005491704,,,,,,,1.585181,2.934279,1.851069,-0.2471,0.0,17.96002,1.234095,son,254.388674,5.424574,djf,0.082356666,0.313269211,59.66323197,0.0,4.304381678,0.085950131,21.73825431,0.136872005,0.0,0.36466951,0.638498826,0.158679446,0.606239893,0.221393918,1,13.77739726,70.50458716,80.18571429,161.1492537,51.1641791,0.79443845,0.792989271,0.131864909,-6.284869418,0.403169005,0.162469549,3.79492582,0.422222222,0.03398704,-8.211673858,-4.912264669,3.383104525,0.61383255,4.59e-05,316.3367089,-0.949395868,149.5437327,0.053018158,0.641045287,IGNEOUS,0.6316988,SILICSED,0.2190849,0.1454468,0.6316988,0.2190849,0.0,0.0,0.0,0.0,0.0,52.70423,61.15493,31.71831,0.902797849,32.35662,69.61076,243,958.059,349.3338,715.059,3.76,95.41561,0.495329,4,0.352416,0.161123,0.007605,0.3345,0.0272,0.1076,0.1911,0.0849,0.1292,0.1255,0.0,0.0,0.0,0.31,0.0,0.00118,0.0,0.0,0.0001,0.0,0.11876,0.74391,0.0,0.01892,0.01822,0.0,2e-05,0.0003,0.00021,1e-05,0.0,0.04899,0.03985,7e-05,0.00952,0.0,0.09843,4.624804,0.034522,27.34906,7.188463,0.522424,0.390977,65.47315,0.63715,0.0,0.0,0.0,90.76992,95.41561,0.0,0.0,0,0.141429,0.048246,0.0,0.845463,0.359202,0.31729,0.338246,0.901064,1.749952,0.233072,0.0,555.9363,0.043108,0.267954,0.408215,118.5311,70.18057,73.77013,3.407287,0.185861,0.115411,0.151442,0.173789,0.165847,0.156311,0.216889,0.338911,0.486352,0.622616,0.493687,0.309488
236205,1965-06-18,2022-02-28,56.70088980150582,0.0017865765330758088,0.0,5.673839430260558,125,2.0149129120504106,Merri River at Woodford (236205),South East Coast (Victoria),HOPKINS RIVER,No notes,-38.316,142.48,-38.11467825,142.4682008,54,902.2,VIC,,1400,2300,2300,Not nested,,0,19650618,20220228,0.001786577,38.0,18.42934196,9.61888768,14.26516719,0.0,0.0,1.950326,2.772678,1.421648,-0.373299,0.0,17.124043,1.180297,jja,235.224128,4.510169,djf,0.13125369,0.333971773,55.81616,0.00948116,3.959625272,0.161425655,13.5738782,0.408557594,0.01206691,0.57777512,0.389683706,0.078653316,0.41880714,0.0,1,6.112781955,35.19512195,0.0,150.0535714,56.07142857,0.710766998,0.609756918,0.074049886,-2.314465906,0.468545808,0.122924764,1.554111402,0.408067779,0.060118584,-7.162504098,-1.380672582,3.198119875,0.46934023,0.0,391.13226,-0.884048107,189.090214,0.081933906,0.73374488,IGNEOUS,0.9110944,CARBNATESED,0.05303179,0.03138554,0.9110944,0.0,0.05303179,0.00448907,0.0,0.0,0.0,26.9375,62.0,49.45536,0.818762094,35.24364,75.29163,17,340.7045,120.2121,323.7045,2.09,84.44527,0.508041,4,0.399798,0.333262,0.003916,0.3066,0.0147,0.1102,0.2093,0.1168,0.1655,0.0706,0.0063,0.0,0.0,0.78,0.0,0.0,0.0,0.0,0.0,0.0,0.0487,0.94249,0.0,0.00368,0.00015,0.0,0.0,0.0,0.0,0.0,0.0,0.00209,0.00108,0.0,0.00178,0.0,0.00495,3.256636,0.005092,0.333786,0.240595,0.0,0.0,96.32984,0.435898,0.0,0.0,0.0,99.31163,84.44527,0.0,0.0,0,0.197333,0.252674,0.0,0.740963,0.392379,0.189452,0.290915,2.827276,256.5142,0.589052,0.009202,616.1706,0.048142,0.34737,0.432493,104.0599,52.51654,66.1691,3.486843,0.22219,0.133153,0.159109,0.169082,0.17383,0.159041,0.203319,0.312598,0.447615,0.579193,0.532843,0.403858
236209,1955-05-24,2020-02-18,64.7419575633128,0.0,0.0,22.58102497953771,125,2.431445436280088,Hopkins River at Hopkins Falls (236209),South East Coast (Victoria),HOPKINS RIVER,No notes,-38.33543732,142.6251911,-37.72734676,142.9911738,54,8453.8,VIC,,1400,2300,2300,Not nested,,2,19550524,20200218,0.0,,,,,,,1.67872,2.876791,1.713681,-0.292894,0.0,17.034153,1.206238,son,246.640157,5.143982,djf,0.110194149,0.437480816,23.31775674,0.00093484,2.943130118,0.075794147,8.181130419,0.049761134,0.00077172,0.35564113,0.687141858,0.160147165,0.573645706,0.0,3,16.25321888,69.92268041,0.0,155.2153846,55.55384615,0.94034906,0.899886806,0.089323538,-4.414993881,0.200896275,0.113294261,2.972684492,0.331488389,0.023669719,-7.924844168,-4.139992319,3.56300496,0.532155686,0.0,340.6846644,-0.950756568,216.9020989,0.044673955,0.529832626,IGNEOUS,0.6310529,UNCONSOLDTED,0.1633441,0.1633441,0.6310529,0.1248901,1.22e-06,0.05572335,0.01314142,0.0,0.0,27.0,55.0,44.0,0.89484802,43.42929,79.01618,32,958.059,255.8161,926.059,2.64,259.6334,0.52902,6,0.383309,0.251428,0.003613,0.2978,0.0191,0.1061,0.1854,0.0912,0.1063,0.1275,0.0666,0.0,0.0,0.86,0.0002,0.00627,0.0,0.0,0.0,0.0,0.08183,0.80797,0.0,0.01935,0.01812,0.0,0.00012,0.00078,0.00173,1e-05,0.0001,0.01768,0.03265,0.00018,0.01052,0.0025,0.06103,10.20729,0.049636,10.90177,2.878655,0.083542,0.065968,76.32042,1.414279,0.0,0.0,0.0,94.58727,259.6334,0.0,0.0,0,0.164103,0.041026,0.0,0.689904,0.386024,0.795014,0.590519,5.155726,2831.69,0.345404,0.02658,605.2498,0.041991,0.282843,0.411713,111.6826,65.08967,72.87084,3.24588,0.171776,0.106596,0.125373,0.147777,0.154355,0.149026,0.206657,0.324182,0.468374,0.600615,0.490613,0.309513
236210,1955-06-11,2020-02-29,64.72279260780287,8.460236886632826e-05,0.019333276926981977,23.77554355516624,125,2.8307782922687705,Hopkins River at Framlingham (236210),South East Coast (Victoria),HOPKINS RIVER,No notes,-38.24379422,142.7030202,-37.67886434,142.8381905,54,5191.7,VIC,,1400,2300,2300,Level 1,236209,2,19550611,20200229,8.46e-05,,,,,,,1.627682,2.882589,1.770978,-0.296677,0.0,17.555515,1.221388,son,250.109911,5.258741,djf,0.08911661,0.417866581,18.83579849,0.0,3.24927331,0.062064115,7.267624122,0.040668075,0.0001175,0.30576112,0.825632067,0.152085625,0.616718843,0.019164058,2,18.72395833,68.12149533,12.58333333,155.46875,53.59375,0.939907007,0.886908006,0.123975139,-4.690447761,0.223629054,0.108703566,4.253504126,0.364620479,0.019905098,-8.173273444,-6.038833858,3.68137192,0.505778746,0.0,335.2101234,-0.954061835,205.4604837,0.03760401,0.529334459,IGNEOUS,0.5915539,UNCONSOLDTED,0.1857623,0.1857623,0.5915539,0.147558,0.0,0.04691277,0.02143053,0.0,0.0,30.06936,54.72903,48.75161,0.895765426,39.32934,75.52193,88,958.059,246.2837,870.059,2.73,210.086,0.578341,5,0.370951,0.197599,0.004222,0.2966,0.0189,0.1059,0.1839,0.0861,0.1041,0.1266,0.0779,0.0,0.0,0.49,0.0001,0.00517,0.0,0.0,0.0,0.0,0.09618,0.80245,0.0,0.0199,0.02456,0.0,0.00015,0.00065,0.00137,2e-05,0.0,0.01172,0.02482,0.00016,0.01125,0.0014,0.04795,11.25194,0.038351,10.44238,2.092685,0.136237,0.107578,76.18245,1.508207,0.0,0.0,0.0,95.72124,210.086,0.0,0.0,0,0.108187,0.061252,0.0,0.671161,0.384007,0.782581,0.583294,2.57527,1476.976,0.202466,0.006205,569.8509,0.042987,0.282336,0.406674,111.9067,62.79319,73.70677,3.22783,0.145944,0.089788,0.106761,0.136489,0.152794,0.15197,0.216242,0.342334,0.493461,0.622588,0.493285,0.285943
236212,1975-01-24,2022-02-28,47.09924709103354,0.0,0.0,6.966289113158038,125,2.4544331043213954,BruCreeknell Creek at Cudgee (236212),South East Coast (Victoria),HOPKINS RIVER,No notes,-38.346,142.65,-38.38228122,142.8193326,54,219.2,VIC,,1400,2300,2300,Not nested,,0,19750124,20220228,0.0,24.0,22.01032746,7.724936042,17.41472081,0.023251758,1.056660658,2.216173,2.756442,1.243784,-0.413103,0.0,16.297055,1.176509,jja,222.621551,4.250944,djf,0.237279275,0.380254979,57.92914971,0.2159521,2.637341945,0.329545629,7.259954045,0.755377414,0.05201766,1.32960287,0.323897412,0.076905191,0.148404348,0.0,1,4.691489362,8.71331058,0.0,150.9574468,71.06382979,0.803154514,0.600456127,0.152549625,-1.483476691,0.387851533,0.14786754,0.772790082,0.443266833,0.106970845,-6.887891224,-0.845687678,2.64631763,0.586016037,0.0,413.6202888,-0.893664755,222.9305193,0.150087805,0.712721765,IGNEOUS,0.476585,OTHERSED,0.3403474,0.06699156,0.476585,0.0,0.1150643,0.3403474,0.0,0.0,0.0,18.0,62.0,69.0,0.842665186,84.65866,93.96697,21,199.9814,82.1245,178.9814,1.64,48.45192,0.376011,3,0.354757,0.382065,0.003936,0.2676,0.0104,0.0916,0.1556,0.1321,0.2132,0.1295,0.0,0.0,0.0,0.57,0.0005,0.0,0.0,0.0,0.0,0.0,0.0511,0.92245,0.0,0.00108,0.0,0.0,0.0,0.0,0.0,0.0,0.0,0.02205,0.00175,2e-05,0.00102,0.0,0.02484,0.0,0.0,50.54529,5.801929,11.96424,0.397955,36.81195,0.900676,0.0,0.0,0.0,92.74275,48.45192,0.0,0.0,0,0.307017,0.138298,0.0,0.706533,0.381583,0.085588,0.233585,3.631885,5.221946,1.0,0.0,750.1619,0.054923,0.388327,0.444416,103.9905,50.55734,62.62361,3.510119,0.287241,0.199818,0.238647,0.215282,0.186273,0.156058,0.193732,0.279404,0.37861,0.49697,0.476133,0.406989
236213,1974-10-24,2022-02-28,47.351129363449694,0.0015611448395490026,0.5091498725967106,6.4085035352188084,125,1.714279259886922,Mount Emu Creek at Mena Park (236213),South East Coast (Victoria),HOPKINS RIVER,Some uncertainty regarding catchment boundary: the adopted catchment boundary agrees with HRS-2022 to within 4% but is 48% larger than that from Saft et al. (2023).  The issue is regarding whether a major tributary joins upstream or downstream of the gauge.,-37.531111,143.466389,-37.40858766,143.4787959,54,464.1,VIC,,1400,2300,2300,Level 3,236203,0,19741024,20220228,0.001561145,16.0,54.07930694,35.67607066,40.29112778,0.023128072,4.955331706,1.72886,2.945724,1.703853,-0.267298,0.0,18.004965,1.228081,son,251.332415,5.248733,djf,0.055171066,0.197507808,57.0984667,0.0,6.129864216,0.073401566,25.90557023,0.202447472,0.0,0.2919095,0.670785697,0.490850127,0.737665045,0.509149873,1,143.6610169,75.82142857,151.5862069,155.7111111,40.64444444,0.646347059,0.39811484,0.209413462,,0.616073493,0.26000192,2.714560725,0.449213162,0.034711404,-8.161298288,-8.762212532,4.025228208,0.673970939,0.000140974,337.1898726,-0.940785421,125.1530326,0.043458671,0.798722176,IGNEOUS,0.4302949,SILICSED,0.3228429,0.2408316,0.4302949,0.3228429,0.0,0.00273305,0.0,0.0,0.0,33.82278,54.46836,51.9557,0.916742175,34.8728,66.94228,352,721.2944,416.2513,369.2944,4.34,41.67754,0.491862,4,0.58195,0.171249,0.008832,0.3902,0.0445,0.1371,0.1945,0.0699,0.0769,0.0869,0.0,0.0,0.0,0.09,0.0,0.00023,0.0,0.0,0.0,0.0,0.0166,0.6637,0.0,0.00972,0.00445,0.0,2e-05,0.00058,0.00035,0.0,0.0,0.06782,0.22799,0.0,0.0062,0.0023,0.30201,2.705406,0.019911,33.60968,14.59096,0.0,0.0,61.10785,1.737941,0.0,0.0,0.0,81.45876,41.67754,0.0,0.0,0,0.084211,0.010811,0.0,0.745134,0.35699,0.476843,0.416917,3.63325,339.5259,0.888874,0.01169,694.9106,0.042025,0.266364,0.421735,122.4065,75.15346,71.86749,3.482653,0.254274,0.159562,0.208889,0.220055,0.182114,0.153807,0.193802,0.29398,0.417698,0.557531,0.481007,0.367215
236216,1977-10-11,2020-02-29,42.38740588637919,0.0027128278000258365,0.01917098445595855,20.9030928476713,125,2.769697331696846,Mount Emu Creek at Taroon (Ayrford Road Bridge) (236216),South East Coast (Victoria),HOPKINS RIVER,No notes,-38.30559215,142.8812902,-37.74459611,143.290133,54,2984.6,VIC,,1400,2300,2300,Level 1,236209,1,19771011,20200229,0.002712828,,,,,,,1.712203,2.880842,1.682535,-0.270506,0.0,17.339779,1.214736,son,245.210906,5.024682,djf,0.09776468,0.428414571,28.12474503,0.0,3.245637512,0.067403657,12.09163847,0.047859366,4.69e-05,0.31511693,0.932065154,0.172797927,0.586528497,0.01884715,4,16.99363057,74.2295082,20.78571429,156.1707317,54.70731707,0.906275212,0.861793135,0.114701899,-5.139988326,0.216316397,0.1134034,4.871892327,0.353225507,0.02074058,-8.31176571,-4.999079892,3.886395256,0.650034886,0.0,338.9285153,-0.956648961,190.8983,0.039969008,0.518916557,IGNEOUS,0.6918252,UNCONSOLDTED,0.1293215,0.1293215,0.6918252,0.1000725,0.0,0.05744568,0.0,0.0,0.0,39.15385,55.84615,45.23077,0.879235422,45.54483,80.13876,94,721.2944,291.7863,627.2944,2.51,226.3954,0.455933,5,0.257751,0.318908,0.002785,0.2978,0.0193,0.106,0.1874,0.0982,0.111,0.1281,0.0522,0.0,0.0,0.55,0.0003,0.00812,0.0,0.0,0.0,0.0,0.05595,0.81405,0.0,0.02038,0.00874,0.0,0.0001,0.00108,0.00242,3e-05,0.00012,0.02543,0.04866,0.00025,0.01016,0.0042,0.0845,9.207028,0.074832,10.76907,4.242957,0.0,0.0,76.64957,1.2336,0.0,0.0,0.0,92.48608,226.3954,0.0,0.0,0,0.236364,0.039344,0.0,0.707992,0.387924,0.932217,0.660071,9.782141,2831.69,0.51775,0.065423,649.0166,0.040353,0.278254,0.418636,112.9342,70.00857,72.04348,3.273886,0.205168,0.126494,0.146813,0.162074,0.155263,0.144758,0.193183,0.300223,0.437799,0.577978,0.490942,0.341272
237200,1950-03-01,2020-02-29,70.00136892539356,0.00011733416770963704,0.003950713866614512,10.933939589346657,125,2.441691958525903,Moyne River at Toolong (237200),South East Coast (Victoria),PORTLAND COAST,No notes,-38.31991057,142.2264285,-38.13080606,142.2501064,54,559.0,VIC,,1400,2300,2300,Not nested,,0,19500301,20200229,0.000117334,,,,,,,1.971894,2.768271,1.403864,-0.395545,0.0,17.097076,1.182101,jja,234.549953,4.440606,djf,0.248696344,0.300021204,62.66284794,0.0,3.498725511,0.228789434,8.709364304,0.64075451,0.00381932,1.03219857,0.623967608,0.176686877,0.654214747,0.003950714,1,14.90759076,45.57220708,8.416666667,147.9264706,49.38235294,0.824845793,0.789773334,0.126984236,-3.841786324,0.406872433,0.202050105,2.437345257,0.415567439,0.092975272,-9.47554986,-2.272808391,3.587178745,0.374959816,0.0,384.5734092,-0.954487284,217.3157539,0.114435976,0.812465412,IGNEOUS,0.8968537,UNCONSOLDTED,0.09504607,0.09504607,0.8968537,0.0,0.00726526,0.0,0.0,0.0,0.0,41.85909,53.55,39.28181,0.6449,53.01173,77.37009,15,239.3919,105.1456,224.3919,1.8,64.70992,0.581722,3,0.407774,0.401332,0.003465,0.2849,0.0098,0.1011,0.2049,0.1166,0.1658,0.1169,0.0,0.0,0.0,0.0,0.0005,0.0003,0.0,0.0,0.0,0.0,0.08862,0.90473,0.0,0.00407,8e-05,0.0,0.0,0.0,8e-05,0.0,0.0,0.00032,0.00024,0.0,0.0011,0.0,0.00166,10.61299,0.0,2.908206,0.0,0.0,0.0,85.75455,0.019443,0.0,0.0,0.0,99.98055,64.70992,0.0,0.6,0,0.152941,0.090141,0.0,0.740097,0.396096,0.556034,0.476065,1.360387,2.681889,0.528483,0.0,640.1495,0.042308,0.333361,0.422214,97.17089,53.85051,68.0864,3.310166,0.207962,0.124032,0.156898,0.161165,0.169128,0.155591,0.20233,0.303993,0.420498,0.542179,0.499708,0.375637
237202,1968-10-12,2022-02-28,53.38261464750171,0.0,0.0,17.641832957922674,125,2.4485316794475698,Fitzroy River at Heywood (237202),South East Coast (Victoria),PORTLAND COAST,No notes,-38.126,141.62,-38.08845078,141.4975752,54,261.4,VIC,,1400,2300,2300,Not nested,,0,19681012,20220228,0.0,41.0,19.17477975,22.21776043,14.83735723,0.005128731,0.398866735,2.129677,2.760839,1.296365,-0.524432,0.0,16.359978,1.210912,jja,223.933945,4.466117,djf,0.363321424,0.378351905,66.16571937,0.00462774,2.808362868,0.277121531,7.142421586,0.605685232,0.00396663,1.43724264,0.747309702,0.227561801,0.631039081,0.0,1,18.56485356,49.81376518,0.0,149.6666667,49.0,0.875130797,0.718576569,0.114790001,-5.923947264,0.315837362,0.186890753,3.688750046,0.480599647,0.095982585,-10.28194117,-1.682091444,4.319761066,0.595127681,0.0,421.797562,-0.960528943,273.5911749,0.133019127,0.721569804,UNCONSOLDTED,0.5147474,IGNEOUS,0.4850893,0.5147474,0.4850893,0.0,0.0,0.0,0.0,0.0,0.0,20.99816,53.33823,63.54779,0.843446289,91.11449,91.86789,29,174.8141,81.41774,145.8141,2.9,35.42178,0.426936,3,0.532736,0.396719,0.004371,0.3407,0.0231,0.1441,0.209,0.066,0.1237,0.0934,0.0,0.0,0.0,0.34,0.0,5e-05,0.0,0.0,0.0008,0.0,0.0253,0.37255,0.0,0.00358,0.00011,0.0,5e-05,5e-05,2e-05,5e-05,2e-05,0.53959,0.05481,9e-05,0.00295,0.0,0.59744,0.581704,0.451239,65.72978,41.35183,17.82158,1.402309,14.09954,9.626616,0.0,0.0,0.0,38.92743,35.42178,0.0,0.0,0,0.578378,0.175084,1.0,0.695012,0.282683,0.0,0.141341,5.168894,249.3529,0.02229,0.020441,751.4023,0.04009,0.336215,0.42973,98.576,57.52217,68.50394,5.14177,0.41527,0.24599,0.465709,0.415422,0.305604,0.243591,0.299724,0.437727,0.558715,0.651159,0.58238,0.532728
237205,1969-11-08,2022-02-28,52.309377138945926,0.0005233957918978332,0.0,48.62668545557136,125,2.385669403874596,Darlot Creek at Homerton Br (237205),South East Coast (Victoria),PORTLAND COAST,No notes,-38.15,141.77,-37.95065547,141.8864445,54,732.3,VIC,,1400,2300,2300,Not nested,,0,19691108,20220228,0.000523396,39.0,13.11589945,8.923337662,10.79464015,0.0,0.0,1.903749,2.791374,1.466251,-0.442811,0.0,16.728527,1.215545,jja,234.48703,4.694259,djf,0.291588756,0.760289302,26.13737642,0.06265326,1.358289778,0.215609149,4.340158547,0.085766806,0.0369312,0.77543913,0.323185411,0.023355677,0.081273565,0.0,1,8.41509434,24.25,0.0,163.8846154,87.67307692,0.982915225,0.912570454,0.036903438,-2.058253282,0.069979774,0.038955579,0.675762531,0.377469136,0.047528975,-4.014417477,-1.465086829,2.557588876,1.142901283,0.0,383.4267147,-0.844803491,234.2590039,0.115028178,0.413194187,IGNEOUS,0.710631,CARBNATESED,0.2262111,0.0609206,0.710631,0.0,0.2262111,0.0,0.0,0.0,0.0,27.94819,47.46114,49.49223,0.756736562,44.28797,78.87944,25,438.5549,115.8168,413.5549,2.78,66.52566,0.427882,4,0.453225,0.233765,0.006331,0.3612,0.0217,0.1484,0.2421,0.0883,0.0818,0.0565,0.0,0.0,0.0,0.14,0.0001,0.0,0.0,0.0,0.0002,0.0,0.03076,0.73472,0.0,0.00428,0.001,0.0,0.0,0.0,1e-05,0.0,0.0,0.17539,0.05118,2e-05,0.00197,0.0003,0.22856,0.377951,0.0,8.26183,1.770063,0.0,0.0,90.21873,10.9768,0.0,0.0,0.0,85.95916,66.52566,0.0,0.0,0,0.156757,0.036272,0.0,0.445992,0.332778,0.948633,0.640706,1.125201,2.245363,0.611061,0.0,572.0507,0.034846,0.293907,0.410598,93.61881,58.96279,72.72749,3.333977,0.240787,0.150387,0.226461,0.202096,0.171328,0.151348,0.20149,0.30046,0.408893,0.502611,0.446363,0.339284
237206,1973-11-21,2022-02-28,48.27378507871321,0.0,0.0,18.85019546886827,125,3.5932137200425505,Eumeralla River at Codrington (237206),South East Coast (Victoria),PORTLAND COAST,No notes,-38.258,141.94,-38.03587511,142.0488483,54,432.8,VIC,,1400,2300,2300,Not nested,,0,19731121,20220228,0.0,44.0,13.74597159,34.92524634,10.60703358,0.039700544,1.369843608,1.954399,2.774581,1.41966,-0.419272,0.0,16.764483,1.204003,jja,233.866789,4.578845,djf,0.306306815,0.542750122,40.69414106,0.0135763,2.443105574,0.179515342,5.870764889,0.192347972,0.01157978,0.93535867,0.4909198,0.135435572,0.505104356,0.0,3,28.42857143,39.93721973,0.0,154.2244898,56.26530612,0.978975806,0.956931568,0.081547764,-2.933270488,0.122202462,0.064627985,2.465584783,0.366755863,0.047739501,-6.32730328,-1.33559503,2.946053007,0.611008528,0.0,390.5811859,-0.93035055,220.4771798,0.093680997,0.509596422,IGNEOUS,0.6660267,UNCONSOLDTED,0.2125084,0.2125084,0.6660267,0.0,0.1214649,0.0,0.0,0.0,0.0,19.23276,54.89224,66.76724,0.71490155,41.57079,79.50527,18,239.9968,98.72405,221.9968,2.13,64.72516,0.419703,3,0.356549,0.373662,0.003485,0.3125,0.0133,0.1156,0.2192,0.0944,0.1256,0.1194,0.0,0.0,0.0,0.47,0.0001,0.0,0.0,0.0,0.0,0.0,0.05089,0.74155,0.0,0.00398,2e-05,0.0,2e-05,0.0,1e-05,0.0,0.0,0.15781,0.04324,0.0,0.00164,0.0007,0.20269,1.337827,0.0,2.312007,0.0,0.0,0.0,95.40572,7.603852,0.0,0.0,0.0,91.77084,64.72516,0.0,0.6,0,0.091228,0.029319,0.0,0.700071,0.364322,0.673578,0.51895,1.418884,114.9912,0.014763,0.005091,663.4401,0.045495,0.34149,0.421139,99.64709,49.85445,68.83279,3.404019,0.268213,0.170808,0.250473,0.221369,0.18153,0.151422,0.193004,0.283838,0.380483,0.475805,0.456112,0.377641
237207,1975-09-25,2022-02-28,46.431211498973305,0.0,0.0,12.930938694363435,125,3.0873114025052524,Surry River at Heathmere (237207),South East Coast (Victoria),PORTLAND COAST,No notes,-38.243,141.66,-38.19547759,141.5034582,54,303.6,VIC,,1400,2300,2300,Not nested,,0,19750925,20220228,0.0,15.0,17.00170713,23.4130578,13.39294286,0.005896574,0.349657072,2.19225,2.74099,1.250309,-0.531916,0.0,15.98244,1.189298,jja,222.244013,4.326916,djf,0.385717275,0.385593663,52.37204964,0.01565417,2.742529089,0.245040455,6.390569323,0.451625096,0.00455394,1.29815831,0.798459113,0.293295595,0.645085205,0.0,1,36.30656934,82.2556391,0.0,144.3404255,47.46808511,0.90748528,0.873333539,0.166169857,-7.043265382,0.255478406,0.127846712,3.337157426,0.552971576,0.076720232,-11.30785056,-0.629038974,4.176822055,0.455761933,0.0,439.697914,-0.971472093,234.3473596,0.115777613,0.662651702,IGNEOUS,0.6052967,UNCONSOLDTED,0.3947028,0.3947028,0.6052967,0.0,0.0,0.0,0.0,0.0,0.0,18.63235,55.08916,66.04963,0.865135349,101.6179,92.5172,5,199.7988,69.39365,194.7988,2.58,44.78007,0.318765,3,0.448502,0.333774,0.004371,0.3104,0.0187,0.121,0.2065,0.0869,0.0958,0.0915,0.0692,0.0,0.0,0.57,0.0002,0.0,0.0,0.0,0.0012,0.0,0.01967,0.37072,0.0,0.00023,2e-05,0.0,6e-05,0.0,0.00021,2e-05,0.0,0.51216,0.09272,2e-05,0.0028,0.0,0.6077,0.791188,0.177384,51.97573,38.96369,19.8056,1.26553,25.9276,13.67964,0.0,0.0,0.0,41.24176,44.78007,0.0,0.0,0,0.077193,0.030097,0.0,0.377434,0.249292,0.0,0.124646,2.739402,11.63711,0.421643,0.036231,710.585,0.040644,0.345442,0.432462,95.37103,53.5038,67.23552,4.666936,0.398698,0.240765,0.424956,0.366582,0.271263,0.217651,0.264146,0.383499,0.492616,0.585898,0.532336,0.498599
238204,1970-10-15,2022-02-28,51.37577002053388,0.00047961630695443646,0.3709213051823417,36.508364760343476,125,2.4022359640178137,Wannon River River at Dunkeld (238204),South East Coast (Victoria),GLENELG RIVER,Some uncertainty regarding catchment boundary: the adopted catchment boundary gives a catchment area 50% larger than HRS-2022 because we include the catchment area of a local swamp which the HRS-2022 catchment delineation treated as a terminal swamp (but independent data from consulting reports indicates otherwise).,-37.631,142.34,-37.53002989,142.4862063,54,576.9,VIC,,1400,2300,2300,Not nested,,1,19701015,20220228,0.000479616,29.0,12.35806974,12.89623413,10.03283446,0.00532907,0.364251852,1.809096,2.882863,1.593538,-0.374075,0.0,18.840942,1.201146,jja,250.217779,5.18651,djf,0.158575228,0.597878389,25.9381218,0.0,2.789714088,0.081390459,6.201179082,0.051554477,0.0,0.43310074,1.124710025,0.365749627,0.667306462,0.370921305,7,84.69135802,149.0,57.975,174.92,41.28,0.981647336,0.966392137,0.093280055,,0.086192735,0.060617626,5.976805812,0.368999422,0.018759912,-6.956398936,-8.412862337,3.853606397,1.234545875,6.59e-05,377.5543968,-0.93863219,155.5893012,0.045739492,0.410146918,UNCONSOLDTED,0.5523269,SILICSED,0.296764,0.5523269,0.1509086,0.296764,0.0,0.0,0.0,0.0,0.0,14.94817,39.51524,73.71646,0.742644295,175.6935,96.70703,261,1152.789,358.3791,891.789,8.19,61.17408,0.655343,4,0.363505,0.149057,0.015261,0.4144,0.0374,0.0928,0.131,0.0605,0.1117,0.1149,0.0373,0.0,0.0,0.89,0.0,0.00143,0.0,0.0,0.0,0.0,0.0221,0.44708,0.0,0.02249,0.00905,0.0,0.00338,0.00291,0.00352,0.00036,2e-05,0.07276,0.35268,0.00286,0.059,0.0004,0.4873,1.546525,0.773975,11.20779,10.65981,6.583569,6.50457,77.44342,47.03454,0.0,0.0,0.0,32.71215,61.17408,0.0,0.0,0,0.218634,0.065217,1.0,0.566227,0.122193,0.959004,0.540598,0.415307,160.4558,0.000316,0.000316,674.2195,0.037963,0.26942,0.42688,117.8501,76.27583,71.54796,4.06226,0.320954,0.200701,0.312448,0.329526,0.249802,0.196527,0.239075,0.350268,0.457718,0.549826,0.465252,0.398271
238208,1950-01-27,2022-02-28,72.09034907597535,0.00011393414606357525,0.00015192950470981463,34.87389819070738,125,1.4048461257209166,Jimmy Creek at Jimmy Creek (238208),South East Coast (Victoria),GLENELG RIVER,No notes,-37.373333,142.507778,-37.37265558,142.5485993,54,22.5,VIC,,1400,2300,2300,Level 1,238204,0,19500127,20220228,0.000113934,22.0,22.26112744,16.8842844,18.17961583,0.060764878,2.495731731,2.171848,2.877898,1.325092,-0.434767,0.0,20.054457,1.231916,jja,246.361498,5.175038,djf,0.376398474,0.513520095,92.30592,0.02304,2.172656969,0.382114275,11.17498053,0.689237425,0.04224,1.48608,0.422209426,0.073078092,0.276663628,0.00015193,1,5.285714286,20.57627119,4.0,161.8028169,86.05633803,0.789512815,0.598611673,0.094751264,-3.139759252,0.280443579,0.133576731,1.11665985,0.613669484,0.10365207,-5.797597957,-2.12248963,2.400261158,0.963567824,0.00027011,404.3279542,-0.90013217,206.8142011,0.176892189,0.585961828,SILICSED,0.5402087,IGNEOUS,0.2746442,0.1851478,0.2746442,0.5402087,0.0,0.0,0.0,0.0,0.0,11.0,11.0,80.0,0.504262345,297.9355,124.4839,321,1069.685,493.3245,748.685,20.44,10.35694,1.02011,2,0.531483,0.23578,0.072819,0.7818,0.0767,0.103,0.0385,0.0,0.0,0.0,0.0,0.0,0.0,1.0,0.0,0.0,0.0,0.0,0.0,0.0,0.02439,0.0024,0.0,0.0,0.00075,0.0,0.00894,0.0013,0.00521,0.0,0.0,0.17713,0.64426,0.00783,0.12777,0.0,0.95699,0.064517,0.064517,41.42328,41.35878,6.709986,6.709986,51.80226,51.54424,0.0,0.0,0.0,0.258015,10.35694,0.0,0.0,0,0.24,0.015094,0.0,0.054481,0.050326,0.0,0.025163,0.338651,0.338651,0.0,0.0,779.1316,0.030816,0.251534,0.441278,124.5823,92.17355,68.45764,4.786216,0.384249,0.232565,0.385817,0.410104,0.302485,0.230695,0.278813,0.409083,0.531358,0.633324,0.532515,0.465256
238219,1963-07-09,2020-02-29,56.64613278576318,0.0806186563557274,0.0007885606140258648,11.998701518368017,125,1.9814822127288785,Grange Burn at Morgiana (238219),South East Coast (Victoria),GLENELG RIVER,Some uncertainty regarding catchment boundary: the adopted catchment boundary yields a catchment area 11% smaller than the Saft et al. (2023) boundaries but consistent with the BOM Geofabric (which is the source dataset for HRS boundaries).,-37.70876208,141.8325532,-37.76367294,142.1380058,54,987.2,VIC,,1400,2300,2300,Not nested,,0,19630709,20200229,0.080618656,,,,,,,1.822933,2.821825,1.547958,-0.380648,0.0,17.717317,1.203297,jja,242.109701,4.746916,djf,0.122748941,0.351652515,39.84982678,0.0,3.343128419,0.122879682,10.95190971,0.168758741,0.00557233,0.55125506,0.495291847,0.119020082,0.534433813,0.000788561,1,11.37688442,23.42396313,15.0,154.1836735,61.02040816,0.80289325,0.728769668,0.11913269,-3.233363631,0.354802069,0.1642132,2.152910754,0.444284111,0.050680487,-6.892285382,-2.829453694,3.080308051,0.486302886,0.0,373.6945311,-0.923092075,208.9905858,0.067678248,0.748844542,IGNEOUS,0.912187,UNCONSOLDTED,0.04673954,0.04673954,0.912187,0.00199515,0.01859217,0.00906907,0.0,0.0,0.0,27.0,54.0,56.0,0.815239241,39.57957,78.08315,84,407.5498,201.1024,323.5498,2.28,77.58222,0.470385,4,0.454994,0.37653,0.004268,0.2921,0.0124,0.1096,0.2205,0.0757,0.0881,0.1019,0.0997,0.0,0.0,0.78,0.0004,0.00711,0.0,0.0,0.0,0.0,0.04495,0.90715,0.0,0.01181,0.00508,0.0,0.0001,0.00112,0.0013,5e-05,1e-05,0.00637,0.00266,0.00011,0.00602,0.0058,0.01516,3.192348,0.0,0.0,0.0,0.0,0.0,91.29311,0.577112,0.0,0.0,0.0,99.39479,77.58222,0.0,0.0,0,0.188235,0.042105,0.0,0.708059,0.399684,0.731879,0.565782,11.324,1720.956,0.418521,0.036518,536.2509,0.037048,0.282648,0.419248,105.64,61.9226,72.62457,3.415704,0.174395,0.094543,0.126307,0.129398,0.155166,0.163646,0.227669,0.353918,0.508078,0.632162,0.519003,0.342799
238223,1974-12-20,2022-02-25,47.186858316221766,0.0025529445894981145,0.07887848292711303,8.250318579626432,125,1.3101327382057575,Wando River at Wando Vale (238223),South East Coast (Victoria),GLENELG RIVER,No notes,-37.496,141.43,-37.43370849,141.5460506,54,175.7,VIC,,1400,2300,2300,Not nested,,0,19741220,20220225,0.002552945,20.0,15.44411059,17.67169348,12.64479756,0.0,0.0,1.858234,2.89145,1.556021,-0.513207,0.0,19.119601,1.210586,jja,246.70308,5.189072,djf,0.229033672,0.344702012,40.52812726,0.0,3.534550206,0.201827515,11.60652117,0.508896021,0.0,0.75093979,0.740836803,0.114071316,0.51055785,0.078878483,1,7.513409962,29.9556314,25.58490566,147.8695652,55.2826087,0.625090779,0.488601057,0.163996491,-4.486108364,0.509167452,0.169632292,3.876771965,0.462300384,0.083361871,-7.009003333,-2.872333952,3.404240987,0.49608384,0.0,379.2133119,-0.891895854,222.563059,0.110445696,0.754776998,UNCONSOLDTED,0.4398151,IGNEOUS,0.2624951,0.4398151,0.2624951,0.106458,0.0,0.0,0.1912322,0.0,0.0,50.0,62.0,33.0,0.984498077,219.2967,124.4469,73,324.595,236.2402,251.595,7.35,44.65983,0.766401,3,0.34106,0.664331,0.005894,0.5658,0.094,0.1732,0.1367,0.0263,0.004,0.0,0.0,0.0,0.0,1.0,0.0,0.0006,0.0,0.0,0.0,0.0,0.03364,0.81234,0.0,0.0,0.00014,0.0,0.0,0.0,0.0,0.0,0.0,0.09525,0.05618,0.0,0.00182,0.0,0.15325,0.016829,0.0,0.0,0.0,0.042082,0.0,99.94109,1.96194,0.0,0.0,0.0,97.937,44.65983,0.0,0.0,0,0.233333,0.0125,0.0,0.723877,0.371639,0.01315,0.192394,0.850742,0.992536,0.0,0.0,590.1664,0.030333,0.251895,0.413928,104.3135,76.71557,75.40566,3.121407,0.156537,0.090537,0.140442,0.150316,0.150333,0.149562,0.211875,0.3237,0.460336,0.568353,0.437841,0.291801
238229,1967-04-01,2022-02-28,54.91581108829569,0.02098913151859607,0.10470031063808118,11.838192390709356,125,1.0569484220761782,Chetwynd River at Chetwynd (238229),South East Coast (Victoria),GLENELG RIVER,No notes,-37.321,141.48,-37.36766632,141.5481859,54,70.6,VIC,,1400,2300,2300,Not nested,,0,19670401,20220228,0.020989132,28.0,29.83466769,68.9075877,22.97696191,0.0,0.0,1.836701,2.91225,1.585587,-0.526132,0.0,19.407249,1.218397,jja,249.166066,5.27981,djf,0.268953707,0.32405458,52.70032862,0.0,3.580981819,0.240319239,10.29565453,0.740595917,0.0,0.94721813,0.62775025,0.149564597,0.56907878,0.104700311,1,9.264984227,27.86783042,18.35714286,148.254902,54.09803922,0.575330805,0.385450817,0.153711433,-4.744503749,0.592183907,0.210028829,3.636044759,0.51844146,0.107557555,-7.669069635,-3.342677018,3.271099798,0.441232215,0.0,364.9788579,-0.867182578,182.1060409,0.13213346,0.814006955,UNCONSOLDTED,0.5471226,IGNEOUS,0.3295618,0.5471226,0.3295618,0.1140696,0.0,0.0,0.00924618,0.0,0.0,50.0,62.0,33.0,1.120596604,65.31907,142.471,165,296.8534,230.0352,131.8534,5.27,24.83585,0.77565,3,0.398178,0.57069,0.006267,0.5215,0.0726,0.2196,0.1782,0.0053,0.0028,0.0,0.0,0.0,0.0,0.93,0.0,0.0,0.0,0.0,0.0,0.0,0.02626,0.93077,0.0,0.0062,0.0,0.0,0.0,0.0,0.0,0.0,0.0,0.02098,0.01507,0.0,0.00072,0.0,0.03677,0.359949,0.039984,0.0,0.0,0.0,0.0,99.62004,1.699856,0.0,0.0,0.0,98.20015,24.83585,0.0,0.0,0,0.041176,0.009524,0.0,0.705171,0.380828,0.0,0.190414,0.494267,0.774592,0.0,0.0,638.7929,0.029159,0.237791,0.393468,103.6,77.14423,78.25306,2.959519,0.133506,0.079108,0.132894,0.145898,0.151602,0.143756,0.200406,0.310373,0.437124,0.549779,0.417173,0.268053
238230,1974-11-19,2022-02-28,47.279945242984255,0.0,0.002258382071920783,5.019162858592094,125,1.2624014953282365,Stokes River at Teakettle (238230),South East Coast (Victoria),GLENELG RIVER,No notes,-37.87,141.41,-37.83370543,141.4976124,54,201.1,VIC,,1400,2300,2300,Not nested,,0,19741119,20220228,0.0,24.0,20.50832983,31.9832946,17.03380346,0.005790723,0.741459077,2.000262,2.803315,1.401474,-0.497468,0.0,17.591471,1.223125,jja,234.262305,4.825218,djf,0.143388977,0.213978979,47.9265816,0.0,4.147094809,0.190836716,11.71099509,0.626342375,0.00085923,0.77975157,0.813500643,0.170942151,0.612195263,0.002258382,1,8.482758621,35.35785953,4.875,151.3333333,51.5,0.571732837,0.613631459,0.180233444,-6.584969078,0.679998921,0.28281232,3.032231406,0.476977815,0.086465448,-8.571632257,-4.318053017,3.515920986,0.559394663,0.0,404.1309415,-0.918410472,181.3794062,0.098972767,0.873628689,UNCONSOLDTED,0.6308659,SILICSED,0.3479105,0.6308659,0.0,0.3479105,0.0,0.02122333,0.0,0.0,0.0,19.37931,38.49138,65.28448,0.837356724,153.2953,93.51026,62,180.5253,134.9572,118.5253,5.17,32.87225,0.635125,4,0.514397,0.68192,0.004358,0.496,0.0668,0.1828,0.1956,0.0406,0.0182,0.0,0.0,0.0,0.0,0.77,0.0003,0.0,0.0,0.0,0.0003,0.0,0.01563,0.18388,0.0,0.00033,5e-05,0.0,0.0,0.0,6e-05,0.0,0.0,0.504,0.29232,0.0,0.00238,0.0008,0.7987,0.24461,0.21743,10.33623,7.966002,6.543036,4.803638,82.80137,28.7186,0.0,0.0,0.0,46.44033,32.87225,0.0,0.0,0,0.106667,0.007356,0.0,0.28354,0.272355,0.02509,0.148723,0.496833,0.637083,0.0,0.0,596.8729,0.029283,0.275091,0.418245,94.19357,66.27456,72.48914,4.156204,0.316765,0.193331,0.357745,0.328519,0.249711,0.198057,0.246511,0.358911,0.463078,0.547157,0.484334,0.421943
238231,1979-05-19,2022-02-28,42.784394250513344,0.0008958853266781852,0.05213604047908794,44.33241429556064,125,2.016480047537083,Glenelg River at Big Cord (238231),South East Coast (Victoria),GLENELG RIVER,No notes,-37.312,142.37,-37.34602283,142.3264161,54,58.4,VIC,,1400,2300,2300,Not nested,,0,19790519,20220228,0.000895885,22.0,14.86379484,27.5161794,11.98710659,0.0,0.0,2.017655,2.894931,1.4348,-0.449944,0.0,19.452194,1.228847,jja,245.831147,5.213115,djf,0.542826559,0.535696947,48.59753243,0.0,1.798175003,0.391375158,5.795229427,0.495279582,0.0,1.45093778,0.609891806,0.047204253,0.336258246,0.05213604,1,3.560386473,24.19354839,25.4375,151.5952381,68.02380952,0.865107436,0.799108902,0.09856523,-4.099376597,0.251081323,0.172322739,3.213964842,0.46236319,0.113285294,-4.665316053,-3.022961979,2.435077094,0.785661819,8.12e-05,350.9031393,-0.867632299,225.7872376,0.20220215,0.560257612,UNCONSOLDTED,0.4881489,SILICSED,0.2635274,0.4881489,0.2483235,0.2635274,0.0,0.0,0.0,0.0,0.0,7.0,40.0,86.0,0.749997149,137.3549,85.55022,253,958.4954,435.2377,705.4954,18.18,15.53654,0.646592,3,0.566566,0.278475,0.046678,0.7545,0.088,0.0937,0.0619,0.0019,0.0,0.0,0.0,0.0,0.0,1.0,0.0,0.0,0.0,0.0,0.0,0.0,0.00215,0.0,0.0,0.0,0.00078,0.0,0.00086,0.00072,0.00108,0.00122,0.0,0.38381,0.54818,0.00165,0.05948,0.0,0.99312,0.479586,0.429107,62.14179,62.14179,5.830945,5.830945,31.54765,31.54765,0.0,0.0,0.0,0.0,15.53654,0.0,0.0,0,0.1875,0.00597,0.0,0.05,0.041168,0.0,0.020584,0.001281,0.422837,0.0,0.0,853.6876,0.038664,0.266335,0.43298,124.3797,79.35704,69.98644,5.325685,0.40996,0.264599,0.446229,0.455472,0.330383,0.250184,0.309536,0.454744,0.5892,0.704697,0.596657,0.524762
238235,1970-05-26,2022-02-28,51.76454483230664,0.0,0.07552758237689744,9.31422053720759,125,2.0921690989819903,Crawford River at Lower Crawford (238235),South East Coast (Victoria),GLENELG RIVER,No notes,-37.98,141.46,-37.90819989,141.628848,54,600.4,VIC,,1400,2300,2300,Not nested,,0,19700526,20220228,0.0,29.0,14.94189922,21.01432183,11.67623427,0.005289046,0.631982227,1.964744,2.795796,1.422982,-0.485263,0.0,17.025164,1.233876,jja,232.617318,4.795775,djf,0.231441698,0.349308023,48.55303198,0.0,3.269006155,0.193144054,11.03685627,0.398652199,0.0,0.88113925,0.807118709,0.153329455,0.561961178,0.075527582,1,13.48372093,59.69101124,37.57894737,150.5576923,49.36538462,0.780347443,0.733402079,0.153365274,-5.087748661,0.358452453,0.146328845,2.993975689,0.342431346,0.068775578,-8.317899724,-2.875903897,3.296816253,0.521782309,0.0,396.0750505,-0.943328794,241.5863469,0.1004929,0.684382457,UNCONSOLDTED,0.4322137,IGNEOUS,0.3948015,0.4322137,0.3948015,0.0,0.1364698,0.03651668,0.0,0.0,0.0,20.4,58.8,60.5,0.82989122,68.65756,73.88108,72,196.189,116.7435,124.189,3.16,61.49725,0.60231,4,0.449689,0.467902,0.002428,0.3898,0.0272,0.1551,0.2529,0.0856,0.0677,0.0204,0.0013,0.0,0.0,1.0,0.0,0.0,0.0,0.0,0.0008,0.0,0.02009,0.41707,0.0,0.00232,0.00025,0.0,0.0,1e-05,2e-05,0.0,0.0,0.39198,0.16538,0.0,0.00208,0.0,0.55944,0.787447,0.058307,34.38783,17.08097,7.244235,2.036536,57.22563,6.323275,0.0,0.0,0.0,64.44279,61.49725,0.0,0.0,0,0.207407,0.085714,0.0,0.537612,0.278643,0.001207,0.139925,0.828773,2.245363,0.155408,0.0,612.4155,0.030564,0.279786,0.411531,90.94931,61.52723,73.17364,3.931067,0.269691,0.158705,0.279041,0.26112,0.219905,0.189016,0.244033,0.366323,0.489966,0.577044,0.496055,0.390682
225020A,1962-01-22,2014-12-31,52.941820670773446,0.12990639706262605,0.0,14.479726471630247,125,1.6479784500720691,South Cascade Creek at Thomson Valley Road (225020A),South East Coast (Victoria),MITCHELL-THOMSON RIVERS,No notes,-37.833333,146.354167,-37.84248497,146.3323237,55,11.5,VIC,,1400,2300,2300,Not nested,,0,19620122,20141231,0.129906397,,,,,,,3.798073,2.666219,0.701993,-0.218038,0.014712,15.407144,1.204498,son,200.310856,3.520935,djf,2.364076731,0.655196548,173.8177391,4.12068174,0.95780588,3.099585197,4.672686815,8.813778954,0.82878696,7.81195652,0.266594586,0.003982169,0.003268945,0.0,1,1.522727273,3.928571429,0.0,168.78125,121.65625,0.752182067,0.671825946,0.054085136,-2.140534602,0.238767975,0.148432471,0.674660226,0.567455061,0.530174708,-2.550684226,-2.80417948,0.982864239,1.0048878,0.037388393,220.2850989,-0.85201912,140.8223753,0.825408508,0.642317958,IGNEOUS,1.0,UNCONSOLDTED,0.0,0.0,1.0,0.0,0.0,0.0,0.0,0.0,0.0,29.41667,34.75,43.58333,1.29988317,145.5636,184.4173,855,1496.967,1111.874,641.967,24.33,7.375627,0.654156,2,0.545727,0.621828,0.138063,0.9015,0.0682,0.029,0.0013,0.0,0.0,0.0,0.0,0.0,0.0,1.0,0.0,0.0,0.0,0.0,0.0,0.0,0.0,0.0,0.0,0.0,0.0,0.0,0.0,0.0,0.0,0.0,0.0,0.98658,0.01342,0.0,0.0,0.0,1.0,8.512139,8.512139,67.26947,67.26947,0.0,0.0,24.21839,24.21839,0.0,0.0,0.0,0.0,7.375627,0.3,0.0,0,0.071111,0.0,0.0,0.423031,0.129993,0.12,0.124996,0.092594,0.232171,0.0,0.0,3488.381,0.013717,0.226287,0.510369,195.1374,122.6876,66.33,8.840775,0.963564,0.712483,0.844387,0.648554,0.420325,0.28789,0.351743,0.559471,0.776197,1.053692,1.097152,1.124866
225110A,1981-09-01,2022-02-28,40.49555099247091,0.05483064025420864,0.0,12.791356501940697,125,1.6315140979843852,Jordan River at D/S Johnsons Creek (225110A),South East Coast (Victoria),MITCHELL-THOMSON RIVERS,No notes,-37.683611,146.318611,-37.63670543,146.2689239,55,132.1,VIC,,1400,2300,2300,Not nested,,0,19810901,20220228,0.05483064,8.0,6.032640943,6.284437238,4.383322337,0.757217227,9.898114192,3.657263,2.809387,0.768167,-0.33514,0.00229,16.216154,1.186842,son,206.800913,3.849088,djf,1.187938334,0.570255916,119.9089417,0.01242695,1.748146015,0.86648394,10.62101326,2.29443862,0.04120515,3.20484481,0.515761637,0.043919886,0.303934192,0.0,1,4.912,20.42788462,0.0,146.88,81.4,0.791713969,0.793536824,0.06653842,-4.041113644,0.183437286,0.097948421,2.880830072,0.472310969,0.143242014,-4.737710084,-3.26240949,2.279067627,0.644447091,0.005232515,547.4524237,-0.930798773,403.935859,0.248482148,0.576468028,SILICSED,0.9862656,UNCONSOLDTED,0.01373415,0.01373415,0.0,0.9862656,0.0,0.0,0.0,0.0,0.0,30.0,40.0,43.0,1.088928946,242.8704,191.7153,474,1319.512,820.881,845.512,38.2,21.46379,1.010378,4,0.603924,0.416309,0.039801,0.9698,0.0212,0.009,0.0,0.0,0.0,0.0,0.0,0.0,0.0,1.0,0.0,0.0,0.0,0.0,0.0,0.0,9e-05,0.0,0.0,0.0,0.00992,0.0,0.0,0.00125,9e-05,0.0,0.0,0.49091,0.46928,6e-05,0.02842,0.0,0.98867,0.0,0.0,92.32596,91.85046,0.0,0.0,7.674037,7.674037,0.0,0.0,0.0,0.0,21.46379,0.0,0.0,0,0.0,0.0,0.0,0.5,0.279599,0.0,0.139799,0.09316,0.243034,0.0,0.0,2416.36,0.033428,0.30184,0.492507,165.9399,104.4742,56.25364,8.367327,0.865093,0.624685,0.777101,0.638569,0.414494,0.280973,0.343629,0.553496,0.765472,1.03425,1.03922,1.033084
229650A,1979-05-29,2014-12-31,35.59479808350445,0.10083839704638105,0.0,124.14066591493216,125,1.6512816759155005,Aldermans Creek at RD 32 (229650A),South East Coast (Victoria),YARRA RIVER,No notes,-37.721389,145.941111,-37.74759339,145.9706027,55,25.5,VIC,,1400,2300,2300,Not nested,,0,19790529,20141231,0.100838397,,,,,,,4.016441,2.809326,0.699457,-0.312348,0.00046,16.449868,1.167092,son,201.26369,3.696549,djf,0.78717924,0.729707623,35.43129411,0.15756862,1.009645014,0.825649695,2.329776908,0.694910797,0.11988235,2.58776471,0.365792456,0.001710864,0.108468777,0.0,1,2.857142857,9.984251969,0.0,173.5333333,99.8,0.959356753,0.879220113,0.041691266,-3.08135114,0.079123244,0.047391425,2.08961568,0.528374008,0.121033508,-3.071562318,-2.610088547,2.304588218,1.138854666,0.000945992,670.3523619,-0.847804267,429.0519638,0.214003859,0.565566943,SILICSED,1.0,UNCONSOLDTED,0.0,0.0,0.0,1.0,0.0,0.0,0.0,0.0,0.0,39.0,42.0,29.0,1.024811508,288.7035,183.3813,384,948.2294,628.1234,564.2294,28.31,11.03316,0.949255,3,0.498925,0.421012,0.05011,0.8977,0.0658,0.0353,0.0012,0.0,0.0,0.0,0.0,0.0,0.0,1.0,0.0,0.0,0.0,0.0,0.0,0.0,0.0,0.0,0.0,0.0,0.01586,0.0,0.0,0.0,0.0,0.0,0.0,0.77382,0.20169,0.0,0.00865,0.0,0.98416,0.0,0.0,100.0,100.0,0.0,0.0,0.0,0.0,0.0,0.0,0.0,0.0,11.03316,0.0,0.0,0,0.133333,0.0,0.0,0.0,0.030567,0.0,0.015283,0.247291,0.325929,0.0,0.0,3738.578,0.042553,0.344567,0.50865,154.1865,94.60571,47.96199,7.717278,0.794556,0.588589,0.727775,0.576475,0.369748,0.244742,0.305843,0.500176,0.691003,0.942156,0.968454,1.010016
229661A,1979-05-18,2022-02-28,42.78713210130048,0.0714102892244689,0.0,76.37941720285373,125,2.715932943509067,Walshes Creek at RD 1 (229661A),South East Coast (Victoria),YARRA RIVER,No notes,-37.633611,145.926667,-37.60343385,145.9556266,55,54.4,VIC,,1400,2300,2300,Not nested,,0,19790518,20220228,0.071410289,12.0,6.861639246,8.822673216,5.375914475,0.735858715,7.145459023,3.862754,2.848743,0.73749,-0.382486,0.000392,16.980219,1.194058,jja,207.025638,3.976347,djf,1.062696965,0.682227718,90.32135295,0.19217647,1.39726992,0.778621846,3.845911537,1.183624074,0.08735294,2.80323529,0.428469404,0.037830761,0.224503859,0.0,1,7.223684211,12.20224719,0.0,169.0909091,81.45454545,0.964224237,0.941407349,0.045142586,-3.618607043,0.10608382,0.058567042,2.074281324,0.550778159,0.116252827,-4.198089945,-2.438416598,2.414953732,0.933872425,0.001153403,652.915797,-0.907548302,506.8319801,0.210727166,0.551674611,SILICSED,0.9980294,IGNEOUS,0.0019706,0.0,0.0019706,0.9980294,0.0,0.0,0.0,0.0,0.0,30.0,40.0,43.0,1.0,300.0,196.0,400,1001.691,709.2897,601.691,33.54,12.64073,0.928925,3,0.658366,0.518507,0.048042,0.9437,0.0394,0.0165,0.0004,0.0,0.0,0.0,0.0,0.0,0.0,1.0,0.0,0.0,0.0,0.0,0.0,0.0,0.0,0.0,0.0,0.0,0.01061,0.0,0.0,0.0,0.00015,0.0,0.0,0.6453,0.33645,0.0,0.00747,0.0,0.98922,0.0,0.0,100.0,100.0,0.0,0.0,0.0,0.0,0.0,0.0,0.0,0.0,12.64073,0.0,0.0,0,0.192,0.0,0.0,0.0,0.016239,0.0,0.008119,0.243034,0.243034,0.0,0.0,2976.902,0.041517,0.327363,0.484408,157.1873,98.05196,53.84208,8.375639,0.833459,0.540541,0.779339,0.650947,0.419493,0.276976,0.34501,0.566066,0.784639,1.060924,1.058551,1.070039
A2390519,1971-06-05,2022-02-28,50.7378507871321,0.002805957263112454,0.2748917748917749,11.74672244043886,125,3.5068993015011847,Mosquito Creek at Struan (A2390519),South East Coast (Victoria),MILLICENT COAST,Some catchment attributes have been updated due to calculation errors in CAMELS-AUS version 1,-37.0938,140.776,-37.03815828,141.1365474,54,1549.0,SA,VIC,1430,2330,1400,Not nested,,0,19710605,20220228,0.002805957,,,,,,,1.612674,3.024984,1.875756,-0.538924,0.0,19.84771,1.225986,jja,257.21122,5.712517,djf,0.043457142,0.271757668,13.57383603,0.0,4.217767011,0.038202066,8.880401843,0.025962043,0.0,0.19014693,0.844275051,0.151136364,0.746482684,0.274891775,1,21.65116279,94.48630137,123.902439,154.9130435,40.58695652,0.880281276,0.797723517,0.192699897,-6.790467819,0.351662712,0.11169718,2.256983781,0.503052503,0.016490933,-9.847937493,-2.374491502,5.730141908,0.459954488,0.0,367.4232607,-0.939646534,219.5761626,0.024022132,0.686489159,UNCONSOLDTED,0.9202937,OTHERSED,0.06152736,0.9202937,0.0,0.01705117,0.0,0.06152736,0.0,0.0,0.0,13.20455,35.90909,75.8409,0.916086285,147.5584,111.187,51,195.9465,120.7746,144.9465,1.21,75.33981,0.24628,3,0.509335,0.473936,0.001897,0.1849,0.0065,0.0564,0.1057,0.0974,0.1188,0.1661,0.2642,0.0,0.0,0.75,0.0,0.00088,0.0001,0.01483,0.00209,0.0,0.07674,0.69448,0.0,0.03768,0.02852,0.0,8e-05,0.00075,0.0005,6e-05,0.0,0.01855,0.08296,0.00042,0.04054,0.0008,0.14247,0.351762,0.039973,0.0,0.0,1.036284,0.147829,96.91351,9.63394,0.0,0.0,0.986561,89.89311,75.33981,0.0,0.6,0,0.514286,0.194286,0.0,0.655678,0.357889,0.692626,0.525257,0.777623,44.29248,0.0978,0.00304,481.8572,0.042329,0.273233,0.380828,99.65119,68.54842,83.0137,2.468383,0.092534,0.047423,0.089996,0.103077,0.116824,0.136329,0.201313,0.307292,0.424179,0.471901,0.316772,0.170315
A2390523,1973-06-02,2014-04-28,40.90622861054072,0.0024094772772906767,0.0600469641060047,36.25661339502268,125,3.2326064676019874,Stony Creek at Woakwine Range (A2390523),South East Coast (Victoria),MILLICENT COAST,Some catchment attributes have been updated due to calculation errors in CAMELS-AUS version 1,-37.7034,140.3622,-37.78531934,140.6155823,54,485.4,SA,,1430,2330,1400,Not nested,,0,19730602,20140428,0.002409477,,,,,,,2.070165,2.815468,1.360021,-0.640428,0.0,18.643184,1.216422,jja,235.727512,4.815277,djf,0.06474258,0.705927128,6.38886526,0.0,2.283191532,0.027081419,5.257642554,0.003823205,0.0,0.13563412,0.616051252,0.133780611,0.472727273,0.060046964,1,35.60714286,79.16853933,179.0,159.175,59.05,0.980718706,0.980903295,0.033316105,-3.328888692,0.089912334,0.031134622,2.881575855,0.543032787,0.006677851,-6.830108487,-1.404526619,6.757895935,1.004733714,0.0,519.488553,-0.912368342,291.6507186,0.012997789,0.513768264,CARBNATESED,0.4564729,SILICSED,0.436894,0.08815335,0.0,0.436894,0.4564729,0.0,0.0,0.01847919,0.0,18.67188,28.76563,65.14063,0.984653011,248.1242,117.4493,19,233.5055,44.65844,214.5055,2.54,49.75975,0.010232,1,0.539352,0.182764,0.004644,0.291,0.0233,0.1102,0.1471,0.075,0.1283,0.1853,0.0398,0.0,0.0,0.59,0.0026,0.0,0.0,0.02069,0.02612,0.0,0.0152,0.54729,0.0,0.01042,0.00112,0.0,3e-05,8e-05,9e-05,1e-05,0.0,0.30155,0.06455,0.00013,0.0095,0.0007,0.37573,0.82182,0.82182,0.0,0.0,1.139336,1.139336,97.50355,4.211066,0.0,0.0,0.535289,93.46843,49.75975,0.0,0.6,0,0.090076,0.005152,0.0,0.703573,0.355872,0.468268,0.41207,2.572087,7.48362,0.984561,0.0,606.0325,0.041911,0.337491,0.411497,90.78409,54.55865,72.43056,3.975049,0.316941,0.149335,0.339574,0.325764,0.249584,0.200578,0.253411,0.358766,0.465683,0.524381,0.433692,0.370043
A2390531,1976-08-12,2022-02-28,45.549623545516766,0.004087275350123219,0.839640292111775,10.816332970658646,125,2.10767186005859,Morambro Creek at Bordertown-Naracoorte Road Bridge (A2390531),South East Coast (Victoria),MILLICENT COAST,No notes,-36.689167,140.661111,-36.7116243,140.8992964,54,404.9,SA,VIC,1430,2330,1400,Not nested,,0,19760812,20220228,0.004087275,,,,,,,1.45069,3.105576,2.140757,-0.53696,0.0,20.863467,1.240513,jja,269.049732,6.166255,djf,0.023310194,0.251184479,12.36017189,0.0,5.76739686,0.020378204,9.352565168,0.013813111,0.0,0.07340479,0.0,0.160359708,0.876697447,0.839640292,1,52.09803922,246.2033898,252.9454545,157.3448276,20.79310345,0.93724997,0.909164229,0.202115742,,0.267653273,0.216764531,2.625965536,0.433878158,0.008512058,-7.582796777,-2.887601419,6.411107759,0.465954844,0.0,330.9530365,-0.915788218,74.7004901,0.014550487,0.585001549,UNCONSOLDTED,0.9160452,SILICSED,0.08296549,0.9160452,0.0,0.08296549,0.0,0.0,0.0,0.0,0.0,13.59126,38.67166,75.16109,1.262221335,71.33558,105.6037,70,164.9066,94.79118,94.9066,1.05,70.71803,0.112698,2,0.335483,0.445302,0.001787,0.1911,0.0086,0.0564,0.0941,0.1053,0.1767,0.2284,0.1394,0.0,0.0,0.51,0.0,4e-05,0.0,0.02568,0.00209,0.0,0.19075,0.63332,0.0,0.00753,0.0337,0.0,0.0,0.00078,0.0002,0.0,0.0,0.00018,0.03,5e-05,0.07541,0.0003,0.10564,24.4742,0.154143,0.0,0.0,0.592387,0.592387,74.32727,16.76229,0.0,0.0,0.606199,81.93401,70.71803,0.1,0.0,0,0.181272,0.008297,0.2,0.596952,0.352216,0.04,0.196108,0.68872,1.248377,0.012333,0.0,370.7409,0.037826,0.248094,0.347144,90.8567,71.15965,90.33688,2.494271,0.080091,0.045979,0.091595,0.113071,0.127223,0.13768,0.206762,0.331469,0.462872,0.482745,0.282901,0.14158
602004,1976-03-05,2022-02-28,45.987679671457904,0.0,0.0,6.05988046098955,125,1.8625103768036735,Kalgan R River at Stevens Farm (602004),South West Coast,ALBANY COAST,No notes,-34.8861,118.0,-34.57579951,117.89133,50,2431.3,WA,,1600,100,1700,Not nested,,0,19760305,20220228,0.0,6.0,19.03670851,6.368017418,16.42051148,0.005953444,1.526228071,1.645868,3.197375,1.942668,-0.589648,0.0,17.501581,1.233059,jja,253.157181,5.213439,djf,0.048740568,0.40934751,20.25001533,0.00447768,4.336170163,0.046691665,29.06275845,0.040991268,0.00280743,0.15302288,0.457840519,0.067512056,0.397035185,0.0,1,6.196721311,27.33196721,0.0,147.5652174,74.0,0.642287052,0.445345997,0.111381891,-3.498020604,0.356799226,0.154619416,1.678630629,0.428876245,0.017401401,-4.686295527,-2.571857269,3.235798353,0.60304302,0.0,379.4589756,-0.910339471,178.2768681,0.029220005,0.595530396,UNCONSOLDTED,0.6183302,OTHERSED,0.2022335,0.6183302,0.03602965,0.07519428,0.0,0.2022335,0.06821178,0.0,0.1794357,10.6,19.88333,78.26666,0.909929776,220.7172,131.5256,11,856.8166,200.036,845.8166,4.95,117.9528,0.48208,5,0.471991,0.220487,0.007143,0.4165,0.0385,0.1492,0.1942,0.0783,0.0768,0.0465,0.0,0.0,0.0,0.2,0.0002,0.0011,0.0001,0.0,0.0,0.0,0.22201,0.27262,0.0,0.0,0.00463,0.0,0.00108,0.00078,0.00346,0.00031,0.0,0.08896,0.20436,0.00458,0.19552,0.0003,0.49342,0.056905,0.055601,38.26923,9.788063,0.339829,0.333285,60.90828,25.63527,0.219292,0.205586,0.0,0.0,117.9528,0.3,0.0,0,0.104,0.038095,0.0,0.615699,0.338761,0.125545,0.232153,1.071584,328.3117,0.191591,0.001594,493.7989,0.056823,0.345958,0.357044,77.53088,41.86887,92.42172,2.629073,0.118142,0.111337,0.144159,0.149053,0.165521,0.172181,0.222814,0.329712,0.41595,0.411971,0.259259,0.134257
603003,1974-04-20,2022-02-28,47.8631074606434,0.0,0.45709873012241165,11.695963058208017,125,1.9877236154711209,Denmark River at Kompup (603003),South West Coast,DENMARK RIVER,No notes,-34.6994,117.2169,-34.65841392,117.2772708,50,230.2,WA,,1600,100,1700,Level 1,603136,1,19740420,20220228,0.0,5.0,10.59707043,14.49153947,9.52942908,0.360370667,18.63686047,2.155504,3.173801,1.472417,-0.70189,0.0,17.807207,1.2312,jja,235.035359,4.589609,djf,0.10003103,0.251980817,45.80948992,0.0,4.24405673,0.107758583,14.71172283,0.209153966,0.0,0.50251843,1.104297321,0.415169889,0.702780002,0.45709873,1,59.49180328,77.75949367,55.11034483,149.7446809,41.82978723,0.730680147,0.740228412,0.221250156,,0.483437285,0.288458317,5.101018607,0.443382353,0.041577436,-6.515993814,-6.862159835,3.813410912,0.440427523,0.0,498.8505107,-0.955478007,181.4322706,0.052948962,0.785236102,UNCONSOLDTED,0.6977802,IGNEOUS,0.2910045,0.6977802,0.2910045,0.0,0.0,0.0,0.01121433,0.0,0.3022188,16.77778,37.77778,63.66667,0.838566165,224.5263,137.1822,135,305.7789,206.6751,170.7789,3.22,28.16138,0.519171,4,0.616189,0.415962,0.006026,0.4092,0.0232,0.1586,0.2502,0.0757,0.0746,0.0085,0.0,0.0,0.0,1.0,0.0,0.0,0.0,0.00035,0.0,0.0,0.01532,0.07198,0.0,0.0,0.00018,0.0,5e-05,8e-05,0.00025,4e-05,0.0,0.65935,0.24668,2e-05,0.00568,0.0,0.91173,0.107538,0.107538,99.8723,66.93867,0.0,0.0,0.0,0.0,0.0,0.0,0.0,0.0,28.16138,0.3,0.0,0,0.016667,0.0,0.0,0.07512,0.147921,0.156984,0.152452,0.137086,0.202182,0.0,0.0,641.4431,0.060334,0.37854,0.392145,80.22091,47.84771,84.62228,3.307272,0.170223,0.157952,0.235188,0.239362,0.226975,0.205375,0.238119,0.337577,0.425212,0.470106,0.382107,0.22384
603004,1984-01-02,2022-02-28,38.16016427104723,0.0,0.11708996986655187,12.151743018186071,125,2.408897472345773,Hay River at Sunny Glen (603004),South West Coast,DENMARK RIVER,No notes,-34.9108,117.4783,-34.72563703,117.5205321,50,1234.1,WA,,1600,100,1700,Not nested,,1,19840102,20220228,0.0,5.0,11.95973953,24.50172849,11.26914488,0.0,0.0,2.123806,3.168179,1.491746,-0.670965,0.0,17.681361,1.230144,jja,233.354416,4.472777,djf,0.130570332,0.370190984,32.10069113,0.0,3.155550761,0.108558412,12.26334012,0.117348436,0.0,0.48334883,0.935412241,0.201607117,0.55746879,0.11708997,1,14.19191919,59.76923077,17.93406593,145.0526316,52.21052632,0.789765119,0.823141999,0.134078649,-8.222186677,0.349153047,0.196733833,4.947184875,0.366638442,0.03678513,-6.683296341,-5.930967368,3.633312462,0.450013003,0.0,485.8220435,-0.964105659,243.3088942,0.054253913,0.678018006,UNCONSOLDTED,0.8440743,METAMORPH,0.1136151,0.8440743,0.04231229,0.0,0.0,0.0,0.1136151,0.0,0.1559275,14.80769,33.01923,68.67308,1.046738075,182.609,130.2263,9,460.76,158.073,451.76,4.68,72.73695,0.511811,4,0.547573,0.332936,0.006238,0.4655,0.0571,0.1903,0.1936,0.044,0.0318,0.0149,0.0028,0.0,0.0,0.08,0.0,0.0008,0.0001,0.0,0.0,0.0,0.0959,0.2759,0.0,0.0,0.00085,0.0,8e-05,0.00013,0.00101,2e-05,0.0002,0.32394,0.25238,0.00018,0.04744,0.001,0.62394,7.742514,5.736527,89.42596,38.1931,0.0,0.0,2.365246,0.731173,0.243103,0.243103,0.0,0.0,72.73695,0.0,0.0,0,0.0,0.0,0.0,0.322506,0.230249,0.0,0.115125,1.691835,328.3117,0.265006,0.00576,609.9944,0.062362,0.389419,0.379031,75.08752,46.93436,86.40971,3.395391,0.15697,0.135658,0.198085,0.205758,0.207706,0.207582,0.265287,0.387112,0.501108,0.531604,0.396458,0.208948
603005,1986-01-02,2022-02-28,36.158795345653665,0.0,0.32853789657000076,16.20023746413269,125,2.1649324619173553,Mitchell River at Beigpiegup (603005),South West Coast,DENMARK RIVER,No notes,-34.8276,117.3929,-34.80823078,117.3354378,50,51.5,WA,,1600,100,1700,Level 1,603004,0,19860102,20220228,0.0,3.0,12.61925391,11.99495471,11.17964833,0.113576134,4.329987768,2.491799,3.148133,1.263397,-0.699889,0.0,17.339779,1.222433,jja,222.765375,4.142069,djf,0.189030767,0.386748527,27.60406715,0.0,2.496220104,0.15734373,8.117532349,0.154264018,0.0,0.72001853,0.653867225,0.196865299,0.528280457,0.328537897,1,10.4,42.80368098,47.16304348,149.0277778,60.27777778,0.808407224,0.611783893,0.161157922,-12.08869899,0.372201031,0.247500407,3.334832279,0.491479473,0.050318974,-4.788802711,-5.107685532,4.030499722,0.748187404,0.0,582.9017752,-0.914978815,279.147,0.066233318,0.75972298,UNCONSOLDTED,0.592592,IGNEOUS,0.3384713,0.592592,0.3384713,0.0,0.0,0.0,0.0689367,0.0,0.4074083,12.83333,27.91667,72.19444,1.060637273,124.0995,121.6333,72,454.2254,153.6957,382.2254,6.54,12.60285,0.507475,2,0.623166,0.225773,0.0308,0.5413,0.0915,0.1782,0.1404,0.0486,0.0,0.0,0.0,0.0,0.0,0.96,0.0,0.0,0.0,0.0,0.0,0.0,0.00051,0.0,0.0,0.0,0.0005,0.0,0.00034,8e-05,0.00058,0.0,0.0,0.71069,0.26852,0.0,0.01878,0.0,0.99799,6.10675,6.10675,87.64094,87.64094,0.0,0.0,0.0,0.0,6.252309,6.252309,0.0,0.0,12.60285,0.0,0.0,0,0.0,0.0,0.0,0.0,0.000473,0.0,0.000237,1.04914,1.098321,0.597249,0.0,758.9738,0.065063,0.41051,0.394078,77.80569,46.18028,81.6375,4.976411,0.272342,0.240257,0.400401,0.414101,0.360767,0.308902,0.350448,0.48337,0.586792,0.649013,0.569131,0.347958
603007,1985-04-14,2022-02-28,36.878850102669404,0.0,0.016406829992576095,1.895718043918596,125,1.5574863759143498,Sleeman River at Sleeman Rd Bridge (603007),South West Coast,DENMARK RIVER,No notes,-34.9583,117.5032,-34.93999217,117.5794961,50,79.7,WA,,1600,100,1700,Not nested,,0,19850414,20220228,0.0,5.0,36.44062438,-9999.0,35.88253381,0.148478099,18.50680875,2.531652,3.14041,1.240459,-0.710865,0.0,17.708328,1.217553,jja,224.87779,4.133675,djf,0.226833293,0.214453214,223.4676034,0.0,6.058008314,0.361270497,34.42070787,4.789880994,0.00325123,1.44036081,0.676520661,0.150111359,0.558351893,0.01640683,1,4.17768595,20.54918033,5.525,127.972973,52.51351351,0.510235896,0.613374954,0.217098044,-5.119753438,0.690961591,0.386599729,2.864038462,0.534842035,0.121895022,-7.157197429,-3.391166998,3.155765441,0.328714036,0.0,520.2096787,-0.91220962,307.5490116,0.150339299,0.810799458,UNCONSOLDTED,0.9877271,METAMORPH,0.01227296,0.9877271,0.0,0.0,0.0,0.0,0.01227296,0.0,0.01227296,17.67123,12.65753,60.78082,0.800488103,300.0,103.1485,6,96.10991,47.86596,90.10991,2.86,21.96271,0.541012,2,0.461284,0.476886,0.004199,0.3515,0.023,0.1614,0.2038,0.0853,0.0888,0.061,0.0252,0.0,0.0,0.26,0.0,0.0,0.0,0.0007,0.0,0.0,0.03697,0.61143,0.0,0.0,0.00038,0.0,5e-05,0.0,5e-05,0.0,0.0,0.23763,0.10705,0.0,0.00571,0.0,0.35039,0.805486,0.039306,87.3485,19.43127,11.84608,4.282858,0.0,0.0,0.0,0.0,0.0,0.0,21.96271,0.3,0.6,0,0.115152,0.019835,0.0,0.948347,0.403319,0.720426,0.561872,1.633791,2.700351,1.0,0.0,770.613,0.074555,0.44279,0.362738,66.44552,42.53873,85.70463,4.498789,0.290331,0.234525,0.359629,0.365897,0.31624,0.274271,0.310372,0.427918,0.524415,0.586906,0.503825,0.309997
603136,1960-06-28,2022-02-28,61.672826830937716,0.0,0.11710911835212644,16.510969803590893,125,2.9362474257606026,Denmark River at Mt Lindesay (603136),South West Coast,DENMARK RIVER,No notes,-34.8667,117.315,-34.72858653,117.2535515,50,494.0,WA,,1600,100,1700,Not nested,,1,19600628,20220228,0.0,20.0,6.882177268,63.38206721,6.376985949,0.013317944,0.758421898,2.363793,3.16476,1.338848,-0.709128,0.0,17.285845,1.228754,jja,226.459854,4.312393,djf,0.19529376,0.406042292,33.84483886,0.0,2.602208704,0.138666278,6.898564903,0.130204493,0.0,0.66514008,0.917225511,0.248690402,0.574669271,0.117109118,1,16.5739645,46.39784946,29.64044944,149.0806452,50.17741935,0.915764052,0.715296784,0.127793597,-8.668724055,0.257657688,0.183502836,5.098593127,0.448706512,0.040730144,-5.833624511,-3.794677091,3.309071601,0.71056902,0.0,559.2813097,-0.959297454,297.8634797,0.061311783,0.664311858,UNCONSOLDTED,0.5468454,IGNEOUS,0.4271507,0.5468454,0.4271507,0.0,0.0,0.0,0.02600221,0.0,0.4531528,15.52419,35.14516,66.36291,0.906065561,243.227,144.0305,40,455.6857,172.9081,415.6857,4.67,60.47428,0.46915,4,0.431469,0.334667,0.007028,0.475,0.0408,0.1698,0.226,0.0442,0.0388,0.0054,0.0,0.0,0.0,0.94,0.0,0.0,0.0,0.00015,0.0001,0.0,0.00923,0.03595,0.0,0.0,0.00051,0.0,0.00027,0.00011,0.00058,0.00013,2e-05,0.73342,0.21135,4e-05,0.0081,0.0,0.95291,0.311926,0.311926,97.35727,78.90351,0.0,0.0,0.0,0.0,2.310002,2.298141,0.0,0.0,60.47428,0.3,0.0,0,0.085057,0.01069,0.0,0.159019,0.073501,0.268868,0.171185,0.473823,1.098321,0.340103,0.0,720.9061,0.06383,0.397617,0.391095,78.6741,47.1247,83.35848,4.161199,0.220262,0.20087,0.320627,0.332724,0.297555,0.258989,0.2954,0.410953,0.506952,0.562245,0.478908,0.281413
603190,1963-01-02,2022-02-28,59.15947980835045,0.0,0.37601814142910034,8.2419522879812,125,1.3907937308557665,Yate Flat Creek at Woonanup (603190),South West Coast,DENMARK RIVER,No notes,-34.7038,117.2921,-34.69561075,117.3333419,50,57.8,WA,,1600,100,1700,Level 2,603003,0,19630102,20220228,0.0,5.0,9.482885114,42.82298169,8.834440385,0.004627916,0.63590744,2.199574,3.161211,1.437193,-0.688747,0.0,17.609449,1.224375,jja,233.102724,4.488835,djf,0.177092485,0.223259403,55.19921758,0.0,3.809890477,0.187117488,11.76190307,0.508222327,0.0,0.92327369,0.972309083,0.320575713,0.700897816,0.376018141,1,29.72961373,68.84090909,42.53926702,147.3050847,46.49152542,0.644847566,0.642234022,0.234006239,,0.601958215,0.334966445,3.506599996,0.541410594,0.078355608,-6.788003954,-4.886888788,2.678768508,0.482142654,0.0,487.0046562,-0.946678957,220.2413151,0.089862293,0.871952025,UNCONSOLDTED,0.6598707,IGNEOUS,0.3401296,0.6598707,0.3401296,0.0,0.0,0.0,0.0,0.0,0.3401296,16.31875,35.31875,64.1625,0.837657221,239.2977,142.5406,176,305.7789,207.5323,129.7789,2.75,17.05031,0.459893,3,0.537826,0.348441,0.008844,0.382,0.0155,0.1424,0.2886,0.0874,0.0711,0.013,0.0,0.0,0.0,0.57,0.0,0.0,0.0,0.0014,0.0,0.0,0.02606,0.02999,0.0,0.0,0.00052,0.0,8e-05,0.0,0.00045,0.0,0.0,0.65335,0.28193,0.0,0.00618,0.0,0.94146,0.0,0.0,99.92783,51.05678,0.0,0.0,0.0,0.0,0.0,0.0,0.0,0.0,17.05031,0.3,0.0,0,0.0,0.0,0.0,0.124504,0.218444,0.12,0.169222,0.134161,0.134161,0.0,0.0,691.5724,0.05869,0.379503,0.395458,79.24341,48.67344,83.60709,3.562459,0.195314,0.176457,0.269795,0.268811,0.24222,0.217187,0.251615,0.351063,0.436113,0.48553,0.413693,0.259549
604001,1979-03-23,2022-02-28,42.940451745379875,0.00019127773527161438,0.2669472610165168,18.917287526472467,125,3.0799283319285617,Kent River at Rocky Glen (604001),South West Coast,KENT RIVER,No notes,-34.6227,117.0353,-34.47443045,117.2824813,50,1117.5,WA,,1600,100,1700,Level 1,604053,0,19790323,20220228,0.000191278,4.0,4.436806598,30.88729997,4.217084478,0.19765366,8.034179868,1.797983,3.221966,1.791989,-0.71069,0.0,18.706107,1.226282,jja,248.240199,5.329217,djf,0.078634038,0.354413469,19.75467645,0.0,3.020439583,0.058881789,8.420477079,0.031630226,0.0,0.29125872,1.052443177,0.339710478,0.64383649,0.266947261,1,30.0960452,56.08888889,62.47761194,142.3333333,45.0952381,0.913719884,0.750659049,0.206651608,-10.81620047,0.257589431,0.205475676,5.392025462,0.403640566,0.023031261,-6.209257816,-7.531429502,3.936316755,0.317199543,0.0,419.9643674,-0.967242345,250.9825419,0.035000308,0.658030226,UNCONSOLDTED,0.94652,IGNEOUS,0.0329091,0.94652,0.0329091,0.00091148,0.0,0.0,0.0196583,0.0,0.05347893,16.9537,37.9537,64.65741,1.016923545,153.7403,118.3386,175,403.2255,238.8926,228.2255,2.81,78.07811,0.495978,4,0.475175,0.304736,0.003027,0.3516,0.0169,0.14,0.2377,0.0794,0.0645,0.0559,0.054,0.0,0.0,0.81,0.0,0.0057,0.0007,0.0004,0.0,0.0,0.10836,0.31534,0.0,0.0,0.03038,0.0,0.00122,0.00218,0.00502,0.0006,2e-05,0.18849,0.24202,0.01033,0.08932,0.0,0.53016,2.18257,1.453866,67.76058,23.83629,0.0,0.0,29.13685,10.18278,0.019115,0.019115,0.0,0.0,78.07811,0.0,0.0,0,0.006704,0.0,0.0,0.127419,0.290009,0.0,0.145005,0.303046,1.11379,0.07295,0.0,438.1929,0.054602,0.340201,0.380438,80.56555,50.13284,89.35186,2.628555,0.084623,0.084106,0.111986,0.13375,0.156382,0.173488,0.239833,0.366795,0.467113,0.436217,0.264184,0.116867
604053,1956-04-20,2022-02-28,65.86173853524983,0.0,0.0,17.772764605377038,125,2.880554206956635,Kent River at Styx Junction (604053),South West Coast,KENT RIVER,No notes,-34.889167,117.087222,-34.5870027,117.1926872,50,1841.4,WA,,1600,100,1700,Not nested,,1,19560420,20220228,0.0,7.0,5.783955327,15.3245995,5.32371306,0.008313934,0.396265975,2.132678,3.203266,1.501992,-0.729808,0.0,17.861141,1.231866,jja,232.967889,4.782617,djf,0.164923124,0.410748532,24.00192375,0.00098532,2.462520358,0.108921906,5.725637655,0.071943261,0.00037537,0.54451613,0.957370711,0.257690389,0.59598437,0.0,1,19.80511182,59.48962656,0.0,148.0,48.59090909,0.950833805,0.735239994,0.119737036,-8.203339211,0.214211173,0.153392295,4.838757654,0.452183842,0.03594443,-8.421245913,-4.025652886,3.746090459,0.617577583,0.0,512.4803541,-0.968570586,398.7398527,0.053184801,0.675840261,UNCONSOLDTED,0.7150086,IGNEOUS,0.2390783,0.7150086,0.2390783,0.00055312,0.0,0.01296113,0.03239894,0.0,0.2720304,16.78125,34.42188,64.76563,0.936648735,194.3525,128.2158,38,403.2255,199.6009,365.2255,3.57,124.8074,0.4658,4,0.381599,0.448988,0.002961,0.3897,0.0289,0.1428,0.2219,0.0721,0.0642,0.0477,0.0327,0.0,0.0,0.06,0.0,0.0035,0.0004,0.0002,0.0,0.0,0.06634,0.19337,0.0,5e-05,0.01861,0.0,0.00111,0.00146,0.00361,0.00044,2e-05,0.35348,0.2809,0.00652,0.0699,0.0,0.7108,5.368813,4.901634,73.77185,45.46346,0.0,0.0,20.22435,8.722355,0.061484,0.061484,0.0,0.0,124.8074,0.0,0.0,0,0.177778,0.022222,0.0,0.193576,0.108336,0.0,0.054168,0.301166,1.822729,0.066563,0.0,593.2929,0.060708,0.37121,0.382819,79.22563,48.26975,86.85238,3.453587,0.150039,0.14355,0.215196,0.238442,0.230133,0.220477,0.275462,0.402645,0.505168,0.50986,0.374496,0.194362
605012,1952-01-02,2022-02-28,70.16016427104722,0.0,0.0,18.864502430980565,125,3.31643488090599,Frankland R River at Mount Frankland (605012),South West Coast,FRANKLAND-DEEP RIVERS,No notes,-34.9062,116.7885,-34.2470135,117.2186177,50,4733.0,WA,,1600,100,1700,Not nested,,0,19520102,20220228,0.0,7.0,57.98339174,17.07010411,49.67618729,0.031218294,1.693958298,1.667158,3.265413,1.958671,-0.749153,0.0,19.047689,1.221326,jja,253.876301,5.857113,djf,0.185479589,0.534193724,25.05111295,0.00275649,2.414104464,0.089832356,8.769090867,0.047030295,0.00104053,0.40390947,0.780906482,0.196948412,0.535901038,0.0,5,16.28064516,64.77830189,0.0,143.8,54.17142857,0.953551733,0.842283337,0.082908127,-7.036548801,0.14984268,0.113380747,3.772828058,0.382547616,0.027814037,-5.538419795,-4.03699694,3.242788273,0.506460779,0.0,400.3234315,-0.958109884,215.5274038,0.055951991,0.497105403,UNCONSOLDTED,0.6451055,IGNEOUS,0.3081191,0.6451055,0.3081191,0.00419611,0.0,0.0030897,0.03948477,0.0,0.3517995,16.7,35.3,65.5,0.905300984,90.73952,96.09106,55,401.3206,252.9484,346.3206,4.13,275.3587,0.52138,5,0.273955,0.58907,0.001311,0.4218,0.0341,0.1928,0.2054,0.0526,0.0431,0.0301,0.0197,0.0004,0.0,1.0,0.0,0.00201,0.0008,0.0,0.0,0.0,0.33293,0.26789,0.0,0.00028,0.0106,0.0,0.00014,0.00378,0.00323,0.00028,0.00011,0.14448,0.08766,0.00556,0.14008,0.0002,0.37778,1.044883,1.003912,33.12865,18.14529,0.356959,0.121822,65.38559,12.825,0.0,0.0,0.0,0.0,275.3587,0.0,0.0,0,0.06,0.015094,1.0,0.381781,0.180511,0.0,0.090256,0.375201,126.0566,0.001758,0.001758,492.4651,0.049702,0.307338,0.363298,81.75372,53.04605,93.64422,2.806407,0.07973,0.082665,0.115345,0.147068,0.173494,0.197112,0.273727,0.415184,0.520984,0.439678,0.256707,0.112274
606001,1975-05-17,2022-02-28,46.789869952087614,0.0,0.2874195435927443,21.07314485828974,125,3.278508044794463,Deep River at Teds Pool (606001),South West Coast,FRANKLAND-DEEP RIVERS,No notes,-34.764167,116.615278,-34.60955866,116.605613,50,473.7,WA,,1600,100,1700,Not nested,,0,19750517,20220228,0.0,6.0,22.4164081,10.95029128,19.70629336,0.0,0.0,2.638136,3.194717,1.210975,-0.832562,0.0,18.733074,1.246411,jja,223.790121,4.772091,djf,0.304186092,0.442273845,37.25085751,0.0,2.3056775,0.178936333,4.493428382,0.170213574,0.0,0.9420646,1.238231933,0.336102984,0.614803979,0.287419544,1,34.19047619,77.25735294,66.37837838,147.0851064,46.10638298,0.971632151,0.867413334,0.157109995,-13.99194303,0.179209867,0.140211744,6.213911485,0.372675829,0.048220545,-5.090772884,-5.02822419,3.51232038,0.663206206,0.0,641.7007762,-0.966277533,392.4100748,0.070875992,0.680350902,UNCONSOLDTED,0.5373416,IGNEOUS,0.3353805,0.5373416,0.3353805,0.0,0.0,0.00846389,0.1188132,0.0,0.4541939,16.75,33.65,64.45,0.601190649,298.6171,144.8064,109,317.9702,180.2312,208.9702,6.1,62.40243,0.523279,4,0.395457,0.367771,0.003491,0.5376,0.0742,0.1949,0.1621,0.0238,0.0059,0.0005,0.001,0.0,0.0,0.9,0.0,2e-05,0.0,0.0,0.0,0.0,0.0003,0.0,0.0,0.00082,4e-05,0.0,0.00011,4e-05,0.00032,7e-05,0.0,0.86195,0.12293,0.00012,0.01325,0.0,0.99825,0.0,0.0,85.55408,85.12147,0.365773,0.365773,14.08008,14.03348,0.0,0.0,0.0,0.0,62.40243,0.0,0.0,0,0.0,0.0,0.0,0.0,0.009251,0.0,0.004625,0.107392,0.10784,0.0,0.0,820.7329,0.064573,0.401255,0.393557,79.55493,48.45203,82.61066,5.37919,0.217987,0.232577,0.381622,0.48231,0.42679,0.359071,0.405336,0.563125,0.690241,0.732437,0.595387,0.299635
606002,1982-07-11,2022-02-28,39.63860369609856,0.0,0.4786572731040199,16.44360429295176,125,2.222259140175881,Weld River at Wattle Block (606002),South West Coast,FRANKLAND-DEEP RIVERS,No notes,-34.696667,116.513889,-34.65481467,116.503657,50,60.5,WA,,1600,100,1700,Level 1,606195,0,19820711,20220228,0.0,1.0,4.220346725,5.966652695,3.722098433,1.381406272,20.89712093,2.856407,3.180821,1.113574,-0.843977,0.0,18.553294,1.250909,jja,218.981007,4.663285,djf,0.139506037,0.398945698,12.48015867,0.0,2.443727274,0.086203708,4.890792698,0.044376942,0.0,0.46841653,0.936490007,0.355297693,0.659621495,0.478657273,1,39.87596899,73.46153846,59.23076923,143.975,43.475,0.897534896,0.614605966,0.170454699,,0.306613008,0.235980769,3.205173529,0.54558896,0.024478683,-4.295557316,-2.825003028,3.584727946,0.604165017,0.0,730.8643359,-0.922588162,248.105964,0.031798151,0.769814667,IGNEOUS,0.792071,UNCONSOLDTED,0.2079293,0.2079293,0.792071,0.0,0.0,0.0,0.0,0.0,0.792071,16.25,41.75,69.3125,0.774376749,138.4384,122.3814,107,329.9318,176.5264,222.9318,7.09,16.01589,0.515298,3,0.606432,0.302062,0.013724,0.5876,0.1069,0.1974,0.1081,0.0,0.0,0.0,0.0,0.0,0.0,0.8,0.0,0.0,0.0,0.0,0.0,0.0,0.00085,0.0,0.0,0.0,0.00014,0.0,0.00035,7e-05,0.0,0.0,7e-05,0.96573,0.03136,0.0,0.00142,0.0,0.99851,0.0,0.0,95.79666,93.67377,0.0,0.0,4.203321,4.203321,0.0,0.0,0.0,0.0,16.01589,0.0,0.0,0,0.3,0.0,0.0,0.0,0.017171,0.034374,0.025772,0.10784,0.10784,0.0,0.0,1032.86,0.061463,0.404795,0.39659,82.12527,52.75008,80.93335,5.958567,0.236268,0.25208,0.418669,0.545515,0.468167,0.391291,0.443697,0.620989,0.766121,0.829446,0.670128,0.324358
606185,1964-01-02,2014-12-31,50.997946611909654,0.218768454394159,0.06652006597031336,19.934279806848718,125,2.935946557659096,Shannon River at Dog Pool (606185),South West Coast,SHANNON RIVER,Some catchment attributes have been updated due to calculation errors in CAMELS-AUS version 1,-34.7648,116.3773,-34.61171378,116.3947755,50,379.4,WA,,1600,100,1700,Not nested,,0,19640102,20141231,0.218768454,,,,,,,2.883543,3.195282,1.10811,-0.861209,0.0,18.571272,1.252121,jja,220.104632,4.713378,djf,0.62825741,0.433598214,62.52166579,0.0,2.039068344,0.47956924,3.927514447,0.956238451,0.0,2.36215867,1.144919968,0.229659153,0.54239967,0.066520066,1,12.9034749,47.83636364,18.61538462,140.6756757,51.40540541,0.94613151,0.860375353,0.128096855,-8.651655461,0.231389932,0.189635315,4.962305428,0.406182602,0.128469862,-5.726075764,-5.783625041,1.943309445,0.698154942,0.0,659.2963842,-0.971449438,339.8238879,0.174041172,0.738157878,IGNEOUS,0.462814,UNCONSOLDTED,0.4115138,0.4115138,0.462814,0.0,0.0,0.00626108,0.119411,0.0,0.582225,15.63953,23.65698,66.13953,0.783400875,142.2828,127.659,61,303.5713,157.504,242.5713,7.08,51.93605,0.488096,3,0.428156,0.485111,0.005462,0.5667,0.0902,0.1834,0.1509,0.0062,0.0018,0.0008,0.0,0.0,0.0,0.7,0.0,0.0001,0.0,0.0,0.0,0.0,0.00135,0.0,0.0,6e-05,0.00025,0.0,0.00094,3e-05,0.00045,0.00011,2e-05,0.90518,0.08276,0.00019,0.00838,0.0,0.99651,0.0,0.0,84.56953,82.98457,0.0,0.0,15.37313,15.30765,0.0,0.0,0.0,0.0,51.93605,0.1,0.0,0,0.007018,0.004188,0.0,0.0,0.013179,0.04,0.026589,0.1332,0.435044,0.0,0.0,1101.623,0.064827,0.411569,0.390639,78.68562,49.99255,81.98025,5.814696,0.222415,0.237994,0.394042,0.53754,0.462571,0.386944,0.438175,0.612349,0.757055,0.818712,0.65262,0.302491
606195,1964-01-02,2022-02-28,58.16016427104723,0.0045662100456621,0.17643998865033575,18.367101830532665,125,3.395715497828979,Weld River at Ordnance Rd Crossing (606195),South West Coast,FRANKLAND-DEEP RIVERS,No notes,-34.8069,116.5752,-34.71233249,116.509003,50,245.8,WA,,1600,100,1700,Not nested,,1,19640102,20220228,0.00456621,7.0,10.85855949,17.17541971,9.386883612,0.014122299,0.420353289,2.971468,3.184803,1.071794,-0.839575,0.0,18.112833,1.238476,jja,214.432573,4.534309,djf,0.767486186,0.446117571,61.30642054,0.0,2.024408797,0.461595471,3.849137911,0.873211627,0.0,2.27784687,1.248437093,0.271729878,0.556748321,0.176439989,1,18.77777778,60.06632653,42.39772727,142.3157895,49.73684211,0.944572463,0.866971873,0.131815086,-11.82242541,0.238021274,0.203046712,5.055786597,0.415648934,0.119081256,-4.465634152,-6.161340223,2.637721774,0.673411939,0.0,653.1113194,-0.966669032,340.0419784,0.162669379,0.732044694,IGNEOUS,0.7632624,METAMORPH,0.1244496,0.08065162,0.7632624,0.0,0.0,0.03163657,0.1244496,0.0,0.8877119,16.6,38.62,65.44,0.770688517,159.1287,130.1602,61,329.9318,136.5417,268.9318,7.12,37.67125,0.530498,3,0.472271,0.312431,0.007466,0.5727,0.0906,0.1782,0.1351,0.0145,0.006,0.0029,0.0,0.0,0.0,0.92,0.0,0.0,0.0,0.0,0.0,0.0,0.00295,0.0,0.0,0.00191,0.00066,0.0,0.00142,0.00011,0.00174,9e-05,2e-05,0.89426,0.08965,5e-05,0.00714,0.0,0.9911,3.241985,3.222828,84.52896,83.88988,0.0,0.0,12.21629,12.2099,0.0,0.0,0.0,0.0,37.67125,0.1,0.0,0,0.08125,0.0,0.0,0.0,0.010481,0.049612,0.030046,0.10784,0.10784,0.0,0.0,1068.356,0.065982,0.420386,0.387583,79.12595,50.85445,81.71953,5.947875,0.24232,0.255315,0.427871,0.545202,0.458807,0.383744,0.435428,0.611074,0.754954,0.826418,0.673718,0.341151
607003,1970-05-16,2022-02-28,51.79192334017796,0.0,0.11624464767140667,21.607254086221086,125,3.3514087291925874,Warren River at Wheatley Farm (607003),South West Coast,WARREN RIVER,No notes,-34.3694,116.2777,-34.20297522,116.5971445,50,2986.7,WA,,1600,100,1700,Level 1,607220,3,19700516,20220228,0.0,8.0,10.80724114,11.89934573,9.088281937,0.0,0.0,1.9542,3.285943,1.681477,-0.862498,0.0,20.638742,1.242424,jja,249.058198,5.872616,djf,0.138721483,0.511091712,12.58004067,0.0,2.337573224,0.073224916,5.081583999,0.029298691,0.0,0.35038012,0.916661149,0.214463181,0.554580536,0.116244648,3,23.31609195,84.60483871,10.995,141.5961538,47.25,0.957002282,0.652528712,0.105043372,-8.335897953,0.177102241,0.120098564,4.810903835,0.355803345,0.022873136,-8.782707817,-5.558176291,3.272782899,0.494434833,0.0,490.5776041,-0.95462546,348.3306349,0.039354614,0.581205958,UNCONSOLDTED,0.7002039,IGNEOUS,0.2055087,0.7002039,0.2055087,0.0,0.0,0.00426385,0.09002619,0.0,0.2955351,15.16667,36.45833,67.95834,0.945259149,125.1189,114.8305,115,376.1348,242.7612,261.1348,4.85,149.2377,0.455374,5,0.413198,0.50463,0.001804,0.4732,0.0584,0.2174,0.1825,0.0256,0.0237,0.0172,0.002,0.0,0.0,0.92,0.0001,0.00144,0.0,0.00065,0.0,0.0,0.04526,0.19662,0.0,0.00422,0.00548,0.0,7e-05,0.00025,0.00068,7e-05,1e-05,0.37747,0.32626,0.00071,0.03974,0.0009,0.74418,0.0,0.0,76.56235,54.44648,0.0,0.0,23.03697,9.017039,0.002136,0.002136,0.0,0.0,149.2377,0.0,0.0,0,0.048544,0.013408,0.0,0.207926,0.135428,0.057096,0.096262,1.22559,1453.412,0.045957,0.001947,549.9471,0.050773,0.324785,0.385444,83.50323,56.26268,88.97639,3.285619,0.107342,0.135773,0.184265,0.246613,0.248444,0.233096,0.283127,0.404363,0.504267,0.463038,0.328463,0.15154
607004,1974-05-15,2022-02-28,47.794661190965094,0.0,0.05121154837600962,21.531750005379354,125,2.3941649596917842,Perup River at Quabicup Hill (607004),South West Coast,WARREN RIVER,No notes,-34.3311,116.4585,-34.17632048,116.4731187,50,665.1,WA,,1600,100,1700,Level 2,607003,0,19740515,20220228,0.0,1.0,19.41330911,22.76052925,18.04865138,0.005728361,0.419709154,1.95357,3.286214,1.682158,-0.884947,0.0,21.37584,1.246331,jja,251.853776,5.980363,djf,0.075667654,0.456240045,10.32902687,0.0,2.681368168,0.043667462,7.955190806,0.013709727,0.0,0.19964932,0.765258325,0.152202555,0.524546027,0.051211548,1,12.30092593,47.69270833,24.16216216,141.4166667,53.72916667,0.895878322,0.524311883,0.123685662,-6.049963218,0.249681095,0.15936565,2.628409879,0.442606209,0.014618835,-6.934523024,-3.577089939,3.756651366,0.487242541,0.0,500.1294312,-0.931054868,368.9103648,0.023546476,0.620850222,UNCONSOLDTED,0.7307307,IGNEOUS,0.1798793,0.7307307,0.1798793,0.0,0.0,0.0,0.08939095,0.0,0.2692702,15.0,38.59782,68.22826,0.969335338,116.1261,115.265,153,346.4554,246.7267,193.4554,5.3,53.06627,0.414548,4,0.550065,0.5146,0.003872,0.5093,0.0673,0.2349,0.1717,0.0109,0.0055,0.0004,0.0,0.0,0.0,1.0,0.0,0.0,0.0,0.00138,0.0,0.0,0.00682,0.02925,0.0,0.0,0.00138,0.0,6e-05,0.00011,0.00037,5e-05,0.0001,0.50665,0.43996,5e-05,0.01388,0.0,0.96054,0.0,0.0,95.12278,79.49106,0.0,0.0,4.674352,3.692586,0.0,0.0,0.0,0.0,53.06627,0.3,0.0,0,0.06125,0.002952,0.0,0.376384,0.071088,0.12367,0.097379,0.303293,0.486556,0.0,0.0,522.625,0.047384,0.317817,0.391212,84.47769,59.59858,87.95853,3.21252,0.103389,0.139449,0.18366,0.249999,0.251997,0.230754,0.274381,0.386701,0.483497,0.445212,0.322042,0.145233
607007,1978-04-23,2022-02-28,43.854893908282,0.045511299787738796,0.27483811890901955,14.571377567365383,125,2.4150423905285425,Tone River at Bullilup (607007),South West Coast,WARREN RIVER,No notes,-34.2503,116.679,-34.07242817,116.8418499,50,977.7,WA,,1600,100,1700,Level 2,607003,0,19780423,20220228,0.0455113,2.0,3.35967505,32.69092722,2.953634816,0.0,0.0,1.645871,3.318101,2.016015,-0.824858,0.0,21.169093,1.234924,jja,264.078815,6.276009,djf,0.124822288,0.347031702,19.56208088,0.0,3.021768721,0.088837892,7.549059977,0.072064095,0.0,0.44192366,1.082454298,0.283013932,0.622473674,0.274838119,1,23.77472527,59.11180124,65.65625,133.195122,46.80487805,0.849547881,0.790214775,0.161732432,-12.60356814,0.348952858,0.213440082,4.964975907,0.409031414,0.041117122,-7.008784961,-5.61819225,2.593930862,0.242847245,0.0,397.3456161,-0.958643545,182.9255801,0.056792577,0.723987613,UNCONSOLDTED,0.5532302,IGNEOUS,0.4293446,0.5532302,0.4293446,0.0,0.0,0.0,0.01742531,0.0,0.4467699,13.8,35.8,71.2,0.974020151,88.34023,101.4168,204,376.1348,277.6286,172.1348,4.22,77.69364,0.492233,4,0.455317,0.467761,0.002382,0.4372,0.0471,0.2229,0.2071,0.0335,0.0321,0.014,0.0061,0.0,0.0,0.97,0.0,0.0,0.0,2e-05,0.0,0.0,0.11154,0.42445,0.0,0.00018,0.01366,0.0,1e-05,0.00035,0.00028,0.0,0.0,0.08455,0.29139,0.00049,0.07312,0.0,0.44955,0.0,0.0,51.2426,22.69621,0.0,0.0,48.67769,12.25716,0.0,0.0,0.0,0.0,77.69364,0.1,0.0,0,0.0,0.0,0.0,0.275046,0.292704,0.04,0.166352,0.216576,0.325627,0.0,0.0,441.5742,0.047158,0.293075,0.375753,84.93675,56.6129,92.89896,2.801583,0.067737,0.085578,0.104803,0.143294,0.176547,0.204907,0.281378,0.42711,0.541647,0.434264,0.241461,0.099705
607013,1979-04-19,2022-02-28,42.86652977412731,0.0,0.0,42.09720459094667,125,2.6348581244871325,Lefroy Brook River at Rainbow Trail (607013),South West Coast,WARREN RIVER,No notes,-34.4275,116.016,-34.3287046,116.0298656,50,248.0,WA,,1600,100,1700,Level 1,607220,0,19790419,20220228,0.0,1.0,10.67249344,22.54831064,9.619195451,0.00638692,0.158726763,3.044481,3.251732,1.068074,-0.93208,0.0,19.146568,1.287787,jja,218.05514,4.864247,djf,0.689473177,0.618338187,32.10850145,0.00313535,1.610619272,0.357486887,3.274158332,0.33151716,0.00801266,1.47048276,0.718509103,0.097017309,0.446637287,0.0,2,10.54861111,41.37869822,0.0,143.372093,58.55813953,0.96840141,0.917092337,0.093894288,-6.556673679,0.128098912,0.096555946,4.039089085,0.387330662,0.082625855,-5.705758765,-3.765604321,2.582196469,0.889230267,0.0,697.9192421,-0.936855067,439.9406009,0.12736433,0.648736229,UNCONSOLDTED,0.8611773,METAMORPH,0.1388223,0.8611773,0.0,0.0,0.0,0.0,0.1388223,0.0,0.1388223,17.57143,39.46429,61.42857,0.835731103,100.0,116.6622,118,317.2189,201.8812,199.2189,7.57,30.28259,0.565311,3,0.591326,0.482523,0.00736,0.5768,0.109,0.2175,0.0964,0.0003,0.0,0.0,0.0,0.0,0.0,0.81,0.0,0.0023,0.0,0.02155,0.00337,0.0,0.00861,0.15493,0.0,0.0,0.00063,0.0,0.0,7e-05,0.00018,0.0,0.0,0.72192,0.08403,9e-05,0.00234,0.0,0.80838,0.0,0.0,100.0,64.41299,0.0,0.0,0.0,0.0,0.0,0.0,0.0,0.0,27.08562,0.3,0.0,0,0.000658,0.0125,0.0,0.370868,0.164127,0.454723,0.309425,2.684839,364.6959,0.556949,0.005068,1221.121,0.058391,0.396463,0.401249,94.70684,60.01198,79.98958,5.389449,0.197208,0.215289,0.363366,0.48779,0.428148,0.355874,0.40314,0.553827,0.69361,0.761873,0.620799,0.316894
607144,1961-02-26,2022-02-28,61.007529089664615,0.0,0.04420410178162725,43.95661812744159,125,3.1423856002105204,Wilgarup River at Quintarrup (607144),South West Coast,WARREN RIVER,No notes,-34.3486,116.3475,-34.22606637,116.2702525,50,472.0,WA,,1600,100,1700,Level 2,607003,0,19610226,20220228,0.0,20.0,7.232592722,21.5141524,6.468110062,0.004487726,0.297793407,2.341239,3.274527,1.39863,-0.91196,0.0,20.8365,1.269441,jja,239.16131,5.608347,djf,0.283777079,0.530872373,28.16145762,0.0,2.189775303,0.148052109,5.850625341,0.105106193,0.00018305,0.72909153,1.02942235,0.200646233,0.531571153,0.044204102,2,17.19615385,55.87264151,13.13333333,141.8688525,49.03278689,0.93999101,0.799781171,0.112555845,-8.240131748,0.19066936,0.135963681,4.564393908,0.417921801,0.04139581,-7.354536565,-5.752663087,3.191069484,0.565372303,0.0,584.7803147,-0.948438157,416.6939122,0.066208749,0.625231723,UNCONSOLDTED,0.7323845,METAMORPH,0.1973461,0.7323845,0.04480472,0.0,0.0,0.02546666,0.1973461,0.0,0.2421508,14.85784,36.59804,68.94608,0.899999976,100.0,116.0,143,347.9663,234.4513,204.9663,5.36,66.45135,0.425073,4,0.372684,0.513498,0.003511,0.4999,0.0693,0.2186,0.1635,0.0171,0.0204,0.0112,0.0,0.0,0.0,0.86,0.0004,0.0004,0.0,0.00148,6e-05,0.0,0.01375,0.15191,0.0,0.0,0.00138,0.0,1e-05,2e-05,0.00028,2e-05,1e-05,0.60644,0.21372,1e-05,0.00422,0.006,0.82439,0.0,0.0,98.32002,69.94489,0.0,0.0,1.56051,0.557826,0.0,0.0,0.0,0.0,66.45135,0.0,0.0,0,0.092593,0.005701,0.0,0.207987,0.157343,0.081579,0.119461,6.337443,1453.412,0.277737,0.01207,745.3903,0.052446,0.347549,0.397846,84.84782,57.76432,84.5414,3.814877,0.132765,0.171319,0.247889,0.339615,0.316163,0.26859,0.303413,0.414027,0.511665,0.520969,0.405568,0.186863
607155,1961-05-11,2013-02-21,51.7864476386037,0.14068199841395718,0.06896763873508059,10.256024396784406,125,2.0606894651378367,Dombakup Brook at Malimup Track (607155),South West Coast,WARREN RIVER,No notes,-34.578611,115.972222,-34.58557892,116.054179,50,124.9,WA,,1600,100,1700,Not nested,,0,19610511,20130221,0.140681998,,,,,,,3.401259,3.226445,0.948603,-0.90743,0.0,19.182524,1.277844,jja,212.095434,4.5314,djf,0.920921931,0.391540012,103.7814251,0.0,2.022514939,0.843467508,4.772231811,2.910182269,0.0,4.03995997,0.889895874,0.173741848,0.507382798,0.068967639,1,6.447488584,49.08928571,80.07142857,129.7209302,54.60465116,0.841058978,0.868932662,0.12908992,-7.335675374,0.369449893,0.247200303,3.898426486,0.460571185,0.197169766,-5.407958759,-3.516286067,2.398894846,0.613836168,0.0,688.239484,-0.94422639,405.3642287,0.264321768,0.745946001,UNCONSOLDTED,0.6345378,METAMORPH,0.365462,0.6345378,0.0,0.0,0.0,0.0,0.365462,0.0,0.365462,17.90909,40.72727,61.09091,0.891478947,111.9747,114.4551,30,160.2519,86.57251,130.2519,5.91,20.75955,0.640305,3,0.584965,0.475582,0.006768,0.5126,0.0805,0.1805,0.1904,0.0187,0.0141,0.0032,0.0,0.0,0.0,0.96,0.0,0.0,0.0,0.0,0.0,0.0,0.01111,0.05223,0.0,0.00078,0.0,0.0,0.0,0.0,0.0,0.0,0.0,0.83498,0.10002,0.0,0.00081,0.0,0.93581,0.0,0.0,65.82629,57.62942,0.0,0.0,34.1737,20.9937,0.0,0.0,0.0,0.0,20.75955,0.0,0.0,0,0.139535,0.0,0.0,0.063559,0.110641,0.0,0.055321,1.139279,9.741895,0.083494,0.0,1369.11,0.074345,0.450545,0.374418,75.96411,48.3701,82.22902,6.069762,0.234159,0.241284,0.408817,0.564103,0.469266,0.391048,0.443833,0.620391,0.779186,0.855834,0.70132,0.369892
607220,1966-05-18,2022-02-28,55.7864476386037,0.0,0.00044169611307420494,40.685236735522714,125,4.191242610070548,Warren River at Barker Rd Crossing (607220),South West Coast,WARREN RIVER,No notes,-34.5217,115.8994,-34.25884958,116.4570276,50,3936.3,WA,,1600,100,1700,Not nested,,2,19660518,20220228,0.0,14.0,6.351859661,84.8302024,5.114291755,0.004907735,0.105013714,2.246008,3.274825,1.458065,-0.882646,0.0,20.324127,1.265249,jja,236.581467,5.552532,djf,0.345384527,0.602440523,20.06625043,0.0,1.809715393,0.167044587,3.60079627,0.0913872,0.00259001,0.7627594,0.722707578,0.158323518,0.482479388,0.000441696,2,16.29292929,67.33561644,4.5,141.0178571,54.16071429,0.983345954,0.774342113,0.060577107,-6.046069445,0.117080621,0.087634211,3.732291758,0.325471698,0.048987993,-7.003600696,-3.286903542,2.828250394,0.683934758,0.0,544.2478137,-0.957875766,386.1313202,0.078647568,0.62287994,UNCONSOLDTED,0.6974924,IGNEOUS,0.1558261,0.6974924,0.1558261,0.0,0.0,0.00310254,0.1435809,0.0,0.299409,18.5,40.25,58.25,0.90863869,118.669,115.3675,50,376.1348,221.2685,326.1348,5.81,218.8899,0.468402,5,0.330258,0.554963,0.00159,0.5102,0.0753,0.2146,0.1575,0.0167,0.0139,0.0103,0.0015,0.0,0.0,0.94,0.0,0.00054,0.0,0.00324,0.00064,0.0,0.03448,0.17107,0.0,0.00242,0.00402,0.0,3e-05,0.00018,0.00033,3e-05,1e-05,0.5011,0.25478,0.00025,0.02582,0.001,0.78195,0.0,0.0,82.5578,59.60233,0.0,0.0,17.15075,6.84194,0.001554,0.001554,0.0,0.0,218.8899,0.0,0.0,0,0.094118,0.0,0.0,0.0,0.128338,0.113497,0.120918,1.51689,1453.412,0.159277,0.003766,715.6682,0.053806,0.347248,0.387157,84.79281,56.43188,86.94205,3.796108,0.131972,0.156589,0.22989,0.306624,0.290952,0.261925,0.310196,0.438,0.546716,0.534719,0.401381,0.19262
608002,1975-04-24,2022-02-28,46.85284052019165,0.0,0.0022789692046981825,26.334188122023782,125,2.8232295003760157,Carey Brook at Staircase Road (608002),South West Coast,DONNELLY RIVER,No notes,-34.392778,115.842222,-34.36382118,115.8787573,50,44.5,WA,,1600,100,1700,Not nested,,0,19750424,20220228,0.0,5.0,9.429126925,12.89132411,8.341305994,0.017530532,0.325434915,3.264178,3.249534,0.995514,-0.930924,0.0,18.517338,1.300505,jja,212.13139,4.731155,djf,0.460968889,0.592441515,31.86121348,0.0,1.286347025,0.396495694,3.38844191,0.260131678,0.03300674,1.3610427,0.418463497,0.024776486,0.191199673,0.002278969,1,2.700636943,16.60913706,13.0,141.8085106,78.31914894,0.912118037,0.863281908,0.059277889,-3.329299034,0.209695631,0.153890944,1.651201509,0.536113328,0.084419748,-3.819392916,-1.963632776,2.107932804,1.375602769,0.0,761.9932478,-0.859579938,411.7456124,0.131046091,0.6441989,UNCONSOLDTED,0.5747602,METAMORPH,0.4252398,0.5747602,0.0,0.0,0.0,0.0,0.4252398,0.0,0.4252398,18.0,40.925,60.975,0.801931515,100.0,117.0049,73,242.2803,154.0229,169.2803,8.72,18.49764,0.500057,2,0.442112,0.59343,0.011735,0.6198,0.1415,0.1834,0.0553,0.0,0.0,0.0,0.0,0.0,0.0,1.0,0.0,0.0,0.0,0.0,0.0,0.0,0.0,0.0,0.0,0.0,0.0,0.0,0.0,0.0,0.0,0.0,0.0,0.99815,0.00176,0.0,0.0001,0.0,1.00001,0.0,0.0,100.0,94.90008,0.0,0.0,0.0,0.0,0.0,0.0,0.0,0.0,18.49764,0.0,0.0,0,0.0,0.0,0.0,0.007601,0.022825,0.078621,0.050723,0.917298,0.92389,0.0,0.0,1243.857,0.063469,0.419297,0.391087,88.23582,56.35783,80.91891,5.810629,0.212245,0.219781,0.392104,0.532531,0.457144,0.380735,0.431466,0.597316,0.750087,0.827137,0.668707,0.351531
608151,1952-01-02,2022-02-28,70.16016427104722,0.0,0.06309997658627955,62.643424860514166,125,2.801816353722468,Donnelly River at Strickland (608151),South West Coast,DONNELLY RIVER,No notes,-34.3272,115.7846,-34.16651626,116.0012601,50,770.4,WA,,1600,100,1700,Not nested,,0,19520102,20220228,0.0,9.0,6.355602762,15.07468895,5.160952236,0.031218294,0.726829715,2.764096,3.282156,1.187425,-0.946059,0.0,19.793776,1.270629,jja,225.372185,5.252881,djf,0.767930283,0.597770736,49.46277746,0.0,1.845423682,0.371227577,3.724277068,0.469323868,0.0,1.70922514,0.884256303,0.16834465,0.494029501,0.063099977,1,18.27966102,75.35714286,35.93333333,140.7857143,52.74285714,0.982276107,0.964741376,0.084267565,-6.752432862,0.117355101,0.077924892,4.060238087,0.385685348,0.086528555,-5.723176539,-3.10146991,3.057239782,0.781129271,0.0,645.1579165,-0.956291035,440.5641995,0.141159005,0.612986437,UNCONSOLDTED,0.7511028,METAMORPH,0.2458705,0.7511028,0.00026765,0.0,0.0,0.0,0.2458705,0.00275842,0.2488966,18.80769,37.38462,58.0,0.904032652,100.0,116.6981,34,337.6744,233.3912,303.6744,6.98,102.7265,0.412053,3,0.306235,0.66648,0.003044,0.5407,0.0855,0.1902,0.1494,0.0147,0.0092,0.0069,0.0034,0.0,0.0,1.0,0.0,0.0002,0.0,0.00357,0.00043,0.0,0.00797,0.15482,0.0,0.0,0.00098,0.0,0.00032,5e-05,0.00083,6e-05,0.0,0.72232,0.10096,0.0002,0.00502,0.0023,0.8285,0.0,0.0,96.62213,74.13694,0.096557,0.08834,3.009821,1.6307,0.0,0.0,0.0,0.0,102.7265,0.3,0.0,0,0.044571,0.023256,0.2,0.033975,0.123303,0.136536,0.12992,2.863318,1006.083,0.438613,0.004524,1066.069,0.054847,0.36493,0.404346,89.96121,58.98015,81.56239,5.178924,0.159692,0.195606,0.314879,0.475217,0.436736,0.36305,0.412973,0.56879,0.706437,0.72911,0.557972,0.266726
609002,1969-04-19,2022-02-28,52.865160848733744,0.0,0.012533015692164275,22.26812501533673,125,3.765547397845926,Scott River at Brennans Ford (609002),South West Coast,BLACKWOOD RIVER,No notes,-34.2761,115.3022,-34.26726256,115.4710143,50,593.8,WA,,1600,100,1700,Not nested,,0,19690419,20220228,0.0,6.0,5.032224506,127.884861,4.753492209,0.025894661,0.660780848,2.893501,3.330185,1.150919,-0.941987,0.0,18.742063,1.241071,jja,220.03272,5.148927,djf,0.82585433,0.509620902,58.7339423,0.0,2.161540115,0.39779959,3.624810903,0.739358827,0.00014551,2.19676972,1.674441808,0.425138536,0.616966182,0.012533016,1,90.20879121,122.814433,24.2,142.2264151,42.73584906,0.970004864,0.924372183,0.115121476,-21.23506056,0.166260698,0.139121506,7.444964307,0.365847068,0.102457499,-6.109686619,-2.746530722,3.875424588,0.573616567,0.0,659.2970022,-0.963323454,306.8755371,0.147866147,0.69290707,UNCONSOLDTED,0.994441,IGNEOUS,0.00443295,0.994441,0.00443295,0.0,0.0,0.0,0.0,0.0,0.0,15.90472,12.7217,66.73868,1.012298712,300.0,143.5425,12,153.9436,44.14011,141.9436,1.87,54.49392,0.340034,4,0.526935,0.276647,0.002786,0.2255,0.0128,0.0754,0.1479,0.0857,0.111,0.3356,0.0061,0.0,0.0,0.32,0.0021,0.00312,0.0002,0.00364,0.00911,0.0,0.00218,0.03649,0.0,0.12412,0.00055,0.0,0.00058,0.00045,0.00105,0.00036,5e-05,0.55685,0.23778,0.00094,0.0205,0.0,0.81607,0.0,0.0,32.75203,31.26222,26.33216,14.87222,40.76575,21.23887,0.046793,0.034479,0.0,0.0,54.49392,0.0,0.0,0,0.0689,0.0,1.0,0.314066,0.155345,0.0,0.077673,0.209333,1.399072,0.013362,0.0,1010.728,0.083114,0.457173,0.34467,59.38132,41.75472,90.01116,5.158171,0.166683,0.20397,0.340642,0.481044,0.419976,0.349129,0.393835,0.544146,0.682606,0.710636,0.564189,0.309153
609005,1975-04-12,2022-02-28,46.88569472963724,0.047007299270072994,0.42205882352941176,3.47325166449687,125,0.3889285096633409,Balgarup River at Mandelup Pool (609005),South West Coast,BLACKWOOD RIVER,No notes,-33.9075,117.1422,-33.94447672,117.1997511,50,84.1,WA,,1600,100,1700,Not nested,,0,19750412,20220228,0.047007299,3.0,13.06235364,52.24443321,10.70878683,0.011678832,5.104182692,1.446989,3.347449,2.313389,-0.766186,0.0,21.249994,1.208589,jja,276.186997,6.461619,djf,0.094820103,0.278847411,56.16368466,0.0,6.103397893,0.092750407,49.86347631,0.320460878,0.0,0.40585151,0.799264867,0.352696078,0.650245098,0.422058824,1,23.49387755,42.448,37.23243243,133.6046512,48.13953488,0.281519306,0.587492219,0.277708227,,0.624662216,0.313718499,4.158369123,0.571428571,0.051893095,-5.067056951,-8.372801518,2.916224567,0.278506304,0.0,335.6261187,-0.913012846,235.6528848,0.067513408,0.768633924,IGNEOUS,0.8674822,UNCONSOLDTED,0.132518,0.132518,0.8674822,0.0,0.0,0.0,0.0,0.0,0.8674822,10.54545,40.21819,77.8091,0.800000012,30.0,73.0,295,400.3685,333.122,105.3685,4.22,20.12652,0.539464,2,0.538963,0.442739,0.005996,0.4611,0.0373,0.2544,0.2438,0.0032,0.0002,0.0,0.0,0.0,0.0,0.54,0.0,0.0,0.0,0.0,0.0,0.0,0.31247,0.51378,0.0,0.0,0.0007,0.0,0.0,0.0,0.0,0.0,0.0,0.0007,0.0047,0.0,0.16769,0.0,0.17309,0.0,0.0,0.0,0.0,0.0,0.0,100.0,11.455,0.0,0.0,0.0,0.0,20.12652,0.1,0.0,0,0.028235,0.003053,0.0,0.947519,0.474106,0.05968,0.266893,0.35396,0.382749,0.0,0.0,433.991,0.039403,0.261547,0.368596,84.70669,65.71735,95.67893,2.713606,0.041812,0.041091,0.050892,0.086349,0.146001,0.222722,0.344989,0.494297,0.601363,0.433214,0.198287,0.063272
609010,1978-08-11,2022-02-28,43.553730321697465,0.0,0.8817576062358562,4.850683136716553,125,2.122289154452408,Northern Arthur River at Lake Toolibin Inflow (609010),South West Coast,BLACKWOOD RIVER,No notes,-32.9048,117.614,-32.87492989,117.6914095,50,439.8,WA,,1600,100,1700,Not nested,,0,19780811,20220228,0.0,10.0,7.73868905,17.1291618,7.352780184,0.006286145,6.078760946,1.023695,3.459324,3.379254,-0.720312,0.0,21.969114,1.275574,jja,300.016834,8.499109,djf,0.00222502,0.046260117,13.00204676,0.0,15.35415754,0.007229201,37.04977873,0.012320621,0.0,0.00530452,0.0,0.118242394,0.925446316,0.881757606,1,34.83333333,283.1153846,255.0363636,172.1666667,30.1,0.623569752,0.658570189,0.383451458,,0.70810853,0.26943821,2.953919959,0.447129909,0.005186829,-9.675403131,-6.409161303,3.420090456,0.671666834,0.0,244.9784692,-0.912452175,79.72533733,0.007452542,0.695981175,UNCONSOLDTED,0.9797482,IGNEOUS,0.02025174,0.9797482,0.02025174,0.0,0.0,0.0,0.0,0.0,0.02025174,15.5,44.0,69.0,0.894856222,74.51801,99.01723,300,417.3348,335.6693,117.3348,2.42,30.8567,0.510869,5,0.761155,0.293861,0.003748,0.3169,0.0103,0.1267,0.2592,0.0873,0.0836,0.0329,0.0831,0.0,0.0,0.97,0.0,0.0,0.0009,0.0,0.0,0.0,0.79669,0.03233,0.0,0.0005,0.02528,0.0,0.00024,0.02746,0.00992,0.0044,0.0012,0.0,0.00512,0.01153,0.08446,0.0,0.10111,0.0,0.0,0.0,0.0,11.87611,1.439486,88.12386,5.999377,0.0,0.0,0.0,0.0,30.8567,0.0,0.0,0,0.044444,0.0,0.0,0.766861,0.478315,0.0,0.239157,0.208156,0.367149,0.0,0.0,350.0359,0.055922,0.215064,0.270029,96.16623,30.16261,113.6652,1.488722,0.012076,0.014826,0.018052,0.036059,0.065809,0.107512,0.188183,0.336581,0.41742,0.205322,0.074313,0.018356
609018,1983-04-08,2022-02-28,38.89664613278576,0.0,0.0017596959245442388,22.70498255779408,125,1.9240450171077006,St John Brook River at Barrabup Pool (609018),South West Coast,BLACKWOOD RIVER,No notes,-33.9435,115.6914,-33.84407931,115.6779424,50,550.3,WA,,1600,100,1700,Not nested,,0,19830408,20220228,0.0,3.0,9.118516793,168.7692549,8.823227171,0.0,0.0,2.585366,3.39733,1.314061,-1.019878,0.0,21.447752,1.251836,jja,243.458051,6.11515,djf,0.298448095,0.480084595,30.48116009,0.0,2.421636057,0.165131484,5.664331694,0.159910697,0.00015701,0.8522246,1.147949424,0.372844372,0.625536707,0.001759696,1,76.76811594,128.7971014,3.125,146.2307692,44.07692308,0.89271615,0.778546975,0.091244534,-10.79801342,0.249642852,0.150389551,5.383940315,0.504364694,0.042890578,-11.53759565,-2.624551899,3.845119814,0.765836778,0.0,649.0515886,-0.953307706,304.9935601,0.070307847,0.610039698,UNCONSOLDTED,0.8797235,METAMORPH,0.1199172,0.8797235,0.0,0.0,0.0,0.00035998,0.1199172,0.0,0.1199172,10.1087,20.3587,78.93478,0.915241381,286.0069,129.117,66,313.9759,142.2273,247.9759,4.68,40.03655,0.605404,4,0.658993,0.327492,0.006379,0.4778,0.044,0.2158,0.247,0.0125,0.0028,0.0001,0.0,0.0,0.0,0.65,0.0,0.0,0.0,0.0,0.0,0.0,0.00164,0.03529,0.0,0.0,7e-05,0.0,0.0,0.0,0.00044,0.0,0.0,0.61413,0.34015,3e-05,0.00824,0.0,0.96255,0.0,0.0,86.03672,77.07352,0.0,0.0,13.96334,6.880694,0.0,0.0,0.0,0.0,40.03655,0.0,0.0,0,0.054054,0.0,0.0,0.0,0.080585,0.051166,0.065875,0.532796,2.008847,0.112813,0.0,1028.096,0.060947,0.368766,0.376473,76.5132,54.67449,88.62624,4.292056,0.095816,0.162448,0.244527,0.401786,0.380267,0.317228,0.360303,0.492881,0.6062,0.593567,0.443544,0.199444
610001,1970-05-22,2022-02-28,51.775496235455165,5.2879276611495956e-05,0.19370703331570596,58.52749571249803,125,2.1972882577998325,Margaret River at Willmots Farm (610001),South West Coast,BUSSELTON COAST,No notes,-33.9422,115.0549,-33.90196103,115.2797762,50,442.7,WA,,1600,100,1700,Not nested,,1,19700522,20220228,5.29e-05,5.0,13.01238811,26.46580533,11.81415897,0.052879277,1.004153014,2.790884,3.382413,1.21195,-1.020743,0.0,19.784787,1.235823,jja,233.633075,5.984573,djf,0.983631587,0.604188741,60.61800973,0.0,1.782245526,0.492975631,3.347761111,0.771944307,0.0,2.19566827,1.424419565,0.228503437,0.517556848,0.193707033,1,15.71272727,80.22131148,42.59302326,140.1176471,53.8627451,0.952623588,0.89385566,0.087354393,-14.9645484,0.175895793,0.110929172,7.663812259,0.489184259,0.1284735,-3.93146373,-6.924233692,3.208474935,0.950854389,0.0,630.1948755,-0.955380896,345.9801327,0.190359889,0.674897955,UNCONSOLDTED,0.9671831,IGNEOUS,0.0233339,0.9671831,0.0233339,0.0,0.0,0.0,0.00948262,0.0,0.03281651,16.35,37.3,64.56667,0.899999976,242.9468,128.8589,54,189.9935,109.3618,135.9935,3.59,62.6373,0.536349,3,0.37764,0.462441,0.002395,0.4282,0.0279,0.1957,0.2711,0.0498,0.0217,0.0056,0.0,0.0,0.0,0.51,0.0,0.0006,0.0,0.00583,0.00065,0.0,0.00794,0.17681,0.0,0.0,4e-05,0.0,5e-05,6e-05,0.00013,0.0,0.0,0.56222,0.22743,3e-05,0.00998,0.0082,0.79966,0.0,0.0,97.32074,64.207,1.230047,1.211793,1.449201,1.000231,0.0,0.0,0.0,0.0,62.6373,0.0,0.0,0,0.086957,0.116788,0.0,0.317113,0.153877,0.064424,0.109151,10.17419,1385.179,0.346566,0.036707,1305.765,0.064331,0.406031,0.360105,62.23045,51.55412,89.70061,3.125757,0.084308,0.124263,0.198137,0.236356,0.217415,0.205744,0.24799,0.348083,0.453532,0.473623,0.364223,0.17672
610008,1977-05-07,2014-12-31,37.65366187542779,0.14774958190940157,0.5294770070813071,66.24313021037761,125,1.8617906564852422,Margaret River North at Whicher Range (610008),South West Coast,BUSSELTON COAST,No notes,-33.806667,115.443611,-33.82418967,115.4791615,50,15.7,WA,,1600,100,1700,Level 1,610001,0,19770507,20141231,0.147749582,,,,,,,2.621888,3.396207,1.295329,-1.029566,0.0,21.061225,1.248269,jja,242.640052,6.259972,djf,0.495784574,0.663696641,28.15634394,0.0,1.947333738,0.254826842,4.40375696,0.246247098,0.0,1.09746497,0.443247108,0.470522993,0.582629468,0.529477007,1,141.4102564,121.9464286,159.1282051,157.5666667,49.06666667,0.904662771,0.796126457,0.114483065,,0.197487727,0.129804212,5.795011025,0.514644351,0.067332419,-2.765542988,-1.43574244,4.040462102,1.683997961,0.0,659.9284113,-0.845111418,212.4558269,0.106212858,0.633938492,UNCONSOLDTED,0.9999999,IGNEOUS,0.0,0.9999999,0.0,0.0,0.0,0.0,0.0,0.0,0.0,13.825,20.93333,70.84167,0.899999976,300.0,130.0,148,189.9935,167.6006,41.9935,2.48,11.20187,0.605715,1,0.41666,0.570712,0.004657,0.357,0.0103,0.1245,0.3207,0.1625,0.025,0.0,0.0,0.0,0.0,0.72,0.0,0.0,0.0,0.0,0.0,0.0,0.0,0.0,0.0,0.0,0.0,0.0,0.0,0.0,0.00028,0.0,0.0,0.48644,0.49974,0.0,0.01356,0.0,0.99974,0.0,0.0,96.34103,85.27157,0.0,0.0,3.65899,3.377511,0.0,0.0,0.0,0.0,11.20187,0.3,0.0,0,0.0,0.0,0.0,0.095506,0.047753,0.12,0.083876,0.383134,2.008847,0.097561,0.0,1120.902,0.059723,0.37663,0.377027,71.39754,50.52458,88.65498,2.918707,0.067059,0.112016,0.158552,0.199406,0.194861,0.191714,0.242923,0.345895,0.456408,0.454853,0.337722,0.161763
611004,1980-05-02,2022-02-28,41.828884325804246,0.0002618143736091111,0.0,14.696847545487254,125,2.381145598417125,Preston River at Boyanup Bridge (611004),South West Coast,COLLIE-PRESTON RIVERS,No notes,-33.479,115.734,-33.56776043,115.9744414,50,807.4,WA,,1600,100,1700,Not nested,,1,19800502,20220228,0.000261814,8.0,27.46264294,27.49103681,26.14852452,0.0,0.0,2.501844,3.473512,1.388381,-1.033232,0.0,23.182629,1.283723,jja,253.417862,6.538033,djf,0.452542363,0.466270653,44.30745476,0.01048711,2.320517771,0.277559431,5.773013137,0.414841096,0.00545758,1.32480193,0.699520215,0.225939505,0.571755925,0.0,1,25.00724638,87.33,0.0,138.195122,49.2195122,0.891766902,0.745097759,0.091646882,-5.809340227,0.251964587,0.136295523,3.716519839,0.46885306,0.072938009,-9.816913066,-1.639992357,2.528189888,0.563834194,0.0,595.0184233,-0.954299751,444.2493069,0.120414845,0.605722737,METAMORPH,0.5494753,UNCONSOLDTED,0.3625396,0.3625396,0.05571887,0.03226554,0.0,0.0,0.5494753,0.0,0.6051944,13.26117,27.09218,75.50977,1.032695709,171.3932,127.7979,34,337.3809,179.7041,303.3809,9.45,73.22572,0.627878,4,0.447732,0.505109,0.004351,0.6207,0.1193,0.1725,0.0762,0.0099,0.0014,0.0,0.0,0.0,0.0,0.03,0.0007,0.0008,0.0,0.00496,8e-05,0.0,0.0124,0.29731,0.0,0.0,0.00074,0.0,0.0,2e-05,0.00017,1e-05,0.0,0.47398,0.19948,6e-05,0.00645,0.0029,0.67997,0.0,0.0,41.24268,30.1888,0.0,0.0,58.75727,29.43321,0.0,0.0,0.0,0.0,73.22572,0.0,0.0,0,0.286624,0.061135,1.0,0.71269,0.206453,0.051968,0.129211,5.29599,458.6444,0.571946,0.025857,1024.814,0.055018,0.337051,0.367243,88.1067,66.88019,91.58721,3.615658,0.101643,0.141849,0.208437,0.332368,0.315434,0.270627,0.309379,0.425717,0.523602,0.496073,0.357906,0.137284
611111,1957-07-24,2022-02-28,64.60232717316906,0.0,0.36527377521613835,17.077437803656757,125,1.817298302508444,Thomson Brook River at Woodperry Homestead (611111),South West Coast,COLLIE-PRESTON RIVERS,No notes,-33.6284,115.9476,-33.64490824,116.0039321,50,102.0,WA,,1600,100,1700,Level 1,611004,0,19570724,20220228,0.0,28.0,28.34572272,25.41950025,24.11297479,0.0,0.0,2.495538,3.4256,1.37269,-1.027172,0.0,22.832058,1.283477,jja,253.543708,6.422131,djf,0.446246725,0.43185272,56.69436419,0.0,2.514837373,0.285379112,5.723743666,0.515067534,0.0,1.40384592,0.921784306,0.313739617,0.595058484,0.365273775,1,24.35197368,58.02066116,51.30357143,133.8307692,45.06153846,0.875968612,0.614925274,0.130768298,,0.315230445,0.197734804,5.77726458,0.538441558,0.080439396,-5.187642161,-4.637646963,2.385920108,0.497109552,0.0,609.2064618,-0.94440355,303.1205441,0.121361486,0.662808265,METAMORPH,0.7452974,UNCONSOLDTED,0.2547027,0.2547027,0.0,0.0,0.0,0.0,0.7452974,0.0,0.7452974,20.64706,40.64706,54.52941,1.084813912,115.5735,119.2459,123,319.9524,229.7933,196.9524,10.15,18.78192,0.681158,3,0.62262,0.564315,0.011018,0.6486,0.1381,0.1744,0.0389,0.0,0.0,0.0,0.0,0.0,0.0,1.0,0.0,0.0006,0.0,0.0,0.0,0.0,0.01141,0.21932,0.0,0.0,0.00092,0.0,0.0,0.00013,0.0003,8e-05,0.0,0.64055,0.11882,0.00022,0.00775,0.0,0.76734,0.0,0.0,40.77398,36.19038,0.0,0.0,59.22599,26.56347,0.0,0.0,0.0,0.0,18.78192,0.0,0.0,0,0.184615,0.033898,0.0,0.691075,0.163688,0.0,0.081844,1.210647,1.614198,0.389937,0.0,1053.746,0.047451,0.31652,0.382747,97.71224,70.99617,88.66142,4.223667,0.114325,0.166007,0.244003,0.40523,0.38256,0.319148,0.360767,0.494477,0.606747,0.571002,0.410064,0.154522
612001,1968-05-02,2022-02-28,53.828884325804246,0.0,0.07369920146482885,12.172475310291102,125,1.8537854890782195,Collie R East River at Coolangatta Farm (612001),South West Coast,COLLIE-PRESTON RIVERS,No notes,-33.3303,116.2632,-33.35594297,116.4512284,50,1342.1,WA,,1600,100,1700,Not nested,,3,19680502,20220228,0.0,13.0,11.0786612,19.98237873,9.955009103,0.005086211,0.981676352,1.963508,3.497652,1.781328,-0.959811,0.0,22.670256,1.315597,jja,263.800156,6.876054,djf,0.085835791,0.281445993,26.14526397,0.0,3.318593134,0.076462666,15.73640112,0.064388291,0.0,0.38279262,1.103565998,0.185341539,0.578149636,0.073699201,1,10.78106509,43.22053232,32.2,137.8888889,52.48148148,0.806716806,0.691337451,0.191946386,-7.51611404,0.366526367,0.24170747,4.584979869,0.421150592,0.02727576,-7.796659313,-4.327827344,2.564161697,0.446589701,0.0,498.4329375,-0.93927391,288.1470959,0.041766484,0.653053781,UNCONSOLDTED,0.7381622,IGNEOUS,0.2396861,0.7381622,0.2396861,0.0,0.0,0.00123193,0.02092059,0.0,0.2606066,16.82986,36.87847,64.07292,0.939018648,251.8743,133.9072,201,381.2361,278.1597,180.2361,5.18,73.43472,0.509886,5,0.568914,0.452739,0.002565,0.491,0.0624,0.2352,0.1837,0.0141,0.009,0.0044,0.0002,0.0,0.0,0.88,0.0078,0.0001,0.0,0.0,0.0,0.0,0.04252,0.10075,0.0,0.00051,0.00328,0.0,0.00065,0.00028,0.00263,0.0002,0.0,0.06351,0.69931,0.00155,0.07703,0.0,0.8414,0.0,0.0,90.4443,69.64331,0.0,0.0,9.555672,5.471334,0.0,0.0,0.0,0.0,73.43472,0.0,0.0,0,0.075758,0.002576,0.0,0.438352,0.109357,0.061674,0.085516,0.302699,0.793952,0.0,0.0,788.8675,0.055164,0.292296,0.37372,90.27607,57.61987,94.01611,3.21579,0.126231,0.141495,0.192168,0.29301,0.292822,0.249697,0.279838,0.375781,0.44798,0.402522,0.298689,0.119087
612014,1975-01-02,2022-02-28,47.15947980835045,0.0,0.6746008708272859,11.881663211425465,125,2.4047856733654944,Bingham River at Palmer (612014),South West Coast,COLLIE-PRESTON RIVERS,No notes,-33.2776,116.2756,-33.23187311,116.4139389,50,366.1,WA,,1600,100,1700,Level 1,612001,0,19750102,20220228,0.0,5.0,14.41738704,23.33301032,12.17572669,0.0,0.0,2.096307,3.523861,1.680985,-0.97263,0.0,22.652278,1.316614,jja,261.561896,6.872461,djf,0.034015427,0.201176286,13.75272767,0.0,4.211908421,0.034633846,12.02975275,0.021279395,0.0,0.18195684,1.03426047,0.325399129,0.763018868,0.674600871,1,57.19387755,77.31176471,117.3737374,140.893617,33.93617021,0.8013318,0.814796925,0.257858346,,0.459064096,0.373143686,3.604811242,0.416417016,0.012639073,-4.855099839,-6.224256132,2.908805271,0.343175292,0.0,540.2902751,-0.953382622,186.3880972,0.017972644,0.703239494,UNCONSOLDTED,0.8689393,IGNEOUS,0.1310602,0.8689393,0.1310602,0.0,0.0,0.0,0.0,0.0,0.1310602,14.27404,32.28846,68.94712,0.949261137,252.0099,129.9037,207,381.2361,287.44,174.2361,5.35,41.59766,0.515933,4,0.519971,0.452938,0.004122,0.508,0.0615,0.2511,0.174,0.0032,0.0016,0.0006,0.0,0.0,0.0,0.42,0.0,0.0,0.0,0.0,0.0,0.0,0.00365,0.0006,0.0,0.0,0.0001,0.0,0.00092,0.0001,0.00062,0.00014,0.0,0.06216,0.88241,0.00035,0.04897,0.0,0.99389,0.0,0.0,93.90103,89.39284,0.0,0.0,6.098943,5.188711,0.0,0.0,0.0,0.0,41.59766,0.3,0.0,0,0.104065,0.0,0.0,0.059806,0.030331,0.14659,0.08846,0.324653,0.793952,0.0,0.0,881.8102,0.058474,0.299004,0.376512,91.1956,56.96941,93.37428,3.528155,0.124341,0.152723,0.20436,0.32704,0.326818,0.276502,0.30995,0.415496,0.493552,0.443075,0.331318,0.126668
612025,1982-06-12,2022-02-28,39.71800136892539,6.893223960846487e-05,0.6418723286915758,13.886836622783932,125,1.7607453169043212,Camballan Creek at James Well (612025),South West Coast,COLLIE-PRESTON RIVERS,No notes,-33.4557,116.4258,-33.5119035,116.5033194,50,167.6,WA,,1600,100,1700,Level 1,612001,0,19820612,20220228,6.89e-05,3.0,23.5517088,13.80060556,19.16831567,0.03446612,2.576451923,1.797617,3.461757,1.925748,-0.934907,0.0,22.607333,1.307852,jja,267.584525,6.866897,djf,0.062010569,0.191382086,21.63015286,0.0,3.717984376,0.07382453,9.034362145,0.075338419,0.0,0.39015502,0.729466409,0.358127671,0.730869985,0.641872329,1,43.29166667,54.36923077,77.59166667,136.8461538,40.02564103,0.772272981,0.369552395,0.261599744,,0.526684514,0.462536134,3.684420167,0.453394707,0.034927616,-4.389108346,-2.710971239,3.781567896,0.150888148,0.0,451.4086584,-0.948581892,188.7457148,0.044129637,0.791477518,UNCONSOLDTED,0.7468513,IGNEOUS,0.253149,0.7468513,0.253149,0.0,0.0,0.0,0.0,0.0,0.253149,15.88461,35.23077,65.26923,0.885077535,259.4044,135.4965,224,360.5688,270.8526,136.5688,3.98,30.86807,0.556264,3,0.499396,0.331692,0.004349,0.427,0.0406,0.2113,0.2336,0.0349,0.0283,0.0235,0.0008,0.0,0.0,0.62,0.0,0.0,0.0,0.0,0.0,0.0,0.04974,0.14651,0.0,0.0,0.00387,0.0,0.0,0.0,9e-05,0.0,0.0,0.12535,0.62194,9e-05,0.05237,0.0,0.79975,0.0,0.0,83.73811,49.70316,0.0,0.0,16.26193,8.25352,0.0,0.0,0.0,0.0,30.86807,0.3,0.0,0,0.0,0.0,0.0,0.021752,0.172712,0.128953,0.150832,0.155275,0.155275,0.0,0.0,642.3161,0.052216,0.284412,0.371372,89.76524,56.34599,94.68172,2.860684,0.127077,0.130885,0.17657,0.255125,0.256014,0.220733,0.2455,0.330071,0.393959,0.353973,0.260825,0.113101
612034,1952-06-19,2022-02-28,69.6974674880219,0.040381820324468715,0.21953416021941136,12.982969821286444,125,2.8889802958519715,Collie River at South Branch (612034),South West Coast,COLLIE-PRESTON RIVERS,No notes,-33.387,116.1634,-33.55311483,116.2813069,50,668.0,WA,,1600,100,1700,Not nested,,0,19520619,20220228,0.04038182,5.0,12.24025094,444.7449717,10.66889036,0.043210119,6.319582523,2.120511,3.455187,1.629412,-0.996953,0.0,22.625311,1.291432,jja,259.809041,6.702922,djf,0.17616179,0.360868269,142.5477386,0.0,4.475533407,0.120749234,26.06155788,0.292050784,0.0,0.58374343,0.902752239,0.236071882,0.634737402,0.21953416,1,28.408867,76.38423645,78.86764706,138.8615385,42.96923077,0.910614405,0.884552389,0.128488077,-8.897435223,0.306874876,0.163245904,4.00906872,0.380487805,0.034823005,-8.613445336,-3.599412333,3.978816257,0.43783656,0.0,555.3604904,-0.943525118,358.1605331,0.059699426,0.583305532,UNCONSOLDTED,0.8199369,IGNEOUS,0.1724727,0.8199369,0.1724727,0.0,0.0,0.00751238,7.78e-05,0.0,0.1725505,9.657894,20.94737,80.23685,0.936775541,297.429,139.2719,178,320.931,235.7106,142.931,4.2,61.6597,0.580268,4,0.475212,0.419315,0.00238,0.4528,0.0406,0.2172,0.2395,0.0219,0.0157,0.0093,0.003,0.0,0.0,0.4,0.0293,0.0011,0.0,0.0,0.0,0.0,0.01483,0.13042,0.0,0.0,0.00162,0.0,0.00175,0.00035,0.00563,0.00077,0.00014,0.1359,0.61586,0.00695,0.05541,0.0,0.81412,0.0,0.0,98.15419,68.70377,0.0,0.0,1.845811,1.064928,0.0,0.0,0.0,0.0,61.6597,0.3,0.0,0,0.42,0.225,0.0,0.106201,0.156486,0.657516,0.407001,0.338179,2.843241,0.004584,0.0,842.4388,0.05749,0.312686,0.3776,86.21308,57.16793,91.90889,3.223068,0.12042,0.132524,0.196627,0.294664,0.28482,0.243108,0.276085,0.375459,0.455013,0.417422,0.301304,0.1301
612230,1967-02-18,2022-02-28,55.030800821355236,9.950248756218905e-05,0.3206786744949746,5.241647348558266,125,0.9742228084791574,Collie R East Trib River at James Crossing (612230),South West Coast,COLLIE-PRESTON RIVERS,No notes,-33.3814,116.5811,-33.33481613,116.6063933,50,167.2,WA,,1600,100,1700,Level 1,612001,0,19670218,20220228,9.95e-05,22.0,20.56513034,37.09893851,18.91294002,0.009950249,1.896808479,1.744641,3.499543,2.005881,-0.918988,0.0,22.661267,1.32475,jja,270.263247,7.018207,djf,0.119047958,0.25160811,39.10168422,0.0,3.472913286,0.109617768,21.7985355,0.144927164,0.0,0.50847847,0.779328674,0.26072246,0.599910439,0.320678674,1,8.384,25.43670886,29.83796296,126.7407407,55.92592593,0.532168223,0.100025595,0.308137022,-13.24140909,0.65906628,0.422529845,3.896330494,0.585602094,0.056020175,-4.625116768,-8.458839565,2.283205052,0.357092906,0.0,422.2307697,-0.889242937,308.5959171,0.067066507,0.83529286,IGNEOUS,0.5243701,UNCONSOLDTED,0.3761887,0.3761887,0.5243701,0.0,0.0,0.0,0.099441,0.0,0.623811,19.84375,37.90625,55.4375,0.967349729,226.9451,126.4041,255,379.9875,305.3088,124.9875,5.26,17.93171,0.520238,3,0.823316,0.413287,0.007098,0.4965,0.0712,0.2573,0.1636,0.0099,0.0015,0.0,0.0,0.0,0.0,0.63,0.0,0.0,0.0,0.0,0.0,0.0,0.14705,0.33694,0.0,0.00297,0.00495,0.0,0.0,5e-05,0.00082,0.0,0.0,0.00851,0.36425,0.00048,0.13398,0.0,0.50722,0.0,0.0,95.50412,43.32924,0.0,0.0,4.495856,0.895407,0.0,0.0,0.0,0.0,17.93171,0.0,0.0,0,0.222951,0.0,0.0,0.471946,0.24288,0.013046,0.127963,0.272756,0.304737,0.0,0.0,604.8271,0.049512,0.269357,0.369025,92.16786,58.36647,95.94761,2.923588,0.121789,0.145881,0.175463,0.257928,0.262345,0.226425,0.254481,0.343819,0.408239,0.362606,0.25904,0.107622
613002,1970-03-20,2022-02-28,51.94798083504449,0.00010540739959945188,0.09113430318363905,112.95842003539131,125,2.692837628680175,Harvey River at Dingo Road (613002),South West Coast,MURRAY RIVER (WA),No notes,-33.085833,116.038889,-33.00693297,116.0881589,50,147.2,WA,,1600,100,1700,Not nested,,0,19700320,20220228,0.000105407,5.0,4.17069445,7.635482433,3.791168596,0.0,0.0,2.920595,3.569082,1.222039,-1.048275,0.0,23.614101,1.326098,jja,253.597642,6.547227,djf,0.797002054,0.655075143,42.39645652,0.0,1.420993053,0.501348579,2.918820058,0.507532066,0.0,1.89528261,0.922978638,0.047385621,0.33212102,0.091134303,1,4.54040404,37.73053892,64.03703704,148.3137255,70.0,0.946054164,0.796219505,0.06419094,-4.645745104,0.163991029,0.124949233,2.859087039,0.451495726,0.106163037,-3.926742546,-2.560433693,1.696641494,1.712751867,0.0,678.0439453,-0.88370757,415.7273106,0.184626008,0.575016695,UNCONSOLDTED,0.7887585,IGNEOUS,0.2096441,0.7887585,0.2096441,0.0,0.0,0.0,0.00159746,0.0,0.2112416,17.66177,39.01471,62.48529,0.880386068,299.1236,134.7312,204,473.3006,287.9957,269.3006,7.26,26.99941,0.527933,3,0.511397,0.393414,0.011315,0.5836,0.1067,0.2241,0.0856,0.0,0.0,0.0,0.0,0.0,0.0,0.96,0.0,0.0,0.0,0.0,0.0,0.0,0.00082,0.0,0.0,0.0,0.00018,0.0,0.0005,0.00018,0.00093,0.00034,0.0,0.67114,0.30822,0.00064,0.01712,0.0,0.99712,0.0,0.0,99.91347,99.5351,0.0,0.0,0.08654,0.08654,0.0,0.0,0.0,0.0,26.99941,0.0,0.0,0,0.428169,0.0,0.0,0.098958,0.019608,0.0,0.009804,0.417504,1.12445,0.033326,0.0,1431.009,0.064681,0.343327,0.382395,84.83978,59.01288,89.42988,4.172644,0.123569,0.178237,0.254797,0.409161,0.359766,0.298626,0.338839,0.46143,0.570692,0.571268,0.453457,0.155993
613146,1961-03-11,2022-02-28,60.9719370294319,0.0,0.03587786259541985,76.62881604885206,125,1.5600274556048948,Clarke Brook at Hillview Farm (613146),South West Coast,MURRAY RIVER (WA),No notes,-32.997778,115.921944,-33.01421362,115.9663564,50,16.9,WA,,1600,100,1700,Not nested,,0,19610311,20220228,0.0,5.0,15.0245833,41.67470569,14.08103938,0.03143242,1.013499748,2.970748,3.603922,1.213136,-1.054921,0.0,24.099507,1.305894,jja,257.058407,6.615082,djf,0.78664801,0.493524115,83.36833135,0.0,1.828768395,0.653542976,5.625153222,1.428452221,0.00511243,2.81183432,0.715347564,0.097171082,0.404490346,0.035877863,1,4.963302752,31.60701754,9.511904762,135.6557377,63.67213115,0.844060823,0.631868145,0.107815789,-5.072724843,0.286681715,0.156220618,1.588066156,0.602637934,0.147079679,-5.242990972,-2.845819871,2.141445834,1.117756458,0.0,661.3049643,-0.852417638,318.6502911,0.230868489,0.637071259,UNCONSOLDTED,0.5592268,METAMORPH,0.2672073,0.5592268,0.1735665,0.0,0.0,0.0,0.2672073,0.0,0.4407737,17.94048,44.90476,66.26191,0.956662646,105.3712,87.99684,67,319.9654,225.3223,252.9654,11.08,11.61055,0.656167,2,0.440131,0.644634,0.022938,0.6575,0.1099,0.1811,0.0515,0.0,0.0,0.0,0.0,0.0,0.0,1.0,0.0,0.0,0.0,0.0,0.0,0.0,0.00598,0.10255,0.0,0.0,0.0,0.0,0.00026,0.0,0.00026,0.0,0.0,0.76845,0.12147,0.0,0.00104,0.0,0.89096,0.0,0.0,73.77203,71.63911,0.0,0.0,26.228,11.21744,0.0,0.0,0.0,0.0,11.61055,0.3,0.6,0,0.16129,0.014414,1.0,0.36585,0.125259,0.562097,0.343678,0.865908,8.94361,0.055292,0.0,1295.276,0.069803,0.369235,0.361982,77.35341,57.79452,92.52428,2.907549,0.091675,0.124246,0.163889,0.239773,0.228784,0.206332,0.241058,0.338088,0.422284,0.419834,0.318975,0.115482
614006,1963-05-26,2022-02-28,58.76522929500342,0.03894893775624301,0.0017936784952491758,20.165957472842315,125,3.8558424177688124,Murray River at Baden Powell Wtr Spout (614006),South West Coast,MURRAY RIVER (WA),No notes,-32.7722,116.0843,-32.83392284,116.7288874,50,6750.1,WA,,1600,100,1700,Not nested,,3,19630526,20220228,0.038948938,13.0,10.69726473,187.5891575,8.84256328,0.0,0.0,1.713852,3.615494,2.109571,-0.947709,0.0,22.553399,1.305411,jja,272.492518,7.375669,djf,0.196262481,0.486475179,28.19173595,0.0,2.675523864,0.104350104,7.437572768,0.077947722,0.00055039,0.46825546,0.773418768,0.157746752,0.528795812,0.001793678,4,15.64423077,57.10994764,6.166666667,137.106383,50.63829787,0.950582845,0.812590425,0.085967019,-5.56895522,0.187154921,0.115135433,4.348184194,0.368991746,0.028936861,-7.2244193,-4.10405431,2.689745516,0.440281318,0.0,432.939042,-0.955256942,257.9317338,0.064004218,0.452108651,IGNEOUS,0.5680454,UNCONSOLDTED,0.3741382,0.3741382,0.5680454,0.00036865,0.0,0.0,0.05744545,0.0,0.6258606,18.0,39.0,62.0,0.916821954,140.492,107.1417,129,585.8557,306.3128,456.8557,6.01,240.8921,0.520436,6,0.385863,0.398811,0.00193,0.4947,0.0669,0.2093,0.1658,0.0344,0.0191,0.0062,0.0035,0.0001,0.0,1.0,0.0021,0.0012,0.0005,7e-05,0.0,0.0,0.42398,0.13606,0.0,0.0,0.0093,0.0,0.00063,0.002,0.00349,0.0004,1e-05,0.05895,0.18971,0.00509,0.16625,0.0002,0.42,0.0,0.0,40.71254,28.56254,0.164746,0.083905,58.96793,10.22992,0.15459,0.099209,0.0,0.0,240.8921,0.0,0.0,0,0.195161,0.010345,0.0,0.232893,0.178292,0.061736,0.120014,0.632407,314.2747,0.042365,0.003119,673.2119,0.046474,0.256698,0.349347,88.29381,63.06731,101.011,2.60542,0.06512,0.094699,0.111094,0.18668,0.202613,0.203229,0.266701,0.395562,0.462444,0.33688,0.205278,0.079687
614037,1983-04-10,2022-02-28,38.8911704312115,0.00014079549454417458,0.6376821798211646,13.226024363182043,125,2.3366695513624296,Big Brook River at O'Neil Rd (614037),South West Coast,MURRAY RIVER (WA),No notes,-32.5113,116.1902,-32.56479524,116.2372225,50,150.2,WA,,1600,100,1700,Not nested,,0,19830410,20220228,0.000140795,4.0,16.36618404,9.365191062,14.00306547,0.028159099,1.88959141,2.783918,3.692756,1.32646,-1.05999,0.0,23.389376,1.335729,jja,256.599968,6.742088,djf,0.083413195,0.274808157,25.07160877,0.0,3.492401307,0.065273161,8.23271954,0.051965795,0.0,0.34962243,0.726637482,0.36231782,0.726184609,0.63768218,1,70.49315068,98.22857143,120.76,144.0810811,34.02702703,0.875655488,0.731055525,0.18526711,,0.374620769,0.302053651,4.105019762,0.439914163,0.016417,-4.107248373,,2.613052332,0.454152529,0.0,735.3446298,-0.941552051,213.5287785,0.025596912,0.64136643,UNCONSOLDTED,0.7461427,IGNEOUS,0.2538572,0.7461427,0.2538572,0.0,0.0,0.0,0.0,0.0,0.2538572,13.0,32.0,72.0,0.899999976,300.0,136.0615,218,479.1986,297.3574,261.1986,7.33,21.04876,0.501579,3,0.652895,0.266255,0.011774,0.5736,0.1012,0.2121,0.1106,0.0025,0.0,0.0,0.0,0.0,0.0,1.0,0.0158,0.0,0.0,0.0,0.0,0.0,0.00052,0.0,0.0,0.0,0.00034,0.0,0.00448,0.00183,0.01242,0.00337,0.00034,0.14315,0.73617,0.01248,0.06922,0.0,0.96102,0.0,0.0,99.91222,99.91222,0.0,0.0,0.0,0.0,0.087779,0.087779,0.0,0.0,21.04876,0.3,0.0,0,0.048,0.0,0.0,0.0,0.004261,0.13218,0.06822,0.249452,0.316152,0.0,0.0,1460.193,0.058992,0.317758,0.373134,84.48177,62.78057,93.28375,3.913618,0.110894,0.184761,0.225628,0.376678,0.349693,0.292482,0.330398,0.440074,0.533348,0.523963,0.380671,0.167514
614044,1952-05-30,2022-02-28,69.75222450376455,0.04549201240334419,0.49087095978287687,73.3052843909546,125,1.8564676240741116,Yarragil Brook at Yarragil Formation (614044),South West Coast,MURRAY RIVER (WA),No notes,-32.811111,116.155556,-32.82300227,116.2290838,50,73.3,WA,,1600,100,1700,Level 1,614006,0,19520530,20220228,0.045492012,5.0,5.171967567,9.859447881,4.809456657,0.317933823,11.60460949,2.698668,3.612794,1.338732,-1.046212,0.0,23.209596,1.330242,jja,257.157286,6.674755,djf,0.153116043,0.388273141,33.33766985,0.0,3.127710081,0.097077268,7.921650615,0.092190903,0.0,0.49741883,0.902850179,0.393617896,0.651163747,0.49087096,1,39.2295082,64.63265306,71.47904192,141.5576923,37.67307692,0.912269477,0.755220089,0.113981901,,0.287926698,0.202738468,2.650893144,0.50326391,0.022397854,-5.371346673,-3.294511157,3.030360138,0.655026728,0.0,743.8633083,-0.895472249,375.6454402,0.037429498,0.598401125,UNCONSOLDTED,0.6475182,IGNEOUS,0.3521968,0.6475182,0.3521968,0.0,0.0,0.0,0.00028576,0.0,0.3524825,17.60938,38.45313,62.78125,0.972060299,300.0,141.0903,179,369.1408,287.5202,190.1408,8.14,21.61074,0.420002,3,0.482048,0.651032,0.010823,0.5908,0.0956,0.2166,0.0959,0.0011,0.0,0.0,0.0,0.0,0.0,1.0,0.0,0.0,0.0,0.0,0.0,0.0,0.0,0.0,0.0,0.0,0.0,0.0,0.0,0.0,0.00012,0.0,0.0,0.41588,0.57689,0.0,0.00712,0.0,0.99989,0.0,0.0,100.0,99.88573,0.0,0.0,0.0,0.0,0.0,0.0,0.0,0.0,21.61074,0.3,0.0,0,0.153364,0.0,0.0,0.003416,0.015586,0.151291,0.083438,0.232196,1.12445,0.158095,0.0,1354.392,0.056769,0.314207,0.382057,87.15946,62.77862,91.07411,4.261858,0.117,0.188467,0.239957,0.414568,0.384242,0.318793,0.362096,0.49099,0.597889,0.572635,0.422017,0.156307
614196,1966-06-15,2022-02-28,55.709787816563995,0.011598191468448987,0.000994431185361973,11.869048495082474,125,2.2337640415287865,Williams River at Saddleback Rd Bridge (614196),South West Coast,MURRAY RIVER (WA),No notes,-32.9934,116.4278,-33.04231278,116.7979666,50,1407.4,WA,,1600,100,1700,Level 1,614006,0,19660615,20220228,0.011598191,17.0,10.43739096,10.12346102,8.804195012,0.0,0.0,1.562972,3.579952,2.290477,-0.897907,0.0,22.355641,1.29734,jja,277.697149,7.449482,djf,0.197711242,0.41421975,29.06104094,0.0,2.846190132,0.123245859,9.869038866,0.123047413,0.00024555,0.55642143,0.887694733,0.156622912,0.529037391,0.000994431,1,10.60606061,40.0,10.0,130.12,57.52,0.83571143,0.70856679,0.124505289,-6.336113147,0.301668701,0.175320892,4.837847053,0.421200224,0.050172857,-6.107784881,-6.484579406,2.287335352,0.362103801,0.0,368.17846,-0.943527395,232.4136883,0.083669842,0.599652827,IGNEOUS,0.6839135,UNCONSOLDTED,0.262134,0.262134,0.6839135,0.0,0.0,0.0,0.05395104,0.0,0.7378645,13.0,38.5,73.91666,0.863513007,75.00034,81.5942,191,585.8557,306.8008,394.8557,5.71,98.61415,0.543843,5,0.433143,0.313283,0.004121,0.4916,0.0692,0.2148,0.1867,0.0281,0.0086,0.0009,0.0001,0.0,0.0,1.0,0.0,0.0,0.0,6e-05,0.0,0.0,0.50808,0.2366,0.0,0.0,0.00668,0.0,0.00022,0.00035,0.00086,0.00028,0.0,0.00636,0.08777,0.00091,0.15146,0.0003,0.2465,0.0,0.0,24.47632,11.40755,0.168479,0.028269,75.35509,11.43651,0.0,0.0,0.0,0.0,98.61415,0.0,0.0,0,0.214458,0.002768,1.0,0.25378,0.363085,0.000513,0.181799,0.756396,314.2747,0.001763,0.001763,542.535,0.044624,0.254044,0.354529,87.56962,64.47738,100.2389,2.363697,0.05899,0.077687,0.088467,0.14557,0.171288,0.183557,0.250643,0.3801,0.44876,0.322207,0.17531,0.06635
614224,1966-06-17,2022-02-28,55.70431211498973,0.0,0.027130639929224418,13.715489817094069,125,3.121929385379659,Hotham River at Marradong Rd Bridge (614224),South West Coast,MURRAY RIVER (WA),No notes,-32.8656,116.3981,-32.72672352,116.8523747,50,3961.1,WA,,1600,100,1700,Level 1,614006,0,19660617,20220228,0.0,5.0,13.53428631,17.18370218,11.54041402,0.004914971,0.387849226,1.515486,3.633788,2.39777,-0.923765,0.0,22.535421,1.310507,jja,280.402838,7.755843,djf,0.124262668,0.392696435,19.80382152,0.0,3.154771528,0.069485857,8.56371029,0.048053903,0.00021812,0.3179343,0.89884737,0.216455323,0.596431731,0.02713064,2,18.50420168,57.78571429,30.66666667,132.8214286,46.625,0.896142399,0.699431418,0.104754409,-7.827433634,0.287377588,0.179532439,4.311020925,0.415491668,0.02545929,-8.070465647,-4.843375058,2.943660977,0.318757286,0.0,375.7564137,-0.96151115,257.562741,0.04892275,0.520397771,IGNEOUS,0.6114865,UNCONSOLDTED,0.3599744,0.3599744,0.6114865,0.0,0.0,0.0,0.02854094,0.0,0.6400273,13.0,38.95946,73.99324,0.903390776,118.7963,106.5573,188,551.3499,316.7093,363.3499,4.95,154.9174,0.52895,5,0.459277,0.348798,0.002326,0.452,0.0507,0.2143,0.1892,0.048,0.0294,0.0103,0.0059,0.0002,0.0,0.76,0.0031,0.002,0.0009,4e-05,0.0,0.0,0.52218,0.12199,0.0,0.0,0.01284,0.0,0.00035,0.00312,0.00434,0.00023,1e-05,0.01302,0.10005,0.00692,0.20876,0.0002,0.32875,0.0,0.0,28.95185,16.59506,0.151975,0.109371,70.63238,12.31607,0.263842,0.169322,0.0,0.0,154.9174,0.0,0.0,0,0.0,0.002508,0.0,0.497404,0.277856,0.134305,0.20608,0.6107,218.795,0.004529,0.004529,571.3165,0.044203,0.240749,0.338278,89.00657,62.43643,104.1084,2.308645,0.052425,0.076092,0.085038,0.143964,0.168602,0.183703,0.254153,0.388156,0.446247,0.289702,0.161259,0.064255
616001,1962-05-31,2022-02-28,59.75085557837098,0.03771077712609971,0.22179896195419266,16.922687921527235,125,1.846249280018396,Wooroloo Brook River at Karls Ranch (616001),South West Coast,SWAN COAST-AVON RIVER,No notes,-31.7337,116.1164,-31.78658497,116.2898448,50,519.0,WA,,1600,100,1700,Not nested,,0,19620531,20220228,0.037710777,5.0,7.875216248,10.79219426,7.044417175,0.004582111,0.219904217,2.164274,3.923936,1.81305,-1.06328,0.0,24.216364,1.359233,jja,272.609375,7.532787,djf,0.364608304,0.446035109,44.27095895,0.0,2.19734442,0.228235359,5.292793474,0.251513978,0.0,1.07544296,0.739740421,0.202323699,0.529593829,0.221798962,1,11.00777202,41.81203008,63.80821918,132.7083333,52.125,0.870423246,0.44936652,0.1200918,-8.188180749,0.312874723,0.217218474,4.752293497,0.466534566,0.069343393,-4.826541418,-4.800966635,2.141152133,0.520215053,0.0,537.9687055,-0.937000587,366.9041342,0.111430114,0.622303891,UNCONSOLDTED,0.6474393,IGNEOUS,0.2487615,0.6474393,0.2487615,0.0,0.0,0.0,0.1037984,0.0,0.3525596,18.0,39.0,62.0,1.020228084,235.6891,129.8697,76,443.605,270.0396,367.605,7.44,50.95713,0.439537,4,0.501118,0.53546,0.007332,0.5631,0.1026,0.2227,0.1092,0.0021,0.0003,0.0,0.0,0.0,0.0,1.0,0.0011,0.0,0.0,0.0,0.0,0.0,0.14195,0.17389,0.0,0.0,0.00381,0.0,0.00012,0.00031,0.00125,9e-05,1e-05,0.0394,0.42744,0.00038,0.20776,0.0025,0.67498,0.0,0.0,86.95842,37.04771,0.0,0.0,13.04153,7.310426,0.0,0.0,0.0,0.0,50.95713,0.0,0.0,0,0.114286,0.017021,0.0,0.073138,0.277334,0.059651,0.168492,12.36106,704.0348,0.815173,0.377477,1020.566,0.075319,0.337652,0.319475,70.07558,59.70636,107.2277,2.634675,0.077883,0.090067,0.133071,0.191179,0.234222,0.222484,0.269012,0.369635,0.431596,0.348049,0.196628,0.076997
616002,1968-06-15,2022-02-28,53.70841889117043,0.00581128612937758,0.6447725990873199,14.981248228284066,125,2.7605378657585886,Darkin River at Pine Plantation (616002),South West Coast,SWAN COAST-AVON RIVER,No notes,-32.068333,116.2925,-32.14441524,116.4564801,50,669.3,WA,,1600,100,1700,Not nested,,0,19680615,20220228,0.005811286,5.0,11.62011697,49.09311023,10.80396463,0.0,0.0,2.123901,3.837745,1.806933,-1.060067,0.0,23.560167,1.341351,jja,269.490193,7.450298,djf,0.022254169,0.31657525,14.36979292,0.0,5.229760184,0.013685728,18.94405957,0.005122705,0.0,0.06247961,1.009803833,0.355227401,0.781572066,0.644772599,1,53.29230769,179.3294118,97.48062016,144.3673469,23.93877551,0.876975545,0.367149155,0.161242372,,0.327147239,0.194041051,3.154776835,0.493429698,0.004215321,-6.349245706,,3.600317159,0.399866732,0.0,561.9311586,-0.955003276,149.414772,0.007120999,0.591956387,IGNEOUS,0.6385443,UNCONSOLDTED,0.3429633,0.3429633,0.6385443,0.0,0.0,0.0,0.01849373,0.0,0.657038,18.0,39.0,62.0,0.889862711,276.2972,135.6462,147,545.2484,292.0539,398.2484,5.92,43.30243,0.419524,4,0.660243,0.345751,0.008937,0.4942,0.0665,0.2141,0.1924,0.0254,0.0072,0.0,0.0002,0.0,0.0,1.0,0.0,0.0,0.0,0.0,0.0,0.0,0.00885,0.01,0.0,0.0,0.00034,0.0,0.00079,8e-05,0.00065,6e-05,0.00011,0.00232,0.3857,0.02458,0.56651,0.0,0.97911,0.096813,0.091717,67.5386,65.87812,1.259033,1.090807,30.5067,28.69743,0.598996,0.598996,0.0,0.0,43.30243,0.0,0.0,0,0.266667,0.0,0.0,0.25,0.024297,0.0,0.012149,0.249704,0.307664,0.0,0.0,903.4994,0.06983,0.312725,0.334655,80.07414,55.44799,104.4535,2.600586,0.079956,0.115743,0.139239,0.224104,0.251439,0.224889,0.252148,0.32841,0.380898,0.318656,0.208564,0.079396
616006,1980-06-07,2022-02-28,41.73032169746749,0.0,0.35966408607794254,29.013637066639877,125,2.854898378802433,BroCreekman River at Tanamerah (616006),South West Coast,SWAN COAST-AVON RIVER,No notes,-31.3442,116.0916,-31.21207619,116.1134572,50,964.2,WA,,1600,100,1700,Level 1,616019,0,19800607,20220228,0.0,2.0,4.504642202,3.956758432,3.992952866,0.013121638,0.495722051,1.681618,4.051655,2.409378,-0.994019,0.0,23.065772,1.356237,jja,277.948841,7.916283,djf,0.135995603,0.587108177,11.57358877,0.0,2.150007593,0.056799298,4.428209747,0.014913031,0.0,0.29078693,0.794182566,0.269977693,0.565936229,0.359664086,1,25.88050314,60.32167832,66.04819277,133.4285714,48.38095238,0.964552224,0.652579641,0.092358302,,0.165436435,0.139608914,5.503500806,0.413648494,0.019578594,-4.249704768,-5.664049919,2.566401033,0.400783766,0.0,431.6386406,-0.918922466,187.5376988,0.036414612,0.537657632,UNCONSOLDTED,0.5808046,IGNEOUS,0.2673154,0.5808046,0.2673154,0.0,0.0,0.0,0.1518808,0.0,0.4191967,21.5,38.5,57.5,0.952602757,195.2687,118.9841,143,420.3645,251.6945,277.3645,5.07,52.15244,0.453239,4,0.575547,0.409313,0.005475,0.4511,0.0603,0.1994,0.182,0.0356,0.0263,0.0221,0.0232,0.0,0.0,1.0,0.0,0.00052,0.0002,0.00197,0.0,0.0,0.28855,0.16729,0.0,0.00512,0.02425,0.0,0.00055,0.00424,0.00355,0.00122,0.00033,0.00041,0.06264,0.06183,0.37732,0.0,0.5022,0.0,0.0,1.445127,0.546127,0.0,0.0,98.55489,39.86916,0.0,0.0,0.0,0.0,52.15244,0.3,0.0,0,0.203704,0.031169,0.0,0.794237,0.321346,0.121921,0.221634,0.70507,41.95085,0.024744,0.002148,681.9905,0.074364,0.324583,0.293423,64.51621,61.57378,116.0221,2.25371,0.035643,0.043265,0.064937,0.095011,0.144389,0.199716,0.284315,0.450478,0.489902,0.292824,0.122867,0.038705
616013,1972-03-29,2017-10-06,45.52498288843258,0.009983160933365407,0.012027700157939497,16.240947568241417,125,1.9261815132312006,Helena River  at Ngangaguringuring (616013),South West Coast,SWAN COAST-AVON RIVER,No notes,-31.939722,116.403611,-31.94291915,116.5057446,50,327.9,WA,,1600,100,1700,Level 1,616216,0,19720329,20171006,0.009983161,2.0,5.472816789,13.4476688,5.247430498,0.282655761,13.36874084,1.871538,3.888576,2.077744,-1.025628,0.0,23.71298,1.343861,jja,277.121853,7.63472,djf,0.019559986,0.490271546,7.38102104,0.0,3.460954101,0.013679792,14.87539237,0.002241562,0.00158097,0.0471656,0.338969407,0.070100838,0.246142632,0.0120277,1,8.013888889,17.85022026,22.0,145.7435897,65.97435897,0.807766695,0.737156363,0.073516973,-1.971641924,0.307620792,0.117681841,1.756703788,0.629244417,0.004391146,-6.006075855,-0.871589314,2.237471664,0.781724482,0.0,498.8650381,-0.885705336,176.1214089,0.007835847,0.560391941,IGNEOUS,0.6124697,UNCONSOLDTED,0.3492192,0.3492192,0.6124697,0.0,0.0,0.0,0.03831151,0.0,0.650781,18.0,39.0,62.0,0.974233036,223.4248,125.5137,192,398.507,293.7251,206.507,5.72,30.57261,0.416671,4,0.659197,0.500568,0.006862,0.4907,0.0696,0.2292,0.2011,0.0093,0.0001,0.0,0.0,0.0,0.0,1.0,0.0,0.0,0.0,0.0,0.0,0.0,0.02892,0.01028,0.0,0.0,0.00362,0.0,0.00015,0.0,0.00024,0.00018,0.0,0.0004,0.10086,0.05917,0.79615,0.0,0.95658,0.0,0.0,21.49612,20.37519,3.380656,2.984943,74.87654,69.45227,0.246706,0.00514,0.0,0.0,30.57261,0.0,0.0,0,0.0,0.0,0.0,0.044792,0.043373,0.0,0.021687,0.434633,0.85728,0.0,0.0,719.8726,0.066194,0.296668,0.322916,78.81232,58.82656,108.4966,2.448148,0.062582,0.076985,0.113965,0.159105,0.213256,0.216952,0.26492,0.379785,0.442993,0.307311,0.15513,0.061391
616019,1975-04-10,2022-02-28,46.8911704312115,0.002569043031470777,0.10683135280688404,27.019766010090816,125,2.0266597314171753,BroCreekman River at Yalliawirra (616019),South West Coast,SWAN COAST-AVON RIVER,No notes,-31.6744,116.1178,-31.31167291,116.1226772,50,1525.2,WA,,1600,100,1700,Not nested,,1,19750410,20220228,0.002569043,4.0,16.75422895,629.9070021,14.77647751,0.0,0.0,1.780782,4.035125,2.265929,-1.010436,0.0,23.299486,1.355649,jja,275.26113,7.811735,djf,0.171512439,0.557763764,11.4282679,0.0,2.238170036,0.071037663,4.255242364,0.025279209,0.0,0.35065072,0.889563564,0.274893169,0.59169935,0.106831353,1,26.53107345,54.93478261,32.01754386,137.5217391,40.67391304,0.972175947,0.766226542,0.096571356,-8.591489208,0.148285915,0.10794486,5.824371449,0.490888639,0.023034806,-8.028639764,-4.085026283,2.388849965,0.440904602,0.0,453.0975373,-0.942007868,334.4355474,0.043324249,0.531683913,UNCONSOLDTED,0.5282262,METAMORPH,0.2619243,0.5282262,0.20984,9.79e-06,0.0,0.0,0.2619243,0.0,0.4717653,18.1875,39.1875,61.5625,0.940315664,191.8763,116.8428,61,420.3645,233.1393,359.3645,6.64,107.3299,0.501397,4,0.373152,0.501996,0.003503,0.5041,0.0757,0.195,0.1552,0.0246,0.0169,0.0139,0.0146,0.0,0.0,1.0,0.0001,0.00035,0.0001,0.00168,0.0,0.0,0.22373,0.18186,0.0,0.00544,0.01816,0.0,0.00056,0.00289,0.00268,0.00084,0.0002,0.00238,0.16605,0.03984,0.35308,0.0,0.56135,0.0,0.0,5.995015,2.673981,0.0,0.0,94.00481,45.66845,0.0,0.0,0.0,0.0,107.3299,0.3,0.0,0,0.0,0.0,0.0,0.343438,0.269357,0.507768,0.388562,2.95432,91.13747,0.333944,0.041884,732.1782,0.074526,0.332757,0.294628,65.36089,62.98134,114.5747,2.412877,0.046763,0.055356,0.079715,0.120553,0.173805,0.215707,0.291104,0.444121,0.487651,0.315239,0.142776,0.048206
616041,1981-05-03,2022-02-28,40.82683093771389,0.0,0.1922612660944206,88.37080337625433,125,1.5253540168124258,Wungong Brook River at Vardi Rd (616041),South West Coast,SWAN COAST-AVON RIVER,No notes,-32.2479,116.1124,-32.29428651,116.1586814,50,81.2,WA,,1600,100,1700,Not nested,,0,19810503,20220228,0.0,2.0,11.40299333,13.4059431,9.829427019,0.040236052,1.254315837,3.101921,3.784044,1.219903,-1.09124,0.0,24.315243,1.346441,jja,258.002252,6.861583,djf,0.42764016,0.557038426,28.9403597,0.0,2.031089035,0.266159013,4.910721006,0.292240416,0.0,1.22987486,0.858161602,0.207550966,0.534066524,0.192261266,1,16.63978495,57.71014493,73.51282051,148.7804878,49.73170732,0.877628867,0.722303781,0.083030956,-7.266289878,0.243871695,0.153568403,2.509581619,0.528899721,0.05750931,-5.874482555,-3.691477675,1.855530589,1.296581278,0.0,750.19942,-0.897664338,405.639829,0.096022801,0.598913061,UNCONSOLDTED,0.5481429,IGNEOUS,0.4383463,0.5481429,0.4383463,0.0,0.0,0.0,0.01351084,0.0,0.4518571,16.33333,36.66667,65.33333,0.875756302,300.0,136.7603,211,524.0087,301.5839,313.0087,7.73,18.81651,0.42529,3,0.542645,0.31658,0.017296,0.576,0.1081,0.2194,0.0965,0.0,0.0,0.0,0.0,0.0,0.0,1.0,0.0171,0.0,0.0,0.0,0.0,0.0,0.0,0.0,0.0,0.0,0.0,0.0,0.00016,5e-05,0.00109,0.0,0.0,0.41048,0.54573,0.00109,0.02428,0.0,0.98158,0.0,0.0,98.88274,90.67572,0.0,0.0,0.0,0.0,1.117249,1.117249,0.0,0.0,18.81651,0.3,0.0,0,0.037209,0.0,0.0,0.014925,0.141666,0.151133,0.146399,0.251098,1.683843,0.04986,0.0,1647.16,0.074487,0.362647,0.350064,76.61455,59.43044,96.71541,3.929768,0.104957,0.176421,0.231179,0.377344,0.34872,0.293667,0.332111,0.436764,0.531732,0.537292,0.403353,0.159151
616065,1953-01-02,2014-10-21,61.80150581793292,0.2133965356842245,0.42470150934895246,53.40761853846277,125,3.060797734825289,Canning River at Glen Eagle (616065),South West Coast,SWAN COAST-AVON RIVER,No notes,-32.2275,116.171944,-32.3517356,116.3387265,50,520.9,WA,,1600,100,1700,Not nested,,0,19530102,20141021,0.213396536,,,,,,,2.539964,3.75767,1.479419,-1.074927,0.0,23.452299,1.34001,jja,261.004578,7.054422,djf,0.123646021,0.389809015,27.20193895,0.0,2.820133143,0.09693532,6.270133757,0.074731434,0.0,0.52633519,0.879191421,0.376999324,0.648682136,0.424701509,1,42.91025641,83.46376812,95.4556962,147.1212121,37.75757576,0.945145128,0.881680092,0.144986453,,0.213667994,0.172358372,5.863429399,0.408192598,0.022743866,-5.796382313,-4.86065206,3.217495268,0.770761186,0.0,705.3685654,-0.958991282,358.2309923,0.040160361,0.566326231,IGNEOUS,0.680668,UNCONSOLDTED,0.3193311,0.3193311,0.680668,0.0,0.0,0.0,0.0,0.0,0.680668,17.89583,38.85417,62.20833,0.885738525,299.7576,137.1542,216,570.0909,326.0071,354.0909,7.4,53.92419,0.387705,3,0.485634,0.316084,0.006618,0.5494,0.0928,0.2232,0.1318,0.0027,0.0001,0.0,0.0,0.0,0.0,0.99,0.0,0.0,0.0,0.0,0.0,0.0,0.00042,0.0,0.0,0.0,3e-05,0.0,0.00118,0.00017,0.00128,0.00015,5e-05,0.06122,0.83878,0.00339,0.09332,0.0,0.99671,0.0,0.0,97.68813,96.92799,0.0,0.0,0.00303,0.00303,2.30875,2.30875,0.0,0.0,53.92419,0.3,0.0,0,0.01612,0.0,0.0,0.023263,0.009545,0.149756,0.079651,0.089779,0.311046,0.0,0.0,1213.194,0.060031,0.309497,0.359124,82.76231,63.34901,97.45038,3.353649,0.098109,0.158045,0.184283,0.31518,0.315731,0.271052,0.302721,0.391065,0.460615,0.43181,0.306486,0.12083
616178,1963-05-01,2022-02-28,58.83367556468173,0.010051654334775931,0.36482865604287124,58.00850355534993,125,1.4536225968245742,Jane Brook River at National Park (616178),South West Coast,SWAN COAST-AVON RIVER,No notes,-31.884,116.0948,-31.87926998,116.164209,50,73.0,WA,,1600,100,1700,Not nested,,0,19630501,20220228,0.010051654,3.0,7.432618675,11.36767677,6.901418007,0.060496068,1.874806113,2.636305,3.896993,1.478203,-1.083011,0.0,24.647836,1.346758,jja,267.314855,7.278023,djf,0.545770372,0.424262673,54.72212472,0.0,2.339147589,0.367541669,5.132138249,0.73914291,0.0,1.76751966,0.861499489,0.285996333,0.568467071,0.364828656,1,17.04201681,47.23828125,69.91891892,133.6122449,46.12244898,0.834543783,0.39028142,0.129300541,,0.378464883,0.225966522,4.670114666,0.577196474,0.099175651,-4.476422356,-5.475125418,2.238373224,0.604323561,0.0,630.1480031,-0.922979721,606.0317676,0.148192275,0.669236308,UNCONSOLDTED,0.6961816,IGNEOUS,0.3038184,0.6961816,0.3038184,0.0,0.0,0.0,0.0,0.0,0.3038184,15.8125,35.9375,66.375,0.970291419,300.0,137.4277,152,363.6814,273.1767,211.6814,7.54,16.60754,0.252809,2,0.557913,0.590802,0.013318,0.5806,0.1116,0.2233,0.084,0.0005,0.0,0.0,0.0,0.0,0.0,1.0,0.0,0.0,0.0,0.0,0.0,0.0,0.00271,0.0111,0.0,0.0,0.00049,0.0,0.0,0.0,0.00018,0.0,0.0,0.42682,0.47542,0.00012,0.0159,0.0673,0.91826,0.0,0.0,100.0,53.38177,0.0,0.0,0.0,0.0,0.0,0.0,0.0,0.0,16.60754,0.0,0.0,0,0.072414,0.044444,0.0,0.064062,0.228227,0.009412,0.11882,144.3386,572.9614,0.951825,0.948905,1236.678,0.07553,0.358693,0.32126,69.11434,62.9528,104.4447,2.648504,0.080257,0.100086,0.123662,0.189308,0.218291,0.216478,0.26054,0.353892,0.419641,0.375423,0.227586,0.088311
616216,1966-05-27,2021-11-15,55.474332648870636,0.0,0.5687000296120818,18.65100852409315,125,2.295496171390611,Helena River at Poison Lease (616216),South West Coast,SWAN COAST-AVON RIVER,No notes,-31.9731,116.2903,-31.94922974,116.4305707,50,593.9,WA,,1600,100,1700,Not nested,,1,19660527,20211115,0.0,2.0,7.947732357,21.47830071,6.941692944,0.01472971,1.723322687,2.069162,3.891509,1.880717,-1.050968,0.0,23.964672,1.337682,jja,272.968935,7.499877,djf,0.047578334,0.406942675,14.39316234,0.0,3.996110594,0.022752657,11.1461018,0.008266834,0.0,0.10896747,0.742113941,0.43129997,0.69331754,0.56870003,1,113.4935065,125.4285714,149.6493506,142.2075472,32.58490566,0.883929234,0.737824982,0.118461239,,0.323540248,0.161377875,3.257241098,0.489076465,0.007616748,-5.543426511,-6.3237231,3.520802272,0.367033314,0.0,552.5821902,-0.951710216,175.2740161,0.01187211,0.641566503,IGNEOUS,0.6415652,UNCONSOLDTED,0.3193294,0.3193294,0.6415652,0.0,0.0,0.0,0.03910567,0.0,0.6806708,18.0,39.0,62.0,0.981376964,255.1339,131.6389,132,398.507,276.5389,266.507,6.76,47.44643,0.416325,4,0.586541,0.536966,0.005552,0.5267,0.0901,0.2213,0.1564,0.0055,0.0,0.0,0.0,0.0,0.0,1.0,0.0,0.0,0.0,0.0,0.0,0.0,0.02012,0.01225,0.0,0.0,0.00204,0.0,8e-05,6e-05,0.00032,0.00011,0.0,0.00518,0.32548,0.0331,0.60122,0.0001,0.96498,0.0,0.0,53.68331,50.02477,1.772936,1.56541,44.41438,40.75841,0.129381,0.002695,0.0,0.0,47.44643,0.0,0.0,0,0.178378,0.0,0.0,0.031816,0.047749,0.035916,0.041832,1.609297,115.9829,0.033849,0.033849,861.1987,0.068005,0.313726,0.323195,75.4992,61.19203,107.2376,2.551406,0.068326,0.087325,0.123637,0.180637,0.227372,0.221897,0.266118,0.370954,0.435608,0.326408,0.179211,0.069573
617002,1971-03-13,2022-02-28,50.9678302532512,0.0,0.5746669531585733,5.271122849443275,125,1.0743735039335134,Hill River at Hill R Springs (617002),South West Coast,MOORE-HILL RIVERS,Some uncertainty regarding catchment boundary: the adopted catchment boundary yields a catchment area 19% larger than HRS-2022. Independent information was consulted including satellite imagery and it was judged the initial delineation was appropriate.,-30.2771,115.3666,-30.27702959,115.5686861,50,915.0,WA,,1600,100,1700,Not nested,,0,19710313,20220228,0.0,1.0,29.54766031,-9999.0,28.84082667,0.085947572,22.46230965,1.437605,4.132669,2.87469,-0.981876,0.0,22.823069,1.365788,jja,286.767049,8.373228,djf,0.003250485,0.098896001,8.09357667,0.0,9.787150337,0.005402188,25.99530443,0.002795452,0.0,0.01255901,0.649698696,0.425333047,0.838633434,0.574666953,1,43.74585635,52.74324324,58.78021978,138.36,34.7,0.504072877,0.322528652,0.324792937,,0.866872021,0.38276346,2.151340221,0.639853748,0.003755286,-8.780599559,-3.552311458,5.582194756,0.081471099,0.0,387.1636397,-0.926933224,142.4701898,0.00408396,0.91952075,UNCONSOLDTED,0.8963252,SILICSED,0.1036749,0.8963252,0.0,0.1036749,0.0,0.0,0.0,0.0,0.0,10.05172,21.57759,81.42242,1.0,107.1173,136.0431,103,386.8759,250.2361,283.8759,3.99,52.61232,0.202795,3,0.59679,0.531645,0.005545,0.4339,0.0372,0.224,0.2419,0.0437,0.0182,0.0011,0.0,0.0,0.0,0.79,0.0,0.0,0.0,0.0,0.0,0.0,0.42262,0.1336,0.0,0.00052,0.02232,0.0,0.00164,0.01012,0.0058,0.0026,0.00014,0.0001,0.00468,0.18375,0.21213,0.0,0.40066,0.0,0.0,0.0,0.0,89.37242,25.70672,10.62767,2.253428,0.0,0.0,0.0,0.0,52.61232,0.0,0.0,0,0.172318,0.000726,0.0,0.677498,0.368581,0.0,0.184291,0.156455,0.177037,0.0,0.0,554.6315,0.096213,0.347709,0.254426,59.23153,58.3934,126.6034,1.903567,0.021358,0.042108,0.063017,0.0885,0.140024,0.194678,0.263603,0.384762,0.375714,0.202939,0.098558,0.035056
617003,1972-05-24,2022-02-28,49.76865160848734,0.0011002310485201893,0.014153541138891949,58.51941399881312,125,2.737945863535759,Gingin Brook River at Bookine Bookine (617003),South West Coast,MOORE-HILL RIVERS,No notes,-31.3194,115.627,-31.24626252,115.7984418,50,1404.1,WA,,1600,100,1700,Not nested,,0,19720524,20220228,0.001100231,8.0,19.04935142,6.47330541,16.76982317,0.022004621,0.563675273,1.807289,4.066597,2.250109,-1.039221,0.0,23.065772,1.364894,jja,272.932979,7.793378,djf,0.116579643,0.622837246,6.57881673,0.0,1.841014291,0.057481057,4.17056896,0.011198602,0.00079993,0.25923916,0.579726385,0.11069501,0.430498954,0.014153541,2,11.55172414,75.16346154,23.36363636,134.7755102,54.55102041,0.952527119,0.908094189,0.076374003,-4.786050623,0.144251009,0.087946846,2.301365904,0.347215649,0.016662869,-7.148081495,-1.572621443,2.795742023,0.771474927,0.0,484.5173716,-0.934804897,357.9188435,0.034187872,0.487391228,UNCONSOLDTED,0.9822186,SILICSED,0.01038223,0.9822186,0.0,0.01038223,0.00739926,0.0,0.0,0.0,0.0,11.28684,10.41316,77.47369,1.031246398,245.8761,140.4109,22,263.9822,104.0211,241.9822,3.08,71.37041,0.243545,4,0.564939,0.361932,0.003513,0.3017,0.0343,0.1275,0.137,0.0562,0.0759,0.1568,0.1106,0.0,0.0,0.41,0.0015,0.00092,0.0005,0.00366,0.00036,0.0,0.10215,0.23547,0.0,0.00589,0.0422,0.0,0.00071,0.00816,0.00365,0.0008,0.0001,0.00321,0.08565,0.03691,0.46731,0.0007,0.59308,0.0,0.0,0.911898,0.417382,3.810873,1.136466,94.91872,44.29624,0.0,0.0,0.0,0.0,71.37041,0.0,0.0,0,0.114737,0.008065,0.0,0.589308,0.297445,0.115661,0.206553,1.108131,150.6212,0.085991,0.003001,728.6202,0.094286,0.374526,0.252931,47.47271,61.27662,121.4741,2.086974,0.060166,0.060287,0.081645,0.126415,0.174378,0.194609,0.250512,0.34006,0.370687,0.255555,0.131382,0.047407
802055,1981-08-08,2022-02-28,40.56125941136208,0.0004049949375632805,0.07373894253494497,8.313107233945637,125,3.572412653746281,Fitzroy River at Fitzroy Crossing (802055),Tanami-Timor Sea Coast,FITZROY RIVER (WA),No notes,-18.2963,125.5263,-17.73813042,126.4491185,52,46401.6,WA,,1600,100,1700,Not nested,,0,19810808,20220228,0.000404995,19.0,62.21615724,249.8577015,54.02357063,0.0,0.0,1.687685,5.246939,3.108955,1.301624,0.0,21.223027,1.724617,djf,279.027521,10.887759,jja,0.50974869,0.25385353,137.1481968,0.0,4.053873314,0.36352684,10.65315462,2.171767386,0.0,1.98978111,1.347309282,0.259166723,0.730299142,0.073738943,2,21.08791209,60.75842697,72.8,314.825,59.95,0.920897026,0.975387958,0.07556447,-9.234016387,0.288143589,0.253281663,3.901868221,0.464458805,0.100658852,-9.332362889,-4.499311221,2.139368184,0.856429264,0.0,36.28756923,-0.936149896,218.1976365,0.181443618,0.554766559,SILICSED,0.4144097,UNCONSOLDTED,0.2593266,0.2593266,0.2435616,0.4144097,0.03750669,0.00019082,0.04483518,0.00016097,0.6848351,52.0,62.0,33.0,0.65391771,182.5641,100.4637,100,980.2684,351.3254,880.2684,5.43,437.2707,0.817286,8,0.556462,0.291099,0.002029,0.3859,0.0399,0.1182,0.1788,0.0895,0.0829,0.06,0.0362,0.0086,0.0,0.13,0.0,0.0,0.0,0.0,0.0,0.0,0.0,0.0,0.0,0.0,0.0427,0.0,0.22492,0.19769,0.26481,0.0785,0.00876,9e-05,0.00338,0.12481,0.0543,0.0,0.18258,50.89973,50.89978,0.0,0.0,2.971759,2.971759,46.12765,46.12757,0.0,0.0,0.0,0.0,437.2707,0.0,0.0,0,0.0,0.0,0.0,0.355753,0.095007,0.000238,0.047622,0.033674,1439.748,0.000683,0.000683,4796.051,0.232581,0.068693,5e-05,111.8236,85.02068,374.7626,0.582226,0.084125,0.114354,0.14766,0.064722,0.025289,0.024794,0.009991,0.000328,0.003512,0.016177,0.03044,0.055633
803003,1967-11-11,1999-08-13,31.756331279945243,0.03707216139322356,0.6539529053630585,3.744131278925695,125,1.1324359519768408,Fletcher River at Dromedary (803003),Tanami-Timor Sea Coast,LENNARD RIVER,No notes,-17.129722,124.988333,-17.14542862,125.0448456,51,65.1,WA,,1600,100,1700,Not nested,,0,19671111,19990813,0.037072161,1.0,28.79627294,14.47812271,25.4238041,0.051728597,5.962902277,2.167987,5.674182,2.617258,1.327099,0.0,21.951136,1.487211,djf,295.28862,10.301035,jja,0.563325834,0.122285493,335.8889585,0.0,5.200016795,0.819920668,12.39228708,18.17829555,0.0,3.7320553,1.047965016,0.346047095,0.818426001,0.653952905,1,34.81981982,38.89787234,64.63716814,297.6785714,43.57142857,0.609828847,0.294703263,0.293088879,,0.797612574,0.584765893,3.947749177,0.63377193,0.252812122,-5.110211516,-10.23696293,1.898704101,1.637933273,0.0,53.57605517,-0.959697836,240.4692708,0.355830272,0.710485143,IGNEOUS,1.0,UNCONSOLDTED,0.0,0.0,1.0,0.0,0.0,0.0,0.0,0.0,1.0,7.0,7.0,86.0,0.400000006,100.0,104.0,162,319.4518,222.2296,157.4518,7.83,15.87849,1.037938,3,0.562833,0.380099,0.009877,0.5138,0.0845,0.168,0.1836,0.0446,0.0055,0.0,0.0,0.0,0.0,0.75,0.0,0.0,0.0,0.0,0.0,0.0,0.0,0.0,0.0,0.0,0.01754,0.0,0.01839,0.83089,0.11279,0.00238,0.0,0.0,0.0,0.01792,0.0,0.0,0.01792,100.0,100.0,0.0,0.0,0.0,0.0,0.0,0.0,0.0,0.0,0.0,0.0,15.87849,0.0,0.0,0,0.04,0.0,0.0,0.05,0.063227,0.0,0.031613,0.004448,0.004448,0.0,0.0,7430.826,0.292327,0.070842,0.0,117.2554,106.6349,464.233,0.922058,0.133047,0.197614,0.260407,0.126045,0.04224,0.021401,0.009005,0.000288,0.001473,0.012367,0.034872,0.073682
804001,1967-10-20,2014-12-31,47.200547570157426,0.04390951276102088,0.08548201176970212,9.407724542053245,125,1.4773543664392457,Isdell River at Dales Yard (804001),Tanami-Timor Sea Coast,ISDELL RIVER,No notes,-17.008889,125.4275,-16.82745907,125.6352246,51,1834.8,WA,,1600,100,1700,Not nested,,0,19671020,20141231,0.043909513,,,,,,,2.248609,5.488428,2.44081,1.32853,0.0,23.047794,1.488966,djf,288.753618,9.614786,jja,0.6689793,0.266767232,224.1534227,0.0,4.096027319,0.522256334,12.98587773,4.576074867,0.0,2.83712666,1.435318432,0.269429109,0.69969059,0.085482012,1,21.76960784,60.7,46.96666667,290.5675676,89.97297297,0.720471699,0.55909021,0.098960685,-11.50223464,0.496638935,0.249289263,5.903930292,0.517948718,0.123905717,-9.984127614,-9.78415022,2.330721793,0.499813556,0.0,41.76905536,-0.930590388,266.8390895,0.212256918,0.583753494,SILICSED,0.4535379,UNCONSOLDTED,0.3751715,0.3751715,0.1712918,0.4535379,0.0,0.0,0.0,0.0,0.6248292,36.4,36.4,47.06667,0.707291245,223.1044,105.1001,301,635.3934,415.4979,334.3934,3.63,107.501,0.631478,5,0.45076,0.397327,0.003394,0.3509,0.0308,0.1435,0.1877,0.0773,0.0758,0.0863,0.0477,0.0,0.0,1.0,0.0,0.0,0.0,0.0,0.0,0.0,0.0,0.0,0.0,0.0,0.06952,0.0,0.01755,0.38049,0.08386,0.01443,0.0,0.0,0.00734,0.24242,0.18432,0.0,0.43408,17.70507,17.70507,0.0,0.0,0.0,0.0,82.29491,82.29491,0.0,0.0,0.0,0.0,107.501,0.0,0.0,0,0.0,0.0,0.0,0.35,0.110021,0.0,0.05501,0.002181,0.004448,0.0,0.0,6908.832,0.312916,0.12157,3.1e-05,112.0781,111.8301,335.9815,0.935684,0.126293,0.170891,0.235817,0.132949,0.046457,0.029791,0.01358,0.000357,0.00581,0.024067,0.051894,0.090061
809310,1967-12-13,2022-02-28,54.21492128678987,0.06171093828906171,0.6478471474703983,3.317853966800227,125,1.2625568363060737,Ord River at Bedford Downs (809310),Tanami-Timor Sea Coast,ORD-PENTECOST RIVERS,No notes,-17.425833,127.600556,-17.42183337,127.4419785,52,547.8,WA,,1600,100,1700,Level 1,809316,0,19671213,20220228,0.061710938,4.0,13.97603253,123.3481575,13.2597121,0.005049995,2.974614633,1.730174,5.135242,2.96805,1.27861,0.0,21.55562,1.515803,djf,300.196614,10.511804,jja,0.16291607,0.092733644,353.1028259,0.0,7.778211465,0.324311335,34.23204588,6.363319772,0.0,1.16903395,0.968470622,0.352152853,0.843379978,0.647847147,1,46.07746479,57.18978102,81.88435374,315.787234,42.53191489,0.555697092,0.172479804,0.24633421,,0.807028104,0.499015118,2.904427434,0.618138425,0.103267673,-6.615736327,-3.735155717,2.052065111,1.890717444,0.0,49.48426778,-0.904999904,169.980818,0.165917353,0.622404293,SILICSED,0.6399185,IGNEOUS,0.3237806,0.03630026,0.3237806,0.6399185,0.0,0.0,0.0,0.0,0.9636998,16.22727,23.59091,69.4091,0.695526802,227.0355,102.9529,455,923.9928,535.4473,468.9928,6.32,51.29193,0.82835,5,0.517689,0.209101,0.009578,0.4494,0.0507,0.1563,0.218,0.0871,0.0383,0.0002,0.0,0.0,0.0,0.84,0.0,0.0,0.0,0.0,0.0,0.0,0.0,0.0,0.0,0.0,0.02104,0.0,0.17635,0.28142,0.15898,0.07242,0.00112,0.0,2e-05,0.22705,0.06162,0.0,0.28869,74.90898,74.90898,0.0,0.0,0.0,0.0,25.091,25.091,0.0,0.0,0.0,0.0,51.29193,0.0,0.0,0,0.069565,0.0,0.0,0.198052,0.105372,0.0,0.052686,0.007118,0.007118,0.0,0.0,4550.597,0.257884,0.093158,0.000174,104.3024,86.10575,291.3004,0.747143,0.106076,0.138075,0.178305,0.066856,0.031996,0.042844,0.015778,0.000578,0.004608,0.032991,0.050675,0.072395
809315,1970-07-02,2022-02-28,51.663244353182755,0.015739268680445152,0.2728153771603941,4.357762669910019,125,1.5911014631034381,Negri River at Mistake Ck Homestead (809315),Tanami-Timor Sea Coast,ORD-PENTECOST RIVERS,No notes,-17.1775,129.0925,-17.42343464,129.5410845,52,7464.2,NT,,1430,2330,1400,Not nested,,0,19700702,20220228,0.015739269,29.0,7.258335525,83.51580958,6.429506714,0.132485427,17.078245,1.512287,5.087158,3.363883,1.305857,0.0,21.618543,1.577049,djf,301.014613,10.939889,jja,0.172586372,0.158386006,139.1382721,0.0,6.256332175,0.208685384,19.98730058,1.70460463,0.0,0.78391822,1.218862086,0.286437301,0.751628708,0.272815377,1,15.07082153,37.52688172,37.81343284,307.18,53.08,0.634178442,0.398580329,0.104613266,-12.48309644,0.738260613,0.446406518,3.57599005,0.58247619,0.072466739,-7.938264758,-6.043892835,2.098894709,1.096738767,0.0,34.03484582,-0.87268868,204.1831523,0.115185842,0.629128873,IGNEOUS,0.3575718,UNCONSOLDTED,0.3485398,0.3485398,0.3575718,0.156134,0.1346848,0.00264652,0.00043114,0.0,0.1700528,39.0,39.0,29.0,0.670159416,144.4136,119.0182,150,497.9996,338.8962,347.9996,4.43,178.0634,0.716205,6,0.549496,0.550757,0.001989,0.3754,0.037,0.1231,0.2161,0.0912,0.0799,0.0573,0.02,0.0,0.0,0.48,0.0,0.0,0.0,0.0,0.0,0.0,0.0,0.0,0.0,0.0,0.02908,0.0,0.1115,0.21632,0.24599,0.06244,0.00107,0.0,0.00077,0.29315,0.03969,0.0,0.33361,51.46864,51.46864,0.002945,0.002945,0.0,0.0,48.52903,48.52903,0.0,0.0,0.0,0.0,178.0634,0.0,0.0,0,0.133333,0.0,0.0,0.079343,0.053268,0.0,0.026634,0.003129,0.010109,0.0,0.0,4194.344,0.173774,0.044,6.1e-05,115.6646,95.72437,337.473,0.702818,0.125882,0.144077,0.15283,0.065129,0.016389,0.011906,0.008254,0.000311,0.00851,0.029675,0.05018,0.083191
809316,1970-09-25,2022-02-28,51.43052703627652,0.04450359329252063,0.30129812245807563,4.444897273396843,125,1.739611287779593,Ord River at Old Ord Homestead (809316),Tanami-Timor Sea Coast,ORD-PENTECOST RIVERS,No notes,-17.3738,128.8537,-17.84109537,128.20684,52,19409.4,WA,NT,1600,100,1700,Not nested,,1,19700925,20220228,0.044503593,16.0,48.14397037,89.09718685,44.42508319,0.10114453,13.64787709,1.479627,5.107604,3.451953,1.27734,0.0,20.710654,1.720687,djf,292.457085,11.447924,jja,0.188745258,0.13441328,208.5019668,0.0,5.988631906,0.270696073,22.97616833,2.627962419,0.0,1.19688314,0.922219992,0.271937155,0.767507939,0.301298122,1,15.15838509,41.0,57.53191489,307.2978723,54.68085106,0.694747273,0.443085017,0.122932217,-14.19209325,0.609203474,0.419976894,3.272840652,0.531134021,0.09577086,-7.562722333,-6.945731547,2.016242454,1.084668903,0.0,41.52132031,-0.903724729,200.5863202,0.155086125,0.617533392,IGNEOUS,0.3122691,UNCONSOLDTED,0.2962379,0.2962379,0.3122691,0.136028,0.04028075,0.0,0.215181,0.0,0.4902148,39.0,61.0,45.0,0.605251987,127.0551,106.5334,142,923.9928,363.1774,781.9928,5.54,263.1265,0.883195,7,0.600581,0.282558,0.002971,0.4005,0.0443,0.127,0.2153,0.0679,0.0643,0.0511,0.0292,0.0004,0.0,0.21,0.0,9e-05,0.0,0.0,0.0,0.0,0.0,0.0,0.0,0.0,0.02195,0.0,0.26478,0.16203,0.29218,0.10519,0.01022,0.0,0.0,0.13243,0.01104,0.0,0.14347,92.68863,92.66563,0.0,0.0,0.0,0.0,7.31093,7.306904,0.0,0.0,0.0,0.0,263.1265,0.0,0.0,0,0.0,0.0,0.0,0.175218,0.077311,0.001035,0.039173,0.072676,482.3607,0.000469,0.000469,4035.469,0.237302,0.061435,0.000116,105.5483,74.53332,344.8966,0.543721,0.081656,0.105977,0.130889,0.052725,0.017895,0.026795,0.01408,0.000301,0.003915,0.018036,0.033869,0.052746
809321,1975-07-06,2022-02-28,46.652977412731005,0.013615023474178404,0.3957044264635888,5.314321938087284,125,1.4406701844100962,Dunham River at Dunham Gorge (809321),Tanami-Timor Sea Coast,ORD-PENTECOST RIVERS,No notes,-16.1863,128.3,-16.39167628,128.0449701,52,1635.7,WA,,1600,100,1700,Not nested,,0,19750706,20220228,0.013615023,2.0,23.50046569,21.90626235,18.32738091,0.005868545,1.570312717,1.964257,5.43298,2.765922,1.312491,0.0,21.996081,1.529375,djf,293.58071,9.942161,jja,0.410983849,0.158251861,301.4516374,0.0,5.416987218,0.535267621,18.0196565,8.407319818,0.0,2.41374245,1.463530066,0.337934317,0.760352213,0.395704426,1,26.91943128,54.84978541,85.26923077,302.4772727,58.72727273,0.657752258,0.976987955,0.14304957,,0.645972249,0.382881715,5.189950036,0.510559662,0.135042429,-7.082231662,-2.918279908,2.465748231,0.758691977,0.0,26.47492092,-0.875222581,246.8785036,0.237676737,0.568176889,SILICSED,0.4806476,IGNEOUS,0.4459494,0.07339957,0.4459494,0.4806476,0.0,0.0,0.0,0.0,0.9022955,19.0,35.0,63.0,0.352967138,267.1068,91.38692,89,600.2388,299.0144,511.2388,15.07,105.7528,0.874501,5,0.432384,0.41326,0.004855,0.6224,0.081,0.127,0.1218,0.0464,0.0014,0.0,0.0,0.0,0.0,1.0,0.0,0.0,0.0,0.0,0.0,0.0,0.0,0.0,0.0,0.0,0.00818,0.0,0.10622,0.34594,0.20682,0.04932,0.00032,0.0,0.0023,0.18345,0.09746,0.0,0.28321,41.82565,41.82565,0.0,0.0,0.0,0.0,58.17401,58.17401,0.0,0.0,0.0,0.0,105.7528,0.0,0.0,0,0.0,0.0,0.0,0.05,0.033784,0.0,0.016892,0.003363,0.003363,0.0,0.0,4654.045,0.32331,0.079669,6e-06,97.48263,80.32784,254.7411,0.700264,0.107994,0.13853,0.175652,0.073011,0.02042,0.016311,0.011076,0.000304,0.004535,0.023841,0.047803,0.074653
809322,1975-10-13,2022-02-28,46.38193018480493,0.022312732424296086,0.4632011109098593,6.050381364649155,125,1.2813817840777326,Wilson River at Odonnell Range (809322),Tanami-Timor Sea Coast,ORD-PENTECOST RIVERS,No notes,-16.6475,128.0925,-16.96897655,127.7358705,52,2527.4,WA,,1600,100,1700,Not nested,,0,19751013,20220228,0.022312732,16.0,12.11106354,32.82214263,10.94763796,0.218405053,16.51912579,1.855357,5.247038,2.828048,1.29649,0.0,21.492697,1.566841,djf,291.594141,10.024413,jja,0.39285563,0.161495651,372.0274189,0.0,5.691146826,0.464861713,30.72470104,6.999179584,0.0,2.18739054,1.348680631,0.442069673,0.768037191,0.463201111,1,43.84431138,44.79225352,71.03703704,307.2790698,41.25581395,0.6319164,0.788462448,0.120691049,,0.633428651,0.443429461,7.287807034,0.558537978,0.136461479,-6.780216512,-6.019776995,1.971478647,1.230960343,0.0,35.7653115,-0.945085827,180.9216705,0.218614694,0.624210005,IGNEOUS,0.5620332,SILICSED,0.2497949,0.1881697,0.5620332,0.2497949,0.0,0.0,3.66e-06,0.0,0.811832,12.0,7.0,78.0,0.517389003,188.2905,98.10187,217,886.5607,475.5591,669.5607,7.24,132.7601,0.847571,6,0.427212,0.389459,0.005071,0.4764,0.0594,0.1476,0.2185,0.0506,0.0333,0.0142,0.0,0.0,0.0,1.0,0.0,0.0,0.0,0.0,0.0,0.0,0.0,0.0,0.0,0.0,0.01105,0.0,0.15425,0.22185,0.23549,0.04117,0.00015,0.0,7e-05,0.29021,0.04573,0.0,0.33601,82.15551,82.15551,0.0,0.0,0.0,0.0,17.84452,17.84452,0.0,0.0,0.0,0.0,132.7601,0.0,0.0,0,0.0,0.0,0.0,0.010556,0.072868,0.000103,0.036486,0.003691,0.007118,0.0,0.0,4414.043,0.315844,0.102186,9.2e-05,97.03026,80.59033,373.8207,0.678444,0.093743,0.115565,0.162449,0.06586,0.027308,0.036668,0.013696,0.000491,0.004655,0.031037,0.050455,0.071893
G8110004,1963-01-08,2022-02-28,59.14305270362765,0.06781779464864364,0.31961066693151907,13.312920785415615,125,1.0732574365621863,East Baines River at VIC Highway (G8110004),Tanami-Timor Sea Coast,VICTORIA RIVER-WISO,No notes,-15.766944,130.033611,-16.12799444,130.3367753,52,2443.2,NT,,1430,2330,1400,Not nested,,0,19630108,20220228,0.067817795,8.0,6.827255518,219.1678918,5.222132976,0.0,0.0,1.971784,5.419988,2.748774,1.348369,0.0,22.18485,1.532919,djf,290.128935,9.873356,jja,0.335670366,0.285718892,123.4170884,0.0,4.774106483,0.341777419,13.32428381,2.662385466,0.0,1.41803929,0.752906626,0.161593087,0.65789343,0.319610667,1,13.28163265,67.24873096,107.2666667,297.1463415,73.07317073,0.607273242,0.672822472,0.13460585,-13.95094977,0.561514329,0.236094036,2.82021492,0.533465543,0.076704017,-6.86357326,-3.825624362,2.012674317,0.526395259,0.0,28.5261024,-0.77476905,237.5255693,0.154463156,0.49658455,CARBNATESED,0.5414021,SILICSED,0.3059789,0.152555,6.59e-05,0.3059789,0.5414021,0.0,0.0,0.0,0.8473796,43.89011,55.46703,39.75824,0.267312025,172.7554,88.98658,22,404.9055,193.9957,382.9055,7.24,147.0609,0.70667,5,0.380733,0.456324,0.002638,0.4549,0.0528,0.1227,0.185,0.1122,0.0585,0.0135,0.0004,0.0,0.0,0.07,0.0,0.0,0.0,0.0,0.0,0.0,0.0,0.0,0.0,0.0,0.02198,0.0,0.0177,0.25816,0.0334,0.00484,0.0,5e-05,0.00658,0.20642,0.45086,0.0,0.66391,0.0,0.0,0.127414,0.127414,0.0,0.0,99.87259,99.87259,0.0,0.0,0.0,0.0,147.0609,0.0,0.0,0,0.232857,0.09,0.0,0.5,0.021653,0.0,0.010827,0.010109,0.010109,0.0,0.0,5494.149,0.261632,0.06805,2e-06,115.3356,119.3745,412.5827,0.96074,0.179621,0.19676,0.213006,0.095469,0.028047,0.002665,0.013174,0.00032,0.012718,0.031222,0.069187,0.109895
G8110016,1973-12-21,2014-12-31,41.02943189596167,0.07240090751367943,0.5124811164664412,2.8232207894401573,125,1.295275727327527,Upper VIC River at Wave Hill Police Station (G8110016),Tanami-Timor Sea Coast,VICTORIA RIVER-WISO,No notes,-17.448611,130.839444,-17.81210515,130.4338624,52,4582.9,NT,,1430,2330,1400,Not nested,,0,19731221,20141231,0.072400908,,,,,,,1.351659,5.02155,3.715101,1.275657,0.0,19.946589,1.605644,djf,311.72051,12.271054,jja,0.083636324,0.052755388,188.5107465,0.0,7.907221408,0.291025025,19.16071082,5.295518255,0.0,0.86594078,0.968333271,0.487518884,0.826343429,0.512481116,1,61.60909091,47.46694215,74.98947368,300.84,39.0,0.538559117,0.564867061,0.240547364,,0.931827249,0.491214292,4.616126799,0.552359882,0.095339997,-7.908064349,-5.588911848,1.884027794,1.651956004,0.0,41.00961451,-0.910736042,135.2996943,0.164415192,0.579873401,IGNEOUS,0.4851461,UNCONSOLDTED,0.2954902,0.2954902,0.4851461,0.1732272,0.04613613,0.0,0.0,0.0,0.17018,7.0,7.0,86.0,0.741293699,148.0972,112.0554,160,463.2,315.2898,303.2,3.07,178.1014,0.801107,6,0.435759,0.514509,0.001711,0.3605,0.0232,0.1345,0.2708,0.0965,0.0777,0.0337,0.0031,0.0,0.0,0.0,0.0,0.0,0.0,0.0,0.0,0.0,0.0,0.0,0.0,0.0,0.01259,0.0,0.25926,0.16765,0.34821,0.05612,0.00261,0.0,0.00011,0.13801,0.01543,0.0,0.15355,24.70837,24.70837,0.0,0.0,0.0,0.0,75.29132,75.29132,0.0,0.0,0.0,0.0,178.1014,0.0,0.0,0,0.742857,0.514286,0.0,0.201339,0.080851,0.0,0.040425,0.053271,52.57299,0.003623,0.000699,4122.821,0.147587,0.037093,9.8e-05,114.4617,85.84375,279.4901,0.613621,0.100439,0.112966,0.12251,0.068479,0.019749,0.013318,0.005505,0.000297,0.014123,0.033806,0.044067,0.073364
G8140001,1961-12-18,2022-02-28,60.199863107460644,0.03301800982354011,0.0,10.488679092572747,125,2.944498718772649,Katherine River at Railway Bridge (G8140001),Tanami-Timor Sea Coast,DALY RIVER,No notes,-14.463333,132.256944,-13.92334866,132.8549208,53,8248.4,NT,,1430,2330,1400,Level 2,G8140067,0,19611218,20220228,0.03301801,3.0,19.91628513,25.79716782,17.42223702,0.00909587,1.16743524,2.867468,5.300139,1.848369,1.278311,0.0,23.128695,1.566991,djf,263.647343,9.45519,jja,1.183133897,0.34496942,172.6948125,0.01432946,2.789447737,0.755716203,5.623358323,4.443794071,0.00825411,4.45573192,0.804473517,0.226930674,0.663719311,0.0,2,17.54545455,52.65671642,0.0,297.0,60.65853659,0.936949916,0.727357096,0.05373613,-6.399307437,0.255671509,0.213414314,2.541281701,0.444407567,0.130994642,-10.80980606,-2.508847685,1.92760212,0.612273934,0.0,43.47285184,-0.931277256,403.3415284,0.245161433,0.534319938,SILICSED,0.4556232,UNCONSOLDTED,0.2744654,0.2744654,0.2548888,0.4556232,0.00986149,0.0,0.00517005,0.0,0.6703981,22.0,41.0,63.0,0.614473417,231.3474,103.2106,101,478.1694,280.8458,377.1694,3.95,251.9037,0.656248,6,0.410592,0.499749,0.001566,0.3866,0.0312,0.1369,0.2565,0.0852,0.0594,0.0399,0.0041,0.0002,0.0,0.39,0.0,0.0,0.0,0.00032,0.0,0.0,0.00025,0.00018,0.0,0.0002,0.11508,0.0,0.00069,0.05203,0.00862,0.00153,0.0,0.00277,0.27202,0.04906,0.49726,0.0,0.82111,0.0,0.0,1.723081,1.590548,0.0,0.0,98.27689,97.44765,0.0,0.0,0.0,0.0,251.9037,0.0,0.6,0,0.625743,0.235088,1.0,0.500456,0.022295,0.475297,0.248796,0.338873,1809.866,0.034565,0.001464,8977.554,0.423742,0.179546,0.0,96.98158,112.8443,0.972033,1.410237,0.223002,0.220504,0.281338,0.183452,0.032845,0.004085,0.031122,0.002763,0.026248,0.062944,0.140784,0.192752
G8140008,1957-11-29,2022-02-28,64.25188227241615,0.10030680074995739,0.35578289286729187,6.489839790075129,125,1.817193383127058,Fergusson River at Old Railway Br (G8140008),Tanami-Timor Sea Coast,DALY RIVER,No notes,-14.0712,131.9762,-13.91771106,132.2668057,53,1737.5,NT,,1430,2330,1400,Level 2,G8140067,0,19571129,20220228,0.100306801,7.0,16.11910046,57.10532963,13.53388483,0.025566729,2.746822349,3.082069,5.373517,1.743477,1.288695,0.0,22.54441,1.550062,djf,263.512508,9.140942,jja,0.72729204,0.196990984,269.2509185,0.0,3.753556805,0.859637482,10.91740854,10.41158076,0.0,4.90432881,1.145108354,0.31249408,0.719806763,0.355782893,1,16.45386534,35.01843318,59.61904762,302.7272727,61.57575758,0.728447544,0.908358242,0.119192658,,0.538998028,0.414545541,6.28447585,0.51858679,0.137023216,-6.298654034,-2.31696126,2.284565634,0.838048929,0.0,46.12599188,-0.930954912,337.5228784,0.262762854,0.521471031,SILICSED,0.5214915,UNCONSOLDTED,0.2813036,0.2813036,0.1954225,0.5214915,0.0,0.0,0.00178223,0.0,0.7047045,22.0,7.0,56.0,0.668307701,158.0684,102.4275,116,378.6118,221.2939,262.6118,3.37,110.3901,0.621173,5,0.419675,0.415814,0.002439,0.3473,0.0292,0.1161,0.2468,0.0785,0.0824,0.0759,0.0238,0.0,0.0,0.27,0.0006,0.0,0.0,0.0,0.0,0.0,0.0,0.0,0.0,0.0,0.34347,0.0,0.00086,0.033,0.00405,0.00012,0.0,0.01161,0.22345,0.00284,0.37998,0.0,0.61788,0.0,0.0,10.49911,10.49911,0.0,0.0,89.50088,89.26509,0.0,0.0,0.0,0.0,110.3901,0.0,0.0,0,0.709091,0.454545,0.0,0.270454,0.032427,0.0,0.016213,0.0065,0.036946,0.0,0.0,9685.049,0.439034,0.171509,0.0,94.15791,110.1991,0.0,1.663316,0.272156,0.264243,0.32841,0.211477,0.032616,0.001045,0.030464,0.006737,0.026539,0.07569,0.171412,0.23243
G8140011,1974-04-09,2022-02-28,47.893223819301845,0.07694506373978163,0.7480646559732458,8.831244118552181,125,2.1038944924205674,Dry River at Manbulloo Boundary (G8140011),Tanami-Timor Sea Coast,DALY RIVER,No notes,-15.0841,132.4109,-15.50890658,132.0215815,53,4794.5,NT,,1430,2330,1400,Level 2,G8140067,0,19740409,20220228,0.076945064,1.0,6.189947961,20.94369377,5.089962835,0.091465157,13.04839413,2.065375,5.342387,2.586642,1.335256,0.0,23.101728,1.609267,djf,285.598479,10.219363,jja,0.207996493,0.253169655,112.1214665,0.0,6.104518317,0.123070373,18.10934116,0.564429672,0.0,0.48793014,0.917927858,0.251935344,0.849817304,0.748064656,3,27.8630137,101.6444444,83.30344828,291.1666667,33.63888889,0.852628135,0.83817261,0.203020399,,0.332148443,0.260069752,4.368687317,0.398244214,0.02439359,-8.203130256,-2.681456431,2.896363517,0.586016357,0.0,34.24521095,-0.947189771,294.8448045,0.051131108,0.477079241,UNCONSOLDTED,0.9448875,SILICSED,0.04029282,0.9448875,0.0,0.04029282,0.01481928,0.0,0.0,0.0,0.0,21.0,39.0,52.0,1.046034083,144.0302,135.11,143,277.095,204.6844,134.095,0.94,159.8804,0.219371,4,0.479099,0.479697,0.00087,0.1633,0.0052,0.0499,0.107,0.1093,0.0949,0.1221,0.1427,0.173,0.0326,0.8,0.0,0.0,0.0,0.0,0.0,0.0,0.0002,0.0,0.0,0.0001,0.02812,0.0,0.0001,0.09737,0.00743,0.00022,2e-05,0.0,0.11945,0.02119,0.72578,0.0,0.86642,15.07293,0.0,0.0,0.0,0.0,0.0,84.92706,84.60987,0.0,0.0,0.0,0.0,159.8804,0.0,0.0,0,0.0,0.133333,0.0,0.4,0.040989,0.000894,0.020942,0.005799,0.036946,0.0,0.0,5781.33,0.322991,0.091886,0.0,113.6949,132.0779,465.0227,1.119639,0.202713,0.216328,0.245904,0.110776,0.012577,0.004098,0.001558,0.001047,0.0112,0.048003,0.106593,0.149384
G8140040,1969-12-08,2022-02-28,52.22724161533196,0.026368211365066053,0.0,17.755994910757817,125,4.521740403313966,Daly River at Mount Nancar (G8140040),Tanami-Timor Sea Coast,DALY RIVER,No notes,-13.8308,130.7358,-14.54366516,131.952911,52,47745.4,NT,,1430,2330,1400,Not nested,,3,19691208,20220228,0.026368211,24.0,11.22977258,10.45708704,9.141207122,0.005242189,0.18689553,2.632017,5.410361,2.055595,1.302968,0.0,21.897202,1.755043,djf,252.734698,10.002134,jja,0.918444534,0.495322679,101.5215092,0.10943728,2.521987729,0.457364452,4.584717542,1.330487356,0.02580487,2.78736424,0.50692555,0.137403758,0.59064233,0.0,6,21.26666667,67.71604938,0.0,295.1282051,103.7948718,0.987236575,0.940222312,0.04687916,-2.727739711,0.101395678,0.104592667,2.496640979,0.327653774,0.092774301,-6.758019508,-1.337342505,2.198477509,0.2870271,0.0,28.41964921,-0.845555146,389.1893031,0.155275482,0.597481969,UNCONSOLDTED,0.5393636,SILICSED,0.2566261,0.5393636,0.1246955,0.2566261,0.07620916,0.0,0.00289894,0.00022085,0.2647695,25.0,49.0,63.0,0.955340532,203.0904,126.8832,9,478.1694,180.363,469.1694,2.87,585.0135,0.646589,7,0.403419,0.370908,0.000809,0.2879,0.02,0.0953,0.1869,0.1021,0.0993,0.0845,0.0547,0.0439,0.0254,1.0,0.0002,4e-05,0.0,0.00133,0.0,0.0,0.00165,0.00145,0.0,0.00158,0.13965,0.0,0.00022,0.04658,0.00436,0.00035,0.0,0.00581,0.27308,0.01654,0.50711,0.0001,0.80254,1.668783,0.0,10.47047,9.487709,0.0,0.0,87.86195,83.32343,0.0,0.0,0.0,0.0,585.0135,0.0,0.0,0,0.033333,0.004,0.0,0.160057,0.089146,0.124872,0.107009,0.20908,2697.541,0.014195,0.001693,8102.256,0.394324,0.140929,0.0,101.2724,117.1832,103.1957,1.526708,0.26834,0.270731,0.317542,0.170457,0.032781,0.002695,0.016569,0.002208,0.020454,0.059385,0.140458,0.21424
G8140063,1957-09-07,2022-02-28,64.47912388774812,0.022292047046834528,0.0,10.40235714809178,125,1.4860472728046956,Douglas River at D/S Old Douglas H/S (G8140063),Tanami-Timor Sea Coast,DALY RIVER,No notes,-13.798,131.3396,-13.74791416,131.5641887,52,842.1,NT,,1430,2330,1400,Level 1,G8140040,0,19570907,20220228,0.022292047,7.0,52.55770561,15.04658809,33.65331551,0.008492208,1.3897719,3.229657,5.440508,1.684547,1.270294,0.0,22.328674,1.479452,djf,261.238292,8.421327,jja,0.921905843,0.388286036,325.2135398,0.12651117,4.45512001,0.730480121,19.63460776,10.59096708,0.03129433,3.19642144,0.462709872,0.115174151,0.583774863,0.0,1,11.33333333,61.94470046,0.0,287.7358491,113.1886792,0.641511336,0.862043781,0.053716585,-2.391977817,0.465161932,0.12582072,1.895860142,0.495915803,0.107676993,-8.955076357,-1.507603188,2.673407727,0.273587945,0.0,21.68311264,-0.794572727,490.4059138,0.212510027,0.506691353,UNCONSOLDTED,0.5155383,IGNEOUS,0.2427178,0.5155383,0.2427178,0.2096405,0.02734103,0.0,0.004191,0.0005674,0.4141126,24.57143,47.85714,63.0,1.010533495,173.8997,131.2216,58,288.8735,148.0825,230.8735,2.95,66.62495,0.705308,5,0.489539,0.394881,0.003492,0.2924,0.0252,0.098,0.1892,0.074,0.1025,0.1802,0.0385,0.0,0.0,0.0,0.0,0.0,0.0,0.00906,3e-05,0.0,0.00434,0.00083,0.0,0.00259,0.13145,0.0,0.0,0.00367,0.00011,0.0,0.0,0.01053,0.44837,7e-05,0.38894,0.0,0.84791,0.0,0.0,50.85295,50.38125,0.0,0.0,49.14664,45.16632,0.0,0.0,0.0,0.0,66.62495,0.0,0.0,0,0.137931,0.004762,0.0,0.367039,0.118777,0.039588,0.079183,0.022162,0.219831,0.0,0.0,9391.031,0.436057,0.171393,0.0,93.1184,104.6799,0.0,1.875619,0.301008,0.301262,0.367197,0.233976,0.048158,0.003886,0.02267,0.005608,0.029151,0.100248,0.185243,0.265826
G8140067,1965-01-02,2022-02-28,57.158110882956876,0.04085836087560473,0.0,14.425435704127109,125,3.8905533903975673,Daly River at U/S Dorisvale Crossing (G8140067),Tanami-Timor Sea Coast,DALY RIVER,No notes,-14.3633,131.5737,-14.60411062,132.1555794,53,33280.0,NT,,1430,2330,1400,Level 1,G8140040,3,19650102,20220228,0.040858361,10.0,19.12033134,20.37087665,13.18791466,0.00957992,0.534547121,2.550035,5.394984,2.115651,1.30606,0.0,22.697223,1.725906,djf,260.222535,10.153981,jja,0.783050124,0.399263331,127.6027903,0.00038683,2.812014051,0.448880727,5.563460189,1.59329756,0.01023922,2.70884606,0.655917416,0.19411706,0.662355174,0.0,2,17.12334802,57.66521739,0.0,312.95,71.85,0.967049261,0.91323727,0.052742742,-4.193637846,0.184205915,0.17613405,2.170777041,0.394208966,0.089150981,-9.419308267,-1.682123405,2.105603583,0.45997343,0.0,33.37636955,-0.883551832,391.1270339,0.159492955,0.558965006,UNCONSOLDTED,0.499079,SILICSED,0.2836009,0.499079,0.1453727,0.2836009,0.07028053,0.0,0.00167663,0.0,0.2916712,25.0,49.0,63.0,0.888173634,202.9757,124.1851,65,478.1694,203.7131,413.1694,2.84,381.9455,0.617362,7,0.533814,0.36545,0.001132,0.3037,0.0208,0.1028,0.2057,0.1044,0.0969,0.0821,0.0444,0.0299,0.0093,0.07,0.0003,1e-05,0.0,0.00046,0.0,0.0,0.00082,0.00034,0.0,0.0003,0.13998,0.0,0.00029,0.06074,0.00605,0.00048,0.0,0.00179,0.2185,0.02348,0.54633,0.0001,0.7901,2.264324,0.0,4.048432,3.935021,0.0,0.0,93.68773,90.40788,0.0,0.0,0.0,0.0,381.9455,0.0,0.0,0,0.012121,0.021053,0.0,0.093322,0.066658,0.18957,0.128114,0.278932,2697.541,0.019273,0.002303,7641.048,0.383661,0.13491,0.0,103.3713,120.6113,136.0491,1.380886,0.243465,0.24865,0.291103,0.153569,0.027294,0.003104,0.016313,0.001499,0.018865,0.051132,0.124708,0.191021
G8140161,1973-01-12,2014-12-31,41.96851471594798,0.1035944940961576,0.019139800596754238,13.888295032477265,125,1.6754158790470366,Green Ant Creek at Tipperary (G8140161),Tanami-Timor Sea Coast,DALY RIVER,No notes,-13.737778,131.102778,-13.60371719,131.1753106,52,411.9,NT,,1430,2330,1400,Level 1,G8140040,0,19730112,20141231,0.103594494,,,,,,,3.377391,5.470714,1.619805,1.263204,0.0,21.28595,1.492124,djf,253.229093,7.948928,jja,0.805226475,0.369739962,130.2581937,0.0,3.053990489,0.652870561,7.018674916,3.975479632,0.0046395,3.27598932,0.649378864,0.15319118,0.593843243,0.019139801,1,8.003802281,28.13793103,10.11538462,270.7391304,135.826087,0.776056322,0.45927917,0.059781758,-4.36470019,0.469719008,0.274568644,3.948200897,0.514324324,0.096381242,-9.04529177,-3.049776223,2.084706572,0.314406759,0.0,48.79542388,-0.802772853,521.8267415,0.17155156,0.561820846,UNCONSOLDTED,0.70456,SILICSED,0.2405546,0.70456,0.0,0.2405546,0.05488592,0.0,0.0,0.0,0.123309,24.09483,46.58621,63.0,1.154335911,200.8109,140.1847,47,277.9995,114.5911,230.9995,4.22,49.06735,0.798774,4,0.47312,0.323091,0.00492,0.3079,0.0204,0.0957,0.1586,0.1365,0.1818,0.0991,0.0,0.0,0.0,0.0,0.0,0.0,0.0,0.0,0.0,0.0,0.0282,0.0325,0.0,0.0082,0.12372,0.0,0.0,0.00103,0.0,0.0,0.0,0.03475,0.48436,0.0,0.28724,0.0,0.80635,0.0,0.0,3.808025,3.484042,0.0,0.0,96.19199,48.4201,0.0,0.0,0.0,0.0,49.06735,0.0,0.0,0,0.071429,0.0,0.0,0.568363,0.289249,0.0,0.144625,0.014852,0.032656,0.0,0.0,9758.511,0.444737,0.179662,0.0,90.92303,100.6647,0.0,2.224103,0.364931,0.355517,0.438072,0.284941,0.049998,0.00118,0.015393,0.012046,0.03603,0.11681,0.224445,0.311089
G8150010,1974-12-25,2022-02-28,47.181382614647504,0.013230429988974642,0.06245221993531314,7.791650306815888,125,2.286425159454329,Finniss River at Batchelor Damsite (G8150010),Tanami-Timor Sea Coast,FINNISS RIVER,No notes,-13.025,130.9512,-13.14645877,130.9527459,52,367.6,NT,,1430,2330,1400,Level 1,G8150180,0,19741225,20220228,0.01323043,5.0,14.57953235,60.00973733,11.32903812,0.121859224,4.728025433,3.803176,5.518757,1.451092,1.250717,0.0,20.890434,1.459799,djf,246.586223,7.641226,jja,1.812435336,0.281380802,319.3678754,0.0,3.17718702,1.448386401,6.500399389,21.17651238,0.0,7.70818115,0.94813686,0.27056748,0.68603352,0.06245222,1,17.5610687,44.35741445,36.62068966,300.6315789,78.34210526,0.828357767,0.572018509,0.111613584,-6.373357124,0.470069146,0.251486236,4.337772664,0.493702771,0.185741458,-10.76209207,-2.424731266,2.147108958,0.620898782,0.0,49.71908433,-0.892417727,375.9265383,0.340554595,0.545408755,SILICSED,0.4364963,UNCONSOLDTED,0.1873901,0.1873901,0.0,0.4364963,0.00278559,0.0,0.1163259,0.04012565,0.8126097,16.39759,47.37349,69.42168,0.785864849,67.16456,88.26218,56,219.8621,98.50928,163.8621,3.91,52.97316,0.884865,4,0.410594,0.287478,0.003215,0.3782,0.0336,0.122,0.2663,0.0735,0.0636,0.0628,0.0,0.0,0.0,0.04,0.0,0.0,0.0,0.0,0.0,0.0,0.0,0.0002,0.0,0.0007,0.20961,0.0,0.0,0.00022,0.0,0.0,0.0,0.01066,0.59886,0.0,0.17904,0.0007,0.78856,0.0,0.0,0.081018,0.065823,0.0,0.0,99.91898,88.46989,0.0,0.0,0.0,0.0,52.97316,0.0,0.0,0,0.081481,0.057554,0.0,0.341547,0.113391,0.001111,0.057251,0.646028,45.38698,0.009316,0.009316,11184.76,0.475382,0.19167,0.0,84.58082,89.07442,0.0,2.265924,0.328841,0.32293,0.417908,0.308418,0.075907,0.001175,0.01088,0.021033,0.070676,0.159907,0.238001,0.298493
G8150018,1967-01-18,2022-02-28,55.115674195756334,0.19383041080919974,0.3470330889149054,7.600425297995806,125,1.259466993287562,Elizabeth River at Stuart Highway (G8150018),Tanami-Timor Sea Coast,FINNISS RIVER,No notes,-12.605556,131.073611,-12.66466053,131.1093407,52,95.9,NT,,1430,2330,1400,Not nested,,0,19670118,20220228,0.193830411,8.0,33.23771008,37.19599882,27.366055,0.0,0.0,4.148021,5.587979,1.347143,1.235756,0.0,20.306149,1.488142,djf,239.457947,7.126538,jja,2.648968606,0.340530823,527.1093722,0.0,2.897929846,2.087154876,9.146074021,36.58348622,0.0,10.47160792,0.963192993,0.314437119,0.630353072,0.347033089,1,17.12416107,34.56081081,46.16393443,317.2727273,66.90909091,0.72571096,0.059339604,0.121415221,,0.494921929,0.260445865,6.406834589,0.560366625,0.279271575,-4.735431541,-3.887439724,1.915030734,0.752572836,0.0,60.20977414,-0.918077486,289.5735247,0.463921871,0.601979757,UNCONSOLDTED,0.7899319,METAMORPH,0.2100685,0.7899319,0.0,0.0,0.0,0.0,0.2100685,0.0,0.2100685,32.7,40.95,37.05,1.178382677,176.8748,164.8038,15,90.25752,38.5707,75.25752,1.99,20.8054,0.778538,3,0.534774,0.302806,0.003563,0.2693,0.0105,0.0972,0.203,0.1467,0.1107,0.1626,0.0,0.0,0.0,1.0,0.0055,0.0,0.0,0.00345,0.0,0.0,0.0007,0.00205,0.0,0.0,0.06939,0.0,0.0,0.00016,0.00081,0.00038,0.0,0.153,0.70799,0.00032,0.05627,0.0,0.91758,0.0,0.0,19.29291,15.76376,0.0,0.0,80.70709,55.4732,0.0,0.0,0.0,0.0,20.8054,0.0,0.0,0,1.0,1.0,0.2,0.511381,0.282239,0.003282,0.142761,8.058993,73.42146,0.994572,0.139977,11972.21,0.497921,0.193766,0.0,79.92368,85.43474,0.0,2.219413,0.30843,0.294999,0.38406,0.301181,0.080414,0.000688,0.006563,0.024167,0.056485,0.187826,0.262531,0.302327
G8150098,1961-11-10,2022-02-28,60.303901437371664,0.07827113411422863,0.4079893606541227,4.594271066588101,125,1.0716915396039313,BlaCreekmore River at Tumbling Waters (G8150098),Tanami-Timor Sea Coast,FINNISS RIVER,No notes,-12.7813,130.9413,-12.84789278,130.8884656,52,159.3,NT,,1430,2330,1400,Not nested,,0,19611110,20220228,0.078271134,8.0,113.8688471,20696.80697,7.824166258,0.081721602,6.768009835,4.077226,5.605102,1.374734,1.250077,0.0,19.829732,1.536212,djf,235.817402,7.369101,jja,1.877256554,0.217677337,803.9528136,0.0,4.014859987,2.066938979,13.62454914,68.86461436,0.0,10.68311864,1.109416081,0.389419762,0.718845434,0.407989361,1,32.00809717,43.5641791,69.025,295.4130435,62.69565217,0.629305375,0.976830926,0.114649234,,0.620861089,0.370624646,4.481219481,0.478058146,0.235175182,-5.620333293,-6.365251319,1.954561063,1.216626598,0.0,76.0300778,-0.861855776,530.0518456,0.466419189,0.504214208,SILICSED,0.6921937,UNCONSOLDTED,0.2664164,0.2664164,0.0,0.6921937,0.0,0.0,0.01911065,0.02227883,0.7335832,13.5625,40.9375,70.0625,0.872776467,75.83579,115.7249,20,100.3809,40.74689,80.3809,2.77,24.495,1.006294,4,0.593681,0.343295,0.003707,0.3047,0.0149,0.1052,0.2511,0.0531,0.0683,0.0903,0.1124,0.0,0.0,0.28,0.0,0.0,0.0,0.0,0.0,0.0,0.0,0.0,0.0,0.0029,0.32681,0.0,0.0,0.0,0.0,0.0,0.0,0.00058,0.53192,0.0,0.13776,0.0,0.67026,0.0,0.0,0.0,0.0,0.0,0.0,100.0,90.74532,0.0,0.0,0.0,0.0,24.495,0.0,0.0,0,0.0,0.0,0.0,0.086111,0.069943,0.0,0.034971,0.892118,2.827543,0.289181,0.0,11248.53,0.496045,0.181235,0.0,82.19012,87.47713,0.0,2.152729,0.299829,0.289662,0.367186,0.291582,0.102037,0.00103,0.009825,0.021058,0.070432,0.171176,0.233997,0.285261
G8150180,1969-04-04,2022-02-28,52.90622861054072,0.0315152142413579,0.0,7.724325434259392,125,2.682657102302884,Finniss River at Gitchams (G8150180),Tanami-Timor Sea Coast,FINNISS RIVER,No notes,-12.9696,130.7621,-13.07494014,130.8948958,52,1044.2,NT,,1430,2330,1400,Not nested,,1,19690404,20220228,0.031515214,18.0,14.61773671,26.07306984,9.056893966,0.108673153,5.375150883,3.900817,5.540117,1.420246,1.253595,0.0,20.108391,1.489348,djf,240.734385,7.632089,jja,1.919852766,0.332703106,388.3899721,0.01679725,3.211296849,1.381420202,7.769844357,19.67942985,0.01092239,6.91186826,0.793655654,0.232701042,0.680577077,0.0,1,16.25,52.6322314,0.0,306.4888889,82.66666667,0.86167817,0.74440025,0.070447792,-5.610891636,0.398134198,0.23747652,3.520196599,0.462838452,0.173392039,-9.826109806,-2.315375898,2.325211524,0.601500672,0.0,53.87769849,-0.873549769,395.4974268,0.322815405,0.537124426,SILICSED,0.5873915,UNCONSOLDTED,0.1965188,0.1965188,0.01156697,0.5873915,0.00267551,0.0,0.061672,0.0240078,0.8034796,18.33333,43.33333,58.47619,0.675407499,100.4507,89.68256,20,236.5002,86.7086,216.5002,4.13,89.14466,0.881609,5,0.409121,0.316015,0.002457,0.3741,0.0343,0.1222,0.2512,0.0659,0.0608,0.0741,0.0174,0.0,0.0,0.1,0.0,2e-05,0.0,0.00021,0.0,0.0,0.0,0.00019,0.0,0.00678,0.22074,0.0,2e-05,0.00054,0.00027,2e-05,0.0,0.01373,0.60809,5e-05,0.14878,0.0006,0.77065,0.0,0.0,4.244221,4.23341,0.0,0.0,95.75578,90.23857,0.0,0.0,0.0,0.0,89.14466,0.0,0.0,0,0.3,0.166667,0.0,0.095182,0.066936,0.00038,0.033658,0.401993,45.38698,0.005692,0.005692,11606.53,0.478929,0.191593,0.0,84.29192,89.21345,0.0,2.260617,0.326372,0.316206,0.403701,0.305907,0.08609,0.001304,0.01126,0.02146,0.072786,0.165006,0.240447,0.298875
G8170002,1964-10-29,2022-02-28,57.33607118412046,0.028125298443319645,0.019063528718125094,4.388242031607639,125,1.6233230709715776,Adelaide River at Railway Bridge (G8170002),Tanami-Timor Sea Coast,ADELAIDE RIVER,No notes,-13.240556,131.108333,-13.37497593,131.0259385,52,643.5,NT,,1430,2330,1400,Not nested,,0,19641029,20220228,0.028125298,11.0,62.14931608,350.4378717,41.52873894,0.0,0.0,3.658636,5.475115,1.496491,1.256651,0.0,21.034258,1.512605,djf,247.368266,7.871568,jja,1.006565453,0.226627451,417.6256448,0.0,4.024034228,1.155944773,11.66795402,21.63702283,0.00308811,5.27140699,0.80129538,0.219377979,0.681029824,0.019063529,1,8.456439394,26.65576923,25.86666667,313.4166667,67.27777778,0.696208581,0.292794289,0.102862058,-5.729298636,0.613528238,0.331687667,4.074462753,0.515607786,0.154505405,-7.971796323,-3.407175727,2.28521999,0.70245363,0.0,57.91646724,-0.83215201,463.4385795,0.285037285,0.542053315,SILICSED,0.7438578,UNCONSOLDTED,0.2172715,0.2172715,0.00275668,0.7438578,0.03511103,0.0,0.0,0.00100521,0.6758321,17.5,38.5,60.5,0.692066899,157.1672,101.7417,51,258.7086,125.1452,207.7086,6.23,44.92011,0.968298,5,0.635883,0.364874,0.004682,0.4482,0.0564,0.1457,0.226,0.0745,0.0392,0.01,0.0,0.0,0.0,0.3,0.0,0.0,0.0,0.0,0.0,0.0,0.001,0.004,0.0,0.0016,0.37669,0.0,0.0,0.00018,1e-05,0.0,0.0,0.00468,0.44623,2e-05,0.16557,0.0,0.6165,0.118852,0.0,36.78952,32.39735,0.0,0.0,63.09182,62.60937,0.0,0.0,0.0,0.0,44.92011,0.0,0.0,0,0.38,0.2,0.0,0.381329,0.086289,0.0,0.043145,0.141501,168.3284,0.003226,0.003226,9808.116,0.457479,0.196603,0.0,88.07609,95.08637,0.0,2.138699,0.346659,0.334413,0.411157,0.295979,0.059081,0.002317,0.012895,0.013687,0.044551,0.115461,0.203964,0.285494
G8190001,1976-07-17,2011-01-20,34.51334702258727,0.03942567031572267,0.05500041291601288,4.494250873677964,125,1.5253284692526121,West Alligator River at Upstream Arnhem Highway (G8190001),Tanami-Timor Sea Coast,WILDMAN RIVER,No notes,-12.791667,132.174444,-12.90094578,132.1461505,53,254.5,NT,,1430,2330,1400,Not nested,,0,19760717,20110120,0.03942567,3.0,40.55025011,20.38600838,32.22575978,0.00793273,1.291744851,3.656285,5.513956,1.508076,1.22329,0.0,21.28595,1.447433,djf,246.685102,7.700056,jja,1.806989725,0.274864833,596.553468,0.0,4.1454426,1.296305804,14.26622168,28.87731053,0.0,6.27172338,0.875590816,0.177884218,0.735733752,0.055000413,1,14.36,73.62809917,10.24615385,286.9310345,86.27586207,0.697993291,0.960735649,0.121983013,-5.185134887,0.490213025,0.272551895,4.221108982,0.4425,0.1881245,-6.089886857,-3.707110674,2.98307661,0.457594342,0.0,33.73932065,-0.689987758,284.2810701,0.333948167,0.563334428,UNCONSOLDTED,0.7975708,METAMORPH,0.1881781,0.7975708,0.00353134,0.0,0.0,0.0,0.1881781,0.01071917,0.2024286,19.06667,35.55952,56.69524,0.570372223,200.6779,118.2301,25,113.7068,46.19965,88.7068,1.49,36.72488,0.506081,4,0.499149,0.354519,0.002848,0.2023,0.0072,0.0658,0.1337,0.1102,0.1165,0.1721,0.1922,0.0,0.0,0.16,0.0,0.0,0.0,0.0,0.0,0.0,0.0,0.0,0.0,0.0,0.09823,0.0,0.0,0.00112,7e-05,0.0,0.0,0.00372,0.52102,2e-05,0.37582,0.0,0.90058,0.0,0.0,30.08034,29.9233,0.0,0.0,69.91962,69.78403,0.0,0.0,0.0,0.0,36.72488,0.0,0.0,0,0.061224,0.0,0.0,0.011266,0.009946,0.0,0.004973,0.014611,0.014611,0.0,0.0,10172.87,0.465412,0.159103,0.0,86.79395,96.98106,0.0,2.030823,0.326046,0.307395,0.386966,0.295792,0.04549,0.001315,0.023219,0.007615,0.028118,0.1113,0.203931,0.282007
G8200045,1958-08-19,2010-06-08,51.80561259411362,0.05554381143642321,0.022326674500587545,7.015615549706074,125,1.5161070449793814,South Alligator River at El Sherana  (G8200045),Tanami-Timor Sea Coast,SOUTH ALLIGATOR RIVER,No notes,-13.524444,132.519722,-13.54856583,132.6651098,53,1219.5,NT,,1430,2330,1400,Not nested,,0,19580819,20100608,0.055543811,23.0,21.68797683,34.71655041,16.08100825,0.079272804,4.031635061,3.301482,5.332726,1.615252,1.262659,0.0,23.020827,1.490687,djf,265.373231,8.665101,jja,1.604862492,0.300966388,275.5992797,0.0,3.289961002,1.181955691,7.805582747,15.12111765,0.00141697,6.17786568,0.868690212,0.233954451,0.683117901,0.022326675,1,12.94427245,43.7562724,26.6,309.4285714,72.08571429,0.739620642,0.544411823,0.085192861,-5.385862748,0.517633019,0.29097816,3.02453664,0.481369353,0.215185437,-7.927751501,-2.200330175,2.154153177,0.795925094,0.0,46.45635792,-0.81314023,473.5509995,0.337498134,0.637590005,SILICSED,0.5379178,IGNEOUS,0.2417229,0.1246622,0.2417229,0.5379178,0.0,0.0149758,0.06005833,0.02066329,0.8512903,13.5625,13.5625,78.125,0.493750339,207.0045,89.29621,68,399.953,246.0969,331.953,8.46,64.38787,0.713351,5,0.616935,0.556181,0.005384,0.5126,0.0637,0.156,0.2131,0.0384,0.0148,0.0003,0.0011,0.0,0.0,1.0,0.0,0.0,0.0,0.0,0.0,0.0,0.0,0.0,0.0,0.0001,0.17095,0.0,5e-05,0.00975,0.00054,0.00018,1e-05,0.04118,0.38645,0.01797,0.37287,0.0,0.81847,0.0,0.0,12.61189,12.61189,0.0,0.0,87.38811,87.38811,0.0,0.0,0.0,0.0,64.38787,0.0,0.0,0,0.043478,0.014035,1.0,0.05,0.024473,0.0,0.012236,0.005777,0.014611,0.0,0.0,10330.45,0.44822,0.186828,0.0,92.43407,105.8507,0.0,1.696249,0.258533,0.245452,0.307646,0.232043,0.03816,0.003938,0.032275,0.007256,0.037626,0.101182,0.18895,0.234001
G8210010,1971-11-04,2014-03-21,42.379192334017795,0.25789779701531107,0.0,5.976374675821795,125,1.6721660991779974,East Alligator River at 12 Deg 43 Minutes South (G8210010),Tanami-Timor Sea Coast,EAST ALLIGATOR RIVER,No notes,-12.717222,133.3325,-13.01679693,133.3779771,53,2384.7,NT,,1430,2330,1400,Not nested,,0,19711104,20140321,0.257897797,,,,,,,3.19997,5.256046,1.64253,1.270225,0.0,23.110717,1.448451,djf,260.671985,8.491654,jja,1.651177309,0.264489097,427.2706839,0.01409384,3.198404185,1.544126254,12.36011426,24.39115153,0.0066665,8.42248501,0.95033751,0.289022373,0.664403238,0.0,1,19.76190476,57.38345865,0.0,322.8888889,49.55555556,0.735561967,0.417230352,0.044857888,-8.153584325,0.48245189,0.287697837,3.769441861,0.495575221,0.28840635,-6.765934237,-2.235152055,1.114398953,1.150651679,0.0,77.50002658,-0.93370179,338.9166375,0.417175102,0.691331647,SILICSED,0.9001402,UNCONSOLDTED,0.07073997,0.07073997,0.02911903,0.9001402,0.0,0.0,0.0,0.0,0.92926,29.75,29.75,58.7,0.423676935,300.0,88.24254,32,459.9822,283.7574,427.9822,5.75,97.15325,0.801002,5,0.569988,0.598298,0.004515,0.4908,0.0568,0.1796,0.2216,0.0407,0.0095,0.001,0.0,0.0,0.0,1.0,0.0,0.0,0.0,0.0,0.0,0.0,0.0,0.0,0.0,0.0,0.00038,0.0,0.00288,0.00444,0.00632,0.00692,1e-05,0.01114,0.32422,0.15524,0.48847,0.0,0.97907,0.0,0.0,4.229282,4.229282,0.0,0.0,95.77065,95.77065,0.0,0.0,0.0,0.0,97.15325,0.0,0.0,0,0.0,0.0,0.0,0.0,0.0,0.0,0.0,0.009001,0.010498,0.0,0.0,9711.61,0.447519,0.209329,0.0,93.54885,104.7356,0.0,1.169739,0.15884,0.155753,0.203329,0.194152,0.05335,0.004823,0.024937,0.001833,0.027945,0.061454,0.126521,0.150767
302200,1964-05-30,2022-02-28,57.752224503764545,0.05783635156916659,0.027473080406561337,4.528947867024428,125,1.4732437342284999,Swan river at The Grange (302200),Tasmania,EAST COAST,No notes,-42.0467,148.075,-41.93139687,148.0087466,55,457.2,TAS,,1400,2300,2300,Not nested,,0,19640530,20220228,0.057836352,10.0,19.70547945,12.26963722,14.76818762,0.0,0.0,1.995762,2.582636,1.29406,-0.042418,1.8e-05,17.348768,1.334716,mam,259.134866,4.840161,djf,0.14986514,0.153622462,250.1204142,0.0,5.234137155,0.652325956,14.36800932,11.65787828,0.00094592,1.95181179,0.699715925,0.116433531,0.615376874,0.02747308,1,6.288043478,36.39880952,9.578947368,156.4594595,103.4054054,0.564664077,0.562193651,0.178991163,-4.725273509,0.702722598,0.219747161,1.701721023,0.495927075,0.218248869,-9.588372557,-9.351821423,3.004236371,0.592302592,0.000478698,215.0634047,-0.927923604,149.4562687,0.333871394,0.65369143,IGNEOUS,0.9389761,UNCONSOLDTED,0.03920624,0.03920624,0.9389761,0.0218174,0.0,0.0,0.0,0.0,0.0,19.64286,50.28571,62.14286,0.841049336,43.2729,79.85628,6,977.4938,329.3895,971.4938,15.04,42.26169,0.714821,4,0.570532,0.333007,0.022992,0.7417,0.098,0.1031,0.035,0.011,0.0112,0.0,0.0,0.0,0.0,0.95,0.0,0.0,0.0,0.00417,0.0002,0.0,0.00012,0.07017,0.0,0.00022,0.00181,0.0,0.0,0.00021,0.00016,0.0,0.0,0.35568,0.52136,0.00026,0.04555,0.0,0.92285,5.167485,5.142333,89.02802,84.58014,1.587722,1.587722,4.005965,1.731234,0.028331,0.028331,0.0,0.0,42.26169,0.0,0.0,0,0.274286,0.002041,0.0,0.414031,0.171409,0.0,0.085704,0.166671,0.28995,0.0,0.0,1259.35,0.018611,0.23492,0.469172,136.574,75.85919,50.37109,5.12628,0.583482,0.392692,0.470201,0.383191,0.251188,0.169417,0.220637,0.341228,0.462091,0.55799,0.599158,0.697453
302208,1970-03-20,2022-02-28,51.94798083504449,0.0,0.03199114577843365,2.975804550640124,125,1.234030054833353,Meredith Reiver at Swansea (302208),Tasmania,EAST COAST,No notes,-42.1217,148.04,-42.16024683,147.9587567,55,86.1,TAS,,1400,2300,2300,Not nested,,0,19700320,20220228,0.0,4.0,16.35292267,13.82417914,14.44722925,0.0,0.0,1.899072,2.563346,1.349788,-0.015194,1.2e-05,17.402702,1.317007,djf,262.020334,4.874415,mam,0.078534864,0.09237792,209.5268598,0.0,6.147672101,0.552878162,14.2757233,11.55261402,0.00035966,1.52168178,0.686717521,0.138979656,0.726678613,0.031991146,1,8.533980583,43.22257053,31.94736842,176.0192308,89.23076923,0.504955003,0.376344348,0.183333734,-4.709983591,0.843746136,0.268053673,1.468172893,0.478924419,0.21421885,-11.79881446,-9.930874414,3.354306541,0.726774515,0.000458686,210.2968274,-0.890753264,295.5991751,0.302269183,0.708702251,IGNEOUS,1.0,UNCONSOLDTED,0.0,0.0,1.0,0.0,0.0,0.0,0.0,0.0,0.0,21.53846,54.07692,59.61538,0.699999988,30.0,53.0,20,698.2227,287.7095,678.2227,21.1,20.54213,0.773565,3,0.511463,0.39952,0.03328,0.8507,0.086,0.0574,0.0059,0.0,0.0,0.0,0.0,0.0,0.0,1.0,0.0,0.0,0.0,0.0,0.0,0.0,0.00028,0.0,0.0,0.0,0.00092,0.0,0.0,0.00147,0.00077,0.0,0.0,0.28563,0.61538,0.00055,0.09506,0.0,0.99662,3.626969,3.626969,94.49762,93.4405,0.437857,0.437857,1.388018,1.338469,0.0,0.0,0.0,0.0,20.54213,0.0,0.0,0,0.0,0.0,0.0,0.183182,0.106391,0.0,0.053196,0.692297,0.698836,0.0,0.0,1085.415,0.01453,0.203222,0.441007,126.5307,68.71279,50.4355,4.467905,0.497668,0.352196,0.410054,0.338972,0.228531,0.159648,0.205278,0.306088,0.395076,0.481593,0.512658,0.581216
302214,1979-05-24,2014-12-31,35.60848733744011,0.148393049361833,0.0011737089201877935,2.2732618819796593,125,1.7412821228642272,Ansons River at Downstream of Big Boggy Creek (302214),Tasmania,EAST COAST,No notes,-41.046667,148.216667,-41.11930474,148.1590722,55,229.1,TAS,,1400,2300,2300,Not nested,,0,19790524,20141231,0.148393049,,,,,,,2.725874,2.758977,1.012144,-0.243196,0.0,17.969009,1.23624,jja,236.167973,4.188935,djf,0.257274436,0.224224986,221.5492623,0.0,4.367925386,0.648535205,17.57633113,8.024491736,0.01686469,2.17265823,0.527545776,0.085409895,0.464879018,0.001173709,1,3.477941176,19.80384615,6.5,169.2962963,105.1851852,0.556132943,0.562381809,0.160330905,-3.755048859,0.631488434,0.330453027,1.728242904,0.393294461,0.158465968,-6.223913238,-6.164329166,2.628119479,0.695776386,0.0,405.160581,-0.918782512,241.1099399,0.250042021,0.633757345,IGNEOUS,0.9418713,OTHERSED,0.05663822,0.0,0.9418713,0.0014907,0.0,0.05663822,0.0,0.0,0.0,16.0,50.0,72.0,1.250124079,185.8206,137.2536,16,461.6551,108.0319,445.6551,7.45,28.85675,0.798442,4,0.592632,0.207452,0.015462,0.5732,0.0993,0.1915,0.1277,0.0064,0.0019,0.0,0.0,0.0,0.0,0.8,0.0,0.0,0.0,0.0,0.0,0.0,3e-05,0.02638,0.0,0.0,0.00031,0.0,0.0,3e-05,0.00025,0.0,0.0,0.75438,0.21569,0.0,0.00294,0.0,0.97301,2.412912,1.861673,84.40902,74.68124,10.63026,10.63026,2.528819,0.659674,0.0,0.0,0.0,0.0,28.85675,0.0,0.0,0,0.2,0.0,0.0,0.05,0.196863,0.0,0.098432,0.354729,0.761361,0.0,0.0,1961.018,0.044208,0.373088,0.478146,111.0951,60.93373,52.73492,5.999783,0.692624,0.430621,0.535855,0.440128,0.300238,0.221868,0.273672,0.409908,0.558332,0.674924,0.684119,0.782941
303203,1971-07-15,2022-02-28,50.62833675564682,0.004542504866969501,0.34593654932637985,6.030117435148535,125,1.3475092399073947,Coal River at Baden (303203),Tasmania,COAL RIVER,No notes,-42.435,147.4533,-42.45905722,147.4880121,55,54.1,TAS,,1400,2300,2300,Not nested,,0,19710715,20220228,0.004542505,4.0,7.647416454,24.80374954,6.895418727,0.005407744,1.422631852,1.8172,2.477631,1.363433,-0.014002,0.00091,17.2409,1.30743,djf,254.074059,4.667272,djf,0.124121401,0.140674491,118.3528435,0.0,5.583119282,0.288327723,18.04979245,2.591353239,0.0,1.12616067,0.881593286,0.270154281,0.681497175,0.345936549,1,14.84477612,42.67006803,34.60869565,158.6122449,61.12244898,0.584177411,0.731671338,0.250353818,,0.667829094,0.326079831,2.336774663,0.548619824,0.121485087,-7.879968156,-8.330511783,3.628921802,0.468497294,0.008462889,250.5303827,-0.929687631,144.8884991,0.161682473,0.751380682,SILICSED,0.6519498,IGNEOUS,0.3480502,0.0,0.3480502,0.6519498,0.0,0.0,0.0,0.0,0.0,27.34375,61.20313,50.07813,0.842473767,48.81832,78.26933,442,796.2499,501.0285,354.2499,7.7,15.18807,0.793943,3,0.565305,0.249302,0.025893,0.5421,0.0619,0.142,0.1565,0.076,0.0215,0.0,0.0,0.0,0.0,0.96,0.0,0.0,0.0,0.00109,0.00036,0.0,0.00021,0.61962,0.0,0.00029,0.0,0.0,0.0,0.0,0.0,0.0,0.0,0.24115,0.13675,0.0,0.00058,0.0,0.37848,0.123166,0.0,95.39793,33.95477,0.221363,0.221363,4.257525,0.246383,0.0,0.0,0.0,0.0,15.18807,0.1,0.0,0,0.050633,0.04058,0.0,0.63424,0.29387,0.04,0.166935,1.039081,1.218491,0.628262,0.0,870.9025,0.007347,0.163073,0.454222,154.1002,90.18851,51.61511,3.716769,0.422811,0.299447,0.31669,0.246272,0.164739,0.106262,0.146245,0.2378,0.337963,0.451164,0.47021,0.517673
304040,1951-01-20,2022-02-28,71.11019849418207,0.0,0.0,9.781999706101004,125,2.8574374315655042,Florentine River at U/S Derwent Junction (304040),Tasmania,DERWENT RIVER,No notes,-42.4417,146.515,-42.61040532,146.4431368,55,444.6,TAS,,1400,2300,2300,Not nested,,0,19510120,20220228,0.0,8.0,6.306385371,8.426811225,5.130826202,0.003850152,0.057306086,4.136845,2.339354,0.565492,-0.275754,0.010592,15.955473,1.260653,jja,182.75534,3.254001,djf,1.396656666,0.511395961,137.2288397,1.36543787,1.056175085,2.045315218,2.963623888,4.666511453,0.38110215,6.29197509,0.335479424,0.006891772,0.06633812,0.0,2,2.712121212,9.020942408,0.0,149.5070423,115.6901408,0.933170017,0.900624413,0.085156218,-2.535979854,0.191495203,0.193544608,0.89049682,0.356214027,0.323670013,-2.888098072,-3.228851636,1.321102768,0.761884674,0.02769328,381.7079511,-0.891701593,251.9654442,0.505744198,0.639987595,SILICSED,0.3250946,UNCONSOLDTED,0.2316767,0.2316767,0.2298746,0.3250946,0.2133538,0.0,0.0,0.0,0.01652517,25.8,38.6,52.0,1.019606994,224.8731,147.9535,170,1429.737,575.1731,1259.737,19.95,59.01948,0.670572,4,0.40316,0.318625,0.02125,0.7651,0.0786,0.0944,0.0587,0.003,0.0002,0.0,0.0,0.0,0.0,1.0,0.0,0.0,0.0,0.0,0.0,0.0,0.00223,0.0,0.0,0.00139,0.0088,0.0,0.00034,0.00082,0.00178,0.0001,2e-05,0.60419,0.36146,0.00063,0.01822,0.0,0.9845,4.678595,4.41617,91.54455,84.13232,2.456857,2.456857,0.684065,0.527259,0.520723,0.520723,0.0,0.0,59.01948,0.0,0.0,0,0.114286,0.0,0.0,0.351563,0.157321,0.0,0.078661,0.209054,0.327251,0.0,0.0,4485.87,0.009673,0.221563,0.543403,195.1663,115.9262,56.14064,4.998977,0.667828,0.526704,0.488016,0.326941,0.187994,0.050197,0.129215,0.265573,0.402433,0.587684,0.656656,0.701311
304497,1964-05-07,2022-02-28,57.81519507186858,0.0,0.0,11.748193197793844,125,2.925114853321195,Nive River at Gowan Brae (304497),Tasmania,DERWENT RIVER,No notes,-42.030556,146.419722,-41.9778909,146.2960608,55,177.6,TAS,,1400,2300,2300,Not nested,,0,19640507,20220228,0.0,3.0,6.560691139,9.988280304,5.328758143,0.056826254,0.65767039,5.054646,2.301648,0.455353,-0.350663,0.078746,12.962137,1.181967,jja,162.332335,3.023439,djf,3.462276648,0.577609958,188.7280541,0.02189191,1.095901076,3.008752933,2.358729061,10.87215812,0.05643243,9.66648649,0.552674308,0.003598996,0.239570015,0.0,1,2.054054054,37.47407407,0.0,140.8965517,101.3965517,0.960417477,0.947081942,0.079993986,-3.209460315,0.128302965,0.086945478,2.882259012,0.313157104,0.403215124,-3.205841323,-5.352096966,1.164598927,0.614290885,0.130222775,334.3586807,-0.952167806,282.4210019,0.595624971,0.676961416,IGNEOUS,0.9117789,UNCONSOLDTED,0.0485398,0.0485398,0.9117789,0.0,0.0,0.0,0.0,0.0,0.0,31.0,31.0,41.0,1.299999952,100.0,188.8977,806,1307.087,1042.965,501.087,9.12,31.7666,0.88637,4,0.474967,0.49774,0.016554,0.6248,0.0897,0.1595,0.117,0.0082,0.0008,0.0,0.0,0.0,0.0,1.0,0.0,0.05972,0.0,0.0,0.0,0.0,0.0027,0.0,0.0,0.00642,0.00344,0.0,0.01099,0.00728,0.06999,0.00323,0.0003,0.00135,0.30698,0.04544,0.48222,0.0,0.83599,15.44771,14.10735,60.7111,60.70307,2.754209,2.754209,10.45521,10.21441,0.0,0.0,0.0,0.0,31.7666,0.0,0.0,0,0.214493,0.007547,0.0,0.223559,0.01393,0.0,0.006965,0.053571,0.079561,0.0,0.0,3331.503,0.000566,0.097993,0.455477,328.4065,142.6331,82.73159,3.397224,0.471915,0.394031,0.369136,0.247128,0.144646,0.052074,0.088122,0.140659,0.221047,0.360167,0.433156,0.466296
304499,1965-03-19,2022-02-28,56.95003422313484,0.0,0.0,8.039891622123505,125,2.43512132502606,Tyenna River at Newbury (304499),Tasmania,DERWENT RIVER,No notes,-42.706389,146.711111,-42.73955966,146.5862307,55,206.1,TAS,,1400,2300,2300,Not nested,,0,19650319,20220228,0.0,15.0,8.536090247,12.83351109,6.994599137,0.019229845,0.399917599,3.959305,2.337486,0.590378,-0.261488,0.013281,16.467846,1.259972,jja,189.847661,3.335439,djf,1.537301226,0.483160955,138.7830033,1.48381087,1.136493862,2.198314066,4.054990849,6.241854866,0.39406114,6.87492742,0.348020382,0.009374549,0.085572809,0.0,1,2.142857143,8.240740741,0.0,149.5438596,111.7192982,0.868205459,0.848773362,0.081727201,-2.73512936,0.24733579,0.224339768,0.716476356,0.44055741,0.376239897,-2.904803775,-3.499631009,1.400582678,0.718297427,0.029184994,285.0720125,-0.918154067,216.1814395,0.570508841,0.659481274,SILICSED,0.609736,UNCONSOLDTED,0.2284213,0.2284213,0.09598036,0.609736,0.06586231,0.0,0.0,0.0,0.04792668,14.0,45.0,72.0,0.97526963,210.997,135.1457,182,1364.727,542.1653,1182.727,24.63,30.38578,0.676357,3,0.545109,0.318117,0.0397,0.8557,0.0615,0.0547,0.0274,0.0007,0.0,0.0,0.0,0.0,0.0,1.0,0.0,0.00011,0.0,0.0,0.0,0.0,0.00079,0.0,0.0,0.00205,0.01622,0.0,0.0,0.00044,0.00125,5e-05,0.0,0.71264,0.25135,0.00031,0.01468,0.0,0.97898,2.397004,2.048063,92.38599,78.75266,2.147599,2.147599,1.88312,1.698674,0.995127,0.995127,0.0,0.0,30.38578,0.0,0.0,0,0.34,0.011511,0.4,0.41693,0.176139,0.0,0.08807,1.142857,144.5603,0.007639,0.007639,2650.92,0.012062,0.223899,0.528782,190.9215,114.5038,56.20142,4.616353,0.599685,0.481501,0.455896,0.30817,0.175815,0.053706,0.127842,0.250398,0.382777,0.548031,0.600658,0.623976
305202,1975-02-14,2022-02-28,47.04175222450377,0.0,0.0154813176580142,3.9280442841879672,125,1.4234063581251246,Snug Rivulet at U/S Snug Tiers Rd Bridge (305202),Tasmania,KINGSTON COAST,No notes,-43.071111,147.236944,-43.07858692,147.200032,55,17.4,TAS,,1400,2300,2300,Not nested,,0,19750214,20220228,0.0,3.0,11.75338071,17.43357147,10.15709996,0.005820044,0.556951503,2.784711,2.394831,0.859993,-0.140354,0.000229,17.025164,1.2371,jja,220.464192,3.700362,djf,0.373759056,0.185419711,161.5426538,0.0,3.702423471,0.752335778,11.92880497,7.75881885,0.00255283,2.83944033,0.747873702,0.110173437,0.499010592,0.015364917,1,3.07804878,13.5664557,16.5,156.8085106,112.3617021,0.552782958,0.566852595,0.260172455,-5.587747465,0.714155833,0.41721738,3.301056894,0.514297729,0.21184866,-5.519681898,-9.238419738,3.026222261,0.692485865,0.000778867,354.7574686,-0.919513781,241.7026949,0.280535551,0.755157977,SILICSED,0.7565035,IGNEOUS,0.2434964,0.0,0.2434964,0.7565035,0.0,0.0,0.0,0.0,0.0,14.5,45.625,74.0,0.711524761,78.66489,64.89586,63,677.4293,356.1685,614.4293,24.04,10.02176,0.695631,2,0.517673,0.517971,0.066503,0.8919,0.0633,0.0316,0.0127,0.0005,0.0,0.0,0.0,0.0,0.0,1.0,0.0,0.0,0.0,0.0,0.0,0.0,0.00155,0.0,0.0,0.0,0.0055,0.0,0.0,0.0,0.0,0.0,0.0,0.94372,0.04879,0.0,0.00045,0.0,0.99296,4.872044,4.604998,90.65514,84.5797,0.534023,0.534023,3.93879,1.268316,0.0,0.0,0.0,0.0,10.02176,0.0,0.0,0,0.295522,0.148718,0.8,0.242027,0.072544,0.0,0.036272,24.78078,392.2999,1.0,0.666222,1705.256,0.013473,0.252468,0.56951,165.0886,95.92019,42.80481,5.303019,0.619194,0.527273,0.499789,0.353145,0.218693,0.09931,0.177863,0.31352,0.462158,0.625182,0.671865,0.727352
306119,1950-01-01,2016-07-01,66.4996577686516,0.012598295524723125,0.0,3.667111164036374,125,1.5349974474028099,Huon River above Frying PanCreek (306119),Tasmania,HUON RIVER,No notes,-43.0367,146.84,-43.12419107,146.5853028,55,1822.5,TAS,,1400,2300,2300,Not nested,,0,19500101,20160701,0.012598296,4.0,73.33353536,26.83087098,57.76028598,0.0,0.0,4.591417,2.291851,0.49916,-0.26873,0.002424,13.690246,1.231205,jja,165.029034,2.983748,djf,1.730228268,0.303249209,235.5813711,1.40522073,1.291232473,3.959485338,3.570646872,26.13884281,0.40483706,13.77152346,0.410825048,0.021723721,0.186882375,0.0,1,1.480113636,6.524017467,0.0,142.877551,129.7142857,0.692897175,0.594773089,0.161646615,-3.116186008,0.474771218,0.350524349,0.878202766,0.522444361,0.702299106,-2.935409045,-3.828158725,1.266513097,0.726153407,0.006466857,39.10143601,-0.93848256,117.0042135,0.890287898,0.788844943,SILICSED,0.6574681,UNCONSOLDTED,0.1614984,0.1614984,0.1389124,0.6574681,0.00608425,0.0,0.0,0.0,0.4061017,26.0,38.0,53.0,0.934311956,262.0755,137.4887,62,1391.903,458.4327,1329.903,26.36,108.63,0.791916,5,0.475175,0.31597,0.012562,0.8518,0.0635,0.0583,0.0242,0.0022,0.0,0.0,0.0,0.0,0.0,1.0,0.0,0.00309,0.0,0.0,0.0,0.0,0.0042,0.0,0.0,0.01106,0.02829,0.0,0.00082,0.00201,0.00316,0.0001,0.0,0.46802,0.43258,0.00098,0.0457,0.0,0.94728,15.81414,15.76894,70.00003,68.3966,2.122907,2.11481,7.451459,7.238258,0.707824,0.70715,0.000675,0.0,78.75536,0.0,0.0,0,0.05,0.018182,0.0,0.283766,0.031126,0.166903,0.099015,0.132135,5.230045,0.000741,0.0,6351.005,0.011099,0.234294,0.562814,189.1431,108.9958,49.0042,4.146093,0.584036,0.479915,0.417284,0.262626,0.142973,0.04645,0.096267,0.196738,0.312334,0.46156,0.541236,0.594011
307473,1964-02-28,2022-02-28,58.0041067761807,0.009392995374303785,0.0,2.797974455869124,125,2.0711007976560127,Davey River at D/S Crossing Rv  (307473),Tasmania,SOUTH-WEST COAST,Some catchment attributes have been updated due to calculation errors in CAMELS-AUS version 1,-43.1412,145.95,-43.0385993,146.0370919,55,697.9,TAS,,1400,2300,2300,Not nested,,0,19640228,20220228,0.009392995,4.0,6.963212404,5.6100779,5.444793746,0.231284811,2.118943716,6.271264,2.294147,0.365819,-0.302302,0.000125,10.283415,1.168539,jja,128.974159,2.576868,djf,1.877241546,0.23942247,240.0537154,1.42889928,1.193516561,5.503382271,2.453624464,43.14358801,0.40358791,18.90970282,0.455724501,0.017629961,0.222756945,0.0,1,1.423076923,6.016731017,0.0,140.6875,132.9375,0.735012817,0.672849279,0.19339702,-3.476173463,0.481726932,0.39780815,0.961193023,0.481698389,0.771892397,-2.271639616,-3.351359487,0.992285447,0.765230878,0.000427371,16.13737293,-0.951471974,128.8610292,0.904117675,0.853752136,SILICSED,0.765527,UNCONSOLDTED,0.2010613,0.2010613,0.0,0.765527,0.03341203,0.0,0.0,0.0,0.6578891,18.0,32.0,63.0,0.999988864,300.0,151.9973,15,1116.922,288.4318,1101.922,25.6,57.83973,0.822299,4,0.515672,0.250269,0.019105,0.7661,0.0463,0.0759,0.0785,0.0207,0.0125,0.0,0.0,0.0,0.0,1.0,0.0,0.00732,0.0,0.0,0.0,0.0,0.02242,0.0,0.0,0.02519,0.04505,0.0,0.00709,0.00785,0.01083,0.00087,8e-05,0.22124,0.54828,0.0053,0.09845,0.0,0.87327,48.84113,48.84113,40.01102,40.01102,4.412817,4.412817,6.065457,6.065457,0.367885,0.367885,0.0,0.0,57.83973,0.0,0.0,0,0.0,0.0,0.0,0.0,1e-05,0.0,5e-06,0.05116,0.110197,0.0,0.0,4326.639,0.017299,0.291271,0.577522,168.6874,96.51781,38.88182,3.421916,0.505313,0.409143,0.343648,0.213384,0.11119,0.033824,0.064471,0.155633,0.249042,0.368549,0.446628,0.511445
308145,1953-04-12,2021-09-30,68.47091033538672,0.01399496181374705,0.0,3.6495284317949834,125,1.458489016179344,Franklin River at Mt Fincham Track (308145),Tasmania,GORDON RIVER,No notes,-42.241667,145.767222,-42.17696254,145.9443475,55,774.0,TAS,,1400,2300,2300,Not nested,,1,19530412,20210930,0.013994962,5.0,6.542357107,6.754186239,5.321626392,0.226550079,2.431085661,6.758906,2.309203,0.341653,-0.29726,0.01075,9.851943,1.168443,mam,136.291204,2.710889,djf,2.554360025,0.308234947,285.930307,2.00561861,1.266519017,5.275261452,3.02332748,44.63868667,0.51906977,18.7179907,0.418552935,0.023642483,0.194411777,0.0,1,1.404819277,7.144560358,0.0,142.1967213,129.5901639,0.689750704,0.621296986,0.137696246,-3.12100475,0.484141126,0.331289891,0.954632425,0.531397369,0.628014798,-2.820327467,-4.03667042,1.042726978,0.742795316,0.03148943,191.6508366,-0.933786223,157.3145858,0.79035448,0.794598896,SILICSED,0.8009763,UNCONSOLDTED,0.1447017,0.1447017,0.05370329,0.8009763,0.00061786,0.0,0.0,0.0,0.6046054,7.0,34.0,86.0,1.116506641,153.5581,165.6817,241,1441.09,665.6287,1200.09,30.6,55.6003,0.769765,5,0.564821,0.363432,0.02191,0.8807,0.0488,0.0464,0.0226,0.0015,0.0,0.0,0.0,0.0,0.0,1.0,0.0,0.0002,0.0,0.0,0.0,0.0,0.00152,0.0,0.0,0.00142,0.03029,0.0,9e-05,0.00322,0.00225,7e-05,0.0,0.42409,0.46095,0.00032,0.07558,0.0,0.96094,15.70706,15.70521,75.56181,75.56181,5.138798,5.138798,2.855733,2.855733,0.181157,0.181157,0.0,0.0,55.6003,0.0,0.0,0,0.0,0.0,0.0,0.0,0.005639,0.002433,0.004036,0.028804,0.050962,0.0,0.0,5481.776,0.006628,0.191351,0.526523,220.191,121.1258,59.63011,4.535412,0.641848,0.510831,0.443029,0.285281,0.161427,0.047516,0.112692,0.22941,0.345892,0.504543,0.588392,0.654566
308799,1980-12-19,2022-02-28,41.19644079397673,0.00033229215125938727,0.0,3.2909211943726255,125,1.2682594668726097,Collingwood river at B/L Alma (308799),Tasmania,GORDON RIVER,No notes,-42.164167,145.928056,-42.10188176,145.9135066,55,268.3,TAS,,1400,2300,2300,Level 1,308145,0,19801219,20220228,0.000332292,6.0,5.628701478,4.563854566,3.938204731,0.0,0.0,6.952203,2.305684,0.331648,-0.302154,0.01082,9.366537,1.16165,mam,134.376547,2.698863,djf,2.445294274,0.298004234,294.8684189,1.891268,1.309912974,5.279770514,3.094343419,47.83160788,0.52812523,19.27109653,0.429328767,0.030182157,0.217457785,0.0,1,1.436708861,7.08008658,0.0,142.775,121.3,0.66287723,0.582147846,0.14793489,-3.350805384,0.518984275,0.346510032,0.922575942,0.553981938,0.615895683,-2.914360674,-4.198226612,1.07296909,0.745458068,0.027328612,209.7557271,-0.931336638,181.7213088,0.771864744,0.797932134,SILICSED,0.8493333,UNCONSOLDTED,0.1265205,0.1265205,0.02414573,0.8493333,0.0,0.0,0.0,0.0,0.5627967,8.294117,33.76471,83.29412,1.154093414,100.9217,170.3549,342,1391.009,686.3234,1049.009,29.75,26.14185,0.723944,4,0.722177,0.345179,0.041166,0.8799,0.0509,0.048,0.0208,0.0004,0.0,0.0,0.0,0.0,0.0,0.96,0.0,0.0,0.0,0.0,0.0,0.0,0.00123,0.0,0.0,0.00199,0.02486,0.0,2e-05,0.00202,0.00085,0.0,0.0,0.46995,0.43388,0.00023,0.06495,0.0,0.96901,11.51693,11.51693,77.08822,77.08822,4.01048,4.01048,6.982558,6.982558,0.204772,0.204772,0.0,0.0,26.14185,0.0,0.0,0,0.191736,0.0,0.0,0.006818,0.009353,0.0,0.004677,0.038809,0.050962,0.0,0.0,5314.104,0.006109,0.185069,0.522413,230.0135,122.5322,60.87662,4.453178,0.63397,0.50602,0.436353,0.280256,0.159029,0.049181,0.111534,0.221928,0.335928,0.491863,0.5744,0.64258
312061,1950-01-01,2022-02-28,72.1615331964408,0.0,0.0,9.56371192353356,125,2.8639522806117523,Hellyer River at Guilford Junction (312061),Tasmania,ARTHUR RIVER,No notes,-41.419444,145.670556,-41.46737536,145.6514073,55,99.4,TAS,,1400,2300,2300,Not nested,,0,19500101,20220228,0.0,20.0,34.32730516,193.7534516,8.869249846,0.011382176,0.157485542,5.87184,2.325595,0.396059,-0.423797,0.00373,10.8677,1.170378,jja,149.999428,3.113246,djf,3.94129773,0.54933826,203.42767,0.44503824,1.083656911,3.704217079,2.492306044,16.11300233,0.31900201,11.57620926,0.42772809,0.005425504,0.203740942,0.0,1,1.986111111,17.54901961,0.0,133.375,100.7361111,0.92854985,0.908032841,0.071325385,-3.219591909,0.190500856,0.16747323,1.454456869,0.416898344,0.454893659,-2.973803483,-3.543304742,1.287106026,0.644344376,0.016621048,343.8663075,-0.942884735,296.904721,0.647317181,0.702736884,IGNEOUS,0.9373805,SILICSED,0.03407673,0.02854261,0.9373805,0.03407673,0.0,0.0,0.0,0.0,0.0,39.0,42.0,29.0,1.5,300.0,229.0,576,989.5806,647.2793,413.5806,5.26,20.87774,0.744767,3,0.546167,0.218572,0.020981,0.4468,0.0346,0.1691,0.2299,0.0576,0.0561,0.0059,0.0,0.0,0.0,0.97,0.0,4e-05,0.0,0.0,0.0,0.0,0.00055,0.0,0.0,0.00092,0.00205,0.0,4e-05,0.00083,0.00078,0.0,0.0,0.67647,0.29885,8e-05,0.01933,0.0,0.99473,14.70185,9.440724,78.32183,30.54654,0.701609,0.701609,6.062134,0.113354,0.170014,0.170014,0.0,0.0,20.87774,0.0,0.0,0,0.124675,0.0,0.0,0.630081,0.318613,0.0,0.159306,0.019039,0.019039,0.0,0.0,4952.925,0.004992,0.195375,0.566326,209.771,118.8306,54.30207,4.475119,0.59612,0.485364,0.451088,0.299095,0.176474,0.100124,0.135071,0.22345,0.332237,0.487613,0.569115,0.609835
314207,1963-06-20,2022-02-28,58.69678302532512,0.009888520919819021,0.0,12.404076630793476,125,1.4279141911252846,Leven River at at Bannons Bridge (314207),Tasmania,SMITHTON-BURNIE COAST,No notes,-41.250833,146.09,-41.40388615,145.9270034,55,499.6,TAS,,1400,2300,2300,Not nested,,0,19630620,20220228,0.009888521,9.0,23.00375943,25.19905101,17.36403374,0.023321983,0.499315768,4.890261,2.427624,0.49642,-0.446164,0.000592,14.355432,1.182963,jja,171.797751,3.364789,djf,2.565165606,0.473294132,193.8919071,0.82197598,1.274529659,2.636151877,3.899100385,11.28861724,0.24194075,8.83334508,0.432621071,0.017289301,0.218212654,0.0,1,1.561702128,12.69041096,0.0,133.04,96.52,0.765042348,0.627818068,0.084694471,-3.405195668,0.344304008,0.234123366,1.429289461,0.525473295,0.391888219,-3.149249763,-4.324363712,1.504970689,0.644626983,0.006157102,432.3208884,-0.900125756,289.0552401,0.546369254,0.717258916,IGNEOUS,0.6381617,SILICSED,0.2118696,0.1165613,0.6381617,0.2118696,0.0334075,0.0,0.0,0.0,0.0,19.0,43.0,64.0,1.130640967,242.4849,175.7372,50,1347.421,543.6729,1297.421,18.54,75.23271,0.727042,4,0.34001,0.390089,0.017516,0.7444,0.0718,0.1036,0.0711,0.0086,0.0005,0.0,0.0,0.0,0.0,1.0,0.0,0.0004,0.0,0.00039,0.00048,0.0,0.00087,0.05512,0.0,0.00017,0.00492,0.0,0.00017,0.00043,0.00026,9e-05,0.0,0.68016,0.24588,0.00024,0.0103,0.0,0.93658,6.72001,4.140099,80.2907,55.09043,4.60626,4.60626,7.814682,4.118851,0.219799,0.219799,0.137012,0.091861,75.23271,0.0,0.0,0,0.122314,0.02934,0.0,0.247203,0.239217,0.001426,0.120321,1.240669,7.664616,0.410185,0.0,3468.741,0.011088,0.227244,0.553743,192.8135,109.5734,50.72729,5.740673,0.701376,0.551893,0.545703,0.390217,0.238852,0.151707,0.200632,0.331666,0.48594,0.669314,0.727175,0.738653
314212,1968-03-21,2022-02-28,53.94387405886379,0.011825610313150282,0.0,29.937374567266126,125,1.519150742754854,Cam River U/S Somerset WS (314212),Tasmania,SMITHTON-BURNIE COAST,No notes,-41.06,145.8367,-41.19714484,145.7381403,55,225.5,TAS,,1400,2300,2300,Not nested,,0,19680321,20220228,0.01182561,15.0,59.03628109,6.582787788,45.83396175,0.096432015,1.488059218,4.006404,2.487571,0.620899,-0.483229,3.3e-05,16.485824,1.170389,jja,198.270353,3.877131,djf,1.930508377,0.526311549,131.5013622,0.36946643,1.369059153,1.71636427,3.528779346,5.521579846,0.15298817,6.10002072,0.455287577,0.030405752,0.264458141,0.0,1,2.368,14.46348315,0.0,139.6818182,82.88636364,0.838465622,0.628991789,0.069231995,-3.746203699,0.272213425,0.173230674,1.661542879,0.530449827,0.284074194,-4.511518843,-3.698238805,1.731098886,0.652054572,0.000159625,487.1608854,-0.89656398,310.918034,0.430773779,0.659450988,IGNEOUS,0.7210281,SILICSED,0.278972,0.0,0.7210281,0.278972,0.0,0.0,0.0,0.0,0.1098445,15.7,37.775,70.05,1.285360953,259.8974,203.6965,38,574.7523,329.5306,536.7523,15.23,37.16985,0.715995,3,0.457007,0.56421,0.015139,0.7369,0.104,0.1137,0.0437,0.0016,0.0001,0.0,0.0,0.0,0.0,0.97,0.0,0.0011,0.0,0.00165,0.00155,0.0,0.00045,0.05461,0.0,4e-05,0.00114,0.0,4e-05,0.00015,0.00011,0.0,0.0,0.83907,0.09588,7e-05,0.00408,0.0,0.9391,10.47431,0.275787,73.57512,22.27537,0.025649,0.025649,15.5175,12.48967,0.0,0.0,0.12528,0.118871,37.16985,0.0,0.0,0,0.166667,0.069565,0.0,0.456331,0.350777,0.068536,0.209657,5.080995,564.791,0.899679,0.165106,2269.421,0.016698,0.27114,0.564224,156.3814,91.34883,39.36337,6.171293,0.711691,0.570944,0.577358,0.425745,0.261745,0.17012,0.227046,0.368062,0.540219,0.745306,0.792743,0.773201
314213,1968-05-30,2022-02-28,53.752224503764545,0.014923852696989762,0.0,11.185036324472275,125,1.5895155927955056,Black River at South Forest (314213),Tasmania,SMITHTON-BURNIE COAST,No notes,-40.872222,145.297778,-40.99726372,145.3457977,55,319.0,TAS,,1400,2300,2300,Not nested,,0,19680530,20220228,0.014923853,7.0,4.388345319,13.83628904,3.334118907,0.050934651,1.034244006,3.600741,2.520595,0.700021,-0.47039,0.0,15.101518,1.157025,jja,192.778074,3.890078,djf,1.610431193,0.413747742,132.8859085,0.00866708,1.62620697,1.638664804,4.277817045,7.101202341,0.05146082,6.39820439,0.560773751,0.051551189,0.333092037,0.0,1,2.215555556,19.82153846,0.0,134.372093,80.58139535,0.746832012,0.568426218,0.088175577,-4.290622028,0.406201223,0.275066329,2.645205789,0.476198779,0.330739389,-3.94935598,-5.247117547,1.817120029,0.564488491,0.0,381.3355988,-0.9125149,279.2784269,0.464996426,0.71127297,SILICSED,0.7171792,IGNEOUS,0.2313462,0.04536108,0.2313462,0.7171792,0.0,0.0,0.00611312,0.0,0.7232582,38.25,48.5,36.5,1.005595812,130.0882,160.1258,26,553.4451,178.7462,527.4451,10.48,46.33395,0.767404,4,0.436205,0.307005,0.01167,0.6338,0.1192,0.1616,0.0809,0.0039,0.0006,0.0,0.0,0.0,0.0,1.0,0.0,0.0,0.0,0.00015,0.00035,0.0,0.00011,0.0165,0.0,0.0,0.00083,0.0,0.00015,8e-05,0.00022,3e-05,0.0,0.88129,0.0973,8e-05,0.00294,0.0,0.98161,5.220118,4.465744,85.6869,72.36752,0.449843,0.449843,8.324699,4.815365,0.004547,0.004547,0.0,0.0,46.33395,0.0,0.0,0,0.015385,0.022857,0.0,0.488154,0.240361,0.000815,0.120588,1.445686,4.174891,0.300427,0.0,2057.888,0.023688,0.314603,0.549454,137.8796,78.825,40.24837,6.341208,0.684065,0.570329,0.593617,0.447931,0.27836,0.183765,0.244593,0.39156,0.567227,0.767863,0.813744,0.791578
314214,1966-04-24,2022-02-28,55.85215605749487,0.0037745098039215687,0.0,16.23530090891313,125,3.0656618492002052,Duck River at Scotchtown Road (314214),Tasmania,SMITHTON-BURNIE COAST,No notes,-40.8733,145.1183,-40.97740922,145.0818067,55,359.2,TAS,,1400,2300,2300,Not nested,,0,19660424,20220228,0.00377451,10.0,11.5345697,7.115761776,9.234905541,0.019607843,0.293309099,3.522725,2.527539,0.717495,-0.47382,0.0,13.240796,1.14186,jja,188.166718,3.784668,djf,1.72593858,0.561294205,97.48939056,0.12542713,1.31756796,1.307682516,2.96021486,2.968593176,0.15359408,4.83002836,0.438570625,0.036116715,0.256408995,0.0,1,2.971659919,18.61071429,0.0,139.3877551,80.7755102,0.917140159,0.774124135,0.071023456,-3.931823491,0.219875419,0.190090424,1.045586405,0.447418182,0.245750669,-4.641568646,-2.161022895,1.682334167,0.626951025,0.0,465.2242141,-0.905683019,333.7399099,0.378206512,0.649779052,SILICSED,0.5214425,UNCONSOLDTED,0.3697476,0.3697476,0.1088098,0.5214425,0.0,0.0,0.0,0.0,0.4136523,33.8,42.2,43.4,0.981386001,173.7143,164.4316,14,270.9201,100.3402,256.9201,6.51,40.99008,0.64347,4,0.512474,0.352263,0.006425,0.4679,0.0727,0.1279,0.1137,0.0557,0.1148,0.0473,0.0,0.0,0.0,1.0,0.0,0.0,0.0,0.00152,0.01712,0.0,5e-05,0.34168,0.0,0.00041,0.00016,0.0,1e-05,0.0,2e-05,0.0,0.0,0.61159,0.02709,0.0,0.00035,0.0,0.63903,3.519123,2.769974,71.90012,31.63502,0.105262,0.105262,24.2356,9.783116,0.0,0.0,0.0,0.0,40.99008,0.0,0.0,0,0.207407,0.125,0.0,0.708661,0.318688,0.322107,0.320397,2.292803,198.162,0.757764,8.4e-05,1572.3,0.02828,0.33923,0.529765,128.3061,70.43195,42.3356,5.875685,0.635482,0.538704,0.556993,0.415077,0.261511,0.174197,0.231048,0.364846,0.525246,0.703551,0.749027,0.71285
315450,1962-12-13,2022-02-28,59.214236824093085,0.0,0.0,5.193609238880018,125,1.4218203396787343,Forth River at U/S Lemonthyme (315450),Tasmania,FORTH RIVER,No notes,-41.611667,146.130556,-41.73357091,146.0451314,55,309.6,TAS,,1400,2300,2300,Not nested,,0,19621213,20220228,0.0,18.0,11.9416304,6.438698386,9.348245557,0.004623636,0.115904422,6.199126,2.333773,0.376468,-0.377656,0.02335,12.512687,1.176669,jja,146.934179,2.93307,djf,2.612225581,0.324884775,265.4461395,0.37311628,1.312323546,4.02004698,3.483953647,27.83197973,0.21432558,14.05730233,0.486054282,0.023996671,0.255132236,0.0,1,1.513119534,9.906642729,0.0,137.0833333,109.4333333,0.730580902,0.656113739,0.134644909,-3.614690054,0.447513523,0.328356891,1.700082215,0.534267673,0.509690344,-2.652216513,-4.16104589,1.212144252,0.658998935,0.06405959,331.1882248,-0.933392979,250.5063655,0.659563162,0.772769574,SILICSED,0.7351036,UNCONSOLDTED,0.1470161,0.1470161,0.1178801,0.7351036,0.0,0.0,0.0,0.0,0.5798513,13.0,36.0,74.0,1.063946024,194.0002,158.1496,244,1558.038,821.822,1314.038,30.09,37.72816,0.825536,4,0.525748,0.434537,0.034509,0.8571,0.0561,0.0574,0.0272,0.0016,0.0006,0.0,0.0,0.0,0.0,1.0,0.0,0.00269,0.0,0.0,0.0,0.0,0.00718,0.0,0.0,0.00192,0.03135,0.0,0.00062,0.00645,0.00689,0.00013,0.0,0.34342,0.50605,0.00129,0.09202,0.0,0.94278,11.03147,10.83993,79.56735,79.10471,5.004276,4.999608,3.046492,2.934368,0.246979,0.246979,0.0,0.0,37.72816,0.0,0.0,0,0.059259,0.001695,0.0,0.490996,0.017021,0.0,0.008511,0.07401,0.562927,0.0,0.0,5030.768,0.004666,0.155748,0.50193,260.0167,130.0631,68.71846,4.752637,0.652401,0.513915,0.463656,0.309041,0.183652,0.094034,0.137295,0.238779,0.363403,0.520559,0.603897,0.662411
316624,1972-01-13,2022-02-28,50.130047912388775,0.0,0.0,5.581513503404476,125,1.9590605617540855,Arm River at U/S Mersey (316624),Tasmania,MERSEY RIVER,No notes,-41.6894,146.2154,-41.74293531,146.1513156,55,86.3,TAS,,1400,2300,2300,Not nested,,0,19720113,20220228,0.0,2.0,7.916784959,17.60408904,6.170565501,0.021845986,0.40599208,5.543598,2.354229,0.424675,-0.391696,0.020632,14.121718,1.183873,jja,158.952471,3.086038,djf,2.896672321,0.419774362,186.2535713,0.37943918,1.286530439,2.907660177,3.066452521,13.99353469,0.1431657,10.42506605,0.497234976,0.020480612,0.259803386,0.0,1,1.856435644,14.54740061,0.0,135.44,97.4,0.851826674,0.789377894,0.113253727,-3.558896098,0.302468846,0.222566743,1.806092681,0.5,0.382121052,-3.4068449,-4.574017771,1.186595283,0.566364041,0.055558636,439.1171499,-0.942126869,309.5126339,0.535586323,0.71346305,IGNEOUS,0.4278813,UNCONSOLDTED,0.3325922,0.3325922,0.4278813,0.2395264,0.0,0.0,0.0,0.0,0.1517339,31.0,31.0,43.0,1.299387867,103.5726,181.7034,412,1199.405,852.2623,787.405,17.07,20.90287,0.734301,3,0.513203,0.561275,0.037854,0.7451,0.0811,0.1108,0.062,0.001,0.0,0.0,0.0,0.0,0.0,1.0,0.0,0.00032,0.0,0.0,0.0,0.0,0.00097,0.0,0.0,0.00466,0.00402,0.0,9e-05,0.00032,0.00092,0.0,0.0,0.29518,0.65378,9e-05,0.03966,0.0,0.98871,8.563076,8.531181,81.3567,78.69198,5.596976,5.596976,4.084414,3.845002,0.0,0.0,0.0,0.0,20.90287,0.0,0.0,0,0.2,0.005442,0.0,0.384248,0.128657,0.0,0.064329,0.079561,0.079561,0.0,0.0,4173.585,0.002979,0.146763,0.502105,281.9959,131.9695,70.51194,4.544178,0.608193,0.474286,0.444939,0.303099,0.182881,0.101095,0.137599,0.235249,0.353401,0.50105,0.574346,0.619974
317200,1967-06-24,2022-02-28,54.68583162217659,0.004255532191849405,0.00618432299260898,12.858878153383488,125,1.2657546243648654,Rubican River at Tidal Limit (317200),Tasmania,RUBICON RIVER,No notes,-41.2567,146.5667,-41.39575669,146.606284,55,259.6,TAS,,1400,2300,2300,Not nested,,0,19670624,20220228,0.004255532,9.0,12.13753598,13.60930111,9.36159477,0.160208271,7.213147847,2.730556,2.66556,0.976197,-0.440825,1.9e-05,21.699444,1.209419,jja,247.772771,4.88204,djf,0.522173701,0.219272993,112.9770308,0.0,3.013110614,0.666834838,8.476882126,4.037074017,0.00166734,3.16093589,0.830498371,0.184725225,0.571220273,0.006184323,1,6.479717813,28.4025,5.590909091,135.0833333,59.125,0.619021526,0.557035309,0.147078824,-6.896514378,0.615936093,0.360945705,3.605824589,0.494600067,0.172800685,-8.84509518,-5.628136071,2.409122345,0.376104499,0.000467645,430.4279407,-0.936233058,261.8558614,0.243243323,0.710402582,IGNEOUS,0.5389504,OTHERSED,0.2086572,0.05223144,0.5389504,0.1978315,0.0,0.2086572,0.0,0.0,0.0,16.9,37.98,69.29,0.920048737,104.6783,118.6778,83,542.5961,219.3183,459.5961,8.23,38.71856,0.804828,4,0.47314,0.395151,0.013804,0.5522,0.0747,0.1476,0.1316,0.0619,0.0315,0.0005,0.0,0.0,0.0,0.98,0.0,0.0018,0.0,0.01142,0.0079,0.0,3e-05,0.30541,0.0,0.00325,0.00026,0.0,0.0,0.00034,0.00031,0.0,0.0,0.43022,0.23188,6e-05,0.00718,0.0,0.66934,3.184526,1.809208,71.58418,43.50394,0.528104,0.528104,23.79281,0.599167,0.066071,0.066071,0.107476,0.0,38.71856,0.0,0.0,0,0.038462,0.0,1.0,0.399425,0.283863,0.076847,0.180355,2.55201,3.465945,0.805235,0.0,-99.0,0.020669,0.247431,0.473694,134.3001,84.91325,52.68422,5.969543,0.575337,0.451823,0.514475,0.466477,0.294418,0.203869,0.260169,0.419997,0.604473,0.750922,0.733844,0.692861
318076,1950-01-01,2022-02-28,72.1615331964408,0.0049702166407406,0.0,16.615447251811116,125,2.1643876419709276,North Esk River at Ballroom (318076),Tasmania,TAMAR RIVER,No notes,-41.494444,147.384167,-41.45869289,147.5371012,55,374.2,TAS,,1400,2300,2300,Not nested,,0,19500101,20220228,0.004970217,9.0,9.455025925,8.93759192,7.32168553,0.0,0.0,3.332889,2.54069,0.762309,-0.425505,0.001735,20.431995,1.225998,jja,228.725082,4.196075,djf,1.060936273,0.501397614,113.1068819,0.49411009,1.446500869,1.185128365,5.170824004,2.938787494,0.14869482,3.98289685,0.382512969,0.02653855,0.17169984,0.0,1,2.33557047,11.75718016,0.0,144.5245902,93.91803279,0.817672429,0.76659249,0.084964052,-3.024554687,0.299508404,0.229817544,1.283606733,0.505631377,0.214920265,-3.802827173,-3.88459348,1.708484693,0.732082401,0.025390219,461.4547121,-0.882112764,309.8181791,0.35835399,0.599742911,IGNEOUS,0.4183353,SILICSED,0.3580895,0.2170078,0.4183353,0.3580895,0.0,0.00656498,0.0,0.0,0.0,22.0,55.0,59.0,1.285039297,204.5113,154.8979,325,1571.794,674.4534,1246.794,21.01,42.02055,0.689481,4,0.523943,0.284695,0.029854,0.8042,0.0716,0.0702,0.041,0.013,0.0,0.0,0.0,0.0,0.0,1.0,0.0,0.00051,0.0,0.00102,0.0032,0.0,0.00259,0.05411,0.0,0.00133,0.00968,0.0,0.00033,0.00122,0.00406,0.00011,0.0,0.559,0.31422,0.00587,0.04272,0.0,0.92181,1.019003,0.64264,72.04973,61.21418,5.263385,5.263385,20.53896,4.333696,1.128802,1.128802,0.0,0.0,42.02055,0.0,0.0,0,0.177778,0.004301,0.4,0.204553,0.231334,0.0,0.115667,0.644211,0.957013,0.0,0.0,2031.793,0.010446,0.190296,0.482219,183.3918,111.5119,59.29349,6.937778,0.756893,0.549973,0.610545,0.511115,0.327,0.218916,0.285644,0.46162,0.661953,0.848524,0.833786,0.87177
318150,1972-12-02,2022-02-28,49.242984257357975,0.0006671855887912822,0.0,8.90185040351694,125,1.9330817621242427,River at South Esk at Llewellyn (318150),Tasmania,TAMAR RIVER,No notes,-41.8167,147.5633,-41.63055824,147.8747238,55,2282.4,TAS,,1400,2300,2300,Level 1,318181,2,19721202,20220228,0.000667186,8.0,13.67956475,13.56913607,10.16885567,0.0,0.0,2.568773,2.57262,1.001498,-0.219721,0.000486,18.040921,1.279974,jja,241.426538,4.481562,djf,0.468327625,0.380039401,119.541774,0.02854246,2.65689411,0.658375287,12.98705157,3.059817571,0.03456136,2.31243153,0.459890857,0.050628686,0.313953488,0.0,1,3.855932203,23.22222222,0.0,158.3469388,112.0,0.700384947,0.611061499,0.102347735,-3.489306575,0.364008433,0.208266383,1.353987892,0.404960279,0.126788368,-5.109087114,-5.351700623,2.599662203,0.654898243,0.004555415,352.5122861,-0.926054041,207.3942032,0.262650205,0.482727087,SILICSED,0.3559174,IGNEOUS,0.3368376,0.3059381,0.3368376,0.3559174,0.0,0.00130547,0.0,0.0,0.0,22.0,55.0,59.0,1.197306545,163.8649,138.4222,220,1520.741,494.4388,1300.741,18.22,116.4536,0.698788,5,0.46323,0.23776,0.011562,0.7412,0.0716,0.0911,0.0605,0.0262,0.0094,0.0,0.0,0.0,0.0,1.0,0.0001,0.0001,0.0,0.00679,0.00064,0.0,0.00205,0.12683,0.0,0.00071,0.00791,0.0,0.0002,0.00134,0.00119,5e-05,0.0,0.42326,0.38139,0.00138,0.04544,0.0006,0.85147,5.379337,3.629069,83.76229,68.84261,1.574773,1.574773,8.902091,2.392397,0.261085,0.260455,0.0,0.0,116.4536,0.0,0.0,0,0.206061,0.0,0.0,0.532927,0.234804,0.081811,0.158308,0.71618,213.8883,0.00513,0.002982,1733.478,0.014892,0.222401,0.495639,157.7255,92.35157,50.66366,5.91892,0.664435,0.442784,0.530166,0.439935,0.288362,0.195039,0.253819,0.4019,0.559054,0.684426,0.691392,0.770841
318181,1956-12-21,2022-02-28,65.19096509240246,0.0008819453193901979,0.0,10.406821378601942,125,2.0626732267633985,South Esk River at U/S Macquarie R (at Per (318181),Tasmania,TAMAR RIVER,No notes,-41.5983,147.2033,-41.6404977,147.7429795,55,3294.7,TAS,,1400,2300,2300,Not nested,,1,19561221,20220228,0.000881945,24.0,8.209045153,23.36354177,5.920785295,0.00419974,0.450893208,2.440593,2.584916,1.059135,-0.236979,0.000132,18.715096,1.267966,jja,241.633285,4.508722,djf,0.508748535,0.397419531,132.1126462,0.00312062,2.3325298,0.617390304,13.11135488,2.073834096,0.02265727,2.18097234,0.507649409,0.047456915,0.313198823,0.0,2,4.325670498,22.78593272,0.0,152.7413793,108.7241379,0.749180042,0.747191473,0.099826485,-3.661257387,0.294601748,0.161932085,1.969580199,0.403379667,0.11550543,-4.650934083,-5.290248665,2.37048943,0.615342613,0.005733895,346.6924764,-0.940268083,206.4424034,0.256985478,0.449462867,IGNEOUS,0.3787803,UNCONSOLDTED,0.3060321,0.3060321,0.3787803,0.2561592,0.0,0.05902619,0.0,0.0,0.0,7.888889,61.58518,84.4,1.082088106,135.1199,123.8276,140,1558.665,465.0636,1418.665,16.16,188.0946,0.667861,5,0.344326,0.232648,0.007577,0.6942,0.0674,0.0934,0.0728,0.0298,0.0205,0.0219,0.0,0.0,0.0,0.76,0.0001,0.00064,0.0,0.02602,0.00155,0.0,0.00267,0.19252,0.0,0.00192,0.00762,0.0,0.00047,0.00126,0.0022,0.0001,0.0,0.31347,0.3869,0.00233,0.05931,0.001,0.76201,8.311499,5.697188,78.077,60.56651,2.689734,2.689734,10.31147,2.151309,0.350455,0.350018,0.0,0.0,188.0946,0.0,0.0,0,0.228777,0.100169,1.0,0.728063,0.213467,0.103843,0.158655,1.40702,974.0178,0.050634,0.004891,1493.301,0.014944,0.21156,0.474377,153.0816,91.78139,54.79035,5.341177,0.590465,0.396096,0.466765,0.391339,0.257945,0.175735,0.228474,0.363793,0.510685,0.635162,0.637143,0.690403
318191,1983-11-06,2022-02-28,38.31622176591376,0.0017148981779206859,0.003578841886765443,2.3690439674798247,125,1.1391238717230088,Break O'Day River at at Killymoon (318191),Tasmania,TAMAR RIVER,No notes,-41.5967,148.0567,-41.60180366,148.1434131,55,185.7,TAS,,1400,2300,2300,Level 2,318150,0,19831106,20220228,0.001714898,11.0,8.226707987,12.53886983,6.093167426,0.0,0.0,2.750959,2.600361,0.945256,-0.082389,2.5e-05,17.798218,1.374046,jja,260.860754,5.165539,djf,0.140318334,0.168227642,217.0036219,0.0,5.911668487,0.701521709,16.64184062,17.19896744,0.01023496,1.8604367,0.51468283,0.085749052,0.578054542,0.003578842,1,4.991666667,32.1752988,50.0,169.1612903,106.9677419,0.450419711,0.37352763,0.124550697,-3.525028192,0.787717944,0.260570823,1.200023073,0.412315122,0.126701453,-8.635668972,-8.555535332,2.732167617,0.698806084,0.000611407,331.9530885,-0.907059046,226.7341934,0.263018701,0.48172032,UNCONSOLDTED,0.6492336,IGNEOUS,0.1822623,0.6492336,0.1822623,0.1685035,0.0,0.0,0.0,0.0,0.0,19.0,49.0,63.0,1.051886872,97.67474,110.3111,240,857.9911,392.9991,617.9911,12.8,24.9904,0.857125,4,0.621959,0.256651,0.025031,0.6306,0.067,0.093,0.0873,0.0722,0.0499,0.0,0.0,0.0,0.0,0.92,0.0,0.0,0.0,0.0,0.0,0.0,0.00131,0.29662,0.0,0.0,0.00313,0.0,0.0,0.00053,0.00021,0.0,0.0,0.50752,0.17873,0.00016,0.00858,0.0033,0.69499,6.399585,2.519858,86.02464,56.40658,0.098987,0.098987,7.453955,1.682626,0.007622,0.007622,0.0,0.0,24.9904,0.0,0.0,0,0.35,0.043636,0.0,0.749125,0.274236,0.266842,0.270539,3.045936,129.2945,0.045074,0.019187,2300.823,0.022729,0.291623,0.54777,143.0179,81.72794,40.43199,5.928573,0.692528,0.466614,0.554084,0.427316,0.280594,0.192502,0.249633,0.385769,0.533827,0.634373,0.705045,0.808024
318311,1988-05-05,2022-02-28,33.82067077344285,0.02833319841334089,0.01274681329667583,2.713835995341328,125,1.7176974936433365,St Pauls River U/S South Esk (318311),Tasmania,TAMAR RIVER,No notes,-41.7883,147.7267,-41.78885128,147.9472842,55,522.5,TAS,,1400,2300,2300,Level 2,318150,0,19880505,20220228,0.028333198,10.0,19.58896546,34.65283161,14.51730957,0.121427993,11.33306873,2.260291,2.559522,1.132386,-0.115399,0.000132,17.816196,1.319574,jja,254.361707,4.758197,djf,0.207329147,0.183081804,137.1997004,0.0,4.697938143,0.50667768,15.01932556,5.666020405,0.00231547,1.85601458,0.678703772,0.114221445,0.569357661,0.012746813,1,6.591346154,28.83544304,17.0,167.7894737,115.4210526,0.612007881,0.568518925,0.183744305,-4.723863356,0.600181037,0.243082035,1.788030417,0.460078534,0.116640212,-9.113100013,-7.717046416,2.7082302,0.656039101,0.003016324,292.5517459,-0.931368454,174.9565877,0.233960132,0.498547384,IGNEOUS,0.5464159,UNCONSOLDTED,0.3425502,0.3425502,0.5464159,0.1110349,0.0,0.0,0.0,0.0,0.0,19.0,49.0,63.0,0.94575757,56.02937,100.9225,208,1018.815,464.4258,810.815,16.0,59.31052,0.742376,4,0.433773,0.33065,0.013965,0.7236,0.0796,0.1035,0.0677,0.0212,0.0044,0.0,0.0,0.0,0.0,0.51,0.0005,0.0,0.0,0.00469,0.00018,0.0,0.00367,0.15679,0.0,0.00079,0.00598,0.0,8e-05,0.00124,0.00102,2e-05,0.0,0.33735,0.44555,0.00041,0.04181,0.0,0.82512,2.476081,1.661732,88.74873,75.07684,2.096187,2.096187,6.598753,1.285092,0.038812,0.038812,0.0,0.0,59.31052,0.0,0.0,0,0.392453,0.146154,0.0,0.619986,0.206955,0.001521,0.104238,0.470084,213.8883,0.00072,0.00072,1351.961,0.013259,0.211697,0.489832,152.8016,87.73556,49.60109,5.402204,0.611706,0.401639,0.488458,0.400284,0.263398,0.178241,0.232003,0.363373,0.498906,0.608142,0.63166,0.728001
319204,1972-04-28,2022-02-28,49.83983572895277,0.003955174686882004,0.006562982572247959,8.32009430640568,125,1.4704850181375895,Pipers River D/S  Yarrow Creek (319204),Tasmania,PIPER-RINGAROOMA RIVERS,No notes,-41.0667,147.11,-41.21831409,147.1733208,55,303.0,TAS,,1400,2300,2300,Not nested,,0,19720428,20220228,0.003955175,5.0,6.379149684,20.46546475,4.794663871,0.005493298,0.53608402,2.773661,2.701388,0.973943,-0.435293,0.0,21.330895,1.215676,jja,241.956888,4.640062,djf,0.623675952,0.304266857,133.2233884,0.0,2.620650525,0.719927719,11.16197589,3.559557476,0.00683216,3.01924467,0.683731581,0.101367748,0.448709464,0.006562983,1,3.625246548,23.11363636,17.0,130.45,68.5,0.644815192,0.739966874,0.135640692,-5.213989123,0.506810263,0.311694236,3.188476684,0.493506494,0.174168044,-5.960681549,-6.477003762,2.507985183,0.40634344,0.000186324,404.959834,-0.936775594,273.7706291,0.268268637,0.649229989,SILICSED,0.6131445,IGNEOUS,0.2656855,0.08781533,0.2656855,0.6131445,0.0,0.03335501,0.0,0.0,0.0,16.0,50.0,72.0,0.868881761,77.16202,76.28352,51,1149.888,247.7623,1098.888,12.67,49.74818,0.761405,4,0.39645,0.207672,0.022887,0.6758,0.0992,0.1307,0.081,0.0133,0.0,0.0,0.0,0.0,0.0,0.89,0.0,0.0,0.0,0.00041,0.00059,0.0,0.0,0.20414,0.0,0.00022,0.00095,0.0,0.0,3e-05,6e-05,2e-05,0.0,0.63174,0.15858,0.0,0.00323,0.0,0.79355,0.77522,0.422926,83.68604,43.77334,0.912327,0.912327,14.4885,2.952465,0.095055,0.095055,0.009539,0.0,49.74818,0.0,0.0,0,0.049315,0.014414,0.0,0.498307,0.278547,0.0,0.139274,4.57425,104.0176,1.0,0.098944,1375.299,0.025701,0.263679,0.466026,128.2055,78.40109,57.49367,6.513538,0.640676,0.454985,0.546549,0.517837,0.333176,0.234559,0.296592,0.476387,0.674686,0.819593,0.782918,0.738083
