raw_weighted_beta_variance,de_weighted_beta_variance,variance_reduction_fraction,raw_n_bins,de_n_bins,raw_n_gauge_bin_pairs,de_n_gauge_bin_pairs,archive,draw,n_gauges
0.5119607623579978,0.3901371832844697,0.23795491379540679,24,24,16152,9962,CAMELS-US,0,673
0.5231380803704487,0.38475027003669254,0.26453400263991467,24,24,16152,10021,CAMELS-US,1,673
0.49091760076645763,0.38560735672090535,0.21451714886802586,24,24,16152,10032,CAMELS-US,2,673
0.5283569115563863,0.4042074174471084,0.2349727833474714,24,24,16152,9906,CAMELS-US,3,673
0.48333284984893576,0.3611893730991533,0.25271089434115246,24,24,16152,9913,CAMELS-US,4,673
0.5122110954923474,0.39681348015639856,0.2252930800435442,24,24,16152,9897,CAMELS-US,5,673
0.4965341007999489,0.3864866493058804,0.22163120582609508,24,24,16152,9944,CAMELS-US,6,673
0.4976336616506158,0.38677572584798153,0.22277017080180284,24,24,16152,9980,CAMELS-US,7,673
0.4903369302628489,0.3783154580228242,0.22845815871950492,24,24,16152,10056,CAMELS-US,8,673
0.5198723041529334,0.3882678739433523,0.2531476078996244,24,24,16152,9918,CAMELS-US,9,673
0.5222428462619251,0.4065400462477641,0.22154980358722143,24,24,16152,9941,CAMELS-US,10,673
0.5499696819957549,0.4364987059822977,0.2063222387126662,24,24,16152,10002,CAMELS-US,11,673
0.4801969355457382,0.37108790544051906,0.22721725614766375,24,24,16152,9971,CAMELS-US,12,673
0.49978360490338997,0.38141531885849117,0.23683907371827417,24,24,16152,9881,CAMELS-US,13,673
0.512394594933635,0.40899759935001434,0.20179173747336776,24,24,16152,10019,CAMELS-US,14,673
0.4708125309427988,0.35824594059220166,0.23909004742329887,24,24,16152,9949,CAMELS-US,15,673
0.4813022542241079,0.3999528609172769,0.1690193482221931,24,24,16152,9888,CAMELS-US,16,673
0.48660492007914136,0.360295598166234,0.2595726362412538,24,24,16152,9896,CAMELS-US,17,673
0.5091979814324102,0.3990323155244618,0.21635134058867356,24,24,16152,10004,CAMELS-US,18,673
0.5131169795893051,0.39338335285601234,0.23334567261665495,24,24,16152,9983,CAMELS-US,19,673
0.4724997811147579,0.37070749369149864,0.21543351233539842,24,24,16152,9952,CAMELS-US,20,673
0.5083449212899884,0.41568718744447564,0.1822733541044972,24,24,16152,9931,CAMELS-US,21,673
0.5254510477049484,0.3722584851036548,0.2915448799091831,24,24,16152,9971,CAMELS-US,22,673
0.4800938117022361,0.37056059369877326,0.22814961437452885,24,24,16152,9938,CAMELS-US,23,673
0.49465248115619176,0.3647956469538546,0.2625213440733425,24,24,16152,9948,CAMELS-US,24,673
0.4715150967881991,0.38150315024757037,0.19089939464029804,24,24,16152,9953,CAMELS-US,25,673
0.5105822462495947,0.379579905038241,0.2565744151380345,24,24,16152,9990,CAMELS-US,26,673
0.46518311936206136,0.3515445626893996,0.24428779107140086,24,24,16152,9946,CAMELS-US,27,673
0.48622201411749844,0.3903943621398902,0.19708620587970938,24,24,16152,10001,CAMELS-US,28,673
0.464898707898736,0.3767556283326116,0.18959631005325073,24,24,16152,9997,CAMELS-US,29,673
0.5384738888443138,0.4067751690744902,0.24457772697665747,24,24,16152,9958,CAMELS-US,30,673
0.5146136565502524,0.3907248967428381,0.24074129831281776,24,24,16152,9909,CAMELS-US,31,673
0.5416027096816195,0.4126784855896517,0.23804205885113783,24,24,16152,9914,CAMELS-US,32,673
0.46433913405485244,0.3682879562403864,0.20685565951699325,24,24,16152,9986,CAMELS-US,33,673
0.5333274612397394,0.41433131865357853,0.22312022394187225,24,24,16152,10036,CAMELS-US,34,673
0.5157142824278547,0.4046896175106132,0.21528328514495454,24,24,16152,10017,CAMELS-US,35,673
0.46607375933991346,0.3749689501551099,0.19547294255276815,24,24,16152,9864,CAMELS-US,36,673
0.5509737604543842,0.40488725614735366,0.2651423984085086,24,24,16152,10070,CAMELS-US,37,673
0.5112463038352686,0.39507322637610504,0.22723504617570067,24,24,16152,9932,CAMELS-US,38,673
0.441869996508858,0.33199396975635803,0.2486614334999261,24,24,16152,9890,CAMELS-US,39,673
0.4790531072277343,0.37225621501490586,0.22293330447402548,24,24,16152,9824,CAMELS-US,40,673
0.45789416501144964,0.3658584236454711,0.20099784709787072,24,24,16152,10102,CAMELS-US,41,673
0.5287492684172568,0.41504434915947774,0.21504506209179286,24,24,16152,9946,CAMELS-US,42,673
0.5098134704210843,0.41153446059198523,0.1927744469912197,24,24,16152,9959,CAMELS-US,43,673
0.49239403432851,0.3862686517517793,0.21552938333515048,24,24,16152,9905,CAMELS-US,44,673
0.4992928955441703,0.36474313117682855,0.2694806306440599,24,24,16152,10033,CAMELS-US,45,673
0.46917235362134546,0.33329970157352756,0.2896007213534081,24,24,16152,9987,CAMELS-US,46,673
0.4786578546468549,0.3745959495897563,0.21740352539262853,24,24,16152,9877,CAMELS-US,47,673
0.49697008470323956,0.3775129864579153,0.24037080283545997,24,24,16152,10049,CAMELS-US,48,673
0.4957913465145413,0.3736167614895462,0.24642339138005065,24,24,16152,9947,CAMELS-US,49,673
0.5090652259558585,0.3845074548153308,0.24467939428910868,24,24,16152,9971,CAMELS-US,50,673
0.4598896619901064,0.3800400405943821,0.17362778073807206,24,24,16152,9940,CAMELS-US,51,673
0.4750928072055747,0.36947168902570604,0.22231681174277584,24,24,16152,9909,CAMELS-US,52,673
0.49662486161920627,0.39981311118579443,0.194939395739804,24,24,16152,9987,CAMELS-US,53,673
0.523078101862037,0.39607557454248304,0.2427984021266697,24,24,16152,10056,CAMELS-US,54,673
0.5006784718857762,0.40266978592572045,0.1957517478051568,24,24,16152,10038,CAMELS-US,55,673
0.503552246500259,0.3895652916426674,0.22636569621089553,24,24,16152,9878,CAMELS-US,56,673
0.5042726677031595,0.3931281694382728,0.22040555711877685,24,24,16152,9973,CAMELS-US,57,673
0.5825836673928634,0.4494674082262816,0.22849294722300417,24,24,16152,10074,CAMELS-US,58,673
0.4574520940791006,0.36160624011671466,0.20952107379753893,24,24,16152,9959,CAMELS-US,59,673
0.5459981138097338,0.38767988589397256,0.2899611260762177,24,24,16152,10001,CAMELS-US,60,673
0.497386297980974,0.3876166549437251,0.22069293722572114,24,24,16152,10033,CAMELS-US,61,673
0.49433760576273833,0.41160686948270137,0.16735675238056702,24,24,16152,9957,CAMELS-US,62,673
0.50803506331966,0.39978507165144234,0.21307582779991274,24,24,16152,9962,CAMELS-US,63,673
0.4978262501299703,0.3871067192563183,0.22240597165124543,24,24,16152,9975,CAMELS-US,64,673
0.4687327065755372,0.36486586943494237,0.22159076096785335,24,24,16152,9960,CAMELS-US,65,673
0.5016795366474117,0.3894526247007886,0.22370239116509538,24,24,16152,9810,CAMELS-US,66,673
0.48237891896323415,0.3674124657537164,0.23833225020822324,24,24,16152,9857,CAMELS-US,67,673
0.49577896552174117,0.37920435645968764,0.2351342375717258,24,24,16152,9987,CAMELS-US,68,673
0.44771547433952125,0.3558037447100424,0.2052904911653296,24,24,16152,10024,CAMELS-US,69,673
0.4600516464011321,0.39717561226138165,0.13667168595442225,24,24,16152,10048,CAMELS-US,70,673
0.45609066663452213,0.3786123384896448,0.16987483808118098,24,24,16152,10053,CAMELS-US,71,673
0.5298865097479113,0.4067210906744705,0.23243735556135525,24,24,16152,10015,CAMELS-US,72,673
0.4865118823097776,0.37518577071366555,0.2288250619236205,24,24,16152,9814,CAMELS-US,73,673
0.4899633009973661,0.39404525504914656,0.19576577623868852,24,24,16152,9962,CAMELS-US,74,673
0.47926446699382225,0.37267013695491313,0.22241233677831396,24,24,16152,10006,CAMELS-US,75,673
0.5091784659517979,0.40401921063903257,0.20652730298834043,24,24,16152,9969,CAMELS-US,76,673
0.4687568006325475,0.36984961108552455,0.21099894319091705,24,24,16152,9944,CAMELS-US,77,673
0.5166276785893196,0.40826707985006205,0.20974601870953202,24,24,16152,10006,CAMELS-US,78,673
0.5158302766792164,0.395645595094564,0.23299268580815136,24,24,16152,9955,CAMELS-US,79,673
0.5000351454630468,0.36589284588941173,0.26826574249979074,24,24,16152,9890,CAMELS-US,80,673
0.5055999774412506,0.38289998772769746,0.242681952508217,24,24,16152,9988,CAMELS-US,81,673
0.49136256228016084,0.36007113407710123,0.26719868032640426,24,24,16152,9995,CAMELS-US,82,673
0.5429487699054302,0.38660856876077404,0.2879465058404814,24,24,16152,9925,CAMELS-US,83,673
0.5073187149154225,0.3666899960233244,0.2771999430684179,24,24,16152,9926,CAMELS-US,84,673
0.48190410122175037,0.3547864998796297,0.26378194545314104,24,24,16152,9975,CAMELS-US,85,673
0.5383583873007642,0.38050223887450224,0.2932175891560368,24,24,16152,10055,CAMELS-US,86,673
0.5205248352848101,0.39663372808857356,0.23801190413604056,24,24,16152,9932,CAMELS-US,87,673
0.4607925781125029,0.3440090029278771,0.2534406601403918,24,24,16152,9942,CAMELS-US,88,673
0.49896987421350547,0.39400112437105494,0.21037091669693708,24,24,16152,10015,CAMELS-US,89,673
0.5314277908319089,0.4050253926116223,0.23785432452151878,24,24,16152,9997,CAMELS-US,90,673
0.5126625036913188,0.3842948316373186,0.2503941113885173,24,24,16152,9927,CAMELS-US,91,673
0.49457156298701554,0.3925689310503044,0.20624443370875556,24,24,16152,9835,CAMELS-US,92,673
0.4796247762885076,0.4069662705660701,0.15149030933033236,24,24,16152,9975,CAMELS-US,93,673
0.5055446755366289,0.3968777574857841,0.2149501781133315,24,24,16152,10066,CAMELS-US,94,673
0.4979731041601171,0.36980836717707594,0.2573728097207262,24,24,16152,9868,CAMELS-US,95,673
0.4935079168996309,0.4222586399249703,0.1443731185150393,24,24,16152,10050,CAMELS-US,96,673
0.5407665527352533,0.41577336659763287,0.2311407491927745,24,24,16152,10027,CAMELS-US,97,673
0.47005502912560126,0.37379389293768966,0.20478695093844024,24,24,16152,9902,CAMELS-US,98,673
0.45836704292773817,0.36672338219599554,0.19993510036494988,24,24,16152,9904,CAMELS-US,99,673
0.5062040837630095,0.3910249059636888,0.2275350624260163,24,24,16152,9973,CAMELS-US,100,673
0.5074572779458337,0.38156546852797024,0.24808356267441545,24,24,16152,9975,CAMELS-US,101,673
0.5056309182714908,0.41115833274822006,0.18684099826455847,24,24,16152,10026,CAMELS-US,102,673
0.5405637388573085,0.4028555645779557,0.25474918937487834,24,24,16152,10033,CAMELS-US,103,673
0.5231876482307859,0.3695115866786155,0.293730293656286,24,24,16152,10049,CAMELS-US,104,673
0.5519454381904603,0.3904203523852478,0.2926468354096168,24,24,16152,10012,CAMELS-US,105,673
0.503907138882196,0.38904769014210766,0.22793772875470275,24,24,16152,9920,CAMELS-US,106,673
0.49677813590953324,0.37421668178843964,0.24671265754621075,24,24,16152,9965,CAMELS-US,107,673
0.4747893631794211,0.3664117169397705,0.228264688816744,24,24,16152,9938,CAMELS-US,108,673
0.5613098176303941,0.4186121044890736,0.25422272808932544,24,24,16152,9942,CAMELS-US,109,673
0.4736306339798956,0.3579637540152462,0.24421325747599154,24,24,16152,9946,CAMELS-US,110,673
0.49926571661834024,0.3993196541178302,0.20018611167109834,24,24,16152,9867,CAMELS-US,111,673
0.49951059472305864,0.3871305437347854,0.2249803150833659,24,24,16152,10133,CAMELS-US,112,673
0.4995799039988391,0.38541397171530156,0.2285238684937232,24,24,16152,9952,CAMELS-US,113,673
0.49293270805898304,0.3718914714639148,0.24555326643202735,24,24,16152,9966,CAMELS-US,114,673
0.5271792457524346,0.38688848050059754,0.2661158730776707,24,24,16152,10089,CAMELS-US,115,673
0.460044354338896,0.37014207004016736,0.195420905507953,24,24,16152,9961,CAMELS-US,116,673
0.45154021541805706,0.3507866041538412,0.22313319572418022,24,24,16152,10027,CAMELS-US,117,673
0.5129176502845637,0.3826655873614142,0.2539434212312375,24,24,16152,9923,CAMELS-US,118,673
0.5262984695914351,0.3820433323337297,0.2740937806064503,24,24,16152,10068,CAMELS-US,119,673
0.4917573815828886,0.3833533543090926,0.22044209468673504,24,24,16152,9931,CAMELS-US,120,673
0.4799014286859869,0.39052723244490417,0.1862344867065665,24,24,16152,9979,CAMELS-US,121,673
0.5507080779040474,0.4328097954642487,0.21408489755318372,24,24,16152,10011,CAMELS-US,122,673
0.5150488827332671,0.39069392191809715,0.24144302605850088,24,24,16152,10039,CAMELS-US,123,673
0.5349165547604242,0.4076767308709563,0.23786854745307984,24,24,16152,10011,CAMELS-US,124,673
0.5200223418342416,0.38571323096963256,0.2582756548321925,24,24,16152,9942,CAMELS-US,125,673
0.4942755736746775,0.3816954311826408,0.22776796687536638,24,24,16152,9940,CAMELS-US,126,673
0.5421914074579539,0.4167560398131198,0.23134886669070165,24,24,16152,9945,CAMELS-US,127,673
0.4786029105842911,0.37032818844575766,0.22623080583933097,24,24,16152,9978,CAMELS-US,128,673
0.5000053278286973,0.3940713787980366,0.21186564049364265,24,24,16152,10028,CAMELS-US,129,673
0.5846298156211255,0.45048165481453917,0.2294582951847297,24,24,16152,10064,CAMELS-US,130,673
0.5431402992400084,0.4065028071877191,0.2515694236709741,24,24,16152,9975,CAMELS-US,131,673
0.5414212966005504,0.41390391450533065,0.2355233953593434,24,24,16152,10019,CAMELS-US,132,673
0.5164928731697523,0.3837048309898967,0.2570955943010913,24,24,16152,10017,CAMELS-US,133,673
0.5403833291864376,0.4060829413048363,0.24852799971419237,24,24,16152,9985,CAMELS-US,134,673
0.5038547108707719,0.3870535196157917,0.23181522120359266,24,24,16152,9974,CAMELS-US,135,673
0.46073521913402865,0.3706482529979549,0.19552871670065952,24,24,16152,9964,CAMELS-US,136,673
0.4604784685888253,0.36066780826877076,0.21675423961935214,24,24,16152,9910,CAMELS-US,137,673
0.4526432690846223,0.3746688050225228,0.17226471569937796,24,24,16152,9874,CAMELS-US,138,673
0.49350294717342885,0.40596076368476336,0.17738938336654164,24,24,16152,9984,CAMELS-US,139,673
0.5431414274639205,0.41719936800428514,0.23187710068019318,24,24,16152,9920,CAMELS-US,140,673
0.5119671974198008,0.4026607786504572,0.21350277775651116,24,24,16152,9957,CAMELS-US,141,673
0.5003934498676432,0.386049905073023,0.22850727727324305,24,24,16152,9959,CAMELS-US,142,673
0.4723106357047272,0.3496641896050893,0.2596732676083804,24,24,16152,10001,CAMELS-US,143,673
0.5055195829163143,0.384619443651641,0.23916014997323565,24,24,16152,9896,CAMELS-US,144,673
0.47627176281509326,0.38551769757863064,0.19055100957496152,24,24,16152,9861,CAMELS-US,145,673
0.5061393371529217,0.3766531074601177,0.25583119150780775,24,24,16152,9981,CAMELS-US,146,673
0.5131831262204912,0.37894100476126874,0.2615871695702341,24,24,16152,10045,CAMELS-US,147,673
0.5271656182871027,0.41396366876600893,0.21473697372168576,24,24,16152,9981,CAMELS-US,148,673
0.4854989460945921,0.36811470065123586,0.24178063904691915,24,24,16152,9885,CAMELS-US,149,673
0.49052022572699594,0.3900098937386405,0.20490558129257552,24,24,16152,9965,CAMELS-US,150,673
0.5186536958457227,0.38870096684756517,0.2505578000099954,24,24,16152,9938,CAMELS-US,151,673
0.48909533487841217,0.39623406100612796,0.1898633400283184,24,24,16152,9913,CAMELS-US,152,673
0.46460826572976777,0.3659685040993293,0.21230737571038127,24,24,16152,10003,CAMELS-US,153,673
0.48843215412558505,0.38666380633229563,0.20835718314958207,24,24,16152,9920,CAMELS-US,154,673
0.49270792063903024,0.373385450709427,0.24217688600346599,24,24,16152,9910,CAMELS-US,155,673
0.49425499485160207,0.3834466549918904,0.22419265564120683,24,24,16152,9990,CAMELS-US,156,673
0.4936179152078663,0.4016398537543191,0.18633452842734555,24,24,16152,10000,CAMELS-US,157,673
0.5035415539748054,0.3788559354007537,0.24761733682120368,24,24,16152,10004,CAMELS-US,158,673
0.5051200311944899,0.37050012292713963,0.2665107300318419,24,24,16152,9944,CAMELS-US,159,673
0.4633346873435105,0.36903733966797814,0.20351886066674196,24,24,16152,9960,CAMELS-US,160,673
0.4938848856271871,0.39661656942018336,0.1969453187122383,24,24,16152,9948,CAMELS-US,161,673
0.4594961133686312,0.3731348992041535,0.18794764885246018,24,24,16152,9897,CAMELS-US,162,673
0.4960420305095187,0.36609907619476917,0.26195956455801994,24,24,16152,9919,CAMELS-US,163,673
0.5308968791699248,0.39838298345183104,0.24960383252823726,24,24,16152,9953,CAMELS-US,164,673
0.488536158888934,0.4062309026043131,0.16847321285655859,24,24,16152,9959,CAMELS-US,165,673
0.49631003858071354,0.4119059286668924,0.17006327366496476,24,24,16152,10073,CAMELS-US,166,673
0.48641140692037926,0.392386817857724,0.1933025988390239,24,24,16152,9833,CAMELS-US,167,673
0.5270827178207714,0.4008624442683596,0.23946957334186703,24,24,16152,9992,CAMELS-US,168,673
0.5360655235485299,0.3918151913372622,0.269090858998711,24,24,16152,9903,CAMELS-US,169,673
0.4849282088150293,0.37521418318575883,0.22624797575164313,24,24,16152,9910,CAMELS-US,170,673
0.5156836433287333,0.3923020098118268,0.23925838081750894,24,24,16152,10160,CAMELS-US,171,673
0.48716673102620356,0.3896406793277037,0.20019029520563503,24,24,16152,9973,CAMELS-US,172,673
0.4437456744450915,0.37397119917657656,0.15723978685711948,24,24,16152,9837,CAMELS-US,173,673
0.48620972857356476,0.368266052084644,0.2425777798295855,24,24,16152,9953,CAMELS-US,174,673
0.5294190594658507,0.4126940893815222,0.22047746109121258,24,24,16152,9942,CAMELS-US,175,673
0.4942546806687402,0.39408855414224536,0.20266095687949237,24,24,16152,9922,CAMELS-US,176,673
0.49330804459157324,0.3795039425767111,0.2306958162603744,24,24,16152,9981,CAMELS-US,177,673
0.49679284137023094,0.3767011245021169,0.24173399225496617,24,24,16152,9998,CAMELS-US,178,673
0.5153273775145064,0.4103491643579959,0.20371169422985946,24,24,16152,9969,CAMELS-US,179,673
0.5325608610734484,0.39902526032389046,0.25074242309207406,24,24,16152,10021,CAMELS-US,180,673
0.5093283191330653,0.3841659434412709,0.24574006783057922,24,24,16152,9989,CAMELS-US,181,673
0.5071859495136031,0.39825161897573447,0.21478183818447227,24,24,16152,9972,CAMELS-US,182,673
0.5200492458557665,0.4017771461036248,0.2274248077362735,24,24,16152,9992,CAMELS-US,183,673
0.5051919646124924,0.3925092326169456,0.22304933547781214,24,24,16152,10029,CAMELS-US,184,673
0.5107296948378633,0.3806484941817028,0.25469676420020226,24,24,16152,10007,CAMELS-US,185,673
0.516092461140696,0.41593145707771456,0.19407569690438808,24,24,16152,10115,CAMELS-US,186,673
0.48465500493747665,0.373069424448156,0.23023713642184684,24,24,16152,9871,CAMELS-US,187,673
0.47170047626567163,0.33516427710454405,0.2894552921422694,24,24,16152,9895,CAMELS-US,188,673
0.4883179279630809,0.37484943505836976,0.23236601895413078,24,24,16152,9959,CAMELS-US,189,673
0.45260945376557266,0.36878073806444966,0.18521202993815888,24,24,16152,9913,CAMELS-US,190,673
0.5390391495892022,0.40480742414827225,0.24902036437098674,24,24,16152,10017,CAMELS-US,191,673
0.4841199140513864,0.37294678163992717,0.2296396598956243,24,24,16152,9940,CAMELS-US,192,673
0.48904470944971246,0.3713105394963891,0.24074316249285532,24,24,16152,9998,CAMELS-US,193,673
0.4801677742876266,0.3712283317490012,0.22687787138619853,24,24,16152,9901,CAMELS-US,194,673
0.4816085001604056,0.36109759281227294,0.2502258728988276,24,24,16152,9935,CAMELS-US,195,673
0.5266039690462662,0.40121738667493667,0.23810413468477543,24,24,16152,9909,CAMELS-US,196,673
0.476240272313731,0.3789438984666512,0.20430102094134583,24,24,16152,9979,CAMELS-US,197,673
0.4947173427320213,0.3831245199453943,0.22556885143821326,24,24,16152,9983,CAMELS-US,198,673
0.49003987709515423,0.3526171431981768,0.2804317369263669,24,24,16152,9877,CAMELS-US,199,673
0.4737730320026229,0.3664150706074121,0.22660209455445846,24,24,16152,9961,CAMELS-US,200,673
0.5379916578698732,0.41265436191933474,0.23297256401112165,24,24,16152,10023,CAMELS-US,201,673
0.5267627798318335,0.3889700719230528,0.26158398653900794,24,24,16152,9830,CAMELS-US,202,673
0.5065290282984649,0.37928329009546974,0.25121114703028913,24,24,16152,10004,CAMELS-US,203,673
0.47684811674399324,0.36307887020694846,0.23858591979744448,24,24,16152,9951,CAMELS-US,204,673
0.5086535081209312,0.3970038857681886,0.2195003486070486,24,24,16152,9999,CAMELS-US,205,673
0.49835204250759696,0.38928632679088976,0.21885275149653793,24,24,16152,10090,CAMELS-US,206,673
0.5031369209185772,0.3975410638358846,0.20987499166212287,24,24,16152,9986,CAMELS-US,207,673
0.506398301417451,0.38809027023720644,0.2336264376264504,24,24,16152,9909,CAMELS-US,208,673
0.5046074758497322,0.38540619057443337,0.23622576156758324,24,24,16152,10088,CAMELS-US,209,673
0.4717210662453093,0.37065515509802627,0.21424930616672033,24,24,16152,9952,CAMELS-US,210,673
0.48964984644495785,0.3987385111093925,0.18566601418465833,24,24,16152,10026,CAMELS-US,211,673
0.47090206793500294,0.3784307400446739,0.19637061331209216,24,24,16152,10047,CAMELS-US,212,673
0.5033044878638547,0.38640997618661516,0.2322540618967417,24,24,16152,9996,CAMELS-US,213,673
0.514120933363621,0.38522169221875185,0.25071774514519307,24,24,16152,10000,CAMELS-US,214,673
0.4780484632490582,0.364849103647475,0.23679473589816247,24,24,16152,9902,CAMELS-US,215,673
0.4899588558618202,0.363875096211377,0.257335403048622,24,24,16152,9992,CAMELS-US,216,673
0.5370769915946162,0.4086584859261678,0.23910632493707384,24,24,16152,9964,CAMELS-US,217,673
0.5003996307500741,0.38772778453063855,0.22516372774005866,24,24,16152,9930,CAMELS-US,218,673
0.5706352447085888,0.4010933522620913,0.29711079716619837,24,24,16152,9944,CAMELS-US,219,673
0.4713022475838178,0.3897619276961164,0.17301067479675025,24,24,16152,10060,CAMELS-US,220,673
0.5032585372750656,0.3761607937240119,0.25254960251491176,24,24,16152,9989,CAMELS-US,221,673
0.49895224263803584,0.37505154045377637,0.2483217662860432,24,24,16152,10064,CAMELS-US,222,673
0.48229389650141985,0.3658120364855631,0.24151634690138324,24,24,16152,9915,CAMELS-US,223,673
0.5172591736959717,0.3847165827974629,0.2562401937725963,24,24,16152,9934,CAMELS-US,224,673
0.4728921460988716,0.3639915616603257,0.23028630383676774,24,24,16152,9953,CAMELS-US,225,673
0.5034730663392074,0.38592493122923316,0.23347452519094236,24,24,16152,9986,CAMELS-US,226,673
0.4771023476305968,0.39561715716561435,0.17079184554353422,24,24,16152,10026,CAMELS-US,227,673
0.47799429597058885,0.392909190532875,0.17800443677877942,24,24,16152,9901,CAMELS-US,228,673
0.5236823563155336,0.40279074971731427,0.2308491113750235,24,24,16152,9860,CAMELS-US,229,673
0.5071555315422417,0.38681683014777707,0.2372816501251972,24,24,16152,9949,CAMELS-US,230,673
0.5192094808534792,0.36793437983009286,0.2913565845806967,24,24,16152,9831,CAMELS-US,231,673
0.49471735762148134,0.3742331581899348,0.2435414839916159,24,24,16152,9988,CAMELS-US,232,673
0.49227465606255016,0.38224524131357657,0.22351224746982068,24,24,16152,9907,CAMELS-US,233,673
0.5446698786375751,0.40462160856562485,0.25712505053935386,24,24,16152,10022,CAMELS-US,234,673
0.5025865914059416,0.3966012968527271,0.21087967002209518,24,24,16152,9963,CAMELS-US,235,673
0.4551377207225595,0.3414737049566352,0.24973543301459522,24,24,16152,9989,CAMELS-US,236,673
0.5082295583880749,0.3734680306477071,0.2651587762187305,24,24,16152,9954,CAMELS-US,237,673
0.518010805913237,0.3887416276050606,0.24954919247346363,24,24,16152,9960,CAMELS-US,238,673
0.5563162424373244,0.4074935077677624,0.26751463163746947,24,24,16152,10021,CAMELS-US,239,673
0.48459686444990246,0.3932403951809342,0.18852055382709287,24,24,16152,10098,CAMELS-US,240,673
0.4923655242732298,0.38634510690506974,0.21532867786519894,24,24,16152,9873,CAMELS-US,241,673
0.5013972596106514,0.3749975488843227,0.2520949373047662,24,24,16152,10072,CAMELS-US,242,673
0.49975671267368266,0.38141115087119504,0.23680634757128638,24,24,16152,9929,CAMELS-US,243,673
0.5173093469481679,0.3821757730916378,0.26122391689564783,24,24,16152,9941,CAMELS-US,244,673
0.4834320639597885,0.37025330389796035,0.2341151290933865,24,24,16152,9983,CAMELS-US,245,673
0.4787459773710396,0.3702235454613005,0.226680613601546,24,24,16152,10006,CAMELS-US,246,673
0.46536872630584525,0.37301573377324215,0.19845122225060674,24,24,16152,9999,CAMELS-US,247,673
0.48929881483663745,0.39310191342803,0.19660154182209655,24,24,16152,10019,CAMELS-US,248,673
0.4521614653350017,0.34205088873647926,0.24352047894426976,24,24,16152,9987,CAMELS-US,249,673
0.5101295900065728,0.41830703159570715,0.17999849491122943,24,24,16152,9937,CAMELS-US,250,673
0.48754055429394233,0.3520541439948005,0.2778977238013639,24,24,16152,10019,CAMELS-US,251,673
0.48242830999250197,0.369729156073115,0.2336080855643371,24,24,16152,9987,CAMELS-US,252,673
0.48495582864751713,0.35602233826441143,0.26586646198827124,24,24,16152,9940,CAMELS-US,253,673
0.5160288903584695,0.4195540595175868,0.1869562589293492,24,24,16152,9942,CAMELS-US,254,673
0.47473820289581503,0.34406366947077843,0.27525598872798984,24,24,16152,9923,CAMELS-US,255,673
0.43677519725915953,0.3488695259655741,0.20126067561804983,24,24,16152,9986,CAMELS-US,256,673
0.5245714180799119,0.40310429329156855,0.23155498107950545,24,24,16152,10014,CAMELS-US,257,673
0.5331220402732861,0.36201933182937285,0.32094472844567357,24,24,16152,9906,CAMELS-US,258,673
0.5423708848834344,0.3809573892493009,0.29760722806649975,24,24,16152,9956,CAMELS-US,259,673
0.5006172678677697,0.39289055419222924,0.21518777035872205,24,24,16152,9997,CAMELS-US,260,673
0.4900464810661956,0.3731640613308785,0.23851292530662738,24,24,16152,9954,CAMELS-US,261,673
0.4919682457125412,0.36544412651932623,0.257179442567404,24,24,16152,9936,CAMELS-US,262,673
0.5121772114966775,0.36540802164944103,0.286559391071597,24,24,16152,9880,CAMELS-US,263,673
0.5054653744475137,0.3684100107867986,0.27114688876665405,24,24,16152,9982,CAMELS-US,264,673
0.5111959768871314,0.3974984275533455,0.22241479681849985,24,24,16152,9947,CAMELS-US,265,673
0.5122445953026642,0.4164551233504586,0.1869994780435068,24,24,16152,10049,CAMELS-US,266,673
0.47191305445845555,0.37452295679076364,0.20637296796006643,24,24,16152,10020,CAMELS-US,267,673
0.49415602995741453,0.3646278575276754,0.2621199875693142,24,24,16152,9930,CAMELS-US,268,673
0.5006712614352357,0.4019799237917393,0.1971180398103648,24,24,16152,10059,CAMELS-US,269,673
0.5135498918316016,0.3767348106677359,0.26641049553317564,24,24,16152,9997,CAMELS-US,270,673
0.49849554695828124,0.36245530734474746,0.27290161455528283,24,24,16152,9947,CAMELS-US,271,673
0.47621356284425187,0.37276623310229523,0.21722886077436154,24,24,16152,9963,CAMELS-US,272,673
0.4391872269777525,0.34770351577811187,0.20830230384699877,24,24,16152,9954,CAMELS-US,273,673
0.46267731476249935,0.3957238881809142,0.14470868669226533,24,24,16152,9988,CAMELS-US,274,673
0.5113209976199088,0.3921898778998589,0.2329869500266567,24,24,16152,10061,CAMELS-US,275,673
0.5097440309795551,0.392978338423519,0.22906730723585345,24,24,16152,9902,CAMELS-US,276,673
0.49695764705379647,0.38459152772384103,0.22610803958066794,24,24,16152,9851,CAMELS-US,277,673
0.4892226612433187,0.3789337696316161,0.22543700516941,24,24,16152,9939,CAMELS-US,278,673
0.4962331162605087,0.3699660588689833,0.2544510901308704,24,24,16152,9917,CAMELS-US,279,673
0.5278272984089925,0.40669121206406833,0.22949947210017274,24,24,16152,9910,CAMELS-US,280,673
0.5507482383938795,0.4222383497886684,0.23333690359133652,24,24,16152,9958,CAMELS-US,281,673
0.5056702253928049,0.36520475411315356,0.27778078325758193,24,24,16152,9900,CAMELS-US,282,673
0.4486280933387106,0.3534911407836182,0.21206195948871343,24,24,16152,9971,CAMELS-US,283,673
0.537496133568285,0.388385567302421,0.2774170025669971,24,24,16152,9982,CAMELS-US,284,673
0.5054599810894252,0.3774351280097166,0.25328385603104486,24,24,16152,10024,CAMELS-US,285,673
0.5300928016369693,0.38902198466973426,0.266124755008174,24,24,16152,9996,CAMELS-US,286,673
0.48345457451788887,0.3874000378608391,0.1986836855413715,24,24,16152,10063,CAMELS-US,287,673
0.5241591456481387,0.3917341942974068,0.2526426419346064,24,24,16152,9935,CAMELS-US,288,673
0.48924361157493423,0.3911278557239517,0.20054580893787466,24,24,16152,10027,CAMELS-US,289,673
0.5274395660102086,0.3932836314999132,0.25435318689705355,24,24,16152,9989,CAMELS-US,290,673
0.4745922366350535,0.36757861140434794,0.2254854103586943,24,24,16152,10027,CAMELS-US,291,673
0.5070962970402277,0.36948123025532187,0.27137856771608204,24,24,16152,9983,CAMELS-US,292,673
0.5358484089856022,0.3895850502491721,0.2729565979552251,24,24,16152,9991,CAMELS-US,293,673
0.5462178547168326,0.4070790516096085,0.25473133458692176,24,24,16152,10039,CAMELS-US,294,673
0.5008657675815876,0.39646327557794997,0.20844405579511127,24,24,16152,10075,CAMELS-US,295,673
0.505013326833017,0.3865604871567629,0.23455388874405025,24,24,16152,9899,CAMELS-US,296,673
0.4909417666531376,0.4059043665149194,0.1732128042760298,24,24,16152,10044,CAMELS-US,297,673
0.4972905994532071,0.3745568069030648,0.24680497215329122,24,24,16152,10025,CAMELS-US,298,673
0.4979774808455916,0.36868404599201415,0.25963711177065774,24,24,16152,9983,CAMELS-US,299,673
0.49129003171922764,0.3669802900552957,0.25302720111971455,24,24,16152,9975,CAMELS-US,300,673
0.48980949768365317,0.37412377896482,0.2361851276178184,24,24,16152,9994,CAMELS-US,301,673
0.5260836720758699,0.36992490735843503,0.296832562967121,24,24,16152,9883,CAMELS-US,302,673
0.5316392026853219,0.3979693797164838,0.25142958287061745,24,24,16152,10008,CAMELS-US,303,673
0.46558247237919764,0.36064526546703096,0.22538908386289003,24,24,16152,9875,CAMELS-US,304,673
0.47946951504362423,0.3722643827852091,0.22359113331461988,24,24,16152,9966,CAMELS-US,305,673
0.46802024418777954,0.35716144717234355,0.2368675252666146,24,24,16152,10044,CAMELS-US,306,673
0.49557707374778487,0.3836698141991527,0.22581201891027225,24,24,16152,9916,CAMELS-US,307,673
0.5283036635075788,0.4277530845116484,0.19032724158742842,24,24,16152,10008,CAMELS-US,308,673
0.4826739418996391,0.3738504361209289,0.22545966610589796,24,24,16152,9962,CAMELS-US,309,673
0.5293296522539929,0.40178995100380915,0.24094569557381462,24,24,16152,9975,CAMELS-US,310,673
0.47747921391680187,0.36014573015988377,0.2457352704307727,24,24,16152,9885,CAMELS-US,311,673
0.5453386794436923,0.41659072148361975,0.23608807299605106,24,24,16152,10059,CAMELS-US,312,673
0.5054339293937814,0.3848248243087901,0.23862486879274236,24,24,16152,9927,CAMELS-US,313,673
0.4919517921915823,0.3852313087988914,0.21693280741445176,24,24,16152,9950,CAMELS-US,314,673
0.5495856616419581,0.387622911257683,0.29469973779954606,24,24,16152,9883,CAMELS-US,315,673
0.5531379797692616,0.40890090888364283,0.26076146668826905,24,24,16152,9989,CAMELS-US,316,673
0.5257151608665467,0.4195816276500485,0.20188410210874674,24,24,16152,9929,CAMELS-US,317,673
0.4730101358050626,0.3755251457369782,0.20609492839337384,24,24,16152,9952,CAMELS-US,318,673
0.5341423404749813,0.42562727421406854,0.20315758186182498,24,24,16152,9938,CAMELS-US,319,673
0.5065101691339107,0.38838333785755563,0.2332170970591605,24,24,16152,10013,CAMELS-US,320,673
0.5156474608011269,0.40366058817643,0.21717720174692678,24,24,16152,10003,CAMELS-US,321,673
0.5086159978190653,0.41211635528158486,0.1897298609388397,24,24,16152,9919,CAMELS-US,322,673
0.4880063026568826,0.3846303780358786,0.21183317522373823,24,24,16152,10023,CAMELS-US,323,673
0.4891987566089087,0.3745282088397723,0.23440482262061457,24,24,16152,9928,CAMELS-US,324,673
0.4704756910200438,0.3790012803287235,0.19442962184293422,24,24,16152,9916,CAMELS-US,325,673
0.4584810750252656,0.3636253214197408,0.20689131737945243,24,24,16152,10010,CAMELS-US,326,673
0.5267887241606396,0.4021838351413949,0.2365367429186801,24,24,16152,9956,CAMELS-US,327,673
0.5130767788863793,0.390955418982439,0.23801770988155357,24,24,16152,10031,CAMELS-US,328,673
0.4952913536055065,0.39073295008485426,0.2111048431585013,24,24,16152,9944,CAMELS-US,329,673
0.5218893171538866,0.39100835237554193,0.25078299263165904,24,24,16152,10059,CAMELS-US,330,673
0.4980621603689432,0.39336917064698834,0.21020064974300146,24,24,16152,10105,CAMELS-US,331,673
0.4593663717601614,0.36790400832228465,0.19910548324950073,24,24,16152,10018,CAMELS-US,332,673
0.5422407638257349,0.4084687726700462,0.2467022033014845,24,24,16152,9882,CAMELS-US,333,673
0.48420022967509757,0.35400515187721227,0.2688868567560311,24,24,16152,9893,CAMELS-US,334,673
0.5571528798803341,0.426250364072941,0.23494900687852238,24,24,16152,9988,CAMELS-US,335,673
0.48916693090855196,0.36885393562072516,0.24595488305876279,24,24,16152,10017,CAMELS-US,336,673
0.4748943259847566,0.3815751436534645,0.19650515330496388,24,24,16152,10027,CAMELS-US,337,673
0.49924118499562425,0.4294692046501498,0.1397560586795057,24,24,16152,9942,CAMELS-US,338,673
0.49568658616901756,0.3811849308647456,0.2309960739289192,24,24,16152,9909,CAMELS-US,339,673
0.47414528615494667,0.3676473889687248,0.2246102624996239,24,24,16152,9985,CAMELS-US,340,673
0.5181530679262109,0.3975306512321296,0.23279301843535327,24,24,16152,10015,CAMELS-US,341,673
0.4911435725391906,0.37535312379925917,0.23575682389835606,24,24,16152,9905,CAMELS-US,342,673
0.47312520816082826,0.391017451616338,0.17354339850896205,24,24,16152,9957,CAMELS-US,343,673
0.49739758869805684,0.3673480021715915,0.2614600261068242,24,24,16152,9941,CAMELS-US,344,673
0.5364895447726367,0.42160897610364456,0.21413384433741067,24,24,16152,9880,CAMELS-US,345,673
0.5095869182479942,0.39112447128932915,0.2324675981988502,24,24,16152,9883,CAMELS-US,346,673
0.5196424248964863,0.3930244675935324,0.24366362567139588,24,24,16152,9972,CAMELS-US,347,673
0.5089580983875754,0.3786077024956185,0.25611223459243226,24,24,16152,9970,CAMELS-US,348,673
0.512213836551861,0.3797281839620016,0.2586530139086656,24,24,16152,9954,CAMELS-US,349,673
0.5001749511382886,0.3918341443804033,0.21660582264530703,24,24,16152,10096,CAMELS-US,350,673
0.49525734727751736,0.3895150976104479,0.21350970409292447,24,24,16152,9987,CAMELS-US,351,673
0.5434866456844433,0.4060366728541028,0.2529040481891547,24,24,16152,9995,CAMELS-US,352,673
0.5018512373112585,0.3831513302094063,0.23652408976374018,24,24,16152,9841,CAMELS-US,353,673
0.48541582736418715,0.3638502382420747,0.2504359814186835,24,24,16152,9847,CAMELS-US,354,673
0.4891625032091467,0.38523942773962344,0.21245102555436435,24,24,16152,9934,CAMELS-US,355,673
0.5194690488638624,0.41651835954119026,0.19818445304457877,24,24,16152,9933,CAMELS-US,356,673
0.5128201860782904,0.38224266715243777,0.25462632413989617,24,24,16152,9966,CAMELS-US,357,673
0.4919545157598727,0.3907545327253891,0.20571003983604075,24,24,16152,9933,CAMELS-US,358,673
0.5091758429901952,0.3715996789540596,0.27019381600706627,24,24,16152,9927,CAMELS-US,359,673
0.4804186388196282,0.3834653152553249,0.20181007923113525,24,24,16152,10030,CAMELS-US,360,673
0.5009056921800024,0.3747885650074593,0.2517781872744669,24,24,16152,10085,CAMELS-US,361,673
0.4994252068767761,0.391849664068358,0.21539870500561342,24,24,16152,9965,CAMELS-US,362,673
0.5069095965546057,0.3726497942241105,0.26485946062777355,24,24,16152,9965,CAMELS-US,363,673
0.5361276014381082,0.3918812357986502,0.2690523025722453,24,24,16152,10017,CAMELS-US,364,673
0.4654042325750892,0.3645193968982908,0.21676819550737847,24,24,16152,9982,CAMELS-US,365,673
0.5143655199861914,0.3946872822051016,0.23267157912198833,24,24,16152,10013,CAMELS-US,366,673
0.5259675958234171,0.385360046304519,0.2673312018372026,24,24,16152,9923,CAMELS-US,367,673
0.510462171576115,0.40105532277680284,0.2143290039720377,24,24,16152,9942,CAMELS-US,368,673
0.45422370837841053,0.34366937454948304,0.2433918172690921,24,24,16152,9933,CAMELS-US,369,673
0.5003837249179707,0.39050693458178726,0.2195850601539765,24,24,16152,9949,CAMELS-US,370,673
0.5000722421783236,0.39872612489476905,0.20266295294073722,24,24,16152,10035,CAMELS-US,371,673
0.5271161561294173,0.36505971433373974,0.30743971686553573,24,24,16152,10029,CAMELS-US,372,673
0.48051056621882754,0.3644282337411457,0.24158122763281176,24,24,16152,9906,CAMELS-US,373,673
0.48885873981714284,0.3933170452352237,0.1954382458573951,24,24,16152,9920,CAMELS-US,374,673
0.5253361685914492,0.38150309792010356,0.27379243857699,24,24,16152,9921,CAMELS-US,375,673
0.5261898112775468,0.4055031851510541,0.22935948880020163,24,24,16152,9928,CAMELS-US,376,673
0.4945161517591756,0.3905363683615291,0.21026569714204935,24,24,16152,9854,CAMELS-US,377,673
0.4739346488901557,0.38243249451094613,0.19306913852677,24,24,16152,9922,CAMELS-US,378,673
0.47740694268487616,0.3729628676796179,0.21877368271579378,24,24,16152,9950,CAMELS-US,379,673
0.5435952016622237,0.41719242138784063,0.23253108174587345,24,24,16152,10103,CAMELS-US,380,673
0.5177607119207174,0.39920730204045535,0.22897335999185597,24,24,16152,9951,CAMELS-US,381,673
0.5057713689391174,0.36425317473546026,0.2798066535488143,24,24,16152,9987,CAMELS-US,382,673
0.487012720297471,0.3892423245164084,0.2007553226152773,24,24,16152,9936,CAMELS-US,383,673
0.5252516006814518,0.4152473959177234,0.20943145079617265,24,24,16152,10012,CAMELS-US,384,673
0.5023558461812883,0.3655929247120995,0.2722431171226667,24,24,16152,9956,CAMELS-US,385,673
0.4983737678147159,0.39014481880073604,0.21716421690600884,24,24,16152,9967,CAMELS-US,386,673
0.5112625105728691,0.3688256226355077,0.2785983423227355,24,24,16152,9933,CAMELS-US,387,673
0.4902287383099514,0.386176060919146,0.21225332025520127,24,24,16152,9926,CAMELS-US,388,673
0.48630718907480247,0.36655792919205116,0.24624201034447757,24,24,16152,9949,CAMELS-US,389,673
0.5070716310620735,0.3854881839569521,0.23977568386238057,24,24,16152,9990,CAMELS-US,390,673
0.5035960866141055,0.3726013110727883,0.2601187321014581,24,24,16152,9973,CAMELS-US,391,673
0.5112083198049233,0.40649042350207987,0.20484388114576013,24,24,16152,9973,CAMELS-US,392,673
0.5361078278600835,0.397551742783403,0.25844816635067236,24,24,16152,9999,CAMELS-US,393,673
0.5392208840525003,0.4262198300968211,0.20956357088105126,24,24,16152,10074,CAMELS-US,394,673
0.45736585518148737,0.3570973982613608,0.2192303071691678,24,24,16152,9968,CAMELS-US,395,673
0.47704184185891635,0.3512215229863206,0.2637511174749462,24,24,16152,9867,CAMELS-US,396,673
0.469002979844416,0.37861567993263173,0.19272222948725992,24,24,16152,9960,CAMELS-US,397,673
0.5111676948336852,0.4082556138388972,0.20132743527204267,24,24,16152,9954,CAMELS-US,398,673
0.5118154442227039,0.3903948317228965,0.23723514768924048,24,24,16152,9971,CAMELS-US,399,673
0.4676780731920008,0.34715452581910855,0.2577062177627738,24,24,16152,9870,CAMELS-US,400,673
0.4902913338377088,0.3894234760506506,0.205730452132459,24,24,16152,9944,CAMELS-US,401,673
0.5016179552650333,0.3890757017110324,0.22435850306542238,24,24,16152,9998,CAMELS-US,402,673
0.5139147145605143,0.39670821719967647,0.2280660468363308,24,24,16152,9927,CAMELS-US,403,673
0.48586330910474773,0.3880411751128195,0.20133673845875588,24,24,16152,9916,CAMELS-US,404,673
0.4812959982484702,0.3662242965878453,0.23908717728672835,24,24,16152,9896,CAMELS-US,405,673
0.4698981161451401,0.3744004256351966,0.20323063070218095,24,24,16152,10003,CAMELS-US,406,673
0.48229766319054124,0.3836263192766818,0.20458598795838945,24,24,16152,10005,CAMELS-US,407,673
0.4764190524753056,0.3511197145848133,0.26300236575233726,24,24,16152,9985,CAMELS-US,408,673
0.5105279212490518,0.3928633454289237,0.23047627940162663,24,24,16152,9834,CAMELS-US,409,673
0.4825139992196078,0.3765730780994484,0.2195603055901022,24,24,16152,10090,CAMELS-US,410,673
0.49527589352187334,0.3994665132733347,0.19344648407424925,24,24,16152,10031,CAMELS-US,411,673
0.5275434266250026,0.3972167049928651,0.24704453710268404,24,24,16152,9952,CAMELS-US,412,673
0.5280012572981287,0.3967685877598121,0.2485461307608552,24,24,16152,10038,CAMELS-US,413,673
0.5379025969765946,0.3939301626584912,0.2676552132808684,24,24,16152,10054,CAMELS-US,414,673
0.5031135631091023,0.3979611233167046,0.20900338910083194,24,24,16152,10103,CAMELS-US,415,673
0.5159995399498852,0.38282261141007096,0.2580950528613817,24,24,16152,9959,CAMELS-US,416,673
0.5408864121947103,0.41860530477365404,0.22607539155011547,24,24,16152,10042,CAMELS-US,417,673
0.5078982732274631,0.38860963670122545,0.23486718269036921,24,24,16152,9886,CAMELS-US,418,673
0.5013161716515199,0.3802424839716341,0.24151163382785856,24,24,16152,9928,CAMELS-US,419,673
0.5391084257531533,0.403284912697252,0.2519409947380272,24,24,16152,9910,CAMELS-US,420,673
0.5000058264689758,0.38369919154521365,0.23261055925111052,24,24,16152,10061,CAMELS-US,421,673
0.5019889080508569,0.3848257613607943,0.23339787953679791,24,24,16152,9935,CAMELS-US,422,673
0.5200740627664356,0.4227988247542502,0.18704112544038098,24,24,16152,10025,CAMELS-US,423,673
0.507105245504584,0.3732807181798642,0.26389892139956206,24,24,16152,10036,CAMELS-US,424,673
0.5010001696642788,0.3852076503625462,0.23112271474743307,24,24,16152,9929,CAMELS-US,425,673
0.4793163977254154,0.36323039393063095,0.2421907623975892,24,24,16152,10004,CAMELS-US,426,673
0.5145981903255656,0.393442324764999,0.23543779950706034,24,24,16152,9932,CAMELS-US,427,673
0.48937856788148437,0.36938992179859176,0.24518573954376965,24,24,16152,10091,CAMELS-US,428,673
0.4738569084155119,0.38063950589779705,0.19672057294556766,24,24,16152,9895,CAMELS-US,429,673
0.5344860587132583,0.394137539808865,0.26258593019670806,24,24,16152,10028,CAMELS-US,430,673
0.4849454668821804,0.3661835764690952,0.24489741326304404,24,24,16152,9924,CAMELS-US,431,673
0.47476454471193236,0.3969011848385209,0.16400415898928544,24,24,16152,10103,CAMELS-US,432,673
0.5032573736626099,0.3960864934543131,0.21295441620323974,24,24,16152,10021,CAMELS-US,433,673
0.4916863994660714,0.3897464835434844,0.20732710124438025,24,24,16152,9919,CAMELS-US,434,673
0.5391415460662999,0.37816300671997993,0.2985830725175165,24,24,16152,9952,CAMELS-US,435,673
0.5064760173504192,0.3980378288479747,0.21410330358726282,24,24,16152,9978,CAMELS-US,436,673
0.5146316898097747,0.3990879332209679,0.2245173759733211,24,24,16152,9963,CAMELS-US,437,673
0.5107035806625883,0.3626340615204376,0.28993240844335744,24,24,16152,9912,CAMELS-US,438,673
0.4892935048487245,0.388668056515928,0.205654576109501,24,24,16152,10072,CAMELS-US,439,673
0.5262732340797305,0.40623666403384556,0.22808792519305543,24,24,16152,9997,CAMELS-US,440,673
0.4925094073261563,0.3881294742090322,0.21193490228705458,24,24,16152,9932,CAMELS-US,441,673
0.4821835847627189,0.38479922033070846,0.20196532505338805,24,24,16152,10002,CAMELS-US,442,673
0.5535626561238621,0.396700824990848,0.2833677983832702,24,24,16152,9967,CAMELS-US,443,673
0.5419332982584332,0.41062208318154964,0.24230143358761613,24,24,16152,10074,CAMELS-US,444,673
0.4749394421365546,0.3595351378638038,0.24298740857064838,24,24,16152,9909,CAMELS-US,445,673
0.4873471028354119,0.39156926228738276,0.19652900364193904,24,24,16152,9983,CAMELS-US,446,673
0.5037656241432515,0.4053530264637082,0.19535393636060927,24,24,16152,9877,CAMELS-US,447,673
0.4884210224986876,0.3666124374197135,0.24939259259525703,24,24,16152,9980,CAMELS-US,448,673
0.5196885592709828,0.38946341863306405,0.25058304308372326,24,24,16152,9853,CAMELS-US,449,673
0.461088790717744,0.3742203461056146,0.18839851751092773,24,24,16152,9996,CAMELS-US,450,673
0.5317345727009395,0.39302556993118476,0.26086135807416844,24,24,16152,9935,CAMELS-US,451,673
0.4831748871617267,0.37354320759195225,0.22689854643268925,24,24,16152,9980,CAMELS-US,452,673
0.46849417213389644,0.3821671169051706,0.184264950053751,24,24,16152,9962,CAMELS-US,453,673
0.4825925292496646,0.3589140389069818,0.2562793305876041,24,24,16152,9947,CAMELS-US,454,673
0.5036304586738226,0.4040536395217956,0.19771802407311934,24,24,16152,10158,CAMELS-US,455,673
0.48525742732290733,0.39063460994650745,0.19499509342581278,24,24,16152,9925,CAMELS-US,456,673
0.48092896152948583,0.3779965015701085,0.21402840792125288,24,24,16152,10009,CAMELS-US,457,673
0.4625404378533295,0.3610497554953786,0.2194201286031846,24,24,16152,9931,CAMELS-US,458,673
0.5237139735312893,0.3978605569027275,0.24030944941178423,24,24,16152,9902,CAMELS-US,459,673
0.47272440313694797,0.35998913011462746,0.23847990980415112,24,24,16152,9916,CAMELS-US,460,673
0.5027742105719452,0.39656192750563113,0.21125244858022696,24,24,16152,9986,CAMELS-US,461,673
0.51627274649979,0.381307691668573,0.2614220017350305,24,24,16152,9911,CAMELS-US,462,673
0.4778083171919196,0.3822880698240636,0.19991332074173307,24,24,16152,9877,CAMELS-US,463,673
0.49085464395789474,0.3885862343130278,0.2083476460979342,24,24,16152,9990,CAMELS-US,464,673
0.5377926636629127,0.39982171410533063,0.25655044942015415,24,24,16152,9939,CAMELS-US,465,673
0.5347197142825784,0.41131289119233616,0.2307878684738871,24,24,16152,9976,CAMELS-US,466,673
0.5685841996791308,0.41631620421153637,0.26780201692822947,24,24,16152,9963,CAMELS-US,467,673
0.4965179695641285,0.4043782539802773,0.18557176422987598,24,24,16152,9915,CAMELS-US,468,673
0.546009380432245,0.42235391281981455,0.22647132456687713,24,24,16152,10011,CAMELS-US,469,673
0.4853053474252863,0.37499720984277296,0.2272963571651052,24,24,16152,9817,CAMELS-US,470,673
0.48535681226468375,0.3784914694169705,0.22017892846517928,24,24,16152,10027,CAMELS-US,471,673
0.4670293202991697,0.3679365973585787,0.21217666350608178,24,24,16152,10112,CAMELS-US,472,673
0.5172510745322102,0.42496080349900495,0.1784245129247347,24,24,16152,10000,CAMELS-US,473,673
0.502209796251912,0.3665729152732087,0.27008011789293507,24,24,16152,9892,CAMELS-US,474,673
0.48881261885202765,0.38725356316416476,0.20776684514891097,24,24,16152,10086,CAMELS-US,475,673
0.5044900549680057,0.3774596637949806,0.25179959430732735,24,24,16152,9990,CAMELS-US,476,673
0.5177998540335822,0.43449254870257403,0.1608870776653506,24,24,16152,10060,CAMELS-US,477,673
0.5082984646101804,0.38219593677843805,0.24808756392457665,24,24,16152,9984,CAMELS-US,478,673
0.4928698578489471,0.4018409146509552,0.18469164171506325,24,24,16152,10029,CAMELS-US,479,673
0.5075826767735724,0.39404999542118097,0.22367327835941342,24,24,16152,9987,CAMELS-US,480,673
0.5084385085057528,0.3802648657245809,0.25209271256392585,24,24,16152,9895,CAMELS-US,481,673
0.52002366194216,0.39682506040145116,0.2369096073063146,24,24,16152,9852,CAMELS-US,482,673
0.4540136006343663,0.3519931767934867,0.22470785830717965,24,24,16152,10015,CAMELS-US,483,673
0.46624738353237527,0.3436332911040317,0.2629807624857792,24,24,16152,9894,CAMELS-US,484,673
0.44783886301730363,0.36933429123181305,0.1752964699324393,24,24,16152,9980,CAMELS-US,485,673
0.49947612844228767,0.3873488735881148,0.22448971726409284,24,24,16152,10070,CAMELS-US,486,673
0.5053372966678643,0.4153106211204981,0.17815165462947558,24,24,16152,9964,CAMELS-US,487,673
0.4696059464801424,0.36122492663793115,0.23079141278888005,24,24,16152,10019,CAMELS-US,488,673
0.4974225946142581,0.3800783772341489,0.23590447770292267,24,24,16152,9920,CAMELS-US,489,673
0.4928193809877154,0.388124166899422,0.21244134895519295,24,24,16152,9900,CAMELS-US,490,673
0.4883741453338275,0.3775237830886504,0.22697835932613808,24,24,16152,9953,CAMELS-US,491,673
0.5012484878113165,0.38714530229387045,0.22763796458653374,24,24,16152,9964,CAMELS-US,492,673
0.5322633705267464,0.37936311646432064,0.28726428029625706,24,24,16152,9843,CAMELS-US,493,673
0.5032314690343594,0.40701025628451787,0.19120666864192437,24,24,16152,9837,CAMELS-US,494,673
0.5074115846793047,0.4086230833753356,0.19469106399375102,24,24,16152,10060,CAMELS-US,495,673
0.4720239994050132,0.3597002650839094,0.23796191393379995,24,24,16152,9968,CAMELS-US,496,673
0.5011159900712671,0.38008817711365783,0.2415165657364018,24,24,16152,10015,CAMELS-US,497,673
0.46630886146368916,0.3881486817650488,0.16761461374185482,24,24,16152,10089,CAMELS-US,498,673
0.5115302701713086,0.3984378594576329,0.22108644846335623,24,24,16152,9959,CAMELS-US,499,673
0.27992558842911885,0.2273273342689233,0.1879008434183007,24,24,15936,9248,CAMELS-GB v2,0,664
0.2475069199183985,0.20761489496577,0.16117539245278734,24,24,15936,9226,CAMELS-GB v2,1,664
0.30173696684695395,0.2551750351178098,0.15431298397309445,24,24,15936,9236,CAMELS-GB v2,2,664
0.2727583463596376,0.2216077486366063,0.18753082501676466,24,24,15936,9136,CAMELS-GB v2,3,664
0.27055092708057843,0.23012516201026045,0.1494201683451557,24,24,15936,9276,CAMELS-GB v2,4,664
0.28435062431368097,0.2359654248561024,0.17016034191717655,24,24,15936,9326,CAMELS-GB v2,5,664
0.2777555500871879,0.22588420179322788,0.18675179767848926,24,24,15936,9286,CAMELS-GB v2,6,664
0.29719368399940427,0.24555578849307536,0.1737516585528528,24,24,15936,9232,CAMELS-GB v2,7,664
0.2878205999143217,0.24251059696447935,0.15742446149903866,24,24,15936,9273,CAMELS-GB v2,8,664
0.28665480337291593,0.24160347485211253,0.1571623011047022,24,24,15936,9271,CAMELS-GB v2,9,664
0.25320773697176535,0.21147969463309063,0.1647976591778778,24,24,15936,9291,CAMELS-GB v2,10,664
0.2738079668846582,0.22689214555187573,0.17134571307980162,24,24,15936,9157,CAMELS-GB v2,11,664
0.2563848773320214,0.207298300363898,0.19145660024462252,24,24,15936,9235,CAMELS-GB v2,12,664
0.2958083321646639,0.2446793267839054,0.17284504803028056,24,24,15936,9311,CAMELS-GB v2,13,664
0.28472835750351855,0.22482027841916544,0.21040432926886388,24,24,15936,9226,CAMELS-GB v2,14,664
0.28498149591700095,0.24299629040111245,0.14732607596430203,24,24,15936,9276,CAMELS-GB v2,15,664
0.27308611379337305,0.22392607303593126,0.18001662579825672,24,24,15936,9155,CAMELS-GB v2,16,664
0.28640590523284004,0.23626280161957947,0.17507705915663863,24,24,15936,9208,CAMELS-GB v2,17,664
0.2633213733937634,0.21902859232845406,0.16820807401408744,24,24,15936,9283,CAMELS-GB v2,18,664
0.26309752684598214,0.22969268011857472,0.1269675436628589,24,24,15936,9202,CAMELS-GB v2,19,664
0.26400004625554857,0.223528785766085,0.1533002022669644,24,24,15936,9234,CAMELS-GB v2,20,664
0.28711723037084297,0.2347025465100816,0.1825549925828629,24,24,15936,9286,CAMELS-GB v2,21,664
0.2421830461803234,0.20533238095011205,0.1521603836908273,24,24,15936,9183,CAMELS-GB v2,22,664
0.29650661133720974,0.24703570336602854,0.16684588498068642,24,24,15936,9206,CAMELS-GB v2,23,664
0.242065941606167,0.1997917968387775,0.17463896195759787,24,24,15936,9231,CAMELS-GB v2,24,664
0.2534932520681265,0.21800720592138909,0.13998812929821314,24,24,15936,9186,CAMELS-GB v2,25,664
0.28001854569404255,0.23746797850416373,0.15195624662793217,24,24,15936,9229,CAMELS-GB v2,26,664
0.2814019459044669,0.23958643861448747,0.14859707936836852,24,24,15936,9296,CAMELS-GB v2,27,664
0.28432304771066186,0.239737016392992,0.15681469257125558,24,24,15936,9276,CAMELS-GB v2,28,664
0.26372542721703496,0.21654865212874166,0.17888595569311105,24,24,15936,9166,CAMELS-GB v2,29,664
0.2578406491325732,0.22348988922954557,0.13322476505776093,24,24,15936,9158,CAMELS-GB v2,30,664
0.26289050232244426,0.21548566652684598,0.1803215992088395,24,24,15936,9229,CAMELS-GB v2,31,664
0.28263869658663887,0.23971162500563314,0.15187966863499547,24,24,15936,9288,CAMELS-GB v2,32,664
0.26640435272404245,0.2209413344928746,0.17065418701420831,24,24,15936,9200,CAMELS-GB v2,33,664
0.2742694022216343,0.22397842819897482,0.18336341427550085,24,24,15936,9202,CAMELS-GB v2,34,664
0.27306885436428685,0.22843342317146245,0.16345852146608641,24,24,15936,9211,CAMELS-GB v2,35,664
0.30264073074053605,0.25216740781708347,0.166776371441969,24,24,15936,9322,CAMELS-GB v2,36,664
0.27737572995865817,0.22374451420259014,0.19335222935352547,24,24,15936,9260,CAMELS-GB v2,37,664
0.2547250447086113,0.21596174927012138,0.15217700906808196,24,24,15936,9145,CAMELS-GB v2,38,664
0.29476157346371407,0.24968859870402973,0.1529133334105809,24,24,15936,9201,CAMELS-GB v2,39,664
0.2807773222299095,0.2213166679218287,0.21177156985417966,24,24,15936,9243,CAMELS-GB v2,40,664
0.25752489738237655,0.22540852337207481,0.12471172432937583,24,24,15936,9155,CAMELS-GB v2,41,664
0.2853949375431338,0.24591956963488673,0.13831838871451896,24,24,15936,9232,CAMELS-GB v2,42,664
0.2816625327688329,0.24450120108515025,0.13193565831555543,24,24,15936,9200,CAMELS-GB v2,43,664
0.26890200796211905,0.22221134412082477,0.17363449308222245,24,24,15936,9261,CAMELS-GB v2,44,664
0.2921553407459171,0.2404195141404049,0.1770832820424324,24,24,15936,9218,CAMELS-GB v2,45,664
0.28101343342001095,0.23749649561597386,0.15485714428105435,24,24,15936,9276,CAMELS-GB v2,46,664
0.2914073732045231,0.245629081648067,0.15709379983438787,24,24,15936,9182,CAMELS-GB v2,47,664
0.26534729173953425,0.22566301317923773,0.14955599621966642,24,24,15936,9241,CAMELS-GB v2,48,664
0.26978840562010004,0.22085967882840105,0.1813596350786012,24,24,15936,9299,CAMELS-GB v2,49,664
0.24104558391437322,0.20511118128524122,0.14907720791058754,24,24,15936,9182,CAMELS-GB v2,50,664
0.2938429691306295,0.24015539467028185,0.1827083854318139,24,24,15936,9249,CAMELS-GB v2,51,664
0.27147507973970303,0.22716925988776246,0.1632040034555734,24,24,15936,9295,CAMELS-GB v2,52,664
0.2633008613156965,0.22479432865435212,0.14624537295066142,24,24,15936,9297,CAMELS-GB v2,53,664
0.27257261734265564,0.2331570039789238,0.14460591730746675,24,24,15936,9284,CAMELS-GB v2,54,664
0.268973298575953,0.22899027019996224,0.14865054854023096,24,24,15936,9284,CAMELS-GB v2,55,664
0.2961845726869398,0.2541035930839987,0.14207687868814056,24,24,15936,9219,CAMELS-GB v2,56,664
0.29162737931831323,0.2446040751606027,0.1612444766593204,24,24,15936,9218,CAMELS-GB v2,57,664
0.26068675992383145,0.21811508057296025,0.1633058746954006,24,24,15936,9277,CAMELS-GB v2,58,664
0.2572390587511726,0.21547540309327973,0.16235347719216642,24,24,15936,9121,CAMELS-GB v2,59,664
0.2579105740951828,0.2249270451809954,0.12788746265988582,24,24,15936,9176,CAMELS-GB v2,60,664
0.28594823598446767,0.23020719678317067,0.19493402017113604,24,24,15936,9230,CAMELS-GB v2,61,664
0.2651820884901773,0.2287350126668032,0.1374416953682155,24,24,15936,9338,CAMELS-GB v2,62,664
0.2659926359723686,0.2323168638462881,0.12660415203967812,24,24,15936,9140,CAMELS-GB v2,63,664
0.28435954260241164,0.2333530339465076,0.17937329688007253,24,24,15936,9271,CAMELS-GB v2,64,664
0.2776466288529433,0.2227686484461369,0.19765404908219775,24,24,15936,9267,CAMELS-GB v2,65,664
0.2646879070787693,0.21561952944822016,0.18538201526504472,24,24,15936,9269,CAMELS-GB v2,66,664
0.2861651678908919,0.24678102720148412,0.1376273044678311,24,24,15936,9222,CAMELS-GB v2,67,664
0.2661073102858482,0.2269423447912443,0.14717733779103448,24,24,15936,9164,CAMELS-GB v2,68,664
0.281971840276778,0.2358929060787104,0.16341679421901645,24,24,15936,9234,CAMELS-GB v2,69,664
0.26374774994473515,0.22542528833118725,0.1452996722117169,24,24,15936,9200,CAMELS-GB v2,70,664
0.2834545890180673,0.2357996865666465,0.16812182373375972,24,24,15936,9268,CAMELS-GB v2,71,664
0.25965601427316304,0.222701346302336,0.1423216330046182,24,24,15936,9133,CAMELS-GB v2,72,664
0.26613195710561216,0.22706854617427608,0.1467821127390353,24,24,15936,9192,CAMELS-GB v2,73,664
0.26944120691834145,0.22194683047617572,0.1762699068393042,24,24,15936,9166,CAMELS-GB v2,74,664
0.2584344148603506,0.21435025450639514,0.17058161691730223,24,24,15936,9305,CAMELS-GB v2,75,664
0.25311326222909963,0.21896589197766256,0.13490944706219843,24,24,15936,9268,CAMELS-GB v2,76,664
0.28507167017281004,0.23323907559724316,0.18182302907948034,24,24,15936,9199,CAMELS-GB v2,77,664
0.27782549822974195,0.22716593043331634,0.18234311868140252,24,24,15936,9214,CAMELS-GB v2,78,664
0.28242526456343453,0.23063438769582215,0.18337905055225612,24,24,15936,9223,CAMELS-GB v2,79,664
0.2540359534618091,0.2098044725138827,0.17411504295031222,24,24,15936,9199,CAMELS-GB v2,80,664
0.2657731834272921,0.2171851299852714,0.18281774261590622,24,24,15936,9168,CAMELS-GB v2,81,664
0.2784373413067945,0.2410219508958531,0.13437633844418684,24,24,15936,9248,CAMELS-GB v2,82,664
0.27906436326844186,0.23553768031627806,0.15597363433429134,24,24,15936,9275,CAMELS-GB v2,83,664
0.30255307123722486,0.24969697234076177,0.17470025566198877,24,24,15936,9248,CAMELS-GB v2,84,664
0.2768765992404699,0.23354345951045347,0.15650704988752484,24,24,15936,9257,CAMELS-GB v2,85,664
0.2871486595428935,0.2403322833966954,0.1630388113972887,24,24,15936,9193,CAMELS-GB v2,86,664
0.284714221201539,0.2263714848653436,0.20491683235905755,24,24,15936,9262,CAMELS-GB v2,87,664
0.30205169728126174,0.25008829311577196,0.1720348027612736,24,24,15936,9161,CAMELS-GB v2,88,664
0.3028797342516213,0.24988830358767472,0.17495865411689526,24,24,15936,9325,CAMELS-GB v2,89,664
0.2615878833802608,0.22349388801417103,0.14562599335197002,24,24,15936,9170,CAMELS-GB v2,90,664
0.2812240094830917,0.2375249523933683,0.15538878479844287,24,24,15936,9239,CAMELS-GB v2,91,664
0.26105543441709467,0.2091352241724035,0.19888576677448888,24,24,15936,9220,CAMELS-GB v2,92,664
0.25953434420359295,0.21909480513195465,0.15581575223013766,24,24,15936,9178,CAMELS-GB v2,93,664
0.2395943477929735,0.19783623227868977,0.17428673046313137,24,24,15936,9212,CAMELS-GB v2,94,664
0.2775494998083926,0.23008467547767938,0.17101390693725171,24,24,15936,9226,CAMELS-GB v2,95,664
0.2659817213189663,0.22646770028420637,0.1485591597753989,24,24,15936,9254,CAMELS-GB v2,96,664
0.2545764593056933,0.21964681325400548,0.13720689708290967,24,24,15936,9313,CAMELS-GB v2,97,664
0.2559302197004541,0.21120714926068956,0.1747471263538527,24,24,15936,9114,CAMELS-GB v2,98,664
0.26795644491546994,0.228994383559357,0.14540445693852966,24,24,15936,9220,CAMELS-GB v2,99,664
0.26614449804034496,0.225442946143609,0.15293027733590792,24,24,15936,9193,CAMELS-GB v2,100,664
0.22546337398267424,0.19001150498281388,0.15724003581435209,24,24,15936,9171,CAMELS-GB v2,101,664
0.28661334939506006,0.23438997891980207,0.18220843720462832,24,24,15936,9242,CAMELS-GB v2,102,664
0.24663993682971302,0.20276701714605241,0.17788246399832508,24,24,15936,9201,CAMELS-GB v2,103,664
0.28460850536668775,0.2343543400613809,0.17657295673774653,24,24,15936,9211,CAMELS-GB v2,104,664
0.29891663653349015,0.24359158276698892,0.1850852278016406,24,24,15936,9280,CAMELS-GB v2,105,664
0.2708850931928126,0.2244008272540832,0.17160141737900103,24,24,15936,9224,CAMELS-GB v2,106,664
0.24386655381134323,0.21820027905481384,0.10524721145805416,24,24,15936,9243,CAMELS-GB v2,107,664
0.2940943582568457,0.24049720630598015,0.18224474712315553,24,24,15936,9227,CAMELS-GB v2,108,664
0.28630017484993775,0.23251735088056558,0.1878546668634138,24,24,15936,9219,CAMELS-GB v2,109,664
0.2661052604881457,0.23375832789211823,0.12155690773151195,24,24,15936,9204,CAMELS-GB v2,110,664
0.2688196779964708,0.22992738718149752,0.14467799048358299,24,24,15936,9278,CAMELS-GB v2,111,664
0.2776675191665671,0.227236056662645,0.18162535774906152,24,24,15936,9265,CAMELS-GB v2,112,664
0.24373798231696717,0.20448299791676494,0.16105403034457466,24,24,15936,9195,CAMELS-GB v2,113,664
0.24685066086864424,0.21532048192563483,0.1277297732647653,24,24,15936,9169,CAMELS-GB v2,114,664
0.28062167628173434,0.24725830843821558,0.11889091493425152,24,24,15936,9301,CAMELS-GB v2,115,664
0.25816635273950933,0.21060110175007982,0.18424264233001353,24,24,15936,9132,CAMELS-GB v2,116,664
0.2778194020540674,0.22635183247101054,0.1852554904464181,24,24,15936,9301,CAMELS-GB v2,117,664
0.2705142846680053,0.23026353949409462,0.1487934185187645,24,24,15936,9351,CAMELS-GB v2,118,664
0.26747916529720644,0.2203743602433325,0.17610644553019283,24,24,15936,9113,CAMELS-GB v2,119,664
0.2650832567575619,0.2237832095622986,0.15580028591936013,24,24,15936,9260,CAMELS-GB v2,120,664
0.26289588229801897,0.22117085662852518,0.15871311982815417,24,24,15936,9222,CAMELS-GB v2,121,664
0.2638334727050965,0.21431320655753083,0.18769516104166817,24,24,15936,9289,CAMELS-GB v2,122,664
0.25757161845315063,0.21125472556355276,0.17982141498257653,24,24,15936,9236,CAMELS-GB v2,123,664
0.2552983670272988,0.2139404427640483,0.16199838935447686,24,24,15936,9112,CAMELS-GB v2,124,664
0.29855896630962026,0.24239475122892215,0.18811766323726165,24,24,15936,9257,CAMELS-GB v2,125,664
0.275618814609018,0.23076272703665848,0.1627468271206035,24,24,15936,9160,CAMELS-GB v2,126,664
0.27909341830055706,0.23814664057212948,0.14671351971593893,24,24,15936,9202,CAMELS-GB v2,127,664
0.28446356572812637,0.23964872671383264,0.1575415779507071,24,24,15936,9244,CAMELS-GB v2,128,664
0.2869226156097132,0.2411845160992334,0.1594091822050553,24,24,15936,9227,CAMELS-GB v2,129,664
0.30295877161327134,0.2535196082127003,0.16318776029261306,24,24,15936,9137,CAMELS-GB v2,130,664
0.26173751924992245,0.2277012764974211,0.13003960169730777,24,24,15936,9236,CAMELS-GB v2,131,664
0.2934682563883484,0.2430585878499398,0.17177213358197474,24,24,15936,9181,CAMELS-GB v2,132,664
0.2830495416029671,0.23397906949232267,0.1733635455925785,24,24,15936,9156,CAMELS-GB v2,133,664
0.2716798790817369,0.23208170043373783,0.1457530781515317,24,24,15936,9296,CAMELS-GB v2,134,664
0.2621141537011735,0.21995229382302342,0.16085304544911094,24,24,15936,9264,CAMELS-GB v2,135,664
0.28808348640360654,0.24222596206413027,0.15918137103919117,24,24,15936,9229,CAMELS-GB v2,136,664
0.25102402766053206,0.2129250729368985,0.15177413524396166,24,24,15936,9237,CAMELS-GB v2,137,664
0.2965629723497221,0.24230204203554992,0.18296596464573112,24,24,15936,9259,CAMELS-GB v2,138,664
0.2805089111457506,0.22435647597510275,0.2001805751599507,24,24,15936,9263,CAMELS-GB v2,139,664
0.291349772034878,0.23889388192062716,0.18004438358706265,24,24,15936,9223,CAMELS-GB v2,140,664
0.27155611983429917,0.2199143329795552,0.1901698510284182,24,24,15936,9261,CAMELS-GB v2,141,664
0.29000884745311173,0.2379979872812862,0.179342322238064,24,24,15936,9258,CAMELS-GB v2,142,664
0.2805601975858744,0.22896866628725956,0.18388756403275486,24,24,15936,9208,CAMELS-GB v2,143,664
0.2591019973222985,0.2187547390229898,0.1557195958204849,24,24,15936,9150,CAMELS-GB v2,144,664
0.283408317867877,0.23114714228110872,0.1844024056172271,24,24,15936,9262,CAMELS-GB v2,145,664
0.2482839206420185,0.21295995965846515,0.1422724471734288,24,24,15936,9203,CAMELS-GB v2,146,664
0.27402559990195113,0.22382978654423785,0.18317928462039246,24,24,15936,9247,CAMELS-GB v2,147,664
0.2398280408190415,0.2022358513050177,0.15674643125817134,24,24,15936,9211,CAMELS-GB v2,148,664
0.2863051719255881,0.22849935708402272,0.20190279642097886,24,24,15936,9176,CAMELS-GB v2,149,664
0.28243129399297573,0.23627299743487182,0.16343194801653926,24,24,15936,9297,CAMELS-GB v2,150,664
0.2825231814727542,0.2414521227900621,0.14537234951338984,24,24,15936,9246,CAMELS-GB v2,151,664
0.27283810588076834,0.23996160390166266,0.12049820487125396,24,24,15936,9267,CAMELS-GB v2,152,664
0.27145213749672525,0.22541614278517694,0.1695915719658081,24,24,15936,9146,CAMELS-GB v2,153,664
0.28126225890061224,0.23616216970485043,0.1603488835368364,24,24,15936,9240,CAMELS-GB v2,154,664
0.28029851911568127,0.23580105397899884,0.15875026838196749,24,24,15936,9264,CAMELS-GB v2,155,664
0.24928577339880753,0.22067372804588342,0.11477608594675215,24,24,15936,9282,CAMELS-GB v2,156,664
0.2648389664573655,0.22448545984158577,0.1523699746890378,24,24,15936,9221,CAMELS-GB v2,157,664
0.2493885647048348,0.19867345175062645,0.2033578123930121,24,24,15936,9285,CAMELS-GB v2,158,664
0.2609848341906944,0.22484289220414622,0.1384829202762804,24,24,15936,9251,CAMELS-GB v2,159,664
0.24958403450597577,0.21914454873031614,0.12196086915539794,24,24,15936,9306,CAMELS-GB v2,160,664
0.26993501973545253,0.21542848139757267,0.20192466465187997,24,24,15936,9221,CAMELS-GB v2,161,664
0.24471289988221992,0.215006857784638,0.1213914023816457,24,24,15936,9166,CAMELS-GB v2,162,664
0.24901954242630625,0.20526302741132776,0.17571518519646945,24,24,15936,9099,CAMELS-GB v2,163,664
0.2510278537735582,0.20695655645822472,0.17556337534992572,24,24,15936,9257,CAMELS-GB v2,164,664
0.3207530374272938,0.2572867228558797,0.19786660503815234,24,24,15936,9260,CAMELS-GB v2,165,664
0.28142985905946694,0.23577071826546475,0.1622398595038712,24,24,15936,9160,CAMELS-GB v2,166,664
0.2806805967552614,0.2343485269205016,0.16507044081554,24,24,15936,9174,CAMELS-GB v2,167,664
0.2679954146088635,0.22712077003232106,0.15251994007508884,24,24,15936,9291,CAMELS-GB v2,168,664
0.27723335288674916,0.2477594390194233,0.10631445877785872,24,24,15936,9310,CAMELS-GB v2,169,664
0.2778380021296954,0.21923453367900023,0.2109267558846717,24,24,15936,9267,CAMELS-GB v2,170,664
0.26851061230318823,0.2318466618671629,0.13654562894753042,24,24,15936,9362,CAMELS-GB v2,171,664
0.25524482427096784,0.20847866635851794,0.18322078830011046,24,24,15936,9249,CAMELS-GB v2,172,664
0.27035818125596506,0.22145412030994854,0.1808861885326709,24,24,15936,9269,CAMELS-GB v2,173,664
0.29605671942210326,0.24492640426108736,0.17270445764859266,24,24,15936,9227,CAMELS-GB v2,174,664
0.2897966881015307,0.24201155172648203,0.16489193402481905,24,24,15936,9245,CAMELS-GB v2,175,664
0.254856757127257,0.21614294814819648,0.15190418890769164,24,24,15936,9228,CAMELS-GB v2,176,664
0.24850152152272323,0.204105984531491,0.17865297853789053,24,24,15936,9243,CAMELS-GB v2,177,664
0.25919768795815246,0.21927992775680358,0.15400507819264808,24,24,15936,9296,CAMELS-GB v2,178,664
0.273167992375613,0.23192071290130986,0.1509960193930301,24,24,15936,9223,CAMELS-GB v2,179,664
0.2588556122155644,0.22028073731589357,0.14902081731783068,24,24,15936,9168,CAMELS-GB v2,180,664
0.27914830894278814,0.242757898151644,0.13036228279141182,24,24,15936,9290,CAMELS-GB v2,181,664
0.26978163855615245,0.2257985526554041,0.16303216978050084,24,24,15936,9125,CAMELS-GB v2,182,664
0.3009562592230958,0.25057369855608086,0.16740824994660397,24,24,15936,9269,CAMELS-GB v2,183,664
0.2642162598686286,0.22714282652075712,0.14031473069183875,24,24,15936,9252,CAMELS-GB v2,184,664
0.29063801261460764,0.2524107607893164,0.13152874079132038,24,24,15936,9268,CAMELS-GB v2,185,664
0.25207778367848216,0.20163845466838648,0.20009430531343286,24,24,15936,9224,CAMELS-GB v2,186,664
0.24813443923851997,0.20480862136042646,0.17460622560517058,24,24,15936,9238,CAMELS-GB v2,187,664
0.2812473168201467,0.23142801435294402,0.17713698758257435,24,24,15936,9215,CAMELS-GB v2,188,664
0.27375739098405016,0.2315203154254446,0.15428652138588805,24,24,15936,9196,CAMELS-GB v2,189,664
0.26753446440217493,0.22170708042907053,0.17129525377415955,24,24,15936,9248,CAMELS-GB v2,190,664
0.2714098292792781,0.23281196544471983,0.1422124760074236,24,24,15936,9276,CAMELS-GB v2,191,664
0.26778163633558877,0.22464778177986572,0.16107846357943278,24,24,15936,9262,CAMELS-GB v2,192,664
0.2785256042597531,0.23825521698212435,0.14458414832150424,24,24,15936,9268,CAMELS-GB v2,193,664
0.26547120719585093,0.22218820613741408,0.16304216760691825,24,24,15936,9168,CAMELS-GB v2,194,664
0.2741045780322136,0.22627132437518163,0.17450731396179187,24,24,15936,9300,CAMELS-GB v2,195,664
0.27163322053475025,0.2335951203705309,0.14003478694298033,24,24,15936,9273,CAMELS-GB v2,196,664
0.27053643310458814,0.21684450237532393,0.19846469517289433,24,24,15936,9305,CAMELS-GB v2,197,664
0.3011245652963115,0.24504652799368087,0.18622870321937668,24,24,15936,9284,CAMELS-GB v2,198,664
0.2627266401481945,0.23023355504560936,0.12367640024725701,24,24,15936,9215,CAMELS-GB v2,199,664
0.2774462336132464,0.23353798037953039,0.1582586026196452,24,24,15936,9273,CAMELS-GB v2,200,664
0.28858477970555446,0.243296830688759,0.15693117656102007,24,24,15936,9210,CAMELS-GB v2,201,664
0.25657453099868965,0.2183154911771057,0.14911472184189378,24,24,15936,9278,CAMELS-GB v2,202,664
0.2736500225156648,0.2366735158365995,0.13512334601378884,24,24,15936,9186,CAMELS-GB v2,203,664
0.2580367493472525,0.2128277725356399,0.17520363640441272,24,24,15936,9161,CAMELS-GB v2,204,664
0.26404177762183817,0.23127541965819617,0.12409535437445096,24,24,15936,9195,CAMELS-GB v2,205,664
0.2918671795188969,0.2537748866062578,0.13051242340926794,24,24,15936,9294,CAMELS-GB v2,206,664
0.28399105183597223,0.23186882832338268,0.18353473877301718,24,24,15936,9244,CAMELS-GB v2,207,664
0.2746195861456859,0.22902141634505419,0.16604121519738158,24,24,15936,9209,CAMELS-GB v2,208,664
0.2566869395785535,0.22101091426021796,0.13898652333816008,24,24,15936,9246,CAMELS-GB v2,209,664
0.28576432047866096,0.23943564758591954,0.16212196405464463,24,24,15936,9299,CAMELS-GB v2,210,664
0.26568019238309093,0.22876262843747755,0.13895489767028257,24,24,15936,9245,CAMELS-GB v2,211,664
0.2612854656503894,0.22649010206821754,0.1331699162659491,24,24,15936,9211,CAMELS-GB v2,212,664
0.27750305349345317,0.2374365987976343,0.1443820318062342,24,24,15936,9242,CAMELS-GB v2,213,664
0.27193361763915097,0.22840675499083585,0.1600642944634899,24,24,15936,9196,CAMELS-GB v2,214,664
0.29150196662951033,0.24168436724446438,0.17089970253395415,24,24,15936,9150,CAMELS-GB v2,215,664
0.2871029394594031,0.23890689201956605,0.16787026817136452,24,24,15936,9313,CAMELS-GB v2,216,664
0.28553384142700927,0.23610240181768516,0.17311937303922076,24,24,15936,9264,CAMELS-GB v2,217,664
0.29024005235036887,0.2339788624620386,0.19384364574332935,24,24,15936,9238,CAMELS-GB v2,218,664
0.23510185860394361,0.19661204147492983,0.16371549488196246,24,24,15936,9230,CAMELS-GB v2,219,664
0.2786829319386677,0.2401462351724217,0.13828151045406378,24,24,15936,9251,CAMELS-GB v2,220,664
0.31615530501766487,0.2498729659706155,0.20965119988527758,24,24,15936,9274,CAMELS-GB v2,221,664
0.2807934695849361,0.2265878520944411,0.1930444378589744,24,24,15936,9221,CAMELS-GB v2,222,664
0.265550336663738,0.2183970544673447,0.1775681506896477,24,24,15936,9239,CAMELS-GB v2,223,664
0.2888390209101827,0.24308900746528053,0.15839277290421427,24,24,15936,9255,CAMELS-GB v2,224,664
0.26065626827684113,0.23146080521986134,0.11200752335628272,24,24,15936,9261,CAMELS-GB v2,225,664
0.26698300402136826,0.2217181609686951,0.1695420396462778,24,24,15936,9232,CAMELS-GB v2,226,664
0.25830789776748236,0.22476363721686182,0.12986153671853906,24,24,15936,9236,CAMELS-GB v2,227,664
0.2945291088402268,0.2519762637347702,0.14447755358720837,24,24,15936,9231,CAMELS-GB v2,228,664
0.28290648210624614,0.2408823932655948,0.14854410025454667,24,24,15936,9261,CAMELS-GB v2,229,664
0.27623924839140285,0.22812762554798324,0.17416649923420857,24,24,15936,9249,CAMELS-GB v2,230,664
0.27038372382915804,0.23145475794042678,0.14397673549806023,24,24,15936,9314,CAMELS-GB v2,231,664
0.2757979992489386,0.21636689255091163,0.21548780941077006,24,24,15936,9261,CAMELS-GB v2,232,664
0.27230746510927234,0.22546104310874915,0.17203502658924363,24,24,15936,9198,CAMELS-GB v2,233,664
0.30332556107811753,0.25187016310169175,0.16963752673377275,24,24,15936,9249,CAMELS-GB v2,234,664
0.2633281750076101,0.22784644800064607,0.13474337490068655,24,24,15936,9248,CAMELS-GB v2,235,664
0.2815191621433693,0.23605998414335783,0.16147809496840038,24,24,15936,9316,CAMELS-GB v2,236,664
0.2880753418832196,0.23877179544586422,0.1711480965883645,24,24,15936,9292,CAMELS-GB v2,237,664
0.3032954974395059,0.2535490784051221,0.16401964240931743,24,24,15936,9172,CAMELS-GB v2,238,664
0.28868228892303266,0.24618113244866996,0.1472246760718119,24,24,15936,9269,CAMELS-GB v2,239,664
0.2625623905052747,0.21900511431752084,0.16589305156740952,24,24,15936,9260,CAMELS-GB v2,240,664
0.2692291370573124,0.23516450118870103,0.12652655741848562,24,24,15936,9265,CAMELS-GB v2,241,664
0.2724485218386254,0.2269842712995429,0.1668728104387056,24,24,15936,9131,CAMELS-GB v2,242,664
0.257410100548448,0.22272517936392,0.13474576603881094,24,24,15936,9269,CAMELS-GB v2,243,664
0.2787646527337585,0.2326869830133637,0.1652923685572233,24,24,15936,9300,CAMELS-GB v2,244,664
0.29164348508635163,0.25325879389404565,0.13161511624695066,24,24,15936,9161,CAMELS-GB v2,245,664
0.30123463901035163,0.2512534495205578,0.1659211226637063,24,24,15936,9264,CAMELS-GB v2,246,664
0.2623411241672769,0.2117097903891571,0.19299808193943568,24,24,15936,9147,CAMELS-GB v2,247,664
0.2303359055752514,0.19299724283780725,0.16210526380675594,24,24,15936,9161,CAMELS-GB v2,248,664
0.2537424710220081,0.2137495288402187,0.15761233041007405,24,24,15936,9209,CAMELS-GB v2,249,664
0.2637896119509594,0.2287060684749832,0.13299819965047943,24,24,15936,9236,CAMELS-GB v2,250,664
0.2602116260494366,0.22240199888272874,0.1453033737990037,24,24,15936,9171,CAMELS-GB v2,251,664
0.2477705924751704,0.208762431049965,0.15743660712727425,24,24,15936,9247,CAMELS-GB v2,252,664
0.2880885146052636,0.24301919233041627,0.15644262089587602,24,24,15936,9150,CAMELS-GB v2,253,664
0.28494446552974284,0.23808404877817915,0.16445456016997928,24,24,15936,9216,CAMELS-GB v2,254,664
0.2730244313842271,0.22600058913257465,0.17223309288931665,24,24,15936,9147,CAMELS-GB v2,255,664
0.2634697595550373,0.21890336518867273,0.16915183906354503,24,24,15936,9206,CAMELS-GB v2,256,664
0.2957923608039401,0.24205355581915447,0.1816774606305851,24,24,15936,9274,CAMELS-GB v2,257,664
0.2505464659834929,0.20828815219474495,0.16866457733844908,24,24,15936,9218,CAMELS-GB v2,258,664
0.2811920811696023,0.24711686288346282,0.1211812869850587,24,24,15936,9297,CAMELS-GB v2,259,664
0.26295411723058976,0.2146119840127903,0.18384246547243555,24,24,15936,9228,CAMELS-GB v2,260,664
0.29475751379747356,0.25385063932756097,0.13878144764791134,24,24,15936,9237,CAMELS-GB v2,261,664
0.2785694330912984,0.23372640550403795,0.16097612394021554,24,24,15936,9341,CAMELS-GB v2,262,664
0.25587530929744734,0.21417235352477101,0.16298155491117705,24,24,15936,9217,CAMELS-GB v2,263,664
0.27803896326402716,0.2351739966493306,0.15416891974953795,24,24,15936,9185,CAMELS-GB v2,264,664
0.26338927815223023,0.2220307248732622,0.1570244376275035,24,24,15936,9205,CAMELS-GB v2,265,664
0.274496737494482,0.2242378899172947,0.18309451702753887,24,24,15936,9250,CAMELS-GB v2,266,664
0.2781436676642602,0.22670334285271382,0.18494156362976633,24,24,15936,9251,CAMELS-GB v2,267,664
0.29904150916454386,0.2517016670825428,0.1583052540573987,24,24,15936,9247,CAMELS-GB v2,268,664
0.270732619921948,0.2271944454571678,0.16081613836312836,24,24,15936,9205,CAMELS-GB v2,269,664
0.265573773558624,0.2226582046719046,0.16159565875674087,24,24,15936,9183,CAMELS-GB v2,270,664
0.26790219622204814,0.2218593713496186,0.17186430541341058,24,24,15936,9208,CAMELS-GB v2,271,664
0.2579298177308076,0.21870872131665164,0.1520611178622614,24,24,15936,9226,CAMELS-GB v2,272,664
0.27229053799331093,0.22725073241676488,0.16541083619164354,24,24,15936,9297,CAMELS-GB v2,273,664
0.25542154409584616,0.21126880742698045,0.1728622259534126,24,24,15936,9225,CAMELS-GB v2,274,664
0.27738709369687437,0.23066593114960218,0.16843308001319113,24,24,15936,9225,CAMELS-GB v2,275,664
0.27506722252393245,0.22205142140917775,0.19273761747509566,24,24,15936,9131,CAMELS-GB v2,276,664
0.25806483739234143,0.2128177025014487,0.17533242943168792,24,24,15936,9173,CAMELS-GB v2,277,664
0.26603507054000924,0.2300754287948432,0.1351688018883136,24,24,15936,9173,CAMELS-GB v2,278,664
0.2376145688270347,0.20441085804566717,0.13973768925565033,24,24,15936,9173,CAMELS-GB v2,279,664
0.2777676920063028,0.22878489977235164,0.1763444548937667,24,24,15936,9179,CAMELS-GB v2,280,664
0.2494579366066834,0.21285104758092735,0.14674573807396463,24,24,15936,9201,CAMELS-GB v2,281,664
0.2925705578632072,0.2295499046734154,0.21540326425893275,24,24,15936,9351,CAMELS-GB v2,282,664
0.25586136326714276,0.2181960191374414,0.14720997202838815,24,24,15936,9306,CAMELS-GB v2,283,664
0.31180498794857825,0.2543367080734939,0.18430840459987063,24,24,15936,9295,CAMELS-GB v2,284,664
0.2569829059615733,0.21251340662626672,0.1730445811907665,24,24,15936,9400,CAMELS-GB v2,285,664
0.2765037093915837,0.23593958811585847,0.14670371462640464,24,24,15936,9244,CAMELS-GB v2,286,664
0.25588145558722725,0.22075787433220664,0.13726505179679716,24,24,15936,9252,CAMELS-GB v2,287,664
0.2771652373266012,0.226014175240055,0.18455078486726573,24,24,15936,9155,CAMELS-GB v2,288,664
0.296975541635235,0.2503250976826659,0.15708513804099133,24,24,15936,9290,CAMELS-GB v2,289,664
0.28553653077746877,0.2387768564401155,0.16376074266236407,24,24,15936,9264,CAMELS-GB v2,290,664
0.30123628574353856,0.2504623948497439,0.1685517093947363,24,24,15936,9235,CAMELS-GB v2,291,664
0.26386680362193243,0.21960423335402082,0.16774588413679692,24,24,15936,9256,CAMELS-GB v2,292,664
0.25692809567933855,0.22700895479865088,0.11644947120936333,24,24,15936,9269,CAMELS-GB v2,293,664
0.2825772053767595,0.22778987712004875,0.19388445781981223,24,24,15936,9283,CAMELS-GB v2,294,664
0.25870677458496927,0.21925829813499265,0.15248335306743277,24,24,15936,9228,CAMELS-GB v2,295,664
0.2823978490903464,0.23542278814649137,0.16634355075709684,24,24,15936,9266,CAMELS-GB v2,296,664
0.2717219587938649,0.22001735832726832,0.1902849541351238,24,24,15936,9218,CAMELS-GB v2,297,664
0.2813436647100804,0.22652590125252928,0.19484271491963334,24,24,15936,9202,CAMELS-GB v2,298,664
0.25713386945553984,0.2264917983063929,0.11916777519052257,24,24,15936,9231,CAMELS-GB v2,299,664
0.27440507521059687,0.2346658505117016,0.14481956891065773,24,24,15936,9205,CAMELS-GB v2,300,664
0.3016435876505235,0.24785848562666332,0.17830679724633902,24,24,15936,9225,CAMELS-GB v2,301,664
0.296904174983708,0.24489594736221207,0.1751683943964405,24,24,15936,9335,CAMELS-GB v2,302,664
0.25679764725795085,0.22126992643509721,0.1383490900411808,24,24,15936,9306,CAMELS-GB v2,303,664
0.2628712794691747,0.21919737262667,0.16614179734924628,24,24,15936,9220,CAMELS-GB v2,304,664
0.2689062122709544,0.23372114186285908,0.13084513783059148,24,24,15936,9398,CAMELS-GB v2,305,664
0.2815543486338907,0.24173851539367996,0.14141437855035188,24,24,15936,9206,CAMELS-GB v2,306,664
0.2741503893234375,0.2310484076071058,0.1572202097640678,24,24,15936,9239,CAMELS-GB v2,307,664
0.29031635384013194,0.2434008567039262,0.1616012894748624,24,24,15936,9284,CAMELS-GB v2,308,664
0.27418565918732113,0.23924850761915722,0.12742151311529815,24,24,15936,9263,CAMELS-GB v2,309,664
0.28413713488518977,0.2316816452894145,0.1846132840642979,24,24,15936,9206,CAMELS-GB v2,310,664
0.2651380398049159,0.22339485206929016,0.15743945216740562,24,24,15936,9284,CAMELS-GB v2,311,664
0.24343113259192473,0.21005279210311095,0.13711615327677695,24,24,15936,9253,CAMELS-GB v2,312,664
0.2572522170074259,0.22259899275917233,0.13470525016798307,24,24,15936,9194,CAMELS-GB v2,313,664
0.2613157139902678,0.21311025204940034,0.18447211308028255,24,24,15936,9254,CAMELS-GB v2,314,664
0.2712789282434766,0.2310584932256899,0.14826228958589927,24,24,15936,9181,CAMELS-GB v2,315,664
0.24799000685781353,0.20540048761282623,0.17173885264419642,24,24,15936,9184,CAMELS-GB v2,316,664
0.2428876720102783,0.21039372108293192,0.13378180398538853,24,24,15936,9162,CAMELS-GB v2,317,664
0.267268044407904,0.22704670405495067,0.1504906448582668,24,24,15936,9249,CAMELS-GB v2,318,664
0.27697422452236903,0.2275801212778467,0.1783346566984726,24,24,15936,9204,CAMELS-GB v2,319,664
0.24874733137566896,0.2068875269594376,0.16828242612586208,24,24,15936,9151,CAMELS-GB v2,320,664
0.25817568965837345,0.22218741064638425,0.13939453036655025,24,24,15936,9259,CAMELS-GB v2,321,664
0.2797904089698417,0.2293670024328572,0.18021849541818846,24,24,15936,9261,CAMELS-GB v2,322,664
0.24415331736636203,0.2182611902984861,0.10604863922050978,24,24,15936,9164,CAMELS-GB v2,323,664
0.26873711695641106,0.22851976588320688,0.1496531313898385,24,24,15936,9301,CAMELS-GB v2,324,664
0.2539723732276045,0.2042443810582106,0.19580079335963352,24,24,15936,9162,CAMELS-GB v2,325,664
0.2726904506868903,0.2175988493122598,0.20202981525703656,24,24,15936,9203,CAMELS-GB v2,326,664
0.23986398465511444,0.2069143239101184,0.1373681038125515,24,24,15936,9182,CAMELS-GB v2,327,664
0.30432624493207755,0.24914749855880633,0.18131445214521846,24,24,15936,9190,CAMELS-GB v2,328,664
0.30171664982946755,0.2547276821935258,0.1557387292431499,24,24,15936,9272,CAMELS-GB v2,329,664
0.26598155288766206,0.2170467669482804,0.18397811956549248,24,24,15936,9296,CAMELS-GB v2,330,664
0.271470004906562,0.23948304487319713,0.11782870834799786,24,24,15936,9238,CAMELS-GB v2,331,664
0.2744564730773186,0.2281407018171965,0.16875452322479645,24,24,15936,9251,CAMELS-GB v2,332,664
0.27457380232270767,0.23384562441427428,0.14833235204488082,24,24,15936,9291,CAMELS-GB v2,333,664
0.2428337490112415,0.2077018047100119,0.14467488330711076,24,24,15936,9190,CAMELS-GB v2,334,664
0.2485915242165681,0.21298645389590504,0.14322720950712953,24,24,15936,9289,CAMELS-GB v2,335,664
0.24341260195138886,0.19166510768035444,0.21259168118735583,24,24,15936,9172,CAMELS-GB v2,336,664
0.2924707912524978,0.23463481396850971,0.1977495839372786,24,24,15936,9285,CAMELS-GB v2,337,664
0.2661161308024898,0.22959803059640801,0.1372261805248678,24,24,15936,9196,CAMELS-GB v2,338,664
0.26565307870737354,0.22003174292444946,0.17173275764357931,24,24,15936,9286,CAMELS-GB v2,339,664
0.27944528297407,0.23506951639452373,0.15879948341680883,24,24,15936,9241,CAMELS-GB v2,340,664
0.25497730224476467,0.2157092248678732,0.15400616851454563,24,24,15936,9186,CAMELS-GB v2,341,664
0.2560708803148127,0.21647357824280722,0.15463414669924458,24,24,15936,9189,CAMELS-GB v2,342,664
0.27965645887560114,0.23316556969707813,0.16624285870401956,24,24,15936,9221,CAMELS-GB v2,343,664
0.2997648840639914,0.2527320658748717,0.1568990255011975,24,24,15936,9306,CAMELS-GB v2,344,664
0.26562522429395363,0.2200698924857154,0.17150228081435714,24,24,15936,9256,CAMELS-GB v2,345,664
0.27423831486135947,0.23268142209167764,0.15153569183318105,24,24,15936,9266,CAMELS-GB v2,346,664
0.27029721191554346,0.22430121129459246,0.17016823923186752,24,24,15936,9189,CAMELS-GB v2,347,664
0.27902414387869545,0.22800733206409654,0.1828401338515646,24,24,15936,9274,CAMELS-GB v2,348,664
0.26160661515269434,0.21836151597569262,0.16530583200948668,24,24,15936,9249,CAMELS-GB v2,349,664
0.2654991252675353,0.21875322805802436,0.17606798953633662,24,24,15936,9236,CAMELS-GB v2,350,664
0.25550653908543525,0.2173339919641398,0.14939949191880164,24,24,15936,9240,CAMELS-GB v2,351,664
0.2758198119011638,0.22529484940854264,0.18318104904924692,24,24,15936,9233,CAMELS-GB v2,352,664
0.2590562043207527,0.22126047295372128,0.14589780417007236,24,24,15936,9185,CAMELS-GB v2,353,664
0.28434369505463025,0.2410828646955001,0.15214274524644744,24,24,15936,9234,CAMELS-GB v2,354,664
0.2909163998562111,0.24212222601338562,0.16772575855793137,24,24,15936,9251,CAMELS-GB v2,355,664
0.2755054458882628,0.23227820728323237,0.15690157581335862,24,24,15936,9300,CAMELS-GB v2,356,664
0.2846154654343915,0.24492576925008613,0.13945024429269626,24,24,15936,9238,CAMELS-GB v2,357,664
0.2714687494508582,0.22744495064860631,0.162168938013328,24,24,15936,9173,CAMELS-GB v2,358,664
0.28396178441530157,0.22769944562091174,0.19813348796296015,24,24,15936,9281,CAMELS-GB v2,359,664
0.24356002496092832,0.21202120179215095,0.12949096705765573,24,24,15936,9282,CAMELS-GB v2,360,664
0.26807017123857363,0.2252207225952104,0.15984414993053675,24,24,15936,9233,CAMELS-GB v2,361,664
0.2816121488655988,0.24634031383231397,0.12524969244177941,24,24,15936,9278,CAMELS-GB v2,362,664
0.2617114411500592,0.21217048752344186,0.1892960942361389,24,24,15936,9275,CAMELS-GB v2,363,664
0.27694153203458677,0.23613632064669632,0.14734233283144527,24,24,15936,9325,CAMELS-GB v2,364,664
0.2584780466324982,0.2109591012705101,0.18384132030195244,24,24,15936,9242,CAMELS-GB v2,365,664
0.2632248618455765,0.22616247439829937,0.1408012419017628,24,24,15936,9217,CAMELS-GB v2,366,664
0.26747121058277673,0.23096652744283053,0.13648079380359623,24,24,15936,9220,CAMELS-GB v2,367,664
0.254906533278836,0.2175652357846415,0.14649015470053794,24,24,15936,9187,CAMELS-GB v2,368,664
0.30062978849502964,0.2503079689651391,0.167388001640837,24,24,15936,9220,CAMELS-GB v2,369,664
0.26502721088384096,0.22888508693632584,0.13637137042262382,24,24,15936,9263,CAMELS-GB v2,370,664
0.3099521121046143,0.2502694401336967,0.1925544935495509,24,24,15936,9276,CAMELS-GB v2,371,664
0.2812526164698073,0.23871327751573354,0.15124957587244492,24,24,15936,9179,CAMELS-GB v2,372,664
0.28055806264871486,0.23948165516113742,0.1464096490394181,24,24,15936,9271,CAMELS-GB v2,373,664
0.2801541873696724,0.24684935190175172,0.11888037719733913,24,24,15936,9297,CAMELS-GB v2,374,664
0.2853454419528277,0.23800500849961012,0.16590569356647977,24,24,15936,9177,CAMELS-GB v2,375,664
0.28679014019846405,0.2469646327834358,0.13886637590632744,24,24,15936,9249,CAMELS-GB v2,376,664
0.2768184163985016,0.23587939102574693,0.14789126354158366,24,24,15936,9146,CAMELS-GB v2,377,664
0.2934166597959922,0.23906465254372516,0.18523831363241983,24,24,15936,9271,CAMELS-GB v2,378,664
0.25454377621672336,0.22043119159915708,0.1340146088998152,24,24,15936,9214,CAMELS-GB v2,379,664
0.26700391118997985,0.22477012395762513,0.1581766613235277,24,24,15936,9221,CAMELS-GB v2,380,664
0.26618131748364254,0.22366855463956115,0.1597135488169409,24,24,15936,9209,CAMELS-GB v2,381,664
0.26423238504814006,0.2160543114834621,0.18233220562990593,24,24,15936,9246,CAMELS-GB v2,382,664
0.2720438778607406,0.23164227450074135,0.148511349263595,24,24,15936,9185,CAMELS-GB v2,383,664
0.26753293811042256,0.22089463690159078,0.17432732409787277,24,24,15936,9231,CAMELS-GB v2,384,664
0.2874126991855178,0.24533119407542645,0.1464149121780064,24,24,15936,9270,CAMELS-GB v2,385,664
0.28262281442823384,0.23166676545063633,0.18029701204655124,24,24,15936,9180,CAMELS-GB v2,386,664
0.26767310291750174,0.22196617230491072,0.1707565314348305,24,24,15936,9333,CAMELS-GB v2,387,664
0.3004124206443255,0.24445909027570364,0.1862550498032437,24,24,15936,9369,CAMELS-GB v2,388,664
0.2830840293071563,0.23980746977990836,0.15287531279375477,24,24,15936,9252,CAMELS-GB v2,389,664
0.26149333490328086,0.218461698892106,0.16456111979714916,24,24,15936,9297,CAMELS-GB v2,390,664
0.27498652241697324,0.24041339305736684,0.125726632184474,24,24,15936,9246,CAMELS-GB v2,391,664
0.27697061347449947,0.23596957253856177,0.14803390302528485,24,24,15936,9194,CAMELS-GB v2,392,664
0.2747281749266514,0.24189060235771712,0.1195275023309913,24,24,15936,9213,CAMELS-GB v2,393,664
0.26178244972172227,0.22922919441703765,0.1243523213236376,24,24,15936,9177,CAMELS-GB v2,394,664
0.27827339004094853,0.22385823933012647,0.19554564920064677,24,24,15936,9249,CAMELS-GB v2,395,664
0.26266100217431604,0.21914385411022216,0.16567799446380527,24,24,15936,9263,CAMELS-GB v2,396,664
0.2693301537713765,0.22798517630777687,0.15351039192847193,24,24,15936,9264,CAMELS-GB v2,397,664
0.24683807675849884,0.21390959048528596,0.13340116203153463,24,24,15936,9199,CAMELS-GB v2,398,664
0.2773770631572265,0.23452391716424184,0.15449419467208814,24,24,15936,9298,CAMELS-GB v2,399,664
0.2806452282216125,0.23632389866426246,0.15792653891963393,24,24,15936,9187,CAMELS-GB v2,400,664
0.25972023807311784,0.21451398216135042,0.17405750220758964,24,24,15936,9218,CAMELS-GB v2,401,664
0.2937423305864483,0.2459098627300345,0.16283818461206323,24,24,15936,9194,CAMELS-GB v2,402,664
0.26070094546306904,0.22297920192087511,0.1446935433056863,24,24,15936,9423,CAMELS-GB v2,403,664
0.2584483724544319,0.21918830787930477,0.151906797486408,24,24,15936,9271,CAMELS-GB v2,404,664
0.2901196654588008,0.24847460873554017,0.14354441177712773,24,24,15936,9311,CAMELS-GB v2,405,664
0.26787078074209886,0.23012464669639088,0.14091172594912205,24,24,15936,9204,CAMELS-GB v2,406,664
0.27282061901247884,0.22747851804040736,0.1661974858652363,24,24,15936,9250,CAMELS-GB v2,407,664
0.26760634142044604,0.22086867930792684,0.17465080186230697,24,24,15936,9228,CAMELS-GB v2,408,664
0.2717268187564692,0.23458292818367968,0.13669571057717034,24,24,15936,9212,CAMELS-GB v2,409,664
0.2618850706480474,0.2235888697089626,0.14623285261858943,24,24,15936,9277,CAMELS-GB v2,410,664
0.270261302767651,0.22097767303723465,0.18235548051356232,24,24,15936,9263,CAMELS-GB v2,411,664
0.28978411737609555,0.23287354356291817,0.19638955484684528,24,24,15936,9218,CAMELS-GB v2,412,664
0.2658125073303284,0.2230208926907549,0.16098420299837835,24,24,15936,9233,CAMELS-GB v2,413,664
0.2644515706807074,0.2241189536116697,0.15251418989579135,24,24,15936,9211,CAMELS-GB v2,414,664
0.2634891569581142,0.2255032374147591,0.14416501985086827,24,24,15936,9297,CAMELS-GB v2,415,664
0.24876343286803468,0.2020275178324724,0.18787293010365802,24,24,15936,9330,CAMELS-GB v2,416,664
0.2961700594827216,0.23881567630654812,0.1936535491681579,24,24,15936,9220,CAMELS-GB v2,417,664
0.256508516427865,0.21524063576300628,0.16088308193254086,24,24,15936,9229,CAMELS-GB v2,418,664
0.27002917888534883,0.22760550812786215,0.15710772788558258,24,24,15936,9234,CAMELS-GB v2,419,664
0.2809275441363419,0.23804999252433245,0.15262850691208762,24,24,15936,9170,CAMELS-GB v2,420,664
0.2682113484247763,0.22997421566060064,0.14256344106520835,24,24,15936,9195,CAMELS-GB v2,421,664
0.2721995773610181,0.22532345937395146,0.17221230995849368,24,24,15936,9205,CAMELS-GB v2,422,664
0.2809758442969628,0.24413465224200936,0.1311187164403217,24,24,15936,9276,CAMELS-GB v2,423,664
0.2707424413563841,0.22503916728246878,0.16880720231725732,24,24,15936,9249,CAMELS-GB v2,424,664
0.2776219100551032,0.23205318494059474,0.16413951299976237,24,24,15936,9189,CAMELS-GB v2,425,664
0.25809810292262597,0.22116683788895908,0.14309002900628964,24,24,15936,9221,CAMELS-GB v2,426,664
0.24999652042005066,0.21844319105364185,0.12621507416740074,24,24,15936,9226,CAMELS-GB v2,427,664
0.2688905881919685,0.22611398636277094,0.1590855303520633,24,24,15936,9146,CAMELS-GB v2,428,664
0.25010911624264526,0.20928947739288092,0.1632073211204459,24,24,15936,9273,CAMELS-GB v2,429,664
0.2770140635714438,0.2304974675928235,0.16792142383999709,24,24,15936,9288,CAMELS-GB v2,430,664
0.2688514312448927,0.22382016351637996,0.16749498977929722,24,24,15936,9186,CAMELS-GB v2,431,664
0.2820741578126401,0.22936034088982904,0.1868792849780474,24,24,15936,9233,CAMELS-GB v2,432,664
0.25401402255862976,0.2165208788690286,0.14760265323914257,24,24,15936,9242,CAMELS-GB v2,433,664
0.2820262433680453,0.23504159727786977,0.16659671642280616,24,24,15936,9343,CAMELS-GB v2,434,664
0.2852654887907833,0.24592648685482102,0.13790312351738387,24,24,15936,9215,CAMELS-GB v2,435,664
0.28469868189434516,0.2399313969255266,0.15724444058168208,24,24,15936,9207,CAMELS-GB v2,436,664
0.3010612017675521,0.25729856287333713,0.14536127085549821,24,24,15936,9189,CAMELS-GB v2,437,664
0.2549384367159884,0.21350703438232305,0.16251532278681702,24,24,15936,9243,CAMELS-GB v2,438,664
0.27774864060830023,0.23912071904825188,0.13907510573390724,24,24,15936,9306,CAMELS-GB v2,439,664
0.24823772583829043,0.2048002586936161,0.17498334307562424,24,24,15936,9100,CAMELS-GB v2,440,664
0.29818783931587034,0.24198783847463745,0.18847180679860065,24,24,15936,9244,CAMELS-GB v2,441,664
0.28721317709984034,0.25026629979933057,0.1286392138187531,24,24,15936,9239,CAMELS-GB v2,442,664
0.2454139340200498,0.21883905810056736,0.10828592934462855,24,24,15936,9228,CAMELS-GB v2,443,664
0.24406174598503932,0.20685087401735852,0.15246499125660518,24,24,15936,9215,CAMELS-GB v2,444,664
0.26226372662237096,0.22709859400827412,0.13408309668660556,24,24,15936,9261,CAMELS-GB v2,445,664
0.2953646171555019,0.24662521005691726,0.1650143729738779,24,24,15936,9264,CAMELS-GB v2,446,664
0.2763809504829414,0.21749312049867495,0.21306761512096728,24,24,15936,9256,CAMELS-GB v2,447,664
0.30002089683896854,0.2540105009288596,0.15335730409073578,24,24,15936,9133,CAMELS-GB v2,448,664
0.27742534213980463,0.23636785581249295,0.14799472178940787,24,24,15936,9188,CAMELS-GB v2,449,664
0.2752555849268848,0.23463351415538983,0.1475794606757398,24,24,15936,9292,CAMELS-GB v2,450,664
0.25416435485144817,0.2201293842184125,0.13390929917347438,24,24,15936,9236,CAMELS-GB v2,451,664
0.2603218382737269,0.21664286964670973,0.16778833814583394,24,24,15936,9211,CAMELS-GB v2,452,664
0.263724547172928,0.21450540223463638,0.1866308823577879,24,24,15936,9151,CAMELS-GB v2,453,664
0.2709394424331664,0.22857255603686483,0.1563703166132867,24,24,15936,9207,CAMELS-GB v2,454,664
0.299637834601132,0.24248163530834238,0.19075094227961598,24,24,15936,9267,CAMELS-GB v2,455,664
0.28335115527757,0.23688036264491183,0.16400424620515663,24,24,15936,9119,CAMELS-GB v2,456,664
0.28058417647192996,0.22227717750700565,0.20780572767173644,24,24,15936,9230,CAMELS-GB v2,457,664
0.2794062481732793,0.23706628102199728,0.151535505838166,24,24,15936,9212,CAMELS-GB v2,458,664
0.2717198088030974,0.22674636756460656,0.16551403240196216,24,24,15936,9262,CAMELS-GB v2,459,664
0.2816800319371716,0.2399973663873906,0.14797877316017305,24,24,15936,9224,CAMELS-GB v2,460,664
0.2884966487496217,0.2449195819888358,0.15104877976799402,24,24,15936,9214,CAMELS-GB v2,461,664
0.25553577580601355,0.2242770153299058,0.12232635675967896,24,24,15936,9191,CAMELS-GB v2,462,664
0.24455770404644314,0.21577957382497032,0.11767419200176854,24,24,15936,9238,CAMELS-GB v2,463,664
0.2920223880258972,0.2495177166088544,0.1455527834847833,24,24,15936,9285,CAMELS-GB v2,464,664
0.2742035552408717,0.23302896321354183,0.15016067895677143,24,24,15936,9273,CAMELS-GB v2,465,664
0.2599982513214037,0.2162956390327048,0.16808810084908898,24,24,15936,9227,CAMELS-GB v2,466,664
0.2569388937203766,0.21537317724021138,0.1617727696975323,24,24,15936,9214,CAMELS-GB v2,467,664
0.2684542508326455,0.22502219111481833,0.16178570308764728,24,24,15936,9292,CAMELS-GB v2,468,664
0.31091105339007974,0.2542365594212762,0.1822852335124212,24,24,15936,9259,CAMELS-GB v2,469,664
0.2843256277090857,0.2344191773497835,0.1755256842705898,24,24,15936,9177,CAMELS-GB v2,470,664
0.2714423942563153,0.2207238128068578,0.18684841617468706,24,24,15936,9236,CAMELS-GB v2,471,664
0.2839956025054952,0.23242002325286426,0.18160696432485424,24,24,15936,9264,CAMELS-GB v2,472,664
0.25289653182142124,0.21629431203784139,0.1447319958085701,24,24,15936,9206,CAMELS-GB v2,473,664
0.27155314001915587,0.22246697005536847,0.18076082626157353,24,24,15936,9163,CAMELS-GB v2,474,664
0.2639564420255701,0.23711357508133005,0.10169430508401733,24,24,15936,9163,CAMELS-GB v2,475,664
0.2924996766372104,0.24191817857339432,0.1729283896834959,24,24,15936,9252,CAMELS-GB v2,476,664
0.25383349163944813,0.19919988221358914,0.2152340460393699,24,24,15936,9193,CAMELS-GB v2,477,664
0.27268255427591565,0.2181418884364417,0.20001523744084715,24,24,15936,9265,CAMELS-GB v2,478,664
0.2582210752032565,0.21929564607898167,0.1507445861792459,24,24,15936,9201,CAMELS-GB v2,479,664
0.25744164485960586,0.21977649044960731,0.14630560036445928,24,24,15936,9267,CAMELS-GB v2,480,664
0.2670291802697472,0.2266378439481465,0.15126188186923328,24,24,15936,9218,CAMELS-GB v2,481,664
0.2837844430190297,0.23945008558827183,0.15622546803168125,24,24,15936,9230,CAMELS-GB v2,482,664
0.2879971602705466,0.2367124943827424,0.17807351239028557,24,24,15936,9332,CAMELS-GB v2,483,664
0.2754080804924576,0.2356950097281641,0.1441971880174412,24,24,15936,9126,CAMELS-GB v2,484,664
0.2728883498248776,0.22460149835906687,0.17694728080842637,24,24,15936,9217,CAMELS-GB v2,485,664
0.25752344414512,0.21390603190752105,0.16937258812451894,24,24,15936,9124,CAMELS-GB v2,486,664
0.2738919774157789,0.22262838896820417,0.1871671778460111,24,24,15936,9251,CAMELS-GB v2,487,664
0.2913657784953607,0.23246989661178508,0.20213726604311366,24,24,15936,9258,CAMELS-GB v2,488,664
0.28468377213672974,0.2354068392803573,0.17309357848716922,24,24,15936,9202,CAMELS-GB v2,489,664
0.27445979136314314,0.229284859129939,0.16459581204531448,24,24,15936,9319,CAMELS-GB v2,490,664
0.29314385678297533,0.24774543794327744,0.15486737241540738,24,24,15936,9282,CAMELS-GB v2,491,664
0.27150423875533497,0.227410364211218,0.16240584215649023,24,24,15936,9280,CAMELS-GB v2,492,664
0.26810602480578083,0.22626231062503036,0.15607151764330007,24,24,15936,9164,CAMELS-GB v2,493,664
0.2228915838909719,0.1862621762015378,0.1643373296111149,24,24,15936,9265,CAMELS-GB v2,494,664
0.2930358077290044,0.2427902970395897,0.17146542969888878,24,24,15936,9310,CAMELS-GB v2,495,664
0.27123720760997583,0.2243692813062105,0.17279313084198544,24,24,15936,9288,CAMELS-GB v2,496,664
0.2940609076170747,0.25376892553333125,0.1370191720152465,24,24,15936,9186,CAMELS-GB v2,497,664
0.26148123121050654,0.22147875646194654,0.15298411501036513,24,24,15936,9235,CAMELS-GB v2,498,664
0.27628100279304657,0.22271622855496495,0.1938778768593269,24,24,15936,9232,CAMELS-GB v2,499,664
0.5500190719934759,0.46990764520750955,0.1456520889277756,24,24,21432,13865,CAMELS-BR v1.2,0,893
0.5549453255686226,0.48023212976014457,0.13463163372341858,24,24,21432,14062,CAMELS-BR v1.2,1,893
0.5180851343383708,0.4513585825409441,0.12879456941500733,24,24,21432,14006,CAMELS-BR v1.2,2,893
0.5246403204919341,0.46172376061317877,0.11992322629675323,24,24,21432,13934,CAMELS-BR v1.2,3,893
0.5520845749700658,0.4877334771090548,0.11656021700026697,24,24,21432,13866,CAMELS-BR v1.2,4,893
0.5142733790078996,0.44832101640971533,0.128243781012766,24,24,21432,13956,CAMELS-BR v1.2,5,893
0.5465088342067753,0.47822650198529354,0.12494277850163116,24,24,21432,14021,CAMELS-BR v1.2,6,893
0.5486713570297601,0.4710297518885695,0.14150839869153098,24,24,21432,13954,CAMELS-BR v1.2,7,893
0.569145077523536,0.49579097487415447,0.12888471770424503,24,24,21432,14292,CAMELS-BR v1.2,8,893
0.5772612004533412,0.4937455192060437,0.14467572250085403,24,24,21432,13982,CAMELS-BR v1.2,9,893
0.5196057248192678,0.45630106273625354,0.12183211050077103,24,24,21432,14033,CAMELS-BR v1.2,10,893
0.5499901312234264,0.47890158337026945,0.12925422442585277,24,24,21432,13922,CAMELS-BR v1.2,11,893
0.5366780970132732,0.47481441684127795,0.11527148306644086,24,24,21432,13970,CAMELS-BR v1.2,12,893
0.5226560434267752,0.49304900847310146,0.05664726415398602,24,24,21432,14008,CAMELS-BR v1.2,13,893
0.5535513155247634,0.4855482585220533,0.1228486954967195,24,24,21432,14152,CAMELS-BR v1.2,14,893
0.5237613876919119,0.4755546592051218,0.09203948519234184,24,24,21432,14038,CAMELS-BR v1.2,15,893
0.5374844701888054,0.4658690333580856,0.13324187172433655,24,24,21432,14049,CAMELS-BR v1.2,16,893
0.5162022347475588,0.4588211401180328,0.11116010502664198,24,24,21432,13958,CAMELS-BR v1.2,17,893
0.567357236698166,0.4920681502851132,0.13270137673965465,24,24,21432,13942,CAMELS-BR v1.2,18,893
0.5483363050625149,0.4866914026644784,0.1124217051267623,24,24,21432,14066,CAMELS-BR v1.2,19,893
0.5547741847005995,0.49035830669536934,0.1161118880107842,24,24,21432,13924,CAMELS-BR v1.2,20,893
0.5060365964343218,0.45393683315509264,0.10295651272326722,24,24,21432,14001,CAMELS-BR v1.2,21,893
0.5580921809332522,0.4860536793515833,0.12907993346404667,24,24,21432,14021,CAMELS-BR v1.2,22,893
0.5403659345038745,0.4825205670640571,0.10704850869795646,24,24,21432,14020,CAMELS-BR v1.2,23,893
0.5819295289580253,0.50549796507741,0.1313416145378805,24,24,21432,14000,CAMELS-BR v1.2,24,893
0.532052729761682,0.47313497804355265,0.1107366778186063,24,24,21432,13896,CAMELS-BR v1.2,25,893
0.5368339452973778,0.47162652639495073,0.12146664620156533,24,24,21432,13971,CAMELS-BR v1.2,26,893
0.540156618350641,0.4756260575063327,0.11946638928789077,24,24,21432,14116,CAMELS-BR v1.2,27,893
0.5630350581142383,0.49465550306366857,0.12144813020985212,24,24,21432,14051,CAMELS-BR v1.2,28,893
0.5422181271724736,0.4831836808791187,0.10887582567776588,24,24,21432,13939,CAMELS-BR v1.2,29,893
0.5427527267910179,0.4909585044340468,0.09542876488746599,24,24,21432,13947,CAMELS-BR v1.2,30,893
0.503699350535267,0.4604726986301624,0.08581835942247873,24,24,21432,13987,CAMELS-BR v1.2,31,893
0.5334873473924606,0.4839772509287817,0.09280463108576176,24,24,21432,13853,CAMELS-BR v1.2,32,893
0.5407870885315309,0.45272921518047676,0.16283279541708195,24,24,21432,13984,CAMELS-BR v1.2,33,893
0.527218041307394,0.47737346345895776,0.09454262552326886,24,24,21432,14064,CAMELS-BR v1.2,34,893
0.5573901759520725,0.47941268973183426,0.13989748937904356,24,24,21432,14015,CAMELS-BR v1.2,35,893
0.5011751968460593,0.43267609781856753,0.1366769534058404,24,24,21432,14071,CAMELS-BR v1.2,36,893
0.5351811012903923,0.474579301802067,0.11323606035827194,24,24,21432,13977,CAMELS-BR v1.2,37,893
0.550776437104021,0.49836098251515587,0.09516647964184033,24,24,21432,14035,CAMELS-BR v1.2,38,893
0.5208914700532284,0.45826070135893093,0.120237654665179,24,24,21432,14037,CAMELS-BR v1.2,39,893
0.5280844441239628,0.447883062267296,0.15187226730322,24,24,21432,13941,CAMELS-BR v1.2,40,893
0.5631122662325866,0.5040505571511319,0.10488443002067371,24,24,21432,13922,CAMELS-BR v1.2,41,893
0.521869727660903,0.4608789003887779,0.11686983175953702,24,24,21432,13922,CAMELS-BR v1.2,42,893
0.5609061506249446,0.49490977513707063,0.11766028134001183,24,24,21432,14024,CAMELS-BR v1.2,43,893
0.5508727338244036,0.496733989527662,0.09827813390015938,24,24,21432,14035,CAMELS-BR v1.2,44,893
0.5500210851901025,0.4567527201389529,0.16957234470186444,24,24,21432,13877,CAMELS-BR v1.2,45,893
0.4937580922853574,0.44406241415112463,0.10064782514088333,24,24,21432,14018,CAMELS-BR v1.2,46,893
0.5505583657233035,0.4857906362576967,0.11764007868723847,24,24,21432,13964,CAMELS-BR v1.2,47,893
0.552766086613252,0.4864952425573703,0.11988948971511104,24,24,21432,13986,CAMELS-BR v1.2,48,893
0.551780782169309,0.4816082633626438,0.12717463361225478,24,24,21432,14053,CAMELS-BR v1.2,49,893
0.5366030632110023,0.47792007072245574,0.10936015187351122,24,24,21432,14007,CAMELS-BR v1.2,50,893
0.5212657996399436,0.45925039547714797,0.11897079034464142,24,24,21432,13957,CAMELS-BR v1.2,51,893
0.5637373012297955,0.4925531681936379,0.12627181646640917,24,24,21432,13986,CAMELS-BR v1.2,52,893
0.5477297120369983,0.494732284184147,0.09675835852642478,24,24,21432,14077,CAMELS-BR v1.2,53,893
0.521539885914894,0.4568272542243116,0.12407992837798476,24,24,21432,14026,CAMELS-BR v1.2,54,893
0.5378466216711093,0.4777326813692036,0.11176781238325806,24,24,21432,14018,CAMELS-BR v1.2,55,893
0.5623014931481024,0.4950561495229603,0.11958948081155218,24,24,21432,14068,CAMELS-BR v1.2,56,893
0.5571519072582841,0.4871289403345521,0.12568020680089098,24,24,21432,13928,CAMELS-BR v1.2,57,893
0.5766698634800614,0.5001662587097638,0.13266447514461233,24,24,21432,14091,CAMELS-BR v1.2,58,893
0.5214540611780106,0.4465078416620204,0.1437254498443835,24,24,21432,14047,CAMELS-BR v1.2,59,893
0.5386049019288615,0.46727380113478684,0.13243678350980914,24,24,21432,13918,CAMELS-BR v1.2,60,893
0.5599992475291932,0.4805846778638778,0.14181192209758353,24,24,21432,13982,CAMELS-BR v1.2,61,893
0.5412803841239876,0.4740309939414341,0.12424132142048794,24,24,21432,14015,CAMELS-BR v1.2,62,893
0.5043274255109107,0.4445865883855766,0.11845645131198934,24,24,21432,13966,CAMELS-BR v1.2,63,893
0.507062269935902,0.4503012988352526,0.11194082949185813,24,24,21432,14151,CAMELS-BR v1.2,64,893
0.5289500596200369,0.46528146072461785,0.12036788301178081,24,24,21432,13965,CAMELS-BR v1.2,65,893
0.5326296126038239,0.4756251884321013,0.10702451163586202,24,24,21432,13910,CAMELS-BR v1.2,66,893
0.5479594047880124,0.49392348124627267,0.09861300503208714,24,24,21432,14041,CAMELS-BR v1.2,67,893
0.5461746919362267,0.4803454526426158,0.1205278096285306,24,24,21432,14110,CAMELS-BR v1.2,68,893
0.5473624072675913,0.46658532649088313,0.1475751343245214,24,24,21432,14019,CAMELS-BR v1.2,69,893
0.5712890487651341,0.49240829817135645,0.13807502658117077,24,24,21432,14000,CAMELS-BR v1.2,70,893
0.5844111313629107,0.49527999899448777,0.15251443305085477,24,24,21432,13873,CAMELS-BR v1.2,71,893
0.5105210093582428,0.456647541710366,0.10552644584715376,24,24,21432,14016,CAMELS-BR v1.2,72,893
0.5341166015758685,0.45909055330195087,0.14046754594887945,24,24,21432,13992,CAMELS-BR v1.2,73,893
0.5420292067130594,0.46921445624615926,0.13433731903204804,24,24,21432,13918,CAMELS-BR v1.2,74,893
0.5379852977134589,0.4671456395633733,0.13167582543829326,24,24,21432,14095,CAMELS-BR v1.2,75,893
0.5323538535177483,0.48878072395724137,0.08184993735384738,24,24,21432,14048,CAMELS-BR v1.2,76,893
0.5326693233966224,0.46589596959723056,0.12535610906519734,24,24,21432,13968,CAMELS-BR v1.2,77,893
0.5332162287074842,0.4506690131511895,0.15481002098602492,24,24,21432,13836,CAMELS-BR v1.2,78,893
0.5125037443295595,0.4469812146493522,0.12784790434247795,24,24,21432,14013,CAMELS-BR v1.2,79,893
0.54781651574644,0.48190822577442227,0.12031088526459055,24,24,21432,13938,CAMELS-BR v1.2,80,893
0.5164682259080898,0.47210785401982924,0.08589177351668276,24,24,21432,13931,CAMELS-BR v1.2,81,893
0.5572887024037285,0.48796110781957014,0.12440157908303318,24,24,21432,13980,CAMELS-BR v1.2,82,893
0.5303024770015219,0.47062538652098107,0.11253405946351924,24,24,21432,13818,CAMELS-BR v1.2,83,893
0.5257212998859251,0.4638205940386988,0.11774433689610442,24,24,21432,13891,CAMELS-BR v1.2,84,893
0.5314363238232956,0.46553817585865465,0.12400008243800875,24,24,21432,13873,CAMELS-BR v1.2,85,893
0.5612215998089455,0.49694350481940514,0.11453246812207918,24,24,21432,13970,CAMELS-BR v1.2,86,893
0.5665051132729378,0.5016564963134321,0.11447137093758619,24,24,21432,14010,CAMELS-BR v1.2,87,893
0.5304422827086471,0.4664028014224488,0.12072846259387082,24,24,21432,14112,CAMELS-BR v1.2,88,893
0.541965575343852,0.4682133902987311,0.13608278532880724,24,24,21432,13874,CAMELS-BR v1.2,89,893
0.5340774035080246,0.4718247784317428,0.1165610540108657,24,24,21432,13983,CAMELS-BR v1.2,90,893
0.5202456181908586,0.44868666945626673,0.13754839297529564,24,24,21432,14014,CAMELS-BR v1.2,91,893
0.5368024409778835,0.447174882182906,0.16696563195894676,24,24,21432,13873,CAMELS-BR v1.2,92,893
0.526314509462578,0.4605484664424019,0.12495578563344201,24,24,21432,13824,CAMELS-BR v1.2,93,893
0.5413482700811826,0.4649758266415362,0.14107820724760656,24,24,21432,13921,CAMELS-BR v1.2,94,893
0.5163572975846873,0.454143336112945,0.12048626360613923,24,24,21432,13990,CAMELS-BR v1.2,95,893
0.5370363578508863,0.47477223192361684,0.11594024318286056,24,24,21432,13834,CAMELS-BR v1.2,96,893
0.5386035458480337,0.4701251767026714,0.12714058359482727,24,24,21432,13976,CAMELS-BR v1.2,97,893
0.5582858475698687,0.4736534459219299,0.1515933137412141,24,24,21432,14007,CAMELS-BR v1.2,98,893
0.516426124039885,0.44882096680577876,0.13090963854664506,24,24,21432,13984,CAMELS-BR v1.2,99,893
0.5308007563488388,0.4702446722358955,0.11408439680735172,24,24,21432,14051,CAMELS-BR v1.2,100,893
0.5372960515606202,0.48172207351451535,0.10343269392113663,24,24,21432,13937,CAMELS-BR v1.2,101,893
0.5365851349909373,0.45129589989967306,0.15894818832934077,24,24,21432,13808,CAMELS-BR v1.2,102,893
0.5493079539913875,0.47440274473905814,0.13636287024073168,24,24,21432,13876,CAMELS-BR v1.2,103,893
0.5366507650978107,0.4465342492195576,0.1679239493152095,24,24,21432,13942,CAMELS-BR v1.2,104,893
0.5369369732188684,0.472613403688488,0.11979724388277602,24,24,21432,14073,CAMELS-BR v1.2,105,893
0.5443666169727122,0.4754585272015506,0.12658397415030276,24,24,21432,14080,CAMELS-BR v1.2,106,893
0.5470204378214386,0.4688372206080727,0.14292558706716352,24,24,21432,13995,CAMELS-BR v1.2,107,893
0.5261622297386355,0.4747121273408922,0.09778372427701709,24,24,21432,14001,CAMELS-BR v1.2,108,893
0.5542438657781438,0.49152656783749404,0.11315830776511404,24,24,21432,14001,CAMELS-BR v1.2,109,893
0.554362051142598,0.48985088326811527,0.11637010098638323,24,24,21432,13981,CAMELS-BR v1.2,110,893
0.5155898461244317,0.4533610841911947,0.12069431235117611,24,24,21432,13857,CAMELS-BR v1.2,111,893
0.49545797810446557,0.43846452721671436,0.11503185619454159,24,24,21432,14048,CAMELS-BR v1.2,112,893
0.5351239435707645,0.47371962024512154,0.11474785246181551,24,24,21432,14082,CAMELS-BR v1.2,113,893
0.5324783513766629,0.4515503888001857,0.15198357335513646,24,24,21432,13910,CAMELS-BR v1.2,114,893
0.5725989074490831,0.5146363195902128,0.10122720652243733,24,24,21432,14044,CAMELS-BR v1.2,115,893
0.5568826939246567,0.4902057361572722,0.11973250110804412,24,24,21432,14051,CAMELS-BR v1.2,116,893
0.48498290294761776,0.43523660256711205,0.1025733073849796,24,24,21432,14047,CAMELS-BR v1.2,117,893
0.5229497449679039,0.4661066974466815,0.10869696001995599,24,24,21432,13990,CAMELS-BR v1.2,118,893
0.5333554940817167,0.46446365838068127,0.12916682487661846,24,24,21432,13953,CAMELS-BR v1.2,119,893
0.5353594450166981,0.4844128992698435,0.0951632519442438,24,24,21432,13891,CAMELS-BR v1.2,120,893
0.5023603444947561,0.4416534156259604,0.12084339365968677,24,24,21432,14029,CAMELS-BR v1.2,121,893
0.5549245151695835,0.4914931064181437,0.11430637324079174,24,24,21432,13949,CAMELS-BR v1.2,122,893
0.5083934171018577,0.4441260930959316,0.1264125809737816,24,24,21432,13963,CAMELS-BR v1.2,123,893
0.5198814925063673,0.45787643812438544,0.11926767018201256,24,24,21432,13981,CAMELS-BR v1.2,124,893
0.5042186548521472,0.451233538953884,0.1050836088438658,24,24,21432,14033,CAMELS-BR v1.2,125,893
0.5542837262715529,0.4961383891123654,0.10490175771586896,24,24,21432,13980,CAMELS-BR v1.2,126,893
0.48970375181036724,0.4367124482371923,0.10821094054777691,24,24,21432,13973,CAMELS-BR v1.2,127,893
0.5542860022416206,0.47849183813578317,0.13674197760599005,24,24,21432,14060,CAMELS-BR v1.2,128,893
0.5539993289638967,0.4801909956131699,0.1332281999127417,24,24,21432,13955,CAMELS-BR v1.2,129,893
0.5377791558011975,0.451091679457795,0.16119530741992638,24,24,21432,13916,CAMELS-BR v1.2,130,893
0.5592365342322467,0.4853259908406065,0.13216329561356188,24,24,21432,13975,CAMELS-BR v1.2,131,893
0.5413470668467213,0.48985800734858964,0.09511284470062609,24,24,21432,14038,CAMELS-BR v1.2,132,893
0.5169887624083324,0.4568780802105119,0.11627077137576802,24,24,21432,14016,CAMELS-BR v1.2,133,893
0.5480732829672085,0.4568879841310253,0.16637428181595715,24,24,21432,13894,CAMELS-BR v1.2,134,893
0.5276319563050641,0.4625010644499565,0.12344000600572136,24,24,21432,14015,CAMELS-BR v1.2,135,893
0.5434577451156346,0.4885110056265056,0.1011058173022038,24,24,21432,14067,CAMELS-BR v1.2,136,893
0.5386517749589541,0.47928271868001926,0.11021787922904147,24,24,21432,13996,CAMELS-BR v1.2,137,893
0.5587963946994641,0.4702452460026376,0.1584676449898208,24,24,21432,13997,CAMELS-BR v1.2,138,893
0.5387563325050503,0.444888619794334,0.17423036546830084,24,24,21432,13833,CAMELS-BR v1.2,139,893
0.528011306275311,0.45137615372391804,0.1451392264532959,24,24,21432,14026,CAMELS-BR v1.2,140,893
0.5608367665815174,0.5146171617594445,0.08241186665381517,24,24,21432,14077,CAMELS-BR v1.2,141,893
0.540374918201317,0.4842709989813876,0.10382406238741793,24,24,21432,13938,CAMELS-BR v1.2,142,893
0.5566346623272125,0.4850881723003737,0.12853401857461189,24,24,21432,13881,CAMELS-BR v1.2,143,893
0.5559686341424837,0.4861114404034186,0.12564952310090582,24,24,21432,13998,CAMELS-BR v1.2,144,893
0.5279977625431879,0.47283695555046357,0.10447166807494268,24,24,21432,14084,CAMELS-BR v1.2,145,893
0.5483952023924715,0.48637300713324333,0.1130976255602627,24,24,21432,14162,CAMELS-BR v1.2,146,893
0.5553924940303746,0.4879754069395093,0.12138638497188303,24,24,21432,13927,CAMELS-BR v1.2,147,893
0.5513791565945061,0.4805729346758604,0.12841657337206502,24,24,21432,13931,CAMELS-BR v1.2,148,893
0.5440525426255762,0.4759395447182606,0.12519562463324763,24,24,21432,14033,CAMELS-BR v1.2,149,893
0.562400152741067,0.48867843843096975,0.131084093684518,24,24,21432,14000,CAMELS-BR v1.2,150,893
0.5428699858550514,0.47445808997254546,0.1260189320924665,24,24,21432,14046,CAMELS-BR v1.2,151,893
0.5429816862715142,0.47951455091069994,0.11688632778137198,24,24,21432,14024,CAMELS-BR v1.2,152,893
0.5231349374356596,0.45769288206848546,0.1250959373655347,24,24,21432,13876,CAMELS-BR v1.2,153,893
0.5094320006457104,0.4379103974234478,0.14039479877904848,24,24,21432,13945,CAMELS-BR v1.2,154,893
0.5376792044399819,0.46219128643792573,0.14039582966702302,24,24,21432,14030,CAMELS-BR v1.2,155,893
0.5729496515551015,0.5004835112921915,0.1264790720549741,24,24,21432,14056,CAMELS-BR v1.2,156,893
0.5422448362599158,0.4929251021280512,0.09095473268504128,24,24,21432,14085,CAMELS-BR v1.2,157,893
0.5471061864119111,0.4841983965489304,0.11498277925817135,24,24,21432,13992,CAMELS-BR v1.2,158,893
0.5353810621456658,0.46395307932973373,0.13341522116913818,24,24,21432,14020,CAMELS-BR v1.2,159,893
0.5579207380337062,0.4796033927787797,0.14037360491553375,24,24,21432,13887,CAMELS-BR v1.2,160,893
0.559515481409828,0.4995961597953822,0.10709144537603366,24,24,21432,14013,CAMELS-BR v1.2,161,893
0.5163459667193304,0.4579593755159332,0.11307649321706503,24,24,21432,13970,CAMELS-BR v1.2,162,893
0.5210556112871235,0.4569955091901544,0.12294292722177269,24,24,21432,13942,CAMELS-BR v1.2,163,893
0.562569928128889,0.49859686662798725,0.11371575034889703,24,24,21432,14112,CAMELS-BR v1.2,164,893
0.5338267343040733,0.45947439951710234,0.13928177442049794,24,24,21432,13928,CAMELS-BR v1.2,165,893
0.5410932789539769,0.4839815876190363,0.10554869845241277,24,24,21432,13918,CAMELS-BR v1.2,166,893
0.5367825755328319,0.47479865575450303,0.11547304738198916,24,24,21432,13898,CAMELS-BR v1.2,167,893
0.5259487756643151,0.4650954492225791,0.11570200228125516,24,24,21432,14091,CAMELS-BR v1.2,168,893
0.5471288301015119,0.4988141813984274,0.08830579937474758,24,24,21432,13986,CAMELS-BR v1.2,169,893
0.5206718633241032,0.44889213400804423,0.13785981992151197,24,24,21432,14013,CAMELS-BR v1.2,170,893
0.5446269182905936,0.4742887297151067,0.1291493060905905,24,24,21432,13975,CAMELS-BR v1.2,171,893
0.541775850919017,0.4746518283837129,0.12389629848108097,24,24,21432,13976,CAMELS-BR v1.2,172,893
0.5528484385973246,0.49148725943044247,0.11099096042048417,24,24,21432,14039,CAMELS-BR v1.2,173,893
0.5476983336877413,0.485532472645325,0.11350383453578095,24,24,21432,14019,CAMELS-BR v1.2,174,893
0.5397310927706255,0.4908452545780442,0.09057443391232745,24,24,21432,13996,CAMELS-BR v1.2,175,893
0.5300686224225124,0.4594525423314155,0.1332206380531793,24,24,21432,14130,CAMELS-BR v1.2,176,893
0.5436488136549735,0.4665538140798948,0.14181029671851175,24,24,21432,13841,CAMELS-BR v1.2,177,893
0.5175739582928613,0.45209125289483015,0.1265185474439554,24,24,21432,13979,CAMELS-BR v1.2,178,893
0.5291550750487454,0.45102494438635465,0.1476507253666488,24,24,21432,13977,CAMELS-BR v1.2,179,893
0.4913005411423371,0.43800004296996,0.10848858022514407,24,24,21432,14029,CAMELS-BR v1.2,180,893
0.5429793047178778,0.49214279363118757,0.09362513570034492,24,24,21432,14088,CAMELS-BR v1.2,181,893
0.5482178426615978,0.47868507969698415,0.12683418443119632,24,24,21432,13967,CAMELS-BR v1.2,182,893
0.5300672360883307,0.44875143584958405,0.153406576944507,24,24,21432,13934,CAMELS-BR v1.2,183,893
0.504891533841938,0.4413748964986284,0.12580253992374169,24,24,21432,13995,CAMELS-BR v1.2,184,893
0.5373246600537734,0.4690381023137965,0.1270862158702023,24,24,21432,14051,CAMELS-BR v1.2,185,893
0.5302923031341557,0.4775915852195881,0.0993805069451198,24,24,21432,13987,CAMELS-BR v1.2,186,893
0.5478092310160338,0.4814775443517033,0.12108537590960944,24,24,21432,13912,CAMELS-BR v1.2,187,893
0.5486982979306392,0.48166608990929954,0.12216587562626846,24,24,21432,13942,CAMELS-BR v1.2,188,893
0.5476346064891664,0.48015029086422617,0.12322872737640844,24,24,21432,14059,CAMELS-BR v1.2,189,893
0.532763122894726,0.4614826931298469,0.13379385077852723,24,24,21432,13874,CAMELS-BR v1.2,190,893
0.551738984538797,0.4848843806891583,0.12117070883711978,24,24,21432,14194,CAMELS-BR v1.2,191,893
0.539939572138415,0.46448799683221104,0.13974077693061138,24,24,21432,13920,CAMELS-BR v1.2,192,893
0.514760242414123,0.44192838732716794,0.1414869469044232,24,24,21432,14005,CAMELS-BR v1.2,193,893
0.5229053842096433,0.4545696462693253,0.13068470894329298,24,24,21432,14013,CAMELS-BR v1.2,194,893
0.5369123493250187,0.4660292195618214,0.13201992811733299,24,24,21432,13864,CAMELS-BR v1.2,195,893
0.5300994645765241,0.4760716167045524,0.1019202083426598,24,24,21432,13981,CAMELS-BR v1.2,196,893
0.5499792064462262,0.4693394426102393,0.1466232957370388,24,24,21432,13915,CAMELS-BR v1.2,197,893
0.5392876003072236,0.4698311372418842,0.12879299102328912,24,24,21432,13933,CAMELS-BR v1.2,198,893
0.579957308491855,0.5069037240103418,0.1259637276948622,24,24,21432,14022,CAMELS-BR v1.2,199,893
0.5376532364097452,0.48479350469393534,0.09831565800438236,24,24,21432,14071,CAMELS-BR v1.2,200,893
0.5004922642322188,0.43696359521191974,0.12693236950975728,24,24,21432,14004,CAMELS-BR v1.2,201,893
0.5410196013279852,0.4608238470265005,0.14823077408773444,24,24,21432,14120,CAMELS-BR v1.2,202,893
0.5694974622145786,0.4852886431080515,0.14786513495436515,24,24,21432,13951,CAMELS-BR v1.2,203,893
0.5372053816983506,0.4633187691073165,0.13753885405511934,24,24,21432,14009,CAMELS-BR v1.2,204,893
0.5535866073459075,0.4978552219027761,0.10067329068946884,24,24,21432,14160,CAMELS-BR v1.2,205,893
0.5664627891706336,0.459095867909642,0.18953923066718836,24,24,21432,13894,CAMELS-BR v1.2,206,893
0.5138602983243451,0.45409259642346683,0.1163111882661021,24,24,21432,13970,CAMELS-BR v1.2,207,893
0.5439676659692478,0.4792301076840021,0.11900993815486371,24,24,21432,13959,CAMELS-BR v1.2,208,893
0.5265971797007313,0.4550375726721602,0.135890600609063,24,24,21432,13979,CAMELS-BR v1.2,209,893
0.5316525861584377,0.4617291551277937,0.1315209082981985,24,24,21432,13976,CAMELS-BR v1.2,210,893
0.5065499556676729,0.4525993909009301,0.10650591153567801,24,24,21432,13880,CAMELS-BR v1.2,211,893
0.4917785376454049,0.42580116434300425,0.13416074157748914,24,24,21432,14000,CAMELS-BR v1.2,212,893
0.5035660092317542,0.4406147670295704,0.12501090432657058,24,24,21432,13903,CAMELS-BR v1.2,213,893
0.5489822309205453,0.4849818706650086,0.11658002144845292,24,24,21432,14067,CAMELS-BR v1.2,214,893
0.5254292337154279,0.45686105770201424,0.13049935483900044,24,24,21432,14029,CAMELS-BR v1.2,215,893
0.564744682994484,0.489188251578843,0.1337886547510514,24,24,21432,13980,CAMELS-BR v1.2,216,893
0.5501114373793875,0.4836805402128853,0.12075898200365487,24,24,21432,13893,CAMELS-BR v1.2,217,893
0.5594151792683738,0.4850520338057854,0.13293015316431633,24,24,21432,13961,CAMELS-BR v1.2,218,893
0.5481086067198051,0.4808562009767709,0.12269905073286658,24,24,21432,13832,CAMELS-BR v1.2,219,893
0.5193897509296111,0.43991136131384856,0.1530226375732502,24,24,21432,14095,CAMELS-BR v1.2,220,893
0.561502806696085,0.4945663394567206,0.11920949715856699,24,24,21432,13927,CAMELS-BR v1.2,221,893
0.5357469642431163,0.4624142413006368,0.1368793998601211,24,24,21432,14064,CAMELS-BR v1.2,222,893
0.5267642619570966,0.4557223019349928,0.13486480604845952,24,24,21432,13957,CAMELS-BR v1.2,223,893
0.5554047747250072,0.48588611653483454,0.12516755590477735,24,24,21432,13985,CAMELS-BR v1.2,224,893
0.5131857513587373,0.4489152639648408,0.1252382538364143,24,24,21432,13943,CAMELS-BR v1.2,225,893
0.5140193694454389,0.4598661459981899,0.10535249577398875,24,24,21432,14081,CAMELS-BR v1.2,226,893
0.5360970050075675,0.4610729567227378,0.13994491217829264,24,24,21432,13795,CAMELS-BR v1.2,227,893
0.5190307094471176,0.4473196134475936,0.13816349340082823,24,24,21432,13870,CAMELS-BR v1.2,228,893
0.5538067318756676,0.49389995668954323,0.10817271033024167,24,24,21432,14074,CAMELS-BR v1.2,229,893
0.5686197416606859,0.5000813345727029,0.12053469492250257,24,24,21432,13889,CAMELS-BR v1.2,230,893
0.5797062901410601,0.4958978630243562,0.14457049809880584,24,24,21432,13956,CAMELS-BR v1.2,231,893
0.5308283532980693,0.4780672060302193,0.09939398854647041,24,24,21432,14142,CAMELS-BR v1.2,232,893
0.5430940648109959,0.48984785987536017,0.09804232523543799,24,24,21432,13940,CAMELS-BR v1.2,233,893
0.5145444429404428,0.45990360501804917,0.10619264996846567,24,24,21432,14034,CAMELS-BR v1.2,234,893
0.5532714490175398,0.47106230423411666,0.1485873614649812,24,24,21432,13888,CAMELS-BR v1.2,235,893
0.5667404812120085,0.4768465450838211,0.15861569644000684,24,24,21432,13838,CAMELS-BR v1.2,236,893
0.5779550478124678,0.5007924721173315,0.13350964921440334,24,24,21432,13927,CAMELS-BR v1.2,237,893
0.5194058761561313,0.45587471594264006,0.1223150586659787,24,24,21432,14154,CAMELS-BR v1.2,238,893
0.5502302946736858,0.47986292312527185,0.12788712695317028,24,24,21432,14012,CAMELS-BR v1.2,239,893
0.5351938441165751,0.45371216536042286,0.1522470403049031,24,24,21432,13905,CAMELS-BR v1.2,240,893
0.5325930101291975,0.48134679787269763,0.09622021183505292,24,24,21432,13873,CAMELS-BR v1.2,241,893
0.485281479519594,0.44161932324412007,0.08997284693142926,24,24,21432,13964,CAMELS-BR v1.2,242,893
0.5102447258512296,0.44473230328013363,0.12839412002113904,24,24,21432,13975,CAMELS-BR v1.2,243,893
0.5087299662277441,0.450873434366382,0.11372739115482222,24,24,21432,14003,CAMELS-BR v1.2,244,893
0.5415895666622839,0.4872950609294712,0.10025028005509706,24,24,21432,13933,CAMELS-BR v1.2,245,893
0.5378188008892567,0.47320012966763436,0.1201495208326272,24,24,21432,14039,CAMELS-BR v1.2,246,893
0.5222376062267152,0.4614226515111151,0.11645073811325446,24,24,21432,13984,CAMELS-BR v1.2,247,893
0.5556481358080749,0.49308793831601644,0.11258959305438443,24,24,21432,14055,CAMELS-BR v1.2,248,893
0.5258455921619192,0.4690515232059558,0.10800522016827185,24,24,21432,14035,CAMELS-BR v1.2,249,893
0.5727755504547714,0.49874492387524294,0.12924892921974362,24,24,21432,13798,CAMELS-BR v1.2,250,893
0.5695401875361045,0.4962894635614645,0.12861379333305867,24,24,21432,14107,CAMELS-BR v1.2,251,893
0.5670492256010123,0.4897914938579759,0.13624519398849622,24,24,21432,13973,CAMELS-BR v1.2,252,893
0.5198365453173852,0.46209450320816964,0.11107730425909412,24,24,21432,13983,CAMELS-BR v1.2,253,893
0.5185449532991255,0.45496910033005555,0.12260432304775681,24,24,21432,13883,CAMELS-BR v1.2,254,893
0.5154883825886426,0.45343878780955144,0.12037050082000866,24,24,21432,14015,CAMELS-BR v1.2,255,893
0.5450625952552534,0.47904337813302383,0.12112226686792305,24,24,21432,13986,CAMELS-BR v1.2,256,893
0.5291354010032691,0.4636243743631947,0.12380768044599155,24,24,21432,13919,CAMELS-BR v1.2,257,893
0.495229463350041,0.45486069876258195,0.08151527236360201,24,24,21432,13971,CAMELS-BR v1.2,258,893
0.5089137395087538,0.4514083140234519,0.11299640984503778,24,24,21432,13884,CAMELS-BR v1.2,259,893
0.5281598531502883,0.45232947974745535,0.14357466390247464,24,24,21432,13913,CAMELS-BR v1.2,260,893
0.5317351958458637,0.4676375138149921,0.12054436593934226,24,24,21432,13966,CAMELS-BR v1.2,261,893
0.5047848113031372,0.44970416756746007,0.10911707821295702,24,24,21432,14044,CAMELS-BR v1.2,262,893
0.591382300348546,0.5031856001837721,0.14913652321483573,24,24,21432,13955,CAMELS-BR v1.2,263,893
0.56752405082164,0.4894807005174624,0.13751549417366438,24,24,21432,14065,CAMELS-BR v1.2,264,893
0.5264418049723536,0.4651610797336637,0.11640550704727581,24,24,21432,13869,CAMELS-BR v1.2,265,893
0.5539464275659597,0.49101328552592277,0.1136087154069485,24,24,21432,13917,CAMELS-BR v1.2,266,893
0.5540249375303031,0.4996945155584071,0.09806493948464978,24,24,21432,13765,CAMELS-BR v1.2,267,893
0.5450451465031516,0.4841574709990815,0.11171125161779238,24,24,21432,14043,CAMELS-BR v1.2,268,893
0.535974767579012,0.4615941203147316,0.13877639725514757,24,24,21432,14108,CAMELS-BR v1.2,269,893
0.560291181038016,0.48639552954427595,0.13188794325985687,24,24,21432,14078,CAMELS-BR v1.2,270,893
0.545406841474728,0.48014245416259066,0.11966184204009733,24,24,21432,14093,CAMELS-BR v1.2,271,893
0.49432089407737234,0.4446334522726457,0.10051657212966081,24,24,21432,13884,CAMELS-BR v1.2,272,893
0.5512688485867527,0.48329269352618653,0.12330853672365427,24,24,21432,13995,CAMELS-BR v1.2,273,893
0.5501036744880304,0.46257044773490485,0.15912132714727067,24,24,21432,14044,CAMELS-BR v1.2,274,893
0.5200926227697547,0.46708639960482423,0.1019168910388416,24,24,21432,14011,CAMELS-BR v1.2,275,893
0.5306665212418963,0.46110433066932516,0.1310845658960691,24,24,21432,13926,CAMELS-BR v1.2,276,893
0.5581211536548896,0.48857166238560656,0.12461360909514718,24,24,21432,13963,CAMELS-BR v1.2,277,893
0.5672473537643823,0.49476152845301075,0.12778521544497146,24,24,21432,13934,CAMELS-BR v1.2,278,893
0.5261538100241026,0.462065573586285,0.12180513609676558,24,24,21432,13903,CAMELS-BR v1.2,279,893
0.5247838663237158,0.4550658764774606,0.1328508636034349,24,24,21432,14146,CAMELS-BR v1.2,280,893
0.5417579023961671,0.4865660075085368,0.10187556959209898,24,24,21432,14045,CAMELS-BR v1.2,281,893
0.5424845142629804,0.4775086554992292,0.11977458721015732,24,24,21432,13915,CAMELS-BR v1.2,282,893
0.5738573994649679,0.4998314032452117,0.12899719736780235,24,24,21432,13944,CAMELS-BR v1.2,283,893
0.5269499642368114,0.46054499730934817,0.126017594523682,24,24,21432,13977,CAMELS-BR v1.2,284,893
0.5440248417349671,0.4545335257201501,0.1644985837952131,24,24,21432,14027,CAMELS-BR v1.2,285,893
0.5354177108800322,0.4692033445252097,0.1236686142600516,24,24,21432,14011,CAMELS-BR v1.2,286,893
0.5057735616024334,0.4473944492197631,0.11542539352533321,24,24,21432,13787,CAMELS-BR v1.2,287,893
0.5530410118438085,0.49703591315987716,0.1012675325781236,24,24,21432,14003,CAMELS-BR v1.2,288,893
0.5328251307485397,0.45695592421283365,0.14239044323814287,24,24,21432,13896,CAMELS-BR v1.2,289,893
0.5064868996782341,0.4517325025396191,0.10810624553843329,24,24,21432,13838,CAMELS-BR v1.2,290,893
0.5479828188431674,0.4821272414257524,0.12017817922912433,24,24,21432,13974,CAMELS-BR v1.2,291,893
0.5464778101472401,0.4933080590897422,0.09729535229101449,24,24,21432,14094,CAMELS-BR v1.2,292,893
0.588169037689432,0.5085522941753983,0.13536371079103515,24,24,21432,13944,CAMELS-BR v1.2,293,893
0.5364908534744833,0.47432824225809805,0.11586891148991763,24,24,21432,14010,CAMELS-BR v1.2,294,893
0.528966646842468,0.45784780426631466,0.1344486330105672,24,24,21432,14077,CAMELS-BR v1.2,295,893
0.5332710972865874,0.4722148607719936,0.11449380404312692,24,24,21432,14202,CAMELS-BR v1.2,296,893
0.49532181948299353,0.4411635805474616,0.10933949768669826,24,24,21432,14036,CAMELS-BR v1.2,297,893
0.51044085400834,0.4354870137151799,0.14684138172830397,24,24,21432,13910,CAMELS-BR v1.2,298,893
0.6065084409372653,0.5122518056706992,0.1554086124851074,24,24,21432,13903,CAMELS-BR v1.2,299,893
0.5518016064284262,0.49037345775795144,0.11132288843461824,24,24,21432,13957,CAMELS-BR v1.2,300,893
0.5619909308156285,0.4835458417465904,0.13958426153815184,24,24,21432,13928,CAMELS-BR v1.2,301,893
0.5288805078740628,0.45357460358818774,0.14238736948083353,24,24,21432,13974,CAMELS-BR v1.2,302,893
0.5459188338650426,0.468178830888828,0.1424021267517449,24,24,21432,14084,CAMELS-BR v1.2,303,893
0.5590145053834097,0.4766933094446086,0.1472612877591427,24,24,21432,14051,CAMELS-BR v1.2,304,893
0.5533657287958296,0.480267278492236,0.13209789927298532,24,24,21432,14103,CAMELS-BR v1.2,305,893
0.5681800422353814,0.5001932731142201,0.11965708766130201,24,24,21432,13966,CAMELS-BR v1.2,306,893
0.5502953796340169,0.48825541131940364,0.11273939526054888,24,24,21432,13828,CAMELS-BR v1.2,307,893
0.5535315611375001,0.48156237664875196,0.13001821312745465,24,24,21432,13954,CAMELS-BR v1.2,308,893
0.550182597728102,0.4738233328096932,0.13878894976635592,24,24,21432,14050,CAMELS-BR v1.2,309,893
0.5222358870450228,0.44273469821533246,0.15223233562046723,24,24,21432,13899,CAMELS-BR v1.2,310,893
0.5269244282220795,0.4560700271722405,0.13446786152790868,24,24,21432,13894,CAMELS-BR v1.2,311,893
0.5934526729256915,0.5088785023275644,0.14251207291927892,24,24,21432,13908,CAMELS-BR v1.2,312,893
0.5511219680615453,0.4742691573876901,0.13944791738962736,24,24,21432,13983,CAMELS-BR v1.2,313,893
0.5244499867698368,0.4623955043621934,0.11832297449342288,24,24,21432,13911,CAMELS-BR v1.2,314,893
0.5415552601109389,0.46297771288705103,0.14509608346854774,24,24,21432,14089,CAMELS-BR v1.2,315,893
0.537059345472909,0.48355682125607274,0.09962125166954217,24,24,21432,13985,CAMELS-BR v1.2,316,893
0.5697426495777781,0.4824664753464512,0.15318525705597963,24,24,21432,14048,CAMELS-BR v1.2,317,893
0.5381399044481436,0.4603567369021713,0.1445407911642198,24,24,21432,13918,CAMELS-BR v1.2,318,893
0.5332315533231047,0.47678486765053574,0.10585773726403214,24,24,21432,14128,CAMELS-BR v1.2,319,893
0.540256217465175,0.4825632973838716,0.10678807242976773,24,24,21432,13926,CAMELS-BR v1.2,320,893
0.55939079964976,0.5018495222966419,0.10286418258781738,24,24,21432,13924,CAMELS-BR v1.2,321,893
0.5537501349858198,0.49244112650543875,0.11071601541361442,24,24,21432,13919,CAMELS-BR v1.2,322,893
0.5099672807149233,0.445586500058842,0.12624492411714305,24,24,21432,13962,CAMELS-BR v1.2,323,893
0.5420834333328608,0.4710172447268243,0.1310982484174148,24,24,21432,13932,CAMELS-BR v1.2,324,893
0.5171565095142476,0.45028280481929006,0.12931037986502458,24,24,21432,13964,CAMELS-BR v1.2,325,893
0.5385807421020392,0.46364221953234674,0.1391407391902153,24,24,21432,13935,CAMELS-BR v1.2,326,893
0.5460392631325643,0.491433332243196,0.1000036711208282,24,24,21432,14081,CAMELS-BR v1.2,327,893
0.5469187082716204,0.48697045924527543,0.10961089485454645,24,24,21432,14038,CAMELS-BR v1.2,328,893
0.5144703970028242,0.44969453641135404,0.12590784808773847,24,24,21432,13947,CAMELS-BR v1.2,329,893
0.5366586157427075,0.46302446266209696,0.1372085547880465,24,24,21432,14033,CAMELS-BR v1.2,330,893
0.5577134468981989,0.49876355156528956,0.10569925408965375,24,24,21432,13989,CAMELS-BR v1.2,331,893
0.5340022253999149,0.45621825582351405,0.14566225734012317,24,24,21432,13888,CAMELS-BR v1.2,332,893
0.5402976354275654,0.477539910352709,0.11615398802401378,24,24,21432,14009,CAMELS-BR v1.2,333,893
0.5277211719347771,0.4557855769812759,0.13631364208823504,24,24,21432,14042,CAMELS-BR v1.2,334,893
0.5170725683222381,0.444645976356199,0.14007045897067016,24,24,21432,14025,CAMELS-BR v1.2,335,893
0.5241530412540093,0.4624563651804229,0.11770737021000643,24,24,21432,13875,CAMELS-BR v1.2,336,893
0.5037091822017579,0.4444674468340214,0.11761098955708038,24,24,21432,14063,CAMELS-BR v1.2,337,893
0.5468868608158501,0.4787739102239175,0.12454669415593778,24,24,21432,13999,CAMELS-BR v1.2,338,893
0.5330375754206986,0.468067807300131,0.12188590657851917,24,24,21432,13934,CAMELS-BR v1.2,339,893
0.5638599098699144,0.5097006962797253,0.09605083220526178,24,24,21432,13932,CAMELS-BR v1.2,340,893
0.5610716794605848,0.4835239179361104,0.138213644286999,24,24,21432,14070,CAMELS-BR v1.2,341,893
0.5306601728455977,0.4671292555845318,0.1197205302225518,24,24,21432,13882,CAMELS-BR v1.2,342,893
0.5289790539763475,0.4597947258517747,0.13078840760236654,24,24,21432,14124,CAMELS-BR v1.2,343,893
0.5224764466464747,0.46066122485165467,0.11831197787303582,24,24,21432,13924,CAMELS-BR v1.2,344,893
0.5605067558181779,0.4962798965555679,0.11458712780162172,24,24,21432,13938,CAMELS-BR v1.2,345,893
0.5600439362394375,0.49951908149496566,0.10807161872134874,24,24,21432,14025,CAMELS-BR v1.2,346,893
0.5683798856458768,0.5111933013411547,0.10061331470190626,24,24,21432,14035,CAMELS-BR v1.2,347,893
0.5194948782989618,0.46895404019166687,0.09728842423391404,24,24,21432,14016,CAMELS-BR v1.2,348,893
0.5279338934607608,0.4630693408774153,0.12286491431368318,24,24,21432,13942,CAMELS-BR v1.2,349,893
0.5623770010913822,0.49251724038349864,0.12422229318110378,24,24,21432,13929,CAMELS-BR v1.2,350,893
0.5343824589513907,0.4695048927009251,0.12140661648545448,24,24,21432,13928,CAMELS-BR v1.2,351,893
0.553357510347423,0.4824859578951929,0.12807552283465662,24,24,21432,13976,CAMELS-BR v1.2,352,893
0.5572692582815102,0.47643993398178003,0.14504536738486018,24,24,21432,14053,CAMELS-BR v1.2,353,893
0.4887330437668468,0.44016792329831067,0.09936942281255778,24,24,21432,14026,CAMELS-BR v1.2,354,893
0.5201552038114556,0.4666275907037275,0.1029070029781547,24,24,21432,14036,CAMELS-BR v1.2,355,893
0.532219891995767,0.4572253224926513,0.1409089938782525,24,24,21432,13907,CAMELS-BR v1.2,356,893
0.5456814483014202,0.4923811803186777,0.09767652565183194,24,24,21432,13976,CAMELS-BR v1.2,357,893
0.5466294845201115,0.4812666072522596,0.11957437188964337,24,24,21432,13962,CAMELS-BR v1.2,358,893
0.5358058568015539,0.4681819828768839,0.12620965796892325,24,24,21432,13988,CAMELS-BR v1.2,359,893
0.539264172088345,0.470528633978163,0.12746171851914045,24,24,21432,13956,CAMELS-BR v1.2,360,893
0.5522232791206998,0.48932807916237575,0.11389451031197295,24,24,21432,14046,CAMELS-BR v1.2,361,893
0.5448737418638385,0.4795408660496427,0.11990461421523635,24,24,21432,14136,CAMELS-BR v1.2,362,893
0.5029855830660518,0.4479949408839514,0.10932846593115775,24,24,21432,13933,CAMELS-BR v1.2,363,893
0.5482373475804317,0.4719913721778579,0.13907475610531583,24,24,21432,13962,CAMELS-BR v1.2,364,893
0.5478492354379954,0.4837123547833157,0.11707031151262515,24,24,21432,14015,CAMELS-BR v1.2,365,893
0.5299340646309533,0.46925131951747245,0.11450999126795214,24,24,21432,13867,CAMELS-BR v1.2,366,893
0.5623038978208801,0.5101155527422485,0.09281163669837478,24,24,21432,13872,CAMELS-BR v1.2,367,893
0.5446120448594104,0.4709006977504805,0.13534652383231482,24,24,21432,13993,CAMELS-BR v1.2,368,893
0.5200054431851827,0.45035443119147217,0.13394285176531628,24,24,21432,14092,CAMELS-BR v1.2,369,893
0.5150273684399886,0.45488528956435403,0.11677452997848292,24,24,21432,13976,CAMELS-BR v1.2,370,893
0.5370935784432759,0.4697091780844155,0.1254611916123981,24,24,21432,13865,CAMELS-BR v1.2,371,893
0.5728752817153703,0.492756289493813,0.13985416159282626,24,24,21432,13874,CAMELS-BR v1.2,372,893
0.5350380555341352,0.46969100150902043,0.12213533850387137,24,24,21432,14054,CAMELS-BR v1.2,373,893
0.5416302961143743,0.4589399469169443,0.1526693572915806,24,24,21432,13853,CAMELS-BR v1.2,374,893
0.5676636312044655,0.49836380326857643,0.12207903435499134,24,24,21432,13804,CAMELS-BR v1.2,375,893
0.5644717962203756,0.49195559334411704,0.12846736251805124,24,24,21432,14086,CAMELS-BR v1.2,376,893
0.5699489741858215,0.4889014136507315,0.142201432419222,24,24,21432,14014,CAMELS-BR v1.2,377,893
0.5361626167518879,0.47413323457149126,0.11569135975233624,24,24,21432,14001,CAMELS-BR v1.2,378,893
0.5344237221995434,0.4770176266015292,0.10741681780469292,24,24,21432,13973,CAMELS-BR v1.2,379,893
0.5365955386613233,0.47229511620192277,0.11983033369940899,24,24,21432,13963,CAMELS-BR v1.2,380,893
0.49715539983646395,0.4479544372701903,0.09896495659598181,24,24,21432,13916,CAMELS-BR v1.2,381,893
0.5293124179095973,0.4574703151876327,0.13572721948540167,24,24,21432,14049,CAMELS-BR v1.2,382,893
0.5711884999887549,0.4961552926235112,0.13136330189897183,24,24,21432,14037,CAMELS-BR v1.2,383,893
0.5387273407146236,0.4720177748754985,0.1238280681107341,24,24,21432,13935,CAMELS-BR v1.2,384,893
0.5057602493131755,0.4395200670360294,0.13097150748225184,24,24,21432,14105,CAMELS-BR v1.2,385,893
0.4882674088345875,0.4414142803032775,0.09595792732335051,24,24,21432,14033,CAMELS-BR v1.2,386,893
0.5257633951386518,0.4479587636551906,0.14798411643500387,24,24,21432,13950,CAMELS-BR v1.2,387,893
0.5229521886380862,0.46080551534565756,0.11883815507929318,24,24,21432,13912,CAMELS-BR v1.2,388,893
0.5128505157255361,0.42926778157794904,0.16297679652196795,24,24,21432,13889,CAMELS-BR v1.2,389,893
0.5553598534205957,0.47801946549039115,0.13926175515541206,24,24,21432,14009,CAMELS-BR v1.2,390,893
0.572209355164155,0.5072432761981271,0.11353550650598931,24,24,21432,13893,CAMELS-BR v1.2,391,893
0.5370532597594054,0.4780173662129055,0.10992558461137991,24,24,21432,13946,CAMELS-BR v1.2,392,893
0.5358729276004652,0.47500734565830227,0.11358211771344229,24,24,21432,13942,CAMELS-BR v1.2,393,893
0.5151559057834217,0.4667842464786721,0.09389712660129279,24,24,21432,14079,CAMELS-BR v1.2,394,893
0.5385619185672008,0.478794104259199,0.11097668113447223,24,24,21432,13914,CAMELS-BR v1.2,395,893
0.535587226798089,0.4662892810565059,0.1293868529237866,24,24,21432,14071,CAMELS-BR v1.2,396,893
0.54173040932341,0.48356162960789245,0.10737588053837888,24,24,21432,14074,CAMELS-BR v1.2,397,893
0.538664280027821,0.47692824597502453,0.11460948190143194,24,24,21432,14136,CAMELS-BR v1.2,398,893
0.5674725568582348,0.4998079494746513,0.11923855447425169,24,24,21432,13936,CAMELS-BR v1.2,399,893
0.5555337984834987,0.485686910317262,0.12572932260270275,24,24,21432,13926,CAMELS-BR v1.2,400,893
0.5298841899808862,0.4826115375790735,0.08921317770118387,24,24,21432,14004,CAMELS-BR v1.2,401,893
0.5369958596866781,0.4716230712747032,0.12173797475853543,24,24,21432,13904,CAMELS-BR v1.2,402,893
0.524738278176086,0.45901778653935876,0.12524432535236818,24,24,21432,13805,CAMELS-BR v1.2,403,893
0.5468727140148462,0.48449490062922645,0.11406276412599792,24,24,21432,14113,CAMELS-BR v1.2,404,893
0.5662344850340904,0.5041052903799077,0.10972343842753085,24,24,21432,14018,CAMELS-BR v1.2,405,893
0.5399911829714354,0.46054097601838623,0.14713241522917975,24,24,21432,13951,CAMELS-BR v1.2,406,893
0.553016130331759,0.5011765074975101,0.09373980249572444,24,24,21432,14017,CAMELS-BR v1.2,407,893
0.5285003062619208,0.4666835767467017,0.116966307838965,24,24,21432,13898,CAMELS-BR v1.2,408,893
0.5714750754364135,0.49733675923420484,0.12973149554351449,24,24,21432,14007,CAMELS-BR v1.2,409,893
0.5452434948795737,0.48968166975514693,0.10190277490004451,24,24,21432,13946,CAMELS-BR v1.2,410,893
0.5087924083915316,0.4644949944952555,0.087063826357621,24,24,21432,13997,CAMELS-BR v1.2,411,893
0.5648912909579109,0.489461221466552,0.13353023970939404,24,24,21432,13933,CAMELS-BR v1.2,412,893
0.5759377756133659,0.517793439420061,0.10095593422637028,24,24,21432,13882,CAMELS-BR v1.2,413,893
0.5615265388013334,0.47658287547916806,0.1512727492871324,24,24,21432,14025,CAMELS-BR v1.2,414,893
0.4864336723529489,0.4394769751661043,0.0965325795800861,24,24,21432,14062,CAMELS-BR v1.2,415,893
0.5462359512676301,0.4857994431948017,0.11064176192097142,24,24,21432,14037,CAMELS-BR v1.2,416,893
0.5344940466149254,0.47771752462125877,0.1062247977376839,24,24,21432,14042,CAMELS-BR v1.2,417,893
0.5346318863832126,0.47341250061834894,0.11450754682630904,24,24,21432,14133,CAMELS-BR v1.2,418,893
0.5442670946283104,0.4701195894114632,0.13623367267404585,24,24,21432,13860,CAMELS-BR v1.2,419,893
0.53313151832881,0.4636317666100403,0.13036136362117234,24,24,21432,14019,CAMELS-BR v1.2,420,893
0.5362035542881451,0.45994095178391403,0.1422269619332831,24,24,21432,14040,CAMELS-BR v1.2,421,893
0.5415053480571564,0.4898836269402839,0.09533003007649665,24,24,21432,14049,CAMELS-BR v1.2,422,893
0.5392754275180809,0.4743466078605447,0.12040010789358513,24,24,21432,14002,CAMELS-BR v1.2,423,893
0.5705020134945912,0.48531662575417966,0.149316541792046,24,24,21432,13890,CAMELS-BR v1.2,424,893
0.5420720700569963,0.4719689708417486,0.1293243151374257,24,24,21432,13950,CAMELS-BR v1.2,425,893
0.5123768568374982,0.4551548653720577,0.11167950055087805,24,24,21432,14079,CAMELS-BR v1.2,426,893
0.5408627145248293,0.47856553437908933,0.11518113279535391,24,24,21432,14001,CAMELS-BR v1.2,427,893
0.565671610469307,0.4858593596074895,0.14109290511433237,24,24,21432,13907,CAMELS-BR v1.2,428,893
0.5445763160090454,0.4834911295825039,0.11217011212350803,24,24,21432,13934,CAMELS-BR v1.2,429,893
0.515655789476436,0.4579489309787415,0.11190964917951629,24,24,21432,13992,CAMELS-BR v1.2,430,893
0.5512132006208623,0.47683621128870984,0.1349332513234035,24,24,21432,14104,CAMELS-BR v1.2,431,893
0.5447248263289481,0.48028062795861753,0.11830596891395229,24,24,21432,13924,CAMELS-BR v1.2,432,893
0.5385418210930213,0.4729765322692573,0.12174595594209026,24,24,21432,13921,CAMELS-BR v1.2,433,893
0.514601438854035,0.46782296539798496,0.09090233707900408,24,24,21432,14062,CAMELS-BR v1.2,434,893
0.5483831395287517,0.4746585986424237,0.1344398388135758,24,24,21432,14019,CAMELS-BR v1.2,435,893
0.5513755747709707,0.4839064114558343,0.12236516523816199,24,24,21432,14040,CAMELS-BR v1.2,436,893
0.5202543732192499,0.4580960617728103,0.11947676876181557,24,24,21432,14027,CAMELS-BR v1.2,437,893
0.5338721216766702,0.4680006137196078,0.12338443099479957,24,24,21432,13987,CAMELS-BR v1.2,438,893
0.5458354894617945,0.47566267637313325,0.12856037110715013,24,24,21432,13971,CAMELS-BR v1.2,439,893
0.5069060943185197,0.4447671643511801,0.12258469697603203,24,24,21432,13872,CAMELS-BR v1.2,440,893
0.5591316384482762,0.478004111097264,0.1450955763765407,24,24,21432,14049,CAMELS-BR v1.2,441,893
0.5334443957444077,0.4589474315616045,0.1396527262768309,24,24,21432,14063,CAMELS-BR v1.2,442,893
0.5321678872911936,0.46646031761045414,0.12347150448179023,24,24,21432,13937,CAMELS-BR v1.2,443,893
0.5469069630323967,0.4714332388076095,0.13800103002220587,24,24,21432,14050,CAMELS-BR v1.2,444,893
0.5153228791339176,0.43695847124752296,0.15206855945945685,24,24,21432,13973,CAMELS-BR v1.2,445,893
0.5379556028350901,0.4582586567311382,0.14814781309821767,24,24,21432,13970,CAMELS-BR v1.2,446,893
0.5386867816660383,0.4558082355896932,0.1538529418153166,24,24,21432,14069,CAMELS-BR v1.2,447,893
0.5216345574927191,0.47007079301462174,0.09885036130647296,24,24,21432,13994,CAMELS-BR v1.2,448,893
0.4855090028934701,0.4390527766921227,0.09568561226359118,24,24,21432,13930,CAMELS-BR v1.2,449,893
0.5373513577004722,0.4695443635776504,0.12618744356205458,24,24,21432,13905,CAMELS-BR v1.2,450,893
0.5549619203616807,0.4866843826091081,0.12303103194553355,24,24,21432,14009,CAMELS-BR v1.2,451,893
0.5487065293461603,0.48477044643243067,0.11652145453766694,24,24,21432,13995,CAMELS-BR v1.2,452,893
0.5432286117027949,0.47447024487259665,0.12657353708721175,24,24,21432,14091,CAMELS-BR v1.2,453,893
0.5365327039604851,0.4787699675777727,0.10765930195182771,24,24,21432,14005,CAMELS-BR v1.2,454,893
0.5175353360050647,0.46087171727924375,0.10948743937605543,24,24,21432,13808,CAMELS-BR v1.2,455,893
0.5345741412927515,0.46370401882723755,0.1325730464517605,24,24,21432,14017,CAMELS-BR v1.2,456,893
0.5513874035318868,0.4846953110233279,0.12095323919510259,24,24,21432,13914,CAMELS-BR v1.2,457,893
0.5233699340126257,0.4581323980858109,0.12464899431009535,24,24,21432,14112,CAMELS-BR v1.2,458,893
0.5487786065996736,0.47584432381289443,0.13290292644367552,24,24,21432,14009,CAMELS-BR v1.2,459,893
0.5451456596619922,0.46254833007758933,0.15151423866350855,24,24,21432,14062,CAMELS-BR v1.2,460,893
0.5381377065392032,0.45312065175050353,0.1579838278485438,24,24,21432,13836,CAMELS-BR v1.2,461,893
0.5636594092285033,0.49425129211069174,0.12313839879442878,24,24,21432,14096,CAMELS-BR v1.2,462,893
0.5076874768175104,0.4684558345924446,0.07727518210808193,24,24,21432,13938,CAMELS-BR v1.2,463,893
0.5374240695646523,0.460385015016063,0.14334872386902175,24,24,21432,14049,CAMELS-BR v1.2,464,893
0.5325311096185574,0.4574826996769357,0.1409277478556653,24,24,21432,13870,CAMELS-BR v1.2,465,893
0.5300616186875253,0.46112121474899276,0.13006111272352538,24,24,21432,13900,CAMELS-BR v1.2,466,893
0.5305094972277831,0.45969625370141975,0.13348157553522266,24,24,21432,13978,CAMELS-BR v1.2,467,893
0.5294644729746181,0.4596095864408372,0.1319349835529562,24,24,21432,13918,CAMELS-BR v1.2,468,893
0.55945447947293,0.4828793396151193,0.13687465677270694,24,24,21432,14053,CAMELS-BR v1.2,469,893
0.5494243868790372,0.4921966666517711,0.10415941045562926,24,24,21432,14069,CAMELS-BR v1.2,470,893
0.5278264441989835,0.440543446090201,0.16536306406785095,24,24,21432,13959,CAMELS-BR v1.2,471,893
0.5151232845885558,0.45177377679612285,0.12297931327843603,24,24,21432,14048,CAMELS-BR v1.2,472,893
0.5195198145150529,0.4590199062485004,0.11645351452672947,24,24,21432,13857,CAMELS-BR v1.2,473,893
0.5160952625531587,0.4345169568632242,0.15806830949457085,24,24,21432,14051,CAMELS-BR v1.2,474,893
0.5252031764407301,0.45475622981540714,0.1341327504961749,24,24,21432,13973,CAMELS-BR v1.2,475,893
0.5405420760093114,0.47693163837731994,0.11767897533825966,24,24,21432,13992,CAMELS-BR v1.2,476,893
0.5693204833571113,0.4936614417475399,0.1328935877441697,24,24,21432,14105,CAMELS-BR v1.2,477,893
0.5121745935959076,0.45709004743728343,0.10755032921856411,24,24,21432,13954,CAMELS-BR v1.2,478,893
0.5653174859414396,0.49410312596666756,0.12597232837434125,24,24,21432,13975,CAMELS-BR v1.2,479,893
0.5346817653578023,0.46881059096997707,0.12319697183565836,24,24,21432,13855,CAMELS-BR v1.2,480,893
0.5382144023661235,0.4732066340331966,0.12078414856075326,24,24,21432,13995,CAMELS-BR v1.2,481,893
0.582826582943942,0.5061276993070646,0.13159812177656716,24,24,21432,13934,CAMELS-BR v1.2,482,893
0.5282162547325763,0.480168131664935,0.09096297707075851,24,24,21432,13984,CAMELS-BR v1.2,483,893
0.5349628024350624,0.45474113850802156,0.14995746164384716,24,24,21432,13827,CAMELS-BR v1.2,484,893
0.5383714686255232,0.466552502124162,0.1334003948699528,24,24,21432,13937,CAMELS-BR v1.2,485,893
0.5898315221358926,0.5142974993594267,0.1280603357768042,24,24,21432,14040,CAMELS-BR v1.2,486,893
0.5381252532722722,0.4745748975156259,0.11809584361671299,24,24,21432,13964,CAMELS-BR v1.2,487,893
0.5150402089826515,0.4531563740474565,0.12015340522137652,24,24,21432,14132,CAMELS-BR v1.2,488,893
0.5466609375889062,0.48688588869555643,0.10934574757983007,24,24,21432,13911,CAMELS-BR v1.2,489,893
0.5639591836519526,0.4911906437988754,0.12903157172095336,24,24,21432,14004,CAMELS-BR v1.2,490,893
0.5310622230755141,0.47226129435082,0.1107232376352496,24,24,21432,13973,CAMELS-BR v1.2,491,893
0.5322696972069054,0.4749723238421518,0.10764725789467744,24,24,21432,13996,CAMELS-BR v1.2,492,893
0.5329514784782723,0.45880972018151617,0.13911540035211434,24,24,21432,13962,CAMELS-BR v1.2,493,893
0.5698270342694197,0.509228694459153,0.10634514715146925,24,24,21432,13999,CAMELS-BR v1.2,494,893
0.5725801186178505,0.4716020320169627,0.17635625708527658,24,24,21432,14040,CAMELS-BR v1.2,495,893
0.5241096902944744,0.4546740071606301,0.132483112637798,24,24,21432,13877,CAMELS-BR v1.2,496,893
0.5542131808037911,0.501945044755657,0.0943105250083156,24,24,21432,13969,CAMELS-BR v1.2,497,893
0.5159519124035592,0.4475584193294165,0.1325578826823841,24,24,21432,14017,CAMELS-BR v1.2,498,893
0.5585538436674258,0.49757167187291346,0.10917868077696435,24,24,21432,14058,CAMELS-BR v1.2,499,893
0.3339165367077118,0.31539740508377123,0.055460360863023084,24,24,13440,8581,CAMELS-AUS v2,0,560
0.35699581325152685,0.3318274950920421,0.07050031744140373,24,24,13440,8603,CAMELS-AUS v2,1,560
0.36172270749018615,0.30934407776124806,0.14480326682382572,24,24,13440,8535,CAMELS-AUS v2,2,560
0.365091766316836,0.3465112466710782,0.05089273810035244,24,24,13440,8639,CAMELS-AUS v2,3,560
0.36863846337338846,0.3502999238859661,0.04974667949624001,24,24,13440,8654,CAMELS-AUS v2,4,560
0.37179005167624907,0.33937812736980716,0.08717803007452674,24,24,13440,8561,CAMELS-AUS v2,5,560
0.3374840856829257,0.32244778515988987,0.044554102433033815,24,24,13440,8533,CAMELS-AUS v2,6,560
0.32777742717738584,0.29139968612640466,0.1109830575102243,24,24,13440,8529,CAMELS-AUS v2,7,560
0.30390842813453595,0.28928354065410644,0.04812267817052862,24,24,13440,8632,CAMELS-AUS v2,8,560
0.3167559315945363,0.30935725851586,0.023357646505407836,24,24,13440,8608,CAMELS-AUS v2,9,560
0.3265530372235058,0.32043108903839107,0.01874717882634369,24,24,13440,8649,CAMELS-AUS v2,10,560
0.3844198618084773,0.34329866786769536,0.10696948317740418,24,24,13440,8539,CAMELS-AUS v2,11,560
0.3759540842431373,0.36531992840286115,0.028285783519773733,24,24,13440,8670,CAMELS-AUS v2,12,560
0.35145070639566656,0.33193724372230843,0.05552261616850951,24,24,13440,8619,CAMELS-AUS v2,13,560
0.3266589649695665,0.304331470359123,0.06835108478508667,24,24,13440,8620,CAMELS-AUS v2,14,560
0.3372243487153864,0.31934985981416864,0.05300473992850274,24,24,13440,8636,CAMELS-AUS v2,15,560
0.367405775222899,0.343131130093245,0.06607039618505461,24,24,13440,8525,CAMELS-AUS v2,16,560
0.3556549888355509,0.32507458348715484,0.08598334427564003,24,24,13440,8557,CAMELS-AUS v2,17,560
0.3593203469362925,0.33818931665076307,0.05880833207944092,24,24,13440,8545,CAMELS-AUS v2,18,560
0.3364447605831608,0.28905717760528366,0.14084803370318533,24,24,13440,8612,CAMELS-AUS v2,19,560
0.3702093081912516,0.33105484792668477,0.105763035661814,24,24,13440,8604,CAMELS-AUS v2,20,560
0.4138135895708278,0.37460615916756146,0.09474659941431351,24,24,13440,8528,CAMELS-AUS v2,21,560
0.31916475901589364,0.2765953878525197,0.13337741702633932,24,24,13440,8536,CAMELS-AUS v2,22,560
0.3668395489271378,0.3385993973976716,0.07698229815203306,24,24,13440,8528,CAMELS-AUS v2,23,560
0.32191109479427343,0.30151677487241063,0.06335388947962906,24,24,13440,8590,CAMELS-AUS v2,24,560
0.36224446649877395,0.34952133718192124,0.03512304670883293,24,24,13440,8612,CAMELS-AUS v2,25,560
0.3370871209139782,0.3175389160343603,0.05799155074989182,24,24,13440,8509,CAMELS-AUS v2,26,560
0.35084093532905525,0.3102413962279785,0.11572064435125917,24,24,13440,8567,CAMELS-AUS v2,27,560
0.3653233740372599,0.3530719649816597,0.03353579301594489,24,24,13440,8443,CAMELS-AUS v2,28,560
0.33304451349219094,0.3110451191408397,0.06605541739953347,24,24,13440,8656,CAMELS-AUS v2,29,560
0.31419009902588035,0.2942825427657939,0.0633615009569306,24,24,13440,8552,CAMELS-AUS v2,30,560
0.36755957642461173,0.327077439776296,0.11013761916394749,24,24,13440,8606,CAMELS-AUS v2,31,560
0.37553214236716437,0.34798157127644924,0.07336408254444027,24,24,13440,8539,CAMELS-AUS v2,32,560
0.3348047330057717,0.3205329826530554,0.04262708661430492,24,24,13440,8540,CAMELS-AUS v2,33,560
0.35929250425026993,0.35529450336897206,0.011127426355972636,24,24,13440,8622,CAMELS-AUS v2,34,560
0.3379092737178217,0.3066383227290255,0.092542446807511,24,24,13440,8532,CAMELS-AUS v2,35,560
0.35736313842297646,0.34518964144705666,0.034064780798715666,24,24,13440,8444,CAMELS-AUS v2,36,560
0.4156659304486655,0.3979699200216815,0.04257267466660808,24,24,13440,8563,CAMELS-AUS v2,37,560
0.33400162266649,0.3045887689955874,0.08806200831027744,24,24,13440,8548,CAMELS-AUS v2,38,560
0.41514683763934307,0.37228373833640976,0.10324804482834682,24,24,13440,8581,CAMELS-AUS v2,39,560
0.3810822401827459,0.34905319436425863,0.08404759508899684,24,24,13440,8530,CAMELS-AUS v2,40,560
0.3645674181207481,0.33040171136659846,0.09371574379922687,24,24,13440,8621,CAMELS-AUS v2,41,560
0.3367516002770422,0.3123015773412196,0.07260551372497659,24,24,13440,8541,CAMELS-AUS v2,42,560
0.4036062421839508,0.3903789743941818,0.03277270370793828,24,24,13440,8699,CAMELS-AUS v2,43,560
0.3327092861637108,0.31610178731074434,0.04991594627387319,24,24,13440,8652,CAMELS-AUS v2,44,560
0.3251197202832978,0.314840599996555,0.03161641587839059,24,24,13440,8602,CAMELS-AUS v2,45,560
0.3001707730815506,0.2979282595022624,0.0074707925634016625,24,24,13440,8566,CAMELS-AUS v2,46,560
0.3192287926738609,0.30488007614950136,0.04494806500433335,24,24,13440,8413,CAMELS-AUS v2,47,560
0.3306086738862288,0.31356664419574215,0.0515474367026173,24,24,13440,8539,CAMELS-AUS v2,48,560
0.3910845712043291,0.35372940566814726,0.09551684798290083,24,24,13440,8610,CAMELS-AUS v2,49,560
0.37776980506095875,0.34779915071917805,0.07933575934409176,24,24,13440,8442,CAMELS-AUS v2,50,560
0.3202036889538107,0.31649345772716686,0.011587097071761199,24,24,13440,8563,CAMELS-AUS v2,51,560
0.3028197545356441,0.30416103893529217,-0.004429316052068311,24,24,13440,8576,CAMELS-AUS v2,52,560
0.34254191831180325,0.319463974870448,0.06737261108098391,24,24,13440,8546,CAMELS-AUS v2,53,560
0.3106620526121403,0.2913186723924414,0.062265024186423545,24,24,13440,8604,CAMELS-AUS v2,54,560
0.2979715874584267,0.30603003630213477,-0.02704435316280729,24,24,13440,8606,CAMELS-AUS v2,55,560
0.34397689679628535,0.3146386177247704,0.08529142318790683,24,24,13440,8621,CAMELS-AUS v2,56,560
0.29570183096703934,0.28694721045292393,0.029606243848693814,24,24,13440,8507,CAMELS-AUS v2,57,560
0.3884929465265819,0.34758761352361933,0.10529234409192467,24,24,13440,8680,CAMELS-AUS v2,58,560
0.34781044025192137,0.3483876474227051,-0.0016595452694452284,24,24,13440,8568,CAMELS-AUS v2,59,560
0.387978411854911,0.3672988025448197,0.05330092777900397,24,24,13440,8612,CAMELS-AUS v2,60,560
0.3150799095451399,0.2884712647963965,0.08445046460485706,24,24,13440,8582,CAMELS-AUS v2,61,560
0.3663503205993991,0.3377059092009292,0.0781885801317268,24,24,13440,8679,CAMELS-AUS v2,62,560
0.30292696369743577,0.29143013441869325,0.03795247916664679,24,24,13440,8474,CAMELS-AUS v2,63,560
0.38415115717682463,0.3334197206548379,0.13206113159939037,24,24,13440,8570,CAMELS-AUS v2,64,560
0.4078509501183355,0.34544123803013976,0.15302088194250363,24,24,13440,8616,CAMELS-AUS v2,65,560
0.376493900363968,0.36478975383746604,0.031087214202374147,24,24,13440,8549,CAMELS-AUS v2,66,560
0.37638336043945547,0.35989065983533236,0.04381888876507889,24,24,13440,8513,CAMELS-AUS v2,67,560
0.3662058574779087,0.3282415517550359,0.1036693022452897,24,24,13440,8532,CAMELS-AUS v2,68,560
0.3342521710265618,0.3240164448759953,0.030622766395593914,24,24,13440,8629,CAMELS-AUS v2,69,560
0.34565853344629865,0.33674695068067745,0.025781463216806966,24,24,13440,8573,CAMELS-AUS v2,70,560
0.34591190321447673,0.35456336739545474,-0.025010599810477707,24,24,13440,8569,CAMELS-AUS v2,71,560
0.3066873754394471,0.29198774571994024,0.04793033850331785,24,24,13440,8565,CAMELS-AUS v2,72,560
0.3336922037498705,0.30847214385067173,0.07557881069976469,24,24,13440,8573,CAMELS-AUS v2,73,560
0.39545702209959216,0.36295781835518753,0.08218137984213114,24,24,13440,8535,CAMELS-AUS v2,74,560
0.3321878981992742,0.2924467219451818,0.11963462988724627,24,24,13440,8610,CAMELS-AUS v2,75,560
0.37712256668691857,0.33316084709053795,0.11657143719239949,24,24,13440,8566,CAMELS-AUS v2,76,560
0.3007084458211486,0.2792177692659135,0.0714668206160628,24,24,13440,8627,CAMELS-AUS v2,77,560
0.3607109883500806,0.3426632484804053,0.050033795621882815,24,24,13440,8548,CAMELS-AUS v2,78,560
0.378191917792961,0.36842315728297087,0.025830167304997764,24,24,13440,8498,CAMELS-AUS v2,79,560
0.3656203091259012,0.3432623937260837,0.06115063863183423,24,24,13440,8663,CAMELS-AUS v2,80,560
0.3873281876222616,0.3523422036651998,0.09032645977003251,24,24,13440,8488,CAMELS-AUS v2,81,560
0.37129381900343816,0.3505397775747895,0.055896544371121015,24,24,13440,8575,CAMELS-AUS v2,82,560
0.3321732100595703,0.3164941935722656,0.047201327537801374,24,24,13440,8537,CAMELS-AUS v2,83,560
0.3002859630447704,0.28118150877320525,0.06362087017939233,24,24,13440,8605,CAMELS-AUS v2,84,560
0.36727187767562675,0.3440843527796967,0.06313449601063437,24,24,13440,8582,CAMELS-AUS v2,85,560
0.3318759415182767,0.3059652880454969,0.07807331062999912,24,24,13440,8621,CAMELS-AUS v2,86,560
0.3356825392877809,0.3254225663545295,0.030564511800405425,24,24,13440,8581,CAMELS-AUS v2,87,560
0.3288557745015383,0.3253116575107001,0.010777116491903382,24,24,13440,8587,CAMELS-AUS v2,88,560
0.3309068392448415,0.31696763543656403,0.04212425418612664,24,24,13440,8649,CAMELS-AUS v2,89,560
0.3416750984311492,0.3521560404887944,-0.03067517096144834,24,24,13440,8650,CAMELS-AUS v2,90,560
0.37410565099681836,0.3397228631951493,0.09190662506715641,24,24,13440,8452,CAMELS-AUS v2,91,560
0.3704042684582458,0.3027912779858034,0.18253836748121643,24,24,13440,8527,CAMELS-AUS v2,92,560
0.3407855399994867,0.30853104131316844,0.09464749791428018,24,24,13440,8632,CAMELS-AUS v2,93,560
0.3630324709889566,0.339335236023292,0.06527579998866118,24,24,13440,8611,CAMELS-AUS v2,94,560
0.43087543830992353,0.38432781881522765,0.10803033859919098,24,24,13440,8519,CAMELS-AUS v2,95,560
0.3415212371140778,0.3320931821458331,0.02760605767276325,24,24,13440,8543,CAMELS-AUS v2,96,560
0.38528413576208026,0.3457158499021833,0.10269897508661263,24,24,13440,8605,CAMELS-AUS v2,97,560
0.3183409642073538,0.2964756391828423,0.06868523841709973,24,24,13440,8636,CAMELS-AUS v2,98,560
0.3517302813067391,0.3443008199772351,0.02112260935254784,24,24,13440,8535,CAMELS-AUS v2,99,560
0.39588007808134723,0.387554115692282,0.021031526591126837,24,24,13440,8626,CAMELS-AUS v2,100,560
0.34995925187387783,0.32365227967244975,0.07517152942968597,24,24,13440,8509,CAMELS-AUS v2,101,560
0.30660525785076564,0.29118904279546937,0.05028033492758899,24,24,13440,8602,CAMELS-AUS v2,102,560
0.3434109371639894,0.3296482062582059,0.04007656546830185,24,24,13440,8574,CAMELS-AUS v2,103,560
0.29778183309225303,0.2935828571973482,0.014100846419344726,24,24,13440,8580,CAMELS-AUS v2,104,560
0.3859673040557762,0.37386797052057946,0.03134807899025627,24,24,13440,8549,CAMELS-AUS v2,105,560
0.345238179980181,0.34197259154213533,0.009458943498755423,24,24,13440,8681,CAMELS-AUS v2,106,560
0.3330947569626834,0.31049558118395537,0.067846086755607,24,24,13440,8567,CAMELS-AUS v2,107,560
0.3352525492033436,0.3281452774773316,0.02119975446242217,24,24,13440,8628,CAMELS-AUS v2,108,560
0.3658326995373868,0.33019413309541634,0.09741766246439187,24,24,13440,8653,CAMELS-AUS v2,109,560
0.3472993747185978,0.3269795432518456,0.05850811416869528,24,24,13440,8558,CAMELS-AUS v2,110,560
0.3848996515672237,0.37116483716451587,0.03568414350800997,24,24,13440,8610,CAMELS-AUS v2,111,560
0.34805671942302563,0.3265975549498643,0.06165421690101036,24,24,13440,8570,CAMELS-AUS v2,112,560
0.4106473650079082,0.3789546642863247,0.07717741162413938,24,24,13440,8500,CAMELS-AUS v2,113,560
0.35010484086422367,0.3364395910920073,0.039031878960839594,24,24,13440,8566,CAMELS-AUS v2,114,560
0.3398741700914742,0.3146537764924437,0.07420509064352443,24,24,13440,8592,CAMELS-AUS v2,115,560
0.3273611449261653,0.28782983668919804,0.12075748404986597,24,24,13440,8531,CAMELS-AUS v2,116,560
0.41316313522403675,0.38135085798956925,0.07699689183841962,24,24,13440,8543,CAMELS-AUS v2,117,560
0.39335832089394457,0.36141695315188654,0.08120170858332987,24,24,13440,8633,CAMELS-AUS v2,118,560
0.34948068532441967,0.32035344813577143,0.08334434036493232,24,24,13440,8571,CAMELS-AUS v2,119,560
0.3311048241408325,0.31759937496257207,0.04078904381204662,24,24,13440,8622,CAMELS-AUS v2,120,560
0.3231788538367991,0.31879225860508364,0.013573274301946214,24,24,13440,8617,CAMELS-AUS v2,121,560
0.305429252639595,0.2919857330542196,0.044015167077786965,24,24,13440,8556,CAMELS-AUS v2,122,560
0.35058574474815357,0.3155157605712853,0.10003254468335876,24,24,13440,8594,CAMELS-AUS v2,123,560
0.3506606237237858,0.3219422208147562,0.08189799756830118,24,24,13440,8575,CAMELS-AUS v2,124,560
0.33913660039570376,0.32808938252444136,0.03257453739399563,24,24,13440,8553,CAMELS-AUS v2,125,560
0.3732656601775747,0.34849295446949946,0.06636749197954628,24,24,13440,8669,CAMELS-AUS v2,126,560
0.3338176513219759,0.3090862539527018,0.07408654776442614,24,24,13440,8602,CAMELS-AUS v2,127,560
0.32522061084232007,0.3338726327151595,-0.026603547205789724,24,24,13440,8559,CAMELS-AUS v2,128,560
0.3415402619466263,0.3187015439827931,0.06686976766271346,24,24,13440,8643,CAMELS-AUS v2,129,560
0.3749588442586219,0.3688156632723473,0.01638361404281863,24,24,13440,8576,CAMELS-AUS v2,130,560
0.3179283160707653,0.3058304579997721,0.03805215660092531,24,24,13440,8520,CAMELS-AUS v2,131,560
0.3327283810560912,0.3179452202617621,0.04443011668378538,24,24,13440,8557,CAMELS-AUS v2,132,560
0.3223723838253853,0.30840084125914735,0.043339762545558824,24,24,13440,8583,CAMELS-AUS v2,133,560
0.4345309438596261,0.3983338315097045,0.08330157578286301,24,24,13440,8560,CAMELS-AUS v2,134,560
0.3786868988315141,0.3433564419254111,0.09329727808149568,24,24,13440,8605,CAMELS-AUS v2,135,560
0.3544950232622384,0.3575626731276677,-0.008653576677041253,24,24,13440,8540,CAMELS-AUS v2,136,560
0.34539600395969566,0.3285951986006677,0.04864215325718835,24,24,13440,8536,CAMELS-AUS v2,137,560
0.3844747738599724,0.362530651980283,0.057075583033391886,24,24,13440,8597,CAMELS-AUS v2,138,560
0.34305369394347174,0.33218097788077205,0.03169391921630582,24,24,13440,8507,CAMELS-AUS v2,139,560
0.3279505677165929,0.31022915113060573,0.054036852899433385,24,24,13440,8529,CAMELS-AUS v2,140,560
0.38283661891378706,0.3705184095805509,0.03217615224005044,24,24,13440,8703,CAMELS-AUS v2,141,560
0.3407648566555193,0.3252040869356041,0.045664244466516846,24,24,13440,8634,CAMELS-AUS v2,142,560
0.3691779470344974,0.3411140632498197,0.07601722695005753,24,24,13440,8629,CAMELS-AUS v2,143,560
0.30845756589220547,0.30495503019806125,0.011355000108404623,24,24,13440,8546,CAMELS-AUS v2,144,560
0.3453935346196758,0.33568911240233024,0.028096710692721683,24,24,13440,8582,CAMELS-AUS v2,145,560
0.3312918515341959,0.3252973524498056,0.01809431489675961,24,24,13440,8606,CAMELS-AUS v2,146,560
0.31895464692441405,0.30683220980799203,0.03800677379469186,24,24,13440,8566,CAMELS-AUS v2,147,560
0.3811331952533286,0.3604947261123913,0.054150279739395346,24,24,13440,8533,CAMELS-AUS v2,148,560
0.33645098789957373,0.30420591750887827,0.09583883403641602,24,24,13440,8527,CAMELS-AUS v2,149,560
0.37546207316815505,0.35721141290570885,0.048608532170631324,24,24,13440,8552,CAMELS-AUS v2,150,560
0.35331541325916965,0.32869776525656813,0.06967612246382127,24,24,13440,8600,CAMELS-AUS v2,151,560
0.35004123780189544,0.3471274033464522,0.008324260517820203,24,24,13440,8652,CAMELS-AUS v2,152,560
0.3913991209787612,0.37116087628549876,0.05170743522022525,24,24,13440,8619,CAMELS-AUS v2,153,560
0.3637866890144503,0.33560740337189576,0.0774610135376207,24,24,13440,8572,CAMELS-AUS v2,154,560
0.3408340266630462,0.31431033852108103,0.07781995360512195,24,24,13440,8501,CAMELS-AUS v2,155,560
0.33218253090235556,0.3206884972484077,0.03460155963868705,24,24,13440,8580,CAMELS-AUS v2,156,560
0.3358844502609544,0.3216619062252509,0.04234356197392808,24,24,13440,8668,CAMELS-AUS v2,157,560
0.3607371902408412,0.33884196909357744,0.06069576894094486,24,24,13440,8525,CAMELS-AUS v2,158,560
0.3509866418812134,0.3301379371448604,0.059400279807255374,24,24,13440,8449,CAMELS-AUS v2,159,560
0.3024574580472421,0.29887645165542803,0.01183970273020929,24,24,13440,8588,CAMELS-AUS v2,160,560
0.3691697495728266,0.34196638977126675,0.07368794391479094,24,24,13440,8613,CAMELS-AUS v2,161,560
0.3228594723951597,0.3223539201965324,0.0015658583434979834,24,24,13440,8547,CAMELS-AUS v2,162,560
0.39922299601081246,0.37029917587959527,0.07245028573061918,24,24,13440,8531,CAMELS-AUS v2,163,560
0.3573023869796059,0.3317999964845708,0.07137481143245406,24,24,13440,8567,CAMELS-AUS v2,164,560
0.3528119289748547,0.3526184436040681,0.0005484093787554434,24,24,13440,8556,CAMELS-AUS v2,165,560
0.3745874945308126,0.3361809827456668,0.10253014942010175,24,24,13440,8543,CAMELS-AUS v2,166,560
0.3179309890632468,0.3032003296295389,0.04633288336286545,24,24,13440,8532,CAMELS-AUS v2,167,560
0.31115533473135715,0.2988985114854656,0.03939133248823701,24,24,13440,8605,CAMELS-AUS v2,168,560
0.38586346990010933,0.36332411680776133,0.05841276734017575,24,24,13440,8546,CAMELS-AUS v2,169,560
0.31922931491366047,0.29541082706251787,0.07461247052948317,24,24,13440,8462,CAMELS-AUS v2,170,560
0.38871342065426745,0.36775449629720874,0.053918705255356136,24,24,13440,8570,CAMELS-AUS v2,171,560
0.3482953143624883,0.3288670596184078,0.055780982238137544,24,24,13440,8628,CAMELS-AUS v2,172,560
0.3773691999596021,0.36638592969011974,0.029104840221878536,24,24,13440,8545,CAMELS-AUS v2,173,560
0.40665238222991196,0.39025447451067424,0.04032414031197462,24,24,13440,8667,CAMELS-AUS v2,174,560
0.3343844605483505,0.3092961542692954,0.07502832589144037,24,24,13440,8554,CAMELS-AUS v2,175,560
0.3246808133858713,0.30328212577072383,0.06590684368440303,24,24,13440,8612,CAMELS-AUS v2,176,560
0.32034186352840766,0.30945961510447495,0.03397073458982258,24,24,13440,8486,CAMELS-AUS v2,177,560
0.3899372321969598,0.36190525824614883,0.07188842622920355,24,24,13440,8576,CAMELS-AUS v2,178,560
0.3534476747773584,0.3180573808082004,0.10012880687771064,24,24,13440,8519,CAMELS-AUS v2,179,560
0.37425581130423835,0.3309688409191692,0.11566145154625396,24,24,13440,8581,CAMELS-AUS v2,180,560
0.3009896371551968,0.2711695307572948,0.09907353183234713,24,24,13440,8561,CAMELS-AUS v2,181,560
0.34721578535028425,0.32135160208596814,0.07449022871533151,24,24,13440,8509,CAMELS-AUS v2,182,560
0.35840842877735035,0.3553032265149433,0.008663865057526476,24,24,13440,8496,CAMELS-AUS v2,183,560
0.33935006655484323,0.3234219996044181,0.046936979008521784,24,24,13440,8637,CAMELS-AUS v2,184,560
0.37817607496598793,0.3260377300170253,0.13786790968638563,24,24,13440,8590,CAMELS-AUS v2,185,560
0.3745386852952595,0.3555813960450019,0.05061503656241295,24,24,13440,8593,CAMELS-AUS v2,186,560
0.3196905653730999,0.30362384554713523,0.0502570972252927,24,24,13440,8502,CAMELS-AUS v2,187,560
0.33239024246692717,0.3044941653427699,0.08392567999926448,24,24,13440,8681,CAMELS-AUS v2,188,560
0.3662789310012782,0.3389199766733048,0.0746943163047451,24,24,13440,8589,CAMELS-AUS v2,189,560
0.3552752860227333,0.3287919565012828,0.07454312349707282,24,24,13440,8633,CAMELS-AUS v2,190,560
0.3935242589798156,0.35918251576788496,0.08726715679729435,24,24,13440,8561,CAMELS-AUS v2,191,560
0.3167880811604568,0.2899258639126354,0.08479554265242506,24,24,13440,8580,CAMELS-AUS v2,192,560
0.37026025281141484,0.34418150253662916,0.07043356686754165,24,24,13440,8582,CAMELS-AUS v2,193,560
0.32653511998301765,0.30037281954374323,0.0801209390298816,24,24,13440,8674,CAMELS-AUS v2,194,560
0.3525143249555006,0.3411795969339475,0.03215395012098854,24,24,13440,8626,CAMELS-AUS v2,195,560
0.4101976848033897,0.36949140266308733,0.09923576765142672,24,24,13440,8594,CAMELS-AUS v2,196,560
0.36888840479721796,0.3329316603783386,0.0974732302541339,24,24,13440,8531,CAMELS-AUS v2,197,560
0.4097897193315824,0.39087774486351484,0.046150436616407386,24,24,13440,8553,CAMELS-AUS v2,198,560
0.35612291030610427,0.3352318045587229,0.05866262782538889,24,24,13440,8702,CAMELS-AUS v2,199,560
0.38932984168291734,0.3667562676677635,0.05798059023058011,24,24,13440,8495,CAMELS-AUS v2,200,560
0.3449516643050275,0.3277158965366865,0.04996574752890626,24,24,13440,8569,CAMELS-AUS v2,201,560
0.4171869825522413,0.3889363595472907,0.06771693314139526,24,24,13440,8612,CAMELS-AUS v2,202,560
0.369294227667174,0.3424961299580774,0.07256570967377374,24,24,13440,8652,CAMELS-AUS v2,203,560
0.3917915015052678,0.3802131816370382,0.0295522486418045,24,24,13440,8569,CAMELS-AUS v2,204,560
0.3718692337598835,0.35312416686427833,0.0504076841906983,24,24,13440,8455,CAMELS-AUS v2,205,560
0.3601953862421101,0.3416981286818049,0.05135339947933715,24,24,13440,8637,CAMELS-AUS v2,206,560
0.3417552929061691,0.3011063928331637,0.11894153775159166,24,24,13440,8476,CAMELS-AUS v2,207,560
0.38974075607280156,0.3430945061554013,0.11968532720936931,24,24,13440,8497,CAMELS-AUS v2,208,560
0.34553760880689466,0.3167607689567066,0.08328135379981216,24,24,13440,8554,CAMELS-AUS v2,209,560
0.3868678195617379,0.37813985976644565,0.022560573286192875,24,24,13440,8460,CAMELS-AUS v2,210,560
0.38827260750642295,0.34851740396731795,0.1023899259708847,24,24,13440,8594,CAMELS-AUS v2,211,560
0.3524264647082051,0.32945065698464954,0.06519319638092047,24,24,13440,8510,CAMELS-AUS v2,212,560
0.37941443927780805,0.3391038803254915,0.10624413511790753,24,24,13440,8576,CAMELS-AUS v2,213,560
0.3991258697872592,0.3626643954919102,0.09135332248642158,24,24,13440,8640,CAMELS-AUS v2,214,560
0.39233658865361376,0.3766144592334735,0.040073064493153954,24,24,13440,8569,CAMELS-AUS v2,215,560
0.3220929630020172,0.3251688846150864,-0.009549794520192556,24,24,13440,8501,CAMELS-AUS v2,216,560
0.3550613527734353,0.3356671791930549,0.05462203483676764,24,24,13440,8552,CAMELS-AUS v2,217,560
0.36688081593817656,0.33027870143603544,0.09976568114782258,24,24,13440,8588,CAMELS-AUS v2,218,560
0.34601456769195515,0.3328852123484846,0.037944516125572925,24,24,13440,8611,CAMELS-AUS v2,219,560
0.3839596825189624,0.3354180625364384,0.12642374236812404,24,24,13440,8581,CAMELS-AUS v2,220,560
0.35569108835760166,0.3298019130190068,0.07278556080259913,24,24,13440,8494,CAMELS-AUS v2,221,560
0.2980398830839365,0.27133528131359486,0.08960076582374998,24,24,13440,8499,CAMELS-AUS v2,222,560
0.34766728409841413,0.3185812930760028,0.0836604200416452,24,24,13440,8510,CAMELS-AUS v2,223,560
0.3711487629472687,0.3288703791745625,0.1139122314108666,24,24,13440,8649,CAMELS-AUS v2,224,560
0.3803383433084099,0.3479537039953253,0.08514692216247155,24,24,13440,8517,CAMELS-AUS v2,225,560
0.33038065532349803,0.31456448834189044,0.047872557689919604,24,24,13440,8543,CAMELS-AUS v2,226,560
0.38176683481133317,0.34664541437240143,0.09199704436423484,24,24,13440,8555,CAMELS-AUS v2,227,560
0.32657500296651726,0.3128577841108901,0.042003272543898684,24,24,13440,8597,CAMELS-AUS v2,228,560
0.34219654103745933,0.3071877633557521,0.10230605363680434,24,24,13440,8528,CAMELS-AUS v2,229,560
0.33107517975102907,0.29126715348918847,0.12023863066925322,24,24,13440,8603,CAMELS-AUS v2,230,560
0.3340541615074498,0.3117780107084303,0.06668424874127099,24,24,13440,8578,CAMELS-AUS v2,231,560
0.3778225333540094,0.34964051411572955,0.07459062589015586,24,24,13440,8440,CAMELS-AUS v2,232,560
0.34640071453615334,0.3077524860382835,0.11157086829229446,24,24,13440,8620,CAMELS-AUS v2,233,560
0.43911490431722167,0.420942787931256,0.04138351080162361,24,24,13440,8666,CAMELS-AUS v2,234,560
0.3603246584756721,0.33082265044670317,0.08187618397745822,24,24,13440,8619,CAMELS-AUS v2,235,560
0.3328740161382305,0.298353745039992,0.10370371198905304,24,24,13440,8527,CAMELS-AUS v2,236,560
0.3683693351099557,0.33791351297910505,0.08267740886129893,24,24,13440,8567,CAMELS-AUS v2,237,560
0.3237553042063133,0.3088136702353394,0.04615100903938352,24,24,13440,8563,CAMELS-AUS v2,238,560
0.3222352526106804,0.28222599695807415,0.12416163448430895,24,24,13440,8623,CAMELS-AUS v2,239,560
0.38557050606306376,0.35908800194999363,0.06868394676624634,24,24,13440,8606,CAMELS-AUS v2,240,560
0.38338938084137825,0.348243983038366,0.09167024325473727,24,24,13440,8524,CAMELS-AUS v2,241,560
0.3757733279394459,0.36070548559422405,0.04009822205276359,24,24,13440,8602,CAMELS-AUS v2,242,560
0.32425356127923805,0.29015224320239674,0.10516867707575983,24,24,13440,8521,CAMELS-AUS v2,243,560
0.3527878174315672,0.32213208459072323,0.08689566738451915,24,24,13440,8600,CAMELS-AUS v2,244,560
0.38869106559867034,0.35387865729081763,0.08956318111977668,24,24,13440,8599,CAMELS-AUS v2,245,560
0.4200821007628073,0.38483849466075015,0.08389694785390744,24,24,13440,8591,CAMELS-AUS v2,246,560
0.37073994775152513,0.33560698927905025,0.09476442634668936,24,24,13440,8629,CAMELS-AUS v2,247,560
0.32026802216087136,0.2943817292872141,0.0808269670477888,24,24,13440,8501,CAMELS-AUS v2,248,560
0.43011663614388224,0.3999896892968382,0.07004366796211525,24,24,13440,8585,CAMELS-AUS v2,249,560
0.35288428031148955,0.3325592006331469,0.057597010726580855,24,24,13440,8684,CAMELS-AUS v2,250,560
0.3926395350599733,0.3716045553508477,0.05357325951884251,24,24,13440,8710,CAMELS-AUS v2,251,560
0.3395933864319567,0.32494883908283284,0.04312377076300378,24,24,13440,8534,CAMELS-AUS v2,252,560
0.3896893044722383,0.3580383316777573,0.08122104566699972,24,24,13440,8675,CAMELS-AUS v2,253,560
0.35903355353938327,0.33641674234104446,0.06299358646394004,24,24,13440,8567,CAMELS-AUS v2,254,560
0.34435608065626033,0.30684960018320784,0.10891772377468723,24,24,13440,8568,CAMELS-AUS v2,255,560
0.30769215302038005,0.29094347314508506,0.0544332369574132,24,24,13440,8568,CAMELS-AUS v2,256,560
0.352274670299865,0.34836166744845576,0.011107817794785979,24,24,13440,8429,CAMELS-AUS v2,257,560
0.3480804038504979,0.3312488899701979,0.04835524693176685,24,24,13440,8558,CAMELS-AUS v2,258,560
0.37926321850379535,0.3380136760010891,0.10876230673102683,24,24,13440,8679,CAMELS-AUS v2,259,560
0.37216152261519186,0.3366244237406979,0.09548837457664494,24,24,13440,8523,CAMELS-AUS v2,260,560
0.350839283543441,0.3564470353104939,-0.015983819458343262,24,24,13440,8520,CAMELS-AUS v2,261,560
0.3476166283461633,0.3395743523204056,0.023135475607193978,24,24,13440,8574,CAMELS-AUS v2,262,560
0.3922312146551269,0.37092338941114267,0.05432465456049773,24,24,13440,8550,CAMELS-AUS v2,263,560
0.3478524700844201,0.3179692854935489,0.08590763947606539,24,24,13440,8582,CAMELS-AUS v2,264,560
0.3824126294007312,0.3374694835977958,0.11752526550539033,24,24,13440,8552,CAMELS-AUS v2,265,560
0.32297930946441294,0.302832988548451,0.06237650625165436,24,24,13440,8653,CAMELS-AUS v2,266,560
0.3384934802488629,0.32911273654613266,0.027713218274790563,24,24,13440,8556,CAMELS-AUS v2,267,560
0.3093263893467243,0.2895930313650196,0.0637946152068698,24,24,13440,8546,CAMELS-AUS v2,268,560
0.32463631685401584,0.312650128262755,0.0369218968087629,24,24,13440,8619,CAMELS-AUS v2,269,560
0.36449581537005377,0.3499561737807558,0.039889735289653894,24,24,13440,8545,CAMELS-AUS v2,270,560
0.37171792933109704,0.3565777848081727,0.04073019708833758,24,24,13440,8478,CAMELS-AUS v2,271,560
0.40320621540657514,0.3835918060727087,0.04864609865720482,24,24,13440,8651,CAMELS-AUS v2,272,560
0.38408982759729987,0.3596523865241924,0.06362428608426718,24,24,13440,8498,CAMELS-AUS v2,273,560
0.32911501856079456,0.29905907397883447,0.0913235279064244,24,24,13440,8582,CAMELS-AUS v2,274,560
0.32141760891314813,0.3272806492445148,-0.018241192046671406,24,24,13440,8592,CAMELS-AUS v2,275,560
0.3761587194980517,0.34357905728795646,0.08661147680843262,24,24,13440,8593,CAMELS-AUS v2,276,560
0.36207633688835106,0.34151298315864326,0.05679286833938746,24,24,13440,8570,CAMELS-AUS v2,277,560
0.33775714037220694,0.29877241790479947,0.11542234880496227,24,24,13440,8527,CAMELS-AUS v2,278,560
0.3671870205214844,0.34902987927947476,0.04944930029450001,24,24,13440,8516,CAMELS-AUS v2,279,560
0.29780798413249193,0.2965912397695493,0.0040856673688146605,24,24,13440,8585,CAMELS-AUS v2,280,560
0.3444052752999841,0.3389377057304681,0.015875394372962592,24,24,13440,8524,CAMELS-AUS v2,281,560
0.3785071737901115,0.34301809366783015,0.09376065390496569,24,24,13440,8492,CAMELS-AUS v2,282,560
0.40481683175177624,0.3529590866969739,0.12810175118064315,24,24,13440,8578,CAMELS-AUS v2,283,560
0.30474198135350977,0.29786666280333923,0.02256111389587301,24,24,13440,8610,CAMELS-AUS v2,284,560
0.3455381621225789,0.3384675752834022,0.020462535297818718,24,24,13440,8532,CAMELS-AUS v2,285,560
0.3436660476344028,0.3107982036982279,0.09563890341340964,24,24,13440,8682,CAMELS-AUS v2,286,560
0.37739806387363095,0.37803916447403146,-0.0016987384456088606,24,24,13440,8581,CAMELS-AUS v2,287,560
0.34264729015141737,0.3090598854051807,0.09802326097893332,24,24,13440,8583,CAMELS-AUS v2,288,560
0.4144044393171333,0.4023393174614512,0.02911436440102655,24,24,13440,8568,CAMELS-AUS v2,289,560
0.3316379400820988,0.31400806696682676,0.05316000066490478,24,24,13440,8563,CAMELS-AUS v2,290,560
0.3537811756366826,0.31731437417443414,0.1030772804590887,24,24,13440,8636,CAMELS-AUS v2,291,560
0.3597865176908297,0.3246451714301738,0.09767277130393592,24,24,13440,8658,CAMELS-AUS v2,292,560
0.33111588520140445,0.3203834865364752,0.032412817217758016,24,24,13440,8665,CAMELS-AUS v2,293,560
0.37015892395449984,0.3525700045217657,0.047517210296667556,24,24,13440,8554,CAMELS-AUS v2,294,560
0.2969718347628468,0.28269747346331003,0.04806638080993719,24,24,13440,8488,CAMELS-AUS v2,295,560
0.36402514856406776,0.3369507642644205,0.07437503811603341,24,24,13440,8558,CAMELS-AUS v2,296,560
0.34092654123244986,0.2945602007375936,0.1360009705528994,24,24,13440,8549,CAMELS-AUS v2,297,560
0.3067186773430537,0.28468646403697784,0.07183199111619021,24,24,13440,8553,CAMELS-AUS v2,298,560
0.3476901925865588,0.34237154393824387,0.015297091381117567,24,24,13440,8521,CAMELS-AUS v2,299,560
0.38081427897275466,0.3420966811233446,0.10167055172891792,24,24,13440,8641,CAMELS-AUS v2,300,560
0.38162429236509476,0.35422403033789274,0.07179905099172401,24,24,13440,8522,CAMELS-AUS v2,301,560
0.34277303170112017,0.33456886562741844,0.023934689473631976,24,24,13440,8549,CAMELS-AUS v2,302,560
0.35104504719443674,0.3316167550166868,0.0553441569195221,24,24,13440,8556,CAMELS-AUS v2,303,560
0.37756270748122767,0.34782090039718044,0.07877315872231894,24,24,13440,8494,CAMELS-AUS v2,304,560
0.3447139691794377,0.31513841328030584,0.08579738143346483,24,24,13440,8516,CAMELS-AUS v2,305,560
0.32947673968470925,0.30838882891580405,0.0640042474290754,24,24,13440,8611,CAMELS-AUS v2,306,560
0.33039475747292735,0.3196613077044789,0.032486743586807476,24,24,13440,8528,CAMELS-AUS v2,307,560
0.3152262081340091,0.28928950799767655,0.08227964384644793,24,24,13440,8565,CAMELS-AUS v2,308,560
0.39163708186862745,0.3759986566113227,0.03993091048143027,24,24,13440,8556,CAMELS-AUS v2,309,560
0.36213261755849546,0.34123694436677204,0.05770171527934276,24,24,13440,8608,CAMELS-AUS v2,310,560
0.33772790240757533,0.3248394418412791,0.03816226161480207,24,24,13440,8671,CAMELS-AUS v2,311,560
0.3779792570578659,0.3637112406621292,0.03774814656972669,24,24,13440,8667,CAMELS-AUS v2,312,560
0.38257513107924496,0.35478743581591693,0.07263330260108358,24,24,13440,8587,CAMELS-AUS v2,313,560
0.3205772716853113,0.2959349444005199,0.076868603801024,24,24,13440,8598,CAMELS-AUS v2,314,560
0.3587594452347312,0.3380784710163543,0.057645797185480685,24,24,13440,8583,CAMELS-AUS v2,315,560
0.34079111258084044,0.3320023982604019,0.025789153519529484,24,24,13440,8627,CAMELS-AUS v2,316,560
0.38751549753944653,0.37022347178309817,0.04462279796845581,24,24,13440,8611,CAMELS-AUS v2,317,560
0.3656688559601565,0.33250937352679255,0.0906817244424476,24,24,13440,8563,CAMELS-AUS v2,318,560
0.3295114585722095,0.3087974937592786,0.06286265401113988,24,24,13440,8515,CAMELS-AUS v2,319,560
0.3449266406133766,0.32513510316922883,0.057378976030824425,24,24,13440,8554,CAMELS-AUS v2,320,560
0.3507479908203799,0.32586048558029573,0.07095551761215702,24,24,13440,8491,CAMELS-AUS v2,321,560
0.311413918627907,0.29353655847945925,0.05740706846763821,24,24,13440,8580,CAMELS-AUS v2,322,560
0.33958581420178235,0.32483651479949904,0.043433202405561144,24,24,13440,8592,CAMELS-AUS v2,323,560
0.33835068891328046,0.33201781384218043,0.01871689722707537,24,24,13440,8571,CAMELS-AUS v2,324,560
0.3441411126424155,0.3405585445982679,0.010410171620122921,24,24,13440,8576,CAMELS-AUS v2,325,560
0.3578083085651898,0.3184332465985082,0.11004513037882069,24,24,13440,8519,CAMELS-AUS v2,326,560
0.3315635972695154,0.32668499671990425,0.01471392091830126,24,24,13440,8572,CAMELS-AUS v2,327,560
0.3168198977338579,0.29391259326966374,0.07230386925835464,24,24,13440,8576,CAMELS-AUS v2,328,560
0.33917821506952267,0.3261368191708799,0.03844998092218166,24,24,13440,8514,CAMELS-AUS v2,329,560
0.32019034962414883,0.3276948263579415,-0.023437548141602926,24,24,13440,8593,CAMELS-AUS v2,330,560
0.34129260494053587,0.30815583724387874,0.09709195926595193,24,24,13440,8310,CAMELS-AUS v2,331,560
0.4248104649041915,0.38185256264129647,0.10112251418425733,24,24,13440,8634,CAMELS-AUS v2,332,560
0.3531020950398931,0.3581196854722881,-0.0142100273628456,24,24,13440,8607,CAMELS-AUS v2,333,560
0.3789196033605228,0.3498644377468,0.07667897188754924,24,24,13440,8548,CAMELS-AUS v2,334,560
0.3870225128857847,0.3614784565433923,0.06600147405360579,24,24,13440,8630,CAMELS-AUS v2,335,560
0.3752854632426728,0.3457600787990541,0.07867446873242334,24,24,13440,8513,CAMELS-AUS v2,336,560
0.3381849745186098,0.3311538417574355,0.020790789925491993,24,24,13440,8511,CAMELS-AUS v2,337,560
0.359112201102947,0.33128499769872477,0.07748888319237301,24,24,13440,8608,CAMELS-AUS v2,338,560
0.3171307428488717,0.28556636603382063,0.09953111619359167,24,24,13440,8617,CAMELS-AUS v2,339,560
0.32400094088101394,0.31435362228013874,0.029775588227128225,24,24,13440,8627,CAMELS-AUS v2,340,560
0.3385400366207219,0.2991454239080357,0.11636618553574896,24,24,13440,8492,CAMELS-AUS v2,341,560
0.3766107039216662,0.34477445801589063,0.08453356629076958,24,24,13440,8621,CAMELS-AUS v2,342,560
0.36996387596092845,0.3408505728963018,0.07869228580495602,24,24,13440,8641,CAMELS-AUS v2,343,560
0.3772442618670401,0.3309184300728968,0.12280062674742775,24,24,13440,8672,CAMELS-AUS v2,344,560
0.36087200663413516,0.31657416280138995,0.12275223075880182,24,24,13440,8583,CAMELS-AUS v2,345,560
0.3442933559593269,0.32972132197150145,0.042324470500519684,24,24,13440,8597,CAMELS-AUS v2,346,560
0.3473113536362551,0.3172679195295825,0.08650288506876047,24,24,13440,8636,CAMELS-AUS v2,347,560
0.36541061110553896,0.3429269099127972,0.061529962484444645,24,24,13440,8516,CAMELS-AUS v2,348,560
0.37581320983125754,0.35787273388134583,0.04773774705249745,24,24,13440,8581,CAMELS-AUS v2,349,560
0.3319466041906742,0.32683455756608293,0.015400207623919027,24,24,13440,8566,CAMELS-AUS v2,350,560
0.3455318375806508,0.3242145303703065,0.06169419107542762,24,24,13440,8667,CAMELS-AUS v2,351,560
0.3574803215239663,0.33938287901330744,0.0506250034505622,24,24,13440,8470,CAMELS-AUS v2,352,560
0.34087131943256727,0.2975054731890519,0.12722057788758667,24,24,13440,8621,CAMELS-AUS v2,353,560
0.3646679153102993,0.36156161521893104,0.008518161211756414,24,24,13440,8614,CAMELS-AUS v2,354,560
0.3945473819455738,0.3505632486523266,0.11147997757925732,24,24,13440,8543,CAMELS-AUS v2,355,560
0.32816894543764064,0.3090422664740974,0.05828302534243823,24,24,13440,8698,CAMELS-AUS v2,356,560
0.3601048405548178,0.3194783583507016,0.11281848403237926,24,24,13440,8508,CAMELS-AUS v2,357,560
0.3710360363117295,0.33468254379178386,0.09797833353686136,24,24,13440,8606,CAMELS-AUS v2,358,560
0.37408804852889505,0.35773682898492637,0.04370954808171501,24,24,13440,8501,CAMELS-AUS v2,359,560
0.36740574816604693,0.3361957692543639,0.08494689881002582,24,24,13440,8698,CAMELS-AUS v2,360,560
0.35192915380456025,0.3334066426373082,0.052631363349733506,24,24,13440,8632,CAMELS-AUS v2,361,560
0.3371949430498706,0.3223409812114013,0.04405155576806019,24,24,13440,8581,CAMELS-AUS v2,362,560
0.3831983083245459,0.36738079822475883,0.04127760941572467,24,24,13440,8636,CAMELS-AUS v2,363,560
0.3195175365394267,0.30019352296269997,0.060478726100663516,24,24,13440,8550,CAMELS-AUS v2,364,560
0.3488210507461527,0.32577456278364186,0.06606965925139208,24,24,13440,8602,CAMELS-AUS v2,365,560
0.34650707200495834,0.3147920355896621,0.09152781855731473,24,24,13440,8495,CAMELS-AUS v2,366,560
0.3597298184889266,0.3295172715151641,0.08398677402021526,24,24,13440,8586,CAMELS-AUS v2,367,560
0.3504632245410207,0.3241771080766413,0.07500392230541353,24,24,13440,8467,CAMELS-AUS v2,368,560
0.356775165847394,0.3631749274566424,-0.01793780011018442,24,24,13440,8514,CAMELS-AUS v2,369,560
0.3704487991849558,0.3382417220841951,0.08694069780121094,24,24,13440,8544,CAMELS-AUS v2,370,560
0.3743250415426174,0.3413302344697342,0.08814480307518169,24,24,13440,8524,CAMELS-AUS v2,371,560
0.3287833456040016,0.31163261135103304,0.05216424275220277,24,24,13440,8618,CAMELS-AUS v2,372,560
0.358744261507012,0.35337953487539214,0.01495418103437729,24,24,13440,8545,CAMELS-AUS v2,373,560
0.4151230849932527,0.36314007436161927,0.12522312661190194,24,24,13440,8595,CAMELS-AUS v2,374,560
0.34276400788622374,0.31648818511300125,0.07665864025590585,24,24,13440,8537,CAMELS-AUS v2,375,560
0.3441561514587821,0.32961217860892256,0.04225980790467254,24,24,13440,8645,CAMELS-AUS v2,376,560
0.3453227351259523,0.32104202179125574,0.07031310384426459,24,24,13440,8500,CAMELS-AUS v2,377,560
0.3649553870423895,0.3387560605112735,0.07178775121922765,24,24,13440,8650,CAMELS-AUS v2,378,560
0.34039286358598175,0.2985589435286699,0.12289893394531981,24,24,13440,8519,CAMELS-AUS v2,379,560
0.4317016976569731,0.4042368612969284,0.06361994059580478,24,24,13440,8505,CAMELS-AUS v2,380,560
0.4052296075017316,0.38347347738804133,0.053688402108173494,24,24,13440,8558,CAMELS-AUS v2,381,560
0.35723505038068365,0.360972289227582,-0.010461568210946348,24,24,13440,8589,CAMELS-AUS v2,382,560
0.3199786749435557,0.3086863904920765,0.0352907407141152,24,24,13440,8567,CAMELS-AUS v2,383,560
0.40223880871814144,0.3645002802590267,0.0938212018362431,24,24,13440,8566,CAMELS-AUS v2,384,560
0.3054585199112124,0.2908205640316066,0.047921255834869614,24,24,13440,8503,CAMELS-AUS v2,385,560
0.3681784801803214,0.3700589576620233,-0.005107516009031476,24,24,13440,8530,CAMELS-AUS v2,386,560
0.37308029825754513,0.35368232789276327,0.05199408935657879,24,24,13440,8612,CAMELS-AUS v2,387,560
0.3707922368578261,0.33172769405828195,0.10535426289014449,24,24,13440,8627,CAMELS-AUS v2,388,560
0.3608312050605146,0.3445637705661717,0.04508322524825614,24,24,13440,8606,CAMELS-AUS v2,389,560
0.41255621823319055,0.3713640430523043,0.09984621091713386,24,24,13440,8637,CAMELS-AUS v2,390,560
0.3701661512262037,0.34313859521377094,0.07301466091078812,24,24,13440,8562,CAMELS-AUS v2,391,560
0.35703743938843596,0.31184190324625366,0.12658486521636791,24,24,13440,8514,CAMELS-AUS v2,392,560
0.3274398034421948,0.2951192485367324,0.09870686020970632,24,24,13440,8607,CAMELS-AUS v2,393,560
0.3505212979107723,0.32684747533028025,0.06753889912423638,24,24,13440,8692,CAMELS-AUS v2,394,560
0.38562844546506003,0.34895547732313265,0.09509922977206864,24,24,13440,8672,CAMELS-AUS v2,395,560
0.3630658847383507,0.3363849352489626,0.07348790016064477,24,24,13440,8553,CAMELS-AUS v2,396,560
0.3465187123205738,0.34845146753473044,-0.005577635912396461,24,24,13440,8443,CAMELS-AUS v2,397,560
0.3918370014556182,0.36069671043268775,0.07947256360999266,24,24,13440,8596,CAMELS-AUS v2,398,560
0.3091348938392292,0.2877115932380753,0.069300816659977,24,24,13440,8571,CAMELS-AUS v2,399,560
0.326488860614897,0.3032220861592143,0.07126360884675487,24,24,13440,8694,CAMELS-AUS v2,400,560
0.33304822826917235,0.29914879135407413,0.10178536931804494,24,24,13440,8518,CAMELS-AUS v2,401,560
0.3635708884556155,0.3163521298474455,0.12987497103727674,24,24,13440,8527,CAMELS-AUS v2,402,560
0.31360724006387164,0.3051408903230766,0.026996665443918655,24,24,13440,8596,CAMELS-AUS v2,403,560
0.3658718543316463,0.3258336400308584,0.10943234311895189,24,24,13440,8559,CAMELS-AUS v2,404,560
0.3665333515058697,0.34750800983744506,0.051906167856924035,24,24,13440,8632,CAMELS-AUS v2,405,560
0.34198180251051713,0.2978192262161476,0.12913721130822853,24,24,13440,8575,CAMELS-AUS v2,406,560
0.34279374850203664,0.3260643862161553,0.04880299701784663,24,24,13440,8501,CAMELS-AUS v2,407,560
0.36727440519389304,0.33330894452062576,0.09247979220151781,24,24,13440,8561,CAMELS-AUS v2,408,560
0.3978607553774278,0.3668721278084701,0.0778881232946953,24,24,13440,8580,CAMELS-AUS v2,409,560
0.3559168822335063,0.3385600984675876,0.04876639640412295,24,24,13440,8590,CAMELS-AUS v2,410,560
0.3608017925466175,0.35442599029760624,0.017671204469383195,24,24,13440,8569,CAMELS-AUS v2,411,560
0.3368865829789294,0.3308226406574731,0.01799995199522575,24,24,13440,8642,CAMELS-AUS v2,412,560
0.3109915025923463,0.2968633884890691,0.045429260881756584,24,24,13440,8511,CAMELS-AUS v2,413,560
0.3699145930192813,0.34084741876145835,0.07857806857678595,24,24,13440,8563,CAMELS-AUS v2,414,560
0.3640264047532953,0.3453855254087091,0.051207492371932006,24,24,13440,8629,CAMELS-AUS v2,415,560
0.35667224468730757,0.3200529192585793,0.10266940019634052,24,24,13440,8512,CAMELS-AUS v2,416,560
0.42414946673539516,0.38472263814967117,0.09295503514170478,24,24,13440,8537,CAMELS-AUS v2,417,560
0.39364013620563826,0.3543740936206438,0.09975111522794977,24,24,13440,8653,CAMELS-AUS v2,418,560
0.3686229318516675,0.3429648177937351,0.06960531166372774,24,24,13440,8599,CAMELS-AUS v2,419,560
0.34199000085933584,0.3105972454998727,0.09179436615275571,24,24,13440,8559,CAMELS-AUS v2,420,560
0.3438595470659507,0.31357621272578845,0.0880689066177186,24,24,13440,8632,CAMELS-AUS v2,421,560
0.35356346583118825,0.32802493521274356,0.07223181433185255,24,24,13440,8627,CAMELS-AUS v2,422,560
0.38436586437955816,0.3696953761481076,0.03816803101162902,24,24,13440,8527,CAMELS-AUS v2,423,560
0.30728778837886384,0.29555293278360356,0.03818848662086116,24,24,13440,8569,CAMELS-AUS v2,424,560
0.3522168227851215,0.3465149859638199,0.016188428412404754,24,24,13440,8557,CAMELS-AUS v2,425,560
0.3583525323712425,0.3358806759697033,0.0627087975431384,24,24,13440,8518,CAMELS-AUS v2,426,560
0.33040547922368724,0.2892716655360417,0.12449495021781276,24,24,13440,8515,CAMELS-AUS v2,427,560
0.39151963104427645,0.36905937620117074,0.05736686761580467,24,24,13440,8527,CAMELS-AUS v2,428,560
0.3595395998214339,0.34477588131577774,0.041062844017706546,24,24,13440,8497,CAMELS-AUS v2,429,560
0.3361173645715932,0.3157711301302418,0.06053312499127861,24,24,13440,8580,CAMELS-AUS v2,430,560
0.353398488826714,0.312341190225193,0.11617847811922333,24,24,13440,8493,CAMELS-AUS v2,431,560
0.33832275627122993,0.3168602562345106,0.0634379439126852,24,24,13440,8556,CAMELS-AUS v2,432,560
0.35470078811384065,0.3319387611827399,0.06417247351532618,24,24,13440,8566,CAMELS-AUS v2,433,560
0.32121021452708165,0.29971701162222114,0.0669131986867385,24,24,13440,8541,CAMELS-AUS v2,434,560
0.36460242992799713,0.33194327391453304,0.0895747074969131,24,24,13440,8570,CAMELS-AUS v2,435,560
0.373237388830108,0.3422772048162571,0.08295038209032024,24,24,13440,8531,CAMELS-AUS v2,436,560
0.3225630051863679,0.30108205925955256,0.0665945740256364,24,24,13440,8609,CAMELS-AUS v2,437,560
0.3168875385788135,0.3016755732164725,0.04800430282163859,24,24,13440,8582,CAMELS-AUS v2,438,560
0.36664948178883894,0.3269383474816139,0.10830816973606283,24,24,13440,8540,CAMELS-AUS v2,439,560
0.3399077850718485,0.32634370249913397,0.039905183606922634,24,24,13440,8577,CAMELS-AUS v2,440,560
0.36376180237828065,0.34928684958415185,0.03979239353745034,24,24,13440,8562,CAMELS-AUS v2,441,560
0.3861420185656194,0.3523294943986543,0.08756499562665221,24,24,13440,8547,CAMELS-AUS v2,442,560
0.3193322112199251,0.30434280327811286,0.0469398557838846,24,24,13440,8588,CAMELS-AUS v2,443,560
0.3738781302138566,0.35341940757091406,0.05472029784475552,24,24,13440,8619,CAMELS-AUS v2,444,560
0.4258798506319159,0.3904284374583899,0.08324275760152444,24,24,13440,8548,CAMELS-AUS v2,445,560
0.36228225341743325,0.32725354320454875,0.09668900389808299,24,24,13440,8562,CAMELS-AUS v2,446,560
0.3761679792030535,0.35170846309120257,0.06502285538410435,24,24,13440,8566,CAMELS-AUS v2,447,560
0.3615051180887816,0.3447246310833655,0.04641839400264047,24,24,13440,8644,CAMELS-AUS v2,448,560
0.30962270821199994,0.2983840971070285,0.036297761136035,24,24,13440,8593,CAMELS-AUS v2,449,560
0.3626897110331715,0.31754646683135745,0.12446794829998709,24,24,13440,8511,CAMELS-AUS v2,450,560
0.37489229508134725,0.35513686716529025,0.05269627617118755,24,24,13440,8644,CAMELS-AUS v2,451,560
0.40184877808373365,0.37582141654814194,0.06476904486236457,24,24,13440,8612,CAMELS-AUS v2,452,560
0.329937702118283,0.3201258886438168,0.029738382159637644,24,24,13440,8585,CAMELS-AUS v2,453,560
0.3580233661996681,0.3307673054043121,0.07612927917155954,24,24,13440,8576,CAMELS-AUS v2,454,560
0.3667239996767253,0.34800077130983553,0.051055366933701274,24,24,13440,8629,CAMELS-AUS v2,455,560
0.3186725091868566,0.3177334698523833,0.002946722128210455,24,24,13440,8618,CAMELS-AUS v2,456,560
0.35701946026990894,0.34263351091139865,0.040294580434451444,24,24,13440,8516,CAMELS-AUS v2,457,560
0.3313803160572859,0.29008518742765843,0.12461551464779452,24,24,13440,8574,CAMELS-AUS v2,458,560
0.31454379144165945,0.3057369559289634,0.02799875804997265,24,24,13440,8615,CAMELS-AUS v2,459,560
0.3609339637546022,0.3529836007399023,0.022027195590009097,24,24,13440,8525,CAMELS-AUS v2,460,560
0.32738183061461296,0.3208569042955005,0.019930630563286922,24,24,13440,8502,CAMELS-AUS v2,461,560
0.35939175395656686,0.32091802744830866,0.10705233518771218,24,24,13440,8586,CAMELS-AUS v2,462,560
0.3533077985216732,0.32089466742374584,0.09174190672708582,24,24,13440,8660,CAMELS-AUS v2,463,560
0.3712339307357087,0.36322050160535246,0.0215859286204666,24,24,13440,8660,CAMELS-AUS v2,464,560
0.3190472177476355,0.2866057337026913,0.10168239132116552,24,24,13440,8582,CAMELS-AUS v2,465,560
0.3632270353572007,0.33274237976375287,0.08392727585233006,24,24,13440,8619,CAMELS-AUS v2,466,560
0.3252221607798347,0.30849911553863313,0.05142037430998603,24,24,13440,8621,CAMELS-AUS v2,467,560
0.37050349936221827,0.3619159789120096,0.02317797393274601,24,24,13440,8622,CAMELS-AUS v2,468,560
0.36014725786909196,0.34119798436090687,0.05261534856687111,24,24,13440,8582,CAMELS-AUS v2,469,560
0.3795600977758551,0.33399396274453574,0.12004985586822114,24,24,13440,8618,CAMELS-AUS v2,470,560
0.3685906168507641,0.3422761567895387,0.07139210511123695,24,24,13440,8603,CAMELS-AUS v2,471,560
0.3473974387167213,0.32757416071968676,0.05706224568108875,24,24,13440,8543,CAMELS-AUS v2,472,560
0.3692886761774795,0.3254083717032947,0.11882385598278145,24,24,13440,8565,CAMELS-AUS v2,473,560
0.3673884532232173,0.3520812360893088,0.04166493802299265,24,24,13440,8697,CAMELS-AUS v2,474,560
0.4072780266806506,0.38982998122429074,0.042840625600558124,24,24,13440,8575,CAMELS-AUS v2,475,560
0.3428293003375845,0.3019172298278303,0.11933656332602849,24,24,13440,8463,CAMELS-AUS v2,476,560
0.3510446105315075,0.3233264601886752,0.07895905395290059,24,24,13440,8531,CAMELS-AUS v2,477,560
0.3993147609996627,0.36664107957721676,0.0818243766913328,24,24,13440,8656,CAMELS-AUS v2,478,560
0.33663499020023135,0.34019496830482404,-0.010575187393548235,24,24,13440,8605,CAMELS-AUS v2,479,560
0.26315724086614845,0.24478944569621336,0.06979779507293749,24,24,13440,8608,CAMELS-AUS v2,480,560
0.35707922061192304,0.3252902054644097,0.08902510510983208,24,24,13440,8542,CAMELS-AUS v2,481,560
0.3917001872680039,0.33780450591943467,0.13759421899814772,24,24,13440,8508,CAMELS-AUS v2,482,560
0.32203939408364146,0.2881522845904568,0.10522659685660496,24,24,13440,8514,CAMELS-AUS v2,483,560
0.37231449741901174,0.34380395546062675,0.07657650227436219,24,24,13440,8642,CAMELS-AUS v2,484,560
0.34769978351478115,0.3308078371883264,0.048581986895993134,24,24,13440,8508,CAMELS-AUS v2,485,560
0.3386534587588428,0.3235371643716384,0.0446364683313889,24,24,13440,8650,CAMELS-AUS v2,486,560
0.31328507586170545,0.3020410931145128,0.03589057894400338,24,24,13440,8493,CAMELS-AUS v2,487,560
0.33397385898836784,0.30599995169744376,0.08376076910827446,24,24,13440,8535,CAMELS-AUS v2,488,560
0.35614749596263845,0.336858217527368,0.05416092673383277,24,24,13440,8557,CAMELS-AUS v2,489,560
0.3519403693063937,0.3223238127458827,0.08415220060966444,24,24,13440,8559,CAMELS-AUS v2,490,560
0.3322212636630466,0.30286524396620135,0.08836285604710548,24,24,13440,8534,CAMELS-AUS v2,491,560
0.3169248205369134,0.2911683390511768,0.08127000416723962,24,24,13440,8564,CAMELS-AUS v2,492,560
0.3494756724713522,0.32025624447750684,0.08360933333990672,24,24,13440,8567,CAMELS-AUS v2,493,560
0.3362143213594826,0.2994697825197135,0.10928903531292933,24,24,13440,8447,CAMELS-AUS v2,494,560
0.333625920431836,0.3195937298433324,0.0420596534296277,24,24,13440,8572,CAMELS-AUS v2,495,560
0.3812949794107357,0.36190746117678296,0.05084650803405477,24,24,13440,8519,CAMELS-AUS v2,496,560
0.3583827895386335,0.33565502793487517,0.06341755873103472,24,24,13440,8630,CAMELS-AUS v2,497,560
0.3714181308498127,0.3736652637181315,-0.006050143172002365,24,24,13440,8553,CAMELS-AUS v2,498,560
0.3639704964168377,0.34435253160747653,0.053899876507830125,24,24,13440,8650,CAMELS-AUS v2,499,560
