gauge_id,raw_residual_sq,raw_median_abs_residual,raw_n_bins,de_residual_sq,de_median_abs_residual,de_n_bins,ar1_residual_de_reduction,tau_acf_days,archive
10002,0.2351884260808198,0.46616000324495377,24,0.278880659456367,0.3425578669223808,16,-0.1857754401593421,14.864900106972696,CAMELS-GB
10003,0.13387961256660388,0.27954112677055487,24,0.3121155144819434,0.30002240728324914,16,-1.3313147423896883,24.87182032742987,CAMELS-GB
1001,0.0538025493235079,0.19018266352787727,24,0.4101046214826562,0.29885013952449824,12,-6.622401292116274,4.823283421474352,CAMELS-GB
101002,0.25526110042578853,0.5134034150390736,24,0.8882245996429101,0.727437834347526,17,-2.4796708082873034,43.68587132016589,CAMELS-GB
101005,0.2705025441709135,0.44244282842018967,24,0.33310907232666026,0.3405272848301018,16,-0.23144524702211156,12.973003564866003,CAMELS-GB
102001,0.08480465038030484,0.3111032204756371,24,0.08207627389542782,0.18358090604301758,12,0.03217248668135142,5.183555383362364,CAMELS-GB
106001,0.25004280712460636,0.38888651419041353,24,0.6276754698693269,0.39448238485194564,14,-1.5102720493636554,7.356222155279184,CAMELS-GB
107001,0.06898937177258165,0.2378865473207907,24,0.6481914479007843,0.4416179824565228,11,-8.395526169414898,3.924994250470004,CAMELS-GB
11001,0.16822191962453403,0.2969567597218672,24,0.3665459019995743,0.21680284559528495,17,-1.1789425707285535,22.16182002230393,CAMELS-GB
11003,0.0325295314886079,0.1731898409125004,24,0.13056442741238686,0.17204890017815733,16,-3.0137198858247176,11.54626739509373,CAMELS-GB
11004,0.026074445987539777,0.09996133077430015,24,0.38841941507168265,0.49171583979465366,17,-13.896554859010122,27.329217896438355,CAMELS-GB
12001,0.007143031712407835,0.024017144104639853,24,0.20436694556909948,0.14760148210014978,13,-27.61067314234416,5.791393971571418,CAMELS-GB
12002,0.008916268230972082,0.056150912461200145,24,0.17440169418223211,0.16574888227242512,13,-18.55994253026395,6.268320491231301,CAMELS-GB
12005,0.024540328469258767,0.031291126939827836,24,0.26080258774943776,0.16150507562390914,13,-9.627510062717397,5.48773250741505,CAMELS-GB
12006,0.022757241153904584,0.03163318363502569,24,0.3135414481613514,0.1906307333664403,12,-12.777656353022183,4.62637332731588,CAMELS-GB
12007,0.02153255859695637,0.11363996337623081,24,0.2098687997865825,0.16700203893504062,11,-8.74657975927893,4.013664376695054,CAMELS-GB
12008,0.04701106406379651,0.22321851690036856,24,0.07141460415131327,0.06233076311282653,12,-0.5191020576432788,5.143107655732037,CAMELS-GB
12009,0.09071453135521328,0.265037485884636,24,0.18113450969958508,0.1408694799097524,11,-0.9967529677280911,3.558078349903792,CAMELS-GB
13001,0.03749052412816425,0.13201944461151435,24,0.06924121658246557,0.16671936325435982,15,-0.8468991349856603,9.773858069828536,CAMELS-GB
13004,0.07376256953184539,0.2381624129571014,24,0.06693012125994688,0.22001340776726866,14,0.09262757947916589,6.874267308080197,CAMELS-GB
13005,0.061932024565819976,0.23301685869855837,24,0.11931559454403183,0.08144154618482882,16,-0.9265573082828233,11.6713738562907,CAMELS-GB
13007,0.036858180993738984,0.21568267121854004,24,0.07554936375588718,0.13872838262785436,13,-1.0497312053657932,6.2643040007974,CAMELS-GB
13008,0.004406475105812924,0.035425648974274485,24,0.12563695338684625,0.13872830627976385,14,-27.511894512034974,7.432475457471995,CAMELS-GB
14001,0.14082233037885863,0.34417628459044586,24,0.13709723287562106,0.10865997614974329,16,0.026452463137173088,15.820502751135049,CAMELS-GB
14002,0.1348370576844612,0.34012201928299657,24,0.19050250626194518,0.060605022775178874,17,-0.41283493969253926,13.969402478144769,CAMELS-GB
14005,0.4624360568348333,0.5832320464129357,24,0.40777078216388307,0.22902261493863094,16,0.11821153187125899,12.475895583854562,CAMELS-GB
15006,0.12196807516495041,0.378550470932702,24,0.23528271140750928,0.34466094964444155,16,-0.9290516070644832,11.129967283828764,CAMELS-GB
15007,0.16846069139169403,0.39323583397600337,24,0.22838575376023112,0.41004062582323686,16,-0.35572133696877195,11.467670152133174,CAMELS-GB
15010,0.009990852492375192,0.0870837245487677,24,0.05999892869814819,0.12412102510130194,14,-5.00538630151312,7.603933806828924,CAMELS-GB
15011,0.0500313794687211,0.22851126099902236,24,0.08452915515015819,0.081670743162447,12,-0.689522776460813,5.120140135439875,CAMELS-GB
15012,0.09667455830824422,0.29394205908784576,24,0.1383335355085389,0.31575151257249456,16,-0.4309197572691894,11.7154443674821,CAMELS-GB
15013,0.0551020760170178,0.23511333081071398,24,0.06026314789944296,0.09274452102353728,12,-0.0936638372904719,5.310523163915057,CAMELS-GB
15014,0.06956093501729162,0.21654372112325113,24,0.06793271376656373,0.05818976229521555,11,0.02340712140115908,4.27042242726462,CAMELS-GB
15016,2.0698303334793806,1.444734567077547,24,1.818906282862464,1.095584963201028,16,0.12122928462214277,12.250670337836068,CAMELS-GB
15021,0.988118832744251,0.674110630693664,24,0.9889838632711063,0.7275678075596798,16,-0.0008754316770309689,12.6308679713148,CAMELS-GB
15023,0.024880465434252663,0.10593101006112399,24,0.26308222781219925,0.2264548896524613,13,-9.573846719523857,5.495456494087788,CAMELS-GB
15024,0.02228983944983047,0.11152401604661545,24,0.40821056341241957,0.31609965852753735,11,-17.313750726254078,3.990579657797283,CAMELS-GB
15025,0.048555558610534344,0.2030285295168714,24,0.09904062503840402,0.07637074167580693,13,-1.0397381447675635,5.508130054432452,CAMELS-GB
15030,0.4572786904313166,0.6590214054656337,24,0.4164577006412358,0.2558229992255414,17,0.0892693900771484,14.255434379087545,CAMELS-GB
15039,0.07444525300279521,0.26185964788583466,24,0.2009292021374617,0.10630186532082275,10,-1.699019669258393,3.1126896091659484,CAMELS-GB
16001,0.012750389194044247,0.1045437983441281,24,0.08876079165145752,0.21199427708549745,15,-5.961418220309542,9.009964676801562,CAMELS-GB
16003,0.18142885300806122,0.42980188849403256,24,0.08970434869824681,0.0932432908489121,10,0.5055673493440369,3.258288381849152,CAMELS-GB
16004,0.01901492423697911,0.14346309774935007,24,0.16367747856173295,0.22524833220292928,15,-7.607842793473907,8.856042406544109,CAMELS-GB
17001,0.020561036231951876,0.09235732377920106,24,0.15108803987985625,0.08384748268883606,12,-6.348269716341692,4.881754467410164,CAMELS-GB
17003,0.030593313859264434,0.15384068467789638,24,0.1564068529711871,0.057164410121192666,11,-4.112452142016747,4.218674886729322,CAMELS-GB
17004,0.1629449595330149,0.37590845311516613,24,0.20033790605445054,0.06629558610444976,16,-0.22948206945830263,14.652821998220464,CAMELS-GB
17005,0.012905741837728609,0.055906189765745906,24,0.3965628911901631,0.2083174017256754,12,-29.727632411710907,4.545880914768206,CAMELS-GB
17015,0.05182950090354476,0.12165105005662757,24,0.2574315360931052,0.21477753816675466,12,-3.9668920519259476,4.6231051279955855,CAMELS-GB
17018,0.15327453426073023,0.3210149866625106,24,0.1592610464811567,0.39054509378797986,16,-0.03905744844895764,11.872698069612516,CAMELS-GB
18001,0.03848613203196817,0.17167054427347034,24,0.12043148711252338,0.06434002290702069,12,-2.1292177403665304,4.831933368014087,CAMELS-GB
18002,0.06838484731117188,0.18757104580974787,24,0.3717066609763602,0.25601183748649226,13,-4.435512040920143,6.177857334769515,CAMELS-GB
18003,0.8975398756814393,1.0043657619700497,24,1.3020902646650054,0.9927741847284504,14,-0.45073249662185666,7.641327626175135,CAMELS-GB
18008,1.371041347518023,0.953846788161578,24,2.5809109383701827,1.2108946271091194,13,-0.8824457358943767,5.886002595359777,CAMELS-GB
18010,0.45588764051659175,0.4583591105848577,24,1.1590300783723548,0.6217803510706541,13,-1.5423590713251034,5.990478491033573,CAMELS-GB
18011,1.0375209241674341,0.7604938747534797,24,2.0867439920781723,0.8903903139757674,14,-1.0112789472199748,6.840663277473086,CAMELS-GB
18014,0.07038225030977115,0.2640941729439815,24,0.11156321667332433,0.12496807381122144,13,-0.5851044287772089,5.476501644775943,CAMELS-GB
19001,0.01781527653110739,0.052669424255080775,24,0.3239888506960885,0.17765322122838723,11,-17.186013005768906,4.133219838804989,CAMELS-GB
19006,0.04833716878117136,0.13975508238399917,24,0.11053767599917995,0.16916041638114676,15,-1.2868049326512767,9.37948906546486,CAMELS-GB
19010,0.11624462606808265,0.2354158526390811,24,0.7391794361050336,0.6699678521839404,16,-5.358826735543953,47.046235868696,CAMELS-GB
19017,0.01122905204733813,0.019445299543285447,24,0.3076178396136029,0.1985258382081183,11,-26.394818219452848,4.007165080480497,CAMELS-GB
19020,0.056793528919713177,0.13637903265587517,24,0.34661684026842915,0.19762039366392684,10,-5.103104470905973,3.1396619234637546,CAMELS-GB
20002,0.29909487830263676,0.5566027227712449,24,0.24635571269035111,0.3343176585425499,16,0.17632921670735513,15.7517601723258,CAMELS-GB
20003,0.0880297125049741,0.18237504028818394,24,0.11978648533938539,0.2334315044356008,15,-0.36075061397726227,9.99815011708553,CAMELS-GB
20007,0.11369847566192721,0.2935038203934427,24,0.14433380762747886,0.2355246297217607,15,-0.26944364721865943,10.258261647118978,CAMELS-GB
2001,0.01849029250956219,0.03593740222492073,24,0.31653117507669243,0.2373840546540913,11,-16.118775969228146,4.044726061089357,CAMELS-GB
2002,0.24562354446286513,0.45717706038084444,24,1.3540856717031975,0.8855820134317982,10,-4.512849652358618,3.1565799687391496,CAMELS-GB
21003,0.008999640082776542,0.06291312753875405,24,0.10929527159303509,0.1576905430858759,14,-11.144404730385133,8.252911859013775,CAMELS-GB
21006,0.018828196471016648,0.09771527259121987,24,0.24786977889741868,0.19225055056826418,14,-12.164817951574875,7.128285286213917,CAMELS-GB
21008,0.01023869919952883,0.08855169753608173,24,0.19645321917233757,0.1079185862521338,13,-18.187322075188817,5.743992833869636,CAMELS-GB
21009,0.045280190847985145,0.10471078526010642,24,0.2862189032874043,0.20424065535517968,14,-5.321062211250382,7.333148665669285,CAMELS-GB
21011,0.108189581489472,0.24713546033569797,24,0.4691363021248583,0.305321802296425,13,-3.3362428772359216,6.147597121962786,CAMELS-GB
21012,0.06166430783943794,0.256034912817371,24,0.16011116701437797,0.14288341076867284,13,-1.5964966221834,5.406470107838102,CAMELS-GB
21013,0.023404006440675487,0.1463713630320606,24,0.19650554117846125,0.21547170652820924,13,-7.396235135063897,6.5662792759082285,CAMELS-GB
21015,0.01817713886622844,0.0758444952700329,24,0.0901709260090752,0.08144253383920137,14,-3.960677622186461,7.713991766818492,CAMELS-GB
21016,0.023231109256744525,0.14975030515653007,24,0.2419222019940745,0.10391189152874283,14,-9.413717197935304,6.9273153620503525,CAMELS-GB
21017,0.14760000875830748,0.40250190056990487,24,0.10490220805443337,0.1118857306225883,10,0.28928047540831137,3.4139808771488025,CAMELS-GB
21018,0.03933227589915151,0.14508751694603048,24,0.2572459983077721,0.08362653412163734,15,-5.540328329012904,8.689305687082133,CAMELS-GB
21022,0.09549183402444246,0.2746649514455371,24,0.1801064800476578,0.22005223973580434,15,-0.8860930035290457,9.358082169284554,CAMELS-GB
21023,0.049251421238022425,0.2095116808072621,24,0.25008314088475286,0.206676583607038,13,-4.07768374187925,6.409764772716688,CAMELS-GB
21024,0.07688112344067514,0.27354108619195466,24,0.1354152271988263,0.09762753678860137,11,-0.7613585902307818,3.969979272099615,CAMELS-GB
21026,0.16832231346160534,0.41045527142761923,24,0.1524781440995983,0.14634704093763834,10,0.09412994056561086,3.0682032168519537,CAMELS-GB
21027,0.07777400890835452,0.2648405206671401,24,0.30582749298641715,0.2629231539639975,14,-2.93225831198686,6.931291180469907,CAMELS-GB
22001,0.025047893878771214,0.12888395869120037,24,0.2978528276528339,0.17620551238668464,12,-10.891332225152569,5.272704728502916,CAMELS-GB
22006,0.07905567615572902,0.2618779846677359,24,0.4081830579565868,0.1655946270561645,14,-4.163235302073962,6.935301919524615,CAMELS-GB
22007,0.009241636340896557,0.06413910966610994,24,0.33901765804281764,0.16071913804655355,12,-35.68372629450691,4.491739176042716,CAMELS-GB
22009,0.007999529504517862,0.07468613077497532,24,0.29225968958775367,0.15984167073707534,12,-35.534609869579874,4.910720410268891,CAMELS-GB
23001,0.021922419138354774,0.12746338473398672,24,0.28965575378130737,0.0938858598926927,12,-12.212764154962022,4.454773688516969,CAMELS-GB
23004,0.06429672091474894,0.23941957725208277,24,0.1701148259215593,0.07745896336984849,10,-1.645777630668205,3.402296282976451,CAMELS-GB
23006,0.09224760141094392,0.28873809771429293,24,0.21965459660263958,0.08997343738575117,10,-1.381141549947992,3.0823644790411184,CAMELS-GB
23007,0.08787805519836189,0.22900879210044736,24,0.11601471590415262,0.19588098112220642,16,-0.3201784636935754,11.999066536188309,CAMELS-GB
23008,0.017599186868808337,0.0822745634118081,24,0.33188463911195787,0.16635604080658495,11,-17.857953017145853,3.862847570649782,CAMELS-GB
23011,0.14033255467765396,0.38554871595393236,24,0.23230670208320411,0.1474825209244065,9,-0.6554013615501848,2.551772460384603,CAMELS-GB
23016,0.03913465710533524,0.19052736009864346,24,0.3115451920365146,0.246686401512013,12,-6.960851457007951,5.205104430968142,CAMELS-GB
24001,0.006201743236304431,0.04523219455669035,24,0.2624773559153783,0.14444062813716946,12,-41.32315752430061,4.851967612868661,CAMELS-GB
24003,0.05511048840692167,0.2242648036606629,24,0.25184282512800416,0.14449225677378263,11,-3.5697803160164634,3.6918317467804256,CAMELS-GB
24004,0.016073794924818974,0.0783743788116618,24,0.11459914813673827,0.09504847353864843,13,-6.129563906516551,6.216472545889273,CAMELS-GB
24005,0.09943417334135342,0.20706967498903414,24,0.11226124468221288,0.2730455118434666,15,-0.12900063338209344,9.278929753114442,CAMELS-GB
25001,0.024421985936014672,0.1545850968666326,24,0.15336522077965742,0.07626966393569277,12,-5.279801371660461,4.915472695716824,CAMELS-GB
25003,0.15603933969087624,0.36055143474452406,24,0.16333069714878906,0.10891771567153485,9,-0.04672768721245202,2.529549585945295,CAMELS-GB
25006,0.09013220511505825,0.1389081262507065,24,0.3678395574049056,0.23635444929579075,9,-3.0811112624543036,2.711974451521712,CAMELS-GB
25012,0.18737141657574874,0.3990471661471147,24,0.3180647791118127,0.11484708644632846,9,-0.6975096037832882,2.340830509779648,CAMELS-GB
25020,0.23776985747996257,0.48556741939672987,24,0.2008244194477462,0.1930932764119474,16,0.15538318617754077,12.696156988019146,CAMELS-GB
25021,0.3417446899906234,0.580856979902462,24,0.34306244639963224,0.26229003723103445,16,-0.003855967473978872,12.10304785939608,CAMELS-GB
26003,0.05255982906444338,0.0994263204777598,24,0.9746683136163271,1.0482317245741863,13,-17.543977995462857,150.4415624354052,CAMELS-GB
26005,0.7063758313983396,0.7050969552291222,24,0.4061686400957039,0.46047207803804463,16,0.42499640836854,72.76375105085636,CAMELS-GB
26006,2.450369714670941,1.0180189223462741,24,2.5996727570983125,1.2224375705502737,16,-0.060930822615648195,61.89849361374455,CAMELS-GB
26008,0.12542496382787555,0.19801093594933822,24,0.8869437861791891,0.7821605195087494,16,-6.071509204470401,77.35058420558866,CAMELS-GB
26009,0.5944548420229817,0.10618631987560828,24,1.3546316744470221,0.7654039271204615,16,-1.2787797805416008,70.30400750243874,CAMELS-GB
27001,0.012560199683061714,0.05262731564787186,24,0.04353712862582817,0.07105765683498821,14,-2.466276788938392,8.350428248197685,CAMELS-GB
27002,0.04463614198563919,0.07725081586233823,24,0.23132168335810713,0.20342252581799047,11,-4.182385239130442,4.2115178876092365,CAMELS-GB
27003,0.11486780226082972,0.3385117010840192,24,0.1592287140339065,0.12854103221599464,16,-0.3861910030484146,11.762804940888406,CAMELS-GB
27006,0.02938168660975561,0.08922908007808301,24,0.06453208841288453,0.1624700800504586,15,-1.196337101746158,9.813927471808826,CAMELS-GB
27007,0.021135087722746287,0.09167377615296007,24,0.25865410185674975,0.17204154685221773,12,-11.238137132422573,5.247642771076442,CAMELS-GB
27009,0.6650710985147533,0.5934412041975423,24,0.8554967202659822,0.30268635205797906,16,-0.28632370610674585,11.121473839164146,CAMELS-GB
27021,0.1717301099992845,0.36729393098204755,24,0.19059899182285847,0.07478672217682411,16,-0.10987520955790786,11.96130747158559,CAMELS-GB
27023,0.09458745543191059,0.3094269064456626,24,0.07009390609696206,0.21167645710215177,13,0.25895135061097374,6.548530900984348,CAMELS-GB
27025,0.05403296802505617,0.18206716660770472,24,0.07855463473513208,0.10263837073157478,15,-0.45382786854693435,10.1566318123349,CAMELS-GB
27026,0.036526782436315054,0.18989204157024817,24,0.0681399104028427,0.10811479264958666,14,-0.8654780371538493,7.25411872063565,CAMELS-GB
27029,0.015043250989111466,0.1216591242242441,24,0.0592971657939659,0.10876589459134545,15,-2.9417786645244495,9.027572189658663,CAMELS-GB
27030,0.07567846375478784,0.24414722846455886,24,0.06605143003013324,0.1046366172442992,16,0.12720968749904815,12.7665812697995,CAMELS-GB
27032,0.036387309222112925,0.12051444879205069,24,0.21364215845924794,0.05950489146823967,11,-4.871337095995422,4.070065867132935,CAMELS-GB
27034,0.03232501446432461,0.05289142401890337,24,0.22384532390791795,0.1436413087439129,11,-5.924832907807792,4.186699177839291,CAMELS-GB
27035,0.10484954786357141,0.3594300894650265,24,0.4476004939696745,0.44396547134317144,13,-3.2689787709154956,6.0235006257422326,CAMELS-GB
27038,0.2578654901186373,0.3267789662889784,24,0.5457255594984258,0.5045029770583183,15,-1.1163187026203136,92.1439977719837,CAMELS-GB
27041,1.1602595731732241,0.945422212216072,24,0.984365755040611,0.1292805967936673,16,0.15159867860564735,29.310553138143835,CAMELS-GB
27042,0.07625830801067116,0.17466553198303178,24,0.10636826107818892,0.2772587490141905,16,-0.39484160943230395,11.147313645480727,CAMELS-GB
27043,0.059422388303679685,0.10721727851683974,24,0.3782299805417844,0.1995270222004072,11,-5.365109032791313,3.598513294777618,CAMELS-GB
27047,0.22419176304148328,0.46432843220399084,24,0.27570443385151616,0.08695554526113813,9,-0.22977057725578098,2.321186086199804,CAMELS-GB
27049,0.019432426291318566,0.05254482598971562,24,0.19667460556363253,0.34003906015697966,16,-9.120949520930225,19.673446019086256,CAMELS-GB
27051,0.051605552052829906,0.24382010217790828,24,0.1425363172765544,0.10231082984548577,12,-1.762034540985752,4.672910273693136,CAMELS-GB
27062,0.16302810531973702,0.27732225349949374,24,0.38385017721602427,0.24798819250233645,14,-1.3545030868340304,7.882576004259925,CAMELS-GB
27064,0.22651543771960111,0.4819371337302436,24,0.2752633037898278,0.25088261162803405,16,-0.21520769869367862,11.921423876337624,CAMELS-GB
27065,0.027925779179431575,0.1301115609440089,24,0.11846117167169962,0.17378388894356867,13,-3.2420005870042434,5.617917311069476,CAMELS-GB
27071,0.2671707378930465,0.34021731548640605,24,0.40264443101088543,0.08087971154196082,16,-0.5070678555077075,11.1699159151141,CAMELS-GB
27073,2.6428048379825415,1.55897575692591,24,0.9366072986095535,1.0572876319489601,16,0.6456010352529328,62.0753525697964,CAMELS-GB
27077,0.07378548549493304,0.2344584392188681,24,0.07919976184652588,0.08147610385878855,12,-0.07337860983464894,4.818704004613764,CAMELS-GB
27079,0.029337194216127026,0.08373856642327958,24,0.056435659868234164,0.14102935316122372,16,-0.923689752076249,12.18577164905933,CAMELS-GB
27080,0.07953161167821365,0.3181964190025142,24,0.31041064885444014,0.3258801435360497,14,-2.9029845152688125,7.230376333534856,CAMELS-GB
27084,0.05644432810317961,0.2162789512930543,24,0.14491772136169376,0.052768199590284004,11,-1.5674452373103946,3.8961870701495145,CAMELS-GB
27087,0.4714834747313139,0.7746062958293926,24,0.4018072385969141,0.42783200968591645,17,0.14778086585984052,63.86744818263556,CAMELS-GB
27089,0.01767577731424666,0.11081562847350702,24,0.1694744640456526,0.12317082591766107,14,-8.587949714044901,7.487826681316072,CAMELS-GB
27090,0.05594948687153098,0.225626577655276,24,0.21735034877811707,0.10605978642611333,12,-2.8847603603083694,4.415514716743858,CAMELS-GB
28001,0.02112953243298528,0.08734789144760452,24,0.08817609730916767,0.12529479462932025,16,-3.173121084852598,10.597807136913758,CAMELS-GB
28003,0.2245883900958241,0.43022820133355183,24,0.21484654660068683,0.4169511984153895,15,0.043376434066697556,10.469319313172196,CAMELS-GB
28008,0.04042464657513464,0.18100317150311943,24,0.13633516373730167,0.24996012601301718,16,-2.372575279882891,14.687465092110909,CAMELS-GB
28009,1.6126870944034215,1.0080613620666254,24,1.4933627379529006,0.17674484933843887,17,0.07399101590421187,21.712673363914675,CAMELS-GB
28012,1.011769730045008,0.7190860642910347,24,1.1627793956015664,0.23765070022797097,17,-0.1492529980609727,26.411027355769622,CAMELS-GB
28015,0.7368022555075281,0.7390227010295343,24,0.6247247783769506,0.623978137284552,16,0.15211337410113612,62.16021798791726,CAMELS-GB
28018,0.06354689492033067,0.24867890384658006,24,0.15532375898305492,0.19589278679899724,17,-1.4442383719579968,13.949285987200708,CAMELS-GB
28022,1.6922274168567923,1.1047931525429682,24,1.3423906861203942,0.24174293304960798,16,0.20673151093734088,23.48150707255574,CAMELS-GB
28024,0.4156757151544845,0.554378225340308,24,0.4953535339692581,0.2585570754669684,17,-0.19168264084218056,13.838739884465983,CAMELS-GB
28026,0.17674204335764696,0.4251390405424507,24,0.20495552415106877,0.22416020349681337,16,-0.1596308397110151,12.20244397717128,CAMELS-GB
28031,0.06778584556293156,0.2069213405862414,24,0.04746744540431865,0.1493928648138768,14,0.299743995075632,7.901136745035105,CAMELS-GB
28033,0.04039841294927845,0.18169829801371565,24,0.21759202202397054,0.3144374481611114,13,-4.386152725780702,6.32405446404623,CAMELS-GB
28039,0.20754836363024595,0.42587690192740135,24,0.12683167513401833,0.3017267714300016,12,0.38890544393800663,4.3968956502940015,CAMELS-GB
28040,0.053331411553559784,0.16647246756793058,24,0.13302552769967904,0.18653003439776722,14,-1.4943185230731024,7.057661583140623,CAMELS-GB
28043,0.01365226127478745,0.09018271046546837,24,0.05514953720452778,0.1629580071824302,16,-3.0395899327224383,12.802125088559404,CAMELS-GB
28044,0.036072306581221084,0.08885446673423258,24,0.8602849316783141,0.9301787655006516,14,-22.84890275151328,125.53478926494272,CAMELS-GB
28046,0.012680134196264506,0.04410250535905262,24,0.32552834202373887,0.4201289779976769,16,-24.672310480723276,29.718735640178288,CAMELS-GB
28048,0.0735035807303817,0.24404468678788338,24,0.06864204921537469,0.2522280048953768,14,0.06614006374518788,7.696572094750701,CAMELS-GB
28050,0.4380584292543608,0.5310248036916256,24,0.5535403682311771,0.2116194617847249,17,-0.26362222768634647,21.312826407856395,CAMELS-GB
28052,0.3098694011317747,0.4532734950809224,24,0.5266477898830664,0.25254500763983934,17,-0.6995798486701976,21.67631779468425,CAMELS-GB
28055,0.12008813359298837,0.3207429493023235,24,0.13198181056966182,0.24417355186248754,16,-0.09904123430699974,11.072731060082202,CAMELS-GB
28056,0.09595361888141113,0.2960801603473235,24,0.14745071976500088,0.1726515925638871,16,-0.5366874275709694,11.635547075580208,CAMELS-GB
28060,0.28644920379014616,0.457531240340789,24,1.154521531577045,0.9141611560008472,16,-3.030458162567811,58.546824067898896,CAMELS-GB
28066,0.09639766417156988,0.3021081042042684,24,0.10230110922455042,0.2575059821499153,14,-0.06124054046033223,7.453328575877141,CAMELS-GB
28067,0.09549724242642037,0.30347119471526063,24,0.18488612479122163,0.1450337356707586,17,-0.9360362675778253,17.48132032136298,CAMELS-GB
28072,0.17434564025924448,0.2745970655633899,24,0.3620083600199229,0.6073833368493978,16,-1.076383209133489,20.28030161896867,CAMELS-GB
28074,1.3666343519802904,0.788254160928896,24,1.2354922648895432,0.26119001182390567,17,0.09595989366191382,17.626380104559985,CAMELS-GB
28080,0.08876738737439129,0.25366680039647044,24,0.13188729467548205,0.26318217272320626,16,-0.4857629426359633,12.560512454145938,CAMELS-GB
28081,0.25234200096058756,0.44758358110007485,24,0.2819698906748435,0.4646135634657399,16,-0.11741164610517396,12.740566356981084,CAMELS-GB
28082,0.1170874432577575,0.34219935788214995,24,0.19489120024624884,0.2035470382996145,17,-0.6644927485282377,14.06622818116681,CAMELS-GB
28085,0.060949542896235664,0.24550176770855314,24,0.1596087161508929,0.1743132026126264,17,-1.6187024310029825,18.143547233052985,CAMELS-GB
28091,0.20989973756577088,0.4384202919866471,24,0.5789555465977496,0.44588513625382886,17,-1.7582480726844034,26.40447168449284,CAMELS-GB
28093,1.1718595285250355,0.6096195758705485,24,1.097758375309515,0.21741518271310253,16,0.06323381891069157,18.394912828102026,CAMELS-GB
28115,0.24842577063967897,0.49217139377198676,24,0.33859800687895575,0.48866843242761665,16,-0.3629745658314336,14.594829810488664,CAMELS-GB
28116,0.11998077361262828,0.24627091958974848,24,0.39804057452018504,0.5847594161034103,17,-2.317536322988755,22.58857140850637,CAMELS-GB
28117,0.07225460008334593,0.1754734425849754,24,0.1538807969481833,0.20461449727355932,16,-1.1297024240765468,14.781922569415585,CAMELS-GB
29002,0.1486574523387059,0.20104941694350903,24,1.194444500813546,0.9994237492454977,14,-7.0348780503252915,113.01894357848384,CAMELS-GB
29003,0.324269270933353,0.47816591549369675,24,1.649554189680798,1.179119609574913,14,-4.08698892415196,114.64123923356928,CAMELS-GB
29005,0.1485826700112965,0.1275661187049078,24,0.4731124717185376,0.7201670593126168,17,-2.184169941774284,27.94780833281081,CAMELS-GB
29009,0.03089425072998796,0.11270353228771197,24,0.29484835984914526,0.5095553479457029,17,-8.543793841322922,22.445173073372946,CAMELS-GB
30001,0.20144207909205844,0.4419926454559123,24,0.5093492458823627,0.6515394299324239,16,-1.5285146389379332,31.227263316836588,CAMELS-GB
30004,0.15876484596767756,0.19286050363100865,24,0.30427905810038414,0.5267662016931419,17,-0.9165392454846797,17.943037128917673,CAMELS-GB
30005,0.0945704943145172,0.2757359613368152,24,0.69089947770813,0.7037218365566132,17,-6.305655772617362,41.87847033338643,CAMELS-GB
30011,0.21235191172014564,0.4742740827730981,24,0.6287075885129922,0.7741326570475108,16,-1.9606872074763966,60.55592697117215,CAMELS-GB
30012,0.13453403169890757,0.16047106361481384,24,0.1379323673018957,0.35494569509949697,16,-0.02526004431795914,12.262787383349766,CAMELS-GB
30014,0.48171108098106297,0.692130499949097,24,0.4910809608146436,0.6402370958095198,16,-0.01945124412437793,13.086816897639473,CAMELS-GB
30015,0.03317282589504565,0.13245333239313084,24,0.7145298074451241,0.7394016552081267,17,-20.539612262934728,55.10979737571037,CAMELS-GB
3003,0.07018731820603082,0.09741192311388151,24,0.5120735697317306,0.376470906157695,9,-6.295813301037778,2.60505999418194,CAMELS-GB
31002,0.2140395185172205,0.4223559738377477,24,0.5555013656637869,0.6615314878126336,16,-1.5953215065707327,30.313761201315625,CAMELS-GB
31006,0.13424005498256608,0.19633952012184955,24,0.42079628192494906,0.46512779685081634,17,-2.1346551666683866,55.31041419336145,CAMELS-GB
31010,0.11589163771401086,0.21776483687315124,24,0.2752849074169519,0.43551536074072816,17,-1.3753647186890259,17.562054002047528,CAMELS-GB
31021,0.09509543643158637,0.2925271815206951,24,0.18074680054150805,0.259900841318083,17,-0.900688480162148,13.922103379479775,CAMELS-GB
31023,0.13988839792061278,0.3649128590663607,24,0.0869929159486198,0.2650633987526674,12,0.37812629752191007,5.148655200537787,CAMELS-GB
31025,0.1135983839355529,0.30668878311019543,24,0.07673508936983274,0.216962746243073,13,0.32450544883308896,5.837890340500305,CAMELS-GB
32003,0.162554951929735,0.39904099334988025,24,0.16026246406783098,0.35539479232538695,15,0.014102848511775457,9.408112892600132,CAMELS-GB
32004,0.4658434343162254,0.4919452131216834,24,0.4342999501501473,0.2721859952700447,16,0.0677126301294303,15.820421267768912,CAMELS-GB
32006,0.08468529940490856,0.2564272270375573,24,0.3798574639226518,0.37356512361303396,17,-3.485518343702453,20.738802754401977,CAMELS-GB
32008,0.07128218462977545,0.13864050121477062,24,0.2391205133692537,0.3926693213072015,16,-2.354562077624233,18.501007214620493,CAMELS-GB
33006,1.5836383185667595,1.1805514340222312,24,1.2309187562388169,0.5806381207706692,17,0.2227273476478926,68.53738629410617,CAMELS-GB
33007,1.0414458205479356,0.6720445642607848,24,0.8483551662095953,0.8434918302294949,15,0.18540633658383643,104.82369499987146,CAMELS-GB
33012,0.08194596280225003,0.2753100895639727,24,0.22072631168766843,0.18666167123031585,15,-1.6935593181121043,8.919701258823522,CAMELS-GB
33013,1.7739542677313607,1.014760151497197,24,1.666157435423004,0.7222756111683746,17,0.06076640997414984,54.57970529982392,CAMELS-GB
33014,0.42287819037556207,0.5792323388358865,24,0.9085791476450945,0.9085026539789648,16,-1.1485599596379679,80.97411143089906,CAMELS-GB
33018,0.11668911387492013,0.224482061340217,24,0.20361650126528777,0.37797831725185543,16,-0.7449485603562445,14.866824537392262,CAMELS-GB
33019,2.390130579892624,1.6338619219284827,24,1.4902103879775057,0.428731204359992,16,0.3765150738984089,58.34359576325399,CAMELS-GB
33020,0.11111914769905834,0.2465553865436426,24,0.24009961353586293,0.21747900664498063,16,-1.1607402370122535,11.370054733384888,CAMELS-GB
33021,0.8333304086851911,0.6118194693727715,24,0.969589605997224,0.6662711183640797,16,-0.16351161063115338,47.280850859261406,CAMELS-GB
33022,0.31805192579347424,0.48948435577583743,24,0.6757416433338355,0.5318620634674263,16,-1.124626793716148,35.688941672102395,CAMELS-GB
33023,0.2642229576227459,0.490215297590603,24,1.0478063199844394,1.0629986067908486,16,-2.9656142275134307,81.2352506123767,CAMELS-GB
33024,0.29772593076070003,0.5196257503132451,24,1.0721958207908906,0.9334639345836286,17,-2.6012846380273067,69.8528296230827,CAMELS-GB
33026,0.8938355533139252,1.0383516258228058,24,0.43986726410480986,0.3977620181439219,16,0.5078879303088948,24.40249162671412,CAMELS-GB
33028,0.18960698885291563,0.38995279399914357,24,0.47211154788268744,0.5394332615473915,16,-1.4899480274375323,24.218373567526186,CAMELS-GB
33029,0.26442108956667265,0.41886770525403505,24,0.5852980904478419,0.5810352774455904,17,-1.213507596565067,68.47083442695796,CAMELS-GB
33031,0.06697643762001189,0.23636642646354464,24,0.28783775833681163,0.22790968503506698,14,-3.297597312801966,6.878486036630529,CAMELS-GB
33032,0.4446582612468302,0.44261188102081966,24,0.34878842057637455,0.32828028179604407,13,0.2156034173336504,161.16445620236,CAMELS-GB
33033,0.10016001739516672,0.18654259674227325,24,0.6927714327483279,0.8037139781121115,16,-5.9166464899371904,59.32568798668067,CAMELS-GB
33034,2.2825515680882194,1.4146134019102743,24,1.4371386331698306,0.4556138916804382,16,0.3703806506446097,62.36424386383972,CAMELS-GB
33035,0.0567028643189298,0.17151153486780166,24,0.3769709911491246,0.49874584640794994,17,-5.64818251559253,53.96078291737172,CAMELS-GB
33039,1.4720617917305576,1.3759594898970535,24,0.8681110317892138,0.4719250906746856,16,0.4102754132564901,24.607783544998,CAMELS-GB
33053,0.25037037732098105,0.4536404137432978,24,0.8638428783857056,0.8483856566663588,16,-2.4502599214372616,48.48648037441519,CAMELS-GB
33054,0.08760048004190434,0.30485852806946967,24,0.3547360417898104,0.6635523802005088,13,-3.049476003100894,155.95321138848345,CAMELS-GB
33058,0.22474412327507676,0.46696897111632873,24,0.3835636362326877,0.34967314620649526,17,-0.7066681461709365,16.530276536881484,CAMELS-GB
34002,0.8934409943463283,0.7303419564858796,24,1.262151261526076,0.46321548149310976,17,-0.4126856384617863,21.06270890211896,CAMELS-GB
34003,0.470000861973936,0.6348050325194368,24,1.063525711454191,0.9276854536729302,17,-1.2628165126922024,63.7202538691545,CAMELS-GB
34004,1.0808576903471523,1.1327826588087297,24,0.7145861692930621,0.3919932300981505,16,0.3388711801055422,47.08100010892412,CAMELS-GB
34005,0.6016588312574801,0.6384313905049207,24,0.8066905000994595,0.44047195154891994,17,-0.3407772946895149,21.8461698290846,CAMELS-GB
34006,1.1062176034449889,0.5831227680761037,24,1.143722788591721,0.2502535350561416,17,-0.03390398510196646,17.481203750518908,CAMELS-GB
34007,0.6044647663053017,0.5043995757718758,24,0.7459489656842423,0.3023319085019592,16,-0.23406525452879756,11.569818488304676,CAMELS-GB
34008,0.26727799992857926,0.5250027051441493,24,0.8748187968487949,1.0041701281161164,15,-2.2730669830010695,100.4723945806935,CAMELS-GB
34010,0.8141427353840882,0.6313115007927357,24,0.9844546522801172,0.27589494548931115,17,-0.20919171724314523,16.90834353118217,CAMELS-GB
34011,0.6723043201600661,0.7038421775041701,24,0.8862680799784998,0.9134251676582266,16,-0.31825432828914724,78.99194695337266,CAMELS-GB
34012,0.09371365682455333,0.30816507679636174,24,1.0861625670494184,1.0972724811017012,12,-10.59022712221,177.58017248893347,CAMELS-GB
35003,0.19350207268043432,0.4505568565272258,24,0.3814890032904289,0.3911997117739566,14,-0.9714982790931241,7.5358385690159375,CAMELS-GB
35008,0.1436974123380966,0.3736338313945552,24,0.19003137382008156,0.2402250192536766,16,-0.3224411680634074,12.404710266520986,CAMELS-GB
36003,0.14358164447934954,0.3496688259478121,24,0.48859731039944876,0.5158696341423463,17,-2.40292320909948,21.28167055720516,CAMELS-GB
36006,0.903501988989392,0.6192550289971444,24,0.7087411753251431,0.25315189976445146,16,0.21556213050742445,19.50798351189717,CAMELS-GB
36009,0.14098268467860745,0.3118363563244334,24,0.26995769019300536,0.3041314864393452,17,-0.914828695512623,13.445480241418808,CAMELS-GB
36010,0.2106262547148764,0.4461892281906201,24,0.16107245884797733,0.4081261759504099,14,0.23526884591847186,8.358230558946074,CAMELS-GB
36011,0.15478431759165123,0.3808126288391932,24,0.19301715716905712,0.4164807710695092,16,-0.247007191505479,10.708653947038345,CAMELS-GB
36012,0.13861482047176232,0.2697362924449949,24,0.863305432869138,0.7453479656028665,16,-5.22808895853243,60.39535067799312,CAMELS-GB
37001,0.9999286787758255,0.5083482864398555,24,1.0594546038548662,0.2607691812219156,17,-0.0595301708437006,17.826546983695536,CAMELS-GB
37003,0.5338948194581233,0.4341311946578972,24,0.7502219851649156,0.3234120874011479,17,-0.4051868604500668,17.210639254447585,CAMELS-GB
37005,0.8473571627392126,0.5190765363023352,24,0.7912717178319602,0.32738879905352475,16,0.06618867152305363,19.42615851136558,CAMELS-GB
37008,0.4171116864013023,0.5000302245730448,24,0.5598047759294664,0.36395991216470586,16,-0.3420980379602201,18.51521613712617,CAMELS-GB
37009,0.24225632269680905,0.4744277715672669,24,0.4120749982822608,0.38650810266260194,16,-0.7009875890751667,19.40547275073622,CAMELS-GB
37010,0.8333915599330792,0.42068608902574806,24,0.7578409040035808,0.1817877955704106,16,0.09065445291474405,12.646162564643276,CAMELS-GB
37011,0.13176372613885529,0.29442724113800633,24,0.1777240671796989,0.3343887914104293,16,-0.3488087532710611,12.983994757187832,CAMELS-GB
37018,0.20359734687060058,0.42126714981243407,24,0.16447092546060185,0.3486698331124132,15,0.19217549742858941,8.968189799959744,CAMELS-GB
37019,0.1676745733763857,0.398443463643347,24,0.10939108410048869,0.26992821161784947,14,0.34759885236186505,7.126708926596769,CAMELS-GB
37020,0.1805459152446485,0.43258573272730033,24,0.262401625160653,0.3499370911436283,16,-0.4533789081026067,14.8924019184818,CAMELS-GB
37031,0.25523438816209787,0.37247914031658835,24,0.09029562208357254,0.26219571204725206,12,0.6462247006221343,5.257060152096689,CAMELS-GB
37033,0.29711312734829004,0.42576107995746154,24,0.12062037604019087,0.33327462247935324,12,0.5940254235256527,4.510782823079686,CAMELS-GB
38001,0.3589406013006442,0.5380332996522734,24,0.9036851282910661,0.7992174207091524,16,-1.5176453291060006,49.1357540128008,CAMELS-GB
38003,0.29629828206379566,0.5125639698946065,24,1.93527890846848,1.451011297650853,12,-5.53152254204362,187.6915311779535,CAMELS-GB
38004,0.2406937564027937,0.44956669767914786,24,0.6365427490738957,0.7177581033203517,16,-1.6446167885163616,23.569481031229707,CAMELS-GB
38007,0.25084540802680516,0.5230443349282645,24,0.20239933321193498,0.4137498608432528,15,0.19313120059065725,8.519716843001401,CAMELS-GB
38012,0.15373393805855054,0.3651724982430292,24,0.1460643830852471,0.2716199180035417,11,0.04988849612622581,3.728952187702122,CAMELS-GB
38014,0.15392896038367887,0.3725704624243245,24,0.10706524825911276,0.2508059991704627,14,0.3044502607420655,8.38016683705115,CAMELS-GB
38017,0.03416845594891051,0.1948077578415161,24,1.013813275990679,0.9757344265996474,11,-28.671029838356077,222.72171081077568,CAMELS-GB
38018,0.2503040981160049,0.4581224133103053,24,0.9977752714187335,0.9581332728358439,15,-2.98625223849235,106.22998229020726,CAMELS-GB
38021,0.11958478710819248,0.3541465420415734,24,0.12446344007278401,0.2828684693065209,15,-0.04079660199735646,9.501979934410546,CAMELS-GB
38026,0.11369626190428327,0.3406114250209565,24,0.1777709107212321,0.3192806472667093,16,-0.5635598545085936,16.281195449845143,CAMELS-GB
38029,0.324462454783284,0.5424349350711708,24,0.36814278057503846,0.559662313851114,16,-0.13462366800167858,12.859411359209105,CAMELS-GB
38030,0.3000634759739805,0.4514322519477216,24,1.1517171882492316,0.9152781865461039,17,-2.838245172995,55.6295556597252,CAMELS-GB
39001,1.0988454891276107,1.0010190352036816,24,0.817533961955554,0.1468790510558574,16,0.25600644490554725,45.93788234430023,CAMELS-GB
39002,1.2735410439770876,1.2401224502089798,24,0.8038650577393893,0.1687296951821505,16,0.3687953273739548,37.8394741206889,CAMELS-GB
39004,0.7156594910025622,0.7449369464234036,24,2.1668919365044914,1.568202824937449,14,-2.0278253327834834,121.33660382570248,CAMELS-GB
39005,0.3304077228675876,0.5532952363178397,24,0.44060404788716817,0.5412763560724927,16,-0.33351619043039804,15.137577034918936,CAMELS-GB
39006,1.3621540675998693,1.1932155589735187,24,0.6397363678156172,0.17396914766735178,16,0.5303494787907217,61.44359788794027,CAMELS-GB
39007,0.11350709496767057,0.3226203756431909,24,0.3701307463631558,0.3175749059425429,17,-2.2608600058752057,21.39775445426365,CAMELS-GB
39008,0.8352588983759541,0.9064780400035849,24,0.7501706152581538,0.18135588318589035,17,0.10187054969811493,41.94588107622484,CAMELS-GB
39010,0.5662385821841969,0.7863794207101557,24,0.6254698975050109,0.8350692316095332,13,-0.10460487360705173,163.77010567118458,CAMELS-GB
39011,0.09648103672706475,0.23463526098103746,24,0.504789266417377,0.5737638596498484,17,-4.232004998509454,28.00943942405688,CAMELS-GB
39012,0.26430039152109236,0.41101945421738045,24,1.1215772552301249,0.9273943051666372,16,-3.2435701618724915,58.68372486628861,CAMELS-GB
39014,0.024524822882805122,0.09938317627471684,24,0.9798137730898905,1.0202437772356938,11,-38.95192045920376,225.02557584280763,CAMELS-GB
39015,0.038613984578001255,0.19163702746840577,24,0.9402125897496879,1.0772297475443888,13,-23.34901759103451,158.2537036914187,CAMELS-GB
39016,0.19924918455592433,0.33254140028620205,24,0.4557695685479023,0.5496045945968973,16,-1.2874350505558985,84.4242441251699,CAMELS-GB
39017,0.2121619568587891,0.447629073602129,24,0.1267497995082625,0.3205266697315073,14,0.4025799847207069,7.741828332792656,CAMELS-GB
39019,0.04265073703383441,0.09116820618639354,24,0.5857633049281576,0.8332769641370689,14,-12.733955041936964,125.04913197067911,CAMELS-GB
39020,1.9737620124496233,1.2748655680267373,24,0.5822984255017465,0.7412667737765539,16,0.7049804273114672,71.19644621271541,CAMELS-GB
39021,0.9923262212578279,0.9149368585947085,24,0.8590043554637016,0.20044213073053507,17,0.1343528599144881,35.62271229933319,CAMELS-GB
39022,0.09228974825185754,0.24512440921873,24,0.4638694618012165,0.5787897413327486,16,-4.026229571407246,30.769307357331023,CAMELS-GB
39023,0.2005093408536097,0.4333204814322345,24,1.5443783491926801,1.2651720081729643,12,-6.702276325970363,189.9005882884998,CAMELS-GB
39025,0.04837555786240566,0.17588533118430166,24,0.17097923327625525,0.28763686588049653,16,-2.5344136756535307,15.992431962127274,CAMELS-GB
39027,0.43606268567707646,0.6630951386233411,24,0.28919299761919504,0.2285091897455569,15,0.3368086582089367,104.75854834821796,CAMELS-GB
39028,0.05025590546020539,0.08723587250190636,24,0.44593682336635265,0.7683113478077193,15,-7.873321837161267,106.2896253453169,CAMELS-GB
39029,0.166868466026769,0.3611423751164722,24,0.920390640063832,0.9654151268764963,15,-4.515665493779892,101.28521965988128,CAMELS-GB
39034,0.6156794100517601,0.6253892228324245,24,0.6069732833755697,0.22904635008916335,16,0.014140681877697459,38.38094353260377,CAMELS-GB
39035,0.5442622349996377,0.46329419290340984,24,0.6260852058854548,0.6980818089078784,17,-0.15033740286219133,51.7556709159208,CAMELS-GB
39036,0.029384681517537984,0.07528585845117267,24,1.1081836460582086,1.0718833944805244,13,-36.712971140993965,163.27669214371954,CAMELS-GB
39037,0.12731178416906244,0.3559323744052306,24,0.39052871373155856,0.47936840846992135,16,-2.0674985531029852,72.01611049106322,CAMELS-GB
39042,1.121885386233403,0.9099782787186569,24,0.517291665188009,0.5982607210586548,17,0.5389086340408138,41.44669484026689,CAMELS-GB
39049,0.12147409343141342,0.3354089727834107,24,0.07376086464257818,0.22648786491429052,13,0.39278522227272306,6.154929726286977,CAMELS-GB
39052,0.0617653078778645,0.2655501958290662,24,0.1495231617680497,0.2594182731756795,16,-1.420827595706617,10.981549391549672,CAMELS-GB
39054,0.0780295958482369,0.2875561885615654,24,0.07405478683463038,0.2346600857669016,14,0.05093976164297076,7.48330695181168,CAMELS-GB
39056,0.3492376358145988,0.5589947740322099,24,0.3010130204909836,0.4543318639882745,15,0.13808539051391477,10.527429725702268,CAMELS-GB
39061,0.7478924182106886,0.8922507613508182,24,0.15769361164748708,0.21958514444450636,15,0.7891493377820775,100.8753922799806,CAMELS-GB
39065,0.07722257836871863,0.2454267182525148,24,0.3921602852706973,0.6181884888901741,13,-4.078311208390756,159.07009329429383,CAMELS-GB
39069,0.046586413191996384,0.14754585001818518,24,0.16145721468366853,0.16948950156886267,15,-2.465757580826315,8.753923737386405,CAMELS-GB
39072,1.305030526565347,1.2756346826296217,24,0.6484886835595978,0.24029126043492774,16,0.503085429529126,46.44265521597325,CAMELS-GB
39078,0.11570230038075084,0.23454925512137398,24,0.6259333753044709,0.7456234509943948,16,-4.4098611111850134,39.61168341162027,CAMELS-GB
39081,1.1007267986772955,0.7937776578467274,24,1.2261840771466197,0.30328885583485676,17,-0.11397676391642486,33.44963314135064,CAMELS-GB
39087,0.060633829303219276,0.10411564571667398,24,0.12391654238486381,0.29372938191786235,17,-1.0436865658802228,14.098839765434557,CAMELS-GB
39088,0.05179923892736094,0.20732868285765416,24,1.0386472422391753,0.9698140520551817,11,-19.051399668162887,238.81492402215383,CAMELS-GB
39095,0.1942676321082326,0.39880952418737836,24,0.11580925619030176,0.2960508130619772,14,0.4038674640056312,7.824337265782675,CAMELS-GB
39099,2.0284060892294375,1.1030428657733622,24,0.7361025170249258,0.3259890238514549,17,0.6371029839963848,40.82769342208301,CAMELS-GB
39101,1.1406254925448052,0.7313779505738636,24,0.7402044461823961,0.6396574999708035,16,0.35105391645161743,71.24944067619244,CAMELS-GB
39105,2.0167776052887807,1.4338289106404796,24,1.4350973938223,0.3846902422957203,16,0.28842060222261856,29.414538482253448,CAMELS-GB
39108,0.7301321696329994,0.5006536944202238,24,0.5865586738421743,0.6946928053022109,16,0.19664041903946272,62.4010417120836,CAMELS-GB
39114,0.1195232617272212,0.23899756559512525,24,0.42406004808962633,0.6415747149366341,14,-2.5479290136628476,136.96364506693186,CAMELS-GB
39120,0.0496244860619591,0.08829568464923904,24,0.48740066858487563,0.5679079662616533,16,-8.82177765984976,38.60728193095702,CAMELS-GB
39125,0.010492446193390924,0.07005838856182502,24,0.7177589600826789,0.8817086392432085,13,-67.40720903908827,161.25285789187274,CAMELS-GB
39127,0.07325308190630068,0.2735452548548684,24,0.4656599506762435,0.629222323413481,11,-5.3568649749354895,254.88053148252595,CAMELS-GB
39141,0.40556982176617834,0.4624033492913352,24,0.7126126181688726,0.4450225370339303,16,-0.7570651954960113,28.87473245048971,CAMELS-GB
39142,0.8681309112414044,0.8311548559293178,24,0.07286823580901945,0.1735337498500265,15,0.916063078891155,103.1253235640052,CAMELS-GB
39143,0.10603823357744036,0.2636458578195284,24,0.4869375802954357,0.5476335953112196,16,-3.5920944160185604,62.7901549459659,CAMELS-GB
39144,0.03374802454654568,0.1601402762894435,24,0.42413863795268164,0.5553753493576145,16,-11.567806372420542,50.8611406639919,CAMELS-GB
40003,0.5450924071104232,0.5213005978980798,24,0.7391807764993258,0.2681523571061972,17,-0.3560650760442252,16.554006373032056,CAMELS-GB
40004,0.11941650040220557,0.3380575610661528,24,0.15123348565921968,0.20487751235883964,16,-0.26643709328151166,12.639260789431004,CAMELS-GB
40005,0.36507893550557124,0.43254284736743853,24,0.4055309332235802,0.20525999046338517,15,-0.11080342847496771,10.533463548047846,CAMELS-GB
40006,0.24713843728532137,0.42365957343633537,24,0.8939403761399491,0.7491524869874244,17,-2.6171644765556836,42.20889623563186,CAMELS-GB
40007,0.07688912405915403,0.2381243051976379,24,0.18519944331568716,0.32734750402962964,17,-1.408655913067828,13.548425941196768,CAMELS-GB
40009,0.13461532871722054,0.3428249992894657,24,0.19394516053499117,0.3349130733702699,16,-0.44073607651623203,12.962148578933215,CAMELS-GB
4001,0.09122858781296554,0.3180810945409473,24,0.18892032671299497,0.126398305241019,17,-1.0708456772378683,17.871345537687112,CAMELS-GB
40010,0.1461392489259967,0.3898531551143426,24,0.25055315935472183,0.2153762070533898,16,-0.7144823255633344,11.373494383466667,CAMELS-GB
40011,0.5390999237446904,0.5270045653184708,24,0.7487991747669003,0.47807078746729753,16,-0.38898030176965914,37.04784812424708,CAMELS-GB
40012,1.0046739193241316,0.8865313219193267,24,0.6047234522566578,0.6952071838536104,13,0.39808982733077236,138.99661971513933,CAMELS-GB
40013,0.3858436758152632,0.6097253254888028,24,0.8494111506804337,0.851857876293261,17,-1.2014385719441476,52.342701059780936,CAMELS-GB
40016,0.4569482840333759,0.5729723725080045,24,1.8197101571655623,1.2766754508958025,15,-2.982310954542613,88.77028430557691,CAMELS-GB
40017,0.3842949933574245,0.554004370695649,24,0.22341842919588653,0.332916404912747,14,0.4186277909998951,7.327061415630554,CAMELS-GB
40018,0.5455534226921815,0.6069212640350262,24,0.6701618447140364,0.8203742255870936,14,-0.2284073691755808,110.5146021173703,CAMELS-GB
40020,0.25386555261639976,0.44267914410931064,24,0.19670391971496534,0.2687215346115771,15,0.22516498324531553,9.135165201648324,CAMELS-GB
40021,0.2020035287425076,0.4138850013976034,24,0.24207318942747108,0.39903574993321755,16,-0.19836119168017108,13.194320740200292,CAMELS-GB
40022,0.25769893387991133,0.46252731811159525,24,0.39851231848242774,0.23664162654940885,17,-0.5464259493915329,27.710071745194888,CAMELS-GB
4003,0.1306136022888514,0.27485844196991494,24,0.7201117492839918,0.5350686444865353,12,-4.51329828337073,4.807870593887429,CAMELS-GB
40033,0.14854375870386477,0.3522828734844018,24,0.3992140389482775,0.4925886575513829,13,-1.687518091851616,156.50854184040574,CAMELS-GB
4005,0.020175398766761693,0.027021918912325287,24,0.5641772520768772,0.3178153775657309,11,-26.963623351343156,3.466420345398116,CAMELS-GB
4006,0.058987515890083574,0.18997340928610393,24,0.638244146703376,0.4492002459009784,12,-9.819986857772928,4.529655693473088,CAMELS-GB
41001,0.3690526977134214,0.5998735216119971,24,1.0675774393513064,0.8805233427961201,16,-1.8927506721013239,40.39443829310768,CAMELS-GB
41003,0.0770409525538007,0.2183253643522175,24,0.1921439913615797,0.24307401291655173,16,-1.4940500473095537,11.381833919323746,CAMELS-GB
41004,0.07151753309077123,0.16895783659025781,24,0.40857091305513193,0.5392846005146527,16,-4.712877603546071,24.187107235291663,CAMELS-GB
41005,0.06745972956292146,0.21781183737218565,24,0.1955535777729452,0.3262924718444339,17,-1.8988194740767117,13.922182729923914,CAMELS-GB
41006,0.26055941731767684,0.4616584924655714,24,0.20928284661585653,0.34784582505393835,15,0.196794156318301,9.381510846630004,CAMELS-GB
41009,0.1923533693763211,0.474899223084836,24,0.26665456320204867,0.1770518994624798,17,-0.3862744596917578,22.2822369742278,CAMELS-GB
41011,0.1683257384100538,0.359185122190552,24,0.3990335572229495,0.5260130757287849,16,-1.370603337267855,20.194382328911068,CAMELS-GB
41012,0.07629075796575543,0.21886456536309926,24,0.17357708609888442,0.305821389185452,16,-1.2752046345744503,10.560581834404305,CAMELS-GB
41013,0.24992092621758055,0.4416606905970624,24,0.22528034285381224,0.3493399427497237,15,0.09859351810466754,9.920519063320608,CAMELS-GB
41014,0.3794610961235696,0.30173788766034665,24,0.5655682695584711,0.0927387834701594,15,-0.49045126189773236,9.627963553152714,CAMELS-GB
41016,0.27554898815281104,0.4799490260665217,24,0.28060664636121896,0.354572214821677,16,-0.01835484224534012,11.49271607297456,CAMELS-GB
41019,0.05694570529830397,0.24164602492255063,24,0.06987519706202397,0.17898130753288494,14,-0.22704946222002587,8.128047141763549,CAMELS-GB
41020,0.15841346064139888,0.36329895656138245,24,0.11274170013773739,0.21111037343745437,14,0.2883073213522481,8.380776987488384,CAMELS-GB
41022,0.10854683073486926,0.33885122474508517,24,0.07842991157427277,0.2525942803561483,14,0.27745553653389,8.309104711058474,CAMELS-GB
41023,1.3700229410717408,1.152964493183573,24,0.6951496499516936,0.5018522476070364,17,0.49259999295494117,53.44499287764037,CAMELS-GB
41025,0.013040373567260045,0.09409472705511167,24,0.17346683767446583,0.10207800667314143,12,-12.30229051949725,5.349467440763913,CAMELS-GB
41027,0.2840094438389103,0.5227867394926581,24,0.22620292940040349,0.34736697803242267,15,0.2035372967079735,9.619272937065984,CAMELS-GB
41028,0.14580787730805475,0.373396474191812,24,0.19601371578499693,0.3416247396192069,16,-0.3443287112044715,12.509738272014646,CAMELS-GB
41029,0.19009161301279942,0.43756668095921863,24,0.2049092299373802,0.3872262664405045,16,-0.07794987211552074,10.987228838871411,CAMELS-GB
42001,0.18588317083299533,0.41986777797945113,24,0.36278192967040224,0.527692662967803,17,-0.9516663506689351,16.99053641313763,CAMELS-GB
42003,0.10023120428102711,0.31177495442382114,24,0.1127696072316309,0.27082227791310043,15,-0.12509480496162406,9.58665128248753,CAMELS-GB
42004,0.1929263507079182,0.25896528746577574,24,0.41904677906780763,0.4896251446187257,15,-1.1720556965400002,101.80555321729295,CAMELS-GB
42006,0.1938225703725928,0.3117714209185376,24,0.2628060084295492,0.4865935319877751,16,-0.35591024267373417,84.92786024889928,CAMELS-GB
42008,0.4251337506173161,0.36670965573503883,24,0.369685883231465,0.5813892486030561,15,0.13042452476506028,108.6579081879604,CAMELS-GB
42010,0.17526551556628622,0.36569771632743914,24,0.2179769617749536,0.3902749954660278,14,-0.2436956640937944,122.7741602947566,CAMELS-GB
42011,0.34091277153843275,0.5579862527224715,24,0.8683770848592103,0.8107069331237549,16,-1.5472119479141129,30.27274081708071,CAMELS-GB
42016,0.05422917255329415,0.2174515953867179,24,0.383485763550554,0.648074049942428,13,-6.071576892929361,166.1343315349279,CAMELS-GB
42017,0.30531664598077807,0.5527347893430832,24,0.6282939180555618,0.657932078810905,17,-1.057843639796559,22.37426843132406,CAMELS-GB
42024,0.1076362233269134,0.314636916844802,24,0.3539717389396207,0.6231210051414284,13,-2.2885930776717753,156.984648899747,CAMELS-GB
42026,0.734689918625365,0.691099238186156,24,0.11407064876428231,0.24809654715936136,17,0.8447363358711752,69.12663889250001,CAMELS-GB
42027,0.27992193473007404,0.3216131195878705,24,0.24319620468178485,0.5085326055801328,15,0.13119990072840648,102.65168275585609,CAMELS-GB
43005,0.5098911839003165,0.5825965477650761,24,0.46151758220932526,0.39203813817705696,17,0.09487044141647338,67.78652796307726,CAMELS-GB
43006,0.027779463487840817,0.14754158327163597,24,0.5574956242972048,0.6002183261207505,17,-19.068624598931613,43.24749513357833,CAMELS-GB
43007,0.9018978047373607,0.588647557541448,24,0.7568741472596803,0.3229915759705894,16,0.16079832628033996,24.905791146905663,CAMELS-GB
43008,0.7024683072443251,0.7313221383029442,24,0.7652510158251197,0.7209955117787383,17,-0.08937443573373649,53.02515146830666,CAMELS-GB
43009,0.19597686536356004,0.13519278631763168,24,0.6549340132015209,0.2201059589469887,13,-2.3418945240630396,6.206087822513568,CAMELS-GB
43014,0.04513644087360975,0.16550009328808454,24,0.7944706966354471,0.8409952966362411,15,-16.60153617029995,94.74591402462627,CAMELS-GB
43017,0.0729856341868999,0.2827914755992706,24,0.3338981433902845,0.42136824593836536,16,-3.574847462930115,36.06611982407596,CAMELS-GB
43018,0.2548018622417401,0.2558497859376352,24,0.7571633296521303,0.7545566861518078,17,-1.9715769068193896,52.931312823744925,CAMELS-GB
43021,0.6004701546851797,0.849547403698439,24,0.5218700575479862,0.500889934983865,16,0.13089759170196014,48.5288948526186,CAMELS-GB
44001,0.28270470332259645,0.2787745249036894,24,0.5841615612746691,0.44191160035875543,16,-1.0663312439060415,45.60729787025591,CAMELS-GB
44002,0.10195199308402313,0.2892579541354025,24,0.5713860213561792,0.7791188548833268,17,-4.604461512442183,55.63428050228511,CAMELS-GB
44006,0.9534680739291493,0.87798930957946,24,0.482982763683079,0.7052800686618435,17,0.4934463178271361,51.41687985695458,CAMELS-GB
44009,0.27735062559085416,0.49876323838760056,24,0.8033613044828167,0.9737533934740594,16,-1.8965548672240247,71.10271354966501,CAMELS-GB
44011,0.27185496482307553,0.5167140675173924,24,0.41088499314066124,0.497608747322417,16,-0.5114125041198607,15.66064666272411,CAMELS-GB
45001,0.10905501322676563,0.3006898483343847,24,0.14854989102918528,0.3025738944976239,15,-0.36215554547955753,10.412328779874992,CAMELS-GB
45003,0.044554666933386,0.1763205557905955,24,0.0483533086441429,0.14277933742888302,14,-0.0852579981449817,7.747489604342529,CAMELS-GB
45004,0.10946782003110149,0.2741499581483091,24,0.0777521403532292,0.22450227588765265,14,0.28972605528146433,7.07028701056139,CAMELS-GB
45005,0.12583073758514426,0.2572300193544186,24,0.07278680890758525,0.1994548586991759,14,0.4215498509787122,7.221951387190279,CAMELS-GB
45009,0.4789728228164887,0.7665197036890224,24,0.5652422943733675,0.6020877018226952,16,-0.18011350007207327,11.013534646975312,CAMELS-GB
45012,0.037871118886552736,0.14640132875498651,24,0.050545350130156284,0.12367986372420103,15,-0.33466746207236864,9.74764260627722,CAMELS-GB
46003,0.14605273555014792,0.29018498438343354,24,0.09875916745121063,0.32701124838746076,14,0.32381158710100855,7.159254536908077,CAMELS-GB
46005,0.2594214633728181,0.47512668257594454,24,0.07819216627648727,0.26832326234987136,11,0.6985902197147187,4.140619149809149,CAMELS-GB
46008,0.07710343106993785,0.11801819094644649,24,0.12648277342351338,0.3185985066314389,16,-0.6404298961583856,10.84036043170356,CAMELS-GB
47001,0.015432646668550482,0.11674000632186292,24,0.06828644179309548,0.21566207475133783,14,-3.424804329399535,8.173191469055038,CAMELS-GB
47004,0.07584359004932446,0.25142059406838063,24,0.1250141957414313,0.301342625732401,16,-0.6483159046153935,12.643832678364792,CAMELS-GB
47005,0.10722406165173604,0.18764625734915363,24,0.06139790748959521,0.24717702180257795,14,0.4273868519454548,7.369446447947701,CAMELS-GB
47008,0.08479917755268207,0.11739565565974848,24,0.08232148200566837,0.1886564659594862,15,0.029218391245297348,9.17407690117879,CAMELS-GB
47009,0.7255102864375348,0.9914652620545659,24,0.7147482343032886,0.6555151970207711,17,0.014833769190359725,13.380950505616685,CAMELS-GB
47014,0.21757582001473827,0.3596428720348402,24,0.13904007071671445,0.32564610968325136,14,0.360958075638662,7.429763796414302,CAMELS-GB
47018,0.14602534478391416,0.15384908852605292,24,0.09348329825983767,0.22806730546467932,14,0.359814569188844,8.163804322645692,CAMELS-GB
48003,0.019606612023382333,0.11689708277035347,24,0.2796629782076123,0.4826445120897334,17,-13.263707461242848,22.187581450639,CAMELS-GB
48004,0.15093038961100505,0.24135125094260623,24,0.392726959275051,0.46290438083366525,17,-1.6020403199596287,16.963818033846184,CAMELS-GB
48005,0.22555336883495358,0.4908574711870195,24,0.3434425214812671,0.5843571209561106,16,-0.5226663350463088,16.4993066751478,CAMELS-GB
48011,0.0539453167904503,0.24655423304462026,24,0.14689020213254078,0.3375161178943249,16,-1.7229463255009394,13.188777144830194,CAMELS-GB
49001,0.08299022626394893,0.21371017434627718,24,0.2545254246552588,0.4455348148450551,16,-2.066932530654215,14.689549000832754,CAMELS-GB
49002,0.37295392774974784,0.5590474385129309,24,0.48350035042704803,0.6760839382594174,16,-0.29640771809079025,29.64878741614002,CAMELS-GB
49004,0.3260645717531878,0.3463795698149195,24,0.6013817644684457,0.5642437820477239,17,-0.844364020399178,17.73876046215094,CAMELS-GB
50001,0.039670803622992766,0.17534093609746848,24,0.13040494733049457,0.3064200505118621,15,-2.287176851010734,9.296753374583435,CAMELS-GB
50002,0.023440921622307546,0.1001756789353178,24,0.11376338685165276,0.199226650342473,13,-3.8531959913807254,5.920184656238565,CAMELS-GB
50006,0.11259391459989126,0.32014816822069614,24,0.2851071867461114,0.427712290762837,15,-1.5321722560162834,8.457151227105074,CAMELS-GB
50007,0.1176301327860888,0.23963329846813466,24,0.07239200263730082,0.24597264078490919,14,0.3845794362151561,6.784432105490939,CAMELS-GB
50008,0.1825690137089749,0.395632724358903,24,0.04253229469289465,0.11314911117903015,11,0.767034428083763,4.1793060299917295,CAMELS-GB
50011,0.12916845045972827,0.18166727512123437,24,0.08638650988546599,0.2475307646004193,14,0.3312104497808519,8.0718558984801,CAMELS-GB
5003,0.03991286396735104,0.15940712894902617,24,0.09146748386692657,0.14408220834326202,16,-1.2916792927149383,15.755952469899292,CAMELS-GB
51001,0.08104186135155776,0.22371812587346623,24,0.2700783629273169,0.2581984453501992,17,-2.332578477630506,22.47537567854644,CAMELS-GB
52004,0.09369504475493247,0.23295459806309465,24,0.06056553455537872,0.15568419190319055,14,0.35358871204135567,7.775193038029554,CAMELS-GB
52005,0.03756967904400325,0.09277207487245509,24,0.13961994167967678,0.22949786700575342,16,-2.7162931713137026,15.015835048519168,CAMELS-GB
52006,0.0576565774777972,0.18920568125563697,24,0.0805455981323763,0.1600489207407303,15,-0.39698888931437826,8.702600939572667,CAMELS-GB
52007,0.07422098736030995,0.23526892938904526,24,0.09557798290093762,0.18850838410703918,15,-0.2877487392743636,8.507563080942171,CAMELS-GB
52009,0.09741150959109629,0.2772237215642529,24,0.1530130123724927,0.2600085783401532,17,-0.5707898688234534,22.58378329264044,CAMELS-GB
52010,0.07266466671979989,0.27067667200770157,24,0.09762328290123909,0.23908192169254117,16,-0.34347664839200864,10.58496435367242,CAMELS-GB
52011,0.4712251138458264,0.43966545796634243,24,0.4357970292067847,0.18035597406207432,16,0.07518292976768826,12.443424729158432,CAMELS-GB
52015,0.09316150776144788,0.27077294789424167,24,0.4190890976137069,0.529582513947348,17,-3.498522057917298,26.06793599101178,CAMELS-GB
52016,0.050153414590683405,0.19812396868428211,24,0.22060588770649298,0.3389884099976836,17,-3.398621499790627,27.32636310710049,CAMELS-GB
53005,0.03432681244242261,0.14637745701253582,24,0.11381783012882053,0.1785725822913161,16,-2.3157121803759257,16.09664064741695,CAMELS-GB
53006,0.07052385828324782,0.26266039016174597,24,0.3395324963268679,0.3342931880135918,13,-3.814434499076749,6.24703455397,CAMELS-GB
53007,0.053646894553252174,0.21993582848164084,24,0.10128319720150578,0.14718078803973608,16,-0.8879601148388523,12.15987785652123,CAMELS-GB
53008,0.005676925744624329,0.0619064446123052,24,0.16472787620406115,0.29551000156530016,17,-28.017091928681204,17.91084021224468,CAMELS-GB
53009,0.07009758221707493,0.18362230411574065,24,0.07153247509236724,0.23437394924973506,16,-0.020469933910827187,15.958098203225903,CAMELS-GB
53013,0.10949093400957642,0.2549700730494259,24,0.34342578698534976,0.4628530983387319,17,-2.136568247333726,21.21000623188872,CAMELS-GB
53017,0.0569009525696384,0.21952567044554885,24,0.06118118092366663,0.20053362878044367,15,-0.07522243759961422,10.260355928298956,CAMELS-GB
53018,0.3372621349143253,0.39027625932655535,24,0.32458768200212873,0.13097656472950822,16,0.0375804206879502,19.150615298077533,CAMELS-GB
53022,0.4415746942739434,0.39018102683002576,24,0.6185888288490066,0.11935975023791379,17,-0.4008701967537285,16.630604604601075,CAMELS-GB
53023,0.6110841675676671,0.7085928812213041,24,0.3329191739410559,0.5091238899970312,16,0.4551991499531187,20.349585992757387,CAMELS-GB
53028,1.8296897597000956,1.4691934293967233,24,1.1904557062095307,0.9194385034521928,17,0.3493674542920008,22.0446430272682,CAMELS-GB
54001,1.5482333525941858,1.2905003544786293,24,1.3769582730653784,0.8271875340107007,17,0.1106261399431957,13.827429633634658,CAMELS-GB
54002,1.0518983504858932,0.7575065361635369,24,1.0635994315368944,0.3760032250765242,17,-0.011123775453774742,16.85278144356593,CAMELS-GB
54003,0.028421601677988715,0.13401800209834938,24,0.12580712729834376,0.05045492543695984,15,-3.4264615598977963,8.73828088412865,CAMELS-GB
54004,0.14593483888186368,0.38022600042281285,24,0.28442586754779076,0.22185704590810953,16,-0.9489922332941865,11.054650023025394,CAMELS-GB
54005,0.824890450135935,0.9293692045665908,24,1.078407669134523,0.8382783597263499,14,-0.30733440901978026,8.262639876862039,CAMELS-GB
54007,0.1568940951299106,0.3850003977052239,24,0.16132090162535626,0.37576232452177083,15,-0.028215252408194225,10.059415111155753,CAMELS-GB
54008,0.2936521036989637,0.43314574180897425,24,0.29669995381636505,0.22986363697643317,16,-0.010379118960870182,14.969425836183994,CAMELS-GB
54011,0.1453915853234846,0.23321170522098822,24,0.21737280883394833,0.4180590636731213,16,-0.4950852097135561,15.031958268868804,CAMELS-GB
54012,0.9521490282307875,0.6942352172440024,24,1.1935092517070491,0.18982564505153393,17,-0.25348996461692486,25.94130969818381,CAMELS-GB
54015,0.1522182066010856,0.3633533214931901,24,0.23590484119703012,0.340643188803537,14,-0.5497807158854524,8.086909017979387,CAMELS-GB
54016,1.006982585354759,0.7855919287198393,24,1.1614364962363215,0.15865641628459942,17,-0.153382901678631,25.956796473530545,CAMELS-GB
54017,0.16766695473954119,0.35592448018472406,24,0.297867813748703,0.16589521897543913,17,-0.7765445445789823,13.713154869774169,CAMELS-GB
54018,0.05611159729834366,0.25708394166897125,24,0.11069030246960282,0.056832642417503354,16,-0.9726813671167804,11.67142551331011,CAMELS-GB
54019,0.5105761264314375,0.5041302802187494,24,0.490544005002183,0.22760216204118353,16,0.03923434800852266,15.126000435308454,CAMELS-GB
54020,0.4242855155852882,0.5810537740811853,24,0.5172888730696383,0.19881269071329954,17,-0.21919993510986346,27.342095687025804,CAMELS-GB
54022,0.18034646294108,0.29183864132025217,24,0.2873472328875038,0.22388826575111442,9,-0.5933067286236793,2.66692148490762,CAMELS-GB
54024,0.6215475538615753,0.4930842750624625,24,1.0028831722654363,0.7160371800140704,17,-0.6135260544984593,52.95229366558301,CAMELS-GB
54025,0.09530427342102983,0.3021870331948599,24,0.3322011538238292,0.4008533152354883,12,-2.485690010522925,4.878252232964394,CAMELS-GB
54027,0.35551426652801044,0.5675494488566344,24,0.19733135927931378,0.3543526794041028,17,0.44494109559519934,55.2093651901094,CAMELS-GB
54028,0.025085165824015775,0.14748645894840876,24,0.1621393832027656,0.2660889872015606,13,-5.463556363958268,6.260646173357844,CAMELS-GB
54029,0.26217880656720777,0.3766926217794329,24,0.20537882636514365,0.14099681994419774,16,0.21664596366794364,16.114668059681446,CAMELS-GB
54032,2.1839951439396588,1.4616690549161797,24,1.6776486942899984,0.7196064937479867,17,0.2318441279756115,18.11550351676321,CAMELS-GB
54034,0.06744243526131331,0.2559567643527392,24,0.17078873709869943,0.21426464007459048,14,-1.5323631395716841,7.735899426215454,CAMELS-GB
54036,0.21602179346161546,0.40364371908472035,24,0.37955311850563256,0.5045832755943679,17,-0.7570130884644966,17.447409559322733,CAMELS-GB
54038,0.08428338621929458,0.2722590241150267,24,0.26591499471651026,0.4163346153198096,14,-2.1550108110824295,7.097579896673056,CAMELS-GB
54044,0.23612924999686935,0.4911069006473078,24,0.7244825237957095,0.7456002637696333,17,-2.068160864464334,33.17160091109541,CAMELS-GB
54048,0.17006416317113035,0.4191457501962629,24,0.15761433543090136,0.38592305243413905,15,0.0732066504081822,9.07039203719568,CAMELS-GB
54049,0.4608015076980408,0.5290864502428945,24,0.5546546223136875,0.2843389954535598,17,-0.203673627468137,14.198751801642116,CAMELS-GB
54052,0.14104921001045082,0.3551808353752282,24,0.34854423006019475,0.4858689016172787,16,-1.4710824685538468,24.124708975926342,CAMELS-GB
54057,2.4144344701706153,1.5829631986130719,24,1.8407277954050947,0.7205141206933144,16,0.23761534299374865,23.02858993676206,CAMELS-GB
54060,0.17407367561846035,0.25336962268010377,24,0.3166296188857909,0.5037652318100923,17,-0.8189402720477319,18.011275794788435,CAMELS-GB
54063,0.30282487017777454,0.5168732956545372,24,0.30951810973207267,0.4711844145671102,16,-0.022102674560279034,12.219319510300464,CAMELS-GB
54080,0.08127965216876566,0.208913267412861,24,0.21414076302414525,0.3806472209047651,13,-1.6346171189255627,6.060859581903612,CAMELS-GB
54095,1.658620019832297,1.3052901919900193,24,1.415558897545776,0.7604996643547218,17,0.14654418696278415,14.01259654919825,CAMELS-GB
54096,0.1744915372334167,0.31353872471747873,24,0.3633612283428592,0.5525707038152597,16,-1.0824002934697754,18.375943705501072,CAMELS-GB
55002,0.11828606983147776,0.370148109856641,24,0.42109748275940834,0.39068651800319576,14,-2.5599921728682524,7.043523382060895,CAMELS-GB
55007,0.051649668050981555,0.19824269876940975,24,0.33747689821745064,0.3468843499221098,13,-5.533960641999464,5.449903108422216,CAMELS-GB
55008,0.223666368262834,0.37733192445233227,24,0.2868489501229318,0.1789647345470532,9,-0.2824858397389942,2.495231442307362,CAMELS-GB
55013,0.05444130805446378,0.21089622755959392,24,0.1672773007575491,0.2535377719673492,16,-2.0726172227567115,10.731756799541786,CAMELS-GB
55014,0.48472254040054574,0.5708814532893087,24,0.33798585852510254,0.31107078260835297,16,0.30272304183376486,16.428201372216005,CAMELS-GB
55016,0.04579447929994921,0.16704244557244505,24,0.27544482980463214,0.30036569156335613,13,-5.014804273687584,5.449609226850827,CAMELS-GB
55018,0.06573312940732005,0.21809191377428436,24,0.13177894461512102,0.28630649830373894,16,-1.0047568981318893,11.240186604652813,CAMELS-GB
55021,0.45205789630553767,0.638414174536337,24,0.29276252578393985,0.23939497889309239,16,0.3523782502715824,20.4705769102435,CAMELS-GB
55023,0.6891917439019064,0.8404684508141039,24,0.5337184828621543,0.4414722546813555,16,0.22558781705585962,12.94081918627102,CAMELS-GB
55025,0.11508937457637321,0.24579692963326608,24,0.17258000693077602,0.39993552575077235,15,-0.49953032211720005,10.332806263612497,CAMELS-GB
55026,0.07461322316404338,0.16765781183059747,24,0.2554303495704122,0.30127437280487024,11,-2.423392513265743,4.216834188808713,CAMELS-GB
55029,0.0671563117570493,0.2179394635782005,24,0.0671385582117391,0.18070402249785517,14,0.00026436152977582505,7.241895355553695,CAMELS-GB
55032,0.009547366723458893,0.0594149838374164,24,0.23732989499947027,0.17416557613326078,13,-23.858152187275422,5.681167610089242,CAMELS-GB
56001,0.01278065551876689,0.058806679508993084,24,0.12570691391090572,0.20539642438988326,14,-8.83571724676562,7.260524190123284,CAMELS-GB
56002,0.018582806976048655,0.13115377394844824,24,0.07916176664325758,0.24310471467584388,14,-3.2599466671148782,8.000272721471651,CAMELS-GB
56007,0.16646766136760618,0.3861645718783685,24,0.08749942494868623,0.09976215854438286,11,0.4743758383469836,3.812689480281452,CAMELS-GB
56012,0.04241715372993337,0.19044020678016554,24,0.10860478074969743,0.2411362462073255,15,-1.5603976504688504,10.236478272257171,CAMELS-GB
56013,0.05496573519857086,0.19293964370669367,24,0.1657776088885228,0.29873298545553967,13,-2.0160173113236755,5.592345934953515,CAMELS-GB
57004,0.04380007787788653,0.16055076834932613,24,0.1038828471994991,0.144940375114576,12,-1.371750285219167,4.992196588372022,CAMELS-GB
57005,0.020243736102737334,0.1199757536222084,24,0.1048187784453618,0.16661636284611758,13,-4.1778376241126916,5.922391060233461,CAMELS-GB
57006,0.04005434966249254,0.16066327023149324,24,0.1275187167467656,0.16330675712431358,12,-2.183642171730875,4.890628436336592,CAMELS-GB
57007,0.05126408865512191,0.18342020206199547,24,0.07145423792782518,0.10553275103152995,13,-0.39384586369089836,5.830551458694743,CAMELS-GB
57008,0.046462027974949506,0.14421892168785058,24,0.0658695679244545,0.1742122418194462,14,-0.41770755163697926,6.906499773892872,CAMELS-GB
57009,0.028181558443956627,0.13063448827106613,24,0.09555165862221147,0.1782242992178691,13,-2.39057397454547,5.933225523850903,CAMELS-GB
58001,0.04244253228923827,0.22928716317363862,24,0.17011693622225726,0.32150912932733566,13,-3.0081712152079136,5.8484289448462095,CAMELS-GB
58002,0.10226042554480241,0.2889112955043848,24,0.11563817520555557,0.08802040256684063,11,-0.13082039889313868,3.9393318392363983,CAMELS-GB
58006,0.13487409199144687,0.3648604097135108,24,0.06233099409307008,0.07648795212507553,11,0.5378579149431988,4.289180980239168,CAMELS-GB
58008,0.14017074762565646,0.3720126928700997,24,0.06174004427428148,0.08845584752405389,11,0.5595368839783461,4.109610251685745,CAMELS-GB
58009,0.13632079753828022,0.24720344774722908,24,0.13689904309872133,0.1740376587814015,16,-0.004241800010587049,10.724693229656475,CAMELS-GB
58010,0.3358021652947269,0.5844942073624411,24,0.13263337566371133,0.11137233163834614,8,0.6050252518553546,2.1757090340161063,CAMELS-GB
58012,0.042033824409011815,0.16240888160081063,24,0.16519922179139776,0.23519342970570298,12,-2.9301496857368985,4.888141591541525,CAMELS-GB
59001,0.1356919653211273,0.37025001871735014,24,0.09109888494541772,0.0937734856239234,11,0.32863464148504307,3.8888681147032353,CAMELS-GB
60002,0.046918516019270336,0.20502018734810498,24,0.23659333099577232,0.30545046187406905,12,-4.04264309848587,5.343151266225607,CAMELS-GB
60003,0.04679516851807388,0.21905688265652143,24,0.10427947831995024,0.2910972103910286,14,-1.2284240365471484,7.406402228309847,CAMELS-GB
60005,0.08266023191028252,0.2835398735467861,24,0.2714931194753602,0.3752116567815503,12,-2.284446622047135,5.009092242330063,CAMELS-GB
60006,0.01984117123063719,0.14597512500721332,24,0.1447585039230661,0.2590470725212706,14,-6.295864857994941,6.921337938884927,CAMELS-GB
60010,0.158518176175271,0.36374090093189376,24,0.5349329166101667,0.4336713272599122,13,-2.3745840982847293,6.125742167487196,CAMELS-GB
60012,0.0794942891823181,0.2259944697594202,24,0.12318541245463079,0.1324821506572872,11,-0.5496133586666612,4.077145935898159,CAMELS-GB
6007,1.7077132891769562,1.2904401283691973,24,1.6236029040155506,0.8322994858556544,17,0.04925322400105181,13.441621532038551,CAMELS-GB
6008,0.11128071376805891,0.1656612220423932,24,0.4999045973703257,0.3730444494413982,12,-3.492284246237592,5.34415494363017,CAMELS-GB
61001,0.08589744568677525,0.16183234966263566,24,0.17208208155464533,0.4174009343360785,16,-1.0033434076973844,10.686754227771772,CAMELS-GB
61002,0.09944346754896438,0.18062915192667015,24,0.08190602094010939,0.30369538173908683,14,0.17635594414705857,7.543916457355518,CAMELS-GB
62001,0.4344957452972509,0.6751033059077899,24,0.7597516670528839,0.6557069567958742,14,-0.7485825241697504,7.637755479313531,CAMELS-GB
63001,0.05705704626013972,0.20810181966556943,24,0.3473740753083449,0.31199573981273376,12,-5.088188892999563,4.539918714755688,CAMELS-GB
63004,0.18250891042183195,0.28825767482151254,24,0.49565607012337737,0.2637613782166923,9,-1.7157910755029433,2.288578452500205,CAMELS-GB
64001,0.08723436515080824,0.29019547065007945,24,0.5289345320380104,0.4303329185935794,12,-5.063373432289027,4.307455824209635,CAMELS-GB
64002,0.04216815634212867,0.19798598776550358,24,0.3551964296014223,0.3183826063533872,12,-7.423333159732156,5.009547187387069,CAMELS-GB
64006,0.0626644274830102,0.26742728187659504,24,0.10678660533226117,0.07705547770583343,16,-0.7041024648507885,12.042110075640512,CAMELS-GB
65001,0.09560418754156312,0.24399182531108543,24,0.34758339139751493,0.1821601691885221,10,-2.6356502820172594,2.972296159010893,CAMELS-GB
65004,0.17272900718352047,0.2773447803103946,24,0.8361769725711697,0.46690078575748944,13,-3.8409759669535504,5.577951015539773,CAMELS-GB
65005,0.3038287831738106,0.4803997953058297,24,0.12143001792134435,0.28474193461742714,12,0.6003340544207816,5.365591488068265,CAMELS-GB
65006,0.1243905160487923,0.2572183473116551,24,0.670914901775467,0.3757707393426031,13,-4.393617802118451,5.665799766411438,CAMELS-GB
65007,0.059819916317918824,0.2448010933916415,24,0.10839177896657425,0.08609996675898701,11,-0.8119680808397571,4.139030745833715,CAMELS-GB
65008,0.20170343697844348,0.46000873189753244,24,0.22481101522077243,0.12185934698860146,10,-0.11456214424744049,2.7747295559957887,CAMELS-GB
66001,0.4597521979660954,0.7241706814616724,24,0.39915390897472913,0.43660195275265606,16,0.13180641497625878,12.456848254301075,CAMELS-GB
66004,0.4330615393406562,0.7393735137352374,24,0.34395423536356384,0.17693596262189337,16,0.20576129691119605,36.43204233304189,CAMELS-GB
66006,0.012984301983097144,0.09179943508065544,24,0.1111285149272223,0.22489057416074718,13,-7.558682251220626,6.571034621164884,CAMELS-GB
66011,0.13698166179339794,0.3744806269660588,24,0.16779089050287882,0.0712535636706142,11,-0.22491498720426373,3.52215428067336,CAMELS-GB
67001,1.0193038182046765,0.9442567427699315,24,1.6314227819566172,0.9638704310668789,14,-0.6005265091914205,7.325944372017028,CAMELS-GB
67005,0.20251145023727748,0.48624642158209097,24,0.3500240386800657,0.46607726934132343,14,-0.7284160390434788,8.285021513508472,CAMELS-GB
67006,0.013663416725807011,0.1085263421114963,24,0.16864028072946935,0.2403210023150747,14,-11.342467781938257,6.853963521549908,CAMELS-GB
67008,0.1184503906529687,0.34744162570412723,24,0.2015437686465018,0.11752049069362103,17,-0.7015036213512948,13.656639837814168,CAMELS-GB
67010,0.20406217052209388,0.4541155538896729,24,0.14236039874496548,0.06064463530714259,9,0.30236751681737073,2.6356689420025385,CAMELS-GB
67015,0.5482462160012643,0.8151866240569076,24,0.7649709795850106,0.777941652939401,14,-0.3953055347366894,7.998689639566336,CAMELS-GB
67018,0.18861718804505237,0.4390413588159862,24,0.165808131829579,0.08125759569821998,10,0.12092777149251799,2.94844108551066,CAMELS-GB
67025,0.031888506045787635,0.07456119848997242,24,0.09550509677657311,0.1834306055748445,16,-1.9949693045964758,10.937957474768384,CAMELS-GB
68001,0.46421929387975774,0.511549988603529,24,0.598216425300169,0.24164639217468664,17,-0.28865050028515027,16.78518269361507,CAMELS-GB
68003,0.08708262270268236,0.1594279982517613,24,0.4730772103711422,0.6385804362014682,16,-4.4325099048328305,40.29221040757512,CAMELS-GB
68004,0.17131881439654875,0.33353107082718947,24,0.268295343808461,0.4489970029540595,16,-0.5660588403760622,19.524507109384405,CAMELS-GB
68005,0.14395014836325812,0.37023819795406937,24,0.3938613165863429,0.3573558642288106,17,-1.7360952459210677,26.500665127884368,CAMELS-GB
68020,0.14639474758817095,0.3496161660730514,24,0.1112640004122465,0.2543089504388379,16,0.23997272958693971,13.19156580716636,CAMELS-GB
69002,0.045016723027271714,0.2179908696329672,24,0.17168695634669143,0.07490072694922864,12,-2.8138483834703214,4.4728891138698375,CAMELS-GB
69007,0.01984101050821986,0.07299589698464339,24,0.06410653640149841,0.17070059817442024,16,-2.2310116652042464,11.857206707396276,CAMELS-GB
69012,0.060682270978994014,0.16417625965853816,24,0.14781831020630984,0.2781594250101439,16,-1.4359389953859694,15.383780549686229,CAMELS-GB
69015,0.043224754371966156,0.17740192633094537,24,0.14154751444972977,0.2668015346027257,16,-2.274686380671068,15.949276261102254,CAMELS-GB
69017,0.01121870399561844,0.07190238690451907,24,0.04091160977359271,0.11811961109611291,15,-2.6467322597664658,10.308231582460513,CAMELS-GB
69023,0.03319218627598725,0.15794207903951335,24,0.07144488086641305,0.08152496429933562,14,-1.152460831364385,6.979734300076093,CAMELS-GB
69027,0.04849140668208687,0.22155206696121987,24,0.06638170025572591,0.12195540745274636,15,-0.368937401443705,8.746396362058736,CAMELS-GB
69030,0.02379935623094359,0.053849879717347504,24,0.1159705484892454,0.07008019984543279,15,-3.8728439275370867,8.709231618526394,CAMELS-GB
69032,0.04546921431526804,0.1562904416642781,24,0.05618552000491455,0.19731358304807511,15,-0.235682666855497,10.4159456792849,CAMELS-GB
69043,0.11929539012474379,0.30409504033946233,24,0.09740915024634476,0.027234004506477172,11,0.18346257852472925,3.699372267428684,CAMELS-GB
70002,0.04719472317707699,0.04550192706357665,24,0.07256186221481095,0.21420440583268355,16,-0.537499477273236,12.885375253082028,CAMELS-GB
7001,0.011190814167154685,0.0635203601076443,24,0.3954066408653338,0.21658988364132203,11,-34.3331433226603,3.631376758476159,CAMELS-GB
7002,0.013422854898016935,0.04264853880003029,24,0.40362470343375256,0.2520593383321985,11,-29.069959520562445,3.803193552167482,CAMELS-GB
7003,0.1413284948668726,0.34394501679378214,24,0.3261325704052159,0.1607010090768936,14,-1.3076207718225787,7.754337931997679,CAMELS-GB
7005,0.09459180725622697,0.2906290067666566,24,0.7785208876005671,0.5514403770631391,10,-7.2303204704794055,3.188696998287309,CAMELS-GB
7006,0.16238764035831835,0.3756303669237035,24,1.2165319525296643,0.7390844927624745,10,-6.491530450502954,3.046280277359533,CAMELS-GB
71001,0.044711789139968004,0.19141189449376994,24,0.14410227309950488,0.07926100653474344,11,-2.222914490144869,4.128562525149719,CAMELS-GB
71004,0.06667680958207324,0.24652814950235447,24,0.08879598451313069,0.05056350909849394,11,-0.3317371522377761,4.149081577103438,CAMELS-GB
71006,0.050241582419013074,0.14941554905790808,24,0.22961699256312934,0.149464939377554,11,-3.570257971736071,3.925112873470136,CAMELS-GB
71008,0.08464118261905569,0.30471457715291694,24,0.17173547441081247,0.06215756205688805,11,-1.0289824538929446,3.719750353794944,CAMELS-GB
71014,0.11117156809325741,0.3176728740897895,24,0.15094948346164902,0.08351073370332296,11,-0.3578065511770374,3.5980688504730294,CAMELS-GB
72002,0.042400364726789465,0.18403191658215376,24,0.10826526120512106,0.09820851922509688,13,-1.553404007317813,5.663821275434835,CAMELS-GB
72004,0.06874049739671786,0.26013823353526383,24,0.1306417740483254,0.053029292605373146,11,-0.9005066735895209,4.026168528538155,CAMELS-GB
72005,0.12753486015849144,0.31611780746529594,24,0.1267082665078683,0.06978690713815483,11,0.0064813153799354595,3.7490793912173297,CAMELS-GB
72007,0.14783436227554433,0.34446869792122103,24,0.13933229768487282,0.19481162962283818,12,0.05751074689134017,4.304781020075652,CAMELS-GB
72009,0.08329273339966528,0.26558120103491306,24,0.2228303476547412,0.04563088044300023,11,-1.6752675600826983,3.624557503541797,CAMELS-GB
72014,0.061142666981887084,0.2427720543340085,24,0.13492430464978983,0.13365532815727654,13,-1.206712780287452,5.44254649525858,CAMELS-GB
72015,0.14632779156063996,0.3518727625594643,24,0.09034516135888668,0.0412172083919391,10,0.3825837156747727,3.3896458726957808,CAMELS-GB
73005,0.07729880374240321,0.26596947125938564,24,0.13370245466170957,0.1605451284888065,12,-0.7296833610423061,4.607476840490772,CAMELS-GB
73009,0.1481243906600428,0.3792887135585306,24,0.2224037400188381,0.1268927516475004,11,-0.5014660247904228,3.4301636425741338,CAMELS-GB
73010,2.138567728565505,1.4783099924064929,24,2.5299745712489257,1.398967771712771,14,-0.18302288838238767,8.089193241712273,CAMELS-GB
73011,0.10054157355218558,0.29871045090478504,24,0.08007285484673324,0.11405364312655542,11,0.2035846265607546,4.18523475847893,CAMELS-GB
73014,0.13251594577577422,0.26464707434459184,24,0.26097879893726245,0.16671251474189452,9,-0.9694143026293296,2.7304633657815445,CAMELS-GB
73015,0.027879460864109442,0.16912719653211386,24,0.11387063103790339,0.0461374196630932,12,-3.084391430413006,5.094875713179951,CAMELS-GB
74001,0.15124518979992013,0.39527446150021334,24,0.19228714539761702,0.053534522021039053,10,-0.271360402615056,3.0285224848850683,CAMELS-GB
74005,0.03236483065175726,0.1638523215378742,24,0.386386769143335,0.29417014529994046,12,-10.93847646851061,4.780814659371853,CAMELS-GB
74006,0.13373671816004137,0.35089052992907754,24,0.20284529867540718,0.11045204723180524,11,-0.5167509825735688,3.46365977355362,CAMELS-GB
74007,0.12052457899214354,0.3619514285254386,24,0.2575068448706469,0.07597506584087783,10,-1.1365504615239734,2.95080912872604,CAMELS-GB
75003,2.372913347428114,1.4142755299191923,24,2.690111104433964,1.2832764157808005,14,-0.1336743953796904,8.336861683551291,CAMELS-GB
75004,0.24729924136475592,0.47372938177976,24,0.9942713058987938,0.6634795154745247,13,-3.0205190295439914,5.4010847611440855,CAMELS-GB
75017,0.023485029854482514,0.10008443304123923,24,0.12457760158782845,0.0726798363946834,13,-4.304553682057624,5.591423102603168,CAMELS-GB
76003,0.05275565432590557,0.2406002899518054,24,0.19345060871735006,0.352791306881445,15,-2.6669170573125935,8.665318942618017,CAMELS-GB
76005,0.05130980247014455,0.20644936594073734,24,0.20521355248976655,0.05834538962169079,12,-2.9994999514795135,4.376779659223849,CAMELS-GB
76007,0.012190006576791692,0.07314275613498417,24,0.20130421289507672,0.17139590897442536,13,-15.513872377914524,6.259095641427166,CAMELS-GB
76008,0.04998032454028837,0.2210678640045008,24,0.31001899421356743,0.10637097896742242,11,-5.202820751267149,3.519587044584574,CAMELS-GB
76011,0.19770013259498787,0.3576075585031027,24,0.37630933727871274,0.23715781916208906,8,-0.9034349261142227,2.044212175260957,CAMELS-GB
76014,0.12405030200246042,0.34165556031156247,24,0.22398011763237696,0.09777597738679887,10,-0.8055588258699646,2.984593728313338,CAMELS-GB
77002,0.048358961165632326,0.22555922048761515,24,0.10713748978167152,0.09712029066448279,12,-1.2154630124232657,4.994341860414479,CAMELS-GB
77003,0.12400369982188342,0.35589260761345753,24,0.12373932723560613,0.10998437332542048,10,0.0021319733738350832,3.35590686718305,CAMELS-GB
77004,0.11210734444155823,0.3239351329805295,24,0.13627524518220968,0.06786410150772659,11,-0.21557821087493712,3.694234309663564,CAMELS-GB
78003,0.01332898038022546,0.09009765519696969,24,0.18818609607269515,0.19259984737474067,13,-13.118566514801335,6.338484499718144,CAMELS-GB
78004,0.11173099907577272,0.33629609907509805,24,0.09046149077503172,0.10724009135359891,11,0.19036353811100026,4.130843253621393,CAMELS-GB
78006,0.03991484447682397,0.17112326012198456,24,0.16648405016030693,0.1502723234440212,13,-3.170980805323536,5.382428335769264,CAMELS-GB
79002,0.01861048887034222,0.08864575887339592,24,0.13038629467456075,0.15911672819631736,12,-6.0060649982357575,5.299719424327446,CAMELS-GB
79003,0.030645366357405158,0.10711068545251513,24,0.5149453006475461,0.28881220714330513,12,-15.803365789200772,4.36253627607507,CAMELS-GB
79004,0.09672071490262753,0.32144248868417036,24,0.09487193254189531,0.10811663752519518,11,0.019114647390617967,4.14887419352476,CAMELS-GB
79005,0.04166697134813504,0.19845145782068782,24,0.10817897346640741,0.13397971681664028,12,-1.596276378298596,5.211605682793087,CAMELS-GB
79006,0.025715142869520095,0.0804946403107685,24,0.27302691847540067,0.12967583975676486,12,-9.617359579169081,4.561870499159313,CAMELS-GB
80001,0.055112860608834725,0.2354463779855681,24,0.11021764317673476,0.12465305355568401,12,-0.9998534272972686,5.144816875651789,CAMELS-GB
80002,0.2503852459476756,0.45441980187731923,24,0.6078652652139157,0.45914778444150384,14,-1.427719983712398,7.357170989969169,CAMELS-GB
80003,0.20220584719643905,0.48082547658918634,24,0.23057050455618786,0.10905610824574807,9,-0.14027614805912658,2.423182061793823,CAMELS-GB
80004,0.24156268465655215,0.5375114095655571,24,0.25094320307074064,0.19851104161299193,9,-0.038832646803563575,2.360264409755892,CAMELS-GB
80005,0.19572910109320807,0.47091342568947714,24,0.19789467394165422,0.15190669769790055,9,-0.011064133214482519,2.4954890837511607,CAMELS-GB
80006,0.746777502967217,0.8773473592855299,24,1.455282340326723,0.914269496880442,14,-0.9487495733928246,6.917125684306505,CAMELS-GB
8004,0.009580208059407881,0.0470630608159423,24,0.2529232299308986,0.13284196840702459,12,-25.40059885573413,4.806791180728406,CAMELS-GB
8005,0.8267398890475494,0.7757840209982183,24,1.3059801855120734,0.6669917575026033,15,-0.5796748201137794,8.69357074461873,CAMELS-GB
8006,0.22258947912041063,0.38478526639794136,24,0.4402683421675362,0.33683823311815686,14,-0.9779386874317242,7.861766974532728,CAMELS-GB
8009,0.009598463693830555,0.07520567917899029,24,0.24740346724976212,0.13555055502127872,12,-24.77531937832734,4.723888909135734,CAMELS-GB
8011,0.05330684145889008,0.17570525582583824,24,0.10637433603193343,0.17971293246329714,14,-0.9955100156134498,7.49246871642623,CAMELS-GB
8013,0.031219160778741817,0.14671617718354465,24,0.21627950499525414,0.1195100566019418,11,-5.92778087560016,3.839747015099956,CAMELS-GB
81002,0.04810070949819487,0.13832225568891607,24,0.3836061857698564,0.1368699809230144,11,-6.975062941311758,3.640443902769506,CAMELS-GB
81003,0.12803669498954295,0.3699435906626083,24,0.32125947676876876,0.11683810425679264,10,-1.5091203486235467,2.8160102308376387,CAMELS-GB
81004,0.05852493774025908,0.23035210244583568,24,0.7526377988126435,0.4106245900177815,12,-11.8601213067999,4.346587351845768,CAMELS-GB
81006,0.11647926096426046,0.2666128808329279,24,0.41034622912615665,0.13475023799132088,10,-2.522912368512227,2.83707365136359,CAMELS-GB
81007,0.19521280816816114,0.467302167570761,24,0.2752185841296161,0.12950725383891648,10,-0.40983876371747074,2.800313925313981,CAMELS-GB
82001,0.03086565660269908,0.16052855780683412,24,0.16935622085235646,0.10319969220857997,12,-4.4868821691467575,4.747148319435463,CAMELS-GB
82003,0.06448428679994585,0.2698265152422793,24,0.17196984951870986,0.05769437914936826,11,-1.6668489030858642,3.920985305505454,CAMELS-GB
83003,0.05179166194672539,0.20988708598589653,24,0.3245303177557332,0.10101755951423341,11,-5.266072675743748,3.5373173511605787,CAMELS-GB
83004,0.05041631393655523,0.21563208961635866,24,0.3052340826156953,0.07501438824770412,11,-5.054272095334204,3.5689758119080164,CAMELS-GB
83006,0.03964177279844563,0.15157304355967846,24,0.30159829568994123,0.11008184999755155,11,-6.608093039213601,3.714349568941804,CAMELS-GB
83007,0.0734220122465984,0.1851448757618269,24,0.2588803361915241,0.1738338300335824,10,-2.5259226527602814,3.249248077426089,CAMELS-GB
83009,0.1111779708578187,0.32791687122349406,24,0.3090385816990806,0.14755583335188696,10,-1.7796746002344146,2.850662125467626,CAMELS-GB
83010,0.07450000830941454,0.22449008246063726,24,0.2548986408307814,0.11616007394035507,10,-2.4214578845700605,3.1905233602195344,CAMELS-GB
83013,0.060630275998691245,0.18456577918051137,24,0.24780591869048657,0.14023894172872195,10,-3.0871646155105026,3.334109838787982,CAMELS-GB
84001,0.04891154243930867,0.2199196051448433,24,0.4780372292362778,0.3303459039225691,13,-8.77350550392977,5.54240823110813,CAMELS-GB
84004,0.005851708121764378,0.037339293217279045,24,0.22421462916120388,0.16757145934757628,14,-37.316099247547534,6.879227626030014,CAMELS-GB
84005,0.10284904425388391,0.19399716593245753,24,0.47459571512488236,0.20390221899438354,13,-3.6144883364529665,6.168768887285475,CAMELS-GB
84008,0.0431545593269137,0.18320228771970049,24,0.08001171188207436,0.10869796525900854,13,-0.8540731994492732,5.857693681406204,CAMELS-GB
84009,0.03301701512369423,0.18808660636051042,24,0.08632297195154838,0.11739431477256279,13,-1.6144995732700202,6.313844633229106,CAMELS-GB
84012,0.03421169134923869,0.1288728722279603,24,0.2874818927055402,0.11945118100284594,12,-7.40303069996969,4.313599613877423,CAMELS-GB
84013,0.1340314559859593,0.1900269170906212,24,0.5468997778019017,0.2121535477155816,13,-3.0803837709499557,6.152549742361315,CAMELS-GB
84014,0.05421923930313625,0.2026144838272946,24,0.20693176762138615,0.051126842340246004,11,-2.8165745274374667,3.846146927055436,CAMELS-GB
84016,0.020573516995895883,0.07305996367922893,24,0.3025867210975767,0.14379930734299773,11,-13.707583596812269,3.92677236103038,CAMELS-GB
84017,0.3600697543851477,0.5902725946921513,24,0.821585183371411,0.6723573456015979,13,-1.2817389502051997,6.291367441048503,CAMELS-GB
84018,0.008161451545203759,0.05602492547306855,24,0.2450261952201879,0.14560770153969357,14,-29.02237945824508,6.811472768371823,CAMELS-GB
84019,0.012595698501187857,0.08111132446729871,24,0.14827718805901746,0.07864467462946556,13,-10.772049644172885,6.173943025587461,CAMELS-GB
84020,0.12186442274270691,0.3336283332096329,24,0.12605105438279285,0.05508693779734223,10,-0.03435483093310343,3.2875713024788604,CAMELS-GB
84022,0.05265276248986676,0.23254237706333855,24,0.21355853769646707,0.08528247798356525,12,-3.0559797358698377,4.362936201840283,CAMELS-GB
84026,0.027664957266763743,0.12289514880231682,24,0.19055733417899565,0.12650505670663598,12,-5.888040069663448,4.5606451353427735,CAMELS-GB
84030,0.09069093420425522,0.2745652774555165,24,0.1983583007862804,0.11078349079313066,11,-1.1871899603496798,3.683745453737895,CAMELS-GB
85001,0.8414542225343146,0.8960271469437016,24,0.7943824130519533,0.897610861713196,17,0.055941022365529336,17.48784457208291,CAMELS-GB
85002,0.08232011395279937,0.2815364535001116,24,0.1232975531481558,0.03789729270363296,11,-0.49778161408829,3.961880590012937,CAMELS-GB
85003,0.1780010389610707,0.43854070506977016,24,0.15529640303469494,0.16092899783112335,9,0.12755338990656861,2.627393815535904,CAMELS-GB
85004,0.15015841011860526,0.3669403741479351,24,0.1754465978485889,0.09204567737444191,11,-0.16841006580989593,3.451618621513372,CAMELS-GB
88001,0.26041305390538116,0.43879614556956725,24,0.2737801046267601,0.13038581100359387,8,-0.05133018687394886,2.073601620526912,CAMELS-GB
89002,0.12864920946292188,0.3086792570237307,24,0.3932516934105339,0.20772819494606187,9,-2.056775047839477,2.365922558533262,CAMELS-GB
89003,0.04681369970992777,0.06569207594585987,24,0.31637895615007466,0.25832243791222603,10,-5.758255769367877,3.35954529350579,CAMELS-GB
89005,0.19244441669124324,0.4853958584052621,24,0.24899577547274396,0.2200534017107495,9,-0.29385814228235785,2.4041836055355046,CAMELS-GB
89007,0.18290639591905453,0.35096189470442857,24,0.08712575068204635,0.24879069453637467,12,0.5236593545881032,4.614041696056665,CAMELS-GB
90003,0.07507682125487102,0.2687186648940162,24,0.14750357210952775,0.0752364638719994,10,-0.9647018832720979,3.391016972560742,CAMELS-GB
9002,0.06942318062306368,0.20192235298923794,24,0.16473032859000492,0.23343416328168679,16,-1.3728432940060138,11.040288027707678,CAMELS-GB
9003,0.09151516903560915,0.22189447488420366,24,0.19938564774368808,0.26264789335009375,15,-1.1787169257820618,8.564282616874618,CAMELS-GB
9004,0.04084751078764109,0.18889972490714232,24,0.29887213171908694,0.36782875257045294,17,-6.316777104800089,22.575935648287828,CAMELS-GB
9005,0.016051679120787657,0.0656829359573006,24,0.4191986503250929,0.22721864112873247,11,-25.115563809284694,3.834521426686508,CAMELS-GB
92001,2.0625528606551593,1.5416259909511125,24,1.9980318287346597,1.3095892499839192,16,0.03128212282520837,11.584171892419798,CAMELS-GB
93001,0.031917801305456864,0.03163576092872484,24,0.3821389483087508,0.277215186958997,10,-10.972596252844582,3.3183374069041403,CAMELS-GB
94001,2.1371920316975954,1.4949680766994735,24,1.8796291358831974,1.1661802724351682,16,0.12051462479476538,12.364080320355908,CAMELS-GB
95001,0.5065919143042342,0.7458236661035043,24,0.6152000250900929,0.6240842869775473,16,-0.21438974393230037,11.63118893097149,CAMELS-GB
96001,0.10417162688610365,0.13876283364560055,24,0.579913942387028,0.38359504118739407,9,-4.56690876126067,2.501277937028119,CAMELS-GB
96002,0.4155883296759962,0.5360650673992254,24,1.055869497927532,0.7222531001664801,12,-1.540662050714264,5.267026313741482,CAMELS-GB
96004,0.14578300876623237,0.31248117237021383,24,0.43797329322282696,0.2951937893472782,8,-2.0042821651810665,2.000152332522834,CAMELS-GB
97002,0.0817615720819535,0.23538188283853415,24,0.5365351198104256,0.37020425617186803,11,-5.562191823716781,4.271070941819591,CAMELS-GB
01013500,2.037797043620733,1.4601549399494793,24,0.9490857094547228,0.9160144125001806,17,0.534258962429154,23.64559654348553,CAMELS-US
01022500,0.9077019350007749,0.8727997194154173,24,1.2774563255282052,0.7000133684021127,16,-0.4073522114141077,7.928251085714825,CAMELS-US
01030500,5.35377250593474,2.492170361226193,24,4.092694845745397,1.7841901125267023,17,0.23554935492522677,12.678597281367196,CAMELS-US
01031500,0.06260096933654061,0.21359993052614262,24,0.4770818487837452,0.3620739861249049,14,-6.620997787094478,5.129484451055302,CAMELS-US
01047000,0.0373895737762179,0.050999523086375065,24,0.37579791134069407,0.3341184928737111,14,-9.050874438684428,4.873344433913068,CAMELS-US
01052500,0.3757909432066646,0.6075185405060395,24,1.7027015455355958,1.01371228576249,12,-3.5309807921560328,3.356520011108401,CAMELS-US
01054200,0.2830798047553243,0.5337015144715215,24,0.26360261992750333,0.25828937508302247,10,0.0688045720699001,2.37313974725134,CAMELS-US
01055000,0.1775584663001716,0.4025628541460261,24,0.29783088561234633,0.20865498230617416,12,-0.6773679780993833,3.16726100026696,CAMELS-US
01057000,0.03903599087167905,0.07829007362054015,24,0.3856927468064014,0.3171330442031645,14,-8.880439517323099,5.038473220059772,CAMELS-US
01073000,0.03200359267091562,0.15065361955402454,24,0.41578323434186615,0.2863885187771394,14,-11.991767474897394,5.29892369683304,CAMELS-US
01078000,0.9775040022192316,0.6520538753683776,24,2.6572318128751933,1.0793723138405087,14,-1.7183845865003806,4.786381672265655,CAMELS-US
01118300,0.05914288130598038,0.15448736322234907,24,0.11162943264368361,0.21123732249891278,15,-0.8874534040057991,6.829437437362975,CAMELS-US
01121000,0.09197054121345395,0.3076140616855174,24,0.14494384990538645,0.1653705953402987,15,-0.5759812652291239,6.073524234139307,CAMELS-US
01123000,0.08297314430782346,0.2530569163741038,24,0.23195102733607081,0.20675029196907382,16,-1.7954952083719018,7.01897177885224,CAMELS-US
01134500,0.30343070600549,0.5382844424153728,24,1.4922055993735885,1.0077165341639431,12,-3.9177804679615713,3.332921590377799,CAMELS-US
01137500,0.12776479337835658,0.2626347706640814,24,0.33737228277950654,0.2885152927734291,12,-1.640573148977186,3.3635840611197385,CAMELS-US
01139000,0.02680961902747662,0.11922880000979696,24,0.16149822052860788,0.34063556997163574,18,-5.0238909162823875,14.04560988464882,CAMELS-US
01139800,0.27699253584528893,0.4935091608866381,24,0.6203563086636774,0.6660060241317209,17,-1.2396138104247347,15.712696330629898,CAMELS-US
01142500,0.06590627916672193,0.12328005486314145,24,0.178315186234123,0.34868232980571234,17,-1.705587213974594,12.684843884089709,CAMELS-US
01144000,0.006093475333513729,0.06402640649343845,24,0.11133734029124032,0.23600999123050787,17,-17.271566585145916,9.785958627376882,CAMELS-US
01162500,0.7446450715080658,0.665766926588675,24,1.5761071448360413,0.6971304381929464,16,-1.1165884327201505,7.008125064059678,CAMELS-US
01169000,0.20916648163803278,0.4724119316479272,24,0.08211129550063859,0.24573169039905257,14,0.6074356901851321,5.465080693088799,CAMELS-US
01170100,0.19490604707240589,0.43970589599617815,24,0.13604616342169812,0.3681697083646272,16,0.3019910594607762,6.955869097586638,CAMELS-US
01181000,0.2677836207629643,0.5096189185185449,24,0.08539400335482702,0.10646615690919897,13,0.6811081905923747,4.021287248155426,CAMELS-US
01187300,0.19988437756731448,0.43365644523036684,24,0.10087429793355791,0.05602888842164238,12,0.49533675837379154,3.6439666577291447,CAMELS-US
01195100,0.05465656983635947,0.21037668162969206,24,0.24003106849533218,0.1329953902972898,13,-3.391623353129912,4.333585688173184,CAMELS-US
01333000,0.02142364431451102,0.1287013237362289,24,0.12412246370972083,0.14481933307590197,16,-4.793713799927501,7.719577286663899,CAMELS-US
01350000,0.2744614346665715,0.49186520578156345,24,0.13616385149976837,0.04904559305629708,13,0.5038871247423649,3.70104648235774,CAMELS-US
01350080,0.203193049422274,0.43024588998164787,24,0.058680148260713307,0.15257821021433599,14,0.7112098645718696,5.144216498627404,CAMELS-US
01350140,0.1896942143744796,0.41283091155943613,24,0.0767938066519366,0.07839280766598189,13,0.595170538515549,4.4457048703681465,CAMELS-US
01365000,0.1476982304578001,0.36885707283011265,24,0.11578774605323536,0.321852586500015,16,0.21605190736311564,7.09536696719667,CAMELS-US
01411300,0.7109924123607884,0.7141059952911308,24,0.8635607057787109,0.9220860940034248,17,-0.2145849811692544,34.02250690410233,CAMELS-US
01413500,0.12304694024539153,0.2954088032457196,24,0.16895028370514154,0.20826091507506334,14,-0.3730555458608342,4.757894452950075,CAMELS-US
01414500,0.1461840818392433,0.35548772049142136,24,0.1117602507856357,0.1497166810521009,13,0.23548275995920698,4.304906171284499,CAMELS-US
01415000,0.1399832267619746,0.3628027248564324,24,0.17561008757315724,0.23510545917908066,14,-0.25450806954008853,4.554102163262897,CAMELS-US
01423000,0.05464745801043306,0.10410244026371195,24,0.42359945868456,0.3523364569047281,14,-6.751494289152264,5.037386819460124,CAMELS-US
01434025,0.3357838787635698,0.5930653128751544,24,0.16859963669377315,0.11980321522992343,11,0.4978924023553658,2.844526357379274,CAMELS-US
01435000,0.33818767677555944,0.5663067331780025,24,0.06730806252921633,0.09976022750113275,12,0.8009742307260777,3.578838303871809,CAMELS-US
01439500,0.11849766725451959,0.2595312785278794,24,0.18018444249796187,0.19875963909744387,17,-0.5205737519789826,12.5052167874456,CAMELS-US
01440000,0.09132992241116906,0.28758085238295483,24,0.17629516424879854,0.2976796912231136,17,-0.9303111137565006,9.870008057839916,CAMELS-US
01440400,0.040242537363967996,0.19571603419402966,24,0.10945431038887193,0.1665775128305793,15,-1.7198660312824647,6.601003424194428,CAMELS-US
01451800,0.023055466061256233,0.11168680501380385,24,0.11431821941729584,0.13361147079431113,15,-3.9583998481558753,6.761192083965945,CAMELS-US
01466500,0.12023865037508145,0.13786187766849634,24,1.2088724880505648,1.0264226005692636,17,-9.053942590668786,44.115462960041846,CAMELS-US
01484100,0.5156100974145775,0.689450910508798,24,1.2090536459928287,1.1781631699230273,17,-1.3448990856761407,21.78658621286693,CAMELS-US
01485500,0.8764589040738054,0.6197208518398608,24,0.9985133600177064,0.5360321762337544,18,-0.13925861826103714,15.986384930580464,CAMELS-US
01486000,0.2613959575342203,0.46274665765761236,24,0.3362049000509731,0.6410203656905396,17,-0.2861901278904029,12.250130633376711,CAMELS-US
01487000,0.1536841583661016,0.3027993328658812,24,1.0353322781280907,0.9113492104514445,18,-5.736753411251109,38.54262442958196,CAMELS-US
01491000,0.3261451632877113,0.5970282232233804,24,0.4940604457405541,0.5690242069123835,18,-0.5148482987151186,13.776138632469973,CAMELS-US
01510000,0.0652084562164873,0.11676386388209958,24,0.6105121842806928,0.41893420098240497,14,-8.362469527783897,4.562054999888316,CAMELS-US
01516500,0.318541688142067,0.49714389991879915,24,0.06514634037478642,0.19812222048665934,13,0.7954856685956544,4.240310708992364,CAMELS-US
01518862,0.1525457137677111,0.3068129876562355,24,0.0748611759720147,0.21457833302828014,16,0.5092541499657635,7.480408771814709,CAMELS-US
01532000,0.21445305024955932,0.45576989314047167,24,0.12996835297700043,0.06240036163465279,13,0.39395428124824494,3.8332023680147,CAMELS-US
01539000,0.05803108010110867,0.21687095282916832,24,0.22023366620358772,0.15254302649106327,14,-2.795098519963274,4.96344941981581,CAMELS-US
01542810,0.09663355744125789,0.047297305501847825,24,0.7596614666533806,0.5973088643900126,12,-6.861259450322603,3.138347959293521,CAMELS-US
01543000,0.0798198374367564,0.0939060014859053,24,0.4884990344125943,0.46324084750691136,13,-5.120020412214525,4.129382347878503,CAMELS-US
01543500,0.09567729595922325,0.2161439275653335,24,0.7105597287634309,0.5479702095540058,14,-6.426628455995084,4.592913826329136,CAMELS-US
01544500,0.19266790008411794,0.4305202941532406,24,0.9594642995607214,0.6595205647680463,14,-3.9798866294895188,4.88047426117315,CAMELS-US
01545600,0.07171141931313173,0.2833061917818399,24,0.27115982579950937,0.2746575663246519,16,-2.7812642448962777,7.79807338525293,CAMELS-US
01547700,0.05857050058855215,0.22088049200083051,24,0.06572453218982421,0.1742900553223868,16,-0.12214393814947777,7.590647419944546,CAMELS-US
01548500,0.06962719134944224,0.22907214581518803,24,0.23591748313837926,0.20892061755147034,17,-2.38829527036881,9.25528414238294,CAMELS-US
01549500,0.05535570336188166,0.21485344046538338,24,0.11240305520323887,0.14303355407795362,14,-1.030559605907572,5.280023351511459,CAMELS-US
01550000,0.12164684734571052,0.2846856718460693,24,0.07414574680583999,0.15496150315005597,15,0.3904836136433214,6.027043416285617,CAMELS-US
01552000,0.07000394027471463,0.2645628537036003,24,0.2067441662299288,0.13511165331155792,14,-1.9533218475789806,4.8105196202232685,CAMELS-US
01552500,0.20468457472521465,0.44257060299977774,24,0.17017870166889368,0.15941265330684165,12,0.1685807203725268,3.375580451192828,CAMELS-US
01557500,0.008827547402372281,0.099295682376019,24,0.11594184768483357,0.1838623342639322,17,-12.134095168231642,8.721251598469241,CAMELS-US
01567500,0.4540883764922701,0.6410043633249803,24,0.3048101185268246,0.464262215210808,16,0.32874274192743325,8.439419975255953,CAMELS-US
01568000,0.19455286767137822,0.49804604597280483,24,0.1756143668749054,0.2969633237518924,17,0.09734372473225172,8.805920321965464,CAMELS-US
01580000,0.8025970276884836,0.8866028826814106,24,1.4988747699092928,1.2777210917811357,18,-0.8675309254833912,21.577784181585034,CAMELS-US
01583500,0.97401852638447,0.9708203312942179,24,1.3551774551914129,1.2300528957458174,18,-0.39132615908425716,16.91143927652151,CAMELS-US
01586610,0.9737739006089541,0.9503064255282557,24,1.3404884609854357,1.1982372222452675,18,-0.37659107534834835,16.74590302292493,CAMELS-US
01591400,1.1372437100362272,1.0250826516071074,24,1.0448589579134273,1.0046685715017791,18,0.08123566770033563,11.419585538094475,CAMELS-US
01594950,0.1566971723914863,0.2546108055686666,24,0.07748316918651209,0.1962535516418588,16,0.5055228629593196,7.448293398981369,CAMELS-US
01596500,0.04272300052725428,0.15873696895035092,24,0.45087018015579877,0.4523531407483831,13,-9.553336015530444,4.452091494230875,CAMELS-US
01605500,0.05238377029766215,0.11075944969369016,24,0.1175535058719386,0.16538868237494872,14,-1.2440825699250007,4.771105714446396,CAMELS-US
01606500,0.08508274360051223,0.28378352243074373,24,0.07053520083909079,0.19355736863203196,16,0.17098111962310836,7.457962422157357,CAMELS-US
01613050,0.06708537472550836,0.2673469836815257,24,0.07024553227316395,0.1978715685573666,16,-0.04710650511510028,8.213180624516648,CAMELS-US
01620500,0.03924677592422433,0.19447045796646514,24,0.7858115875910691,0.5875451958913358,13,-19.022322065595247,3.884775079559184,CAMELS-US
01632000,0.034351902429596716,0.17472113703221379,24,0.2667584386042619,0.2890429743267845,12,-6.765463329170081,3.607764611832185,CAMELS-US
01632900,0.5308266377153203,0.7144577165785171,24,0.6420336122425329,0.772455110113761,18,-0.20949772793213195,13.204839567829058,CAMELS-US
01634500,0.2902272226556053,0.5299721217758696,24,0.14982851999396202,0.4066247006454229,16,0.48375442309299066,7.015006202221777,CAMELS-US
01638480,0.6729591563002267,0.7147792727278975,24,0.431841186333607,0.6502826651514133,16,0.3582951026214286,8.166375175209376,CAMELS-US
01639500,0.6566077846466015,0.8450006032229251,24,0.5923179371111925,0.7486204472332136,18,0.0979121007071383,10.825290354250075,CAMELS-US
01644000,0.4001905095549519,0.634266490121749,24,0.5634940961297091,0.7262257503418242,18,-0.40806461591596865,13.851823566740116,CAMELS-US
01658500,0.6683353745889907,0.8189684412327766,24,0.21807097174015155,0.4777957466322402,13,0.6737102657864553,4.425748694785515,CAMELS-US
01664000,0.1951383929940452,0.43589831790783995,24,0.32168541093472863,0.53430952720594,17,-0.648498821780013,12.760202470862447,CAMELS-US
01666500,0.28664302164571875,0.5075351146353242,24,0.17044601388442723,0.3794204667142915,16,0.40537183530289167,7.957963822893727,CAMELS-US
01667500,0.20469100641741353,0.44308352347283214,24,0.19676660048563596,0.4220145778667738,17,0.03871399174039836,9.272733623807548,CAMELS-US
01669000,0.3033968811797176,0.41379939874272165,24,0.9271378899114584,0.9136655805482103,17,-2.055858340752906,23.50078963209799,CAMELS-US
01669520,1.6091197576124407,0.7908032982714975,24,1.1372956681638304,0.5223218297106502,17,0.293218753431185,18.883711451331543,CAMELS-US
02011400,0.07433114955283349,0.2899853637873853,24,0.05586604821883477,0.15212204044399164,15,0.24841673302622602,6.70631918922851,CAMELS-US
02011460,0.12434999672740081,0.3624817362233085,24,0.293794413212677,0.25210860590042344,12,-1.3626411012839115,3.107305502014173,CAMELS-US
02013000,0.12078760922602555,0.3714936580721618,24,0.08882638320866831,0.15911437822775837,14,0.2646068269929023,5.152850407753758,CAMELS-US
02014000,0.05397262601682207,0.18810256954970087,24,0.13942094595565502,0.20351706873247435,16,-1.583178849074355,7.673994108006981,CAMELS-US
02015700,0.17356667056753916,0.3875075748838514,24,0.054201764206136774,0.18019665148637684,14,0.6877179009719755,5.327598346963997,CAMELS-US
02016000,0.029124931990673227,0.0969756816671645,24,0.2555791778592668,0.12398954913100778,14,-7.775271232946116,5.270654268137951,CAMELS-US
02017500,0.07955535679916556,0.24066284911773914,24,0.10425310162769699,0.27753801321533295,16,-0.3104472888089729,9.470511962136335,CAMELS-US
02018000,0.04640495294500079,0.17929388813242958,24,0.16570291960151684,0.18556263060811912,16,-2.570802448564233,7.425420309882119,CAMELS-US
02027000,0.1717795886259532,0.3746227816581508,24,0.20045265017412026,0.3868188044773421,18,-0.1669177448701551,11.244903074925162,CAMELS-US
02027500,0.09502979562970411,0.2874290871110079,24,0.06297061585645994,0.2313629008904593,16,0.33735924149691865,7.510721311686057,CAMELS-US
02028500,0.15990970703378446,0.39727616073424454,24,0.2796290752521805,0.5083006651851815,18,-0.7486685482645696,13.184343846606264,CAMELS-US
02038850,0.8266216686067932,0.8665437782026555,24,0.5655545453264242,0.7538263369587488,16,0.3158241952698595,8.203510313716857,CAMELS-US
02046000,0.24566869075897402,0.3424598237762784,24,0.3574415707054717,0.46366259469363197,18,-0.45497405306791117,10.819394333597366,CAMELS-US
02051000,0.6941878717116517,0.7731447384489573,24,0.20307510937364215,0.4593779835927325,13,0.7074637606777514,4.373758328269514,CAMELS-US
02051500,0.6283586850058648,0.6818468866998371,24,0.8013696840165458,0.5563401897128201,17,-0.2753379608480564,9.600020822995086,CAMELS-US
02053200,1.1226210560723637,1.198489396372776,24,1.117452199469072,1.0520839646387945,17,0.004604275481323694,9.59556879107302,CAMELS-US
02053800,0.2514712502147319,0.47698244304343046,24,0.2768118300362848,0.5317851957662021,18,-0.10076929191672823,11.17857687617965,CAMELS-US
02055100,1.0268406009003748,0.9468196832755169,24,0.5552851131459676,0.7297941247710281,15,0.4592294922317335,6.5357977482006415,CAMELS-US
02056900,0.39973479120258126,0.6121630370124388,24,0.4637085143041454,0.6993354521809069,17,-0.16004041807094782,11.836774737080235,CAMELS-US
02059500,0.6713576121795711,0.8064217707388953,24,0.45370454578743785,0.681026734932271,16,0.32419840401529043,8.278302832017285,CAMELS-US
02064000,0.4713568404923371,0.6995175738511411,24,0.24374297062009292,0.5139537024884084,15,0.4828907747143314,6.6720778352350845,CAMELS-US
02065500,0.3072962798809822,0.5420429710802412,24,0.3509074166251575,0.4868232993681064,17,-0.14191885681488303,9.828710560703271,CAMELS-US
02069700,0.5998522857708112,0.768405371040548,24,1.159609500762366,1.0959891307588903,18,-0.9331584262820067,20.35374324837868,CAMELS-US
02070000,0.7051998952846205,0.843836296185047,24,0.6582036408075105,0.8460850458866811,18,0.06664245810493519,11.238910348554011,CAMELS-US
02074500,0.6919829179061141,0.7407576555779631,24,0.2335294054326921,0.4291922541691992,14,0.6625214302408884,5.059266559747993,CAMELS-US
02077200,0.5242063176406955,0.6219541175372028,24,0.09007350486726821,0.2752105882033497,12,0.8281716533431653,3.2365594710154264,CAMELS-US
02081500,0.20431363267156702,0.41074075601528404,24,0.20679542138688145,0.45811136103815475,15,-0.012146956044308155,6.409631380053408,CAMELS-US
02082950,1.6459276900368776,0.6081365379242081,24,2.780183136377328,0.46881550060675575,16,-0.6891283579505472,7.168773364259703,CAMELS-US
02092500,2.345691000676124,1.476474979047787,24,2.0661978881262546,0.7044476863230982,17,0.11915171796682,11.653646713621646,CAMELS-US
02096846,0.5034111020989875,0.665148437596197,24,0.11690421847127133,0.3349851961422208,13,0.767775843671632,3.925738461992178,CAMELS-US
02102908,0.6672929208835132,0.768136354956064,24,1.4427624162143928,1.3441796151397607,17,-1.1621125761444282,22.161077991059983,CAMELS-US
02108000,3.921326290148626,1.9534545766241889,24,3.067986708037514,1.1330991446350378,18,0.2176150411800516,16.423746101601413,CAMELS-US
02111180,0.5488874698133855,0.7448574283653863,24,0.8487614555109889,0.9664682954519881,17,-0.5463305362018129,15.571709555313411,CAMELS-US
02111500,0.7595822756359872,0.8671894074049319,24,1.6448864411028703,1.3739372076893543,17,-1.1655145122042647,23.286567664604583,CAMELS-US
02112120,0.6655100700433527,0.8109788777210059,24,1.4794584870241592,1.298656322835729,17,-1.2230444791433195,22.75487229237197,CAMELS-US
02112360,0.598243934288806,0.7454474705465746,24,1.4186576795281403,1.2566373258607464,17,-1.3713699349323858,23.206728835671488,CAMELS-US
02118500,0.6478449282875852,0.762651205199549,24,0.9319636053796192,0.9957506116364152,17,-0.43855969953030294,14.89109109797275,CAMELS-US
02125000,0.6509498133497084,0.7799959807405877,24,0.2583202026826988,0.5224038018581445,14,0.6031641804251936,5.145703470970485,CAMELS-US
02128000,0.40719526251550525,0.6621088780853689,24,0.2074781778982361,0.4748029809465605,14,0.4904700594586713,5.397616642493614,CAMELS-US
02137727,0.5482485207720548,0.7192111833914433,24,1.0620342865762604,1.101395325576334,17,-0.9371402682139152,18.65260128891398,CAMELS-US
02140991,0.418041422979661,0.6242816208754539,24,0.5671870638837575,0.7626847324975722,18,-0.3567723979146269,13.622666429841312,CAMELS-US
02143000,0.6225170546487228,0.773808182306352,24,0.8620450361314225,0.9664167633562066,17,-0.3847733643504143,14.316793882915302,CAMELS-US
02143040,0.6255983182723984,0.77921008031185,24,0.8679248781047106,0.9350118780003631,17,-0.3873516803905446,14.410899222149045,CAMELS-US
02149000,0.5025865860672528,0.6912635612049837,24,1.6299354035867328,1.3331978420084003,17,-2.2430937250852647,28.69518226744784,CAMELS-US
02152100,0.6909423419807369,0.8163136662126077,24,0.852617429396671,0.9343905829025897,18,-0.23399215476136126,13.87666718360292,CAMELS-US
02177000,0.27609276000491456,0.5001399871806015,24,1.4853437304918897,1.2721640369066,17,-4.379872078012657,35.21184730458109,CAMELS-US
02178400,0.2467063723985479,0.47351921211192577,24,0.9963269637275111,0.9942531195044694,18,-3.038513290276791,26.49127938679677,CAMELS-US
02193340,0.7145947146790639,0.8663959916398871,24,0.30724383170591,0.5599335266922061,15,0.570044634539596,5.589044219973044,CAMELS-US
02196000,0.31646834110665867,0.6033419369672408,24,0.6229922895181274,0.5343757055214242,16,-0.9685769746812101,7.502481993402693,CAMELS-US
02198100,0.32143069579100775,0.49465590911549656,24,0.4721955183555449,0.6989002240801033,18,-0.46904301468010234,13.027254941473258,CAMELS-US
02202600,0.6545926157979923,0.7040551359281966,24,0.46567636177873606,0.359592723008931,18,0.28860126047855683,20.934812587744613,CAMELS-US
02212600,0.23098052625622242,0.4762052804832687,24,0.2003421598391072,0.37360210161812824,15,0.132644803065037,5.842970816856527,CAMELS-US
02215100,0.20740322303243508,0.41542139681956447,24,0.5139337939517508,0.6622362312631442,18,-1.4779450696934369,20.98145930228595,CAMELS-US
02216180,0.28845588631986757,0.4984006561068815,24,0.4837757082320801,0.6171212190787848,18,-0.6771219835521858,17.269886508819596,CAMELS-US
02221525,0.4856714971377217,0.6616197253736982,24,0.645224167456182,0.7004250610712127,17,-0.3285197324915612,14.9824472005791,CAMELS-US
02231000,2.526517862091993,1.5872845126352495,24,1.9661251182408193,0.9035973072580156,17,0.22180438628965815,14.276082351485815,CAMELS-US
02231342,1.2103530374490703,0.9556271225252018,24,1.3152724502847275,0.4347826098728347,18,-0.08668496677364845,11.056094772953964,CAMELS-US
02235200,1.3480732936208462,1.0510906872137311,24,0.07725904395294271,0.22224901024274435,17,0.9426892852795641,41.94203424510472,CAMELS-US
02245500,0.1536022999233528,0.33718345081779444,24,0.3091477255835182,0.1794012817538132,16,-1.0126503687625914,8.084414048278125,CAMELS-US
02246000,0.6579072879771695,0.45931906095005265,24,1.610435971959314,0.6159882699245679,15,-1.4478159786173381,5.999569991644105,CAMELS-US
02296500,1.9089989317025209,1.4939131500428826,24,0.6158059721888922,0.8007481204488762,17,0.6774194254578801,24.10299078863704,CAMELS-US
02297155,0.047817124587729215,0.23181910736965322,24,0.14237813056257,0.06639223264041783,17,-1.9775552543179677,9.614775540202508,CAMELS-US
02297310,0.8661965409365519,1.0469432427169019,24,0.4232630813011187,0.4892532914395474,18,0.5113544544480899,17.118941900966245,CAMELS-US
02298123,1.211960778187945,1.0957426779698964,24,0.7673724666381428,0.48520172055759736,18,0.36683391042944913,19.995484027682924,CAMELS-US
02298608,1.2767922831012692,0.8731852557228671,24,1.526325529207543,0.4641015174024325,17,-0.19543762083223837,9.345560706162502,CAMELS-US
02299950,0.011972403522345347,0.1101864485710545,24,0.36612328864638494,0.14896344511402548,15,-29.58060045863396,5.654756262604836,CAMELS-US
02300700,0.2859931703536899,0.13212868933206603,24,1.3640219676802157,0.6693368307033064,13,-3.769421472524395,4.29029989982487,CAMELS-US
02310947,2.851228082828678,1.6934839733725564,24,0.6505786192588463,0.8539936461218911,17,0.771825122242268,35.883274016033766,CAMELS-US
02312200,2.000409498661718,1.4646887730554805,24,0.03393674566325002,0.15818671398586737,15,0.9830351007201507,69.51299571189719,CAMELS-US
02314500,4.010607192495871,2.0746578658700505,24,0.6585903397997599,0.7910943069959872,16,0.8357878724617986,58.56189193675935,CAMELS-US
02315500,2.722435464546086,1.5485802032654532,24,0.5904135047786881,0.692498378167851,17,0.783130394653036,48.676760447751086,CAMELS-US
02324400,0.7942537059682665,0.9674072930803154,24,0.14013936306414518,0.24801666041237924,17,0.823558439814514,42.7013386808651,CAMELS-US
02327100,0.5227007562437122,0.7811110112238348,24,0.4711679924428156,0.6152578831031938,17,0.09858941886984585,10.000598666317876,CAMELS-US
02342933,0.23091832388464037,0.5382052907095849,24,0.19643236339392559,0.33588771012997903,14,0.1493426762786607,4.635852806590568,CAMELS-US
02349900,0.204058947796686,0.4137159810998939,24,0.42503576490038536,0.5343337734364701,18,-1.0829067751729733,13.483233758277152,CAMELS-US
02350900,1.5400451585824093,1.076198698875499,24,0.8849214008308262,0.7108604570079889,17,0.4253925633938005,27.523667229830444,CAMELS-US
02361000,0.5065418317001288,0.6479740932867913,24,0.670451333793661,0.4163048820043068,18,-0.32358532274303076,11.012336386984307,CAMELS-US
02363000,1.1581361217457276,0.6787275485759342,24,1.1135455838316923,0.42649881333830775,17,0.03850198355511203,12.040083137621442,CAMELS-US
02369800,0.18686230784098248,0.41116766987596026,24,0.5040830810629374,0.33482268307294605,15,-1.6976177640485202,6.508170704866307,CAMELS-US
02371500,1.2163590786167269,1.2234808760763576,24,0.7478061218043678,0.6930241942137175,17,0.3852094048948185,15.028123880034688,CAMELS-US
02372250,1.5927256619943073,1.065726558890153,24,1.5903435105999209,0.41380321548943666,18,0.0014956445113113448,11.112773047505534,CAMELS-US
02374500,0.4372132392450128,0.6286397237118964,24,0.6705098940183755,0.7921623779347146,17,-0.5335992459336849,18.611744771435024,CAMELS-US
02381600,0.6290480521466452,0.7977871301794714,24,1.0107266051157546,0.95877433041304,18,-0.6067557981725245,16.76358406798165,CAMELS-US
02384540,0.2872430351832923,0.5321129778827441,24,0.24046250395596297,0.4828786240947379,17,0.16286045437961016,9.221172253702996,CAMELS-US
02395120,0.4735124080948425,0.6817867320781876,24,0.5388931078553434,0.7025480092318275,17,-0.13807600105677786,11.75458410038066,CAMELS-US
02408540,0.4160955647909394,0.6412051419529752,24,0.5061116598615362,0.6899818364203322,17,-0.2163351467488579,12.192561085051723,CAMELS-US
02415000,0.48035358532341527,0.6608676990009582,24,0.6344942603687158,0.7924451534231183,18,-0.32089002716929826,13.516581327155,CAMELS-US
02422500,0.30669549581357447,0.6000861780258567,24,0.40879210324258597,0.5654383977143187,17,-0.33289242529688523,11.893174111579626,CAMELS-US
02427250,0.7150522021177462,0.28768642861992993,24,2.423285423238508,0.6167020340818374,14,-2.388962954119356,4.766635072002623,CAMELS-US
02430085,0.2077101078303666,0.47621608395113074,24,0.0816780883330822,0.1582683474311879,13,0.6067688318770345,4.358976156812734,CAMELS-US
02430615,0.5571838276954085,0.7223171522413631,24,0.4788895089369374,0.7521330869070334,18,0.14051793118674594,10.520102882018785,CAMELS-US
02450250,0.18898565540411696,0.43687496936569326,24,0.371025806738968,0.3896246157451785,10,-0.9632485118808938,2.302954801539733,CAMELS-US
02464000,0.1123976786455164,0.2801102754784525,24,0.75663477968303,0.24495486897396113,14,-5.731765182351588,4.947066600221254,CAMELS-US
02464146,0.4127752584433724,0.5671450269851221,24,0.07428053922331976,0.23141023964336305,13,0.8200460475672863,4.023988439416166,CAMELS-US
02464360,0.12498167373810176,0.3770252293514445,24,0.1890696927627842,0.22406834315985627,14,-0.512779330823961,4.573459240740926,CAMELS-US
02465493,0.24508631350773424,0.5347059159951153,24,0.26016004306464774,0.4527337165905282,17,-0.06150375898667959,9.72992469035583,CAMELS-US
02469800,0.22580916324609146,0.46545550047678713,24,0.44793261119734085,0.3514298157783471,16,-0.9836777425598744,8.016980959927047,CAMELS-US
02472000,1.2517266082185348,1.175215250398739,24,1.3759799727537612,1.1445665447321478,17,-0.09926557741875008,8.708397871818482,CAMELS-US
02472500,0.8818738686300666,0.4840990853945654,24,1.9281805560229013,0.6125947612831756,15,-1.1864584319957272,6.04902369266569,CAMELS-US
02479155,0.12665506401309845,0.3745614801052747,24,0.20897569800563734,0.21630970104373934,12,-0.6499592782490358,3.5605214690355704,CAMELS-US
02479300,2.229891702971256,1.1990219568216844,24,2.888244135713562,0.8473563728529276,17,-0.2952396440890259,8.63356017721752,CAMELS-US
02479560,1.8061279939387695,1.208067263835552,24,1.6499477359124906,0.686609418809508,18,0.0864724197567438,11.375560195643892,CAMELS-US
02481000,0.2463528656510993,0.27870211366306685,24,1.3004221806714316,0.4940907481252435,14,-4.278697194101946,4.757063305459609,CAMELS-US
02481510,0.561030778566598,0.41826071875473775,24,1.1920862255059625,0.42236074137704605,15,-1.1248143079630597,6.377407071629885,CAMELS-US
03010655,0.2921760091362439,0.46537929447051335,24,1.0826695329099738,0.7014074193079469,14,-2.705538781608577,5.085867645741447,CAMELS-US
03011800,0.09901678453912437,0.2604753095809252,24,0.24478185745740366,0.2744616243297702,14,-1.472124888691809,4.739515520132706,CAMELS-US
03015500,0.5354834865450824,0.6359877151866523,24,2.345964278846596,1.3603534545699754,13,-3.381020774296257,3.729261605000906,CAMELS-US
03021350,0.15511809571336707,0.17783398676946893,24,1.4958018771826012,0.8751816734994596,11,-8.642987623743132,2.4163996945614894,CAMELS-US
03026500,0.1938272097717483,0.4044117999860107,24,0.18412826988051012,0.22233115458206743,13,0.050039103914562344,4.205657109166416,CAMELS-US
03028000,0.11571341428820775,0.21884932400129545,24,0.295664190541108,0.3694454130007002,14,-1.5551418766772906,4.705848156633536,CAMELS-US
03049000,0.009584430328647172,0.08614323595783178,24,0.10082478579041862,0.07467529264795425,15,-9.519643039092328,6.549691848811716,CAMELS-US
03049800,0.3048415049086515,0.5159325615553518,24,0.07465011744445664,0.2721571096606072,14,0.7551182623021553,5.249014867558444,CAMELS-US
03050000,0.05540096552741649,0.08139320306262503,24,0.580634302346929,0.571983887634866,11,-9.480580921637337,2.8650231142135354,CAMELS-US
03066000,0.14316418299391645,0.3679544139685521,24,1.0736141826428895,0.7843647975403418,12,-6.499181430655119,3.513509606312346,CAMELS-US
03069500,0.0949991898529091,0.1777528494057054,24,0.6442457192377044,0.5430738087827789,12,-5.78159171920534,3.007086546781051,CAMELS-US
03070500,0.06725140476683981,0.1162523553094449,24,0.4326372936724838,0.498562529958831,12,-5.433133927424037,3.5551336229971464,CAMELS-US
03076600,0.07818301123855977,0.2271291449127635,24,0.5221478344927138,0.584581736501182,13,-5.6785331777447725,4.357041486966635,CAMELS-US
03078000,0.08389460700252303,0.21345689407921156,24,0.24119916874133832,0.27345169553279225,13,-1.8750259088058487,4.185302750675022,CAMELS-US
03140000,0.26559662035015447,0.5581199152194096,24,0.09039021359053001,0.26622207190379865,14,0.6596710700935791,5.460462066361842,CAMELS-US
03144000,0.07458828295531718,0.16165041011976794,24,0.46968973384629953,0.4130377811133798,12,-5.297098086138699,3.224622902073916,CAMELS-US
03159540,0.03570957221492369,0.14192687913809454,24,0.6952536105180087,0.4643096772106565,12,-18.469670662351128,3.5420279276184763,CAMELS-US
03161000,0.31756753558034345,0.5334810898719363,24,0.792141899881837,0.8533998994919945,18,-1.494404531729686,19.66409145531064,CAMELS-US
03164000,0.18800322438308362,0.332474386306474,24,0.5647646869599091,0.738344651976003,18,-2.004015962030097,19.774564391905955,CAMELS-US
03165000,0.7979695878016174,0.8881498798187446,24,0.8828380258986109,0.9610456996871812,18,-0.1063554794497914,13.18352011300683,CAMELS-US
03170000,0.3366091329318687,0.5550755705602531,24,0.7014653245929079,0.7992653311483542,18,-1.0839164953224478,17.53334462284893,CAMELS-US
03173000,0.10198640373543477,0.3009817801915958,24,0.13790634693966985,0.3035778799813239,17,-0.35220325345931225,9.748999930076698,CAMELS-US
03180500,0.05112828942109398,0.0601118590229229,24,0.55413274532886,0.5413703696113142,12,-9.838084974152132,3.3526821112859224,CAMELS-US
03182500,0.0530613487765754,0.14478550530447817,24,0.5010660375134534,0.4956930413171734,12,-8.443145511119296,3.2044915991986698,CAMELS-US
03186500,0.18141255908965678,0.3612730753435174,24,0.3986972147370674,0.4643074627620391,11,-1.197737668978173,2.7283214603774733,CAMELS-US
03187500,0.18311505192726574,0.30852810066203046,24,0.40088493892325966,0.47683875197823483,11,-1.1892517010698458,2.8371564731038754,CAMELS-US
03213700,0.05980845911800798,0.2645177131681302,24,0.23891490865606535,0.19450220196392187,17,-2.994667513246959,8.815794412457832,CAMELS-US
03237280,0.3454055279833348,0.593895475093452,24,0.12168703763746194,0.31144621924507043,14,0.6476980598777993,4.541573888617322,CAMELS-US
03237500,0.18808557653657867,0.45159386727114403,24,0.26426427038470185,0.24247226348206138,10,-0.4050214548658282,2.3907545174597,CAMELS-US
03238500,0.15847241747265448,0.4230971215064411,24,0.5252381471753524,0.3719094950486821,10,-2.3143821212040634,2.1426476839227733,CAMELS-US
03241500,0.07370982498030065,0.2202713769916421,24,0.2852791291976014,0.18824778073737458,15,-2.8702999128521034,6.762735718918387,CAMELS-US
03280700,0.2698884052072283,0.4248934714588631,24,0.05686801473897545,0.17988573324092433,14,0.7892906340481337,4.8369100403918,CAMELS-US
03281100,0.14915619261076984,0.3859792853882299,24,0.3626584756000995,0.43565731351439624,10,-1.4314007300151057,2.3884963637785863,CAMELS-US
03281500,0.3423590630200681,0.4692726141556771,24,2.433291774162536,1.1698750590714249,12,-6.107426199550919,3.037220696793917,CAMELS-US
03285000,0.04562422893463064,0.13876396942194927,24,0.5013738824756989,0.4394474923723801,12,-9.989202320417427,3.2057996732286576,CAMELS-US
03291780,0.2994735246258651,0.5518411259096262,24,0.27855603700291365,0.20403729571868004,10,0.06984753543433875,2.144488197259752,CAMELS-US
03300400,0.17887534175991124,0.4130984153302808,24,2.126501778888228,1.1550939971556142,11,-10.88817730809675,2.5000554380576983,CAMELS-US
03338780,0.165879385605838,0.2110384642625879,24,0.44599278417031113,0.10409818100090795,16,-1.6886570778003578,7.845424428132786,CAMELS-US
03340800,0.29020025439293934,0.5118448533821879,24,0.08522960367156125,0.16395762490302385,13,0.706307619027246,4.0111819627462975,CAMELS-US
03346000,0.5222292065614507,0.25863396081809426,24,2.2697026531989133,0.9377189578669709,13,-3.346180996163487,3.95869285603804,CAMELS-US
03357350,0.6100335174427668,0.7923643539505277,24,0.05776389301891712,0.1280559081100166,10,0.9053102962914877,2.368560164635402,CAMELS-US
03364500,0.1589762272458415,0.3835505301098987,24,0.07034954240274306,0.07411722065870685,13,0.5574838853487558,4.327712927360707,CAMELS-US
03366500,0.1331179383082299,0.29075390356312414,24,0.5437464749281613,0.4667888016069684,10,-3.0846972379420077,2.290843765771747,CAMELS-US
03368000,0.40801042274953114,0.624294023751794,24,0.32602780905074963,0.16342270339493603,9,0.2009326456572137,1.6558698181449596,CAMELS-US
03384450,0.3716392297729693,0.5877871961086033,24,0.27385105838424817,0.16669006914550602,10,0.2631266119253851,1.9629645150354949,CAMELS-US
03439000,0.33352478721519346,0.5433198683378879,24,0.9583062906954474,1.0725657984759422,17,-1.8732685768183663,21.84501856524468,CAMELS-US
03450000,0.13607347669508166,0.3227416740986982,24,0.33064232370979946,0.6020786127661168,17,-1.4298807654537606,14.439137031057404,CAMELS-US
03455500,0.4516413952516866,0.6995400445693402,24,0.4173574502322776,0.6067812275697139,17,0.07590966058437487,10.304266257555334,CAMELS-US
03456500,0.3072189540437216,0.5545343338543999,24,0.4029704628151624,0.6410921004116505,17,-0.311671879326215,12.30800440739132,CAMELS-US
03460000,0.10448428850918173,0.21228573714238622,24,0.3191407086331235,0.5725792167658414,18,-2.054437305232532,16.86214434885821,CAMELS-US
03463300,0.3101191286232468,0.575726836297993,24,0.20137927777028453,0.4184279506532952,16,0.3506389668244768,7.08477677256287,CAMELS-US
03471500,0.06885885407347243,0.11506146658564163,24,0.10127803271060436,0.22399592309105754,17,-0.4708062466816634,10.234116845084328,CAMELS-US
03473000,0.08237134773100915,0.1661282652463484,24,0.13811971571865383,0.2906494836355138,17,-0.6767931996171273,11.923012689761531,CAMELS-US
03479000,0.39182321562340455,0.6299152075983365,24,0.2303098149587316,0.46349496647506033,16,0.41220987992684266,7.795347821183127,CAMELS-US
03488000,0.054656095870841304,0.18862005446939273,24,0.12365944601283506,0.1543467311647532,16,-1.2625005325125431,7.208633383089521,CAMELS-US
03498500,0.14103393902859643,0.30818559621886965,24,0.16529342792281682,0.39267862713784396,16,-0.17201170910571717,9.430285330165024,CAMELS-US
03500000,0.17201493391537603,0.35917176956788505,24,1.1201779570754593,1.064418658672983,17,-5.512097127721124,32.93308200978964,CAMELS-US
03500240,0.22066124825005284,0.3885528336297641,24,1.1218152494946811,1.1063935950242372,17,-4.083879740512673,29.53431040712928,CAMELS-US
03504000,0.11454958039468416,0.286265594004795,24,0.7765428606270993,0.9161216265050208,17,-5.779098255545735,26.85380976268948,CAMELS-US
03574500,0.48623428715345324,0.5115194367994156,24,2.5471539909304823,1.4178059891377868,11,-4.238532243051409,2.8161363813100144,CAMELS-US
03592718,0.22634862700308644,0.49900955665829344,24,0.4423897795086612,0.33956296212603043,10,-0.9544619526348126,2.02674297044496,CAMELS-US
03604000,0.10308285493704757,0.13930278601293014,24,1.069100893146241,0.8134073830098791,10,-9.371277491287353,2.336951239803725,CAMELS-US
04015330,0.23211915757786925,0.37289890241816503,24,0.5369811615630327,0.5510530567356174,11,-1.3133857935999576,2.681473958502921,CAMELS-US
04024430,0.23042360705074874,0.2854029997085453,24,1.055983489113414,0.41660618889494194,15,-3.582792113313473,5.758024541038392,CAMELS-US
04027000,0.6741466484975844,0.8596699025496762,24,1.6697990562162606,1.1035252163526914,15,-1.4769077469087852,5.600947702483801,CAMELS-US
04040500,1.7440548737038453,1.4483745079887258,24,2.6070302895313873,1.619955824473447,15,-0.49480978427865807,6.306209729421505,CAMELS-US
04043050,0.23614255001279374,0.4652020520199309,24,0.6575958447297693,0.6760261296079078,14,-1.7847410163655049,4.734197228201935,CAMELS-US
04045500,4.118437713315895,2.0616833092171225,24,3.5588225907204554,1.8749161559499574,18,0.13588043854252552,10.994809268412904,CAMELS-US
04056500,5.239246931207663,2.492142281055346,24,2.535329651706494,1.5514441077092505,17,0.5160889179311705,27.54413759167448,CAMELS-US
04057510,1.2710278744791854,1.1096592932542895,24,0.4592358813887052,0.31735801017436754,17,0.6386893705404525,27.109237125924835,CAMELS-US
04057800,1.3491116457720675,1.2242296384780618,24,2.379320195235739,1.3746428699638216,15,-0.7636199366391989,5.9981626163856765,CAMELS-US
04059500,1.5776926655390806,1.26087196769794,24,0.7124235387962784,0.6605112037484052,18,0.5484395951394938,20.760902019270773,CAMELS-US
04063700,2.4213128690325343,1.5603449288286073,24,0.6683236142699096,0.8440877189204,17,0.723982958659553,28.53419754900872,CAMELS-US
04074950,1.1947498698427232,1.153565793344831,24,0.030017077730347366,0.1361111447202552,16,0.9748758476665088,57.46456984389748,CAMELS-US
04105700,1.0344122081330351,1.0177260337341032,24,0.5670244342081553,0.8060394865835401,17,0.4518389963401992,42.786326303990826,CAMELS-US
04115265,0.2733657955065513,0.5088611910141421,24,0.4873239787171819,0.6074587379808392,17,-0.7826808866638291,19.288997481726543,CAMELS-US
04122200,0.7350190664782174,0.899154604958911,24,0.33844412052078965,0.5011318527911179,17,0.5395437534125251,34.97351162807535,CAMELS-US
04122500,3.0947275229391753,2.0372946008611614,24,0.9453502546534646,0.6077758849975515,17,0.6945287597547098,43.01838678688604,CAMELS-US
04124000,1.114732216583755,1.1820668479664318,24,0.24837189667117882,0.38059572779628104,18,0.7771914250111587,40.57856813299538,CAMELS-US
04127918,0.25405454897894225,0.5436854429848096,24,0.22363104109123155,0.29215988298521434,17,0.11975187222580452,12.231519341245942,CAMELS-US
04127997,0.19558330327444554,0.3893217294044947,24,1.8488036232224823,1.2978657877886048,15,-8.45276816716922,73.4206274998625,CAMELS-US
04161580,0.5217928173547989,0.7969638331041448,24,0.23101323127574375,0.0718976006265774,18,0.557270196920584,21.15966062304125,CAMELS-US
04185000,2.436389386174755,1.7270995832527083,24,2.9924464232293713,1.8857834686216408,15,-0.22822995380375222,6.834927517804299,CAMELS-US
04196800,1.7332931030779977,0.8802655239305065,24,2.5709896102562975,0.76209662214649,15,-0.48329766367310345,6.589970140280973,CAMELS-US
04197100,0.6619395591711541,0.4048450919196321,24,1.574026065691702,0.5343279551808133,15,-1.3778999817787212,6.100359628415606,CAMELS-US
04197170,0.12901646880118994,0.14413908430977584,24,1.222642807261782,0.8445323569104566,9,-8.476641382472138,1.7705558991786838,CAMELS-US
04213000,0.3544935694119038,0.5745922897299494,24,2.672349921262348,1.3413192910026983,11,-6.538500418204232,2.5501116287680685,CAMELS-US
04213075,0.3352346848302588,0.5177876814098171,24,0.11966827268262274,0.15250474730660246,12,0.6430313505799228,3.2983019776602696,CAMELS-US
04216418,0.16298987204398271,0.2980582798096344,24,0.5481270751479209,0.5077752497522967,11,-2.362951748314823,2.605374699301521,CAMELS-US
04221000,0.015618036890797903,0.11288394044106519,24,0.16423055714474477,0.17123659696457044,15,-9.515441748092481,6.058759713339563,CAMELS-US
04224775,0.052679536368149614,0.2223982800118207,24,0.16468863227137756,0.16629664459936733,14,-2.1262354155977228,4.930158280933139,CAMELS-US
04233000,0.15047437384965473,0.37359733532310346,24,0.25890947619409427,0.5425720503829734,17,-0.7206217216280402,11.60626723695823,CAMELS-US
04256000,0.35282681009319616,0.5787125311608035,24,1.7481479548141092,1.055857983412369,12,-3.9546913806021458,3.2181963354280283,CAMELS-US
04296000,0.4196668147100144,0.6758455183200067,24,1.1500438940567754,0.9944879280076033,14,-1.740373681563181,5.0554890236000665,CAMELS-US
05056000,2.271726700293761,1.703430330306026,24,0.13062877417503746,0.36378126207800143,16,0.9424980240104825,61.520379886064845,CAMELS-US
05057000,1.2810646260309475,1.078407887542738,24,0.12303446689866483,0.14536247977834982,15,0.9039592036196833,74.3609812915608,CAMELS-US
05057200,0.8822924099608286,1.0111504727628708,24,0.22829361296216955,0.37847813286886145,17,0.7412494878287514,22.66816589913745,CAMELS-US
05062500,0.26816818110106955,0.5116621549635505,24,0.10965738964745941,0.3110330320223702,18,0.591087245335304,31.298629729726684,CAMELS-US
05087500,1.9032876399774799,1.5581402007515395,24,1.5244177921141964,0.9411442779695319,18,0.19906074095440796,13.210523871779808,CAMELS-US
05120500,1.6294691470549845,1.2798396258230125,24,0.29845765070461355,0.2069168706693906,17,0.8168374950553497,44.38405050306711,CAMELS-US
05123400,1.3047545720968645,1.1599027919180631,24,0.12158417394990229,0.24045286060512433,17,0.9068145254670348,40.70864616004869,CAMELS-US
05129115,3.3472252848724637,2.027348150770841,24,1.0352336487492506,0.870726790571734,18,0.6907188609539034,37.82768921778875,CAMELS-US
05131500,2.976601276409408,1.982641231383304,24,2.4489202055490815,1.4743810007577522,18,0.1772763705513335,11.367711949656982,CAMELS-US
05291000,0.10760103900679742,0.25336827650597565,24,0.18640618792793723,0.09347353296527866,17,-0.732382787829414,12.152748799012096,CAMELS-US
05362000,1.6777322055494357,1.142114109223178,24,2.451671063456929,1.0854612472687708,15,-0.46130059096888965,6.651142821052818,CAMELS-US
05393500,0.5181796765159834,0.5883306365437254,24,1.8506979786203215,1.006994007412132,14,-2.571537176184941,4.653418649581723,CAMELS-US
05399500,0.1391303632456605,0.1753669026995177,24,0.7375277137925234,0.6447389918103164,11,-4.3009831684999,2.663979888187024,CAMELS-US
05408000,0.2573403600849975,0.5189499630424643,24,0.5327953223846305,0.5632815432857519,18,-1.0703916098067645,13.259173930203374,CAMELS-US
05412500,0.22168600695257587,0.36062333587695433,24,0.3349652519567648,0.46001227293993247,17,-0.5109896044472584,23.493857397607325,CAMELS-US
05413500,0.5312554180139392,0.7359305244076135,24,2.0784668354511773,1.4434324341448466,18,-2.912368260113711,38.00925767738702,CAMELS-US
05414000,0.6517663986095367,0.8620326195071663,24,1.8760319338261229,1.185884234352654,18,-1.8783808705517897,31.39846359338321,CAMELS-US
05444000,0.346849820934281,0.5010850604088928,24,0.8282586366615218,0.8622042930154437,18,-1.3879459831650172,20.19352052005642,CAMELS-US
05454000,0.7189916367481873,0.8448026368265604,24,0.6239950623857538,0.7372368450150754,18,0.13212472789263374,10.657444085594667,CAMELS-US
05458000,0.21919997053373827,0.2604330081719767,24,0.5082798916491824,0.18354937644843394,18,-1.3187954378440496,10.602703411487218,CAMELS-US
05466500,0.28015530037592545,0.5611191338353472,24,0.1668169439100106,0.291836845987087,18,0.4045554601816641,26.060350220448928,CAMELS-US
05487980,0.20289091796321693,0.45505545611968284,24,0.3144393769597709,0.44850243095902387,16,-0.5497952304438642,8.203308388182545,CAMELS-US
05488200,0.17839729594159867,0.3550383578397366,24,0.24739927833848793,0.350615671377631,15,-0.38678827519604453,6.718190417812468,CAMELS-US
05489000,0.2712243107728433,0.4451480881018986,24,0.21940376479071058,0.42468286979677233,16,0.19106158232819204,6.902349391794732,CAMELS-US
05495000,0.5058394250147743,0.5361297791060736,24,0.6504364751490175,0.38553947207775663,16,-0.2858556351751742,8.478500585526582,CAMELS-US
05495500,0.07353094640330891,0.2645122249037311,24,1.0749686696735965,0.48267723247786176,13,-13.619268787559392,3.6884632215617663,CAMELS-US
05501000,0.08356665835538797,0.32645591646014355,24,0.15575706558678343,0.09404569488393633,13,-0.863866147721114,4.298932213234906,CAMELS-US
05503800,0.05372080300175731,0.1864054105595538,24,0.9549006755971727,0.5004507358099318,12,-16.7752494795347,3.0836203456738245,CAMELS-US
05507600,0.2245955518919466,0.45342630470318607,24,0.21580104982670478,0.14522559904245425,11,0.03915706251151796,2.6351013512892547,CAMELS-US
05508805,0.17871958056858048,0.4271372749243521,24,0.22331683617080197,0.1763316369641138,11,-0.24953760220530552,2.769216539131554,CAMELS-US
05514500,0.0487776728351493,0.17859975533297462,24,0.7105335325511918,0.4527784904901176,12,-13.566778020602486,3.4810354634273137,CAMELS-US
05525500,0.48467326459809645,0.46002606961696735,24,0.8345008556893297,0.2948032411329274,16,-0.7217802520659342,7.930430430644676,CAMELS-US
05556500,0.1413309438270944,0.3720189119246758,24,0.24542187498946516,0.42484937677603674,17,-0.7365048894721637,11.861292562297711,CAMELS-US
05584500,1.5428454125819842,0.7490857279799957,24,1.3833467581490722,0.37312756817878523,17,0.10337954349294631,10.434731347308595,CAMELS-US
05585000,1.1440756410329647,1.152117908595939,24,0.7127745802237055,0.804341095145133,17,0.37698649052596334,14.30190107666317,CAMELS-US
05591550,0.12711248209336243,0.3720200769733827,24,0.07679117586917548,0.16534887376461105,15,0.3958801322692024,6.023209340431658,CAMELS-US
05592050,0.09116693290604644,0.30839350064437177,24,0.1710846792621025,0.17547884248704662,14,-0.876608917384734,4.927037053441218,CAMELS-US
05592575,0.3161313374068693,0.5418205876817933,24,0.44783741554983514,0.37712651226329585,9,-0.41661822969943874,1.7230451577899732,CAMELS-US
05593575,0.10310289246599093,0.13994387980505266,24,1.5928911977537612,0.9761803690061897,10,-14.449529684913403,2.00998879924338,CAMELS-US
05593900,0.09613951295933322,0.3139838625129469,24,0.4218508121764693,0.25995711039799096,12,-3.387902530304175,3.169640795249203,CAMELS-US
05595730,0.11082988793167577,0.1339529880950539,24,1.2524130470187191,0.8641935132559804,9,-10.30031862696464,1.860105830851112,CAMELS-US
06037500,0.45034366449427937,0.7150225310862905,24,1.4273295969424675,1.1918423619200853,11,-2.169423063928989,149.90773862436615,CAMELS-US
06043500,1.0249704819135574,1.150524485380325,24,0.33784479662635286,0.21774436980055323,17,0.6703858280917347,26.718302866395987,CAMELS-US
06154410,0.27963635375796936,0.5088635010618103,24,0.2323997655568695,0.3517747993992446,17,0.16892148523000705,22.045117220995152,CAMELS-US
06188000,0.8837323659757995,0.9582687912919169,24,0.8332533225224232,0.8601782642368482,17,0.05712028369317257,10.216101333874976,CAMELS-US
06191500,0.8879897019038285,1.0706384977016843,24,0.15806203360824533,0.16580693627898832,18,0.8220001501488541,36.88021471184313,CAMELS-US
06221400,0.4041515920134971,0.6359850274302904,24,0.28324870872165575,0.42681958889156685,17,0.2991523123526473,12.07340372157896,CAMELS-US
06224000,1.0529932591766773,1.1217520570251294,24,0.72442223898749,0.537680434271406,17,0.3120352550462602,14.811725819888942,CAMELS-US
06278300,0.6848523515622266,0.772760145970628,24,1.5888770681106104,0.8545363452121205,15,-1.3200286375394636,5.81624126845031,CAMELS-US
06280300,0.42159184099903796,0.7520354452937791,24,0.1632120073948213,0.05362711515125229,17,0.6128672532939419,22.011244255676274,CAMELS-US
06289000,0.8202620712434293,0.9377526894148216,24,0.05987646372858138,0.09006088988244465,17,0.9270032519755362,41.5910818731587,CAMELS-US
06291500,0.15392834128704838,0.31548842915377134,24,0.1851560567200833,0.34126234680961426,18,-0.20287177248795873,29.96585994336229,CAMELS-US
06311000,0.1960683874709923,0.4664261928586587,24,0.3509969227881937,0.3662038543991022,18,-0.7901760060128131,10.676394751459542,CAMELS-US
06332515,0.010352801913464294,0.0917941450763664,24,0.17187952198728623,0.20245737544683562,15,-15.602222608330699,6.4525416403066505,CAMELS-US
06339100,0.024725769788529157,0.10271053272641364,24,0.5695744533678643,0.49561228466315643,13,-22.0356611033442,3.6840337554552174,CAMELS-US
06339500,0.5547116487605777,0.8663500378647062,24,0.7954732306751825,0.7609046488856415,17,-0.4340301532382662,8.72407435811034,CAMELS-US
06344600,0.14784867437031451,0.32986663052170917,24,0.15666192418868016,0.2572138173053727,13,-0.05960993465718345,4.406474687180293,CAMELS-US
06350000,0.6998357933992622,0.8391758850006426,24,1.5913514817381582,0.9828055001135316,15,-1.273892671320226,5.906490081003665,CAMELS-US
06352000,1.198116233671754,1.2560997515725996,24,1.6909172943515822,1.3092746286754255,15,-0.4113132322475819,6.761809710982118,CAMELS-US
06353000,1.4178857861448833,1.184050635971836,24,0.956087618364263,1.0164582011951588,18,0.3256948989073457,11.393239309942349,CAMELS-US
06354000,1.0216064650560719,0.9855951883185022,24,0.6338815973001454,0.770843867954401,17,0.37952468099802583,11.88692807050566,CAMELS-US
06360500,0.8827096820067059,1.0421363537155621,24,0.5865828313887236,0.7148631387765741,18,0.33547479613544406,13.329619366880802,CAMELS-US
06404000,0.14144609289881,0.37239611207406775,24,1.0230979882790256,0.9613901986136806,18,-6.233130073171735,32.804349889582554,CAMELS-US
06406000,0.17057390831283947,0.3797636818483284,24,3.120865882119425,1.786494613510215,13,-17.29626765891786,95.77087811473686,CAMELS-US
06409000,0.07804628647795965,0.26289300888859257,24,4.890707805158682,2.155437535573805,7,-61.664196156723264,331.6175644591686,CAMELS-US
06431500,0.15532320854961953,0.3065497405029997,24,1.6501018677598935,1.129005587500367,13,-9.62366585887744,115.55453246069314,CAMELS-US
06440200,0.10744578109292109,0.2309100515562953,24,0.5183064308934681,0.5110035420459178,13,-3.823888156625034,3.853043972962999,CAMELS-US
06441500,0.08701075380108698,0.2705505117385403,24,0.12188095797052759,0.20371625132617202,18,-0.40075740809183724,16.50157509004533,CAMELS-US
06447000,0.05150738792180342,0.1868944186630257,24,0.2593197379932342,0.2566688734640956,15,-4.03461247902774,6.8420423981982985,CAMELS-US
06447500,0.354740885809638,0.5967338358933165,24,0.08795960194327065,0.23566817416747043,17,0.7520454916198417,19.159098209894864,CAMELS-US
06450500,0.175393105978746,0.34045733027782377,24,0.9960580015621764,0.9594603976109879,18,-4.679003151257712,38.18498461805576,CAMELS-US
06452000,0.18869992589350368,0.46025951305879953,24,0.08243952273188597,0.17183018794463079,17,0.563118414903818,15.145432559136887,CAMELS-US
06453600,0.06717776668149081,0.1577625754302175,24,0.4825553264512861,0.7483496463682073,17,-6.183259436700542,29.412225098811184,CAMELS-US
06464500,1.150696695264395,1.1746580722148434,24,0.4516350272867109,0.65391774197211,16,0.6075116673704022,51.18699633723306,CAMELS-US
06468170,2.0750296595710456,1.3449333502330174,24,1.0273362049313193,0.35187123145824845,17,0.5049052912604187,26.698285683092188,CAMELS-US
06468250,3.4874234013664007,1.8134227708479935,24,2.50761453847263,1.1034745573803941,17,0.28095494871941096,17.701837832931837,CAMELS-US
06470800,1.3196093024604982,1.3125751293972168,24,0.6400630407734289,0.4592508165033466,18,0.5149601934602996,20.81094168835868,CAMELS-US
06477500,0.9301386933461696,0.8172001275282617,24,0.6886842546402603,0.2379073516249529,17,0.2595897154189749,14.922306479122785,CAMELS-US
06479215,0.18493985476728927,0.46983484915918733,24,0.19901257878319098,0.18464920390409698,18,-0.07609351717946078,11.052988934480291,CAMELS-US
06479438,0.25213527130608776,0.48134482178647503,24,0.30614762018647645,0.5254848706920869,17,-0.21421972658009691,23.771170494789903,CAMELS-US
06601000,0.904467046192866,0.8708887914709337,24,1.5579564021196224,1.1133624674556863,18,-0.7225131735616692,20.68933126266432,CAMELS-US
06614800,0.5973007484349039,0.768053927182587,24,0.7756217638520301,0.7983821783974576,18,-0.2985447714311047,11.366749690866092,CAMELS-US
06622700,0.419241521412669,0.659410345188684,24,0.5232460495572299,0.4670360832957804,17,-0.2480778330211879,15.471142072340765,CAMELS-US
06623800,0.7029865042676794,0.8788195878028335,24,0.6741635363142298,0.5379056822768077,18,0.041000741519889194,17.233913901375782,CAMELS-US
06632400,0.44725018857433124,0.681809742448304,24,0.5469527022355135,0.45201499327549777,17,-0.2229233574590479,12.774810666302486,CAMELS-US
06746095,0.723097652768685,0.8593402874193484,24,0.7198470199650192,0.7807698471971777,18,0.004495427126916196,13.486476542384237,CAMELS-US
06775500,0.01587279126309801,0.0544635910439144,24,2.543870402694871,1.4968827796597821,12,-159.26610320322231,121.16153777017576,CAMELS-US
06784000,0.09150169448220419,0.212047486303957,24,0.2740760876169338,0.452452008859998,18,-1.99531160781113,17.037843640499048,CAMELS-US
06803510,0.1910692864889986,0.4464324512962151,24,0.6436007832751313,0.5146794553476391,9,-2.3684156941266883,1.6942689518861014,CAMELS-US
06803530,0.2927302391183108,0.4731922176688322,24,0.4381652152570793,0.3254072213792414,9,-0.4968225236204211,1.6407242289156148,CAMELS-US
06814000,0.5418754483615967,0.7620308682741295,24,0.4673241855634873,0.6047343952509981,17,0.1375800712571884,9.717164502583891,CAMELS-US
06846500,0.11042892654099472,0.20137722862693036,24,0.19099864848410628,0.3968511708982504,18,-0.7296070374568164,11.463118085782185,CAMELS-US
06847900,0.2552278552769301,0.4041625157492459,24,0.22268607416900502,0.3462511217119352,15,0.12750089943206333,6.344730482793215,CAMELS-US
06853800,0.2748544581900077,0.48179193914838664,24,0.3609353838268661,0.4765139790453205,16,-0.31318729993948424,9.383673006309028,CAMELS-US
06876700,0.23403654143339828,0.4756651870335816,24,0.17932031412901162,0.23701385297589792,17,0.23379352202552406,17.85861173801495,CAMELS-US
06878000,0.21751695124991724,0.5201931362566867,24,0.439935814637416,0.457137998102233,17,-1.022535770703909,8.99404065504542,CAMELS-US
06879650,0.6108108021120146,0.830737836055952,24,0.4136034011055646,0.5812167774489259,16,0.32286167881209926,8.058539961529803,CAMELS-US
06885500,0.24067463042938417,0.5151772575059044,24,0.3298310486663426,0.5206180622445741,18,-0.3704437733129402,10.493609777179415,CAMELS-US
06888500,0.6659212581102233,0.8886807402853427,24,0.32042187402647465,0.4534705337312165,15,0.5188291856971498,6.40824721808913,CAMELS-US
06889200,0.527562668337304,0.7133567596165844,24,0.1579843537681377,0.3726732399685601,13,0.7005391714579616,3.746306932061181,CAMELS-US
06889500,0.2913647692879092,0.6163161806177712,24,0.20495331939259934,0.2823214715681319,14,0.2965748058919343,4.551804233763638,CAMELS-US
06892000,0.49860595836232896,0.507071768277557,24,0.8042570867490775,0.38685011273803616,16,-0.6130113835595938,7.931861576618383,CAMELS-US
06903400,0.06340152851823187,0.1458713683621384,24,0.19447392650781498,0.2501825173718992,16,-2.067338139204194,7.389305461530834,CAMELS-US
06906800,0.07859835718389063,0.1624551436541787,24,1.2081470201098736,0.8692272910730114,10,-14.371148499748708,2.297983855538844,CAMELS-US
06910800,0.5380012900236596,0.592827338642372,24,0.11847840347287213,0.18014924879110805,11,0.7797804472408202,2.5253040705345744,CAMELS-US
06911900,0.40574648302206834,0.5792199145121726,24,0.16892364074838379,0.14836069284725853,10,0.5836719532595527,2.1323043712572223,CAMELS-US
06917000,0.11360576691935498,0.30377310991291645,24,1.3718860433412796,0.9316946229315353,11,-11.07584861704368,2.8360418239867435,CAMELS-US
06918460,0.2150909622587621,0.48675020465234303,24,0.20497575303642054,0.4281524558047832,17,0.04702758831016152,9.28245876200216,CAMELS-US
06919500,0.562549887610925,0.3385884543038806,24,1.5076797038015946,0.5624273678191355,14,-1.6800817794213967,5.311430514339535,CAMELS-US
06921070,0.1290545182847068,0.4117599141373934,24,0.23704163127811906,0.18082159093029715,13,-0.8367557713491458,3.842308566784202,CAMELS-US
06921200,0.2854870533199254,0.49813621985977263,24,0.17911254763310916,0.14267822446746786,11,0.3726071093234823,2.6629177291018618,CAMELS-US
06934000,1.2527795549774445,1.2688172336003651,24,1.2216796124646858,0.932813012243775,17,0.02482475259848782,9.577687174238434,CAMELS-US
07014500,1.3433455655175848,0.43706182434770274,24,1.863638824547262,0.29577800675465954,16,-0.3873115543648,7.991264758757725,CAMELS-US
07056000,0.04199909233591242,0.1829787440731645,24,0.3834814977523877,0.16860996717577437,13,-8.130709175457152,3.9556604736437153,CAMELS-US
07057500,0.3587166837472957,0.5281778297307191,24,0.3000760576288118,0.5392663445548468,17,0.16347337265136608,10.175390098101396,CAMELS-US
07060710,0.4479162113164746,0.6180179919802422,24,0.2060041749406717,0.12991210726007973,9,0.5400832349085938,1.6858359819398026,CAMELS-US
07066000,0.21060901905509413,0.4057064048887527,24,0.09267537247366861,0.27654456569176195,16,0.5599648443857703,7.068617427001623,CAMELS-US
07067000,0.19146251413664464,0.4409419867074314,24,0.3349984663848866,0.4308309256018853,17,-0.7496817478631979,15.495924446995105,CAMELS-US
07068000,0.5465510715316833,0.4480423710920378,24,0.5141263845364463,0.3983121561221564,17,0.05932599657039972,12.890970149476434,CAMELS-US
07071500,0.1479999322724985,0.3217081480871369,24,0.4680070120608535,0.654107849220263,17,-2.162210988037182,17.554412048207368,CAMELS-US
07083000,0.8456436762698701,1.0044214323155576,24,0.16379767255550387,0.21160219953031362,17,0.806304147772955,32.95250727986088,CAMELS-US
07142300,0.17542625560872563,0.07063160404052579,24,0.5047669593741074,0.7620387001118625,18,-1.8773740716438145,20.197840494708107,CAMELS-US
07145700,0.08522841134491778,0.1828772863902879,24,0.9690728833266259,0.5514957141315102,11,-10.370303259611472,2.6536884670849417,CAMELS-US
07148400,0.23226741438302834,0.4236894503932218,24,0.675666978666008,0.8561613192021094,17,-1.909004607731056,19.38552694555756,CAMELS-US
07149000,0.5950727057513565,0.6790533352179837,24,0.8856632562993283,0.756525716722557,17,-0.48832780892053096,22.27718071653621,CAMELS-US
07151500,0.16568729307057956,0.3906038877545127,24,0.16878257968683702,0.2947044757714447,15,-0.018681496685077237,6.119401938145996,CAMELS-US
07167500,0.5738739528826583,0.6980207500790238,24,0.07863590584259568,0.03523122509389043,9,0.8629735581348565,1.8759882732068984,CAMELS-US
07180500,0.567905197341047,0.6627755247646617,24,0.10328418272279928,0.27184859941842515,11,0.8181312951415489,2.710708114041777,CAMELS-US
07184000,0.026503618689962427,0.044435698425532064,24,0.8547250648342861,0.6570445339421781,11,-31.249372239798767,2.6794170946951525,CAMELS-US
07195800,0.3133932347411253,0.4653073539638571,24,0.09613075067631166,0.2117827887637217,15,0.6932583731243614,6.1568003098949005,CAMELS-US
07196900,0.33131803891570305,0.5332484924215961,24,0.07422053474729966,0.1804791086326827,12,0.7759840213041237,3.463963776397714,CAMELS-US
07197000,0.09561575823736786,0.3289374888626435,24,0.18858877495694193,0.062079408352427985,14,-0.9723608161822748,4.537908436930556,CAMELS-US
07208500,0.14567398505154555,0.34122249133714827,24,0.2916711054241466,0.4421678137873831,18,-1.0022182088376392,30.897290802324,CAMELS-US
07226500,0.13018923871225402,0.33732179356132025,24,0.38332573183344565,0.4474328986065458,10,-1.944373403094224,2.368643059096985,CAMELS-US
07261000,0.06554898932178711,0.2680325255230245,24,0.17950526984519277,0.11662737172079873,13,-1.738490275784145,4.294585968186279,CAMELS-US
07263295,0.24365677328943783,0.44411039420504733,24,0.14025911987734474,0.11842532763067826,11,0.42435780469467144,2.78380267498026,CAMELS-US
07290650,0.16524892334092553,0.2856365289107796,24,0.2658741676182506,0.41928240230042335,15,-0.6089313155143823,6.700397453384045,CAMELS-US
07291000,0.237942181264191,0.47765848160785707,24,0.5406993252036756,0.4430836285684595,9,-1.2723979511784358,1.6965552997093498,CAMELS-US
07292500,0.0973764966946007,0.27887218952636406,24,0.27015840754270876,0.29753495841102007,11,-1.7743697577250015,2.903689972603211,CAMELS-US
07295000,0.23883684250663137,0.49982128666347597,24,0.42488128783485435,0.26762775318899745,10,-0.778960412370455,2.0103575219944,CAMELS-US
07299670,0.22207490371110358,0.5064954668460743,24,1.789562071000186,1.1063663371770875,7,-7.0583714823004975,1.2177969264670885,CAMELS-US
07301410,0.3568868307264901,0.519457772860191,24,1.0685621027436383,1.0487688717528978,17,-1.9941202945719225,23.615720353380127,CAMELS-US
07301500,0.1884202414477162,0.21900135604206958,24,0.2669808331101472,0.5505615271315752,17,-0.41694348260470937,12.611283270856442,CAMELS-US
07315200,0.05351091984586545,0.08275265449225178,24,0.943670293910958,0.6620391358852242,11,-16.635097595577424,2.4761512447272382,CAMELS-US
07315700,0.05675810386924541,0.16669163232106798,24,0.7455637450854403,0.45829438652639165,14,-12.135811351327169,4.673325489501888,CAMELS-US
07335700,0.27202070490502955,0.4952805114876232,24,0.22287192024913402,0.16808624882902923,11,0.1806803076738398,2.5113255855425347,CAMELS-US
07340300,0.21496048603207787,0.47665963269942846,24,0.3056792244469694,0.28657543526334817,10,-0.4220251828112904,2.285483411494416,CAMELS-US
07346045,2.9169480183059466,1.5500692603822497,24,1.6741490812564015,0.6339101777932818,17,0.426061393363916,27.28745136327422,CAMELS-US
07359610,0.3197499685521947,0.5482680044112274,24,0.2344724219470628,0.24508217487740702,9,0.2667007192878317,1.8915822745945752,CAMELS-US
07362100,0.5639509564610158,0.537783824353821,24,0.97286417253692,0.36115018350323225,17,-0.7250864838353566,8.985210756984499,CAMELS-US
07362587,0.3720059639449446,0.5540437003887867,24,0.177873567701334,0.13194506536597883,9,0.521852913821407,1.8737292444694749,CAMELS-US
07373000,0.22716517051788854,0.4428776165546015,24,0.2698723375377674,0.2557085482135443,10,-0.1880005060745693,2.164166421418712,CAMELS-US
07375000,0.019432045849779617,0.1364829060623973,24,0.484901321883048,0.4852204494139183,13,-23.95369379177064,4.306192115230309,CAMELS-US
07376000,1.0217944637420329,0.9843437285162803,24,1.3501462660575894,0.7586563401927617,16,-0.3213481908221161,7.845415760367573,CAMELS-US
08013000,0.808455039660692,0.851841381680913,24,1.0743887070197242,0.6431980261214949,16,-0.32894057716634983,8.139941713926909,CAMELS-US
08014500,0.8866827721599804,0.8805678764329493,24,1.2046634491459423,0.688330034926775,16,-0.3586183096930522,7.885842151800081,CAMELS-US
08023080,0.12091450879915218,0.3549867682564353,24,1.4633820400206132,0.9850147327957891,11,-11.10261741584211,2.7611709398509428,CAMELS-US
08025500,0.276965797521541,0.5122352476826861,24,1.7958484434576518,1.154502910622798,11,-5.484007987729893,2.907315014917284,CAMELS-US
08029500,0.07704254093051832,0.2967946480103475,24,0.18171002719453633,0.15084282696960738,13,-1.3585674226193234,4.235446925967914,CAMELS-US
08050800,0.2713349894157157,0.4802652522144496,24,0.23448227799576662,0.23363928675442225,11,0.13581997478211916,2.4934206888252075,CAMELS-US
08066200,0.26489261338289405,0.5321943921352322,24,0.49381417909590186,0.38563566266147886,9,-0.8642051689909103,1.7231325887910045,CAMELS-US
08066300,0.2591881382090968,0.394666073399782,24,0.8034274709677905,0.449037656890518,16,-2.099784876419134,6.886242012419588,CAMELS-US
08070000,0.1529113480932443,0.3495210551081087,24,0.9254278261047009,0.7857686295704975,13,-5.052054590090862,4.324897700590254,CAMELS-US
08070200,0.023606838197686376,0.13234414214882892,24,0.08999026493379561,0.18873963718663403,15,-2.8120422642035665,6.414905397771346,CAMELS-US
08079600,0.514801806222778,0.7133446730171688,24,0.3644975220311446,0.4337668651060789,6,0.29196533962157467,1.0296279713745238,CAMELS-US
08082700,0.2259608850853456,0.31988302556852255,24,0.9482025727681157,0.7386193429672069,8,-3.1963128813643076,1.5745519269128618,CAMELS-US
08086212,0.07760982303361108,0.258460399957867,24,0.6788016828387541,0.4781311351439131,11,-7.746337207144258,2.5159297901288133,CAMELS-US
08086290,0.3760355328106768,0.5980369414861687,24,0.42477554837725096,0.43182731822319015,7,-0.12961545203525593,1.2701487904511235,CAMELS-US
08101000,0.5336964786833556,0.749943004043425,24,0.32515208316823163,0.5586654627025399,16,0.3907546776954739,7.3382615153450095,CAMELS-US
08103900,1.1235692040473704,0.9402578873240516,24,0.9407216177719313,0.8152231923961462,18,0.16273816122476248,10.6452297192173,CAMELS-US
08104900,1.0972121124489522,1.0335653519377848,24,0.5387233176174859,0.7076375307699571,15,0.5090071358991217,5.968380195213525,CAMELS-US
08109700,0.045641629842076474,0.18625888967714962,24,0.06692788494836624,0.16583964201529208,16,-0.46637806712735363,8.35026843544478,CAMELS-US
08150800,0.9455981664817035,0.8245240049773485,24,0.22803848504151594,0.4655355093911905,12,0.7588420820548109,3.2823189216799027,CAMELS-US
08155200,0.5852676559225806,0.5903331241747936,24,0.5473380949377227,0.5732754800137331,18,0.0648072050471814,11.210978537536503,CAMELS-US
08158700,0.587866465346633,0.48220895958539167,24,0.7376428758422203,0.7202963367176621,18,-0.2547796469514081,14.16669917224618,CAMELS-US
08158810,0.6486778316060968,0.4172281598474033,24,0.20982046802216123,0.18503058088642338,15,0.6765413309983859,5.631489352303326,CAMELS-US
08164000,0.15788353104615355,0.3832753660909891,24,0.5841654134327551,0.29998395698269886,15,-2.6999768725845636,6.099696818253014,CAMELS-US
08164300,0.024517816351010274,0.13190806439265476,24,0.5374460580728856,0.37492661281157247,12,-20.920633158292652,3.6140857681798457,CAMELS-US
08164600,0.02149310986728541,0.10939039523573998,24,0.7318311038135352,0.5195359935650221,12,-33.04956790024383,3.263403288522304,CAMELS-US
08165300,0.7360982129987957,0.5903460280000781,24,0.09043713129008382,0.22502777267455443,7,0.8771398575719246,1.2325109653148787,CAMELS-US
08171300,0.5042658591758348,0.48785694399629814,24,0.5201338338566935,0.5260357520006642,17,-0.031467477704703484,11.882280048155469,CAMELS-US
08175000,0.08805287076591306,0.23716590104146762,24,0.19722741531938384,0.2634056935102794,12,-1.239874902474325,3.3543570959376843,CAMELS-US
08176900,0.11118478079052257,0.3689739706624727,24,0.45361652688184767,0.23964226763833965,12,-3.079843694943131,2.982246251478258,CAMELS-US
08178880,0.23256423222497571,0.2043351848730041,24,0.036387780948456225,0.12830300546858955,13,0.8435366410374929,4.466423236322798,CAMELS-US
08189500,0.9508668101279699,0.451168986165179,24,3.0966046486696954,1.2988525261729948,12,-2.256612404268214,3.528524750234648,CAMELS-US
08190000,0.774694613678459,0.801388247418243,24,0.469736448548715,0.6339573163204143,16,0.39364952298005584,7.65364418670084,CAMELS-US
08190500,0.5765736843732854,0.7284247271274121,24,0.32967928554069914,0.28260896026082183,7,0.4282096209454156,1.0930726826742443,CAMELS-US
08194200,0.3003008950583455,0.5679090421729559,24,2.182560234689655,1.271794040984782,9,-6.267911187096545,1.7820812118587364,CAMELS-US
08195000,1.295017613684953,0.9762628630509697,24,0.9056065869815281,0.7956415738682057,17,0.3006994056207172,8.57245413669369,CAMELS-US
08196000,1.212135339601342,0.9526115251818896,24,0.4755933630439106,0.5788586148747384,14,0.607640048511144,4.703706840307715,CAMELS-US
08198500,0.9293889561741597,0.5871207990764491,24,0.38798292592865374,0.4115483580987404,14,0.5825397715873557,5.424167526247629,CAMELS-US
08200000,0.35716976526178307,0.4948454162679366,24,0.07958343938761721,0.2355716151888333,14,0.7771831573445542,5.020376311885956,CAMELS-US
08267500,0.9669106426186925,1.0179332977463849,24,0.1837271305953187,0.4062975760171378,15,0.809985408684996,73.57412302661363,CAMELS-US
08269000,1.3432283849099873,1.3448957926846956,24,0.1717995450610067,0.3049556829314898,15,0.8720995275330492,66.41648089587034,CAMELS-US
08271000,1.0128491197109526,1.1003247983824875,24,0.2424719104296105,0.3360673616570491,15,0.7606041159429479,74.34198022353713,CAMELS-US
08324000,0.3467140320453832,0.6108099576124443,24,0.42289145824655866,0.7054316620592936,15,-0.21971255605600692,63.23001599730148,CAMELS-US
08377900,0.555449266973579,0.6308252936382365,24,0.14390915842546884,0.31234774998061937,17,0.7409139466335561,22.332359678865267,CAMELS-US
08378500,0.3365129320182414,0.5017771710683053,24,0.12891557224980568,0.26380327950276594,18,0.6169075242468912,32.81762544838101,CAMELS-US
08380500,0.21780880121168159,0.3800439773571136,24,0.35426725620632893,0.4431589842836524,18,-0.6265056978208499,16.082161385028293,CAMELS-US
09034900,0.8570539936712124,0.9111909286996225,24,0.7345940111838075,0.850152051460162,17,0.14288479301385015,12.705346903573467,CAMELS-US
09035800,1.136734278541325,1.0828149039503614,24,0.24480897442839056,0.32960829732805363,17,0.7846383459619664,33.56421118261552,CAMELS-US
09035900,0.8682917074703628,0.9237624113250319,24,0.29942241786231505,0.4037202773812601,18,0.6551591875331423,26.258347012386672,CAMELS-US
09047700,0.6564617504089454,0.7402126290586367,24,0.1406354103552974,0.28130907363619734,17,0.7857675481203772,34.67840016987377,CAMELS-US
09065500,0.3793633166983718,0.6487486954952794,24,0.3374956924848652,0.431935715938883,17,0.11036286949904317,14.71800075346455,CAMELS-US
09066000,1.2030265598804866,1.1128803779708922,24,0.4167286458752283,0.5793157158139723,17,0.6535997959042337,23.85128904521897,CAMELS-US
09066200,0.4979626311713339,0.7253994383710307,24,0.4009236942726073,0.5615719227725624,17,0.19487192577175216,12.678578713597812,CAMELS-US
09066300,0.8014797235365759,0.9030269370032149,24,0.13746051013971894,0.1973805423031157,18,0.828491593607426,32.49244787875283,CAMELS-US
09081600,1.0008902944499354,1.1117335255205814,24,0.12392557749571541,0.2263663857115569,17,0.876184654619094,35.38763159100406,CAMELS-US
09107000,0.4897656777810278,0.669470501364941,24,0.08422069831755842,0.21404514715163442,17,0.8280387905107284,35.74518014774007,CAMELS-US
09210500,0.5927832489544634,0.8320173348272313,24,0.16287390314279485,0.36643882064069144,17,0.7252386881207122,48.03654833162502,CAMELS-US
09223000,1.0049764483178067,1.0311607675677716,24,0.2563694457759692,0.3280398408961697,18,0.7449000459611799,30.550446517434363,CAMELS-US
09306242,1.007511753340951,1.0450241603815726,24,3.082831864897083,1.1949061360373983,14,-2.059847048606911,88.28901638411966,CAMELS-US
09312600,2.0998402890566554,1.36894692201076,24,0.17030336919611225,0.2662490255261106,17,0.9188969894121708,49.13065324488788,CAMELS-US
09352900,0.3283436844124223,0.6625663759565636,24,0.20053949803853685,0.1021581935010406,17,0.38923905785668955,17.64532107116119,CAMELS-US
09378170,0.2040781097010135,0.22844490197314052,24,0.49821013888229804,0.671786589355083,17,-1.441271822892741,33.62568255739402,CAMELS-US
09378630,0.5289778259522495,0.8240085719081729,24,0.15544890481379015,0.36009020864361907,17,0.7061334196117657,33.69267193732293,CAMELS-US
09386900,0.09262405945126422,0.24092571823968226,24,0.09635994753496639,0.2761349230945699,17,-0.04033388415315442,12.38822212458438,CAMELS-US
09404450,0.07895577619414526,0.23077719169450586,24,1.6532708315534865,1.4052959977910349,16,-19.939200540416955,58.65273020317235,CAMELS-US
09430500,0.09680595194460428,0.29697982739083695,24,0.14841459893889658,0.31912447438212743,17,-0.5331144000714394,9.6639954206011,CAMELS-US
09430600,0.48827086629452693,0.6244702807975159,24,0.20855186546371957,0.4583524124873922,15,0.5728766963992478,6.378115661652835,CAMELS-US
09447800,0.36661625817150867,0.6503127983604542,24,0.22478582456877494,0.3199093748052543,12,0.38686345856594084,3.0622162949199825,CAMELS-US
09480000,0.6498738490459407,0.4084888445073006,24,0.08401310856787708,0.19183569791017596,12,0.870723974058636,3.521938840380333,CAMELS-US
09484000,0.22408415294739173,0.44197395223102953,24,0.17298644015449316,0.4372151388276983,17,0.22802912263454345,8.817307530042532,CAMELS-US
09484600,0.7953263405962411,0.6421263184961937,24,0.08535760881147332,0.18442560461675217,12,0.892675994174313,3.114203099159162,CAMELS-US
09492400,0.34244745664638715,0.5562873810780697,24,0.46813230774006015,0.3914475259496881,17,-0.36701937378806626,41.390592877300406,CAMELS-US
09494000,0.08170552415548336,0.23929909242339406,24,1.2450111279837264,1.1677304505213255,17,-14.237783991379878,43.89876452326301,CAMELS-US
09497800,0.6182159513354689,0.7572802480329215,24,0.9800900204639651,0.8991484966098346,17,-0.5853522031367462,15.29081882972116,CAMELS-US
09497980,0.21166935067153178,0.44866152457228253,24,0.195594400335176,0.37649596360338455,16,0.07594368426679243,8.443552974945474,CAMELS-US
09505200,0.2628088005030727,0.4362133888783415,24,0.2908059673555564,0.4961637031799125,15,-0.10653055300618197,6.663142081727705,CAMELS-US
09505350,0.2546623019025814,0.4324079950133402,24,0.23900257524314628,0.4657057253816979,16,0.061492127191348445,7.397095187844338,CAMELS-US
09505800,0.2848126330309931,0.4683478243645887,24,0.24032685893135422,0.41954136075405624,15,0.15619312116256423,6.469877837429905,CAMELS-US
09508300,0.16449865771804986,0.39916152517687403,24,0.31639994225436807,0.2010399965850822,13,-0.9234195989409013,3.6851811644339714,CAMELS-US
09510200,0.2393086513130356,0.41365517468131935,24,0.24199053170635748,0.35070806556409767,16,-0.01120678412003473,7.871070614751379,CAMELS-US
09512280,0.13415109292447155,0.3696576260068674,24,0.27777606763954715,0.20633747398724755,12,-1.070620981045141,3.4387465841685128,CAMELS-US
09513780,0.25158849661398575,0.5539080557021282,24,0.1491365722568792,0.24301806118111052,12,0.4072202256301859,3.518981816618877,CAMELS-US
10023000,0.672746645588635,0.7795255015043102,24,0.8603458144761418,0.4775639757664333,9,-0.278855599084203,231.3551924176953,CAMELS-US
10166430,0.20179228852049544,0.45153179840444024,24,0.6412377606210886,0.8361931559198077,15,-2.177711920126026,69.2794848677909,CAMELS-US
10172700,0.07087140767992085,0.08799495738789259,24,3.0775830844881895,1.7484448638412062,9,-42.424890025997385,232.92586511394424,CAMELS-US
10172800,0.2943529252060098,0.43344931748784943,24,1.0336635194352408,0.9179294377160911,13,-2.511646839289289,100.98594282536956,CAMELS-US
10173450,1.4544428260820628,1.1549596822073258,24,0.25896764411455847,0.2731216669930302,17,0.8219471817863352,42.41023016020725,CAMELS-US
10205030,0.9567161601393535,0.8292503307659881,24,0.2114095585958334,0.4095965288154277,14,0.7790258308534896,79.71742395014252,CAMELS-US
10234500,0.5655612111032928,0.7867431146886965,24,0.23418954013618953,0.41813549961469987,16,0.5859165453031436,56.77341307252306,CAMELS-US
10242000,0.13108174873297798,0.39272191963907616,24,0.35265499242175236,0.5720133241394515,17,-1.69034397107513,28.965054740037345,CAMELS-US
10244950,0.7691202480091316,0.8670517525321891,24,0.4396103656910224,0.5165566038245173,11,0.42842440199831666,150.7515198310771,CAMELS-US
10249300,1.0311448148647226,1.0181442797825864,24,0.03702568873104023,0.15040755206967305,17,0.9640926393681205,48.10502414663688,CAMELS-US
10258000,0.22745231783052133,0.3375550735942125,24,1.32534387921715,1.0836463126797882,17,-4.826908654343486,36.74975932427479,CAMELS-US
10258500,0.31375437506406134,0.5148667450427226,24,0.36854989813899935,0.6419949619541406,17,-0.17464465017818487,12.158257899979546,CAMELS-US
10259000,0.1602512892275488,0.2552040157267552,24,1.1330369874125175,1.0302358578851132,17,-6.070376736898894,36.38052497478803,CAMELS-US
10259200,0.4659707639122644,0.6786907851861785,24,0.2995975803385205,0.6023425902563306,16,0.3570463996000177,8.346574428527955,CAMELS-US
10263500,0.10917750539239851,0.10597337635985565,24,0.7624560858649589,0.900345229325729,18,-5.983637179880509,32.834842438351984,CAMELS-US
10310500,0.1143445946431092,0.2785786947209659,24,4.056817296400745,2.021883324134108,11,-34.47887251743582,175.69693885234287,CAMELS-US
10316500,0.7313285189711421,0.7921348095348676,24,0.02920739396128295,0.09702507885805148,18,0.9600625530064479,31.6220715358657,CAMELS-US
10329500,0.04640050586336525,0.18622421115281665,24,0.6104970681144388,0.8161459241939604,17,-12.157120957089536,29.117088320586912,CAMELS-US
10336645,0.026248812011975528,0.09142838567312472,24,0.4373890854257006,0.6481678187561154,18,-15.66319547056644,25.158844389025013,CAMELS-US
10336660,0.06180481140875629,0.16381821762292062,24,0.5213768680307166,0.7271142262393793,18,-7.435862130255602,24.74731842038694,CAMELS-US
10336740,0.04944167154667176,0.17553804221819017,24,2.1846762244470113,1.3265762513918553,10,-43.186941017654085,191.1807500164365,CAMELS-US
10343500,0.08369076411193956,0.27157535167543695,24,1.160161566296185,1.0290683070984352,16,-12.862480270157711,52.58334340196508,CAMELS-US
10348850,0.7433094379478948,0.6130395830381421,24,0.5614848103301529,0.7700827950312927,17,0.24461498581225827,44.154348122807946,CAMELS-US
10396000,0.014166287431817687,0.03872585643769375,24,1.216187253888878,1.1534408520152268,16,-84.85081022408905,54.389936524119726,CAMELS-US
11098000,0.07967301577246197,0.157773684968261,24,0.16155154017465082,0.3897552896957308,18,-1.027682002599545,13.344652300076506,CAMELS-US
11124500,0.2258658614644434,0.45644444419945296,24,0.5298425162453643,0.6696709268410275,18,-1.3458282398678207,17.22857902584374,CAMELS-US
11141280,0.3101824332932264,0.5623733988367574,24,1.0739953571429472,1.0132395802907652,18,-2.462463511360946,26.397130090242783,CAMELS-US
11143000,0.021404808680735566,0.10797445123798595,24,0.3186403386003208,0.4529641565946887,18,-13.886390406614506,25.34739122145998,CAMELS-US
11148900,0.20146591976778336,0.40673509603868546,24,0.12915213278500268,0.2763290130717435,16,0.35893806290479335,7.916924626007621,CAMELS-US
11151300,0.44430278243308857,0.7315819959566784,24,0.28114506810585793,0.464125993869324,16,0.36722190537215904,7.386685363611277,CAMELS-US
11162500,0.30533477550428,0.5483262866677202,24,0.5578058455713919,0.6004239735114348,18,-0.8268664113026094,16.11855991337882,CAMELS-US
11176400,0.19950695608001065,0.4499282136021126,24,0.2253912083853475,0.3814559430149904,18,-0.12974110183384369,11.268752643329757,CAMELS-US
11180500,0.4240096325418075,0.6749254154155864,24,0.9024866246120604,0.8157036501872855,17,-1.1284578352664543,18.753832783210225,CAMELS-US
11180960,0.3793066519811516,0.6211420199525075,24,0.2921989649178405,0.5323958257557765,17,0.2296497744195629,8.82583002682146,CAMELS-US
11224500,0.20254891622174287,0.4233282479745444,24,0.2230246522088108,0.4763962178537968,17,-0.10109032607536572,9.844142200766164,CAMELS-US
11230500,0.35680694028861604,0.669307064772384,24,0.2384099051395574,0.3693912364137703,18,0.3318238009980663,37.05378983201151,CAMELS-US
11237500,0.09914647751125462,0.14268725902652601,24,0.7640456024956408,0.8381127782232185,17,-6.706230434751554,28.523081108776665,CAMELS-US
11253310,0.3418005265999735,0.5815026098899766,24,0.34536167276079,0.47663072654492455,18,-0.01041878488673098,10.841386743722657,CAMELS-US
11264500,0.3151894941157892,0.6518268364106296,24,0.21303300469430594,0.433061408555212,18,0.3241113404114754,38.18987238152222,CAMELS-US
11266500,0.06263338007670802,0.20198015112220585,24,0.38024354847488506,0.6990376715170136,18,-5.07094089460277,39.08123464466968,CAMELS-US
11274500,0.14680358799780702,0.3669949024565763,24,0.12669142274633322,0.32221147208213413,16,0.1370005020025412,7.436697917307888,CAMELS-US
11274630,0.2810129188384256,0.5182042815524237,24,0.5239391701993289,0.423852096671588,17,-0.8644664891743961,14.8125606129344,CAMELS-US
11284400,0.19808061879862748,0.4348861393937722,24,0.1850826795710828,0.37961488394699405,17,0.06561943973306461,9.327603630430469,CAMELS-US
11299600,0.3686601546856032,0.2726887065713513,24,0.08895276548442108,0.21455027439857774,14,0.7587133723190649,5.357234135243754,CAMELS-US
11381500,0.13284403729789165,0.3170033514260887,24,0.44103608099592156,0.6121366317371314,18,-2.3199539096130826,20.19681871323445,CAMELS-US
11383500,0.07003539088338294,0.14509522674555292,24,0.29140550274108457,0.5565856516204024,18,-3.1608321031049655,21.064779373615576,CAMELS-US
11451100,0.04111022026054595,0.15150536469208226,24,0.11299124268054864,0.2716429583575024,18,-1.7484951908415804,13.732349104130607,CAMELS-US
11468500,0.0476691198212296,0.21755506346444844,24,0.09675764901004477,0.20734694112762206,18,-1.0297762864703333,10.906180166202567,CAMELS-US
11473900,0.10374175056914726,0.28256550409057657,24,0.24490095026479472,0.364022992611755,17,-1.360678790566198,15.706537949344307,CAMELS-US
11475560,0.03441204046002182,0.14427258411012955,24,0.05026473516512493,0.16007495262849852,17,-0.4606729067263531,10.072264412607955,CAMELS-US
11476600,0.08048779913519336,0.2272361869235437,24,0.04696894802774928,0.1223513161680998,17,0.4164463616546813,15.159112241699606,CAMELS-US
11478500,0.05595998723793202,0.11731238104610558,24,0.04498273168914757,0.14547786099064836,16,0.19616258134783138,7.368430001148923,CAMELS-US
11480390,0.04986371072719805,0.2088990748773838,24,0.03428969574384655,0.08999958131215399,17,0.312331648732606,10.316685881496426,CAMELS-US
11481200,0.10959371304578286,0.28884836683027976,24,0.1124435837053731,0.2381949093875308,17,-0.026003961179777768,8.749789560022885,CAMELS-US
11482500,0.00830704696384745,0.05239639244118354,24,0.08266594276471902,0.1918178231180795,17,-8.951303167597825,12.234274227313174,CAMELS-US
11522500,0.17528228328333584,0.4089699477026032,24,0.34109181620123324,0.5945102437804249,18,-0.9459571715520949,31.47933616418722,CAMELS-US
11523200,0.016602753292088022,0.09041108480485965,24,0.27743288179286174,0.49432368550681616,17,-15.710052658860583,23.39866666964788,CAMELS-US
11528700,0.09851778010349559,0.22604024416417431,24,0.33297697830306705,0.5897727725208529,17,-2.3798668418357147,28.3591023495256,CAMELS-US
11532500,0.009358941966590262,0.08088317173649967,24,0.09208767554094335,0.09651589452756137,17,-8.839539113468144,8.976737524662317,CAMELS-US
12010000,0.18300364059737265,0.36103835415964874,24,0.9029025192108538,0.7908921137992266,12,-3.933795394799467,3.5878297130088828,CAMELS-US
12013500,0.1093062684817178,0.32679998532388066,24,0.6363932617473875,0.5861330985140393,14,-4.822111307859974,5.094904126435004,CAMELS-US
12020000,0.13661372163911914,0.3483376112098875,24,0.3792717722202897,0.47564395557155514,12,-1.7762348296328514,3.2483694323564856,CAMELS-US
12025000,0.057266694104170714,0.15355764689357124,24,0.34491095381888764,0.19593929923165873,16,-5.022889206621199,7.408626954268183,CAMELS-US
12025700,0.04121721108066136,0.22412551941943765,24,0.46705675718299605,0.4870995742841249,14,-10.331595344211284,4.936260589998285,CAMELS-US
12035000,0.033540475831412876,0.17455420126188567,24,0.2720662528445464,0.26239381077969604,15,-7.111579997017762,6.551240981231658,CAMELS-US
12040500,0.12949055341005875,0.1946037104271775,24,0.8079737872387893,0.6577826923127241,12,-5.2396349846476635,3.07556085990565,CAMELS-US
12041200,0.07107408981241549,0.1146552852852676,24,0.697193712980498,0.5550999506971037,13,-8.809393476871646,3.7470371759680927,CAMELS-US
12043000,0.08387711057964876,0.24155986369461707,24,0.3661043205296961,0.42732755081104984,12,-3.3647702931069325,3.483149804762961,CAMELS-US
12048000,0.06778864192674956,0.1557006001260139,24,0.3550889426682903,0.5784077779940242,17,-4.238177555644042,22.117285486552262,CAMELS-US
12054000,0.007654989400677299,0.03996566703474797,24,0.1133875482955804,0.11015481121013879,17,-13.812241057518392,9.244526765261565,CAMELS-US
12056500,0.011663259966896683,0.11061629027731086,24,0.21710903419105065,0.18216114391601035,15,-17.614781356778607,5.801909731308112,CAMELS-US
12073500,0.10892312265725453,0.24175756807969043,24,0.2268909202733273,0.4571757494058394,18,-1.0830372352368092,13.411251727211758,CAMELS-US
12082500,0.07073428094891206,0.20249370269532418,24,0.19208621521686464,0.09465944752050204,16,-1.7156028539485573,8.427735465081557,CAMELS-US
12092000,0.007549821992710588,0.052918873355207965,24,0.2200382157748776,0.19032697016205585,15,-28.144821690806246,6.393439395910209,CAMELS-US
12095000,0.030782667192138003,0.16475653646579208,24,0.14077194080939154,0.09023846283683049,16,-3.5730910817677675,8.19869993342143,CAMELS-US
12114500,0.042321376131483394,0.21392081381152714,24,0.23526607232625657,0.2185368021895521,16,-4.5590364452076315,7.578681820559876,CAMELS-US
12115000,0.1694496332234268,0.26716981848631194,24,0.5835521670130707,0.339598656797492,15,-2.4438089709148647,6.449574600032965,CAMELS-US
12115500,0.045869687482650544,0.14759829207047434,24,0.3809885588343139,0.4329318481524185,13,-7.305889569847549,4.075444654953779,CAMELS-US
12117000,0.03811516600441073,0.1408503746973863,24,0.13156539806873382,0.26430734657243943,18,-2.4517860437367354,13.942936863520812,CAMELS-US
12141300,0.04805802983209186,0.15827680957013743,24,0.7726886308415408,0.5540708697905374,13,-15.078241940862089,3.805780475632431,CAMELS-US
12143600,0.005768928567262356,0.04533818547931295,24,0.3703534772102843,0.18923272134558466,15,-63.19796551338396,5.689581859344956,CAMELS-US
12144000,0.03479175659025827,0.1483186477172759,24,0.1834147608046991,0.05942707346422932,16,-4.271787882536963,7.94511286988892,CAMELS-US
12145500,0.07224659259765649,0.17504767775307545,24,0.5750889443859419,0.5559587520743302,13,-6.9600839805501975,4.036491946997237,CAMELS-US
12147500,0.05449514529334854,0.25991937492364103,24,0.11172586712435033,0.04904862451251754,14,-1.0501985364554507,5.261929600707857,CAMELS-US
12147600,0.2006759641389261,0.3445330398682228,24,0.6211849751298911,0.5551716939597622,10,-2.0954627665316736,2.223959903336711,CAMELS-US
12167000,0.042155278686785445,0.05699981154675784,24,0.4440133426705195,0.43850955521449303,12,-9.532805297517955,3.663000867470418,CAMELS-US
12175500,0.018587146013094226,0.11688573053995004,24,0.2678670052209029,0.2222748733586981,15,-13.41141125335738,6.393364865007543,CAMELS-US
12178100,0.022984494667425182,0.11586727758000064,24,0.21763082977683645,0.0671298220200508,15,-8.46859319405765,6.719770423191313,CAMELS-US
12186000,0.05924816593978859,0.2186989395560558,24,0.051636787791031966,0.1289121749773542,15,0.12846605507572584,6.609235348869365,CAMELS-US
12189500,0.06491584802576118,0.18614080219926857,24,0.2955359055742819,0.1269384968306705,17,-3.552600244196171,8.94993841141986,CAMELS-US
12358500,1.4969941274737162,1.105539770093314,24,1.0844137283128312,0.43809808859588284,17,0.27560589022292536,15.016819993564733,CAMELS-US
12374250,0.8613523033583426,1.0164066451439306,24,0.3295251937919642,0.45618352721075695,16,0.6174327362832,61.27523323573707,CAMELS-US
12375900,0.16721865176495898,0.4650509268876551,24,0.2368415279923609,0.444972282198881,18,-0.41635831584901917,25.719995780230843,CAMELS-US
12377150,0.3834400449283508,0.6394141333321101,24,0.520115017081785,0.32220197038282017,18,-0.35644417937352646,10.70049834049163,CAMELS-US
12381400,1.0175362749056174,1.136047970147593,24,0.364810592513074,0.26230073060908565,18,0.6414765728652647,30.040493614468616,CAMELS-US
12383500,0.7723959388125275,1.0070614549978736,24,0.13627803111390255,0.306577659790285,17,0.8235645421395991,44.81009545583714,CAMELS-US
12388400,1.027566868462727,1.0545371341213854,24,0.6314077638287117,0.4312796504495742,17,0.3855312163058372,18.05783666404069,CAMELS-US
12390700,0.5596933890187742,0.8065624442076581,24,0.16762101471507915,0.30020214200646766,17,0.7005127843140264,29.3324007366553,CAMELS-US
12411000,0.37221042323411657,0.6284744609817363,24,0.4238801022782137,0.3186817686331165,18,-0.13881846347864757,11.320263144394744,CAMELS-US
12414500,0.5110398728374339,0.7280097693002106,24,0.30688394830263727,0.1887090652914213,18,0.3994911852988433,20.817477875057424,CAMELS-US
12447390,0.9659331930780185,0.9757810926897714,24,0.7951639994772017,0.7953810367120022,17,0.17679193015062244,11.671686891840713,CAMELS-US
12451000,0.3312238278284569,0.5383432614905166,24,0.3997489615760871,0.29526455905702065,18,-0.20688467432095448,13.120741968783108,CAMELS-US
12488500,0.6975629776799436,0.8688241692462668,24,0.4907385879651647,0.2077182174146589,18,0.2964956517656162,16.81030940266705,CAMELS-US
13011500,0.6023361406434267,0.7657430836090022,24,0.49126917603595044,0.5762308157466121,18,0.1843936584791881,15.954062640729772,CAMELS-US
13011900,0.7735878913576578,0.9591641698166592,24,0.23484642327798497,0.18031649371707936,18,0.6964192098898728,25.73001529025362,CAMELS-US
13018300,1.1955639362347206,1.1193090755237707,24,0.058769896416237255,0.07387884682448131,17,0.9508433680248622,47.07286946069902,CAMELS-US
13023000,0.9199826758331214,1.0441396078208727,24,0.06394723517670936,0.18645240365987303,17,0.9304908267769284,49.78428582377208,CAMELS-US
13083000,0.16430945461699267,0.40857373932745233,24,1.165052159465446,1.097706757570419,13,-6.090597203801794,111.86286850073353,CAMELS-US
13161500,1.253935010267186,1.204162005121163,24,0.23421699770071658,0.4044904235377167,15,0.8132144044284958,69.04846340808267,CAMELS-US
13235000,1.2403788486309124,1.2145070590683817,24,0.1956279448159138,0.3784792350243053,15,0.8422837143411135,66.97962657037975,CAMELS-US
13240000,0.2499514641616638,0.5019222254182377,24,0.3050287070088513,0.42445751969829393,18,-0.22035175121664663,10.879474899320169,CAMELS-US
13310700,1.0266771225285456,1.1225445958717952,24,0.167003533610716,0.20197914561597818,18,0.8373358771261872,37.964766794910055,CAMELS-US
13313000,0.8870376067755221,0.9917616359456426,24,0.04487485072198131,0.09113521832246652,17,0.949410430426838,41.68569166466807,CAMELS-US
13331500,0.9821225094832658,1.1269814063769403,24,0.3575178565629566,0.21851300527339632,18,0.6359742770267417,24.713350316118497,CAMELS-US
13337000,0.967759623331304,1.11828153697059,24,0.40217336246341007,0.3451035587386371,18,0.584428454372776,20.72631150439517,CAMELS-US
13338500,0.18109242251578261,0.4080341618020708,24,0.15242064122310747,0.4024635879638223,17,0.15832678636885722,34.02959659139349,CAMELS-US
13340000,1.0622057932331523,1.1794032305086288,24,0.351457960363273,0.14742615036348816,18,0.669124417695462,26.20413257313957,CAMELS-US
13340600,0.648355532619739,0.9231299279439087,24,0.1635803144584215,0.11484942022876173,18,0.7476996705843467,26.120097558859044,CAMELS-US
14020000,0.20097308190036392,0.525896526424208,24,0.2661949462101576,0.16906852591804217,18,-0.32453034850771023,10.885225341430637,CAMELS-US
14092750,0.18308924610512586,0.4780222345175358,24,0.2591679907178988,0.44065810138842687,18,-0.41552819857639367,19.971980103946983,CAMELS-US
14096850,0.2291154816565452,0.4308738174577648,24,0.2073414556701542,0.2774092455135826,17,0.09503515794288964,15.30278169715132,CAMELS-US
14137000,0.010727286192646915,0.08025204718307179,24,0.17960381224464952,0.19026398505865752,16,-15.742707243865656,7.245019404875119,CAMELS-US
14138800,0.14982545199329467,0.3342019232752472,24,1.109415334243325,0.8120227712719994,12,-6.404718754280656,3.045713934674506,CAMELS-US
14138870,0.13038493858545397,0.26608038664709444,24,0.8511234397397754,0.719500802755284,12,-5.527774212064772,3.2827310902400413,CAMELS-US
14138900,0.16409284301207852,0.32795153733484456,24,1.0456581562042109,0.7700186567425985,12,-5.372356874377771,3.0376868337784653,CAMELS-US
14139800,0.019591635310469712,0.12317197613310774,24,0.4227783820747046,0.41875537486319236,14,-20.579535111536764,4.933362869319688,CAMELS-US
14141500,0.016912764278752233,0.12931425713885933,24,0.2899020471547133,0.3535635921796751,14,-16.141020969524284,5.286895657613677,CAMELS-US
14154500,0.005559466382728533,0.056621032272130556,24,0.2659360033962965,0.06352502045526344,16,-46.834807351740416,6.974171346342742,CAMELS-US
14158500,0.6145960229952595,0.7320239982160669,24,0.5813145289129624,0.7418700723539123,14,0.05415182141937447,88.00210135542022,CAMELS-US
14158790,0.11401003237125786,0.3468353368236365,24,0.572217016773078,0.5006324783252569,15,-4.019005826695432,6.019651140148864,CAMELS-US
14166500,0.2951073939943636,0.43727494744058637,24,0.2606103866083955,0.26216876430186703,17,0.11689645223401957,15.256626529767711,CAMELS-US
14182500,0.11994707977480258,0.24605575739958369,24,0.7935111991633242,0.6869643475944565,12,-5.615510779029553,3.2173645140085845,CAMELS-US
14185000,0.0244978653163091,0.1510347930452025,24,0.3499822908602859,0.31108063025076704,15,-13.28623622268387,6.0189284998909605,CAMELS-US
14185900,0.13458150229711402,0.31838413656166975,24,0.7709644385923967,0.7170866059415668,12,-4.728606275254288,3.661101113048798,CAMELS-US
14187000,0.055449251656351284,0.25025366363095053,24,0.17008570375598772,0.17147693771722353,16,-2.0674120691492814,8.318991491618485,CAMELS-US
14216500,0.3325074618446329,0.5641182521941089,24,0.6336205637516096,0.4347036178712528,17,-0.9055829912402822,8.746609110194665,CAMELS-US
14222500,0.10832264167683207,0.35460404208941115,24,0.45359933573790284,0.41659863896246396,15,-3.1874840634995163,6.407158745477693,CAMELS-US
14236200,0.13844119962661797,0.36245137814284434,24,0.9981797589608759,0.7030891902063224,14,-6.210135145123061,4.548587412825938,CAMELS-US
14301000,0.8611574425771885,1.0448390838048676,24,1.176732205430349,0.8527077357388717,17,-0.36645420134643314,8.716018099313866,CAMELS-US
14303200,0.1879514102152716,0.4689559747728822,24,0.372198139427085,0.38409608493545194,17,-0.9802891555896549,8.91194158928054,CAMELS-US
14305500,0.17011700237423388,0.4077456446770553,24,1.0797566551518172,0.7666148373568044,14,-5.347141320868691,4.559368026601725,CAMELS-US
14306340,0.040259057150019185,0.21469796744122108,24,0.2063645559793724,0.17757181541697634,16,-4.125916267993724,7.701894983957613,CAMELS-US
14306500,0.11403578453023605,0.3513319561328154,24,0.25659853911468306,0.2038551699555049,17,-1.2501580549625384,9.344140971735223,CAMELS-US
14308990,0.09510063160066716,0.2184518123730507,24,0.2699096078030964,0.43470546287900996,18,-1.8381473735785674,17.4156276571939,CAMELS-US
14309500,0.016763204624831465,0.12160076905827293,24,0.07443243460253299,0.11640286597541111,17,-3.4402270489662605,9.231073921462494,CAMELS-US
14316700,0.008922515200906212,0.07675939329315498,24,0.17339320846834702,0.054542070679457516,16,-18.433220853547706,7.546339570112518,CAMELS-US
14325000,0.0020159819553725897,0.026471985700745,24,0.13501626539447054,0.06644769631283134,16,-65.97295332165665,7.504599023068017,CAMELS-US
14362250,0.11515612062225346,0.2688342936414063,24,0.6170323292134037,0.8185556337900373,18,-4.35822434690601,32.47157529997625,CAMELS-US
14400000,0.02855683137888124,0.17972862742129753,24,0.22558832544683038,0.12208828943858796,17,-6.8996273239775725,8.590933744560884,CAMELS-US
