gauge_id,n_models,best_nse_model,best_nse_eval_nse,tau_err_nse,best_beta_de_model,dist_beta_de_best,disagree_beta_de,tau_err_beta_de_best,delta_tau_err_beta_de,best_beta_raw_model,dist_beta_raw_best,disagree_beta_raw,tau_err_beta_raw_best,delta_tau_err_beta_raw,best_de_const_model,dist_de_const_best,disagree_de_const,tau_err_de_const_best,delta_tau_err_de_const,best_de_shuff_model,dist_de_shuff_best,disagree_de_shuff,tau_err_de_shuff_best,delta_tau_err_de_shuff,best_scalar_model,dist_scalar_best,disagree_scalar,tau_err_scalar_best,delta_tau_err_scalar
10002,4,rrmpg_hbvedu,0.5055803680104598,0.9563419977852088,rrmpg_gr4j,0.2564564903104306,True,1.3907687239768804,0.43442672619167166,seasonal_ar1_null,0.2594112376524106,True,0.0432913359646649,-0.9130506618205438,seasonal_ar1_null,0.25791056927351375,True,0.0432913359646649,-0.9130506618205438,seasonal_ar1_null,0.3334234861109797,True,0.0432913359646649,-0.9130506618205438,,,,,
10003,5,global_lstm,0.5149531844054525,0.4014222588422409,global_lstm,0.0963961084941682,False,0.4014222588422409,0.0,global_lstm,0.3482212341840426,False,0.4014222588422409,0.0,global_lstm,0.3482212341840426,False,0.4014222588422409,0.0,seasonal_ar1_null,0.41043520630792196,True,0.0484684540517246,-0.3529538047905163,,,,,
101002,5,global_lstm,0.5084293641205053,0.5163653622285235,seasonal_ar1_null,0.4417826623268629,True,0.6400879025435902,0.12372254031506669,seasonal_climatology,0.2055303731252497,True,1.2962833742301634,0.7799180120016399,seasonal_climatology,0.20553037312524974,True,1.2962833742301634,0.7799180120016399,global_lstm,0.2682876848971083,False,0.5163653622285235,0.0,rrmpg_gr4j,0.015436605737763287,True,0.5541644486175901,0.037799086389066594
101005,4,global_lstm,0.5364971350898791,0.7729814963402992,seasonal_ar1_null,0.5330694387333657,True,0.5576162163263764,-0.21536528001392286,seasonal_ar1_null,0.7636914931974578,True,0.5576162163263764,-0.21536528001392286,seasonal_ar1_null,0.7636914931974579,True,0.5576162163263764,-0.21536528001392286,seasonal_ar1_null,0.6411501028798896,True,0.5576162163263764,-0.21536528001392286,,,,,
102001,4,global_lstm,0.3535698455096402,1.2805578045267128,global_lstm,0.1963600060873753,False,1.2805578045267128,0.0,seasonal_ar1_null,0.6887281017805926,True,0.031311726088706,-1.2492460784380068,seasonal_ar1_null,0.6887281017805926,True,0.031311726088706,-1.2492460784380068,global_lstm,0.520902518694935,False,1.2805578045267128,0.0,,,,,
106001,4,global_lstm,0.1407525268476847,1.3077771994989882,seasonal_ar1_null,0.3135470060033241,True,0.080723814322567,-1.2270533851764212,rrmpg_gr4j,0.234938048583417,True,1.4115163079433448,0.10373910844435663,rrmpg_gr4j,0.23493804858341705,True,1.4115163079433448,0.10373910844435663,seasonal_ar1_null,0.44909053546964417,True,0.080723814322567,-1.2270533851764212,,,,,
11001,5,rrmpg_hbvedu,0.5281144927090275,0.9239315192533466,rrmpg_hbvedu,0.2802128783399096,False,0.9239315192533466,0.0,global_lstm,0.375792683446318,True,0.5151337126019248,-0.40879780665142185,global_lstm,0.3757926834463181,True,0.5151337126019248,-0.40879780665142185,seasonal_ar1_null,0.16122411186595742,True,0.01628625379559,-0.9076452654577566,global_lstm,0.21782178971519217,True,0.5151337126019248,-0.40879780665142185
11003,5,global_lstm,0.4375119073167076,1.0273254316666092,rrmpg_hbvedu,0.0696213405025497,True,1.249803442759699,0.22247801109308973,seasonal_ar1_null,0.449872496497686,True,0.0795406669333949,-0.9477847647332143,seasonal_ar1_null,0.449872496497686,True,0.0795406669333949,-0.9477847647332143,seasonal_ar1_null,0.427158352489758,True,0.0795406669333949,-0.9477847647332143,,,,,
11004,4,rrmpg_hbvedu,0.5164034696327162,0.8642418889013417,rrmpg_gr4j,0.0639758115339406,True,0.9792618154895516,0.11501992658820992,seasonal_ar1_null,0.4083659389121828,True,0.1638921934762121,-0.7003496954251296,seasonal_ar1_null,0.4192968904738241,True,0.1638921934762121,-0.7003496954251296,seasonal_ar1_null,0.18339954365050892,True,0.1638921934762121,-0.7003496954251296,rrmpg_hbvedu,0.05006250860423411,False,0.8642418889013417,0.0
12001,4,rrmpg_hbvedu,0.432693111093187,1.1213221680767689,global_lstm,0.1449653955583068,True,1.0892917130744193,-0.03203045500234958,seasonal_ar1_null,0.4059112244256564,True,0.0243103462267922,-1.0970118218499767,seasonal_ar1_null,0.4059112244256564,True,0.0243103462267922,-1.0970118218499767,seasonal_ar1_null,0.2685887359977661,True,0.0243103462267922,-1.0970118218499767,,,,,
12002,5,global_lstm,0.4827242463362907,1.053557672349694,rrmpg_gr4j,0.2188853808836228,True,1.2469109459720862,0.19335327362239219,seasonal_ar1_null,0.2580965303506735,True,0.0061037231023156,-1.0474539492473784,seasonal_ar1_null,0.25577976482042564,True,0.0061037231023156,-1.0474539492473784,seasonal_ar1_null,0.5157416309243085,True,0.0061037231023156,-1.0474539492473784,rrmpg_gr4j,0.24332095119830321,True,1.2469109459720862,0.19335327362239219
12005,4,global_lstm,0.4741040155040376,0.7429391655741663,rrmpg_gr4j,0.0893085742467897,True,1.1431352566814297,0.4001960911072634,seasonal_ar1_null,0.1912078493489883,True,0.0369973357411102,-0.7059418298330561,seasonal_ar1_null,0.19120784934898838,True,0.0369973357411102,-0.7059418298330561,seasonal_ar1_null,0.18748268776366028,True,0.0369973357411102,-0.7059418298330561,,,,,
12007,4,global_lstm,0.2968622558320793,1.3692957414707765,seasonal_climatology,0.3768265150798565,True,0.8237097577184254,-0.5455859837523511,seasonal_ar1_null,0.4009463524632074,True,0.0028869190539644,-1.366408822416812,seasonal_ar1_null,0.4125585709628979,True,0.0028869190539644,-1.366408822416812,seasonal_ar1_null,0.2387064222248274,True,0.0028869190539644,-1.366408822416812,,,,,
12008,5,global_lstm,0.5771033934317253,0.7541978568960517,rrmpg_hbvedu,0.2306442965619771,True,1.197249127197652,0.4430512703016003,seasonal_ar1_null,0.5926965039717409,True,0.1312117817507657,-0.622986075145286,seasonal_ar1_null,0.5926965039717409,True,0.1312117817507657,-0.622986075145286,seasonal_ar1_null,0.47944549950166737,True,0.1312117817507657,-0.622986075145286,,,,,
12009,4,global_lstm,0.5580167128094708,0.4816628854829606,rrmpg_gr4j,0.4864792195068748,True,0.6535233427894297,0.1718604573064691,seasonal_ar1_null,0.5258014691291015,True,0.1246673726919215,-0.3569955127910391,seasonal_ar1_null,0.5258014691291015,True,0.1246673726919215,-0.3569955127910391,seasonal_ar1_null,0.4259981496138011,True,0.1246673726919215,-0.3569955127910391,seasonal_ar1_null,0.5751021172920356,True,0.1246673726919215,-0.3569955127910391
13001,4,global_lstm,0.5024931552671839,0.7374942995513525,rrmpg_gr4j,0.0540215639208787,True,1.5027645953431463,0.7652702957917938,seasonal_ar1_null,0.4292543875712868,True,0.0354426038052923,-0.7020516957460602,seasonal_ar1_null,0.42925438757128687,True,0.0354426038052923,-0.7020516957460602,seasonal_ar1_null,0.5017883268529113,True,0.0354426038052923,-0.7020516957460602,,,,,
13004,4,global_lstm,0.5391003099287295,0.729506517541874,global_lstm,0.2041011435819477,False,0.729506517541874,0.0,seasonal_ar1_null,0.5216501048227687,True,0.2302305665571958,-0.49927595098467825,seasonal_ar1_null,0.5216501048227687,True,0.2302305665571958,-0.49927595098467825,global_lstm,0.17080987632810585,False,0.729506517541874,0.0,rrmpg_hbvedu,0.0004389397022821484,True,1.1127925864113946,0.38328606886952055
13005,4,global_lstm,0.1411214165725112,0.2756609609267734,seasonal_ar1_null,0.1897173093647456,True,0.0272740827318294,-0.24838687819494398,seasonal_ar1_null,0.1990670226447165,True,0.0272740827318294,-0.24838687819494398,seasonal_ar1_null,0.19906702264471643,True,0.0272740827318294,-0.24838687819494398,seasonal_ar1_null,0.13171884940337408,True,0.0272740827318294,-0.24838687819494398,,,,,
13007,4,global_lstm,0.5671092120992319,0.6882833550511672,rrmpg_gr4j,0.1209510825147349,True,0.6712011777291231,-0.01708217732204409,seasonal_ar1_null,0.4501310669330338,True,0.0648807796515602,-0.6234025753996071,seasonal_ar1_null,0.4624671571236947,True,0.0648807796515602,-0.6234025753996071,,,,,,rrmpg_hbvedu,0.009903362419250605,True,1.2466145455639412,0.558331190512774
13008,5,global_lstm,0.5092886673365308,0.6992822997192045,global_lstm,0.1149260782105405,False,0.6992822997192045,0.0,seasonal_ar1_null,0.3157177549857112,True,0.1879187600259168,-0.5113635396932877,seasonal_ar1_null,0.3190590103121972,True,0.1879187600259168,-0.5113635396932877,seasonal_ar1_null,0.2620213865284806,True,0.1879187600259168,-0.5113635396932877,,,,,
14001,5,global_lstm,0.5488303865241924,0.3395445370827622,rrmpg_gr4j,0.162088018271775,True,1.0151891037774703,0.6756445666947081,global_lstm,0.1575022622811857,False,0.3395445370827622,0.0,global_lstm,0.15750226228118558,False,0.3395445370827622,0.0,global_lstm,0.1883804434565306,False,0.3395445370827622,0.0,,,,,
14002,4,global_lstm,0.1772838298949723,0.1663425771448248,global_lstm,0.2784229340884669,False,0.1663425771448248,0.0,seasonal_ar1_null,0.3439520841157077,True,0.0566539975709411,-0.10968857957388371,seasonal_ar1_null,0.3439520841157079,True,0.0566539975709411,-0.10968857957388371,global_lstm,0.34493137326616685,False,0.1663425771448248,0.0,seasonal_ar1_null,0.29190586950892783,True,0.0566539975709411,-0.10968857957388371
14005,4,global_lstm,0.5414820416639745,0.404139448184442,seasonal_ar1_null,0.4696095992515392,True,0.1384577008927951,-0.26568174729164684,rrmpg_gr4j,0.1357741420967478,True,1.1852828453814988,0.7811433971970567,rrmpg_gr4j,0.13577414209674787,True,1.1852828453814988,0.7811433971970567,rrmpg_hbvedu,0.10809640477429383,True,0.7852632474411214,0.38112379925667944,,,,,
15006,5,rrmpg_hbvedu,0.5573588516712464,0.976104895854083,seasonal_ar1_null,0.1656224649688645,True,0.0039345833398692,-0.9721703125142138,seasonal_ar1_null,0.1616963586298148,True,0.0039345833398692,-0.9721703125142138,seasonal_ar1_null,0.16967592282635713,True,0.0039345833398692,-0.9721703125142138,seasonal_ar1_null,0.0806564101586762,True,0.0039345833398692,-0.9721703125142138,,,,,
15007,5,rrmpg_hbvedu,0.5726164329738825,0.9799479568049,seasonal_ar1_null,0.1003580875751505,True,0.0048863089717796,-0.9750616478331204,seasonal_ar1_null,0.0974700139439966,True,0.0048863089717796,-0.9750616478331204,seasonal_ar1_null,0.09747001394399668,True,0.0048863089717796,-0.9750616478331204,seasonal_ar1_null,0.3566336041763598,True,0.0048863089717796,-0.9750616478331204,,,,,
15010,5,global_lstm,0.6036365689458956,0.9461609412145456,rrmpg_hbvedu,0.1373836212414884,True,1.1140241092894514,0.16786316807490576,seasonal_ar1_null,0.4114187263439637,True,0.227920042933667,-0.7182408982808787,seasonal_ar1_null,0.4114187263439638,True,0.227920042933667,-0.7182408982808787,seasonal_ar1_null,0.25971027946802194,True,0.227920042933667,-0.7182408982808787,,,,,
15011,4,rrmpg_hbvedu,0.3278497337862416,1.266792705453229,global_lstm,0.0887847854989336,True,1.0553577305538364,-0.21143497489939267,seasonal_ar1_null,0.4757963323946313,True,0.1726621281961493,-1.0941305772570797,seasonal_ar1_null,0.4757963323946313,True,0.1726621281961493,-1.0941305772570797,seasonal_ar1_null,0.4316282102984372,True,0.1726621281961493,-1.0941305772570797,rrmpg_gr4j,0.020727486317537847,True,1.3354412285763204,0.06864852312309133
15012,4,rrmpg_gr4j,0.5441843629249654,0.7278330738723662,rrmpg_gr4j,0.0921430397116709,False,0.7278330738723662,0.0,seasonal_ar1_null,0.1659233900012267,True,0.1421178218193024,-0.5857152520530637,seasonal_ar1_null,0.1659233900012268,True,0.1421178218193024,-0.5857152520530637,rrmpg_gr4j,0.12912356344210307,False,0.7278330738723662,0.0,seasonal_ar1_null,0.15082264848865323,True,0.1421178218193024,-0.5857152520530637
15013,4,global_lstm,0.590167448223041,0.9969430520154838,rrmpg_hbvedu,0.1336951650371543,True,1.137588551535293,0.1406454995198092,seasonal_ar1_null,0.6844971682331804,True,0.0993112670066823,-0.8976317850088016,seasonal_ar1_null,0.6878141607689604,True,0.0993112670066823,-0.8976317850088016,seasonal_ar1_null,0.4999588340558859,True,0.0993112670066823,-0.8976317850088016,global_lstm,0.0014382325651514094,False,0.9969430520154838,0.0
15014,4,global_lstm,0.3742469455945345,1.2998759041862953,rrmpg_gr4j,0.2369839829102138,True,1.500404182582373,0.20052827839607779,seasonal_ar1_null,0.6016667462173649,True,0.1713201351992843,-1.128555768987011,seasonal_ar1_null,0.6016667462173648,True,0.1713201351992843,-1.128555768987011,seasonal_ar1_null,0.6867123669718112,True,0.1713201351992843,-1.128555768987011,,,,,
15016,4,rrmpg_gr4j,0.5437571693137262,0.9408975389708092,seasonal_ar1_null,1.320143793357222,True,0.7763389128148235,-0.1645586261559857,rrmpg_hbvedu,0.0821449634948812,True,1.0276439744982966,0.0867464355274874,rrmpg_hbvedu,0.08214496349488143,True,1.0276439744982966,0.0867464355274874,rrmpg_gr4j,0.07757540406113295,False,0.9408975389708092,0.0,,,,,
15021,4,rrmpg_gr4j,0.5570569132002494,0.6283931025470814,rrmpg_hbvedu,0.2499091411204634,True,0.5881485130575358,-0.04024458948954557,global_lstm,0.0581507217842767,True,0.3852558074433224,-0.24313729510375898,global_lstm,0.06256705314339595,True,0.3852558074433224,-0.24313729510375898,rrmpg_hbvedu,0.46708964726162394,True,0.5881485130575358,-0.04024458948954557,seasonal_ar1_null,0.023472669081624487,True,0.7778224532432707,0.14942935069618934
15023,5,global_lstm,0.5264235634460769,1.028792286148705,rrmpg_gr4j,0.159001348561407,True,1.3583984845874584,0.3296061984387533,seasonal_ar1_null,0.304749822055853,True,0.1406401723399987,-0.8881521138087064,seasonal_ar1_null,0.304749822055853,True,0.1406401723399987,-0.8881521138087064,seasonal_climatology,0.18492292640578584,True,1.1054046461698563,0.07661236002115124,,,,,
15024,4,global_lstm,0.5412702535615653,1.3071493035824306,seasonal_ar1_null,0.3152662036976559,True,0.1018478500058375,-1.2053014535765931,seasonal_ar1_null,0.3362983679074797,True,0.1018478500058375,-1.2053014535765931,seasonal_ar1_null,0.3362983679074797,True,0.1018478500058375,-1.2053014535765931,,,,,,seasonal_ar1_null,0.040440779986392394,True,0.1018478500058375,-1.2053014535765931
15025,5,global_lstm,0.4825466901349509,1.1352728318657883,rrmpg_gr4j,0.0685132324357405,True,1.4107931007870298,0.2755202689212415,seasonal_ar1_null,0.5082145107872872,True,0.1017726011709425,-1.0335002306948458,seasonal_ar1_null,0.5082145107872872,True,0.1017726011709425,-1.0335002306948458,global_lstm,0.4896274490620974,False,1.1352728318657883,0.0,,,,,
15030,5,rrmpg_hbvedu,0.5763270922267778,0.9320392389071857,seasonal_climatology,0.0901579687514012,True,1.2991499972860232,0.36711075837883755,global_lstm,0.2871319099616753,True,0.7949012793021891,-0.13713795960499653,global_lstm,0.28713190996167537,True,0.7949012793021891,-0.13713795960499653,seasonal_ar1_null,0.30636311125640625,True,0.0302616554337995,-0.9017775834733861,,,,,
16001,4,global_lstm,0.5315671324729339,0.7998983911235438,global_lstm,0.1873827246896107,False,0.7998983911235438,0.0,seasonal_ar1_null,0.4724875531064767,True,0.2739200800910456,-0.5259783110324981,seasonal_ar1_null,0.4724875531064767,True,0.2739200800910456,-0.5259783110324981,seasonal_ar1_null,0.33696127674809484,True,0.2739200800910456,-0.5259783110324981,,,,,
16004,5,rrmpg_gr4j,0.5316057620092296,0.8236139507149146,global_lstm,0.2184580472832114,True,0.7799285557533339,-0.04368539496158075,seasonal_ar1_null,0.3613813249890139,True,0.1850915508746284,-0.6385223998402862,seasonal_ar1_null,0.3613813249890139,True,0.1850915508746284,-0.6385223998402862,seasonal_ar1_null,0.2513933783459841,True,0.1850915508746284,-0.6385223998402862,seasonal_ar1_null,0.3593025139324528,True,0.1850915508746284,-0.6385223998402862
17001,4,global_lstm,0.5384194498698469,1.193409711792947,seasonal_ar1_null,0.3342527643027912,True,0.1102084176966858,-1.0832012940962612,seasonal_ar1_null,0.3719319920160467,True,0.1102084176966858,-1.0832012940962612,seasonal_ar1_null,0.37193199201604676,True,0.1102084176966858,-1.0832012940962612,global_lstm,0.07672504350773734,False,1.193409711792947,0.0,,,,,
17003,5,global_lstm,0.5292939456901213,1.2436495193984087,seasonal_climatology,0.072883387002904,True,0.8166183221372733,-0.4270311972611355,seasonal_climatology,0.3814252671577758,True,0.8166183221372733,-0.4270311972611355,seasonal_climatology,0.3814252671577758,True,0.8166183221372733,-0.4270311972611355,seasonal_climatology,0.07759255524460612,True,0.8166183221372733,-0.4270311972611355,global_lstm,0.32090076154904246,False,1.2436495193984087,0.0
17004,5,global_lstm,0.824246130256125,0.10134817378708,rrmpg_gr4j,0.1928464374911718,True,0.3889185136597362,0.2875703398726562,global_lstm,0.2269066897114791,False,0.10134817378708,0.0,global_lstm,0.2269066897114791,False,0.10134817378708,0.0,rrmpg_gr4j,0.16072425603020823,True,0.3889185136597362,0.2875703398726562,seasonal_ar1_null,0.0016186788197722901,True,0.0964173503759376,-0.004930823411142399
17005,4,global_lstm,0.4976147467925317,1.2545795971284746,rrmpg_gr4j,0.0472167872173214,True,1.5574721736999382,0.3028925765714636,seasonal_ar1_null,0.2960243675867385,True,0.049272815951747,-1.2053067811767275,seasonal_ar1_null,0.2924450613612697,True,0.049272815951747,-1.2053067811767275,global_lstm,0.2492881565171866,False,1.2545795971284746,0.0,,,,,
17015,5,rrmpg_gr4j,0.4446518879087333,0.9931712353175014,seasonal_ar1_null,0.1969532270795068,True,0.0482134135565547,-0.9449578217609467,seasonal_ar1_null,0.2219713575876422,True,0.0482134135565547,-0.9449578217609467,seasonal_ar1_null,0.2219713575876422,True,0.0482134135565547,-0.9449578217609467,seasonal_ar1_null,0.1838100344470105,True,0.0482134135565547,-0.9449578217609467,seasonal_ar1_null,0.24384357973663429,True,0.0482134135565547,-0.9449578217609467
17018,5,global_lstm,0.1948870338262349,0.6276702613975471,global_lstm,0.1114934903812199,False,0.6276702613975471,0.0,seasonal_ar1_null,0.4641101299123034,True,0.5525487216728743,-0.07512153972467284,seasonal_ar1_null,0.4641101299123034,True,0.5525487216728743,-0.07512153972467284,seasonal_ar1_null,0.2625715517264836,True,0.5525487216728743,-0.07512153972467284,,,,,
18001,4,global_lstm,0.5556521677746364,1.163107521819487,rrmpg_gr4j,0.270047579539119,True,1.498251777066448,0.335144255246961,seasonal_ar1_null,0.48815463263926,True,0.0857220683486159,-1.0773854534708711,seasonal_ar1_null,0.48815463263925996,True,0.0857220683486159,-1.0773854534708711,seasonal_ar1_null,0.22868595122102375,True,0.0857220683486159,-1.0773854534708711,,,,,
18002,4,global_lstm,0.573083055200333,0.6261251820125281,rrmpg_hbvedu,0.2394385091942068,True,0.7194104413590937,0.09328525934656562,global_lstm,0.1668106620842016,False,0.6261251820125281,0.0,global_lstm,0.1668106620842016,False,0.6261251820125281,0.0,seasonal_ar1_null,0.4704150940597783,True,0.0355101140609041,-0.590615067951624,seasonal_ar1_null,0.15126790874361729,True,0.0355101140609041,-0.590615067951624
18003,4,rrmpg_hbvedu,0.5583176468276159,1.0933624968114373,seasonal_ar1_null,0.4781839236989574,True,0.3614080542442998,-0.7319544425671375,rrmpg_gr4j,0.3356241040359115,True,1.2343938682819835,0.14103137147054623,rrmpg_gr4j,0.3356241040359116,True,1.2343938682819835,0.14103137147054623,seasonal_ar1_null,0.380409254159497,True,0.3614080542442998,-0.7319544425671375,,,,,
18008,5,rrmpg_hbvedu,0.5509002946022038,1.210001546758643,seasonal_ar1_null,1.2103484148411834,True,0.3202182561568035,-0.8897832906018395,rrmpg_hbvedu,0.2707175809345394,False,1.210001546758643,0.0,rrmpg_hbvedu,0.2707175809345397,False,1.210001546758643,0.0,global_lstm,0.7494540958582896,True,1.0739461219478466,-0.13605542481079635,seasonal_ar1_null,1.0311761110310202,True,0.3202182561568035,-0.8897832906018395
18010,5,rrmpg_hbvedu,0.5737445866756652,0.7536070450521822,seasonal_ar1_null,0.5710045185597322,True,0.2144859680329431,-0.5391210770192392,global_lstm,0.2164805098665341,True,0.6058976111239686,-0.14770943392821367,global_lstm,0.21648050986653422,True,0.6058976111239686,-0.14770943392821367,rrmpg_gr4j,0.3311725889843631,True,1.0989554289668657,0.3453483839146835,seasonal_ar1_null,0.1357095564607511,True,0.2144859680329431,-0.5391210770192392
18011,4,rrmpg_hbvedu,0.559440310223938,1.2076112559940024,seasonal_ar1_null,1.016316890517276,True,0.1088653515191231,-1.0987459044748793,rrmpg_hbvedu,0.3661960265353257,False,1.2076112559940024,0.0,rrmpg_hbvedu,0.3661960265353257,False,1.2076112559940024,0.0,rrmpg_hbvedu,0.08557423439170031,False,1.2076112559940024,0.0,,,,,
18014,4,global_lstm,0.4804737266981335,1.0893072614786656,global_lstm,0.280872995346266,False,1.0893072614786656,0.0,seasonal_ar1_null,0.5054985156065862,True,0.0078270355046927,-1.0814802259739729,seasonal_ar1_null,0.5054985156065862,True,0.0078270355046927,-1.0814802259739729,seasonal_ar1_null,0.54366842078087,True,0.0078270355046927,-1.0814802259739729,,,,,
19006,5,global_lstm,0.5420129226750647,0.8135931417675917,seasonal_climatology,0.235558082386068,True,1.2377400371650735,0.42414689539748185,seasonal_ar1_null,0.3144428136945093,True,0.2482907141742663,-0.5653024275933254,seasonal_ar1_null,0.3144428136945093,True,0.2482907141742663,-0.5653024275933254,seasonal_ar1_null,0.26967412883552133,True,0.2482907141742663,-0.5653024275933254,seasonal_ar1_null,0.35167012200442227,True,0.2482907141742663,-0.5653024275933254
19010,5,global_lstm,0.4871942737433835,0.0194996932464963,seasonal_climatology,0.2296951927745547,True,1.289133497277519,1.2696338040310227,seasonal_climatology,0.3032936856432859,True,1.289133497277519,1.2696338040310227,seasonal_climatology,0.3032936856432859,True,1.289133497277519,1.2696338040310227,seasonal_climatology,0.16660333890033663,True,1.289133497277519,1.2696338040310227,global_lstm,0.01289665875874857,False,0.0194996932464963,0.0
19017,4,global_lstm,0.4352849011089581,0.6905573463906185,global_lstm,0.158231257256222,False,0.6905573463906185,0.0,seasonal_ar1_null,0.318735087398809,True,0.234665319164016,-0.4558920272266025,seasonal_ar1_null,0.3187350873988092,True,0.234665319164016,-0.4558920272266025,seasonal_ar1_null,0.7056076054406377,True,0.234665319164016,-0.4558920272266025,rrmpg_gr4j,0.14562488662442985,True,1.1146443533388235,0.424087006948205
19020,4,global_lstm,0.4168977295781702,1.3537328700975284,rrmpg_gr4j,0.2040993354720148,True,1.4326204031304293,0.07888753303290086,seasonal_ar1_null,0.3331878397492411,True,0.1179460849674099,-1.2357867851301185,seasonal_ar1_null,0.33318783974924115,True,0.1179460849674099,-1.2357867851301185,global_lstm,0.16685920344337607,False,1.3537328700975284,0.0,rrmpg_gr4j,0.13029050677787501,True,1.4326204031304293,0.07888753303290086
20002,5,global_lstm,0.5266110077917117,0.3072797200066925,global_lstm,0.2236970545365959,False,0.3072797200066925,0.0,global_lstm,0.3044808244133089,False,0.3072797200066925,0.0,global_lstm,0.30448082441330915,False,0.3072797200066925,0.0,seasonal_ar1_null,0.5077606486333792,True,0.2647614289021728,-0.04251829110451971,rrmpg_hbvedu,0.24194707794425963,True,0.2808820680307682,-0.026397651975924308
20003,5,global_lstm,0.5804997811503319,0.6213311970625587,rrmpg_gr4j,0.1164791745245803,True,1.3423167883645664,0.7209855913020077,seasonal_ar1_null,0.2156473026335924,True,0.2962105987740758,-0.3251205982884829,seasonal_ar1_null,0.21115495146491603,True,0.2962105987740758,-0.3251205982884829,seasonal_ar1_null,0.2602160399848008,True,0.2962105987740758,-0.3251205982884829,seasonal_ar1_null,0.3247736001859023,True,0.2962105987740758,-0.3251205982884829
20007,4,global_lstm,0.6426991102345567,0.4526445581376941,global_lstm,0.3385284108008501,False,0.4526445581376941,0.0,rrmpg_gr4j,0.0374233895375727,True,0.8613312616638207,0.40868670352612657,rrmpg_gr4j,0.03742338953757268,True,0.8613312616638207,0.40868670352612657,global_lstm,0.25008968607277654,False,0.4526445581376941,0.0,,,,,
21003,4,global_lstm,0.5996028203141262,1.004547189053601,global_lstm,0.2867923584321601,False,1.004547189053601,0.0,seasonal_ar1_null,0.4292159923838964,True,0.0245162554897147,-0.9800309335638864,seasonal_ar1_null,0.4292159923838964,True,0.0245162554897147,-0.9800309335638864,,,,,,rrmpg_hbvedu,0.31747943697896175,True,1.1290975574010598,0.1245503683474587
21006,5,global_lstm,0.5926899830594494,1.007120436157374,seasonal_ar1_null,0.2407395015460472,True,0.0446464477057523,-0.9624739884516217,seasonal_ar1_null,0.2280701869745971,True,0.0446464477057523,-0.9624739884516217,seasonal_ar1_null,0.22807018697459713,True,0.0446464477057523,-0.9624739884516217,seasonal_ar1_null,0.3378660525780055,True,0.0446464477057523,-0.9624739884516217,,,,,
21008,4,global_lstm,0.5579458242706485,1.045947515703881,rrmpg_gr4j,0.0564058019845312,True,1.444612100190485,0.39866458448660413,seasonal_ar1_null,0.4415832611337619,True,0.1247512769823058,-0.9211962387215751,seasonal_ar1_null,0.4398354630596867,True,0.1247512769823058,-0.9211962387215751,seasonal_ar1_null,0.3728475071145416,True,0.1247512769823058,-0.9211962387215751,,,,,
21009,4,global_lstm,0.5676453287004288,0.9016946779733844,rrmpg_gr4j,0.2723215108707626,True,1.3387267231256,0.4370320451522155,seasonal_ar1_null,0.3754630173651055,True,0.1327292840402731,-0.7689653939331114,seasonal_ar1_null,0.37546301736510557,True,0.1327292840402731,-0.7689653939331114,seasonal_ar1_null,0.3667954900083335,True,0.1327292840402731,-0.7689653939331114,,,,,
21011,4,global_lstm,0.5438575734071645,1.0416375017003092,seasonal_ar1_null,0.467807379657122,True,0.1193843015063923,-0.9222532001939169,rrmpg_gr4j,0.2128918730120612,True,1.2151450739289402,0.173507572228631,rrmpg_gr4j,0.21289187301206125,True,1.2151450739289402,0.173507572228631,global_lstm,0.10542434084245644,False,1.0416375017003092,0.0,seasonal_ar1_null,0.22594694655045977,True,0.1193843015063923,-0.9222532001939169
21012,4,global_lstm,0.5641399915497196,1.0700502920041712,rrmpg_hbvedu,0.0746162933436346,True,1.222182091087995,0.1521317990838238,seasonal_ar1_null,0.6225826405959396,True,0.0969715787512446,-0.9730787132529266,seasonal_ar1_null,0.6225826405959395,True,0.0969715787512446,-0.9730787132529266,rrmpg_hbvedu,0.29156283511782394,True,1.222182091087995,0.1521317990838238,rrmpg_hbvedu,0.0234482077573126,True,1.222182091087995,0.1521317990838238
21013,4,global_lstm,0.5026645361459969,1.013840356522078,rrmpg_gr4j,0.0954843643670775,True,1.4493807963666885,0.43554043984461055,seasonal_ar1_null,0.2590768768230452,True,0.0749181271434058,-0.9389222293786721,seasonal_ar1_null,0.260772560810417,True,0.0749181271434058,-0.9389222293786721,global_lstm,0.1159995834907912,False,1.013840356522078,0.0,,,,,
21015,4,global_lstm,0.5145066058467508,1.0176327427216425,rrmpg_hbvedu,0.32129249581868,True,0.9602673206366368,-0.057365422085005724,seasonal_ar1_null,0.4178646857082239,True,0.0790336036330819,-0.9385991390885606,seasonal_ar1_null,0.4178646857082239,True,0.0790336036330819,-0.9385991390885606,seasonal_ar1_null,0.3929005813350377,True,0.0790336036330819,-0.9385991390885606,rrmpg_gr4j,0.26659075679672617,True,1.1956548448315771,0.17802210210993463
21016,5,global_lstm,0.5523149083962577,0.4651134407896191,seasonal_climatology,0.1282358075031925,True,1.139250760632704,0.6741373198430849,seasonal_ar1_null,0.3703897125005841,True,0.1554360989499864,-0.3096773418396327,seasonal_ar1_null,0.37038971250058417,True,0.1554360989499864,-0.3096773418396327,seasonal_ar1_null,0.6375756277956826,True,0.1554360989499864,-0.3096773418396327,,,,,
21017,4,global_lstm,0.5299293053415668,1.2802203924706943,global_lstm,0.0758478603542038,False,1.2802203924706943,0.0,seasonal_climatology,0.2416711082549901,True,0.751054963146953,-0.5291654293237413,seasonal_climatology,0.2416711082549901,True,0.751054963146953,-0.5291654293237413,seasonal_climatology,0.2040640171997481,True,0.751054963146953,-0.5291654293237413,,,,,
21018,4,global_lstm,0.5668488643662813,0.9155762988129325,rrmpg_hbvedu,0.2109767190916469,True,0.9230629111327932,0.007486612319860697,seasonal_ar1_null,0.3131228769085629,True,0.1621880882502978,-0.7533882105626346,seasonal_ar1_null,0.31073268216739647,True,0.1621880882502978,-0.7533882105626346,rrmpg_gr4j,0.23668367344457275,True,1.3161983194943,0.40062202068136765,,,,,
21022,5,global_lstm,0.5753442775810271,0.5078084552418725,rrmpg_gr4j,0.0525577174627667,True,1.3208460922120626,0.8130376369701902,seasonal_ar1_null,0.4614071853000069,True,0.2500283713427065,-0.25778008389916596,seasonal_ar1_null,0.4614071853000069,True,0.2500283713427065,-0.25778008389916596,seasonal_ar1_null,0.3444309676024271,True,0.2500283713427065,-0.25778008389916596,,,,,
21023,5,rrmpg_hbvedu,0.3992386539187172,0.6559410504979022,seasonal_climatology,0.3131528937257629,True,0.9556651062595573,0.29972405576165506,seasonal_ar1_null,0.3855275741425216,True,0.0588998387515028,-0.5970412117463993,seasonal_ar1_null,0.3855275741425216,True,0.0588998387515028,-0.5970412117463993,seasonal_ar1_null,0.04831536332997799,True,0.0588998387515028,-0.5970412117463993,rrmpg_hbvedu,0.11083774028378746,False,0.6559410504979022,0.0
21024,4,global_lstm,0.5053224896166936,1.114442190132544,global_lstm,0.1478048816872555,False,1.114442190132544,0.0,seasonal_ar1_null,0.5728439627634384,True,0.2934514432996759,-0.8209907468328682,seasonal_ar1_null,0.5728439627634384,True,0.2934514432996759,-0.8209907468328682,rrmpg_gr4j,0.1453956595623217,True,1.2023401694270326,0.0878979792944885,global_lstm,0.1873794094741077,False,1.114442190132544,0.0
21026,4,global_lstm,0.4450372988344262,1.350763242219961,global_lstm,0.0313105129207557,False,1.350763242219961,0.0,seasonal_ar1_null,0.4539023538842759,True,0.0554168735301062,-1.2953463686898548,seasonal_ar1_null,0.47598732894559065,True,0.0554168735301062,-1.2953463686898548,seasonal_ar1_null,0.4198281601308842,True,0.0554168735301062,-1.2953463686898548,global_lstm,0.013952578863710818,False,1.350763242219961,0.0
21027,5,global_lstm,0.559183942648259,0.5306044631224581,seasonal_climatology,0.0398181417496491,True,0.9849257664620346,0.45432130333957643,seasonal_ar1_null,0.3034382799323381,True,0.1267329644087952,-0.4038714987136629,seasonal_ar1_null,0.29978257756701143,True,0.1267329644087952,-0.4038714987136629,global_lstm,0.17773654302946817,False,0.5306044631224581,0.0,,,,,
22001,5,global_lstm,0.6285370460478253,0.5776353768381817,seasonal_ar1_null,0.2498865302428192,True,0.1860571317237155,-0.39157824511446615,seasonal_ar1_null,0.2727044955796256,True,0.1860571317237155,-0.39157824511446615,seasonal_ar1_null,0.2727044955796256,True,0.1860571317237155,-0.39157824511446615,seasonal_ar1_null,0.2615345357070745,True,0.1860571317237155,-0.39157824511446615,seasonal_ar1_null,0.06428357666270834,True,0.1860571317237155,-0.39157824511446615
22006,4,global_lstm,0.6242426303275719,0.480161143725587,rrmpg_gr4j,0.1401907715271986,True,0.985431693420433,0.505270549694846,seasonal_ar1_null,0.3961686947116263,True,0.1088047660570237,-0.3713563776685633,seasonal_ar1_null,0.3961686947116262,True,0.1088047660570237,-0.3713563776685633,global_lstm,0.6128320100344837,False,0.480161143725587,0.0,rrmpg_hbvedu,0.029478271188785765,True,0.5760500706880795,0.09588892696249246
22007,5,global_lstm,0.569008221342388,0.5721763778754123,seasonal_ar1_null,0.3108552220709297,True,0.1130020579499888,-0.4591743199254235,seasonal_ar1_null,0.3389871011564794,True,0.1130020579499888,-0.4591743199254235,seasonal_ar1_null,0.33388088143362116,True,0.1130020579499888,-0.4591743199254235,seasonal_ar1_null,0.2986853084376867,True,0.1130020579499888,-0.4591743199254235,seasonal_ar1_null,0.12656921140607835,True,0.1130020579499888,-0.4591743199254235
22009,4,global_lstm,0.6253786660692795,0.6891296938163038,rrmpg_gr4j,0.2044552288139665,True,1.3579882972611408,0.6688586034448369,seasonal_ar1_null,0.2662958024613779,True,0.0635862203432631,-0.6255434734730407,seasonal_ar1_null,0.26167335823578486,True,0.0635862203432631,-0.6255434734730407,global_lstm,0.05413684597221491,False,0.6891296938163038,0.0,seasonal_ar1_null,0.08243047790952995,True,0.0635862203432631,-0.6255434734730407
23001,4,global_lstm,0.6253602648182619,1.020937802503067,rrmpg_gr4j,0.3103444313677523,True,1.2256297350431475,0.20469193254008045,seasonal_ar1_null,0.2606686554803071,True,0.2822768315757897,-0.7386609709272773,seasonal_ar1_null,0.26066865548030715,True,0.2822768315757897,-0.7386609709272773,seasonal_ar1_null,0.10940371042835739,True,0.2822768315757897,-0.7386609709272773,seasonal_ar1_null,0.05947935070306598,True,0.2822768315757897,-0.7386609709272773
23004,4,global_lstm,0.5574584295060321,1.1587924708383228,global_lstm,0.4099478827467725,False,1.1587924708383228,0.0,seasonal_ar1_null,0.4516999029794512,True,0.097586644032877,-1.0612058268054458,seasonal_ar1_null,0.4516999029794512,True,0.097586644032877,-1.0612058268054458,seasonal_ar1_null,0.644909573660714,True,0.097586644032877,-1.0612058268054458,seasonal_ar1_null,0.09627550241451188,True,0.097586644032877,-1.0612058268054458
23006,5,global_lstm,0.5115550309993075,1.2316716227205948,rrmpg_gr4j,0.1061862981180457,True,1.4687512692443798,0.237079646523785,seasonal_ar1_null,0.4821138201517961,True,0.0292615806627255,-1.2024100420578694,seasonal_ar1_null,0.49051729955366,True,0.0292615806627255,-1.2024100420578694,seasonal_ar1_null,0.47497834191528465,True,0.0292615806627255,-1.2024100420578694,rrmpg_gr4j,0.00722816016594563,True,1.4687512692443798,0.237079646523785
23007,5,global_lstm,0.6209179208618061,0.2525958235495434,global_lstm,0.1283426377768539,False,0.2525958235495434,0.0,seasonal_ar1_null,0.2632776703401155,True,0.4496219274411506,0.19702610389160718,seasonal_ar1_null,0.2632776703401156,True,0.4496219274411506,0.19702610389160718,seasonal_ar1_null,0.1606920241351384,True,0.4496219274411506,0.19702610389160718,global_lstm,0.04941324387029078,False,0.2525958235495434,0.0
23008,5,global_lstm,0.5282001584315332,1.1530573153474275,rrmpg_gr4j,0.1074341403748246,True,1.453441287302738,0.3003839719553105,seasonal_ar1_null,0.3802568682084745,True,0.0736340452943003,-1.0794232700531272,seasonal_ar1_null,0.3802568682084746,True,0.0736340452943003,-1.0794232700531272,seasonal_ar1_null,0.11035568739783042,True,0.0736340452943003,-1.0794232700531272,rrmpg_gr4j,0.06728654346859964,True,1.453441287302738,0.3003839719553105
23016,5,global_lstm,0.4921622751267219,0.6008764027927,seasonal_climatology,0.1989366423501759,True,0.9044460575646844,0.3035696547719844,seasonal_ar1_null,0.1459757302352561,True,0.3368353725424752,-0.26404103025022485,seasonal_ar1_null,0.14597573023525612,True,0.3368353725424752,-0.26404103025022485,seasonal_ar1_null,0.1464883678499984,True,0.3368353725424752,-0.26404103025022485,seasonal_ar1_null,0.04620239509461821,True,0.3368353725424752,-0.26404103025022485
24001,4,global_lstm,0.5995793229295944,0.6947310729102163,global_lstm,0.2618788861241046,False,0.6947310729102163,0.0,seasonal_ar1_null,0.3208511736734365,True,0.1620743231558103,-0.532656749754406,seasonal_ar1_null,0.3208511736734365,True,0.1620743231558103,-0.532656749754406,seasonal_ar1_null,0.7618608058805917,True,0.1620743231558103,-0.532656749754406,rrmpg_gr4j,0.11991729908433912,True,1.2991847471979925,0.6044536742877762
24003,5,global_lstm,0.5730125655291637,0.9437943043269772,rrmpg_gr4j,0.0980843920345624,True,1.33959491712166,0.3958006127946827,seasonal_ar1_null,0.394699256478347,True,0.0190057571681915,-0.9247885471587857,seasonal_ar1_null,0.394699256478347,True,0.0190057571681915,-0.9247885471587857,rrmpg_gr4j,0.07821036732333897,True,1.33959491712166,0.3958006127946827,rrmpg_hbvedu,0.10281508874266121,True,1.1158944489067886,0.17210014457981138
24004,4,global_lstm,0.6369391485284777,0.5260293109013691,global_lstm,0.189110767181089,False,0.5260293109013691,0.0,seasonal_ar1_null,0.3969550411508517,True,0.0835495067413504,-0.44247980416001864,seasonal_ar1_null,0.3969550411508517,True,0.0835495067413504,-0.44247980416001864,seasonal_ar1_null,0.34458010430665187,True,0.0835495067413504,-0.44247980416001864,rrmpg_gr4j,0.0769159149562989,True,1.0313642224216844,0.5053349115203153
24005,4,global_lstm,0.636284630865604,0.3482068472611069,rrmpg_gr4j,0.0880069860412573,True,1.009624267684717,0.6614174204236101,seasonal_ar1_null,0.3660843666717526,True,0.4469247916660105,0.09871794440490361,seasonal_ar1_null,0.3660843666717526,True,0.4469247916660105,0.09871794440490361,seasonal_ar1_null,0.5928478043609687,True,0.4469247916660105,0.09871794440490361,global_lstm,0.04691852253886952,False,0.3482068472611069,0.0
25001,4,global_lstm,0.5639603187997926,0.7862216240766806,global_lstm,0.1424415294981521,False,0.7862216240766806,0.0,seasonal_ar1_null,0.403972113864098,True,0.1656662393172314,-0.6205553847594492,seasonal_ar1_null,0.40397211386409815,True,0.1656662393172314,-0.6205553847594492,global_lstm,0.22004669817913197,False,0.7862216240766806,0.0,,,,,
25006,5,global_lstm,0.4374410241055201,0.8989565747267629,rrmpg_gr4j,0.2106824910851137,True,1.5315393328198312,0.6325827580930683,seasonal_ar1_null,0.3521373041053542,True,0.1367625087735715,-0.7621940659531914,seasonal_ar1_null,0.3521373041053544,True,0.1367625087735715,-0.7621940659531914,global_lstm,0.19865960123662074,False,0.8989565747267629,0.0,,,,,
25020,5,global_lstm,0.5637161497055485,0.2773212516432154,rrmpg_hbvedu,0.3448040592773029,True,0.3374097475245548,0.06008849588133941,global_lstm,0.3371649494547173,False,0.2773212516432154,0.0,global_lstm,0.3371649494547173,False,0.2773212516432154,0.0,seasonal_ar1_null,0.716946052954002,True,0.5814458407850153,0.30412458914179985,rrmpg_hbvedu,0.25781366971059394,True,0.3374097475245548,0.06008849588133941
26003,4,rrmpg_hbvedu,0.1236091488280434,0.1302168185178729,seasonal_ar1_null,0.4609527041753269,True,0.2481265415757494,0.1179097230578765,seasonal_ar1_null,0.4230179431426901,True,0.2481265415757494,0.1179097230578765,seasonal_ar1_null,0.42301794314269014,True,0.2481265415757494,0.1179097230578765,seasonal_ar1_null,0.7734060592512537,True,0.2481265415757494,0.1179097230578765,seasonal_ar1_null,0.5872839376717818,True,0.2481265415757494,0.1179097230578765
26005,5,seasonal_ar1_null,0.1428819401458917,0.1138586190865656,seasonal_ar1_null,0.912799887126014,False,0.1138586190865656,0.0,seasonal_ar1_null,0.9761853447135046,False,0.1138586190865656,0.0,seasonal_ar1_null,0.9783878217310024,False,0.1138586190865656,0.0,rrmpg_gr4j,0.11339166476699614,True,0.0193771802791837,-0.0944814388073819,seasonal_ar1_null,0.6904040361131858,False,0.1138586190865656,0.0
26006,4,rrmpg_gr4j,0.3650823077357231,0.2308875011426478,seasonal_ar1_null,0.9015471042472504,True,0.2393390045787225,0.008451503436074703,seasonal_ar1_null,1.113990218553146,True,0.2393390045787225,0.008451503436074703,seasonal_ar1_null,1.113990218553146,True,0.2393390045787225,0.008451503436074703,rrmpg_hbvedu,1.007287047728885,True,0.0299318993025929,-0.2009556018400549,seasonal_ar1_null,1.4981985478553579,True,0.2393390045787225,0.008451503436074703
26008,4,rrmpg_hbvedu,0.2606059440075052,0.1614522998230682,seasonal_ar1_null,0.5747357289596312,True,0.4742528683912196,0.3128005685681514,seasonal_ar1_null,0.290382847348781,True,0.4742528683912196,0.3128005685681514,seasonal_ar1_null,0.29038284734878106,True,0.4742528683912196,0.3128005685681514,rrmpg_gr4j,0.25242288268791735,True,0.006712424230119,-0.1547398755929492,rrmpg_gr4j,0.28612334253303784,True,0.006712424230119,-0.1547398755929492
26009,5,seasonal_climatology,0.4747844742016058,0.7031641602589745,seasonal_ar1_null,0.431584630113988,True,0.1721315713471471,-0.5310325889118275,seasonal_climatology,0.1542259376205391,False,0.7031641602589745,0.0,seasonal_climatology,0.15422593762053904,False,0.7031641602589745,0.0,seasonal_ar1_null,0.4287742307418414,True,0.1721315713471471,-0.5310325889118275,seasonal_ar1_null,1.8130038834195321,True,0.1721315713471471,-0.5310325889118275
27001,4,global_lstm,0.5405310918865802,0.5582546958519915,rrmpg_gr4j,0.0902188447950944,True,0.7687575901564526,0.21050289430446112,seasonal_ar1_null,0.2934843836060539,True,0.1285928723827659,-0.4296618234692256,seasonal_ar1_null,0.29425896979995825,True,0.1285928723827659,-0.4296618234692256,seasonal_ar1_null,0.42887738529074637,True,0.1285928723827659,-0.4296618234692256,global_lstm,0.05285743610746807,False,0.5582546958519915,0.0
27002,4,global_lstm,0.6205281641982996,0.8531518244452057,global_lstm,0.0662916821706307,False,0.8531518244452057,0.0,seasonal_climatology,0.3503348166597259,True,0.4056335650277138,-0.44751825941749185,seasonal_climatology,0.35033481665972593,True,0.4056335650277138,-0.44751825941749185,seasonal_ar1_null,0.36856794768679024,True,0.04236368090826,-0.8107881435369456,global_lstm,0.02622991451560286,False,0.8531518244452057,0.0
27003,5,rrmpg_hbvedu,0.5392531231520457,0.6147131099114446,seasonal_climatology,0.2376928621668412,True,1.2918419179349598,0.6771288080235153,seasonal_ar1_null,0.4059162888623412,True,0.1398129749618128,-0.4749001349496318,seasonal_ar1_null,0.4059162888623413,True,0.1398129749618128,-0.4749001349496318,seasonal_ar1_null,0.344082783972111,True,0.1398129749618128,-0.4749001349496318,seasonal_ar1_null,0.1277835192404999,True,0.1398129749618128,-0.4749001349496318
27007,5,rrmpg_hbvedu,0.4958122883857992,1.1304741148153752,rrmpg_gr4j,0.1157067604079649,True,1.3970115008078874,0.2665373859925122,seasonal_ar1_null,0.3514361295898217,True,0.1015023602058434,-1.0289717546095318,seasonal_ar1_null,0.3498393811652939,True,0.1015023602058434,-1.0289717546095318,seasonal_ar1_null,0.3532370693339746,True,0.1015023602058434,-1.0289717546095318,,,,,
27009,5,rrmpg_hbvedu,0.5661415558473537,0.7092341486435064,seasonal_ar1_null,0.4597803931596939,True,0.2205824711714915,-0.48865167747201493,global_lstm,0.28451555384905,True,0.3249106738619385,-0.3843234747815679,global_lstm,0.2808503570190063,True,0.3249106738619385,-0.3843234747815679,rrmpg_gr4j,0.17356583956657,True,0.9669158736483532,0.25768172500484676,,,,,
27021,4,global_lstm,0.4662156189271701,0.3862505640882929,rrmpg_gr4j,0.2716051339587033,True,0.7838851159698541,0.3976345518815612,global_lstm,0.2233821483891785,False,0.3862505640882929,0.0,global_lstm,0.22338214838917847,False,0.3862505640882929,0.0,seasonal_ar1_null,0.07423018290168149,True,0.3238765521277562,-0.06237401196053671,,,,,
27023,4,global_lstm,0.5101260030952133,0.6035824354161178,global_lstm,0.108251409094697,False,0.6035824354161178,0.0,seasonal_ar1_null,0.8217349235471814,True,0.0460798043899505,-0.5575026310261673,seasonal_ar1_null,0.8217349235471814,True,0.0460798043899505,-0.5575026310261673,seasonal_ar1_null,0.8440506739172075,True,0.0460798043899505,-0.5575026310261673,global_lstm,0.1465571977288862,False,0.6035824354161178,0.0
27025,4,rrmpg_hbvedu,0.4098079657923488,0.6209401520015118,rrmpg_hbvedu,0.1830116174711449,False,0.6209401520015118,0.0,seasonal_ar1_null,0.4900808167028077,True,0.3266927791941589,-0.29424737280735286,seasonal_ar1_null,0.49715604645912403,True,0.3266927791941589,-0.29424737280735286,seasonal_ar1_null,0.18064838528349364,True,0.3266927791941589,-0.29424737280735286,rrmpg_hbvedu,0.07664110213705566,False,0.6209401520015118,0.0
27026,4,global_lstm,0.5550313167072325,0.6782883567969219,rrmpg_gr4j,0.1678822286020659,True,1.1012197571895903,0.4229314003926684,seasonal_climatology,0.4306245430736827,True,0.9564107165958896,0.2781223597989677,seasonal_climatology,0.4306245430736827,True,0.9564107165958896,0.2781223597989677,seasonal_climatology,0.35152230501777537,True,0.9564107165958896,0.2781223597989677,,,,,
27029,4,global_lstm,0.5350268749921754,0.5062071599952456,global_lstm,0.0753176460492734,False,0.5062071599952456,0.0,seasonal_ar1_null,0.2288056128454575,True,0.0741944229850843,-0.4320127370101613,seasonal_ar1_null,0.22880561284545753,True,0.0741944229850843,-0.4320127370101613,global_lstm,0.08035795396330592,False,0.5062071599952456,0.0,global_lstm,0.0614237034977434,False,0.5062071599952456,0.0
27030,5,rrmpg_hbvedu,0.5253152528366323,0.403401238384528,rrmpg_gr4j,0.187434081292205,True,0.8764086422886639,0.47300740390413587,global_lstm,0.3604562257354931,True,0.2076143404214876,-0.1957868979630404,global_lstm,0.3604562257354932,True,0.2076143404214876,-0.1957868979630404,rrmpg_gr4j,0.0973230551858214,True,0.8764086422886639,0.47300740390413587,rrmpg_hbvedu,0.12470572768341581,False,0.403401238384528,0.0
27032,4,rrmpg_gr4j,0.3388635623889111,1.472571333835397,rrmpg_gr4j,0.0882600069005019,False,1.472571333835397,0.0,seasonal_ar1_null,0.4543634295859998,True,0.0389829317248275,-1.4335884021105694,seasonal_ar1_null,0.45786448330310403,True,0.0389829317248275,-1.4335884021105694,global_lstm,0.13852190402570375,True,0.9243912526351412,-0.5481800812002557,,,,,
27034,4,global_lstm,0.5494472729387585,0.8304212204543316,global_lstm,0.172177365068786,False,0.8304212204543316,0.0,seasonal_ar1_null,0.4987106886388697,True,0.11489499738343,-0.7155262230709016,seasonal_ar1_null,0.5178585740526227,True,0.11489499738343,-0.7155262230709016,global_lstm,0.17175732295775464,False,0.8304212204543316,0.0,global_lstm,0.1458632121744179,False,0.8304212204543316,0.0
27035,4,rrmpg_hbvedu,0.5686861169028475,0.8100815774120967,seasonal_ar1_null,0.3211211059070347,True,0.0439499595167772,-0.7661316178953196,seasonal_ar1_null,0.3319321224597945,True,0.0439499595167772,-0.7661316178953196,seasonal_ar1_null,0.3319321224597944,True,0.0439499595167772,-0.7661316178953196,rrmpg_hbvedu,0.2738017646718133,False,0.8100815774120967,0.0,,,,,
27038,4,rrmpg_gr4j,0.0707403470664241,0.3441431918836818,rrmpg_gr4j,0.0963714817815203,False,0.3441431918836818,0.0,rrmpg_gr4j,0.3559343268991124,False,0.3441431918836818,0.0,rrmpg_gr4j,0.3559343268991123,False,0.3441431918836818,0.0,seasonal_ar1_null,0.15850564373083686,True,0.1926953250501174,-0.1514478668335644,rrmpg_gr4j,0.15574957979004034,False,0.3441431918836818,0.0
27041,4,rrmpg_hbvedu,0.5878779574356174,0.2584340553247867,rrmpg_hbvedu,0.6416739663352131,False,0.2584340553247867,0.0,global_lstm,0.4133662242313589,True,0.099201226628886,-0.1592328286959007,global_lstm,0.41341943028472516,True,0.099201226628886,-0.1592328286959007,,,,,,rrmpg_hbvedu,0.008359916235347375,False,0.2584340553247867,0.0
27042,5,global_lstm,0.5390949179252411,0.4539018624916987,global_lstm,0.1107627662018815,False,0.4539018624916987,0.0,seasonal_ar1_null,0.3537448669322317,True,0.2424276527776873,-0.21147420971401143,seasonal_ar1_null,0.35374486693223184,True,0.2424276527776873,-0.21147420971401143,global_lstm,0.3100177156616741,False,0.4539018624916987,0.0,rrmpg_hbvedu,0.01994954290569373,True,0.5636389628797334,0.10973710038803464
27043,5,global_lstm,0.5534282609213435,1.117669369828154,global_lstm,0.1996039614867958,False,1.117669369828154,0.0,seasonal_ar1_null,0.3561822350489454,True,0.0032655067421916,-1.1144038630859623,seasonal_ar1_null,0.3724627076765974,True,0.0032655067421916,-1.1144038630859623,seasonal_ar1_null,0.025599804884166244,True,0.0032655067421916,-1.1144038630859623,global_lstm,0.1753526115812738,False,1.117669369828154,0.0
27047,4,global_lstm,0.507079459261001,1.2541830840656465,global_lstm,0.0952634735777234,False,1.2541830840656465,0.0,seasonal_ar1_null,0.4911972051832475,True,0.246587037646946,-1.0075960464187004,seasonal_ar1_null,0.49324324688535603,True,0.246587037646946,-1.0075960464187004,seasonal_ar1_null,0.5538140614473257,True,0.246587037646946,-1.0075960464187004,rrmpg_hbvedu,0.055436514704808815,True,1.516216713272136,0.26203362920648954
27049,4,global_lstm,0.515975826867313,0.2355778687945851,rrmpg_gr4j,0.2483667115566263,True,0.8652575669108431,0.629679698116258,seasonal_ar1_null,0.3994571255515362,True,0.4583926842174373,0.2228148154228522,seasonal_ar1_null,0.39945712555153634,True,0.4583926842174373,0.2228148154228522,seasonal_ar1_null,0.2021026694559802,True,0.4583926842174373,0.2228148154228522,,,,,
27051,5,global_lstm,0.4633413427365935,0.7414975214306576,global_lstm,0.0873013403183896,False,0.7414975214306576,0.0,seasonal_ar1_null,0.5608434257861261,True,0.1723218230120221,-0.5691756984186356,seasonal_ar1_null,0.5608434257861261,True,0.1723218230120221,-0.5691756984186356,seasonal_climatology,0.606486488132524,True,0.9988886771182752,0.2573911556876176,global_lstm,0.0342082130893957,False,0.7414975214306576,0.0
27062,5,rrmpg_hbvedu,0.5323103962229387,0.5707112814457131,rrmpg_hbvedu,0.1745634928365027,False,0.5707112814457131,0.0,rrmpg_gr4j,0.343195984389414,True,0.7006258313157903,0.1299145498700771,rrmpg_gr4j,0.3431959843894139,True,0.7006258313157903,0.1299145498700771,seasonal_climatology,0.4249676705728995,True,1.130478027958046,0.5597667465123328,rrmpg_hbvedu,0.12936060369081637,False,0.5707112814457131,0.0
27064,5,rrmpg_hbvedu,0.3945362638368863,0.5866470090283633,rrmpg_hbvedu,0.1456698815157611,False,0.5866470090283633,0.0,seasonal_ar1_null,0.5934634281543318,True,0.202499862640936,-0.3841471463874273,seasonal_ar1_null,0.5934634281543318,True,0.202499862640936,-0.3841471463874273,rrmpg_hbvedu,0.1456698815157611,False,0.5866470090283633,0.0,rrmpg_hbvedu,0.19164517770224632,False,0.5866470090283633,0.0
27065,4,global_lstm,0.4649227935455888,0.8673256816569562,global_lstm,0.184236878927724,False,0.8673256816569562,0.0,seasonal_ar1_null,0.4555156970795094,True,0.078166701181806,-0.7891589804751502,seasonal_ar1_null,0.45551569707950956,True,0.078166701181806,-0.7891589804751502,,,,,,,,,,
27071,5,rrmpg_hbvedu,0.5526481743255558,0.7510641606609081,seasonal_climatology,0.0278429254853274,True,1.442012464557333,0.6909483038964248,rrmpg_gr4j,0.1107032579979223,True,1.0592762738240098,0.3082121131631017,rrmpg_gr4j,0.11070325799792236,True,1.0592762738240098,0.3082121131631017,rrmpg_gr4j,0.5892315623531694,True,1.0592762738240098,0.3082121131631017,,,,,
27073,4,rrmpg_gr4j,0.4150215331507013,0.187289736532928,rrmpg_gr4j,1.1248352383412037,False,0.187289736532928,0.0,rrmpg_hbvedu,1.0230770186108018,True,0.1918162260068168,0.004526489473888812,rrmpg_hbvedu,1.00155819470396,True,0.1918162260068168,0.004526489473888812,rrmpg_hbvedu,0.9027514426511102,True,0.1918162260068168,0.004526489473888812,seasonal_ar1_null,0.0747305666636966,True,0.0308613139529821,-0.15642842257994588
27077,5,rrmpg_hbvedu,0.2965743730593276,1.0127668101255276,rrmpg_hbvedu,0.1626214770074566,False,1.0127668101255276,0.0,seasonal_ar1_null,0.4862764522114785,True,0.2026717518125622,-0.8100950583129654,seasonal_ar1_null,0.4862764522114785,True,0.2026717518125622,-0.8100950583129654,seasonal_climatology,0.5614957141281358,True,0.8529315640198445,-0.15983524610568312,,,,,
27079,5,global_lstm,0.3216555914577623,0.7753461434078623,rrmpg_gr4j,0.2634055238750632,True,1.4147610999760587,0.6394149565681964,seasonal_ar1_null,0.2356463860385599,True,0.0473191798273337,-0.7280269635805287,seasonal_ar1_null,0.23564638603855992,True,0.0473191798273337,-0.7280269635805287,global_lstm,0.3781874060781317,False,0.7753461434078623,0.0,,,,,
27080,4,rrmpg_hbvedu,0.3812072579212239,1.1299097785171406,seasonal_ar1_null,0.3907476832322631,True,0.1020918605452644,-1.0278179179718763,seasonal_ar1_null,0.3758195489095366,True,0.1020918605452644,-1.0278179179718763,seasonal_ar1_null,0.3758195489095366,True,0.1020918605452644,-1.0278179179718763,seasonal_ar1_null,0.38374996658882643,True,0.1020918605452644,-1.0278179179718763,seasonal_ar1_null,0.16734503030043557,True,0.1020918605452644,-1.0278179179718763
27084,4,global_lstm,0.454560527975564,0.8978185088302412,seasonal_ar1_null,0.2575049928244803,True,0.0730448208720396,-0.8247736879582016,seasonal_ar1_null,0.2055473826072701,True,0.0730448208720396,-0.8247736879582016,seasonal_ar1_null,0.20554738260727012,True,0.0730448208720396,-0.8247736879582016,rrmpg_hbvedu,0.153172804906327,True,1.1017964805460043,0.20397797171576315,,,,,
27087,4,rrmpg_gr4j,0.4679350778026048,0.0269346992610439,rrmpg_hbvedu,0.2173754948197441,True,0.3466273232361673,0.3196926239751234,rrmpg_hbvedu,0.2723719704909635,True,0.3466273232361673,0.3196926239751234,rrmpg_hbvedu,0.2738075054186695,True,0.3466273232361673,0.3196926239751234,rrmpg_hbvedu,0.22968250314117666,True,0.3466273232361673,0.3196926239751234,seasonal_ar1_null,0.13933781652363386,True,0.0509561824864487,0.024021483225404802
27089,5,global_lstm,0.3352419749364832,0.909403044774422,rrmpg_gr4j,0.1973624765910733,True,1.3851440517723188,0.4757410069978968,seasonal_ar1_null,0.3543516943018527,True,0.1342705538030246,-0.7751324909713975,seasonal_ar1_null,0.35435169430185265,True,0.1342705538030246,-0.7751324909713975,seasonal_ar1_null,0.38209592008978277,True,0.1342705538030246,-0.7751324909713975,,,,,
27090,5,global_lstm,0.3908091198025404,0.7787140369592921,global_lstm,0.1068633079908274,False,0.7787140369592921,0.0,seasonal_ar1_null,0.4704293960872839,True,0.2335120764171596,-0.5452019605421325,seasonal_ar1_null,0.4704293960872839,True,0.2335120764171596,-0.5452019605421325,seasonal_ar1_null,0.17551085824478863,True,0.2335120764171596,-0.5452019605421325,global_lstm,0.07825839885281238,False,0.7787140369592921,0.0
28001,4,rrmpg_gr4j,0.1775652590109387,1.3023482788875445,rrmpg_gr4j,0.0673680143056043,False,1.3023482788875445,0.0,seasonal_ar1_null,0.501284781737991,True,0.0779367204184087,-1.2244115584691357,seasonal_ar1_null,0.501284781737991,True,0.0779367204184087,-1.2244115584691357,global_lstm,0.4195247097489414,True,0.7478626170313044,-0.55448566185624,,,,,
28003,4,rrmpg_hbvedu,0.2997354468996694,0.8995122691772564,global_lstm,0.3802993868573989,True,0.7476143101930048,-0.1518979589842515,seasonal_ar1_null,0.4774255947468635,True,0.6108893388289038,-0.2886229303483525,seasonal_ar1_null,0.4774255947468634,True,0.6108893388289038,-0.2886229303483525,global_lstm,0.35188154292979235,True,0.7476143101930048,-0.1518979589842515,rrmpg_hbvedu,0.03050373131896278,False,0.8995122691772564,0.0
28008,4,rrmpg_hbvedu,0.4440597467479307,0.5957529339890264,global_lstm,0.2281508286923113,True,0.3983276705855547,-0.19742526340347172,seasonal_ar1_null,0.3967054125841597,True,0.2829348933513337,-0.3128180406376927,seasonal_ar1_null,0.3967054125841597,True,0.2829348933513337,-0.3128180406376927,seasonal_ar1_null,0.4635821860692273,True,0.2829348933513337,-0.3128180406376927,,,,,
28009,4,rrmpg_hbvedu,0.5080075143729141,0.4050892793895052,seasonal_ar1_null,1.0215429207642686,True,0.2049718249281001,-0.20011745446140508,global_lstm,0.3998347408022822,True,0.2434341317346023,-0.16165514765490288,global_lstm,0.3998347408022822,True,0.2434341317346023,-0.16165514765490288,rrmpg_hbvedu,1.1003754309910216,False,0.4050892793895052,0.0,,,,,
28012,4,rrmpg_hbvedu,0.4942613673447735,0.5116110496700459,seasonal_ar1_null,0.3874537412460823,True,0.518767113552247,0.007156063882201136,global_lstm,0.3237793208209527,True,0.1295878074570852,-0.3820232422129607,global_lstm,0.32377932082095273,True,0.1295878074570852,-0.3820232422129607,rrmpg_gr4j,0.26354485102828185,True,0.686990307919318,0.17537925824927214,,,,,
28015,4,rrmpg_gr4j,0.4459414566258294,0.0018855401738819,rrmpg_hbvedu,0.3756060083922119,True,0.0195697006164055,0.0176841604425236,rrmpg_hbvedu,0.4129745494361501,True,0.0195697006164055,0.0176841604425236,rrmpg_hbvedu,0.4129745494361501,True,0.0195697006164055,0.0176841604425236,seasonal_ar1_null,0.6280197687851916,True,0.5434276144307558,0.541542074256874,global_lstm,0.0885105705775302,True,0.144520518313618,0.1426349781397361
28018,4,rrmpg_hbvedu,0.494541742178654,0.6342297263064879,rrmpg_hbvedu,0.0639097673791835,False,0.6342297263064879,0.0,seasonal_ar1_null,0.4683677984058606,True,0.2606156294848533,-0.3736140968216346,seasonal_ar1_null,0.46836779840586074,True,0.2606156294848533,-0.3736140968216346,seasonal_ar1_null,0.22713487262831433,True,0.2606156294848533,-0.3736140968216346,global_lstm,0.0717355197343823,True,0.4405830170265361,-0.1936467092799518
28022,4,rrmpg_hbvedu,0.4739997539122152,0.5236569211872848,seasonal_ar1_null,0.684211247559521,True,0.3490521899231421,-0.17460473126414272,rrmpg_gr4j,0.2857357522545811,True,0.7371666185045657,0.21350969731728087,rrmpg_gr4j,0.28573575225458114,True,0.7371666185045657,0.21350969731728087,rrmpg_gr4j,0.46321926589830453,True,0.7371666185045657,0.21350969731728087,,,,,
28024,4,rrmpg_hbvedu,0.6085653796142549,0.3674516481476084,rrmpg_hbvedu,0.0597397989509498,False,0.3674516481476084,0.0,rrmpg_hbvedu,0.3292402514085031,False,0.3674516481476084,0.0,rrmpg_hbvedu,0.3292402514085029,False,0.3674516481476084,0.0,seasonal_ar1_null,0.4709857540315687,True,0.4759761254442875,0.10852447729667913,,,,,
28026,5,rrmpg_hbvedu,0.5649414236974462,0.5255565248650135,rrmpg_hbvedu,0.067316098826903,False,0.5255565248650135,0.0,rrmpg_gr4j,0.4619974864935067,True,0.6088327877243728,0.0832762628593593,rrmpg_gr4j,0.4619974864935067,True,0.6088327877243728,0.0832762628593593,rrmpg_hbvedu,0.3927750130236318,False,0.5255565248650135,0.0,rrmpg_hbvedu,0.03693549009844643,False,0.5255565248650135,0.0
28031,4,global_lstm,0.3915473927417432,0.8034833957981838,global_lstm,0.0918348414807272,False,0.8034833957981838,0.0,seasonal_ar1_null,0.5296649352739232,True,0.0945919639953158,-0.7088914318028681,seasonal_ar1_null,0.5296649352739233,True,0.0945919639953158,-0.7088914318028681,global_lstm,0.17810269329726264,False,0.8034833957981838,0.0,,,,,
28033,5,global_lstm,0.5366057139014787,0.8300780427864239,seasonal_ar1_null,0.1726786120686272,True,0.2915564061721356,-0.5385216366142884,seasonal_climatology,0.1598373327970096,True,0.2019783090063087,-0.6280997337801153,seasonal_climatology,0.1598373327970095,True,0.2019783090063087,-0.6280997337801153,seasonal_climatology,0.1331326191930997,True,0.2019783090063087,-0.6280997337801153,seasonal_climatology,0.07107273539374903,True,0.2019783090063087,-0.6280997337801153
28040,4,global_lstm,0.502541917546782,0.6700349851677604,rrmpg_hbvedu,0.1524748507608182,True,0.8275856914645423,0.15755070629678192,seasonal_ar1_null,0.3033038722918821,True,0.4376004484084255,-0.2324345367593349,seasonal_ar1_null,0.3060414866735993,True,0.4376004484084255,-0.2324345367593349,global_lstm,0.18581347372278945,False,0.6700349851677604,0.0,,,,,
28044,4,rrmpg_gr4j,0.3928935879487645,0.1012133070770369,seasonal_ar1_null,0.3388273506284556,True,0.4379604374768728,0.3367471303998359,seasonal_ar1_null,0.3950016830226813,True,0.4379604374768728,0.3367471303998359,seasonal_ar1_null,0.39500168302268135,True,0.4379604374768728,0.3367471303998359,global_lstm,0.11820538215526166,True,0.3695650481871276,0.2683517411100907,rrmpg_hbvedu,0.18370517658004504,True,0.0725232721239058,-0.02869003495313109
28046,4,rrmpg_hbvedu,0.3765698692161405,0.5450569741235786,rrmpg_gr4j,0.2877100755282936,True,0.6440903239813942,0.09903334985781564,seasonal_ar1_null,0.3033843594529301,True,0.3895879448911528,-0.15546902923242578,seasonal_ar1_null,0.3033843594529301,True,0.3895879448911528,-0.15546902923242578,seasonal_ar1_null,0.3218944372940925,True,0.3895879448911528,-0.15546902923242578,rrmpg_gr4j,0.023565324157058143,True,0.6440903239813942,0.09903334985781564
28048,4,global_lstm,0.4915379883542349,0.6407413455325996,global_lstm,0.1584826377025651,False,0.6407413455325996,0.0,seasonal_ar1_null,0.6215008396848819,True,0.2691878650012759,-0.37155348053132375,seasonal_ar1_null,0.621500839684882,True,0.2691878650012759,-0.37155348053132375,seasonal_ar1_null,0.7814641112073193,True,0.2691878650012759,-0.37155348053132375,global_lstm,0.181296234942674,False,0.6407413455325996,0.0
28050,4,rrmpg_gr4j,0.4555990131533226,0.5829740793077426,seasonal_climatology,0.4209198098626442,True,0.2648316307147048,-0.3181424485930378,rrmpg_gr4j,0.681328341788576,False,0.5829740793077426,0.0,rrmpg_gr4j,0.681328341788576,False,0.5829740793077426,0.0,seasonal_climatology,0.19244981462790822,True,0.2648316307147048,-0.3181424485930378,seasonal_climatology,0.2886819829062308,True,0.2648316307147048,-0.3181424485930378
28052,5,global_lstm,0.518729477579382,0.2199426381955848,global_lstm,0.2661893478542464,False,0.2199426381955848,0.0,global_lstm,0.2545268914095153,False,0.2199426381955848,0.0,global_lstm,0.2545268914095151,False,0.2199426381955848,0.0,global_lstm,0.4603317462573886,False,0.2199426381955848,0.0,global_lstm,0.17720316590352236,False,0.2199426381955848,0.0
28055,5,global_lstm,0.4576274945997839,0.5128050358546415,seasonal_climatology,0.0202224239531165,True,1.3586682923472804,0.8458632564926388,seasonal_climatology,0.6585556508281749,True,1.3586682923472804,0.8458632564926388,seasonal_climatology,0.6585556508281749,True,1.3586682923472804,0.8458632564926388,seasonal_ar1_null,0.3170874009472039,True,0.4501357218631687,-0.06266931399147285,,,,,
28056,5,global_lstm,0.5423831600224716,0.4552845158267894,global_lstm,0.1142735139259312,False,0.4552845158267894,0.0,seasonal_ar1_null,0.2540668585092104,True,0.4880445069872465,0.03275999116045708,seasonal_ar1_null,0.2617172412502835,True,0.4880445069872465,0.03275999116045708,seasonal_ar1_null,0.44810395701629413,True,0.4880445069872465,0.03275999116045708,global_lstm,0.027624180634049256,False,0.4552845158267894,0.0
28060,5,rrmpg_gr4j,0.2685129852988772,0.6531295008869634,seasonal_climatology,0.5682635216147878,True,0.9245527328088146,0.27142323192185114,seasonal_ar1_null,0.6145794759820625,True,0.8180331801680161,0.16490367928105265,seasonal_ar1_null,0.6145794759820624,True,0.8180331801680161,0.16490367928105265,seasonal_climatology,0.5720816442049768,True,0.9245527328088146,0.27142323192185114,global_lstm,0.3733310103961307,True,0.1645060437587093,-0.4886234571282541
28066,5,global_lstm,0.492533873982703,0.7352789413747796,rrmpg_gr4j,0.2930837434075583,True,1.210194657778399,0.4749157164036195,seasonal_ar1_null,0.4665779195192717,True,0.5423970860627088,-0.1928818553120708,seasonal_ar1_null,0.46657791951927186,True,0.5423970860627088,-0.1928818553120708,seasonal_ar1_null,0.5295910545510478,True,0.5423970860627088,-0.1928818553120708,rrmpg_hbvedu,0.048498437061573196,True,0.935511515726498,0.20023257435171848
28067,5,global_lstm,0.4687434118762097,0.3428724290775301,rrmpg_hbvedu,0.1615886000274493,True,0.6888258165741233,0.3459533874965932,seasonal_ar1_null,0.507426479890816,True,0.235032780010932,-0.10783964906659813,seasonal_ar1_null,0.5074264798908158,True,0.235032780010932,-0.10783964906659813,rrmpg_gr4j,0.26737848607427184,True,0.8183146287610453,0.4754421996835152,global_lstm,0.16120209745779301,False,0.3428724290775301,0.0
28072,5,global_lstm,0.479006243420395,0.2197823981352373,seasonal_climatology,0.6295124330590901,True,1.4992268912272444,1.279444493092007,seasonal_ar1_null,0.5432607776762394,True,0.6318806585836013,0.412098260448364,seasonal_ar1_null,0.5432607776762394,True,0.6318806585836013,0.412098260448364,global_lstm,0.5082882442319059,False,0.2197823981352373,0.0,global_lstm,0.3042418823071742,False,0.2197823981352373,0.0
28074,4,rrmpg_hbvedu,0.5263736948283468,0.3547626685512639,seasonal_ar1_null,0.5104150014955255,True,0.4025905221639918,0.0478278536127279,rrmpg_hbvedu,0.1822333762822726,False,0.3547626685512639,0.0,rrmpg_hbvedu,0.18223337628227265,False,0.3547626685512639,0.0,seasonal_ar1_null,0.5938318557180626,True,0.4025905221639918,0.0478278536127279,rrmpg_gr4j,0.18177656791563446,True,0.422216729684375,0.06745406113311109
28080,5,rrmpg_hbvedu,0.5245595387836637,0.7937768776160314,rrmpg_gr4j,0.0564231590636663,True,0.8595381352879575,0.06576125767192609,seasonal_ar1_null,0.2874959175019446,True,0.5841604686814585,-0.2096164089345729,seasonal_ar1_null,0.29085819748505404,True,0.5841604686814585,-0.2096164089345729,global_lstm,0.08387509593333775,True,0.4595169740781634,-0.33425990353786805,global_lstm,0.13331705606045585,True,0.4595169740781634,-0.33425990353786805
28081,4,rrmpg_hbvedu,-0.103054179948103,1.188833501650927,rrmpg_hbvedu,0.1316774350137711,False,1.188833501650927,0.0,seasonal_ar1_null,0.7000038161748446,True,0.4329333299793885,-0.7559001716715386,seasonal_ar1_null,0.7000038161748446,True,0.4329333299793885,-0.7559001716715386,seasonal_ar1_null,0.6991573256154009,True,0.4329333299793885,-0.7559001716715386,,,,,
28082,5,rrmpg_hbvedu,0.6142880340948498,0.4176822840528295,global_lstm,0.041271201508177,True,0.411346390675975,-0.006335893376854473,seasonal_ar1_null,0.3302639255266506,True,0.5163089848411754,0.0986267007883459,seasonal_ar1_null,0.3310202212730158,True,0.5163089848411754,0.0986267007883459,global_lstm,0.12867865042504367,True,0.411346390675975,-0.006335893376854473,rrmpg_hbvedu,0.027634532256461286,False,0.4176822840528295,0.0
28085,4,global_lstm,0.468222608779098,0.2989377193605636,rrmpg_gr4j,0.1074039609372252,True,0.8631744085073271,0.5642366891467634,seasonal_ar1_null,0.4850139551049915,True,0.0272595538557015,-0.2716781655048621,seasonal_ar1_null,0.48501395510499157,True,0.0272595538557015,-0.2716781655048621,rrmpg_gr4j,0.13923300816741357,True,0.8631744085073271,0.5642366891467634,global_lstm,0.09578225213339242,False,0.2989377193605636,0.0
28091,4,global_lstm,0.4733211911790084,0.1410285148976399,global_lstm,0.1998509038376621,False,0.1410285148976399,0.0,global_lstm,0.0623114818799719,False,0.1410285148976399,0.0,global_lstm,0.06231148187997193,False,0.1410285148976399,0.0,seasonal_ar1_null,0.31687720826988397,True,0.5818723098960666,0.44084379499842674,,,,,
28093,4,rrmpg_hbvedu,0.5149833336873988,0.4034125733745347,seasonal_ar1_null,0.5189641105542541,True,0.4685929530590215,0.06518037968448681,global_lstm,0.1032662381463411,True,0.3591713814554493,-0.044241191919085376,global_lstm,0.10326623814634117,True,0.3591713814554493,-0.044241191919085376,global_lstm,0.29669541574914104,True,0.3591713814554493,-0.044241191919085376,,,,,
28115,5,rrmpg_hbvedu,0.1217644703235163,0.9265004881557816,seasonal_ar1_null,0.4834990748903529,True,0.7332469849807027,-0.19325350317507883,seasonal_ar1_null,0.5687141885293111,True,0.7332469849807027,-0.19325350317507883,seasonal_ar1_null,0.568714188529311,True,0.7332469849807027,-0.19325350317507883,seasonal_ar1_null,0.2973986463510282,True,0.7332469849807027,-0.19325350317507883,global_lstm,0.22326261624880195,True,0.3561331267588272,-0.5703673613969544
28116,4,rrmpg_hbvedu,0.0841472406267996,0.1557683433311807,rrmpg_gr4j,0.6141718274188316,True,0.3266006241422307,0.17083228081104998,seasonal_ar1_null,0.3837841243661245,True,0.8760433487931233,0.7202750054619426,seasonal_ar1_null,0.3837841243661245,True,0.8760433487931233,0.7202750054619426,seasonal_ar1_null,0.3931133865131633,True,0.8760433487931233,0.7202750054619426,global_lstm,0.02224624997520963,True,0.1065341491810975,-0.04923419415008319
28117,4,seasonal_climatology,0.2018400517714541,1.4846167606619805,global_lstm,0.2975070763898622,True,0.5099743591893023,-0.9746424014726781,global_lstm,0.1950006918501499,True,0.5099743591893023,-0.9746424014726781,global_lstm,0.19500069185015012,True,0.5099743591893023,-0.9746424014726781,global_lstm,0.09872195036763465,True,0.5099743591893023,-0.9746424014726781,,,,,
29002,4,rrmpg_hbvedu,0.4424473270710897,0.0465919149754354,seasonal_ar1_null,0.6975212088477835,True,0.5212784748048164,0.47468655982938096,seasonal_ar1_null,0.4001837438261454,True,0.5212784748048164,0.47468655982938096,seasonal_ar1_null,0.4001837438261454,True,0.5212784748048164,0.47468655982938096,rrmpg_gr4j,0.0684600628314408,True,0.0151842954392784,-0.031407619536157,global_lstm,0.2873764447621854,True,0.4387603603120584,0.392168445336623
29003,4,rrmpg_gr4j,0.4660178661707557,0.0334934111391234,rrmpg_gr4j,0.9026287155475398,False,0.0334934111391234,0.0,seasonal_ar1_null,0.8176232371141335,True,0.522282249902649,0.48878883876352563,seasonal_ar1_null,0.8176232371141334,True,0.522282249902649,0.48878883876352563,global_lstm,0.46235997154840586,True,0.4488814777768756,0.4153880666377522,rrmpg_gr4j,0.13223514467252495,False,0.0334934111391234,0.0
29005,4,rrmpg_hbvedu,0.3025458596983219,0.0782635328329163,seasonal_ar1_null,0.5515278660959765,True,0.819592813365206,0.7413292805322896,seasonal_ar1_null,0.2193725544133903,True,0.819592813365206,0.7413292805322896,seasonal_ar1_null,0.2193725544133902,True,0.819592813365206,0.7413292805322896,seasonal_ar1_null,0.3975125139334914,True,0.819592813365206,0.7413292805322896,global_lstm,0.03186407488267751,True,0.1595363612522853,0.08127282841936899
29009,4,rrmpg_hbvedu,0.6170504263713104,0.1446390150931195,global_lstm,0.2441964400385602,True,0.2122128169630348,0.0675738018699153,seasonal_ar1_null,0.2878687333053077,True,0.1344778180822008,-0.010161197010918693,seasonal_ar1_null,0.2878687333053077,True,0.1344778180822008,-0.010161197010918693,rrmpg_gr4j,0.19320296691887306,True,0.421823693428612,0.2771846783354925,global_lstm,0.0963365816128906,True,0.2122128169630348,0.0675738018699153
30001,4,rrmpg_gr4j,0.5728918893704638,0.1664319939129106,rrmpg_gr4j,0.3560882423558222,False,0.1664319939129106,0.0,seasonal_ar1_null,0.5253657832094891,True,0.5925427298613163,0.42611073594840565,seasonal_ar1_null,0.5253657832094891,True,0.5925427298613163,0.42611073594840565,rrmpg_hbvedu,0.1049827333704052,True,0.1513547996200358,-0.015077194292874796,global_lstm,0.022234534454199872,True,0.0411716181913587,-0.1252603757215519
30004,5,global_lstm,0.5231472081044997,0.2074099707618604,seasonal_climatology,0.1625381808003178,True,1.1649473111892508,0.9575373404273904,seasonal_ar1_null,0.4262056185464374,True,0.4866136141960161,0.2792036434341557,seasonal_ar1_null,0.42620561854643746,True,0.4866136141960161,0.2792036434341557,rrmpg_gr4j,0.3816763043553466,True,0.9830284328670134,0.775618462105153,global_lstm,0.055204164089354246,False,0.2074099707618604,0.0
30005,4,rrmpg_hbvedu,0.4368621781128646,0.1708430696918023,seasonal_ar1_null,0.649375756929416,True,0.5963389958571301,0.42549592616532783,seasonal_ar1_null,0.6963198778766497,True,0.5963389958571301,0.42549592616532783,seasonal_ar1_null,0.6963198778766497,True,0.5963389958571301,0.42549592616532783,seasonal_ar1_null,0.2215410193201206,True,0.5963389958571301,0.42549592616532783,rrmpg_hbvedu,0.24016990613872036,False,0.1708430696918023,0.0
30011,4,rrmpg_hbvedu,0.50095470733643,0.3238864718932163,rrmpg_gr4j,0.1688442958549805,True,0.5013276977261426,0.17744122583292632,seasonal_ar1_null,0.3473347025870799,True,0.3095644151082837,-0.01432205678493259,seasonal_ar1_null,0.3473347025870799,True,0.3095644151082837,-0.01432205678493259,rrmpg_gr4j,0.09112783941073133,True,0.5013276977261426,0.17744122583292632,global_lstm,0.1531268567778985,True,0.0854928321053625,-0.23839363978785377
30012,5,rrmpg_hbvedu,0.5565438601181798,0.3170915068227742,global_lstm,0.0958163087725854,True,0.3944369376101595,0.07734543078738532,seasonal_ar1_null,0.3480546811001803,True,0.1815710587474399,-0.1355204480753343,seasonal_ar1_null,0.34805468110018023,True,0.1815710587474399,-0.1355204480753343,seasonal_ar1_null,0.3739169902575239,True,0.1815710587474399,-0.1355204480753343,global_lstm,0.03520054139310391,True,0.3944369376101595,0.07734543078738532
30014,5,rrmpg_gr4j,0.4414913361160533,0.509541402678087,seasonal_climatology,0.4489210606118424,True,1.4375272037747715,0.9279858010966845,seasonal_ar1_null,0.6370443120658447,True,0.4196202396818522,-0.08992116299623482,seasonal_ar1_null,0.6370443120658444,True,0.4196202396818522,-0.08992116299623482,seasonal_ar1_null,0.6626743237204952,True,0.4196202396818522,-0.08992116299623482,global_lstm,0.12890259928792436,True,0.434991004279699,-0.07455039839838801
30015,4,rrmpg_hbvedu,0.4272901621676875,0.0049029400529009,seasonal_ar1_null,0.4959354295624535,True,0.2183109858018255,0.2134080457489246,seasonal_ar1_null,0.6504971566658806,True,0.2183109858018255,0.2134080457489246,seasonal_ar1_null,0.6504971566658806,True,0.2183109858018255,0.2134080457489246,seasonal_ar1_null,0.3593968474926916,True,0.2183109858018255,0.2134080457489246,seasonal_ar1_null,0.4331940711108495,True,0.2183109858018255,0.2134080457489246
31002,5,rrmpg_hbvedu,0.4748386645986402,0.1508686174498546,global_lstm,0.5665366866178068,True,0.1202538937806821,-0.030614723669172506,seasonal_ar1_null,0.462455664981502,True,0.59932891221,0.4484602947601454,seasonal_ar1_null,0.46245566498150215,True,0.59932891221,0.4484602947601454,global_lstm,0.1373199697889107,True,0.1202538937806821,-0.030614723669172506,global_lstm,0.11545530861538889,True,0.1202538937806821,-0.030614723669172506
31006,4,rrmpg_hbvedu,0.3015886371962588,0.0593931065450509,rrmpg_gr4j,0.4983847701421231,True,0.1508971428500589,0.091504036305008,seasonal_ar1_null,0.5729272298131957,True,0.0946551283908662,0.035262021845815304,seasonal_ar1_null,0.572927229813196,True,0.0946551283908662,0.035262021845815304,rrmpg_gr4j,0.518526796209926,True,0.1508971428500589,0.091504036305008,rrmpg_hbvedu,0.5712809449440979,False,0.0593931065450509,0.0
31010,4,rrmpg_hbvedu,0.5072985517769162,0.2921347083056885,global_lstm,0.5968237820407949,True,0.3770898005895155,0.08495509228382703,seasonal_ar1_null,0.6540408607532133,True,0.465338919088488,0.17320421078279952,seasonal_ar1_null,0.6540408607532133,True,0.465338919088488,0.17320421078279952,,,,,,global_lstm,0.09942709200562161,True,0.3770898005895155,0.08495509228382703
31021,4,rrmpg_hbvedu,0.5198331709785475,0.2781317503288699,global_lstm,0.1302273294615432,True,0.442433887730276,0.1643021374014061,seasonal_ar1_null,0.4109222419847183,True,0.534221672694055,0.2560899223651851,seasonal_ar1_null,0.41092224198471816,True,0.534221672694055,0.2560899223651851,global_lstm,0.11050669415013559,True,0.442433887730276,0.1643021374014061,global_lstm,0.15235440251384347,True,0.442433887730276,0.1643021374014061
31023,4,global_lstm,0.4429092808295134,0.742401687842335,global_lstm,0.4089094784229221,False,0.742401687842335,0.0,seasonal_ar1_null,0.6216393811262031,True,0.3843151517903426,-0.35808653605199237,seasonal_ar1_null,0.6216393811262029,True,0.3843151517903426,-0.35808653605199237,seasonal_ar1_null,0.6157259514803085,True,0.3843151517903426,-0.35808653605199237,global_lstm,0.375745480740873,False,0.742401687842335,0.0
31025,5,global_lstm,0.3693118888122614,0.6666851513250368,seasonal_ar1_null,0.4653325196443459,True,0.4243739171146222,-0.24231123421041462,seasonal_ar1_null,0.5073018539878587,True,0.4243739171146222,-0.24231123421041462,seasonal_ar1_null,0.5073018539878587,True,0.4243739171146222,-0.24231123421041462,seasonal_ar1_null,0.4611087043462103,True,0.4243739171146222,-0.24231123421041462,global_lstm,0.15051364579193383,False,0.6666851513250368,0.0
32003,5,rrmpg_hbvedu,0.3949373040007664,0.6520088374412955,seasonal_climatology,0.3642670812179684,True,0.1670338599500899,-0.48497497749120555,seasonal_climatology,0.3951046746957229,True,0.1670338599500899,-0.48497497749120555,seasonal_climatology,0.39510467469572297,True,0.1670338599500899,-0.48497497749120555,seasonal_climatology,0.3845673857616392,True,0.1670338599500899,-0.48497497749120555,global_lstm,0.2753505656085712,True,0.6899632821021003,0.03795444466080489
32004,5,rrmpg_hbvedu,0.5289389819158847,0.42971067197512,rrmpg_hbvedu,0.1513541986452238,False,0.42971067197512,0.0,global_lstm,0.4063225294136513,True,0.4158061818844975,-0.013904490090622446,global_lstm,0.4063225294136513,True,0.4158061818844975,-0.013904490090622446,global_lstm,0.12876992231065687,True,0.4158061818844975,-0.013904490090622446,rrmpg_hbvedu,0.0742951835053447,False,0.42971067197512,0.0
32006,5,rrmpg_hbvedu,0.6112020568542311,0.1275223769003839,global_lstm,0.200772394667945,True,0.2503848047974639,0.12286242789707999,seasonal_ar1_null,0.3890743888624366,True,0.5036259739944329,0.37610359709404895,seasonal_ar1_null,0.3890743888624366,True,0.5036259739944329,0.37610359709404895,seasonal_ar1_null,0.30348359192879126,True,0.5036259739944329,0.37610359709404895,rrmpg_gr4j,0.0943745356969361,True,0.5051347763038067,0.3776123994034227
33006,4,rrmpg_gr4j,0.3127376972883881,0.3885933333203747,global_lstm,0.3940034043798124,True,0.1605714709402607,-0.22802186238011402,rrmpg_hbvedu,0.4571269467848335,True,0.2539952751080394,-0.13459805821233534,rrmpg_hbvedu,0.45732426354576394,True,0.2539952751080394,-0.13459805821233534,seasonal_ar1_null,0.49042126540651754,True,0.3961827755178895,0.007589442197514784,,,,,
33007,4,rrmpg_gr4j,0.30682917396044,0.1760576942882687,seasonal_ar1_null,0.3937198495196803,True,0.5529651256571596,0.37690743136889093,global_lstm,0.1299616892252378,True,0.2725441713359107,0.09648647704764199,global_lstm,0.12996168922523765,True,0.2725441713359107,0.09648647704764199,rrmpg_hbvedu,0.31087129273187863,True,0.2705853988328204,0.0945277045445517,,,,,
33012,5,rrmpg_hbvedu,0.5087541794307945,0.3835878410616656,global_lstm,0.1908963530215245,True,0.6772600253684399,0.2936721843067743,seasonal_climatology,0.269758057724439,True,1.041150815022412,0.6575629739607465,seasonal_climatology,0.26975805772443906,True,1.041150815022412,0.6575629739607465,seasonal_climatology,0.29113305601983575,True,1.041150815022412,0.6575629739607465,rrmpg_gr4j,0.24196611205884366,True,1.0372766928180783,0.6536888517564128
33013,5,rrmpg_hbvedu,0.4838588011907072,0.628919529968502,seasonal_climatology,1.2607546515091703,True,0.9185578331127116,0.2896383031442096,rrmpg_gr4j,0.3017376653429464,True,0.740875444597995,0.11195591462949306,rrmpg_gr4j,0.30173766534294644,True,0.740875444597995,0.11195591462949306,global_lstm,0.5312035923338203,True,0.2710218846360689,-0.35789764533243307,seasonal_ar1_null,0.23392354363363732,True,0.2074387112731295,-0.42148081869537246
33014,5,rrmpg_hbvedu,0.4150408349255651,0.1353917749800522,rrmpg_hbvedu,0.0643863838426668,False,0.1353917749800522,0.0,global_lstm,0.2153314222524145,True,0.0843087933677679,-0.05108298161228429,global_lstm,0.21533142225241464,True,0.0843087933677679,-0.05108298161228429,rrmpg_hbvedu,0.17309333206426736,False,0.1353917749800522,0.0,global_lstm,0.058623259020716745,True,0.0843087933677679,-0.05108298161228429
33018,5,global_lstm,0.4910888044125236,0.4393145218087977,global_lstm,0.2356153757485046,False,0.4393145218087977,0.0,seasonal_ar1_null,0.4556943676827356,True,0.4949233569100303,0.0556088351012326,seasonal_ar1_null,0.4556943676827358,True,0.4949233569100303,0.0556088351012326,seasonal_ar1_null,0.4274003366107952,True,0.4949233569100303,0.0556088351012326,global_lstm,0.08989927414111132,False,0.4393145218087977,0.0
33019,4,rrmpg_gr4j,0.4041533395723068,0.380771738399309,global_lstm,0.8171567788042096,True,0.0397554586457998,-0.3410162797535092,rrmpg_hbvedu,0.6461314601486219,True,0.3653068137264872,-0.01546492467282179,rrmpg_hbvedu,0.6461314601486219,True,0.3653068137264872,-0.01546492467282179,,,,,,rrmpg_hbvedu,0.036831400000807646,True,0.3653068137264872,-0.01546492467282179
33020,5,rrmpg_hbvedu,0.4149874204342115,0.5143821798880058,rrmpg_gr4j,0.1044271064901746,True,1.165890491469308,0.6515083115813022,seasonal_ar1_null,0.1851975671258883,True,0.0419372316255978,-0.472444948262408,seasonal_ar1_null,0.1813060181787396,True,0.0419372316255978,-0.472444948262408,seasonal_climatology,1.1259362416296652,True,0.0640742064229995,-0.45030797346500634,rrmpg_hbvedu,0.21782189715732936,False,0.5143821798880058,0.0
33021,4,rrmpg_hbvedu,0.3804786581717562,0.5233369695948438,seasonal_ar1_null,0.5000081066005009,True,0.3810931162611354,-0.14224385333370837,global_lstm,0.4771238085376306,True,0.1016643410750787,-0.42167262851976506,global_lstm,0.4771238085376305,True,0.1016643410750787,-0.42167262851976506,rrmpg_gr4j,0.23994596957244196,True,0.7345565846136654,0.21121961501882158,,,,,
33022,5,rrmpg_hbvedu,0.5083609597292191,0.5097783761042592,rrmpg_hbvedu,0.0846571469947501,False,0.5097783761042592,0.0,seasonal_ar1_null,0.5216163762407076,True,0.5249580027912675,0.01517962668700823,seasonal_ar1_null,0.5216163762407073,True,0.5249580027912675,0.01517962668700823,seasonal_climatology,0.695953900773894,True,1.475789812555626,0.9660114364513667,rrmpg_hbvedu,0.23426814404287677,False,0.5097783761042592,0.0
33023,5,rrmpg_hbvedu,0.3729892367145944,0.2234743367130447,seasonal_climatology,0.2639368696834114,True,1.369597130972965,1.1461227942599204,rrmpg_gr4j,0.1764527558906468,True,0.878596869580913,0.6551225328678683,rrmpg_gr4j,0.1651750036466555,True,0.878596869580913,0.6551225328678683,seasonal_climatology,0.26452379569868245,True,1.369597130972965,1.1461227942599204,seasonal_climatology,0.07589593300812925,True,1.369597130972965,1.1461227942599204
33024,5,rrmpg_hbvedu,0.5409059608812856,0.2528469361475313,global_lstm,0.2811592294804788,True,0.3497070347547547,0.09686009860722339,rrmpg_gr4j,0.3686898319126808,True,0.5906589433165164,0.3378120071689851,rrmpg_gr4j,0.36868983191268084,True,0.5906589433165164,0.3378120071689851,rrmpg_hbvedu,0.2306574500037395,False,0.2528469361475313,0.0,global_lstm,0.08351132431170383,True,0.3497070347547547,0.09686009860722339
33026,5,rrmpg_hbvedu,0.5828841733373225,0.4404930403118851,rrmpg_gr4j,0.2411340528130598,True,0.9478278222215948,0.5073347819097097,rrmpg_hbvedu,0.1518737583657954,False,0.4404930403118851,0.0,rrmpg_hbvedu,0.15187375836579542,False,0.4404930403118851,0.0,rrmpg_hbvedu,0.4277228771861289,False,0.4404930403118851,0.0,,,,,
33028,5,rrmpg_hbvedu,0.4073919018684017,0.8837607532784182,global_lstm,0.0805038554736454,True,0.595772015261853,-0.2879887380165652,seasonal_ar1_null,0.4298207933441048,True,0.3612989668756116,-0.5224617864028066,seasonal_ar1_null,0.42982079334410483,True,0.3612989668756116,-0.5224617864028066,seasonal_ar1_null,0.33233566739597165,True,0.3612989668756116,-0.5224617864028066,,,,,
33029,4,rrmpg_hbvedu,0.3584814687209121,0.084558511156309,rrmpg_gr4j,0.0991574710784235,True,0.4867090076508051,0.4021504964944961,rrmpg_hbvedu,0.2306117257805606,False,0.084558511156309,0.0,rrmpg_hbvedu,0.22591250309211364,False,0.084558511156309,0.0,rrmpg_hbvedu,0.3195495457681279,False,0.084558511156309,0.0,,,,,
33031,4,global_lstm,0.3029097937830357,1.0563825195348555,seasonal_ar1_null,0.5118627084892018,True,0.0176288896683803,-1.0387536298664752,seasonal_climatology,0.2919075656508427,True,0.3469723631206134,-0.7094101564142421,seasonal_climatology,0.2880711347774676,True,0.3469723631206134,-0.7094101564142421,seasonal_ar1_null,0.49397654839465877,True,0.0176288896683803,-1.0387536298664752,seasonal_climatology,0.05579176090558646,True,0.3469723631206134,-0.7094101564142421
33032,4,seasonal_ar1_null,0.1539955870166995,0.2858245575599306,seasonal_ar1_null,0.4570360123146977,False,0.2858245575599306,0.0,seasonal_ar1_null,0.7348014773292935,False,0.2858245575599306,0.0,seasonal_ar1_null,0.7348014773292935,False,0.2858245575599306,0.0,rrmpg_hbvedu,0.47876766434378126,True,0.093454647525447,-0.1923699100344836,,,,,
33033,4,rrmpg_hbvedu,0.3675922624423386,0.2984875405548423,seasonal_ar1_null,0.6782137209139845,True,0.5789754321977117,0.28048789164286947,seasonal_ar1_null,0.3296198971309723,True,0.5789754321977117,0.28048789164286947,seasonal_ar1_null,0.3296198971309723,True,0.5789754321977117,0.28048789164286947,seasonal_ar1_null,0.4484527350881603,True,0.5789754321977117,0.28048789164286947,,,,,
33034,4,rrmpg_hbvedu,0.4331583705569142,0.1203171764834313,global_lstm,0.97292016388753,True,0.0096026806643857,-0.1107144958190456,global_lstm,0.8652094283210239,True,0.0096026806643857,-0.1107144958190456,global_lstm,0.8668532749256831,True,0.0096026806643857,-0.1107144958190456,rrmpg_hbvedu,0.4946206765709944,False,0.1203171764834313,0.0,rrmpg_hbvedu,0.26665429614634717,False,0.1203171764834313,0.0
33035,5,rrmpg_hbvedu,0.457593108075196,0.0268438739972353,rrmpg_gr4j,0.3584424058886014,True,0.520002102128756,0.49315822813152066,rrmpg_gr4j,0.2470527703732048,True,0.520002102128756,0.49315822813152066,rrmpg_gr4j,0.24869460962343715,True,0.520002102128756,0.49315822813152066,rrmpg_gr4j,0.2457638294053337,True,0.520002102128756,0.49315822813152066,global_lstm,0.08414033718324831,True,0.036958940504507,0.010115066507271703
33039,5,rrmpg_gr4j,0.5830189369974967,0.4812258023214278,rrmpg_hbvedu,0.5333628694037227,True,0.3442660525633615,-0.1369597497580663,rrmpg_gr4j,0.3800516188064485,False,0.4812258023214278,0.0,rrmpg_gr4j,0.38005161880644844,False,0.4812258023214278,0.0,seasonal_ar1_null,0.6358676630836368,True,0.057946965020004,-0.4232788373014238,rrmpg_hbvedu,0.24766759835927643,True,0.3442660525633615,-0.1369597497580663
33053,5,rrmpg_hbvedu,0.5027703370212835,0.2611355667561014,global_lstm,0.2059136789932909,True,0.2868223653273029,0.025686798571201486,seasonal_ar1_null,0.4385393531616701,True,0.3852298919371356,0.12409432518103419,seasonal_ar1_null,0.43853935316167003,True,0.3852298919371356,0.12409432518103419,seasonal_ar1_null,0.3261878238853255,True,0.3852298919371356,0.12409432518103419,global_lstm,0.1922325606005395,True,0.2868223653273029,0.025686798571201486
33054,4,rrmpg_hbvedu,0.0656371773956785,0.0199143255223706,seasonal_ar1_null,0.2037223012224368,True,0.0704284638688756,0.05051413834650499,seasonal_ar1_null,0.2074483109489392,True,0.0704284638688756,0.05051413834650499,seasonal_ar1_null,0.20167567697944588,True,0.0704284638688756,0.05051413834650499,seasonal_ar1_null,0.11686358754189019,True,0.0704284638688756,0.05051413834650499,,,,,
33058,5,rrmpg_hbvedu,0.2939544958217424,0.6746308868838898,rrmpg_hbvedu,0.2313718257403668,False,0.6746308868838898,0.0,seasonal_ar1_null,0.4302465563133008,True,0.5153211067501243,-0.1593097801337655,seasonal_ar1_null,0.43024655631330067,True,0.5153211067501243,-0.1593097801337655,rrmpg_hbvedu,0.49237030486093614,False,0.6746308868838898,0.0,,,,,
34002,5,rrmpg_hbvedu,0.454691194912042,0.362589294515508,rrmpg_hbvedu,0.2508008621944503,False,0.362589294515508,0.0,global_lstm,0.2986597854768185,True,0.3769554697389364,0.014366175223428423,global_lstm,0.2986597854768187,True,0.3769554697389364,0.014366175223428423,seasonal_climatology,0.2147634342189138,True,1.486507389512444,1.123918094996936,rrmpg_hbvedu,0.07484166562446348,False,0.362589294515508,0.0
34003,4,rrmpg_gr4j,0.5173896009591387,0.5169211108482527,rrmpg_hbvedu,0.2633846445625591,True,0.3397425945755408,-0.17717851627271186,global_lstm,0.2426162204795537,True,0.0138471038918518,-0.5030740069564008,global_lstm,0.24261622047955378,True,0.0138471038918518,-0.5030740069564008,seasonal_ar1_null,0.5171014879322686,True,0.7692699617144105,0.2523488508661579,,,,,
34004,4,rrmpg_hbvedu,0.4186302602549335,0.12282632796074,rrmpg_hbvedu,0.2614619330209291,False,0.12282632796074,0.0,rrmpg_hbvedu,0.0983924991773175,False,0.12282632796074,0.0,rrmpg_hbvedu,0.10431044558471547,False,0.12282632796074,0.0,global_lstm,0.33258621190255355,True,0.0320301113745903,-0.0907962165861497,,,,,
34005,5,rrmpg_hbvedu,0.539858265601598,0.3413436264815567,rrmpg_hbvedu,0.075219054361044,False,0.3413436264815567,0.0,global_lstm,0.3709946922356302,True,0.3836279850488181,0.042284358567261426,global_lstm,0.3709946922356302,True,0.3836279850488181,0.042284358567261426,rrmpg_gr4j,0.29994201541548593,True,1.066095172301291,0.7247515458197343,,,,,
34006,5,rrmpg_hbvedu,0.4961424524664275,0.4707529847621861,seasonal_climatology,0.4166026587742262,True,1.3870325902696048,0.9162796055074187,global_lstm,0.1910148232086508,True,0.566781056403471,0.0960280716412849,global_lstm,0.19101482320865104,True,0.566781056403471,0.0960280716412849,rrmpg_gr4j,0.2647041815725104,True,0.8449759619716849,0.3742229772094988,seasonal_ar1_null,0.06551626856941861,True,0.2582880871667397,-0.2124648975954464
34007,5,rrmpg_hbvedu,0.4001142498890386,0.7579752984344574,rrmpg_hbvedu,0.5946837025858152,False,0.7579752984344574,0.0,rrmpg_gr4j,0.1578653928234155,True,1.2870453856805073,0.5290700872460499,rrmpg_gr4j,0.15786539282341527,True,1.2870453856805073,0.5290700872460499,seasonal_climatology,0.49977967778630816,True,1.2010400829364876,0.44306478450203013,,,,,
34008,4,rrmpg_hbvedu,0.3801478904664707,0.0446171919175143,rrmpg_gr4j,0.3399669381777405,True,0.3357500272340066,0.2911328353164923,seasonal_ar1_null,0.4076622176968459,True,0.9996762052789516,0.9550590133614373,seasonal_ar1_null,0.4076622176968461,True,0.9996762052789516,0.9550590133614373,rrmpg_gr4j,0.14647675063930077,True,0.3357500272340066,0.2911328353164923,,,,,
34010,5,global_lstm,0.2822685621541381,0.5529211291181787,rrmpg_hbvedu,0.3177540407696434,True,0.4930834657216566,-0.05983766339652208,rrmpg_hbvedu,0.3954253213197888,True,0.4930834657216566,-0.05983766339652208,rrmpg_hbvedu,0.3954253213197888,True,0.4930834657216566,-0.05983766339652208,seasonal_ar1_null,0.5247790182739314,True,0.0484244207976428,-0.504496708320536,rrmpg_hbvedu,0.2168175934385277,True,0.4930834657216566,-0.05983766339652208
34011,5,rrmpg_hbvedu,0.3728866159151822,0.109955680696711,seasonal_climatology,0.2899550056452183,True,0.810484944394835,0.700529263698124,global_lstm,0.3028432027517139,True,0.2203845619972059,0.11042888130049491,global_lstm,0.30284320275171395,True,0.2203845619972059,0.11042888130049491,seasonal_climatology,0.3796551230610803,True,0.810484944394835,0.700529263698124,global_lstm,0.027078395635014796,True,0.2203845619972059,0.11042888130049491
34012,4,seasonal_ar1_null,-0.0700985016304835,0.5792065436834569,seasonal_ar1_null,0.4259694636524884,False,0.5792065436834569,0.0,seasonal_ar1_null,0.4233814925290293,False,0.5792065436834569,0.0,seasonal_ar1_null,0.42338149252902935,False,0.5792065436834569,0.0,seasonal_ar1_null,0.5265596581711282,False,0.5792065436834569,0.0,,,,,
35003,4,rrmpg_hbvedu,0.3051042317652562,0.9350580586082404,rrmpg_hbvedu,0.3220208001820746,False,0.9350580586082404,0.0,seasonal_climatology,0.5992867635086279,True,0.4368596714792896,-0.4981983871289508,seasonal_climatology,0.5992867635086279,True,0.4368596714792896,-0.4981983871289508,seasonal_climatology,0.4683917294756069,True,0.4368596714792896,-0.4981983871289508,rrmpg_hbvedu,0.25631363817157893,False,0.9350580586082404,0.0
35008,4,rrmpg_hbvedu,0.5143523184048928,0.7214252697173146,global_lstm,0.2516783501665596,True,0.9406593136951948,0.21923404397788027,seasonal_ar1_null,0.3951083359949042,True,0.1623628170536194,-0.5590624526636951,seasonal_ar1_null,0.39510833599490425,True,0.1623628170536194,-0.5590624526636951,global_lstm,0.10647301218626015,True,0.9406593136951948,0.21923404397788027,seasonal_ar1_null,0.10444509989319006,True,0.1623628170536194,-0.5590624526636951
36003,5,rrmpg_hbvedu,0.4566951621641643,0.7370582979660909,seasonal_climatology,0.0451357185973315,True,1.2824601093238197,0.5454018113577288,seasonal_ar1_null,0.4998729749172521,True,0.2704214879604723,-0.46663681000561863,seasonal_ar1_null,0.49987297491725213,True,0.2704214879604723,-0.46663681000561863,seasonal_ar1_null,0.5528638554939977,True,0.2704214879604723,-0.46663681000561863,,,,,
36006,4,rrmpg_hbvedu,0.4950361930808,0.8246672949420226,seasonal_ar1_null,0.6531825232164337,True,0.1847514758295805,-0.6399158191124421,rrmpg_hbvedu,0.104961507705892,False,0.8246672949420226,0.0,rrmpg_hbvedu,0.10496150770589163,False,0.8246672949420226,0.0,rrmpg_hbvedu,0.30312149010158507,False,0.8246672949420226,0.0,,,,,
36009,4,rrmpg_hbvedu,0.3895300356160746,0.4469047898194596,rrmpg_gr4j,0.0777829146517453,True,1.2408473661648085,0.7939425763453489,seasonal_ar1_null,0.5437223947454182,True,0.2849306910127798,-0.1619740988066798,seasonal_ar1_null,0.5437223947454182,True,0.2849306910127798,-0.1619740988066798,seasonal_ar1_null,0.5370366838066988,True,0.2849306910127798,-0.1619740988066798,,,,,
36011,4,rrmpg_hbvedu,0.3599191112139187,1.0639934850261052,global_lstm,0.0911738409688213,True,0.8504426651298312,-0.213550819896274,seasonal_ar1_null,0.4640157266944858,True,0.3040519107893967,-0.7599415742367086,seasonal_ar1_null,0.46401572669448593,True,0.3040519107893967,-0.7599415742367086,global_lstm,0.08354684350934605,True,0.8504426651298312,-0.213550819896274,,,,,
36012,4,rrmpg_hbvedu,0.2366009582763977,1.0969081687537747,global_lstm,0.1163426565348624,True,0.8471118571096918,-0.2497963116440829,seasonal_climatology,0.5211685803850261,True,1.0149028088095071,-0.08200535994426761,seasonal_climatology,0.5229579611000177,True,1.0149028088095071,-0.08200535994426761,seasonal_climatology,0.37695984862852827,True,1.0149028088095071,-0.08200535994426761,,,,,
37001,4,rrmpg_hbvedu,0.6127843078876072,0.4403265781813997,seasonal_ar1_null,1.066294897090572,True,0.1293551245137556,-0.3109714536676441,rrmpg_hbvedu,0.3759046117216378,False,0.4403265781813997,0.0,rrmpg_hbvedu,0.3759046117216376,False,0.4403265781813997,0.0,seasonal_ar1_null,0.3383697996844197,True,0.1293551245137556,-0.3109714536676441,,,,,
37003,5,rrmpg_hbvedu,0.5473960434920357,0.2596620851988113,rrmpg_hbvedu,0.2823282281227535,False,0.2596620851988113,0.0,global_lstm,0.2450990621945642,True,0.8165312746750808,0.5568691894762695,global_lstm,0.24509906219456423,True,0.8165312746750808,0.5568691894762695,seasonal_ar1_null,0.5773936338122942,True,0.2877694476610709,0.02810736246225959,,,,,
37005,5,rrmpg_hbvedu,0.6299786884129002,0.8381516713421484,seasonal_ar1_null,0.5395288441446289,True,0.168643943671313,-0.6695077276708354,global_lstm,0.1657867725798655,True,0.8323546662955847,-0.0057970050465636636,global_lstm,0.16578677257986552,True,0.8323546662955847,-0.0057970050465636636,seasonal_ar1_null,0.31174579307125905,True,0.168643943671313,-0.6695077276708354,seasonal_ar1_null,0.08877965909257202,True,0.168643943671313,-0.6695077276708354
37008,4,rrmpg_hbvedu,0.5201657563609288,0.8422473836961549,seasonal_ar1_null,0.5818591604149572,True,0.2494470997659599,-0.592800283930195,rrmpg_hbvedu,0.3062223475831293,False,0.8422473836961549,0.0,rrmpg_hbvedu,0.3043216835626871,False,0.8422473836961549,0.0,rrmpg_gr4j,0.3091799423887611,True,1.3165321659608031,0.4742847822646482,,,,,
37009,5,rrmpg_hbvedu,0.4905710750515063,0.8635047490085763,rrmpg_hbvedu,0.2716949011924126,False,0.8635047490085763,0.0,seasonal_ar1_null,0.4743056292838795,True,0.3485297702860103,-0.514974978722566,seasonal_ar1_null,0.47430562928387954,True,0.3485297702860103,-0.514974978722566,seasonal_ar1_null,0.48821401929288766,True,0.3485297702860103,-0.514974978722566,,,,,
37011,5,rrmpg_hbvedu,0.512934435367725,0.9846417611606796,global_lstm,0.0692776232684564,True,1.0332172975822436,0.04857553642156398,seasonal_ar1_null,0.4977500618241157,True,0.2796067791594903,-0.7050349820011893,seasonal_ar1_null,0.49775006182411574,True,0.2796067791594903,-0.7050349820011893,seasonal_climatology,0.46179339961701704,True,0.679089939076405,-0.30555182208427456,global_lstm,0.04390997687105158,True,1.0332172975822436,0.04857553642156398
37018,4,rrmpg_hbvedu,0.3132594582767725,1.0674296866388475,global_lstm,0.3655060935573465,True,1.0090473368914596,-0.058382349747387874,seasonal_ar1_null,0.7243314581882413,True,0.3059360370773603,-0.7614936495614872,seasonal_ar1_null,0.7243314581882413,True,0.3059360370773603,-0.7614936495614872,seasonal_ar1_null,0.7442312554941245,True,0.3059360370773603,-0.7614936495614872,,,,,
37019,5,rrmpg_hbvedu,0.3098328820703495,1.2852456339505438,global_lstm,0.1167850442858582,True,1.2090208870324215,-0.07622474691812231,seasonal_ar1_null,0.4243397117435861,True,0.2223340041755634,-1.0629116297749803,seasonal_ar1_null,0.42433971174358615,True,0.2223340041755634,-1.0629116297749803,seasonal_ar1_null,0.5459723842571613,True,0.2223340041755634,-1.0629116297749803,rrmpg_hbvedu,0.024122089318575957,False,1.2852456339505438,0.0
37020,5,rrmpg_hbvedu,0.4377619244972209,0.9536075153284976,rrmpg_hbvedu,0.4185088788115363,False,0.9536075153284976,0.0,seasonal_ar1_null,0.5581697447630944,True,0.3074786306934159,-0.6461288846350817,seasonal_ar1_null,0.5581697447630943,True,0.3074786306934159,-0.6461288846350817,seasonal_climatology,0.5617889203184903,True,0.7820776889890807,-0.17152982633941694,seasonal_ar1_null,0.12707268732514865,True,0.3074786306934159,-0.6461288846350817
37031,4,rrmpg_hbvedu,0.2675316694371459,1.401523400971177,rrmpg_hbvedu,0.102304448958467,False,1.401523400971177,0.0,seasonal_climatology,0.4901811328375063,True,0.4369072169731844,-0.9646161839979925,seasonal_climatology,0.4901811328375064,True,0.4369072169731844,-0.9646161839979925,seasonal_climatology,0.2586019533212961,True,0.4369072169731844,-0.9646161839979925,rrmpg_hbvedu,0.021548692444590234,False,1.401523400971177,0.0
37033,4,global_lstm,0.229971594222878,1.4365599727140324,rrmpg_hbvedu,0.2447015829337875,True,1.485992696413975,0.04943272369994256,seasonal_ar1_null,0.5195857598807352,True,0.3372242251254574,-1.099335747588575,seasonal_ar1_null,0.5195857598807352,True,0.3372242251254574,-1.099335747588575,seasonal_ar1_null,0.4851285896181201,True,0.3372242251254574,-1.099335747588575,rrmpg_hbvedu,0.23518789187311212,True,1.485992696413975,0.04943272369994256
38001,4,global_lstm,0.516557254243552,0.3474072771613429,rrmpg_hbvedu,0.1879441049604577,True,0.3929033434317175,0.04549606627037461,rrmpg_gr4j,0.4333698032955601,True,0.8654750561011432,0.5180677789398003,rrmpg_gr4j,0.43336980329556,True,0.8654750561011432,0.5180677789398003,rrmpg_gr4j,0.24290086276983058,True,0.8654750561011432,0.5180677789398003,,,,,
38003,4,rrmpg_gr4j,0.2130321832611337,0.1312439195511237,seasonal_ar1_null,0.5859409162870987,True,0.9688469914750624,0.8376030719239387,seasonal_ar1_null,0.8741599295443395,True,0.9688469914750624,0.8376030719239387,seasonal_ar1_null,0.8741599295443394,True,0.9688469914750624,0.8376030719239387,rrmpg_gr4j,0.738538345872162,False,0.1312439195511237,0.0,,,,,
38004,4,global_lstm,0.4132862051758426,0.6242065650329613,global_lstm,0.3123628762983007,False,0.6242065650329613,0.0,seasonal_ar1_null,0.5768704931074936,True,0.7854753643823296,0.16126879934936822,seasonal_ar1_null,0.5768704931074936,True,0.7854753643823296,0.16126879934936822,seasonal_ar1_null,0.7522233120061422,True,0.7854753643823296,0.16126879934936822,,,,,
38007,5,global_lstm,0.1223389254859533,0.8373690697348883,seasonal_climatology,0.354547617173246,True,0.5369648323927446,-0.3004042373421437,seasonal_climatology,0.4308694881046484,True,0.5369648323927446,-0.3004042373421437,seasonal_climatology,0.4046378321006566,True,0.5369648323927446,-0.3004042373421437,seasonal_ar1_null,0.43669912023408886,True,0.4368962424831304,-0.4004728272517579,seasonal_climatology,0.036665740911854594,True,0.5369648323927446,-0.3004042373421437
38017,4,rrmpg_gr4j,0.1000803524618884,0.2473225617519014,seasonal_ar1_null,0.2043115229123768,True,0.7859209735053801,0.5385984117534788,seasonal_ar1_null,0.622070597135782,True,0.7859209735053801,0.5385984117534788,seasonal_ar1_null,0.622070597135782,True,0.7859209735053801,0.5385984117534788,seasonal_ar1_null,0.16291986648472978,True,0.7859209735053801,0.5385984117534788,,,,,
38018,4,rrmpg_hbvedu,0.4245479831298978,0.0589675803238045,seasonal_ar1_null,0.4312330986106789,True,0.791797444105029,0.7328298637812245,rrmpg_gr4j,0.2320571335228189,True,0.408714408666907,0.3497468283431025,rrmpg_gr4j,0.23205713352281898,True,0.408714408666907,0.3497468283431025,rrmpg_gr4j,0.2984960281819581,True,0.408714408666907,0.3497468283431025,,,,,
38021,4,global_lstm,0.4480688168711816,0.9876977388853604,global_lstm,0.3324254906754932,False,0.9876977388853604,0.0,seasonal_ar1_null,0.6025510990964646,True,0.3495818005709062,-0.6381159383144541,seasonal_ar1_null,0.6025510990964646,True,0.3495818005709062,-0.6381159383144541,seasonal_ar1_null,0.6436178424640772,True,0.3495818005709062,-0.6381159383144541,,,,,
38026,5,rrmpg_hbvedu,0.4861260141076503,0.7752439157675102,global_lstm,0.1423309461190709,True,0.7910565245755335,0.015812608808023376,seasonal_ar1_null,0.3426238430955632,True,0.1370381181803295,-0.6382057975871807,seasonal_ar1_null,0.3426238430955634,True,0.1370381181803295,-0.6382057975871807,seasonal_ar1_null,0.5158763960967747,True,0.1370381181803295,-0.6382057975871807,rrmpg_gr4j,0.18366595658108342,True,1.0105497498787104,0.2353058341112002
38029,5,rrmpg_hbvedu,0.3157029863606371,0.6002932756824195,seasonal_climatology,0.1390404874997994,True,0.2028264069129957,-0.39746686876942383,seasonal_climatology,0.1089542468742771,True,0.2028264069129957,-0.39746686876942383,seasonal_climatology,0.10895424687427702,True,0.2028264069129957,-0.39746686876942383,seasonal_climatology,0.09577391437451693,True,0.2028264069129957,-0.39746686876942383,seasonal_climatology,0.08849495152308062,True,0.2028264069129957,-0.39746686876942383
38030,5,rrmpg_hbvedu,0.3241018779523351,0.0648339304079722,seasonal_climatology,0.3699952096704632,True,0.9526172087566732,0.887783278348701,seasonal_climatology,0.4709395204648633,True,0.9526172087566732,0.887783278348701,seasonal_climatology,0.47093952046486337,True,0.9526172087566732,0.887783278348701,seasonal_climatology,0.3727556087755086,True,0.9526172087566732,0.887783278348701,global_lstm,0.389444577728453,True,0.2553513430959897,0.19051741268801753
39001,4,rrmpg_hbvedu,0.5939454999477168,0.3024315153674289,rrmpg_hbvedu,0.1344816619604101,False,0.3024315153674289,0.0,global_lstm,0.4345423413387415,True,0.1765754707228395,-0.1258560446445894,global_lstm,0.4345423413387415,True,0.1765754707228395,-0.1258560446445894,seasonal_ar1_null,0.7501368789239878,True,0.4687292702620675,0.1662977548946386,,,,,
39002,4,rrmpg_hbvedu,0.90265557327336,0.0775620756818036,global_lstm,0.5676876707067682,True,0.1743612013900083,0.0967991257082047,rrmpg_hbvedu,0.6959532715723156,False,0.0775620756818036,0.0,rrmpg_hbvedu,0.6959532715723156,False,0.0775620756818036,0.0,rrmpg_gr4j,0.09852889093684636,True,0.4427172503226177,0.36515517464081415,rrmpg_gr4j,0.14963489810423858,True,0.4427172503226177,0.36515517464081415
39004,5,rrmpg_gr4j,0.279997751843187,0.3251157758661107,seasonal_ar1_null,0.471018418584625,True,1.225331193156408,0.9002154172902972,seasonal_climatology,0.1877412802420703,True,1.5532661936860734,1.2281504178199627,seasonal_climatology,0.18774128024207037,True,1.5532661936860734,1.2281504178199627,seasonal_climatology,0.5560616852986942,True,1.5532661936860734,1.2281504178199627,rrmpg_hbvedu,0.07317445238826181,True,0.6493450328379982,0.3242292569718875
39005,4,rrmpg_hbvedu,0.1202536304889965,0.3687066321927659,seasonal_ar1_null,0.682288815543654,True,1.1924523764890125,0.8237457442962466,seasonal_ar1_null,0.5011213601587289,True,1.1924523764890125,0.8237457442962466,seasonal_ar1_null,0.5011213601587289,True,1.1924523764890125,0.8237457442962466,seasonal_ar1_null,0.526887390071564,True,1.1924523764890125,0.8237457442962466,rrmpg_hbvedu,0.18967732441462082,False,0.3687066321927659,0.0
39006,4,rrmpg_gr4j,0.5161911327002078,0.4897799179245306,rrmpg_hbvedu,0.4415007361426293,True,0.2282794427373024,-0.2615004751872282,rrmpg_hbvedu,0.5611237122415029,True,0.2282794427373024,-0.2615004751872282,rrmpg_hbvedu,0.5611237122415029,True,0.2282794427373024,-0.2615004751872282,global_lstm,0.12345418716510281,True,0.1897201306002018,-0.3000597873243288,,,,,
39007,5,rrmpg_hbvedu,0.5939434199947591,0.607419669577051,rrmpg_hbvedu,0.2871182160536336,False,0.607419669577051,0.0,rrmpg_gr4j,0.3367906076942699,True,0.7995210024947708,0.1921013329177198,rrmpg_gr4j,0.3367906076942697,True,0.7995210024947708,0.1921013329177198,rrmpg_gr4j,0.10731075120570255,True,0.7995210024947708,0.1921013329177198,global_lstm,0.13771568146917534,True,0.40767293571483,-0.19974673386222097
39008,5,rrmpg_hbvedu,0.919230041977664,0.0064545595077717,rrmpg_hbvedu,0.4722653377712948,False,0.0064545595077717,0.0,rrmpg_hbvedu,0.4281845509728792,False,0.0064545595077717,0.0,rrmpg_hbvedu,0.43631402084463944,False,0.0064545595077717,0.0,rrmpg_hbvedu,0.052848024998161325,False,0.0064545595077717,0.0,rrmpg_gr4j,0.02289600001891312,True,0.1493816846853168,0.14292712517754508
39010,4,rrmpg_gr4j,0.1190105048707824,0.012230713593749,seasonal_ar1_null,0.3007427125046642,True,0.5723993602991324,0.5601686467053834,global_lstm,0.4530550671612173,True,0.3377414829739465,0.3255107693801975,global_lstm,0.45305506716121735,True,0.3377414829739465,0.3255107693801975,rrmpg_gr4j,0.220965184061108,False,0.012230713593749,0.0,,,,,
39011,4,rrmpg_hbvedu,0.4964524186011967,0.4155020924786844,rrmpg_gr4j,0.0613671766725318,True,0.7320652907979197,0.3165631983192353,seasonal_ar1_null,0.4710951040201014,True,0.6211042539615099,0.2056021614828255,seasonal_ar1_null,0.47109510402010146,True,0.6211042539615099,0.2056021614828255,seasonal_ar1_null,0.44728248794844205,True,0.6211042539615099,0.2056021614828255,global_lstm,0.05767017804773589,True,0.2825340229116409,-0.1329680695670435
39012,4,rrmpg_hbvedu,0.1553263826459017,0.7838159890306903,global_lstm,0.4935293517033141,True,0.4117371963470384,-0.37207879268365185,seasonal_ar1_null,0.5132471141389254,True,0.6223302336747195,-0.16148575535597076,seasonal_ar1_null,0.5132471141389253,True,0.6223302336747195,-0.16148575535597076,seasonal_ar1_null,0.5441166286281574,True,0.6223302336747195,-0.16148575535597076,,,,,
39014,4,rrmpg_gr4j,0.0403929002280983,0.1933790671086716,seasonal_ar1_null,0.3268412256724335,True,0.6418669940423496,0.448487926933678,seasonal_ar1_null,0.2580327441938387,True,0.6418669940423496,0.448487926933678,seasonal_ar1_null,0.2580327441938386,True,0.6418669940423496,0.448487926933678,seasonal_ar1_null,0.20342707817314287,True,0.6418669940423496,0.448487926933678,,,,,
39015,4,rrmpg_hbvedu,0.2314445827578705,0.6781641508418613,seasonal_ar1_null,0.2769339185916043,True,0.7881287394676402,0.10996458862577885,seasonal_ar1_null,0.4976327044721905,True,0.7881287394676402,0.10996458862577885,seasonal_ar1_null,0.49763270447219055,True,0.7881287394676402,0.10996458862577885,seasonal_ar1_null,0.4106828263542194,True,0.7881287394676402,0.10996458862577885,,,,,
39016,4,rrmpg_hbvedu,0.5241100604137281,0.0436764809838895,rrmpg_gr4j,0.0449704643570012,True,0.0050156569418806,-0.0386608240420089,rrmpg_gr4j,0.0429605685925673,True,0.0050156569418806,-0.0386608240420089,rrmpg_gr4j,0.04296056859256736,True,0.0050156569418806,-0.0386608240420089,seasonal_ar1_null,0.28925814054992327,True,0.8357288258749044,0.7920523448910148,rrmpg_hbvedu,0.01707520426049114,False,0.0436764809838895,0.0
39017,5,rrmpg_hbvedu,0.2774018126101744,0.7770205592913941,global_lstm,0.3094642095427332,True,0.7966540104416805,0.019633451150286363,seasonal_climatology,0.2377404937502757,True,1.1544501742637996,0.37742961497240546,seasonal_climatology,0.2337043599510819,True,1.1544501742637996,0.37742961497240546,seasonal_climatology,0.12499002648321289,True,1.1544501742637996,0.37742961497240546,,,,,
39019,4,rrmpg_gr4j,0.7047139152301333,0.0695680007487711,seasonal_ar1_null,0.2431141945859471,True,0.4311844402822387,0.36161643953346756,seasonal_ar1_null,0.5083621309106693,True,0.4311844402822387,0.36161643953346756,seasonal_ar1_null,0.5083621309106692,True,0.4311844402822387,0.36161643953346756,global_lstm,0.39748335299276005,True,0.7358333559545328,0.6662653552057617,,,,,
39020,4,rrmpg_hbvedu,0.4945051053276946,0.0964369010387316,rrmpg_hbvedu,0.9103206058230764,False,0.0964369010387316,0.0,seasonal_ar1_null,0.381326957576713,True,0.2185153196549353,0.12207841861620371,seasonal_ar1_null,0.381326957576713,True,0.2185153196549353,0.12207841861620371,,,,,,seasonal_ar1_null,0.15808825775787216,True,0.2185153196549353,0.12207841861620371
39021,4,rrmpg_hbvedu,0.6346834767214656,0.4828526172819205,seasonal_ar1_null,0.4739398091182312,True,0.3289850273584226,-0.15386758992349792,global_lstm,0.6430028628095029,True,0.0348129884072424,-0.44803962887467813,global_lstm,0.6430028628095029,True,0.0348129884072424,-0.44803962887467813,rrmpg_gr4j,0.18338170339293036,True,0.6027334317546089,0.11988081447268839,,,,,
39022,4,rrmpg_hbvedu,0.552143706146748,0.1875156520730293,global_lstm,0.2463900448374087,True,0.3912702797584321,0.20375462768540278,rrmpg_gr4j,0.0872443990544954,True,0.8701192171693912,0.6826035650963619,rrmpg_gr4j,0.08724439905449533,True,0.8701192171693912,0.6826035650963619,seasonal_ar1_null,0.5737701017414072,True,0.66146786058593,0.47395220851290065,,,,,
39023,4,rrmpg_hbvedu,-0.0202501669617327,0.206657469954221,seasonal_ar1_null,0.612740133721754,True,0.4499561871840534,0.2432987172298324,seasonal_ar1_null,0.6625896902297214,True,0.4499561871840534,0.2432987172298324,seasonal_ar1_null,0.6625896902297214,True,0.4499561871840534,0.2432987172298324,seasonal_ar1_null,0.6273910384454775,True,0.4499561871840534,0.2432987172298324,,,,,
39025,5,global_lstm,0.6260945211384268,0.4963391085499828,global_lstm,0.0483343983796266,False,0.4963391085499828,0.0,seasonal_ar1_null,0.2959690917662924,True,0.3944851141594434,-0.10185399439053944,seasonal_ar1_null,0.29596909176629227,True,0.3944851141594434,-0.10185399439053944,global_lstm,0.2696584092418759,False,0.4963391085499828,0.0,,,,,
39027,4,rrmpg_gr4j,0.4618751571885157,0.1825564044873429,rrmpg_hbvedu,0.0463138954439541,True,0.001489967768297,-0.1810664367190459,rrmpg_hbvedu,0.0645406490104918,True,0.001489967768297,-0.1810664367190459,rrmpg_hbvedu,0.06813773609330087,True,0.001489967768297,-0.1810664367190459,rrmpg_hbvedu,0.18728816635316337,True,0.001489967768297,-0.1810664367190459,,,,,
39028,4,rrmpg_gr4j,0.5871046796855464,0.1627238382131561,seasonal_ar1_null,0.0706587880655363,True,0.5016602955804732,0.3389364573673171,rrmpg_gr4j,0.2483321896671274,False,0.1627238382131561,0.0,rrmpg_gr4j,0.24833218966712745,False,0.1627238382131561,0.0,seasonal_ar1_null,0.058491249468602624,True,0.5016602955804732,0.3389364573673171,,,,,
39029,4,rrmpg_hbvedu,0.4628927248344668,0.1531717544745247,rrmpg_gr4j,0.535259909406,True,0.4012265595191603,0.24805480504463562,seasonal_ar1_null,0.4630928396532122,True,0.9612564746174928,0.8080847201429681,seasonal_ar1_null,0.46309283965321224,True,0.9612564746174928,0.8080847201429681,seasonal_ar1_null,0.39637461858407064,True,0.9612564746174928,0.8080847201429681,,,,,
39034,4,rrmpg_hbvedu,0.5596368871309927,0.3441877885440041,global_lstm,0.2234813836022912,True,0.0953201488578966,-0.24886763968610753,rrmpg_hbvedu,0.2766858478558409,False,0.3441877885440041,0.0,rrmpg_hbvedu,0.2777133567729042,False,0.3441877885440041,0.0,seasonal_ar1_null,0.09856667955005505,True,0.1373469222043222,-0.2068408663396819,,,,,
39035,4,rrmpg_hbvedu,0.2272000045615363,0.211857539195983,seasonal_ar1_null,0.2160766913906581,True,0.0677225224309028,-0.14413501676508017,seasonal_ar1_null,0.2534944580507764,True,0.0677225224309028,-0.14413501676508017,seasonal_ar1_null,0.2534944580507764,True,0.0677225224309028,-0.14413501676508017,global_lstm,0.15531311750928167,True,0.2234754732383563,0.011617934042373296,,,,,
39036,5,rrmpg_hbvedu,0.3441417846644355,0.1563867193411456,seasonal_climatology,0.1678979140373565,True,0.9230542308547572,0.7666675115136117,seasonal_climatology,0.2515123191073387,True,0.9230542308547572,0.7666675115136117,seasonal_climatology,0.25459334710661763,True,0.9230542308547572,0.7666675115136117,seasonal_climatology,0.2598996279121733,True,0.9230542308547572,0.7666675115136117,global_lstm,0.11132510288717612,True,0.2067020295359381,0.05031531019479252
39037,4,rrmpg_gr4j,0.4282719098149089,0.2235816537661966,seasonal_ar1_null,0.3704760685920377,True,0.2032170673149425,-0.020364586451254107,seasonal_ar1_null,0.4049553548743709,True,0.2032170673149425,-0.020364586451254107,seasonal_ar1_null,0.4073396804819306,True,0.2032170673149425,-0.020364586451254107,seasonal_ar1_null,0.4533545521316322,True,0.2032170673149425,-0.020364586451254107,seasonal_ar1_null,0.1379284321481553,True,0.2032170673149425,-0.020364586451254107
39042,4,rrmpg_hbvedu,0.4923128035213682,0.1592576414037508,rrmpg_gr4j,0.1520308220184776,True,0.4250347772107687,0.2657771358070179,seasonal_ar1_null,0.3849746722440441,True,0.0391356989149487,-0.12012194248880209,seasonal_ar1_null,0.38497467224404414,True,0.0391356989149487,-0.12012194248880209,rrmpg_gr4j,0.5002559406280387,True,0.4250347772107687,0.2657771358070179,,,,,
39049,4,global_lstm,0.3241984103061944,1.2638180172732474,rrmpg_hbvedu,0.0968381258518788,True,1.400660372446742,0.13684235517349452,seasonal_ar1_null,0.4857046777519531,True,0.1719124286065965,-1.0919055886666509,seasonal_ar1_null,0.4857046777519531,True,0.1719124286065965,-1.0919055886666509,seasonal_ar1_null,0.21524753367309513,True,0.1719124286065965,-1.0919055886666509,rrmpg_hbvedu,0.06774679766219127,True,1.400660372446742,0.13684235517349452
39052,5,rrmpg_hbvedu,0.4348275242315199,1.1274255006005007,global_lstm,0.1118460501298694,True,0.9453327083794556,-0.18209279222104513,seasonal_ar1_null,0.4312337109923834,True,0.3982527233521074,-0.7291727772483934,seasonal_ar1_null,0.4312337109923834,True,0.3982527233521074,-0.7291727772483934,seasonal_ar1_null,0.4605935323249015,True,0.3982527233521074,-0.7291727772483934,,,,,
39054,5,rrmpg_hbvedu,0.5314848142512744,0.7117512100324487,global_lstm,0.1779500135794961,True,0.5748104100987483,-0.13694079993370034,seasonal_climatology,0.2761527603591492,True,0.6068220515033523,-0.10492915852909634,seasonal_climatology,0.26216878816443484,True,0.6068220515033523,-0.10492915852909634,seasonal_ar1_null,0.44908121445981675,True,0.3935563407755165,-0.3181948692569322,global_lstm,0.09769707916311277,True,0.5748104100987483,-0.13694079993370034
39056,5,rrmpg_hbvedu,0.267740000164625,1.2241022792413525,global_lstm,0.4280397845112933,True,0.7000408646004463,-0.5240614146409062,seasonal_ar1_null,0.4174435361794129,True,0.5210725510283363,-0.7030297282130162,seasonal_ar1_null,0.41744353617941277,True,0.5210725510283363,-0.7030297282130162,seasonal_climatology,0.4955645176358863,True,0.8305875263642365,-0.393514752877116,,,,,
39061,4,rrmpg_gr4j,0.0732980938953576,0.1748478957884236,seasonal_ar1_null,0.4926906983285407,True,0.3268015553917743,0.1519536596033507,seasonal_ar1_null,0.1934552875678123,True,0.3268015553917743,0.1519536596033507,seasonal_ar1_null,0.18738014795308222,True,0.3268015553917743,0.1519536596033507,seasonal_ar1_null,0.17696314985590278,True,0.3268015553917743,0.1519536596033507,,,,,
39065,4,rrmpg_gr4j,0.2369501661049048,0.1179142728597848,seasonal_ar1_null,0.0949716236078261,True,0.311512327436496,0.1935980545767112,seasonal_ar1_null,0.1134820260144552,True,0.311512327436496,0.1935980545767112,seasonal_ar1_null,0.11348202601445523,True,0.311512327436496,0.1935980545767112,rrmpg_gr4j,0.27500275322693346,False,0.1179142728597848,0.0,,,,,
39069,5,rrmpg_hbvedu,0.553272934400205,0.8873430022989638,global_lstm,0.0401221556464239,True,0.6164119310445957,-0.2709310712543681,seasonal_ar1_null,0.2102266440477231,True,0.4195974277364116,-0.46774557456255217,seasonal_ar1_null,0.21022664404772318,True,0.4195974277364116,-0.46774557456255217,seasonal_ar1_null,0.25352721504212405,True,0.4195974277364116,-0.46774557456255217,global_lstm,0.05842067229467163,True,0.6164119310445957,-0.2709310712543681
39072,4,rrmpg_hbvedu,0.6155437590991093,0.2961992347839862,rrmpg_hbvedu,0.1517748068488242,False,0.2961992347839862,0.0,rrmpg_hbvedu,0.3500337693665163,False,0.2961992347839862,0.0,rrmpg_hbvedu,0.3500337693665162,False,0.2961992347839862,0.0,rrmpg_gr4j,0.383901603148586,True,0.2435190432246417,-0.052680191559344475,rrmpg_gr4j,0.054521972549618436,True,0.2435190432246417,-0.052680191559344475
39078,4,rrmpg_gr4j,0.451697307798542,0.7235846487377966,global_lstm,0.4348652708446419,True,0.256574677162498,-0.4670099715752986,seasonal_ar1_null,0.3263975124460936,True,0.7865034231768505,0.06291877443905391,seasonal_ar1_null,0.3263975124460936,True,0.7865034231768505,0.06291877443905391,seasonal_ar1_null,0.18840088675783173,True,0.7865034231768505,0.06291877443905391,,,,,
39081,4,rrmpg_gr4j,0.6745275471854235,0.4514808613150883,seasonal_ar1_null,0.561891558772055,True,0.3961829558705125,-0.0552979054445758,global_lstm,0.3458868840658959,True,0.2460820241929547,-0.2053988371221336,global_lstm,0.34588688406589596,True,0.2460820241929547,-0.2053988371221336,rrmpg_gr4j,0.17396885439627807,False,0.4514808613150883,0.0,rrmpg_gr4j,0.04456593702456235,False,0.4514808613150883,0.0
39087,5,rrmpg_hbvedu,0.5244527586574741,0.598441311361844,global_lstm,0.0839047551171006,True,0.616701403881852,0.018260092520008042,seasonal_climatology,0.1501868540831502,True,0.0172202630741569,-0.5812210482876871,seasonal_climatology,0.15018685408315025,True,0.0172202630741569,-0.5812210482876871,rrmpg_gr4j,0.16889111528573109,True,0.67367971961455,0.075238408252706,rrmpg_gr4j,0.1540834770726004,True,0.67367971961455,0.075238408252706
39088,4,rrmpg_gr4j,-0.1056928929846905,0.1431830583380912,seasonal_ar1_null,0.3389221234655839,True,0.6118492409087175,0.4686661825706263,seasonal_ar1_null,0.3614270700465458,True,0.6118492409087175,0.4686661825706263,seasonal_ar1_null,0.36142707004654584,True,0.6118492409087175,0.4686661825706263,seasonal_ar1_null,0.339012031937044,True,0.6118492409087175,0.4686661825706263,,,,,
39095,5,rrmpg_hbvedu,0.4923391055099684,0.4509949279580605,global_lstm,0.3339705578333152,True,0.6170563691583064,0.1660614412002459,seasonal_ar1_null,0.3139267291653275,True,0.4687144956073845,0.017719567649323975,seasonal_ar1_null,0.31392672916532754,True,0.4687144956073845,0.017719567649323975,seasonal_ar1_null,0.5475599041060835,True,0.4687144956073845,0.017719567649323975,global_lstm,0.31340909636320047,True,0.6170563691583064,0.1660614412002459
39099,4,rrmpg_gr4j,0.5424438727574052,0.3610357542155019,seasonal_ar1_null,0.7987893142305695,True,0.1927269207177319,-0.16830883349776998,seasonal_ar1_null,0.7938189768883317,True,0.1927269207177319,-0.16830883349776998,seasonal_ar1_null,0.7938189768883317,True,0.1927269207177319,-0.16830883349776998,rrmpg_gr4j,0.8247910119053352,False,0.3610357542155019,0.0,rrmpg_hbvedu,0.12365490151748126,True,0.2810934843776546,-0.0799422698378473
39101,4,rrmpg_gr4j,0.4611181204721398,0.0516232563088095,seasonal_ar1_null,0.5714934354000174,True,0.0544157538708068,0.002792497561997301,seasonal_ar1_null,0.5801510525269815,True,0.0544157538708068,0.002792497561997301,seasonal_ar1_null,0.5777718167997827,True,0.0544157538708068,0.002792497561997301,rrmpg_gr4j,0.2660967853339118,False,0.0516232563088095,0.0,rrmpg_hbvedu,0.7897944411652849,True,0.1702730911903028,0.11864983488149329
39105,5,rrmpg_hbvedu,0.5167841718453423,0.4010072057803067,seasonal_climatology,0.2833608409940951,True,1.4137978455766165,1.0127906397963098,rrmpg_gr4j,0.407346212651118,True,0.8969290738653544,0.4959218680850477,rrmpg_gr4j,0.40734621265111803,True,0.8969290738653544,0.4959218680850477,rrmpg_gr4j,0.29104956521154923,True,0.8969290738653544,0.4959218680850477,rrmpg_hbvedu,0.42610776814024676,False,0.4010072057803067,0.0
39108,4,rrmpg_gr4j,0.32697578056996,0.2951897524439122,seasonal_ar1_null,0.3226481480065692,True,0.1244317810321769,-0.17075797141173532,seasonal_ar1_null,0.1903990803778477,True,0.1244317810321769,-0.17075797141173532,seasonal_ar1_null,0.1903990803778477,True,0.1244317810321769,-0.17075797141173532,seasonal_ar1_null,0.3418918277697156,True,0.1244317810321769,-0.17075797141173532,,,,,
39114,5,seasonal_climatology,0.0937658678019703,1.1702811238339947,seasonal_ar1_null,0.0887199161751276,True,0.70938074484129,-0.46090037899270475,seasonal_ar1_null,0.4030601906588081,True,0.70938074484129,-0.46090037899270475,seasonal_ar1_null,0.403060190658808,True,0.70938074484129,-0.46090037899270475,seasonal_ar1_null,0.14741306555756983,True,0.70938074484129,-0.46090037899270475,,,,,
39120,4,rrmpg_hbvedu,0.474569691744402,0.3568052393754226,seasonal_ar1_null,0.3749965347868413,True,0.9093513724317516,0.552546133056329,seasonal_ar1_null,0.1089306892967391,True,0.9093513724317516,0.552546133056329,seasonal_ar1_null,0.10893068929673899,True,0.9093513724317516,0.552546133056329,global_lstm,0.11549677431572047,True,0.1262958000067657,-0.23050943936865687,global_lstm,0.08670546034910498,True,0.1262958000067657,-0.23050943936865687
39125,5,seasonal_climatology,-0.0063129888123658,1.522429313077852,seasonal_ar1_null,0.3416922827180813,True,0.6169045205637835,-0.9055247925140684,seasonal_ar1_null,0.0879418016957029,True,0.6169045205637835,-0.9055247925140684,seasonal_ar1_null,0.08794180169570298,True,0.6169045205637835,-0.9055247925140684,seasonal_ar1_null,0.057913536484229367,True,0.6169045205637835,-0.9055247925140684,,,,,
39127,4,rrmpg_gr4j,0.0248600777932136,0.0466502923019548,seasonal_ar1_null,0.2521401664857816,True,0.4917830284711983,0.44513273616924354,seasonal_ar1_null,0.2059323006698795,True,0.4917830284711983,0.44513273616924354,seasonal_ar1_null,0.20593230066987955,True,0.4917830284711983,0.44513273616924354,seasonal_ar1_null,0.10439073395266107,True,0.4917830284711983,0.44513273616924354,,,,,
39141,4,rrmpg_gr4j,0.2657633512026497,0.7915888999079022,rrmpg_gr4j,0.353688154960593,False,0.7915888999079022,0.0,rrmpg_gr4j,0.3147528816550642,False,0.7915888999079022,0.0,rrmpg_gr4j,0.3147528816550642,False,0.7915888999079022,0.0,rrmpg_gr4j,0.3633100966111288,False,0.7915888999079022,0.0,seasonal_ar1_null,0.14677754977728363,True,0.3004932316767423,-0.49109566823115985
39142,4,seasonal_ar1_null,0.3186639120406063,0.4554228680672614,rrmpg_hbvedu,0.6604488611719346,True,0.026068500713397,-0.4293543673538644,seasonal_ar1_null,0.3371094430904318,False,0.4554228680672614,0.0,seasonal_ar1_null,0.3371094430904318,False,0.4554228680672614,0.0,rrmpg_hbvedu,0.46176692551019505,True,0.026068500713397,-0.4293543673538644,seasonal_ar1_null,0.2723033535868813,False,0.4554228680672614,0.0
39143,4,rrmpg_gr4j,0.2007900817501372,0.0795525846826609,seasonal_ar1_null,0.2160176007374761,True,0.4338365534072046,0.3542839687245437,seasonal_ar1_null,0.6343494403914081,True,0.4338365534072046,0.3542839687245437,seasonal_ar1_null,0.6343494403914081,True,0.4338365534072046,0.3542839687245437,rrmpg_gr4j,0.030281687360877996,False,0.0795525846826609,0.0,seasonal_ar1_null,0.11458657638770009,True,0.4338365534072046,0.3542839687245437
39144,4,global_lstm,0.1649072767809992,0.1262805288625761,seasonal_ar1_null,0.0856094580354647,True,0.6240374023127291,0.49775687345015296,rrmpg_gr4j,0.4170771771160182,True,0.5284208169228595,0.40214028806028335,rrmpg_gr4j,0.4170771771160182,True,0.5284208169228595,0.40214028806028335,seasonal_ar1_null,0.4070079304845571,True,0.6240374023127291,0.49775687345015296,,,,,
40003,5,rrmpg_hbvedu,0.6285852923063886,0.2266096058633616,rrmpg_hbvedu,0.2413272105094639,False,0.2266096058633616,0.0,global_lstm,0.2351528065701211,True,0.3136271012890632,0.08701749542570159,global_lstm,0.23515280657012116,True,0.3136271012890632,0.08701749542570159,rrmpg_gr4j,0.39741224066429504,True,0.9872403457475064,0.7606307398841448,,,,,
40004,5,rrmpg_hbvedu,0.5628202842730475,0.4935403842373279,global_lstm,0.1832606184060421,True,0.3984902540056476,-0.0950501302316803,seasonal_ar1_null,0.4652903403535147,True,0.2874805671238121,-0.2060598171135158,seasonal_ar1_null,0.4652903403535147,True,0.2874805671238121,-0.2060598171135158,global_lstm,0.24128337097533192,True,0.3984902540056476,-0.0950501302316803,global_lstm,0.26374456067659624,True,0.3984902540056476,-0.0950501302316803
40005,4,rrmpg_hbvedu,0.6223070701845868,0.6103318364835171,rrmpg_hbvedu,0.1983699578398585,False,0.6103318364835171,0.0,seasonal_ar1_null,0.5427093367452909,True,0.3868306436874462,-0.2235011927960709,seasonal_ar1_null,0.5427093367452909,True,0.3868306436874462,-0.2235011927960709,,,,,,,,,,
40006,4,rrmpg_gr4j,-0.2877245724045207,0.6716501453398265,seasonal_ar1_null,0.4837570287199595,True,0.7349811936213845,0.063331048281558,seasonal_ar1_null,0.4815444283734115,True,0.7349811936213845,0.063331048281558,seasonal_ar1_null,0.4815444283734115,True,0.7349811936213845,0.063331048281558,seasonal_ar1_null,0.4757875368632424,True,0.7349811936213845,0.063331048281558,rrmpg_hbvedu,0.0959097597654689,True,0.4509678471771548,-0.22068229816267165
40007,5,global_lstm,0.5927230358576825,0.3950193577062535,seasonal_climatology,0.2496745552854345,True,1.336693321967788,0.9416739642615344,seasonal_ar1_null,0.4335700706380236,True,0.3739108704017672,-0.021108487304486334,seasonal_ar1_null,0.43357007063802355,True,0.3739108704017672,-0.021108487304486334,seasonal_ar1_null,0.36160536718787806,True,0.3739108704017672,-0.021108487304486334,rrmpg_gr4j,0.0403095458396181,True,0.9401902682367254,0.5451709105304718
40009,5,global_lstm,0.5477542996640401,0.4100390228046648,seasonal_ar1_null,0.5526903566850372,True,0.4863224217721126,0.07628339896744779,seasonal_ar1_null,0.5702519145155897,True,0.4863224217721126,0.07628339896744779,seasonal_ar1_null,0.5702519145155898,True,0.4863224217721126,0.07628339896744779,seasonal_ar1_null,0.5706058797434352,True,0.4863224217721126,0.07628339896744779,rrmpg_hbvedu,0.3904374772601047,True,0.6817235297070083,0.2716845069023435
4001,5,rrmpg_gr4j,0.4253017343557723,1.1372556779122804,rrmpg_hbvedu,0.2226164437487008,True,1.130663643800687,-0.006592034111593481,seasonal_ar1_null,0.2972626754364857,True,0.2019281625006107,-0.9353275154116698,global_lstm,0.2585705421738793,True,0.8362908851442539,-0.30096479276802657,global_lstm,0.2582580183766201,True,0.8362908851442539,-0.30096479276802657,,,,,
40010,4,global_lstm,0.5949687373840502,0.5179877169508322,global_lstm,0.2195548118989403,False,0.5179877169508322,0.0,seasonal_ar1_null,0.5165346760554844,True,0.3815009990777329,-0.13648671787309935,seasonal_ar1_null,0.5165346760554844,True,0.3815009990777329,-0.13648671787309935,seasonal_ar1_null,0.5326293164395671,True,0.3815009990777329,-0.13648671787309935,global_lstm,0.07809102412125823,False,0.5179877169508322,0.0
40012,4,rrmpg_gr4j,0.5150381797593468,0.0150345232619397,rrmpg_hbvedu,0.2449031932928871,True,0.0092251470535529,-0.005809376208386801,rrmpg_hbvedu,0.2039112146962329,True,0.0092251470535529,-0.005809376208386801,rrmpg_hbvedu,0.20391121469623275,True,0.0092251470535529,-0.005809376208386801,rrmpg_hbvedu,0.46712387405442923,True,0.0092251470535529,-0.005809376208386801,global_lstm,0.010061682429380658,True,0.5401593664981714,0.5251248432362318
40013,4,global_lstm,0.63189244695529,0.0479244367469653,rrmpg_gr4j,0.0605472731621083,True,0.670339610803577,0.6224151740566116,global_lstm,0.3754224263723704,False,0.0479244367469653,0.0,global_lstm,0.39057423105414335,False,0.0479244367469653,0.0,seasonal_ar1_null,0.5189834943266876,True,0.5526687754424551,0.5047443386954897,,,,,
40016,5,rrmpg_hbvedu,0.2291972217203925,0.090244510839254,seasonal_climatology,0.3960280825463999,True,0.741573453494578,0.651328942655324,seasonal_climatology,0.1220676187641558,True,0.741573453494578,0.651328942655324,seasonal_climatology,0.12206761876415584,True,0.741573453494578,0.651328942655324,seasonal_climatology,0.27925655269165245,True,0.741573453494578,0.651328942655324,rrmpg_hbvedu,0.28507601699893925,False,0.090244510839254,0.0
40017,5,global_lstm,0.4407592053192086,0.7181758687635916,seasonal_climatology,0.3414383548950498,True,1.0766544886949567,0.3584786199313651,seasonal_climatology,0.2884146079587674,True,1.0766544886949567,0.3584786199313651,seasonal_climatology,0.2884146079587674,True,1.0766544886949567,0.3584786199313651,seasonal_climatology,0.25735094372155787,True,1.0766544886949567,0.3584786199313651,global_lstm,0.8413519537503257,False,0.7181758687635916,0.0
40018,5,rrmpg_gr4j,0.5664340792673208,0.3973477194131397,rrmpg_hbvedu,0.279981067317248,True,0.1666888977152008,-0.2306588216979389,rrmpg_gr4j,0.0573212807680246,False,0.3973477194131397,0.0,rrmpg_gr4j,0.05376799578756708,False,0.3973477194131397,0.0,seasonal_climatology,0.3581502498925926,True,1.4623052564381551,1.0649575370250155,rrmpg_hbvedu,0.21307239665250033,True,0.1666888977152008,-0.2306588216979389
40020,5,rrmpg_hbvedu,0.3882996086931962,0.6829301894247433,seasonal_climatology,0.2778666202463533,True,1.2315177107282174,0.5485875213034741,seasonal_climatology,0.3180646278814271,True,1.2315177107282174,0.5485875213034741,seasonal_climatology,0.31806462788142714,True,1.2315177107282174,0.5485875213034741,seasonal_ar1_null,0.21326795019564637,True,0.3759578110096733,-0.30697237841506997,rrmpg_hbvedu,0.4781227451130583,False,0.6829301894247433,0.0
40021,5,global_lstm,0.446652323550699,0.6587330337274199,seasonal_climatology,0.5490765473318208,True,1.37058886460012,0.7118558308727002,seasonal_ar1_null,0.7356432606694874,True,0.2497378817625952,-0.40899515196482467,seasonal_ar1_null,0.7356432606694874,True,0.2497378817625952,-0.40899515196482467,seasonal_ar1_null,0.7426357295578547,True,0.2497378817625952,-0.40899515196482467,rrmpg_gr4j,0.41512409190656063,True,0.2416687515547936,-0.41706428217262626
40033,4,seasonal_ar1_null,0.1167449160101554,0.4118742336089385,seasonal_ar1_null,0.1964107608476482,False,0.4118742336089385,0.0,seasonal_ar1_null,0.5412442755946448,False,0.4118742336089385,0.0,seasonal_ar1_null,0.5412442755946447,False,0.4118742336089385,0.0,seasonal_ar1_null,0.20370627974113886,False,0.4118742336089385,0.0,seasonal_ar1_null,0.80470286262545,False,0.4118742336089385,0.0
41001,5,rrmpg_hbvedu,0.2431904317426783,0.2394642981827482,seasonal_ar1_null,0.4500020504325004,True,0.7309120584654721,0.49144776028272397,seasonal_ar1_null,0.7514904378839267,True,0.7309120584654721,0.49144776028272397,seasonal_ar1_null,0.7514904378839267,True,0.7309120584654721,0.49144776028272397,seasonal_ar1_null,0.4580290979123558,True,0.7309120584654721,0.49144776028272397,global_lstm,0.417342864138055,True,0.2904692313134506,0.051004933130702396
41003,4,rrmpg_hbvedu,0.5276959722015088,0.9765403028130344,rrmpg_hbvedu,0.1776832372267334,False,0.9765403028130344,0.0,seasonal_ar1_null,0.4380613893618894,True,0.0600955458430395,-0.916444756969995,seasonal_ar1_null,0.4418971352745108,True,0.0600955458430395,-0.916444756969995,seasonal_ar1_null,0.0942101252421339,True,0.0600955458430395,-0.916444756969995,rrmpg_hbvedu,0.08803918456734516,False,0.9765403028130344,0.0
41004,4,rrmpg_hbvedu,0.3364622644645586,0.4696250333033007,global_lstm,0.1432988001847901,True,0.5014584252570891,0.03183339195378837,seasonal_ar1_null,0.3756647080787639,True,0.598979847101443,0.12935481379814234,seasonal_ar1_null,0.38760184047082724,True,0.598979847101443,0.12935481379814234,seasonal_ar1_null,0.19886114150679624,True,0.598979847101443,0.12935481379814234,,,,,
41005,4,global_lstm,0.607631177476671,0.3787959380716134,global_lstm,0.4571620385960409,False,0.3787959380716134,0.0,seasonal_ar1_null,0.5461007609647966,True,0.3549504799871769,-0.0238454580844365,seasonal_ar1_null,0.5461007609647966,True,0.3549504799871769,-0.0238454580844365,,,,,,global_lstm,0.32672342311381486,False,0.3787959380716134,0.0
41006,4,rrmpg_hbvedu,0.3695657983492635,0.7359407512045323,seasonal_ar1_null,0.8201172455246393,True,0.3634244943762384,-0.37251625682829387,seasonal_ar1_null,1.03397190871846,True,0.3634244943762384,-0.37251625682829387,seasonal_ar1_null,1.0306701173965358,True,0.3634244943762384,-0.37251625682829387,seasonal_ar1_null,0.6931006034670335,True,0.3634244943762384,-0.37251625682829387,rrmpg_gr4j,0.8527201658917696,True,0.8480157510670908,0.11207499986255853
41009,5,rrmpg_hbvedu,0.5853513118982099,0.4274825103691017,rrmpg_hbvedu,0.1893572730454065,False,0.4274825103691017,0.0,global_lstm,0.1241296030492536,True,0.4534407852723981,0.02595827490329644,global_lstm,0.12412960304925369,True,0.4534407852723981,0.02595827490329644,rrmpg_gr4j,0.24564126185205826,True,0.607042141078082,0.1795596307089803,rrmpg_hbvedu,0.14192213567950263,False,0.4274825103691017,0.0
41011,4,rrmpg_gr4j,0.5395542894728982,0.7897508076673525,rrmpg_gr4j,0.3220626137761291,False,0.7897508076673525,0.0,seasonal_ar1_null,0.6692026378785605,True,0.3495546833158902,-0.4401961243514623,seasonal_ar1_null,0.6692026378785605,True,0.3495546833158902,-0.4401961243514623,seasonal_ar1_null,0.5588336206856748,True,0.3495546833158902,-0.4401961243514623,rrmpg_gr4j,0.14788267982284664,False,0.7897508076673525,0.0
41012,4,rrmpg_hbvedu,0.5049381473035438,0.4923970385883073,rrmpg_gr4j,0.1811516804506225,True,0.7982406053092893,0.305843566720982,seasonal_ar1_null,0.3497095172167931,True,0.337419547093063,-0.1549774914952443,seasonal_ar1_null,0.3583488092552388,True,0.337419547093063,-0.1549774914952443,rrmpg_gr4j,0.24750681663808338,True,0.7982406053092893,0.305843566720982,rrmpg_gr4j,0.0028052487787966207,True,0.7982406053092893,0.305843566720982
41013,5,rrmpg_hbvedu,0.4252942924386554,0.7703988833773038,seasonal_climatology,0.5272572854197346,True,1.0591387061884951,0.28873982281119137,seasonal_climatology,0.2250832425100991,True,1.0591387061884951,0.28873982281119137,seasonal_climatology,0.2250832425100992,True,1.0591387061884951,0.28873982281119137,seasonal_climatology,0.927842145380793,True,1.0591387061884951,0.28873982281119137,rrmpg_gr4j,0.39742414531635517,True,1.0115475255228077,0.2411486421455039
41014,5,rrmpg_hbvedu,0.6990866193979978,0.5640081664615054,rrmpg_hbvedu,0.1374666653129441,False,0.5640081664615054,0.0,global_lstm,0.2354442638079291,True,0.7465799924952928,0.1825718260337874,global_lstm,0.23544426380792915,True,0.7465799924952928,0.1825718260337874,rrmpg_gr4j,0.2769659819349296,True,1.1158006365269912,0.5517924700654858,seasonal_climatology,0.10293059525263737,True,0.768272372022861,0.2042642055613556
41016,4,global_lstm,0.4993984020073432,0.569769690676634,seasonal_ar1_null,0.7372848273619219,True,0.1759659894290555,-0.39380370124757846,seasonal_ar1_null,0.8025422855928328,True,0.1759659894290555,-0.39380370124757846,seasonal_ar1_null,0.8025422855928328,True,0.1759659894290555,-0.39380370124757846,seasonal_ar1_null,0.8286052922068705,True,0.1759659894290555,-0.39380370124757846,global_lstm,0.6645694009459594,False,0.569769690676634,0.0
41019,5,rrmpg_hbvedu,0.5970002880953826,0.7926817656839177,rrmpg_gr4j,0.1000831485150848,True,1.3052858379821295,0.5126040722982118,seasonal_ar1_null,0.5958031412024611,True,0.1683042315699835,-0.6243775341139342,seasonal_ar1_null,0.5958031412024613,True,0.1683042315699835,-0.6243775341139342,seasonal_ar1_null,0.41994967540320427,True,0.1683042315699835,-0.6243775341139342,rrmpg_gr4j,0.008775150441111323,True,1.3052858379821295,0.5126040722982118
41020,5,rrmpg_hbvedu,0.4824560677887535,0.6830697274294146,seasonal_ar1_null,0.6735899892075113,True,0.1605324359767362,-0.5225372914526785,seasonal_ar1_null,0.7229086047663595,True,0.1605324359767362,-0.5225372914526785,seasonal_ar1_null,0.7229086047663595,True,0.1605324359767362,-0.5225372914526785,,,,,,global_lstm,0.6793582963389394,True,0.5431557996989562,-0.1399139277304584
41022,4,global_lstm,0.5668198080476916,0.7183709585868358,global_lstm,0.2748271434853595,False,0.7183709585868358,0.0,seasonal_ar1_null,0.6286048364012455,True,0.1928620325577486,-0.5255089260290872,seasonal_ar1_null,0.6402032434047901,True,0.1928620325577486,-0.5255089260290872,seasonal_ar1_null,0.6256348627282031,True,0.1928620325577486,-0.5255089260290872,global_lstm,0.21219508770431417,False,0.7183709585868358,0.0
41023,4,rrmpg_hbvedu,0.297835826881314,0.4091683706209205,seasonal_ar1_null,0.4927521260428567,True,0.1577978641346512,-0.2513705064862693,seasonal_ar1_null,0.4700765802546905,True,0.1577978641346512,-0.2513705064862693,seasonal_ar1_null,0.47007658025469046,True,0.1577978641346512,-0.2513705064862693,seasonal_ar1_null,0.46600060487867984,True,0.1577978641346512,-0.2513705064862693,,,,,
41025,4,rrmpg_hbvedu,0.5118729559330134,1.0377792741508352,rrmpg_hbvedu,0.267540656297861,False,1.0377792741508352,0.0,seasonal_ar1_null,0.3195220672139311,True,0.0815211271157155,-0.9562581470351197,seasonal_ar1_null,0.31952206721393117,True,0.0815211271157155,-0.9562581470351197,rrmpg_gr4j,0.5133119923008931,True,1.3945336795106662,0.35675440535983105,seasonal_ar1_null,0.037977389580506005,True,0.0815211271157155,-0.9562581470351197
41027,5,global_lstm,0.4371516032300711,0.5782207640849664,seasonal_climatology,0.1513008808954206,True,1.0657976939860727,0.48757692990110635,seasonal_climatology,0.2070878551587775,True,1.0657976939860727,0.48757692990110635,seasonal_climatology,0.20708785515877756,True,1.0657976939860727,0.48757692990110635,seasonal_climatology,0.16792507620615998,True,1.0657976939860727,0.48757692990110635,rrmpg_gr4j,0.48617337471041044,True,0.9761410939121344,0.3979203298271681
41028,4,global_lstm,0.4916717368270646,0.5824173478747826,global_lstm,0.7483183816747068,False,0.5824173478747826,0.0,seasonal_ar1_null,0.8696064547697928,True,0.1986743528352785,-0.3837429950395041,seasonal_ar1_null,0.8696064547697928,True,0.1986743528352785,-0.3837429950395041,global_lstm,0.7345431637518894,False,0.5824173478747826,0.0,rrmpg_hbvedu,0.49462594283763694,True,0.8664262475570144,0.28400889968223175
41029,5,rrmpg_hbvedu,0.4478633616801386,0.6631930250782193,seasonal_climatology,0.1796306632444469,True,1.2710114361651896,0.6078184110869703,seasonal_climatology,0.4102067117814094,True,1.2710114361651896,0.6078184110869703,seasonal_climatology,0.41020671178140944,True,1.2710114361651896,0.6078184110869703,seasonal_climatology,0.41523499882865444,True,1.2710114361651896,0.6078184110869703,seasonal_ar1_null,0.5984386588017123,True,0.3696350002654888,-0.2935580248127305
42001,4,rrmpg_hbvedu,0.5482607741818217,0.5130977722701024,seasonal_ar1_null,0.5110734376773083,True,0.5854839355808895,0.07238616331078707,seasonal_ar1_null,0.6590662488989408,True,0.5854839355808895,0.07238616331078707,seasonal_ar1_null,0.6590662488989408,True,0.5854839355808895,0.07238616331078707,seasonal_ar1_null,0.6042603774759789,True,0.5854839355808895,0.07238616331078707,,,,,
42003,4,rrmpg_gr4j,0.591282719647832,0.4451251468997549,global_lstm,0.3126728560817586,True,0.6618735550729329,0.21674840817317798,seasonal_ar1_null,0.5678369523930772,True,0.3643579630064257,-0.08076718389332921,seasonal_ar1_null,0.5757699963241545,True,0.3643579630064257,-0.08076718389332921,seasonal_ar1_null,0.6259846387093468,True,0.3643579630064257,-0.08076718389332921,rrmpg_hbvedu,0.022972387479575085,True,0.9387167310936304,0.4935915841938755
42004,4,rrmpg_gr4j,0.4716294919319642,0.2291399832051209,seasonal_ar1_null,0.3111946401657177,True,0.5288071236330343,0.29966714042791337,seasonal_ar1_null,0.2985241218691347,True,0.5288071236330343,0.29966714042791337,seasonal_ar1_null,0.2985241218691347,True,0.5288071236330343,0.29966714042791337,seasonal_ar1_null,0.301905908438331,True,0.5288071236330343,0.29966714042791337,,,,,
42006,4,rrmpg_gr4j,0.454576865505385,0.4273036370240298,seasonal_ar1_null,0.1942701737829368,True,0.0058509309217183,-0.4214527061023115,seasonal_ar1_null,0.1850828082815985,True,0.0058509309217183,-0.4214527061023115,seasonal_ar1_null,0.1850828082815985,True,0.0058509309217183,-0.4214527061023115,global_lstm,0.1613539398689413,True,0.3000073424346982,-0.12729629458933162,,,,,
42008,5,rrmpg_gr4j,0.2947688216774849,0.1288217236399531,seasonal_ar1_null,0.4669350569041908,True,0.1121296732787066,-0.01669205036124649,seasonal_ar1_null,0.3712667034168889,True,0.1121296732787066,-0.01669205036124649,seasonal_ar1_null,0.37126670341688894,True,0.1121296732787066,-0.01669205036124649,rrmpg_hbvedu,0.03713714390647427,True,0.3009271604793563,0.17210543683940321,seasonal_ar1_null,0.19996682008582622,True,0.1121296732787066,-0.01669205036124649
42010,5,rrmpg_gr4j,0.5398917111782147,0.3041724305995778,seasonal_climatology,0.2382814483908564,True,0.8523398463097696,0.5481674157101917,seasonal_climatology,0.2845207693149123,True,0.8523398463097696,0.5481674157101917,seasonal_climatology,0.2845207693149123,True,0.8523398463097696,0.5481674157101917,global_lstm,0.1407379254566712,True,0.4346995922778351,0.1305271616782573,seasonal_ar1_null,0.11424857274865308,True,0.0913413963048945,-0.2128310342946833
42011,5,rrmpg_hbvedu,0.3509794113587106,0.4565468870840328,seasonal_climatology,0.3811522798282739,True,1.3261899166830295,0.8696430295989968,seasonal_ar1_null,0.7065668811376339,True,0.723407508009421,0.2668606209253882,seasonal_ar1_null,0.7065668811376339,True,0.723407508009421,0.2668606209253882,global_lstm,0.21732766405795928,True,0.1962416749409031,-0.2603052121431297,rrmpg_hbvedu,0.2349907831733946,False,0.4565468870840328,0.0
42016,4,rrmpg_gr4j,0.244651133078807,0.1149985518980101,seasonal_ar1_null,0.2325617479584883,True,0.5087692743605426,0.39377072246253253,seasonal_ar1_null,0.1653696998827772,True,0.5087692743605426,0.39377072246253253,seasonal_ar1_null,0.16536969988277728,True,0.5087692743605426,0.39377072246253253,seasonal_ar1_null,0.4335521815064429,True,0.5087692743605426,0.39377072246253253,,,,,
42017,5,global_lstm,0.4845056585950418,0.6328379046185644,seasonal_ar1_null,0.50826678496996,True,0.7785766373814479,0.14573873276288352,seasonal_climatology,0.6236095662911034,True,1.2940520009324752,0.6612140963139108,seasonal_ar1_null,0.6374150915266307,True,0.7785766373814479,0.14573873276288352,seasonal_ar1_null,0.50826678496996,True,0.7785766373814479,0.14573873276288352,,,,,
42024,4,rrmpg_gr4j,0.4414599786540865,0.0066081064936537,seasonal_ar1_null,0.0717982455271517,True,0.6101304743395307,0.603522367845877,seasonal_ar1_null,0.3527815200323977,True,0.6101304743395307,0.603522367845877,seasonal_ar1_null,0.3527815200323977,True,0.6101304743395307,0.603522367845877,rrmpg_gr4j,0.14524055709010386,False,0.0066081064936537,0.0,,,,,
42026,4,seasonal_ar1_null,0.3585124854917964,0.2102451839430263,rrmpg_hbvedu,0.1351248042895696,True,0.1245161058840494,-0.08572907805897689,rrmpg_hbvedu,0.3756159204404012,True,0.1245161058840494,-0.08572907805897689,rrmpg_hbvedu,0.37561592044040126,True,0.1245161058840494,-0.08572907805897689,rrmpg_gr4j,0.6433409995566031,True,0.4121753939966729,0.2019302100536466,,,,,
42027,4,seasonal_ar1_null,0.3860277768238881,0.3263428361143474,seasonal_ar1_null,0.3118116222812498,False,0.3263428361143474,0.0,seasonal_ar1_null,0.1179197207195508,False,0.3263428361143474,0.0,seasonal_ar1_null,0.11791972071955081,False,0.3263428361143474,0.0,global_lstm,0.1621071278342876,True,0.3635452332824658,0.037202397168118406,,,,,
43005,4,rrmpg_hbvedu,0.4910497130570247,0.2136042224241265,rrmpg_hbvedu,0.2595966455865928,False,0.2136042224241265,0.0,rrmpg_hbvedu,0.2364909308300302,False,0.2136042224241265,0.0,rrmpg_hbvedu,0.23649093083003025,False,0.2136042224241265,0.0,rrmpg_hbvedu,0.21659671282841586,False,0.2136042224241265,0.0,rrmpg_gr4j,0.19439599511007044,True,0.1641348971086497,-0.04946932531547679
43006,4,rrmpg_gr4j,0.6111630894897789,0.4563116818886011,seasonal_ar1_null,0.4192203424800363,True,0.4951246640046772,0.03881298211607609,seasonal_ar1_null,0.3244211269913873,True,0.4951246640046772,0.03881298211607609,seasonal_ar1_null,0.32442112699138725,True,0.4951246640046772,0.03881298211607609,seasonal_ar1_null,0.2835426007626771,True,0.4951246640046772,0.03881298211607609,rrmpg_gr4j,0.013642979267674438,False,0.4563116818886011,0.0
43007,4,rrmpg_gr4j,0.6680751343437528,0.3877492302828744,rrmpg_hbvedu,0.3110416525398438,True,0.4223137094178744,0.03456447913499999,global_lstm,0.184488908007794,True,0.0880779615572277,-0.2996712687256467,global_lstm,0.18448890800779383,True,0.0880779615572277,-0.2996712687256467,rrmpg_hbvedu,0.3435945324504077,True,0.4223137094178744,0.03456447913499999,global_lstm,0.0013388550583082193,True,0.0880779615572277,-0.2996712687256467
43008,4,rrmpg_gr4j,0.5877398536709117,0.3209290685362724,seasonal_ar1_null,0.3149918814612726,True,0.0418053643454873,-0.2791237041907851,seasonal_ar1_null,0.3235940783176401,True,0.0418053643454873,-0.2791237041907851,seasonal_ar1_null,0.3128877430019573,True,0.0418053643454873,-0.2791237041907851,rrmpg_gr4j,0.08070566330491835,False,0.3209290685362724,0.0,seasonal_ar1_null,0.5248472617929494,True,0.0418053643454873,-0.2791237041907851
43009,5,rrmpg_hbvedu,0.632831045756747,0.5285345754478624,rrmpg_hbvedu,0.0575331677761348,False,0.5285345754478624,0.0,global_lstm,0.4149734265231638,True,0.5615480413426092,0.03301346589474674,global_lstm,0.4205000995915411,True,0.5615480413426092,0.03301346589474674,seasonal_climatology,0.7794517892107767,True,1.2394477098016927,0.7109131343538303,,,,,
43014,4,rrmpg_gr4j,0.5464303116194698,0.2541977834593046,seasonal_ar1_null,0.5180133821053152,True,0.8214172110027606,0.5672194275434559,seasonal_ar1_null,0.3777893681077487,True,0.8214172110027606,0.5672194275434559,seasonal_ar1_null,0.37778936810774877,True,0.8214172110027606,0.5672194275434559,seasonal_ar1_null,0.4110650660202345,True,0.8214172110027606,0.5672194275434559,global_lstm,0.13760980833435266,True,0.0732826875927617,-0.18091509586654292
43017,4,rrmpg_hbvedu,0.636566203939988,0.4021636508107608,global_lstm,0.1412997531571569,True,0.2691582403083836,-0.13300541050237719,rrmpg_gr4j,0.0933711293485251,True,0.73954876988775,0.3373851190769892,rrmpg_gr4j,0.0933711293485251,True,0.73954876988775,0.3373851190769892,rrmpg_gr4j,0.10312436089372112,True,0.73954876988775,0.3373851190769892,,,,,
43018,4,rrmpg_hbvedu,0.5083215848921903,0.2564574976096262,seasonal_ar1_null,0.1701020237504673,True,0.1490723963724889,-0.10738510123713732,seasonal_ar1_null,0.2060720985480915,True,0.1490723963724889,-0.10738510123713732,seasonal_ar1_null,0.2060720985480915,True,0.1490723963724889,-0.10738510123713732,rrmpg_gr4j,0.22746242888244805,True,0.2606330451523516,0.004175547542725366,seasonal_ar1_null,0.2828521558263333,True,0.1490723963724889,-0.10738510123713732
43021,4,rrmpg_gr4j,0.5014791117001585,0.4043948360729259,rrmpg_hbvedu,0.220391684735711,True,0.2535650161053162,-0.15082981996760975,rrmpg_hbvedu,0.1552193627746327,True,0.2535650161053162,-0.15082981996760975,rrmpg_hbvedu,0.15521936277463255,True,0.2535650161053162,-0.15082981996760975,rrmpg_hbvedu,0.2448449131393824,True,0.2535650161053162,-0.15082981996760975,,,,,
44001,4,rrmpg_gr4j,0.5815433765612719,0.3981253602007186,seasonal_ar1_null,0.2423417961119719,True,0.4810603595919692,0.0829349993912506,global_lstm,0.1607125427372973,True,0.2858763648557042,-0.11224899534501437,global_lstm,0.1607125427372973,True,0.2858763648557042,-0.11224899534501437,global_lstm,0.14710992423849922,True,0.2858763648557042,-0.11224899534501437,,,,,
44002,4,rrmpg_hbvedu,0.495490115945545,0.0822065575924019,seasonal_ar1_null,0.2955950352630225,True,0.2638534321875219,0.18164687459511997,global_lstm,0.2124665378329023,True,0.2994057661243817,0.21719920853197977,global_lstm,0.21246653783290237,True,0.2994057661243817,0.21719920853197977,global_lstm,0.39515602330861554,True,0.2994057661243817,0.21719920853197977,seasonal_ar1_null,0.21173397602790733,True,0.2638534321875219,0.18164687459511997
44006,4,rrmpg_gr4j,0.5586404452343584,0.3883780019135045,seasonal_ar1_null,0.6530083444068999,True,0.0094341891144047,-0.37894381279909983,seasonal_ar1_null,0.6869485785513127,True,0.0094341891144047,-0.37894381279909983,seasonal_ar1_null,0.686948578551313,True,0.0094341891144047,-0.37894381279909983,seasonal_ar1_null,0.6631869950080962,True,0.0094341891144047,-0.37894381279909983,seasonal_ar1_null,0.2116552756723049,True,0.0094341891144047,-0.37894381279909983
44009,4,rrmpg_gr4j,0.43255335700868,0.1654150972823727,seasonal_ar1_null,0.7235573859040905,True,0.1864554150003629,0.021040317717990198,seasonal_ar1_null,0.9167353269462344,True,0.1864554150003629,0.021040317717990198,seasonal_ar1_null,0.9167353269462344,True,0.1864554150003629,0.021040317717990198,global_lstm,0.512316804660799,True,0.3032990776870409,0.1378839804046682,seasonal_ar1_null,0.3714111918834795,True,0.1864554150003629,0.021040317717990198
44011,4,global_lstm,0.2007699609578441,0.5579245296059235,global_lstm,0.315633551741826,False,0.5579245296059235,0.0,seasonal_ar1_null,0.4342884655280217,True,0.5872052360130703,0.02928070640714675,seasonal_ar1_null,0.4342884655280217,True,0.5872052360130703,0.02928070640714675,seasonal_ar1_null,0.35639353913600025,True,0.5872052360130703,0.02928070640714675,rrmpg_hbvedu,0.05659173831632425,True,0.8283820740390236,0.2704575444331001
45001,4,rrmpg_hbvedu,0.6436587220370935,0.7245071195122857,seasonal_ar1_null,0.059649120543487,True,0.0275436075061627,-0.696963512006123,seasonal_ar1_null,0.0561021713959027,True,0.0275436075061627,-0.696963512006123,seasonal_ar1_null,0.05610217139590279,True,0.0275436075061627,-0.696963512006123,seasonal_ar1_null,0.2860129793854521,True,0.0275436075061627,-0.696963512006123,,,,,
45003,4,global_lstm,0.5849343786059779,0.5711041248394475,global_lstm,0.4084454377621902,False,0.5711041248394475,0.0,seasonal_ar1_null,0.4946258842980759,True,0.3384582477042641,-0.23264587713518342,seasonal_ar1_null,0.5059893704269991,True,0.3384582477042641,-0.23264587713518342,seasonal_ar1_null,0.2184543928459648,True,0.3384582477042641,-0.23264587713518342,rrmpg_hbvedu,0.11770609610974958,True,0.7824101164476261,0.21130599160817864
45004,4,global_lstm,0.5353173103617312,0.6905738476991671,rrmpg_gr4j,0.35988535451021,True,1.3119086057056963,0.6213347580065293,seasonal_ar1_null,0.5879484519452342,True,0.1281587611478024,-0.5624150865513646,seasonal_ar1_null,0.6092465618353042,True,0.1281587611478024,-0.5624150865513646,seasonal_ar1_null,0.6329670112801178,True,0.1281587611478024,-0.5624150865513646,,,,,
45005,4,global_lstm,0.5892960791195505,0.604027594170378,rrmpg_gr4j,0.3226825138612449,True,0.6291257976640781,0.025098203493700066,seasonal_ar1_null,0.5882672307792942,True,0.4162611110391685,-0.18776648313120947,seasonal_ar1_null,0.5882672307792942,True,0.4162611110391685,-0.18776648313120947,rrmpg_gr4j,0.74334489229156,True,0.6291257976640781,0.025098203493700066,rrmpg_gr4j,0.11672038002526863,True,0.6291257976640781,0.025098203493700066
45009,4,rrmpg_hbvedu,0.584785167102899,0.7626291241960769,rrmpg_hbvedu,0.1784984163567744,False,0.7626291241960769,0.0,global_lstm,0.4026166964203809,True,0.5424003133824901,-0.2202288108135868,global_lstm,0.4026166964203809,True,0.5424003133824901,-0.2202288108135868,seasonal_ar1_null,0.5234831111785454,True,0.1593528870281776,-0.6032762371678992,seasonal_ar1_null,0.22909915331014274,True,0.1593528870281776,-0.6032762371678992
45012,4,global_lstm,0.5882510718309877,0.5477124611669028,global_lstm,0.4768173362455273,False,0.5477124611669028,0.0,seasonal_ar1_null,0.6121239624622492,True,0.2062115355831847,-0.34150092558371803,seasonal_ar1_null,0.6121239624622492,True,0.2062115355831847,-0.34150092558371803,global_lstm,0.4395093935603356,False,0.5477124611669028,0.0,,,,,
46003,5,global_lstm,0.5505620637070663,0.5265945887124631,seasonal_ar1_null,0.5144617011237328,True,0.3044870184723565,-0.22210757024010663,seasonal_climatology,0.6421701872400246,True,1.2243126112765872,0.6977180225641241,seasonal_climatology,0.6421701872400246,True,1.2243126112765872,0.6977180225641241,seasonal_ar1_null,0.3423520029537648,True,0.3044870184723565,-0.22210757024010663,rrmpg_gr4j,0.05445637874036968,True,0.9851018669914692,0.45850727827900606
46005,4,global_lstm,0.518886510638457,0.8878475999735882,rrmpg_hbvedu,0.3615554632608435,True,1.2167162250408925,0.3288686250673043,seasonal_ar1_null,0.6218960771223908,True,0.1189615428511601,-0.7688860571224281,seasonal_ar1_null,0.6218960771223907,True,0.1189615428511601,-0.7688860571224281,global_lstm,0.740836186703646,False,0.8878475999735882,0.0,rrmpg_hbvedu,0.2500721683857834,True,1.2167162250408925,0.3288686250673043
46008,5,global_lstm,0.5810869880862054,0.4769060069571426,global_lstm,0.3833227399440251,False,0.4769060069571426,0.0,seasonal_ar1_null,0.5401978294056217,True,0.1256445592804416,-0.351261447676701,seasonal_ar1_null,0.5401978294056217,True,0.1256445592804416,-0.351261447676701,seasonal_ar1_null,0.6770743072180236,True,0.1256445592804416,-0.351261447676701,global_lstm,0.17130231666736306,False,0.4769060069571426,0.0
47001,5,rrmpg_hbvedu,0.5889076339414565,0.6921646497138492,global_lstm,0.1841683923119984,True,0.6873441063861553,-0.0048205433276938825,seasonal_ar1_null,0.4206113190784685,True,0.2233073220697132,-0.46885732764413596,seasonal_ar1_null,0.4206113190784685,True,0.2233073220697132,-0.46885732764413596,seasonal_ar1_null,0.2647054823040944,True,0.2233073220697132,-0.46885732764413596,,,,,
47004,4,rrmpg_hbvedu,0.5605866315891253,0.7077055206340219,global_lstm,0.178676738274162,True,0.5230230039885354,-0.18468251664548652,seasonal_ar1_null,0.2571122810784174,True,0.0941594520550985,-0.6135460685789235,seasonal_ar1_null,0.26133924001535824,True,0.0941594520550985,-0.6135460685789235,seasonal_ar1_null,0.29623437535621977,True,0.0941594520550985,-0.6135460685789235,seasonal_ar1_null,0.1653113505864583,True,0.0941594520550985,-0.6135460685789235
47005,5,global_lstm,0.5279536348042143,0.7978786961645424,seasonal_climatology,0.2588372478936682,True,1.3239950338170954,0.526116337652553,seasonal_climatology,0.4101260617944673,True,1.3239950338170954,0.526116337652553,seasonal_climatology,0.4101260617944673,True,1.3239950338170954,0.526116337652553,seasonal_ar1_null,0.5281499817503558,True,0.392800174120303,-0.40507852204423944,,,,,
47008,4,global_lstm,0.5981297252167139,0.678155549916715,seasonal_ar1_null,0.4862075372651392,True,0.3174490146537967,-0.3607065352629183,seasonal_ar1_null,0.6309092868142738,True,0.3174490146537967,-0.3607065352629183,seasonal_ar1_null,0.6309092868142738,True,0.3174490146537967,-0.3607065352629183,rrmpg_gr4j,0.6758737994183605,True,1.1782091505455403,0.5000536006288253,,,,,
47009,4,rrmpg_hbvedu,0.6048418782598979,0.7567566461201506,rrmpg_hbvedu,0.0730542124339117,False,0.7567566461201506,0.0,global_lstm,0.5164610530469168,True,0.5183747781052861,-0.2383818680148645,global_lstm,0.5141919239942149,True,0.5183747781052861,-0.2383818680148645,rrmpg_hbvedu,0.2697096578010907,False,0.7567566461201506,0.0,,,,,
47011,5,global_lstm,0.4103486881961019,0.7893586929610293,rrmpg_gr4j,0.230483341118949,True,1.2211415681633415,0.4317828752023122,seasonal_climatology,0.7518076091441162,True,1.2088254260184252,0.4194667330573959,seasonal_climatology,0.7518076091441163,True,1.2088254260184252,0.4194667330573959,seasonal_ar1_null,0.8394100294492661,True,0.2893267920618873,-0.5000319008991421,,,,,
47014,5,global_lstm,0.4629236655569111,0.9000563544731227,global_lstm,0.4528709042201386,False,0.9000563544731227,0.0,seasonal_ar1_null,0.8070846917430838,True,0.2737885679652665,-0.6262677865078562,seasonal_ar1_null,0.8070846917430838,True,0.2737885679652665,-0.6262677865078562,global_lstm,0.45287090422013865,False,0.9000563544731227,0.0,global_lstm,0.15649907870088609,False,0.9000563544731227,0.0
47018,5,global_lstm,0.4358281316596685,0.9767615497813188,rrmpg_gr4j,0.2335977131439498,True,1.2959525834322327,0.31919103365091395,seasonal_climatology,0.5860268383500202,True,0.9091229884672078,-0.06763856131411095,seasonal_climatology,0.5860268383500202,True,0.9091229884672078,-0.06763856131411095,seasonal_climatology,0.6130175901122014,True,0.9091229884672078,-0.06763856131411095,rrmpg_hbvedu,0.1594278069105446,True,1.0996667373415565,0.12290518756023772
48003,4,rrmpg_hbvedu,0.568785080253648,0.5742233774335511,global_lstm,0.1613538090914477,True,0.1861450606987962,-0.3880783167347549,seasonal_ar1_null,0.3169899887714743,True,0.2414671774681667,-0.3327561999653844,seasonal_ar1_null,0.32100748452556294,True,0.2414671774681667,-0.3327561999653844,seasonal_ar1_null,0.18832670247600114,True,0.2414671774681667,-0.3327561999653844,,,,,
48004,5,rrmpg_hbvedu,0.4704077898111453,0.836324875495095,seasonal_ar1_null,0.4423164768983368,True,0.3405947778972237,-0.49573009759787134,seasonal_ar1_null,0.6141536118724419,True,0.3405947778972237,-0.49573009759787134,seasonal_ar1_null,0.6141536118724419,True,0.3405947778972237,-0.49573009759787134,rrmpg_hbvedu,0.3094747917930071,False,0.836324875495095,0.0,rrmpg_hbvedu,0.16758237732847037,False,0.836324875495095,0.0
48005,4,rrmpg_gr4j,0.6024636183771981,0.6165684682558744,seasonal_ar1_null,0.2151408644150432,True,0.1934389084171187,-0.4231295598387557,seasonal_ar1_null,0.4499294623647609,True,0.1934389084171187,-0.4231295598387557,seasonal_ar1_null,0.44992946236476095,True,0.1934389084171187,-0.4231295598387557,seasonal_ar1_null,0.3393901632025435,True,0.1934389084171187,-0.4231295598387557,seasonal_ar1_null,0.1578503423962443,True,0.1934389084171187,-0.4231295598387557
48011,4,rrmpg_hbvedu,0.5383614654683573,0.7723389914418592,global_lstm,0.1878764111753978,True,0.5225730322609905,-0.24976595918086875,seasonal_ar1_null,0.3161018568963006,True,0.0647093544987026,-0.7076296369431566,seasonal_ar1_null,0.31610185689630066,True,0.0647093544987026,-0.7076296369431566,seasonal_ar1_null,0.5237761431155401,True,0.0647093544987026,-0.7076296369431566,,,,,
49001,4,rrmpg_hbvedu,0.8452138342226814,0.0261589243384226,seasonal_ar1_null,0.2401652017471423,True,0.2683359020133774,0.24217697767495483,seasonal_ar1_null,0.4834748811593448,True,0.2683359020133774,0.24217697767495483,seasonal_ar1_null,0.4834748811593449,True,0.2683359020133774,0.24217697767495483,seasonal_ar1_null,0.04837268685754481,True,0.2683359020133774,0.24217697767495483,global_lstm,0.10596882865531043,True,0.1309519307371993,0.1047930063987767
49002,4,rrmpg_hbvedu,0.6164687657218201,0.3640963201058786,seasonal_ar1_null,0.4306766669752569,True,0.0754737075147529,-0.2886226125911257,seasonal_ar1_null,0.3783120488739352,True,0.0754737075147529,-0.2886226125911257,seasonal_ar1_null,0.3783120488739353,True,0.0754737075147529,-0.2886226125911257,seasonal_ar1_null,0.23493867585911998,True,0.0754737075147529,-0.2886226125911257,seasonal_ar1_null,0.03368167259775601,True,0.0754737075147529,-0.2886226125911257
49004,4,rrmpg_hbvedu,0.5768957821672415,0.3756643121498615,seasonal_ar1_null,0.2588922423881067,True,0.5333742517154271,0.15770993956556556,seasonal_ar1_null,1.034995523675065,True,0.5333742517154271,0.15770993956556556,seasonal_ar1_null,1.034995523675065,True,0.5333742517154271,0.15770993956556556,seasonal_ar1_null,0.6371239708304159,True,0.5333742517154271,0.15770993956556556,rrmpg_hbvedu,0.01348445948405752,False,0.3756643121498615,0.0
50001,4,rrmpg_hbvedu,0.6184951943115884,0.7314957738384705,global_lstm,0.1606278379613265,True,0.6958146997503742,-0.03568107408809629,seasonal_ar1_null,0.3549692197228314,True,4.585808681916195e-05,-0.7314499157516514,seasonal_ar1_null,0.3559254975860555,True,4.585808681916195e-05,-0.7314499157516514,rrmpg_gr4j,0.33254776883473336,True,1.1391911034104265,0.407695329571956,,,,,
50002,5,global_lstm,0.5889532794401522,0.7311593020934184,rrmpg_gr4j,0.245414591652632,True,0.7010917695946525,-0.030067532498765925,seasonal_ar1_null,0.4560923734726978,True,0.0454450387324486,-0.6857142633609697,seasonal_ar1_null,0.45609237347269804,True,0.0454450387324486,-0.6857142633609697,seasonal_climatology,0.44389029715886763,True,0.2581904064092832,-0.4729688956841352,rrmpg_gr4j,0.03707768426506042,True,0.7010917695946525,-0.030067532498765925
50006,4,global_lstm,0.5832604326447957,0.6850551635555546,seasonal_ar1_null,0.1445616872098366,True,0.0833346784855564,-0.6017204850699982,seasonal_ar1_null,0.085960688132742,True,0.0833346784855564,-0.6017204850699982,seasonal_ar1_null,0.08596068813274216,True,0.0833346784855564,-0.6017204850699982,global_lstm,0.27020413781066066,False,0.6850551635555546,0.0,seasonal_ar1_null,0.2190847134685694,True,0.0833346784855564,-0.6017204850699982
50007,5,global_lstm,0.5786085018164739,0.6786811689381912,seasonal_ar1_null,0.5381644529081955,True,0.3136503146076439,-0.36503085433054727,seasonal_climatology,0.7401948551294366,True,1.340116129384558,0.6614349604463668,seasonal_climatology,0.7401948551294366,True,1.340116129384558,0.6614349604463668,seasonal_ar1_null,0.7736403346589924,True,0.3136503146076439,-0.36503085433054727,rrmpg_hbvedu,0.09395771447530132,True,0.7725056646290626,0.09382449569087137
50008,5,global_lstm,0.4450427282051955,1.1415394961016037,rrmpg_hbvedu,0.4509497685085981,True,1.230767848149354,0.08922835204775037,seasonal_climatology,0.7032293760189603,True,1.0598876051755162,-0.08165189092608749,seasonal_climatology,0.7032293760189603,True,1.0598876051755162,-0.08165189092608749,rrmpg_hbvedu,0.5246323817026786,True,1.230767848149354,0.08922835204775037,rrmpg_hbvedu,0.007697535726488902,True,1.230767848149354,0.08922835204775037
50011,4,global_lstm,0.5186890936192295,0.8410678367268655,seasonal_ar1_null,0.5106634034259412,True,0.3151446019718987,-0.5259232347549667,seasonal_ar1_null,0.7498822655650605,True,0.3151446019718987,-0.5259232347549667,seasonal_ar1_null,0.7498822655650605,True,0.3151446019718987,-0.5259232347549667,global_lstm,0.6762334617818804,False,0.8410678367268655,0.0,,,,,
5003,5,rrmpg_gr4j,0.4198177306466469,0.5697049529902459,rrmpg_gr4j,0.1176950201366715,False,0.5697049529902459,0.0,seasonal_ar1_null,0.2853911315068677,True,0.1104251996861537,-0.4592797533040922,seasonal_climatology,0.6144782317827608,True,1.376211165506806,0.80650621251656,seasonal_climatology,0.4869586271184151,True,1.376211165506806,0.80650621251656,global_lstm,0.21903540354898832,True,0.4546774284444328,-0.11502752454581311
51001,4,global_lstm,0.5962665551640343,0.157792098011978,seasonal_ar1_null,0.3040982092449926,True,0.3246044796134851,0.1668123816015071,seasonal_ar1_null,0.6967105050547069,True,0.3246044796134851,0.1668123816015071,seasonal_ar1_null,0.6967105050547069,True,0.3246044796134851,0.1668123816015071,seasonal_ar1_null,0.8585727321895241,True,0.3246044796134851,0.1668123816015071,,,,,
52004,5,global_lstm,0.5196262938637655,0.5132316027550413,rrmpg_gr4j,0.3903249079334058,True,0.92140194646033,0.4081703437052887,seasonal_ar1_null,0.5583212848445538,True,0.3244611311394637,-0.18877047161557764,seasonal_ar1_null,0.5583212848445538,True,0.3244611311394637,-0.18877047161557764,seasonal_ar1_null,0.5589526936615652,True,0.3244611311394637,-0.18877047161557764,global_lstm,0.18204202593375463,False,0.5132316027550413,0.0
52005,5,global_lstm,0.679564156245456,0.3080751452723715,seasonal_climatology,0.0759193629744202,True,1.4776383178102264,1.1695631725378548,seasonal_ar1_null,0.5270624354557804,True,0.3581763308958308,0.05010118562345928,seasonal_ar1_null,0.5270624354557804,True,0.3581763308958308,0.05010118562345928,seasonal_ar1_null,0.40450598325875775,True,0.3581763308958308,0.05010118562345928,global_lstm,0.09257927654442133,False,0.3080751452723715,0.0
52006,5,global_lstm,0.6049827244125583,0.5159567484538866,seasonal_climatology,0.2110477813341308,True,1.2786430271508495,0.7626862786969629,seasonal_ar1_null,0.4977374171163794,True,0.3416917359063419,-0.17426501254754473,seasonal_ar1_null,0.4977374171163793,True,0.3416917359063419,-0.17426501254754473,global_lstm,0.2003143944389535,False,0.5159567484538866,0.0,global_lstm,0.08165014430036388,False,0.5159567484538866,0.0
52007,5,rrmpg_hbvedu,0.500274658729136,0.5374664687992918,rrmpg_gr4j,0.1883187752983072,True,1.0759465379743722,0.5384800691750804,seasonal_ar1_null,0.4724774624985726,True,0.4425336268479469,-0.09493284195134494,seasonal_ar1_null,0.4724774624985726,True,0.4425336268479469,-0.09493284195134494,seasonal_climatology,0.3879509199938998,True,1.2688844207392584,0.7314179519399666,global_lstm,0.05187750929112811,True,0.4835313400124435,-0.05393512878684831
52009,4,rrmpg_gr4j,0.6516835643323597,0.3390812474844494,seasonal_ar1_null,0.0446400113658367,True,0.1890704703759378,-0.1500107771085116,seasonal_ar1_null,0.0748424955360298,True,0.1890704703759378,-0.1500107771085116,seasonal_ar1_null,0.07484249553602984,True,0.1890704703759378,-0.1500107771085116,seasonal_ar1_null,0.08740466909104594,True,0.1890704703759378,-0.1500107771085116,seasonal_ar1_null,0.2670629136620972,True,0.1890704703759378,-0.1500107771085116
52010,4,rrmpg_hbvedu,0.5434497747598575,0.7385386832246208,global_lstm,0.3420017140189944,True,0.7755344511481213,0.036995767923500456,seasonal_ar1_null,0.5306107095758436,True,0.349213024498251,-0.3893256587263698,seasonal_ar1_null,0.5306107095758436,True,0.349213024498251,-0.3893256587263698,seasonal_ar1_null,0.47564654631982917,True,0.349213024498251,-0.3893256587263698,rrmpg_hbvedu,0.06979887481089986,False,0.7385386832246208,0.0
52011,4,rrmpg_hbvedu,0.6727630636192086,0.491384549230509,rrmpg_hbvedu,0.2241560821912184,False,0.491384549230509,0.0,rrmpg_gr4j,0.251064266039223,True,1.0532374741896078,0.5618529249590988,rrmpg_gr4j,0.25106426603922305,True,1.0532374741896078,0.5618529249590988,global_lstm,0.46879988022753105,True,0.4314776448598593,-0.059906904370649716,,,,,
52015,5,global_lstm,0.5552480412763667,0.1726142555788218,seasonal_climatology,0.1917081154653331,True,0.8001021918951995,0.6274879363163777,seasonal_climatology,0.2049657477387627,True,0.8001021918951995,0.6274879363163777,seasonal_climatology,0.2049657477387627,True,0.8001021918951995,0.6274879363163777,seasonal_climatology,0.38197899005032177,True,0.8001021918951995,0.6274879363163777,global_lstm,0.01061129394346072,False,0.1726142555788218,0.0
52016,4,rrmpg_gr4j,0.6027417221315372,0.4590617161918989,seasonal_ar1_null,0.0634929094504894,True,0.478420277254598,0.01935856106269912,seasonal_ar1_null,0.2601480470096922,True,0.478420277254598,0.01935856106269912,seasonal_ar1_null,0.2601480470096923,True,0.478420277254598,0.01935856106269912,seasonal_ar1_null,0.05071127609477499,True,0.478420277254598,0.01935856106269912,rrmpg_hbvedu,0.16059853906699062,True,0.455313514932373,-0.0037482012595259073
53005,4,rrmpg_hbvedu,0.6240747451386122,0.3997678032542416,seasonal_ar1_null,0.240059898669009,True,0.3910023099348444,-0.008765493319397188,seasonal_ar1_null,0.4689270060193401,True,0.3910023099348444,-0.008765493319397188,seasonal_ar1_null,0.4689270060193401,True,0.3910023099348444,-0.008765493319397188,rrmpg_gr4j,0.40919024673894344,True,0.8811468630501023,0.48137905979586065,,,,,
53006,5,rrmpg_hbvedu,0.6346828887784223,0.860876518575236,seasonal_ar1_null,0.1847185579867969,True,0.2090212619821471,-0.6518552565930888,seasonal_ar1_null,0.1701913457554527,True,0.2090212619821471,-0.6518552565930888,seasonal_ar1_null,0.17019134575545258,True,0.2090212619821471,-0.6518552565930888,seasonal_ar1_null,0.4405368432301786,True,0.2090212619821471,-0.6518552565930888,seasonal_ar1_null,0.05406175180847228,True,0.2090212619821471,-0.6518552565930888
53007,5,global_lstm,0.643024517551466,0.6286631923484562,seasonal_ar1_null,0.4004769243393937,True,0.5007885764724234,-0.12787461587603288,seasonal_ar1_null,0.5683056663166531,True,0.5007885764724234,-0.12787461587603288,seasonal_ar1_null,0.5701371699742612,True,0.5007885764724234,-0.12787461587603288,seasonal_ar1_null,0.6396575053445861,True,0.5007885764724234,-0.12787461587603288,rrmpg_hbvedu,0.04287503867980336,True,0.6185863739222236,-0.010076818426232648
53008,4,rrmpg_hbvedu,0.6681911159376019,0.3365679998711626,seasonal_ar1_null,0.3842235903189136,True,0.2448624363620558,-0.0917055635091068,seasonal_ar1_null,0.4149645393316464,True,0.2448624363620558,-0.0917055635091068,seasonal_ar1_null,0.40710139194138806,True,0.2448624363620558,-0.0917055635091068,seasonal_ar1_null,0.5743089876002097,True,0.2448624363620558,-0.0917055635091068,rrmpg_gr4j,0.00023164944826703504,True,0.7227953356250573,0.3862273357538947
53009,4,rrmpg_hbvedu,0.6523637013947253,0.520549445683062,seasonal_ar1_null,0.1017265888119418,True,0.1430818606847541,-0.37746758499830796,seasonal_ar1_null,0.2062542922289505,True,0.1430818606847541,-0.37746758499830796,seasonal_ar1_null,0.20656915719495506,True,0.1430818606847541,-0.37746758499830796,seasonal_ar1_null,0.4016157191923422,True,0.1430818606847541,-0.37746758499830796,,,,,
53013,5,rrmpg_hbvedu,0.51654409078806,0.5446348034804186,global_lstm,0.5079794693316606,True,0.3373571538762953,-0.20727764960412332,seasonal_ar1_null,0.6041404316024662,True,0.585878559632252,0.0412437561518334,seasonal_ar1_null,0.6041404316024663,True,0.585878559632252,0.0412437561518334,seasonal_ar1_null,0.5488492621887813,True,0.585878559632252,0.0412437561518334,,,,,
53017,4,global_lstm,0.5700734017372695,0.4814607584426654,seasonal_climatology,0.0258915924955449,True,1.45268929557905,0.9712285371363847,seasonal_ar1_null,0.5270904124053348,True,0.5750223216982298,0.09356156325556436,seasonal_ar1_null,0.5270904124053346,True,0.5750223216982298,0.09356156325556436,seasonal_ar1_null,0.5812737377691213,True,0.5750223216982298,0.09356156325556436,,,,,
53018,5,rrmpg_hbvedu,0.7198279302349666,0.1492539360865831,global_lstm,0.0713328770067729,True,0.2347278974836259,0.0854739613970428,global_lstm,0.2479273255293542,True,0.2347278974836259,0.0854739613970428,global_lstm,0.24792732552935426,True,0.2347278974836259,0.0854739613970428,rrmpg_gr4j,0.27005728020155406,True,0.8580660757690629,0.7088121396824798,rrmpg_hbvedu,0.12075374586099041,False,0.1492539360865831,0.0
53022,4,rrmpg_hbvedu,0.6289962364487378,0.549692730886719,rrmpg_hbvedu,0.3661376447654909,False,0.549692730886719,0.0,global_lstm,0.1961724285516923,True,0.5562301240237072,0.006537393136988201,global_lstm,0.19738829869042063,True,0.5562301240237072,0.006537393136988201,global_lstm,0.127839389169636,True,0.5562301240237072,0.006537393136988201,,,,,
53023,4,rrmpg_hbvedu,0.6621335275993303,0.4419076207903158,seasonal_ar1_null,0.239564809774156,True,0.1777668515252252,-0.2641407692650906,seasonal_ar1_null,0.4067940026363691,True,0.1777668515252252,-0.2641407692650906,seasonal_ar1_null,0.4067940026363691,True,0.1777668515252252,-0.2641407692650906,global_lstm,0.17749322596766937,True,0.1553275284737223,-0.28658009231659354,,,,,
53028,4,rrmpg_hbvedu,0.6244288318567821,0.4760008583823255,rrmpg_hbvedu,0.5499162662304744,False,0.4760008583823255,0.0,rrmpg_hbvedu,0.3641708387741142,False,0.4760008583823255,0.0,rrmpg_hbvedu,0.36583959364901486,False,0.4760008583823255,0.0,rrmpg_hbvedu,0.3920973411212354,False,0.4760008583823255,0.0,seasonal_ar1_null,0.17922580653015552,True,0.2358193387144873,-0.24018151966783818
54001,4,rrmpg_hbvedu,0.5161101802270285,0.6528427096697933,rrmpg_hbvedu,1.1389328374262622,False,0.6528427096697933,0.0,rrmpg_hbvedu,0.4615754677935415,False,0.6528427096697933,0.0,rrmpg_hbvedu,0.46494293227048855,False,0.6528427096697933,0.0,seasonal_ar1_null,0.5340036178051456,True,0.1809122089215532,-0.47193050074824006,,,,,
54002,5,rrmpg_hbvedu,0.6098811404349409,0.5066619417269623,seasonal_climatology,0.4673200945929516,True,1.4500975545873855,0.9434356128604232,rrmpg_hbvedu,0.244522813488315,False,0.5066619417269623,0.0,rrmpg_hbvedu,0.24452281348831506,False,0.5066619417269623,0.0,rrmpg_hbvedu,0.1011182912559232,False,0.5066619417269623,0.0,,,,,
54003,5,rrmpg_gr4j,0.3375896634765912,1.0063829041942065,global_lstm,0.2270500261749204,True,0.6868703552376465,-0.31951254895656,seasonal_ar1_null,0.2509674148146555,True,0.1852993829605405,-0.821083521233666,seasonal_ar1_null,0.2509674148146557,True,0.1852993829605405,-0.821083521233666,global_lstm,0.0721323467340037,True,0.6868703552376465,-0.31951254895656,rrmpg_hbvedu,0.16001748401165083,True,1.079385261208218,0.07300235701401148
54004,5,rrmpg_hbvedu,0.4513774737287982,0.9389682181390748,seasonal_climatology,0.3036804738250049,True,0.3128091073132578,-0.6261591108258171,seasonal_ar1_null,0.399952864777255,True,0.3187578977001692,-0.6202103204389056,seasonal_ar1_null,0.42046933592915336,True,0.3187578977001692,-0.6202103204389056,rrmpg_gr4j,0.2402891954255172,True,1.074185306624356,0.13521708848528124,seasonal_ar1_null,0.24154752010178426,True,0.3187578977001692,-0.6202103204389056
54005,4,rrmpg_hbvedu,0.5842839786281562,0.7886830279905716,rrmpg_hbvedu,0.8714920920893074,False,0.7886830279905716,0.0,rrmpg_gr4j,0.4577479038007161,True,1.066749360072664,0.2780663320820925,rrmpg_gr4j,0.45774790380071595,True,1.066749360072664,0.2780663320820925,global_lstm,0.09576791098298187,True,0.5207124843913522,-0.26797054359921935,seasonal_ar1_null,0.5517948385340181,True,0.1002162241068193,-0.6884668038837523
54007,4,global_lstm,0.414712294550433,0.6731219329387477,rrmpg_gr4j,0.0472852475771574,True,1.309258771574621,0.6361368386358732,seasonal_ar1_null,0.615570892075513,True,0.3123262373276953,-0.36079569561105235,seasonal_ar1_null,0.6193909518176925,True,0.3123262373276953,-0.36079569561105235,global_lstm,0.09143770763533515,False,0.6731219329387477,0.0,,,,,
54008,4,rrmpg_hbvedu,0.5898167904699907,0.5111884659924426,rrmpg_hbvedu,0.0714148065717044,False,0.5111884659924426,0.0,global_lstm,0.1871292330738184,True,0.2572498960285775,-0.2539385699638651,global_lstm,0.18712923307381846,True,0.2572498960285775,-0.2539385699638651,rrmpg_gr4j,0.241951433280569,True,0.852092513969603,0.34090404797716034,rrmpg_hbvedu,0.03336510649156721,False,0.5111884659924426,0.0
54011,5,global_lstm,0.4707717523885237,0.4335649477267214,global_lstm,0.2203392825887036,False,0.4335649477267214,0.0,seasonal_ar1_null,0.2654231531176472,True,0.6318975702913007,0.1983326225645793,seasonal_ar1_null,0.2654231531176472,True,0.6318975702913007,0.1983326225645793,seasonal_ar1_null,0.3814827057094361,True,0.6318975702913007,0.1983326225645793,rrmpg_hbvedu,0.014102247324350281,True,0.6461683193752127,0.2126033716484913
54012,4,rrmpg_hbvedu,0.4911927501811318,0.3868043668679508,seasonal_ar1_null,0.4032794617115778,True,0.423928768635933,0.03712440176798221,rrmpg_hbvedu,0.1230391959377261,False,0.3868043668679508,0.0,rrmpg_hbvedu,0.12303919593772616,False,0.3868043668679508,0.0,seasonal_ar1_null,0.3607133580196624,True,0.423928768635933,0.03712440176798221,seasonal_ar1_null,0.2690381060606424,True,0.423928768635933,0.03712440176798221
54016,4,rrmpg_gr4j,0.4954135066027703,0.3802182708017445,seasonal_ar1_null,0.3972225064120188,True,0.4767073475932455,0.09648907679150104,global_lstm,0.2701590543522223,True,0.1921360180289814,-0.18808225277276308,global_lstm,0.27333468461061194,True,0.1921360180289814,-0.18808225277276308,seasonal_ar1_null,1.132868506899395,True,0.4767073475932455,0.09648907679150104,rrmpg_hbvedu,0.23294431465398113,True,0.2467092091510383,-0.13350906165070617
54017,5,rrmpg_gr4j,0.4973769303387603,0.590878563789706,rrmpg_hbvedu,0.1191078522758637,True,0.6757055939020533,0.08482703011234727,global_lstm,0.1993893122086051,True,0.3314978472222469,-0.25938071656745915,global_lstm,0.19938931220860523,True,0.3314978472222469,-0.25938071656745915,global_lstm,0.3265942267822204,True,0.3314978472222469,-0.25938071656745915,rrmpg_hbvedu,0.040009836101829954,True,0.6757055939020533,0.08482703011234727
54018,4,rrmpg_hbvedu,0.5472280024451893,0.3073097392490415,rrmpg_gr4j,0.1821038888912529,True,0.7451624901199158,0.4378527508708743,seasonal_ar1_null,0.3536259124593593,True,0.4558602922845258,0.1485505530354843,seasonal_ar1_null,0.3548960985999362,True,0.4558602922845258,0.1485505530354843,rrmpg_gr4j,0.0761274636122431,True,0.7451624901199158,0.4378527508708743,rrmpg_hbvedu,0.058259336016675434,False,0.3073097392490415,0.0
54019,4,rrmpg_hbvedu,0.544950135871952,0.3897234885695975,rrmpg_hbvedu,0.1650908090718135,False,0.3897234885695975,0.0,global_lstm,0.2573949601769197,True,0.401927661193302,0.01220417262370449,global_lstm,0.2775175543460794,True,0.401927661193302,0.01220417262370449,rrmpg_hbvedu,0.3429023105271354,False,0.3897234885695975,0.0,rrmpg_hbvedu,0.046350666781698635,False,0.3897234885695975,0.0
54020,4,rrmpg_hbvedu,0.5379692346427793,0.0568590901199837,rrmpg_gr4j,0.2058411959610262,True,0.3332315495162058,0.2763724593962221,global_lstm,0.2345822390466945,True,0.0326454606199394,-0.024213629500044298,global_lstm,0.22062763071986757,True,0.0326454606199394,-0.024213629500044298,rrmpg_gr4j,0.1593690195655424,True,0.3332315495162058,0.2763724593962221,rrmpg_hbvedu,0.10496907589798798,False,0.0568590901199837,0.0
54022,4,global_lstm,0.8804012953844558,0.1927899112639004,global_lstm,0.3904930822812847,False,0.1927899112639004,0.0,seasonal_ar1_null,0.5290608260834855,True,0.186248706051329,-0.006541205212571399,seasonal_ar1_null,0.5290608260834855,True,0.186248706051329,-0.006541205212571399,seasonal_climatology,0.33759641558965253,True,0.0336520208511528,-0.15913789041274762,seasonal_climatology,0.30907020957369713,True,0.0336520208511528,-0.15913789041274762
54024,4,rrmpg_hbvedu,0.484820583016526,0.2619374448505656,rrmpg_hbvedu,0.1378472076150378,False,0.2619374448505656,0.0,global_lstm,0.0560280484074872,True,0.0582927204448735,-0.2036447244056921,global_lstm,0.06082285940016119,True,0.0582927204448735,-0.2036447244056921,rrmpg_gr4j,0.19789018861810947,True,0.6878316534781713,0.42589420862760574,,,,,
54025,4,global_lstm,0.5927214822030047,0.8534106422036606,global_lstm,0.2752833732055955,False,0.8534106422036606,0.0,seasonal_ar1_null,0.2616098240908565,True,0.3126558203607846,-0.5407548218428759,seasonal_ar1_null,0.26160982409085654,True,0.3126558203607846,-0.5407548218428759,seasonal_ar1_null,0.3539573571491569,True,0.3126558203607846,-0.5407548218428759,seasonal_ar1_null,0.24719543338468997,True,0.3126558203607846,-0.5407548218428759
54027,4,rrmpg_gr4j,0.5680548736477948,0.3379094747657994,seasonal_ar1_null,0.3532960470569217,True,0.1562739577312893,-0.1816355170345101,seasonal_ar1_null,0.3570765558271807,True,0.1562739577312893,-0.1816355170345101,seasonal_ar1_null,0.3703312555768835,True,0.1562739577312893,-0.1816355170345101,global_lstm,0.34680939569161606,True,0.1768755058077326,-0.16103396895806682,rrmpg_hbvedu,0.20985387510032893,True,0.2864049057599252,-0.05150456900587419
54028,5,global_lstm,0.499638559133263,0.6591693867735504,global_lstm,0.1382201698405446,False,0.6591693867735504,0.0,seasonal_ar1_null,0.2597552872467629,True,0.0544627165120899,-0.6047066702614605,seasonal_ar1_null,0.2597552872467629,True,0.0544627165120899,-0.6047066702614605,seasonal_ar1_null,0.2096963871303783,True,0.0544627165120899,-0.6047066702614605,global_lstm,0.18686086513634526,False,0.6591693867735504,0.0
54029,4,rrmpg_hbvedu,0.6590864566593597,0.4406039546948114,rrmpg_hbvedu,0.0908950842288633,False,0.4406039546948114,0.0,global_lstm,0.209876387440496,True,0.2318308973644153,-0.20877305733039608,global_lstm,0.2098763874404962,True,0.2318308973644153,-0.20877305733039608,rrmpg_hbvedu,0.11706768621795227,False,0.4406039546948114,0.0,rrmpg_hbvedu,0.03666698785765177,False,0.4406039546948114,0.0
54032,5,rrmpg_hbvedu,0.5082956602585778,0.5993870756261928,rrmpg_hbvedu,0.9143762416118224,False,0.5993870756261928,0.0,rrmpg_hbvedu,0.0752208944004622,False,0.5993870756261928,0.0,rrmpg_hbvedu,0.0752208944004622,False,0.5993870756261928,0.0,seasonal_ar1_null,0.395789854904979,True,0.2004163252145167,-0.39897075041167607,seasonal_ar1_null,0.23807942270938964,True,0.2004163252145167,-0.39897075041167607
54034,4,global_lstm,0.419780560286099,0.596946774026799,rrmpg_hbvedu,0.2010044276474121,True,0.7984705543900962,0.2015237803632972,global_lstm,0.7009881808470272,False,0.596946774026799,0.0,global_lstm,0.7009881808470275,False,0.596946774026799,0.0,seasonal_ar1_null,0.18414790671411163,True,0.0847440406368739,-0.5122027333899251,rrmpg_gr4j,0.05538991715863806,True,0.9916780993590149,0.3947313253322159
54036,5,global_lstm,0.4948380287388353,0.3182472127290315,rrmpg_gr4j,0.1662045962259657,True,0.0694436180708751,-0.2488035946581564,rrmpg_gr4j,0.1958878502895735,True,0.0694436180708751,-0.2488035946581564,rrmpg_gr4j,0.1958878502895735,True,0.0694436180708751,-0.2488035946581564,rrmpg_gr4j,0.16908438955283978,True,0.0694436180708751,-0.2488035946581564,global_lstm,0.04770363121237742,False,0.3182472127290315,0.0
54038,4,global_lstm,0.5223445556271178,0.7284246423856293,rrmpg_gr4j,0.0925174079833394,True,1.041262767910108,0.31283812552447876,seasonal_ar1_null,0.0972435639905042,True,0.1096107538214723,-0.618813888564157,seasonal_ar1_null,0.09724356399050427,True,0.1096107538214723,-0.618813888564157,seasonal_ar1_null,0.17528102036072468,True,0.1096107538214723,-0.618813888564157,rrmpg_gr4j,0.08926470785247975,True,1.041262767910108,0.31283812552447876
54044,5,rrmpg_hbvedu,0.276135481140201,0.6180630285743857,global_lstm,0.2074363325167803,True,0.2795169024817037,-0.338546126092682,rrmpg_gr4j,0.341501456675351,True,0.7597888282214773,0.14172579964709164,rrmpg_gr4j,0.3432973627636179,True,0.7597888282214773,0.14172579964709164,rrmpg_gr4j,0.5345613926981969,True,0.7597888282214773,0.14172579964709164,rrmpg_hbvedu,0.09763755200151591,False,0.6180630285743857,0.0
54048,4,rrmpg_hbvedu,0.4734564820818687,0.5317312605163205,global_lstm,0.6560460434420836,True,0.6159809179682552,0.08424965745193469,seasonal_ar1_null,0.7949206468601477,True,0.284307691953199,-0.24742356856312148,seasonal_ar1_null,0.7949206468601477,True,0.284307691953199,-0.24742356856312148,seasonal_ar1_null,0.7810424995677313,True,0.284307691953199,-0.24742356856312148,global_lstm,0.11125296706982213,True,0.6159809179682552,0.08424965745193469
54049,5,rrmpg_hbvedu,0.5734032201024865,0.3884999776238806,rrmpg_hbvedu,0.1045670424259308,False,0.3884999776238806,0.0,global_lstm,0.4070927226353288,True,0.4510065706604308,0.0625065930365502,global_lstm,0.4070927226353288,True,0.4510065706604308,0.0625065930365502,seasonal_ar1_null,0.4788469833962361,True,0.3320929629854887,-0.05640701463839193,rrmpg_hbvedu,0.03506979879287697,False,0.3884999776238806,0.0
54052,4,rrmpg_hbvedu,0.4222948323551168,0.3408852907777175,global_lstm,0.142787462412361,True,0.1887558398497673,-0.15212945092795022,rrmpg_gr4j,0.1422866570344602,True,0.7709691961477729,0.4300839053700554,rrmpg_gr4j,0.14228665703446053,True,0.7709691961477729,0.4300839053700554,global_lstm,0.44762385174581154,True,0.1887558398497673,-0.15212945092795022,,,,,
54057,5,rrmpg_hbvedu,0.5569586091435321,0.372896193349967,seasonal_climatology,0.6389265586870481,True,0.7578309872659014,0.3849347939159344,rrmpg_hbvedu,1.0067172339907051,False,0.372896193349967,0.0,rrmpg_hbvedu,1.0067172339907053,False,0.372896193349967,0.0,global_lstm,0.2727320515013716,True,0.1875495704744253,-0.18534662287554168,seasonal_ar1_null,0.0019128590377091026,True,0.037719299129391,-0.335176894220576
54060,5,global_lstm,0.5562785238104371,0.1835691023582455,global_lstm,0.5087722917349329,False,0.1835691023582455,0.0,seasonal_ar1_null,0.6571960626342119,True,0.5024238692562132,0.31885476689796766,seasonal_ar1_null,0.6678106763000944,True,0.5024238692562132,0.31885476689796766,seasonal_ar1_null,0.6676597617075268,True,0.5024238692562132,0.31885476689796766,global_lstm,0.16771637955616037,False,0.1835691023582455,0.0
54063,5,global_lstm,0.3551789401480569,0.6010174956908633,rrmpg_hbvedu,0.3705979433573806,True,0.9474783524839412,0.3464608567930779,seasonal_ar1_null,0.5278360222451755,True,0.7388086559482037,0.1377911602573404,seasonal_ar1_null,0.5410422180216241,True,0.7388086559482037,0.1377911602573404,global_lstm,0.29716989619694595,False,0.6010174956908633,0.0,,,,,
54080,5,rrmpg_hbvedu,0.4102166010694785,1.1305959274083095,rrmpg_gr4j,0.13716495566751,True,1.3749982301815649,0.24440230277325536,seasonal_ar1_null,0.1691495737700243,True,0.157415580669986,-0.9731803467383235,seasonal_ar1_null,0.16914957377002438,True,0.157415580669986,-0.9731803467383235,rrmpg_gr4j,0.15754940337394274,True,1.3749982301815649,0.24440230277325536,,,,,
54095,5,rrmpg_hbvedu,0.4080585224362908,0.6494201867309768,rrmpg_hbvedu,1.098119943736654,False,0.6494201867309768,0.0,rrmpg_gr4j,0.2880298126658265,True,0.911558068347073,0.2621378816160962,rrmpg_gr4j,0.2880298126658265,True,0.911558068347073,0.2621378816160962,rrmpg_hbvedu,0.47933869735340817,False,0.6494201867309768,0.0,,,,,
54096,5,global_lstm,0.5300219907678951,0.6911534418271971,global_lstm,0.1870443984041213,False,0.6911534418271971,0.0,seasonal_ar1_null,0.4947829428843359,True,0.6097684472084774,-0.08138499461871962,seasonal_ar1_null,0.4947829428843359,True,0.6097684472084774,-0.08138499461871962,global_lstm,0.4300969795251901,False,0.6911534418271971,0.0,global_lstm,0.026734497811331526,False,0.6911534418271971,0.0
55002,4,rrmpg_hbvedu,0.566461455105054,0.8086073470526617,rrmpg_hbvedu,0.2882892070401177,False,0.8086073470526617,0.0,seasonal_ar1_null,0.3917963411067564,True,0.1477156107527175,-0.6608917362999442,seasonal_ar1_null,0.3917963411067562,True,0.1477156107527175,-0.6608917362999442,,,,,,seasonal_ar1_null,0.0011534703816131753,True,0.1477156107527175,-0.6608917362999442
55007,4,global_lstm,0.5836652620868648,0.8620702338671642,rrmpg_gr4j,0.0156385720210578,True,1.38357165761717,0.5215014237500057,seasonal_ar1_null,0.26535129008318,True,0.1973826361285739,-0.6646875977385903,seasonal_ar1_null,0.26535129008318004,True,0.1973826361285739,-0.6646875977385903,seasonal_ar1_null,0.4088058423794625,True,0.1973826361285739,-0.6646875977385903,,,,,
55008,5,global_lstm,0.5708413055932042,1.1801994379882352,rrmpg_hbvedu,0.1507168658753506,True,1.53673679258704,0.35653735459880487,rrmpg_gr4j,0.3527632027086595,True,1.277974602183133,0.09777516419489785,rrmpg_gr4j,0.3527632027086594,True,1.277974602183133,0.09777516419489785,rrmpg_gr4j,0.38916928820770047,True,1.277974602183133,0.09777516419489785,global_lstm,0.04392349848205335,False,1.1801994379882352,0.0
55013,4,rrmpg_hbvedu,0.6352171831019194,0.4505666271466702,seasonal_ar1_null,0.0751194053895607,True,0.1044206539026185,-0.34614597324405166,seasonal_ar1_null,0.1450333637661987,True,0.1044206539026185,-0.34614597324405166,seasonal_ar1_null,0.1450333637661987,True,0.1044206539026185,-0.34614597324405166,,,,,,,,,,
55014,5,rrmpg_hbvedu,0.5185602082872467,0.5707296678867076,seasonal_climatology,0.1002767843813444,True,1.505788449365376,0.9350587814786683,global_lstm,0.1841896356151591,True,0.2503058806656742,-0.32042378722103343,global_lstm,0.184189635615159,True,0.2503058806656742,-0.32042378722103343,rrmpg_gr4j,0.12196689552281859,True,0.8119404190899348,0.2412107512032271,rrmpg_hbvedu,0.005686428835258939,False,0.5707296678867076,0.0
55016,5,global_lstm,0.4983450373319152,0.7088799850972076,global_lstm,0.1086937304104157,False,0.7088799850972076,0.0,seasonal_ar1_null,0.2595885281116603,True,0.0368893494590662,-0.6719906356381414,seasonal_ar1_null,0.25958852811166033,True,0.0368893494590662,-0.6719906356381414,seasonal_ar1_null,0.3174190875805424,True,0.0368893494590662,-0.6719906356381414,global_lstm,0.016740331529549568,False,0.7088799850972076,0.0
55018,4,global_lstm,0.5441898589683597,0.3569988032725001,global_lstm,0.0689665620819291,False,0.3569988032725001,0.0,global_lstm,0.4378712810805915,False,0.3569988032725001,0.0,global_lstm,0.4378712810805916,False,0.3569988032725001,0.0,global_lstm,0.04778632333658095,False,0.3569988032725001,0.0,,,,,
55021,4,rrmpg_hbvedu,0.5881569771366353,0.4155395158418973,rrmpg_hbvedu,0.2099126999513312,False,0.4155395158418973,0.0,rrmpg_gr4j,0.2428118691081153,True,0.6760091461382371,0.26046963029633985,rrmpg_gr4j,0.24281186910811559,True,0.6760091461382371,0.26046963029633985,rrmpg_gr4j,0.4289761784644578,True,0.6760091461382371,0.26046963029633985,rrmpg_gr4j,0.0164518251109933,True,0.6760091461382371,0.26046963029633985
55023,4,rrmpg_gr4j,0.598034436369294,0.7336552659183244,rrmpg_hbvedu,0.5029181987139282,True,0.6730514112785764,-0.060603854639748045,rrmpg_hbvedu,0.3136259847163859,True,0.6730514112785764,-0.060603854639748045,rrmpg_hbvedu,0.3136259847163859,True,0.6730514112785764,-0.060603854639748045,rrmpg_hbvedu,0.35029145685512075,True,0.6730514112785764,-0.060603854639748045,seasonal_ar1_null,0.18091001223032843,True,0.0016913721133504,-0.7319638938049741
55025,4,global_lstm,0.5502874161881195,0.3134386601339412,seasonal_ar1_null,0.4937028962595714,True,0.4305502496350404,0.11711158950109918,seasonal_ar1_null,0.7243629296367726,True,0.4305502496350404,0.11711158950109918,seasonal_ar1_null,0.7243629296367726,True,0.4305502496350404,0.11711158950109918,seasonal_ar1_null,0.8784696189312039,True,0.4305502496350404,0.11711158950109918,global_lstm,0.19097167330221598,False,0.3134386601339412,0.0
55026,4,global_lstm,0.5743271178683919,1.0554067558703626,global_lstm,0.3028320964234224,False,1.0554067558703626,0.0,seasonal_ar1_null,0.3625608074804987,True,0.2623264542223623,-0.7930803016480004,seasonal_ar1_null,0.3625608074804987,True,0.2623264542223623,-0.7930803016480004,global_lstm,0.1610984754668907,False,1.0554067558703626,0.0,rrmpg_gr4j,0.2772431748687294,True,1.304719737515763,0.2493129816454005
55029,4,global_lstm,0.5671562211161915,0.4524153346694582,global_lstm,0.4754654658097828,False,0.4524153346694582,0.0,seasonal_ar1_null,0.6051922277203182,True,0.2905912881060456,-0.1618240465634126,seasonal_ar1_null,0.6094902693434217,True,0.2905912881060456,-0.1618240465634126,seasonal_ar1_null,0.696511909764176,True,0.2905912881060456,-0.1618240465634126,rrmpg_gr4j,0.2802236257570305,True,0.599100231626898,0.14668489695743975
55032,5,global_lstm,0.4112783013877148,1.003578266713739,rrmpg_hbvedu,0.242806666214393,True,1.0193448615987608,0.015766594885021856,seasonal_ar1_null,0.3470873437303247,True,0.0889472843010382,-0.9146309824127008,seasonal_ar1_null,0.3470873437303247,True,0.0889472843010382,-0.9146309824127008,rrmpg_gr4j,0.1538156583297543,True,1.312341094907898,0.308762828194159,seasonal_ar1_null,0.2520674197558981,True,0.0889472843010382,-0.9146309824127008
56001,4,global_lstm,0.539381718625114,0.551214377480509,global_lstm,0.1676491745410464,False,0.551214377480509,0.0,seasonal_ar1_null,0.4747304740291747,True,0.0734562485217881,-0.47775812895872094,seasonal_ar1_null,0.4747304740291747,True,0.0734562485217881,-0.47775812895872094,seasonal_ar1_null,0.4004228830872014,True,0.0734562485217881,-0.47775812895872094,,,,,
56002,4,rrmpg_gr4j,0.5283904765461804,0.7762559276456289,global_lstm,0.1178597908949097,True,0.4869717451529665,-0.2892841824926624,seasonal_ar1_null,0.3596639338766489,True,0.0477849785911389,-0.72847094905449,seasonal_ar1_null,0.35966393387664897,True,0.0477849785911389,-0.72847094905449,rrmpg_gr4j,0.18879668419857176,False,0.7762559276456289,0.0,rrmpg_hbvedu,0.11746304911842786,True,0.7368512633986357,-0.03940466424699318
56007,5,global_lstm,0.5518007973184192,0.7525268913688903,seasonal_climatology,0.3991879417291371,True,0.982230709299184,0.2297038179302937,seasonal_climatology,0.5207840368698007,True,0.982230709299184,0.2297038179302937,seasonal_climatology,0.5207840368698007,True,0.982230709299184,0.2297038179302937,seasonal_ar1_null,0.43220463614722515,True,0.169446174542995,-0.5830807168258954,rrmpg_hbvedu,0.22189497824739857,True,1.0717880628142278,0.3192611714453375
56012,4,rrmpg_hbvedu,0.5626329442399003,0.5337183336065083,seasonal_ar1_null,0.2157475951704517,True,0.1815447272322542,-0.3521736063742541,seasonal_ar1_null,0.2863535016460893,True,0.1815447272322542,-0.3521736063742541,seasonal_ar1_null,0.2863535016460893,True,0.1815447272322542,-0.3521736063742541,global_lstm,0.14572298730747457,True,0.2996810499881897,-0.23403728361831866,rrmpg_hbvedu,0.26588884183533046,False,0.5337183336065083,0.0
56013,5,global_lstm,0.5567994577285024,0.7438226928659468,global_lstm,0.3250736378270389,False,0.7438226928659468,0.0,seasonal_ar1_null,0.5007075855910245,True,0.1224927223272737,-0.6213299705386731,seasonal_ar1_null,0.5007075855910245,True,0.1224927223272737,-0.6213299705386731,global_lstm,0.1707018708519017,False,0.7438226928659468,0.0,global_lstm,0.09436236571435352,False,0.7438226928659468,0.0
57004,5,global_lstm,0.5510372461642046,0.6491235877569107,rrmpg_gr4j,0.1051870744453589,True,1.2205702159811278,0.5714466282242171,seasonal_ar1_null,0.4471720206629057,True,0.0871773831748358,-0.5619462045820749,seasonal_ar1_null,0.44717202066290573,True,0.0871773831748358,-0.5619462045820749,seasonal_ar1_null,0.44406791937328705,True,0.0871773831748358,-0.5619462045820749,rrmpg_hbvedu,0.0435002099711701,True,0.9395280082911336,0.2904044205342229
57005,5,global_lstm,0.5520058590624903,0.6332466629440934,global_lstm,0.1317310682696395,False,0.6332466629440934,0.0,seasonal_ar1_null,0.2988301655730343,True,0.107937936768443,-0.5253087261756504,seasonal_ar1_null,0.2988301655730343,True,0.107937936768443,-0.5253087261756504,global_lstm,0.17958962060286943,False,0.6332466629440934,0.0,global_lstm,0.01980196857594385,False,0.6332466629440934,0.0
57007,4,global_lstm,0.5103506958516024,0.7586991819572662,rrmpg_gr4j,0.169441230688598,True,1.0252393225203649,0.2665401405630987,seasonal_ar1_null,0.5968655968379672,True,0.0040031253078565,-0.7546960566494096,seasonal_ar1_null,0.6055856186370885,True,0.0040031253078565,-0.7546960566494096,,,,,,global_lstm,0.07393734486608916,False,0.7586991819572662,0.0
57008,4,global_lstm,0.5794585985770255,0.577340126813339,global_lstm,0.1455368849440372,False,0.577340126813339,0.0,seasonal_ar1_null,0.3347042973144853,True,0.2757837802401283,-0.30155634657321073,seasonal_ar1_null,0.3347042973144855,True,0.2757837802401283,-0.30155634657321073,seasonal_ar1_null,0.13808795986397138,True,0.2757837802401283,-0.30155634657321073,global_lstm,0.06883274319928723,False,0.577340126813339,0.0
57009,5,global_lstm,0.5267047344602468,0.723950729964431,global_lstm,0.1197453373927285,False,0.723950729964431,0.0,seasonal_ar1_null,0.3051784600030812,True,0.2184998104193928,-0.5054509195450382,seasonal_ar1_null,0.30517846000308113,True,0.2184998104193928,-0.5054509195450382,seasonal_ar1_null,0.30517846000308113,True,0.2184998104193928,-0.5054509195450382,rrmpg_hbvedu,0.013427148489719043,True,0.9308940656276244,0.20694333566319345
58001,4,global_lstm,0.5403411257196926,0.8930214216176241,global_lstm,0.1717709449513447,False,0.8930214216176241,0.0,seasonal_ar1_null,0.4328581097897267,True,0.1638950614988683,-0.7291263601187559,seasonal_ar1_null,0.43285810978972683,True,0.1638950614988683,-0.7291263601187559,seasonal_ar1_null,0.2642524352151987,True,0.1638950614988683,-0.7291263601187559,global_lstm,0.25493879109565143,False,0.8930214216176241,0.0
58002,5,global_lstm,0.4273981200627161,1.0301211741125744,rrmpg_gr4j,0.1286773573783301,True,1.1919107400912383,0.1617895659786639,rrmpg_gr4j,0.3310151465523166,True,1.1919107400912383,0.1617895659786639,rrmpg_gr4j,0.3310151465523166,True,1.1919107400912383,0.1617895659786639,rrmpg_gr4j,0.2998287176947515,True,1.1919107400912383,0.1617895659786639,rrmpg_gr4j,0.13025639052150195,True,1.1919107400912383,0.1617895659786639
58006,4,global_lstm,0.5244921723461573,0.9258379758275452,global_lstm,0.311001218957655,False,0.9258379758275452,0.0,seasonal_ar1_null,0.6731214447010876,True,0.0314977307545216,-0.8943402450730237,seasonal_ar1_null,0.6724745796267098,True,0.0314977307545216,-0.8943402450730237,seasonal_ar1_null,0.5927120571652891,True,0.0314977307545216,-0.8943402450730237,global_lstm,0.28619372157684797,False,0.9258379758275452,0.0
58008,4,global_lstm,0.4613286660593131,1.1120188693306994,rrmpg_hbvedu,0.0770859341825944,True,1.4425261653643175,0.33050729603361817,seasonal_climatology,0.5878736235687017,True,0.8022425441290868,-0.3097763252016126,seasonal_climatology,0.5878736235687017,True,0.8022425441290868,-0.3097763252016126,seasonal_ar1_null,0.5177258047246742,True,0.0166014210276912,-1.0954174483030081,,,,,
58009,4,global_lstm,0.5430107484584,0.7666515506726513,rrmpg_gr4j,0.2615759891743317,True,0.5083941528456126,-0.2582573978270387,rrmpg_gr4j,0.3842637516935861,True,0.5083941528456126,-0.2582573978270387,rrmpg_gr4j,0.3842637516935861,True,0.5083941528456126,-0.2582573978270387,rrmpg_gr4j,0.31540623720612126,True,0.5083941528456126,-0.2582573978270387,rrmpg_gr4j,0.0294291154816001,True,0.5083941528456126,-0.2582573978270387
58012,5,global_lstm,0.4489085239392386,0.9975806667583668,rrmpg_gr4j,0.1659320760054204,True,1.473192051262446,0.47561138450407914,seasonal_ar1_null,0.5579918874367078,True,0.0775913721058825,-0.9199892946524842,seasonal_ar1_null,0.5749421498836212,True,0.0775913721058825,-0.9199892946524842,global_lstm,0.19104220622571422,False,0.9975806667583668,0.0,,,,,
59001,4,global_lstm,0.4637269425504488,1.1311949145004,global_lstm,0.1571954659631371,False,1.1311949145004,0.0,seasonal_climatology,0.5157357276118366,True,0.6510851051411132,-0.48010980935928693,seasonal_climatology,0.5157357276118366,True,0.6510851051411132,-0.48010980935928693,seasonal_ar1_null,0.5066193516141237,True,0.021563485264626,-1.109631429235774,,,,,
60002,4,rrmpg_hbvedu,0.4164312177557481,1.0908222239885437,global_lstm,0.4093818296584929,True,0.9620758249381466,-0.1287463990503971,seasonal_ar1_null,0.3940874397096561,True,0.1788366007805846,-0.9119856232079591,seasonal_ar1_null,0.3940874397096561,True,0.1788366007805846,-0.9119856232079591,seasonal_ar1_null,0.7952029619467267,True,0.1788366007805846,-0.9119856232079591,global_lstm,0.3595411947309669,True,0.9620758249381466,-0.1287463990503971
60003,4,rrmpg_hbvedu,0.5271151417026398,0.8901431814585279,global_lstm,0.175554581330382,True,0.7362188011342358,-0.15392438032429212,seasonal_ar1_null,0.5328707396696584,True,0.0576948693622002,-0.8324483120963276,seasonal_ar1_null,0.5328707396696585,True,0.0576948693622002,-0.8324483120963276,seasonal_ar1_null,0.48801945161967586,True,0.0576948693622002,-0.8324483120963276,global_lstm,0.09696384994618568,True,0.7362188011342358,-0.15392438032429212
60005,4,global_lstm,0.4983069767422881,0.9286080081310104,global_lstm,0.218345812536896,False,0.9286080081310104,0.0,seasonal_ar1_null,0.3048210831977858,True,0.2147003888341472,-0.7139076192968632,seasonal_ar1_null,0.30482108319778567,True,0.2147003888341472,-0.7139076192968632,global_lstm,0.03087824099337677,False,0.9286080081310104,0.0,global_lstm,0.25771013729950143,False,0.9286080081310104,0.0
60006,5,global_lstm,0.4076068376018027,0.6696513895886952,global_lstm,0.1764184134647503,False,0.6696513895886952,0.0,seasonal_ar1_null,0.210217729383067,True,0.0686140509378409,-0.6010373386508543,seasonal_ar1_null,0.21021772938306704,True,0.0686140509378409,-0.6010373386508543,global_lstm,0.10169403180647207,False,0.6696513895886952,0.0,seasonal_ar1_null,0.28554757029829925,True,0.0686140509378409,-0.6010373386508543
60010,4,rrmpg_hbvedu,0.475761869430508,0.8947654109251769,rrmpg_hbvedu,0.3989479184725135,False,0.8947654109251769,0.0,global_lstm,0.2875290906299111,True,0.8949660528329042,0.00020064190772728363,global_lstm,0.28752909062991094,True,0.8949660528329042,0.00020064190772728363,rrmpg_hbvedu,0.1403917529917158,False,0.8947654109251769,0.0,,,,,
60012,4,global_lstm,0.4348440753484544,1.2178289467226258,global_lstm,0.0866754411424969,False,1.2178289467226258,0.0,seasonal_climatology,0.5544493078703955,True,0.8716042755341179,-0.34622467118850786,seasonal_climatology,0.5544493078703955,True,0.8716042755341179,-0.34622467118850786,seasonal_ar1_null,0.576687807364477,True,0.0699646799431918,-1.1478642667794339,,,,,
6007,4,rrmpg_gr4j,0.5500241523581066,0.8480149726054078,seasonal_ar1_null,1.222240949610623,True,0.0860494635860357,-0.7619655090193721,rrmpg_gr4j,0.2525021810274712,False,0.8480149726054078,0.0,seasonal_ar1_null,0.7523686512069575,True,0.0860494635860357,-0.7619655090193721,global_lstm,0.5948596640740912,True,0.6710650986881153,-0.17694987391729255,global_lstm,0.06431930396165264,True,0.6710650986881153,-0.17694987391729255
61001,5,rrmpg_hbvedu,0.8506453658862245,0.057337281212138,seasonal_ar1_null,0.1256740466735991,True,0.398463219796308,0.34112593858417,seasonal_ar1_null,0.4530747052828781,True,0.398463219796308,0.34112593858417,seasonal_ar1_null,0.4530747052828781,True,0.398463219796308,0.34112593858417,seasonal_ar1_null,0.5707241164614718,True,0.398463219796308,0.34112593858417,seasonal_ar1_null,0.1454052840042226,True,0.398463219796308,0.34112593858417
61002,4,global_lstm,0.553523089837053,0.8504684191573112,rrmpg_hbvedu,0.3160355551938536,True,1.1098408665237307,0.2593724473664195,seasonal_ar1_null,0.6400084141014339,True,0.0487411376467406,-0.8017272815105706,seasonal_ar1_null,0.6400084141014339,True,0.0487411376467406,-0.8017272815105706,global_lstm,0.4806630298715509,False,0.8504684191573112,0.0,rrmpg_hbvedu,0.030508312783944058,True,1.1098408665237307,0.2593724473664195
62001,4,rrmpg_hbvedu,0.5545383594329691,0.8247526198907247,seasonal_ar1_null,0.2415275449099233,True,0.2305959181552285,-0.5941567017354962,global_lstm,0.2164278069469777,True,0.8287208990781251,0.003968279187400392,global_lstm,0.2164278069469776,True,0.8287208990781251,0.003968279187400392,seasonal_ar1_null,0.23366520513245248,True,0.2305959181552285,-0.5941567017354962,seasonal_ar1_null,0.01025928694921796,True,0.2305959181552285,-0.5941567017354962
63001,4,global_lstm,0.5179244664714587,1.1482228905922365,seasonal_ar1_null,0.2505048630168482,True,0.3335127003765619,-0.8147101902156746,seasonal_ar1_null,0.350210374212395,True,0.3335127003765619,-0.8147101902156746,seasonal_ar1_null,0.350210374212395,True,0.3335127003765619,-0.8147101902156746,global_lstm,0.12797727606374631,False,1.1482228905922365,0.0,,,,,
64001,4,global_lstm,0.5405377482272811,1.0768491114452792,rrmpg_gr4j,0.1698934747699074,True,1.5243293337428612,0.447480222297582,seasonal_ar1_null,0.3005847808483654,True,0.1641740779371658,-0.9126750335081134,seasonal_ar1_null,0.3005847808483654,True,0.1641740779371658,-0.9126750335081134,global_lstm,0.4675820451916497,False,1.0768491114452792,0.0,,,,,
64006,5,global_lstm,0.8525089889546831,0.0125583413594909,global_lstm,0.246584075092738,False,0.0125583413594909,0.0,global_lstm,0.2859169077062859,False,0.0125583413594909,0.0,global_lstm,0.28591690770628597,False,0.0125583413594909,0.0,seasonal_ar1_null,0.5154042652676133,True,0.4928305302725048,0.4802721889130139,seasonal_ar1_null,0.2917026346926157,True,0.4928305302725048,0.4802721889130139
65001,4,global_lstm,0.4763842077620785,1.2087580411428878,global_lstm,0.3061240157084312,False,1.2087580411428878,0.0,rrmpg_gr4j,0.0514858582440473,True,1.0925840277655976,-0.11617401337729016,rrmpg_gr4j,0.05148585824404739,True,1.0925840277655976,-0.11617401337729016,rrmpg_gr4j,0.1885992002628215,True,1.0925840277655976,-0.11617401337729016,,,,,
65004,5,global_lstm,0.4221856075123911,1.0409516955372105,seasonal_ar1_null,0.3465232327374569,True,0.1151912693219454,-0.925760426215265,global_lstm,0.1169611978350043,False,1.0409516955372105,0.0,global_lstm,0.11514496768723836,False,1.0409516955372105,0.0,seasonal_ar1_null,0.62994540182416,True,0.1151912693219454,-0.925760426215265,seasonal_ar1_null,0.067743387961823,True,0.1151912693219454,-0.925760426215265
65005,4,global_lstm,0.4792296571125179,1.001243902427546,global_lstm,0.2456652734061034,False,1.001243902427546,0.0,seasonal_ar1_null,0.7661414333521286,True,0.2908360983733206,-0.7104078040542253,seasonal_ar1_null,0.7661414333521286,True,0.2908360983733206,-0.7104078040542253,seasonal_ar1_null,0.6828601699692333,True,0.2908360983733206,-0.7104078040542253,,,,,
65006,5,rrmpg_gr4j,0.5168183420700139,1.0839700458759478,seasonal_ar1_null,0.4165792572756736,True,0.002408645800096,-1.0815614000758518,global_lstm,0.0505317032749983,True,0.9876535251334124,-0.09631652074253538,global_lstm,0.05053170327499834,True,0.9876535251334124,-0.09631652074253538,rrmpg_gr4j,0.12748122278818996,False,1.0839700458759478,0.0,seasonal_ar1_null,0.0984049289453881,True,0.002408645800096,-1.0815614000758518
65007,4,global_lstm,0.4742902078124827,1.199894894626483,global_lstm,0.1815361933666564,False,1.199894894626483,0.0,seasonal_ar1_null,0.509122928505386,True,0.0570913053073136,-1.1428035893191693,seasonal_ar1_null,0.5205622958750671,True,0.0570913053073136,-1.1428035893191693,rrmpg_gr4j,0.15342693809109464,True,1.221849640884216,0.021954746257733193,rrmpg_hbvedu,0.15877994103806703,True,1.4298422392403871,0.2299473446139042
66001,5,rrmpg_gr4j,0.5680785425223145,0.3803230651403992,seasonal_climatology,0.1077130859048216,True,1.42546881113865,1.0451457459982507,global_lstm,0.4099919420577637,True,0.3312926222174378,-0.04903044292296138,global_lstm,0.409523576840477,True,0.3312926222174378,-0.04903044292296138,global_lstm,0.3882183697161343,True,0.3312926222174378,-0.04903044292296138,seasonal_ar1_null,0.19702605790511063,True,0.1726463685975518,-0.2076766965428474
66004,4,rrmpg_hbvedu,0.3348261729712233,0.3891689493350518,rrmpg_hbvedu,0.2126764938194778,False,0.3891689493350518,0.0,rrmpg_gr4j,0.234446622550373,True,0.5693366049917701,0.18016765565671827,rrmpg_gr4j,0.23444662255037307,True,0.5693366049917701,0.18016765565671827,rrmpg_gr4j,0.2568707219113455,True,0.5693366049917701,0.18016765565671827,,,,,
67001,4,rrmpg_hbvedu,0.5634665008347933,1.0078904274476796,seasonal_ar1_null,0.8112811342601554,True,0.1273992327563573,-0.8804911946913223,rrmpg_gr4j,0.1062071860542612,True,1.2411035504451955,0.23321312299751584,rrmpg_gr4j,0.10620718605426127,True,1.2411035504451955,0.23321312299751584,global_lstm,0.8110285549316432,True,0.7203288662747783,-0.2875615611729013,seasonal_ar1_null,0.5423725312355601,True,0.1273992327563573,-0.8804911946913223
67005,4,rrmpg_hbvedu,0.4927561287675132,0.9066638068320706,seasonal_ar1_null,0.23958119340331,True,0.1459071848464657,-0.7607566219856049,rrmpg_gr4j,0.2404089879711587,True,1.004718286402981,0.09805447957091051,rrmpg_gr4j,0.24040898797115895,True,1.004718286402981,0.09805447957091051,seasonal_ar1_null,0.13185049032253848,True,0.1459071848464657,-0.7607566219856049,seasonal_ar1_null,0.12729831294177463,True,0.1459071848464657,-0.7607566219856049
67006,4,global_lstm,0.5791260187624461,0.6664570032554348,global_lstm,0.0906580661333987,False,0.6664570032554348,0.0,seasonal_ar1_null,0.3787725177508929,True,0.3050749413123328,-0.36138206194310196,seasonal_ar1_null,0.37877251775089305,True,0.3050749413123328,-0.36138206194310196,global_lstm,0.1865597541904035,False,0.6664570032554348,0.0,,,,,
67008,5,rrmpg_hbvedu,0.5291945055785117,0.5004932445024977,rrmpg_hbvedu,0.2207927482544528,False,0.5004932445024977,0.0,seasonal_ar1_null,0.3938958744617915,True,0.3004692667004854,-0.20002397780201225,seasonal_ar1_null,0.39389587446179153,True,0.3004692667004854,-0.20002397780201225,seasonal_ar1_null,0.1043907972450755,True,0.3004692667004854,-0.20002397780201225,seasonal_ar1_null,0.23506219404207762,True,0.3004692667004854,-0.20002397780201225
67010,4,global_lstm,0.4697260908438919,1.1799595974883514,global_lstm,0.1047853220529087,False,1.1799595974883514,0.0,seasonal_ar1_null,0.3826471541162373,True,0.0512333543264156,-1.1287262431619358,seasonal_ar1_null,0.38264715411623734,True,0.0512333543264156,-1.1287262431619358,seasonal_ar1_null,0.41217647623827247,True,0.0512333543264156,-1.1287262431619358,rrmpg_gr4j,0.0740598040555378,True,1.5151523650342005,0.33519276754584904
67015,4,rrmpg_hbvedu,0.5554910642036328,0.8282361727635411,seasonal_ar1_null,0.3353939968528547,True,0.1930853782515597,-0.6351507945119814,global_lstm,0.2815610498654468,True,0.710689147319513,-0.11754702544402806,global_lstm,0.28156104986544683,True,0.710689147319513,-0.11754702544402806,seasonal_ar1_null,0.20713343799720496,True,0.1930853782515597,-0.6351507945119814,,,,,
67025,4,global_lstm,0.6930240843046086,0.17016632018832,seasonal_ar1_null,0.4831091801126912,True,0.4638112184065077,0.2936448982181877,seasonal_ar1_null,0.3431448153773214,True,0.4638112184065077,0.2936448982181877,seasonal_ar1_null,0.34314481537732144,True,0.4638112184065077,0.2936448982181877,seasonal_ar1_null,0.24452127476757468,True,0.4638112184065077,0.2936448982181877,global_lstm,0.010852788148773773,False,0.17016632018832,0.0
68001,4,rrmpg_hbvedu,0.4489431739336883,0.3614574076970975,rrmpg_hbvedu,0.3708431988365773,False,0.3614574076970975,0.0,global_lstm,0.2074195060400968,True,0.2653152886719156,-0.09614211902518188,global_lstm,0.20741950604009685,True,0.2653152886719156,-0.09614211902518188,rrmpg_gr4j,0.28044124391482783,True,0.5638525735177565,0.20239516582065903,rrmpg_hbvedu,0.05122995341698733,False,0.3614574076970975,0.0
68003,4,rrmpg_hbvedu,0.3449899186302451,0.5448317169346901,rrmpg_gr4j,0.0598058543675209,True,0.9069922262772,0.3621605093425099,seasonal_ar1_null,0.2053273084864996,True,0.3302958372287909,-0.2145358797058992,seasonal_ar1_null,0.2085305823681125,True,0.3302958372287909,-0.2145358797058992,seasonal_ar1_null,0.20800412362749154,True,0.3302958372287909,-0.2145358797058992,rrmpg_hbvedu,0.19492536770537028,False,0.5448317169346901,0.0
68004,5,global_lstm,0.3145912250604564,0.3362073741974219,rrmpg_hbvedu,0.1108109094695541,True,0.4838229686175467,0.14761559442012478,rrmpg_gr4j,0.4491752313873088,True,0.9022607146327344,0.5660533404353125,rrmpg_gr4j,0.4356037794288793,True,0.9022607146327344,0.5660533404353125,seasonal_climatology,0.515657698721191,True,1.5395947217231072,1.2033873475256853,,,,,
68005,4,rrmpg_hbvedu,0.3627830090935522,0.3308500994538191,rrmpg_gr4j,0.1453457284403136,True,0.6328777473870073,0.3020276479331882,seasonal_ar1_null,0.4350847841649371,True,0.5185790890881106,0.18772898963429147,seasonal_ar1_null,0.435084784164937,True,0.5185790890881106,0.18772898963429147,rrmpg_gr4j,0.15027102438101558,True,0.6328777473870073,0.3020276479331882,rrmpg_gr4j,0.13490089530030858,True,0.6328777473870073,0.3020276479331882
68020,5,global_lstm,0.3039640671667579,0.4751991361152815,rrmpg_hbvedu,0.250172891413714,True,0.5587164069361512,0.08351727082086974,seasonal_ar1_null,0.4045507909340824,True,0.5166499210027292,0.041450784887447745,seasonal_ar1_null,0.4045507909340824,True,0.5166499210027292,0.041450784887447745,rrmpg_gr4j,0.42271036503583304,True,1.0054491917903436,0.5302500556750622,seasonal_ar1_null,0.18967179980674254,True,0.5166499210027292,0.041450784887447745
69002,5,global_lstm,0.4779395823929447,0.9486911451528316,rrmpg_gr4j,0.0752135420477971,True,1.2970601908562382,0.34836904570340665,seasonal_ar1_null,0.500489256811704,True,0.0139749338238282,-0.9347162113290034,seasonal_ar1_null,0.5004892568117041,True,0.0139749338238282,-0.9347162113290034,global_lstm,0.2102715558709185,False,0.9486911451528316,0.0,global_lstm,0.01844145879618897,False,0.9486911451528316,0.0
69012,5,rrmpg_hbvedu,0.2964657718536363,0.8667814985240145,global_lstm,0.2018751193702559,True,0.5790600077317795,-0.2877214907922351,seasonal_ar1_null,0.3933744278940376,True,0.4386745921285863,-0.42810690639542825,seasonal_ar1_null,0.39337442789403776,True,0.4386745921285863,-0.42810690639542825,seasonal_ar1_null,0.441763386704786,True,0.4386745921285863,-0.42810690639542825,,,,,
69015,4,global_lstm,0.5649396669222893,0.8105115181851507,rrmpg_gr4j,0.0310589680320698,True,1.4541897262966352,0.6436782081114846,seasonal_ar1_null,0.2749156902831936,True,0.1571065600586917,-0.6534049581264589,seasonal_ar1_null,0.2749156902831936,True,0.1571065600586917,-0.6534049581264589,,,,,,,,,,
69023,5,global_lstm,0.4882634947337018,0.9236269445426148,global_lstm,0.113156486383024,False,0.9236269445426148,0.0,seasonal_ar1_null,0.5079681330502277,True,0.0563406771512346,-0.8672862673913803,seasonal_ar1_null,0.5079681330502278,True,0.0563406771512346,-0.8672862673913803,rrmpg_hbvedu,0.19748507024213813,True,1.283147504626516,0.3595205600839011,global_lstm,0.04209170357552661,False,0.9236269445426148,0.0
69027,5,global_lstm,0.4881988395720165,0.9321146202420664,rrmpg_gr4j,0.0443262573482219,True,1.4957868426004624,0.563672222358396,seasonal_climatology,0.3627459421116631,True,0.2597278388266199,-0.6723867814154465,seasonal_climatology,0.36274594211166317,True,0.2597278388266199,-0.6723867814154465,seasonal_climatology,0.11052226139069066,True,0.2597278388266199,-0.6723867814154465,global_lstm,0.16125036326522846,False,0.9321146202420664,0.0
69030,4,rrmpg_hbvedu,0.3560265718577206,0.7968730685983934,rrmpg_hbvedu,0.1770813907721413,False,0.7968730685983934,0.0,seasonal_ar1_null,0.2478520039453909,True,0.3850339821396181,-0.41183908645877526,seasonal_ar1_null,0.24785200394539098,True,0.3850339821396181,-0.41183908645877526,seasonal_ar1_null,0.6369710514778979,True,0.3850339821396181,-0.41183908645877526,rrmpg_hbvedu,0.11025971052261196,False,0.7968730685983934,0.0
69032,4,rrmpg_hbvedu,0.2505870541323388,0.9933532168525212,global_lstm,0.184548995582388,True,0.6465908866853599,-0.3467623301671613,seasonal_ar1_null,0.2701314121907268,True,0.4363583601162232,-0.556994856736298,seasonal_ar1_null,0.2701314121907268,True,0.4363583601162232,-0.556994856736298,seasonal_ar1_null,0.06949381914299213,True,0.4363583601162232,-0.556994856736298,,,,,
70002,5,rrmpg_hbvedu,0.6847124514895472,0.1868332230559165,global_lstm,0.2002772330944795,True,0.2569198460376162,0.07008662298169971,seasonal_ar1_null,0.28828296450959,True,0.3608353024611982,0.17400207940528173,seasonal_ar1_null,0.28828296450959,True,0.3608353024611982,0.17400207940528173,rrmpg_gr4j,0.2653044774831437,True,0.2498489412231789,0.06301571816726242,rrmpg_gr4j,0.06512884905993066,True,0.2498489412231789,0.06301571816726242
7003,5,global_lstm,0.5186326519792136,0.6931711409866718,rrmpg_hbvedu,0.3299356034799904,True,0.7696407309800587,0.07646958999338693,global_lstm,0.2859310962893139,False,0.6931711409866718,0.0,seasonal_ar1_null,0.49844068936265207,True,0.3174318692176668,-0.37573927176900496,global_lstm,0.16539977508138043,False,0.6931711409866718,0.0,,,,,
7005,5,global_lstm,0.3858595156795423,0.974381189419894,seasonal_ar1_null,0.4690156388740235,True,0.0881160235594117,-0.8862651658604823,rrmpg_gr4j,0.4002401901125769,True,1.4796867998115957,0.5053056103917016,seasonal_ar1_null,0.28335915867247974,True,0.0881160235594117,-0.8862651658604823,rrmpg_gr4j,0.11592486685079861,True,1.4796867998115957,0.5053056103917016,,,,,
7006,4,global_lstm,0.6343667485201063,0.2343199549387142,global_lstm,0.1826865883957105,False,0.2343199549387142,0.0,global_lstm,0.153795623772006,False,0.2343199549387142,0.0,seasonal_ar1_null,0.4320052587402021,True,0.1236288081282827,-0.11069114681043149,seasonal_ar1_null,0.433178800048985,True,0.1236288081282827,-0.11069114681043149,seasonal_ar1_null,0.47189836361724513,True,0.1236288081282827,-0.11069114681043149
71001,4,global_lstm,0.5214541487456403,0.8973260200409008,rrmpg_gr4j,0.0951800351809055,True,1.3535969120593965,0.4562708920184957,seasonal_ar1_null,0.3925377832449979,True,0.0628544984860273,-0.8344715215548735,seasonal_ar1_null,0.3925377832449978,True,0.0628544984860273,-0.8344715215548735,,,,,,rrmpg_gr4j,0.02478386283122469,True,1.3535969120593965,0.4562708920184957
71004,5,global_lstm,0.456785961164641,0.6913954638935621,global_lstm,0.0611721323702106,False,0.6913954638935621,0.0,seasonal_ar1_null,0.5281204851858666,True,0.3034703046705405,-0.3879251592230216,seasonal_ar1_null,0.5385636771120736,True,0.3034703046705405,-0.3879251592230216,seasonal_ar1_null,0.6395070295813332,True,0.3034703046705405,-0.3879251592230216,global_lstm,0.05439391681564487,False,0.6913954638935621,0.0
71006,4,global_lstm,0.5512715428765373,0.8939804555915568,global_lstm,0.1369072353076761,False,0.8939804555915568,0.0,seasonal_ar1_null,0.3169107950612752,True,0.1134022702826271,-0.7805781853089298,seasonal_ar1_null,0.3169107950612752,True,0.1134022702826271,-0.7805781853089298,seasonal_ar1_null,0.41107505174383174,True,0.1134022702826271,-0.7805781853089298,seasonal_ar1_null,0.16035226723139107,True,0.1134022702826271,-0.7805781853089298
71008,5,global_lstm,0.5091388566939753,1.020618668711312,global_lstm,0.0940487269327322,False,1.020618668711312,0.0,seasonal_ar1_null,0.5219187244540119,True,0.0406356351378621,-0.9799830335734498,seasonal_ar1_null,0.5219187244540121,True,0.0406356351378621,-0.9799830335734498,seasonal_climatology,0.33246705163718177,True,0.2796797040473133,-0.7409389646639986,global_lstm,0.014265774918364227,False,1.020618668711312,0.0
71014,5,global_lstm,0.5983910662867641,0.5063518503439352,global_lstm,0.3540149890166196,False,0.5063518503439352,0.0,seasonal_ar1_null,0.5301661638044219,True,0.1463673302891235,-0.35998452005481163,seasonal_ar1_null,0.5301661638044219,True,0.1463673302891235,-0.35998452005481163,seasonal_ar1_null,0.23708496713953253,True,0.1463673302891235,-0.35998452005481163,seasonal_ar1_null,0.36490987453752444,True,0.1463673302891235,-0.35998452005481163
72002,5,global_lstm,0.5250170250486967,0.8886010281868809,rrmpg_gr4j,0.0467367913164922,True,1.5180783374495046,0.6294773092626237,seasonal_ar1_null,0.3131641231004171,True,0.2140695114331193,-0.6745315167537616,seasonal_ar1_null,0.3131641231004171,True,0.2140695114331193,-0.6745315167537616,seasonal_ar1_null,0.293039802733307,True,0.2140695114331193,-0.6745315167537616,,,,,
72004,5,global_lstm,0.5620434073894708,0.9312021366210252,global_lstm,0.0883807619593561,False,0.9312021366210252,0.0,seasonal_climatology,0.2372848674119003,True,0.6681798291198898,-0.2630223075011354,seasonal_climatology,0.23728486741190036,True,0.6681798291198898,-0.2630223075011354,seasonal_climatology,0.25716025430223166,True,0.6681798291198898,-0.2630223075011354,global_lstm,0.04314698726146393,False,0.9312021366210252,0.0
72005,4,global_lstm,0.5724228722500943,0.9144569337230424,rrmpg_gr4j,0.0658923649010275,True,1.3553144385023563,0.44085750477931396,seasonal_ar1_null,0.587191435936131,True,0.121771984082969,-0.7926849496400734,seasonal_ar1_null,0.587191435936131,True,0.121771984082969,-0.7926849496400734,seasonal_ar1_null,0.5189395615245755,True,0.121771984082969,-0.7926849496400734,rrmpg_hbvedu,0.015223202798318902,True,1.3095185641832303,0.39506163046018794
72007,5,global_lstm,0.5164115337432098,0.9741319972941168,global_lstm,0.0750624847692025,False,0.9741319972941168,0.0,seasonal_ar1_null,0.5537484946407161,True,0.0609962024345892,-0.9131357948595276,seasonal_ar1_null,0.5537484946407161,True,0.0609962024345892,-0.9131357948595276,global_lstm,0.03488369991721618,False,0.9741319972941168,0.0,global_lstm,0.0866832615935419,False,0.9741319972941168,0.0
72009,5,global_lstm,0.5047805855933347,0.9257403589202648,rrmpg_gr4j,0.0846495171517098,True,1.350399437773123,0.42465907885285814,seasonal_ar1_null,0.4697977341549292,True,0.0883221501679467,-0.8374182087523181,seasonal_ar1_null,0.4697977341549292,True,0.0883221501679467,-0.8374182087523181,seasonal_ar1_null,0.11596929079341445,True,0.0883221501679467,-0.8374182087523181,global_lstm,0.09233673017814337,False,0.9257403589202648,0.0
72014,4,global_lstm,0.4142247131912406,0.9274024585415076,global_lstm,0.0992590128529339,False,0.9274024585415076,0.0,seasonal_ar1_null,0.6554708798415445,True,0.0382877214158518,-0.8891147371256558,seasonal_ar1_null,0.6554708798415445,True,0.0382877214158518,-0.8891147371256558,seasonal_ar1_null,0.7577227816843299,True,0.0382877214158518,-0.8891147371256558,global_lstm,0.054156110394309676,False,0.9274024585415076,0.0
72015,5,global_lstm,0.5226183234483675,1.151150813731851,rrmpg_gr4j,0.0099762691558372,True,1.528474673962099,0.377323860230248,seasonal_ar1_null,0.5552183238199102,True,0.0511633552613283,-1.0999874584705227,seasonal_ar1_null,0.5552183238199102,True,0.0511633552613283,-1.0999874584705227,global_lstm,0.23188981225815486,False,1.151150813731851,0.0,rrmpg_gr4j,0.06534865617583308,True,1.528474673962099,0.377323860230248
73005,5,global_lstm,0.6563727515653344,0.8362169713097554,rrmpg_gr4j,0.0818831286631104,True,0.8000550170757382,-0.036161954234017135,rrmpg_gr4j,0.5286999737368948,True,0.8000550170757382,-0.036161954234017135,rrmpg_gr4j,0.5286999737368947,True,0.8000550170757382,-0.036161954234017135,rrmpg_gr4j,0.518223481102479,True,0.8000550170757382,-0.036161954234017135,global_lstm,0.08242019104922726,False,0.8362169713097554,0.0
73009,4,global_lstm,0.5762909080637584,1.208818108354635,rrmpg_hbvedu,0.0989386820338349,True,1.401637234346605,0.19281912599197004,seasonal_ar1_null,0.6527006977409855,True,0.1884904484813625,-1.0203276598732725,seasonal_ar1_null,0.6583055871872348,True,0.1884904484813625,-1.0203276598732725,global_lstm,0.4428864764048781,False,1.208818108354635,0.0,rrmpg_hbvedu,0.006988974376438528,True,1.401637234346605,0.19281912599197004
73010,5,rrmpg_hbvedu,0.5813452745543108,1.0672958930552328,seasonal_climatology,1.037569132338854,True,1.0700558332024253,0.0027599401471924967,rrmpg_hbvedu,0.8034023444534582,False,1.0672958930552328,0.0,rrmpg_hbvedu,0.8034023444534584,False,1.0672958930552328,0.0,global_lstm,0.1384428095486766,True,0.8352261855015114,-0.23206970755372136,seasonal_ar1_null,1.0558079204574236,True,0.6749970215970089,-0.39229887145822384
73011,5,global_lstm,0.638969795135816,1.121185257130065,global_lstm,0.1297329446342613,False,1.121185257130065,0.0,seasonal_ar1_null,0.7235363425820085,True,0.2476111456220018,-0.8735741115080631,seasonal_ar1_null,0.7235363425820085,True,0.2476111456220018,-0.8735741115080631,rrmpg_gr4j,0.5073448664359672,True,1.485276184465154,0.3640909273350892,rrmpg_hbvedu,0.07121193587293273,True,1.363239821798738,0.24205456466867314
73015,5,global_lstm,0.45394142532157,0.8782791525880131,rrmpg_gr4j,0.1592253191408532,True,1.4986018375783394,0.6203226849903263,seasonal_ar1_null,0.605355495117589,True,0.088448016518371,-0.7898311360696422,seasonal_ar1_null,0.605355495117589,True,0.088448016518371,-0.7898311360696422,seasonal_ar1_null,0.7066570000097558,True,0.088448016518371,-0.7898311360696422,,,,,
75003,4,rrmpg_gr4j,0.6261962032672741,1.0026636825745354,seasonal_ar1_null,1.270008079268206,True,0.5795188676680844,-0.42314481490645106,rrmpg_gr4j,0.4711883542927533,False,1.0026636825745354,0.0,rrmpg_gr4j,0.4711883542927533,False,1.0026636825745354,0.0,rrmpg_hbvedu,0.988167885371787,True,1.0689334138137936,0.06626973123925817,seasonal_ar1_null,0.7292173973215594,True,0.5795188676680844,-0.42314481490645106
75004,4,rrmpg_gr4j,0.554383588942166,1.3024442924381203,seasonal_ar1_null,0.3520449226542103,True,0.374175381024214,-0.9282689114139063,global_lstm,0.1350973600784447,True,0.8599479557916184,-0.4424963366465019,global_lstm,0.13509736007844464,True,0.8599479557916184,-0.4424963366465019,global_lstm,0.3593635564316815,True,0.8599479557916184,-0.4424963366465019,seasonal_ar1_null,0.12780932814730517,True,0.374175381024214,-0.9282689114139063
75017,5,global_lstm,0.572592185133284,0.7961978979305122,global_lstm,0.0847312239475258,False,0.7961978979305122,0.0,seasonal_climatology,0.3000958975727331,True,0.2689971837355074,-0.5272007141950048,seasonal_climatology,0.30009589757273314,True,0.2689971837355074,-0.5272007141950048,seasonal_climatology,0.30009589757273314,True,0.2689971837355074,-0.5272007141950048,global_lstm,0.025308230915395802,False,0.7961978979305122,0.0
76003,5,rrmpg_gr4j,0.8479673505433798,0.0670864324496666,rrmpg_gr4j,0.3268090121835524,False,0.0670864324496666,0.0,seasonal_ar1_null,0.1951623157013177,True,0.2347965597349803,0.1677101272853137,seasonal_ar1_null,0.1951623157013177,True,0.2347965597349803,0.1677101272853137,global_lstm,0.16736492505198197,True,0.1293792245140659,0.06229279206439929,rrmpg_gr4j,0.18286777008891342,False,0.0670864324496666,0.0
76005,4,global_lstm,0.5552061956197418,0.8311634150624088,global_lstm,0.1079988280608956,False,0.8311634150624088,0.0,seasonal_ar1_null,0.529677765494022,True,0.0507922121579549,-0.7803712029044538,seasonal_ar1_null,0.5296777654940218,True,0.0507922121579549,-0.7803712029044538,seasonal_ar1_null,0.6213886130700773,True,0.0507922121579549,-0.7803712029044538,global_lstm,0.04392036260735188,False,0.8311634150624088,0.0
76007,4,global_lstm,0.5911699257275299,0.9447365986074986,seasonal_ar1_null,0.4296037301875883,True,0.0421525416103136,-0.902584056997185,seasonal_ar1_null,0.4580687573086859,True,0.0421525416103136,-0.902584056997185,seasonal_ar1_null,0.4580687573086858,True,0.0421525416103136,-0.902584056997185,rrmpg_gr4j,0.062417884950139,True,1.2724073169302683,0.3276707183227697,seasonal_ar1_null,0.1065616668490954,True,0.0421525416103136,-0.902584056997185
76014,5,global_lstm,0.4851966928240794,1.192632074318147,global_lstm,0.2263290295642682,False,1.192632074318147,0.0,seasonal_ar1_null,0.4536887690573187,True,0.1080729984769891,-1.084559075841158,seasonal_ar1_null,0.4604814226884828,True,0.1080729984769891,-1.084559075841158,seasonal_ar1_null,0.10243676270927238,True,0.1080729984769891,-1.084559075841158,global_lstm,0.1235639687722786,False,1.192632074318147,0.0
77002,4,global_lstm,0.6108647935914397,1.1247399079367204,global_lstm,0.1375357607748979,False,1.1247399079367204,0.0,seasonal_ar1_null,0.5639706613490927,True,0.0470148759431394,-1.077725031993581,seasonal_ar1_null,0.5639706613490928,True,0.0470148759431394,-1.077725031993581,seasonal_ar1_null,0.5565998297642185,True,0.0470148759431394,-1.077725031993581,,,,,
77004,5,global_lstm,0.4652628036073295,1.333839608520126,seasonal_climatology,0.1388615238358051,True,0.8122211043991308,-0.5216185041209953,seasonal_climatology,0.4975270589668877,True,0.8122211043991308,-0.5216185041209953,seasonal_climatology,0.49752705896688776,True,0.8122211043991308,-0.5216185041209953,global_lstm,0.32317284164074,False,1.333839608520126,0.0,rrmpg_gr4j,0.21717659951146595,True,1.5235611167884846,0.18972150826835854
78003,5,global_lstm,0.5731047192479375,1.072776456439416,rrmpg_gr4j,0.178007163525862,True,1.2782359583321463,0.20545950189273032,seasonal_ar1_null,0.3556999782629247,True,0.1662658525673728,-0.9065106038720432,seasonal_ar1_null,0.35357692707435673,True,0.1662658525673728,-0.9065106038720432,global_lstm,0.2507336108594318,False,1.072776456439416,0.0,rrmpg_gr4j,0.014110755003188036,True,1.2782359583321463,0.20545950189273032
78004,4,global_lstm,0.4412504178414256,1.2412925192188269,global_lstm,0.0712002089440144,False,1.2412925192188269,0.0,seasonal_ar1_null,0.6158939900624729,True,0.0015036662079671,-1.2397888530108598,seasonal_ar1_null,0.6158939900624729,True,0.0015036662079671,-1.2397888530108598,rrmpg_gr4j,0.46345444187548335,True,1.475173704070578,0.23388118485175102,global_lstm,0.010765423495046389,False,1.2412925192188269,0.0
78006,4,global_lstm,0.5009866455530967,1.233129844818075,rrmpg_gr4j,0.204906841692986,True,1.4633881398713822,0.2302582950533072,seasonal_ar1_null,0.58562294537171,True,0.0509083562836934,-1.1822214885343816,seasonal_ar1_null,0.5991064606176759,True,0.0509083562836934,-1.1822214885343816,,,,,,,,,,
79002,5,global_lstm,0.5866027912958112,1.1071260433209045,seasonal_climatology,0.1399435799820473,True,0.9505078331313572,-0.15661821018954725,seasonal_climatology,0.4047898045674746,True,0.9505078331313572,-0.15661821018954725,seasonal_climatology,0.4047898045674746,True,0.9505078331313572,-0.15661821018954725,global_lstm,0.33471817613099797,False,1.1071260433209045,0.0,global_lstm,0.2530049959614876,False,1.1071260433209045,0.0
79003,4,global_lstm,0.5851798403929641,1.177267963771725,seasonal_ar1_null,0.2978373053109594,True,0.0345807417594861,-1.1426872220122388,seasonal_ar1_null,0.3007987885843076,True,0.0345807417594861,-1.1426872220122388,seasonal_ar1_null,0.31962867579866305,True,0.0345807417594861,-1.1426872220122388,rrmpg_gr4j,0.08852246122602714,True,1.402820855132255,0.22555289136053003,seasonal_ar1_null,0.0382619318988755,True,0.0345807417594861,-1.1426872220122388
79004,4,global_lstm,0.6064451364677237,1.172818519064315,global_lstm,0.106334459549817,False,1.172818519064315,0.0,seasonal_ar1_null,0.6960626185547774,True,0.0567711153968548,-1.1160474036674601,seasonal_ar1_null,0.6960626185547774,True,0.0567711153968548,-1.1160474036674601,,,,,,,,,,
79005,4,global_lstm,0.5757684722710341,1.1065218106746668,rrmpg_gr4j,0.0336789021142478,True,1.304731722201611,0.19820991152694423,seasonal_ar1_null,0.5171141566506633,True,0.0645499315307815,-1.0419718791438852,seasonal_ar1_null,0.5174837347063337,True,0.0645499315307815,-1.0419718791438852,rrmpg_hbvedu,0.2431770937118682,True,1.2583447098444382,0.15182289916977143,rrmpg_gr4j,0.08407142114797739,True,1.304731722201611,0.19820991152694423
79006,4,global_lstm,0.6007373544910178,1.1804746233087515,rrmpg_gr4j,0.1855361742936703,True,1.4398431306809027,0.2593685073721512,seasonal_ar1_null,0.4136981488838701,True,0.0042086511763104,-1.176265972132441,seasonal_ar1_null,0.41369814888387013,True,0.0042086511763104,-1.176265972132441,global_lstm,0.3960953169887048,False,1.1804746233087515,0.0,,,,,
80002,4,rrmpg_hbvedu,0.5877441459402264,1.0966932959572735,seasonal_ar1_null,0.3466628050237444,True,0.009333060606609,-1.0873602353506644,global_lstm,0.1805835346284086,True,0.9884748548739304,-0.10821844108334311,global_lstm,0.1805835346284086,True,0.9884748548739304,-0.10821844108334311,seasonal_ar1_null,0.2335874971849562,True,0.009333060606609,-1.0873602353506644,seasonal_ar1_null,0.21725202499920782,True,0.009333060606609,-1.0873602353506644
80006,4,rrmpg_gr4j,0.3022213319547114,1.422134953403646,seasonal_ar1_null,0.629929482416717,True,0.5017898743760587,-0.9203450790275873,rrmpg_gr4j,0.2497784651376062,False,1.422134953403646,0.0,rrmpg_gr4j,0.24977846513760626,False,1.422134953403646,0.0,rrmpg_gr4j,0.4619637023727201,False,1.422134953403646,0.0,,,,,
8005,4,rrmpg_hbvedu,0.4488887925947468,1.1662993458754467,seasonal_ar1_null,0.7487676270470917,True,0.0711448989863409,-1.095154446889106,global_lstm,0.2758342520902851,True,1.0507556987549598,-0.11554364712048693,seasonal_ar1_null,0.4313220664423374,True,0.0711448989863409,-1.095154446889106,seasonal_ar1_null,0.170507445693722,True,0.0711448989863409,-1.095154446889106,seasonal_ar1_null,0.1838324316237041,True,0.0711448989863409,-1.095154446889106
8011,4,global_lstm,0.3430908691939996,1.076626569806317,rrmpg_gr4j,0.0666651472022301,True,1.469306321225844,0.3926797514195268,seasonal_ar1_null,0.441022121740627,True,0.2897418110501742,-0.7868847587561429,global_lstm,0.2708197819860336,False,1.076626569806317,0.0,global_lstm,0.10981695227493371,False,1.076626569806317,0.0,,,,,
81002,5,global_lstm,0.5230070875399051,1.325762219418626,rrmpg_gr4j,0.3515390027999208,True,1.5108763524632762,0.1851141330446502,seasonal_ar1_null,0.3904178674827255,True,0.0465022056197471,-1.279260013798879,seasonal_ar1_null,0.39041786748272556,True,0.0465022056197471,-1.279260013798879,global_lstm,0.33682872011602694,False,1.325762219418626,0.0,seasonal_ar1_null,0.07473253572132976,True,0.0465022056197471,-1.279260013798879
81004,4,rrmpg_hbvedu,0.5641516134021154,1.4244180193663505,seasonal_ar1_null,0.4135001938740955,True,0.0094442082586381,-1.4149738111077124,global_lstm,0.3478916777884272,True,1.319309884722155,-0.10510813464419555,global_lstm,0.34789167778842733,True,1.319309884722155,-0.10510813464419555,global_lstm,0.199613824525547,True,1.319309884722155,-0.10510813464419555,,,,,
82001,4,global_lstm,0.6193025225301576,1.1783504853570523,rrmpg_gr4j,0.2101170174063849,True,1.5087738193172466,0.3304233339601943,seasonal_ar1_null,0.2591367613075885,True,0.0750843191837288,-1.1032661661733236,seasonal_ar1_null,0.25913676130758856,True,0.0750843191837288,-1.1032661661733236,seasonal_ar1_null,0.1826779502157847,True,0.0750843191837288,-1.1032661661733236,,,,,
82003,4,global_lstm,0.5363749965253557,1.3754530487878274,seasonal_ar1_null,0.4176556820732762,True,0.0104533091983451,-1.3649997395894822,seasonal_ar1_null,0.3944023084699739,True,0.0104533091983451,-1.3649997395894822,seasonal_ar1_null,0.40376268338357435,True,0.0104533091983451,-1.3649997395894822,seasonal_ar1_null,0.10264865551783775,True,0.0104533091983451,-1.3649997395894822,,,,,
83006,4,global_lstm,0.4815793461167312,1.3849947639839988,seasonal_ar1_null,0.2919993527742959,True,0.014622684548646,-1.3703720794353529,seasonal_ar1_null,0.2554522685014946,True,0.014622684548646,-1.3703720794353529,seasonal_ar1_null,0.27197092661114064,True,0.014622684548646,-1.3703720794353529,seasonal_ar1_null,0.12673235947834716,True,0.014622684548646,-1.3703720794353529,,,,,
83007,4,global_lstm,0.7399835224599358,0.3579639561466186,global_lstm,0.4018719750437839,False,0.3579639561466186,0.0,seasonal_ar1_null,0.4193381991267377,True,0.0033851052720192,-0.3545788508745994,seasonal_ar1_null,0.4193381991267377,True,0.0033851052720192,-0.3545788508745994,rrmpg_hbvedu,0.3411147407521794,True,0.4519604260850121,0.0939964699383935,seasonal_ar1_null,0.30024916373660493,True,0.0033851052720192,-0.3545788508745994
83009,4,global_lstm,0.5030539255928579,1.362148243354652,global_lstm,0.1822516066545306,False,1.362148243354652,0.0,seasonal_ar1_null,0.4702464068784259,True,0.0882472506328149,-1.273900992721837,seasonal_ar1_null,0.4702464068784259,True,0.0882472506328149,-1.273900992721837,seasonal_ar1_null,0.4623718729443318,True,0.0882472506328149,-1.273900992721837,,,,,
83010,4,global_lstm,0.50248985327228,1.3902339867526612,global_lstm,0.3507218725188455,False,1.3902339867526612,0.0,seasonal_ar1_null,0.3550052448963318,True,0.0102335560519633,-1.3800004307006979,seasonal_ar1_null,0.3613289891076179,True,0.0102335560519633,-1.3800004307006979,seasonal_ar1_null,0.5042373921579161,True,0.0102335560519633,-1.3800004307006979,,,,,
84004,4,global_lstm,0.5809656007047482,1.12524510825089,rrmpg_gr4j,0.1167824852510945,True,1.5393611363112236,0.41411602806033354,seasonal_ar1_null,0.4152390967485717,True,0.0259128009231382,-1.099332307327752,seasonal_ar1_null,0.41523909674857173,True,0.0259128009231382,-1.099332307327752,seasonal_ar1_null,0.40686912769117045,True,0.0259128009231382,-1.099332307327752,,,,,
84005,5,rrmpg_hbvedu,0.5618809258899746,1.25174872361216,seasonal_ar1_null,0.5438030569163171,True,0.0115927551840112,-1.240155968428149,global_lstm,0.5383297594668152,True,1.1459116266289375,-0.10583709698322252,global_lstm,0.538329759466815,True,1.1459116266289375,-0.10583709698322252,seasonal_ar1_null,0.3664042591169592,True,0.0115927551840112,-1.240155968428149,,,,,
84008,4,global_lstm,0.5205457846471895,1.163939243937662,rrmpg_hbvedu,0.1694157802605987,True,1.2625254097618668,0.09858616582420487,seasonal_ar1_null,0.5200173394271281,True,0.0472554596970596,-1.1166837842406023,seasonal_ar1_null,0.539473764353646,True,0.0472554596970596,-1.1166837842406023,seasonal_ar1_null,0.4844999671461787,True,0.0472554596970596,-1.1166837842406023,,,,,
84009,4,global_lstm,0.479779050115807,1.2145804097459372,rrmpg_hbvedu,0.1682282952488638,True,1.2753494203423634,0.060769010596426254,seasonal_ar1_null,0.538661592476078,True,0.0879730016708087,-1.1266074080751285,seasonal_ar1_null,0.538661592476078,True,0.0879730016708087,-1.1266074080751285,seasonal_ar1_null,0.16302533326216428,True,0.0879730016708087,-1.1266074080751285,,,,,
84013,4,global_lstm,0.5807273049415638,1.1487140117515795,seasonal_ar1_null,0.456900460603129,True,0.1228459446804963,-1.0258680670710831,rrmpg_gr4j,0.4503931690320938,True,1.221488087630202,0.07277407587862239,rrmpg_gr4j,0.4503931690320938,True,1.221488087630202,0.07277407587862239,seasonal_ar1_null,0.3633516169055586,True,0.1228459446804963,-1.0258680670710831,seasonal_ar1_null,0.13325950419922372,True,0.1228459446804963,-1.0258680670710831
84014,4,global_lstm,0.5203800902037232,1.291591811258775,global_lstm,0.3572015442481054,False,1.291591811258775,0.0,seasonal_ar1_null,0.4343368241717815,True,0.0360848479013991,-1.2555069633573759,seasonal_ar1_null,0.447913076279005,True,0.0360848479013991,-1.2555069633573759,seasonal_ar1_null,0.4320241780556823,True,0.0360848479013991,-1.2555069633573759,seasonal_ar1_null,0.2727088228460395,True,0.0360848479013991,-1.2555069633573759
84017,4,rrmpg_hbvedu,0.5487844975161575,1.2314518294847712,seasonal_ar1_null,0.4707936968323962,True,0.1734644057403805,-1.0579874237443907,global_lstm,0.2975390448318892,True,1.092206178860559,-0.13924565062421213,global_lstm,0.2878299419916046,True,1.092206178860559,-0.13924565062421213,seasonal_ar1_null,0.45118988473472355,True,0.1734644057403805,-1.0579874237443907,,,,,
84018,4,global_lstm,0.5699740895096046,1.1304009497624985,rrmpg_gr4j,0.2333084333913084,True,1.4071393700608903,0.2767384202983918,seasonal_ar1_null,0.3142883571438655,True,0.112370261484097,-1.0180306882784016,seasonal_ar1_null,0.3125014723955365,True,0.112370261484097,-1.0180306882784016,global_lstm,0.27482900895415296,False,1.1304009497624985,0.0,,,,,
84019,4,rrmpg_gr4j,0.60627023475227,0.9398333543491038,rrmpg_gr4j,0.3336689735021997,False,0.9398333543491038,0.0,seasonal_ar1_null,0.5157438305958051,True,0.0308403057190401,-0.9089930486300637,seasonal_ar1_null,0.5224217891218964,True,0.0308403057190401,-0.9089930486300637,seasonal_ar1_null,0.6414519136240227,True,0.0308403057190401,-0.9089930486300637,seasonal_ar1_null,0.3038405128265391,True,0.0308403057190401,-0.9089930486300637
84026,5,global_lstm,0.5482515658102999,1.201885999803764,seasonal_ar1_null,0.2884145662144743,True,0.0372612138103929,-1.1646247859933712,seasonal_ar1_null,0.2639137809052455,True,0.0372612138103929,-1.1646247859933712,seasonal_ar1_null,0.26391378090524553,True,0.0372612138103929,-1.1646247859933712,seasonal_ar1_null,0.2826634796973684,True,0.0372612138103929,-1.1646247859933712,seasonal_ar1_null,0.07321834662758087,True,0.0372612138103929,-1.1646247859933712
84030,4,global_lstm,0.5121867466429626,1.3835791038851937,seasonal_ar1_null,0.4805780837589842,True,0.0663551582306813,-1.3172239456545123,seasonal_ar1_null,0.486915111834611,True,0.0663551582306813,-1.3172239456545123,seasonal_ar1_null,0.48826510863292544,True,0.0663551582306813,-1.3172239456545123,seasonal_ar1_null,0.4546200650701131,True,0.0663551582306813,-1.3172239456545123,,,,,
85001,4,rrmpg_hbvedu,0.3677023477409298,0.9831755735784922,seasonal_ar1_null,0.4118283227725682,True,0.0986487726165447,-0.8845268009619475,rrmpg_gr4j,0.4486926705107713,True,0.955766048260882,-0.027409525317610206,rrmpg_gr4j,0.44869267051077144,True,0.955766048260882,-0.027409525317610206,rrmpg_gr4j,0.3306804297294841,True,0.955766048260882,-0.027409525317610206,,,,,
85002,4,global_lstm,0.5582842311380937,1.2336417163855418,rrmpg_gr4j,0.0173681054634897,True,1.4620162151540104,0.2283744987684686,seasonal_ar1_null,0.4214948629300201,True,0.0729961459911573,-1.1606455703943845,seasonal_ar1_null,0.42149486293002014,True,0.0729961459911573,-1.1606455703943845,rrmpg_gr4j,0.10703052066021179,True,1.4620162151540104,0.2283744987684686,rrmpg_gr4j,0.1194213169626267,True,1.4620162151540104,0.2283744987684686
85004,4,global_lstm,0.5050211390256918,1.273052345232662,global_lstm,0.2103988042319611,False,1.273052345232662,0.0,seasonal_ar1_null,0.4351729386942401,True,0.0880990193337474,-1.1849533258989147,seasonal_ar1_null,0.4351729386942401,True,0.0880990193337474,-1.1849533258989147,global_lstm,0.2263556394146347,False,1.273052345232662,0.0,seasonal_climatology,0.055272544682533065,True,0.0102666662535226,-1.2627856789791394
89007,4,global_lstm,0.5494628870372698,0.7899287953635993,global_lstm,0.2423877754222545,False,0.7899287953635993,0.0,seasonal_climatology,0.4883748253512785,True,1.2951729528071552,0.5052441574435559,seasonal_climatology,0.4883748253512785,True,1.2951729528071552,0.5052441574435559,seasonal_ar1_null,0.42649489843512645,True,0.6824444091778966,-0.10748438618570266,,,,,
9002,4,global_lstm,0.5419056114581611,0.6627996215649783,rrmpg_gr4j,0.0271401620293156,True,1.4626588473249806,0.7998592257600023,seasonal_ar1_null,0.4437418500313334,True,0.269675658151045,-0.3931239634139333,seasonal_ar1_null,0.35748113911133506,True,0.269675658151045,-0.3931239634139333,rrmpg_gr4j,0.02988933491204382,True,1.4626588473249806,0.7998592257600023,,,,,
9003,4,global_lstm,0.5228321439355084,0.6863072348309509,global_lstm,0.2567893600850783,False,0.6863072348309509,0.0,seasonal_ar1_null,0.3865011251729261,True,0.166018750442124,-0.5202884843888269,seasonal_ar1_null,0.6766950782814823,True,0.166018750442124,-0.5202884843888269,global_lstm,0.43985878985946303,False,0.6863072348309509,0.0,,,,,
9004,5,rrmpg_hbvedu,0.409522401710808,0.8618915704405617,global_lstm,0.169570410424986,True,0.4153451256861059,-0.4465464447544559,seasonal_ar1_null,0.4151597848884467,True,0.1831625066351671,-0.6787290638053947,seasonal_climatology,0.07211108728984478,True,1.3454975052494078,0.48360593480884606,seasonal_climatology,0.1707230119121398,True,1.3454975052494078,0.48360593480884606,seasonal_ar1_null,0.41180727460421607,True,0.1831625066351671,-0.6787290638053947
92001,4,rrmpg_gr4j,0.1132713978578859,1.224422241002938,seasonal_ar1_null,1.1952004860749994,True,0.6411922756958474,-0.5832299653070906,rrmpg_hbvedu,0.2847237438730401,True,1.3258912530355793,0.10146901203264136,rrmpg_hbvedu,0.2847237438730401,True,1.3258912530355793,0.10146901203264136,rrmpg_hbvedu,0.36402969711529254,True,1.3258912530355793,0.10146901203264136,,,,,
94001,4,rrmpg_gr4j,0.4997537465851136,0.9074290101601408,seasonal_ar1_null,1.1974791131764202,True,0.4659656258513767,-0.4414633843087641,rrmpg_hbvedu,0.2174657432033491,True,1.1777076749638054,0.2702786648036646,rrmpg_hbvedu,0.2174657432033491,True,1.1777076749638054,0.2702786648036646,rrmpg_hbvedu,0.620026471288045,True,1.1777076749638054,0.2702786648036646,,,,,
95001,5,rrmpg_hbvedu,0.3934891492350716,1.1205490720518931,seasonal_ar1_null,0.1586053922631429,True,0.2642301684215331,-0.85631890363036,global_lstm,0.341056750709432,True,0.9096748341153004,-0.21087423793659277,global_lstm,0.34441344762912296,True,0.9096748341153004,-0.21087423793659277,seasonal_ar1_null,0.17472215976749572,True,0.2642301684215331,-0.85631890363036,,,,,
96002,5,rrmpg_hbvedu,0.5369236355063927,1.373525991824437,seasonal_ar1_null,0.4068222493505227,True,0.3050972692657988,-1.0684287225586382,global_lstm,0.3096468482993334,True,1.344033475974895,-0.029492515849541823,global_lstm,0.30964684829933364,True,1.344033475974895,-0.029492515849541823,seasonal_ar1_null,0.32486384473221874,True,0.3050972692657988,-1.0684287225586382,,,,,
